worker_id,sequence,latency_us,success,status_code
0,0,64336,1,0
0,1,99478,1,0
0,2,18546,1,0
0,3,12224,1,0
0,4,15357,1,0
0,5,21734,1,0
0,6,12821,1,0
0,7,13533,1,0
0,8,48742,1,0
0,9,24941,1,0
0,10,12810,1,0
0,11,10809,1,0
0,12,13713,1,0
0,13,12933,1,0
0,14,13426,1,0
0,15,9873,1,0
0,16,13952,1,0
0,17,14449,1,0
0,18,12568,1,0
0,19,12824,1,0
0,20,11998,1,0
0,21,20338,1,0
0,22,15788,1,0
0,23,11718,1,0
0,24,12205,1,0
0,25,10541,1,0
0,26,11921,1,0
0,27,13178,1,0
0,28,11940,1,0
0,29,14805,1,0
0,30,88721,1,0
0,31,13755,1,0
0,32,13296,1,0
0,33,12273,1,0
0,34,10619,1,0
0,35,196274,1,0
0,36,99021,1,0
0,37,12426,1,0
0,38,12350,1,0
0,39,13081,1,0
0,40,106650,1,0
0,41,57119,1,0
0,42,10214,1,0
0,43,13233,1,0
0,44,11240,1,0
0,45,160024,1,0
0,46,233331,1,0
0,47,163285,1,0
0,48,104369,1,0
0,49,26463,1,0
0,50,12682,1,0
0,51,13572,1,0
0,52,12451,1,0
0,53,10990,1,0
0,54,11974,1,0
0,55,12005,1,0
0,56,13978,1,0
0,57,257207,1,0
0,58,276502,1,0
0,59,228354,1,0
0,60,73552,1,0
0,61,9442,1,0
0,62,72937,1,0
0,63,38942,1,0
0,64,10527,1,0
0,65,24725,1,0
0,66,586896,1,0
0,67,871727,1,0
0,68,954744,1,0
0,69,863716,1,0
0,70,831630,1,0
0,71,765955,1,0
0,72,741829,1,0
0,73,728463,1,0
0,74,644618,1,0
0,75,544615,1,0
0,76,463297,1,0
0,77,590408,1,0
0,78,941844,1,0
0,79,773311,1,0
0,80,612631,1,0
0,81,419168,1,0
0,82,205120,1,0
0,83,275790,1,0
0,84,255363,1,0
0,85,118071,1,0
0,86,10559,1,0
0,87,11742,1,0
0,88,12248,1,0
0,89,71471,1,0
0,90,12944,1,0
0,91,22704,1,0
0,92,14057,1,0
0,93,32243,1,0
0,94,329682,1,0
0,95,183895,1,0
0,96,13723,1,0
0,97,12647,1,0
0,98,12834,1,0
0,99,95673,1,0
0,100,10500,1,0
0,101,12615,1,0
0,102,11884,1,0
0,103,12777,1,0
0,104,99852,1,0
0,105,12920,1,0
0,106,12398,1,0
0,107,10802,1,0
0,108,13137,1,0
0,109,52578,1,0
0,110,13996,1,0
0,111,11577,1,0
0,112,516744,1,0
0,113,574502,1,0
0,114,579957,1,0
0,115,461103,1,0
0,116,326429,1,0
0,117,530028,1,0
0,118,425590,1,0
0,119,290266,1,0
0,120,143013,1,0
0,121,10785,1,0
0,122,61615,1,0
0,123,16954,1,0
0,124,12643,1,0
0,125,10819,1,0
0,126,12171,1,0
0,127,9770,1,0
0,128,51851,1,0
0,129,11361,1,0
0,130,11169,1,0
0,131,11891,1,0
0,132,13388,1,0
0,133,80917,1,0
0,134,9537,1,0
0,135,12826,1,0
0,136,10713,1,0
0,137,13076,1,0
0,138,92885,1,0
0,139,10123,1,0
0,140,10687,1,0
0,141,9576,1,0
0,142,9981,1,0
0,143,15474,1,0
0,144,193252,1,0
0,145,99129,1,0
0,146,11768,1,0
0,147,10548,1,0
0,148,13441,1,0
0,149,10232,1,0
0,150,11015,1,0
0,151,10342,1,0
0,152,10363,1,0
0,153,39707,1,0
0,154,10721,1,0
0,155,14105,1,0
0,156,10955,1,0
0,157,12327,1,0
0,158,11971,1,0
0,159,13742,1,0
0,160,52533,1,0
0,161,10579,1,0
0,162,9628,1,0
0,163,10136,1,0
0,164,9153,1,0
0,165,16763,1,0
0,166,10643,1,0
0,167,9921,1,0
0,168,9781,1,0
0,169,10766,1,0
0,170,12819,1,0
0,171,9178,1,0
0,172,12156,1,0
0,173,11840,1,0
0,174,12150,1,0
0,175,64475,1,0
0,176,11479,1,0
0,177,9881,1,0
0,178,9740,1,0
0,179,10209,1,0
0,180,49418,1,0
0,181,10251,1,0
0,182,12570,1,0
0,183,12702,1,0
0,184,10466,1,0
0,185,19822,1,0
0,186,64359,1,0
0,187,9978,1,0
0,188,10517,1,0
0,189,10163,1,0
0,190,10075,1,0
0,191,68220,1,0
0,192,11994,1,0
0,193,9906,1,0
0,194,9620,1,0
0,195,9584,1,0
0,196,48206,1,0
0,197,9858,1,0
0,198,9575,1,0
0,199,11038,1,0
0,200,9881,1,0
0,201,56687,1,0
0,202,10408,1,0
0,203,12679,1,0
0,204,9759,1,0
0,205,8649,1,0
0,206,45890,1,0
0,207,9553,1,0
0,208,11824,1,0
0,209,12387,1,0
0,210,10606,1,0
0,211,22174,1,0
0,212,11704,1,0
0,213,11821,1,0
0,214,13115,1,0
0,215,11808,1,0
0,216,10659,1,0
0,217,12214,1,0
0,218,9967,1,0
0,219,10407,1,0
0,220,11437,1,0
0,221,32600,1,0
0,222,9314,1,0
0,223,11714,1,0
0,224,12410,1,0
0,225,12598,1,0
0,226,237958,1,0
0,227,256013,1,0
0,228,164316,1,0
0,229,23967,1,0
0,230,9723,1,0
0,231,11023,1,0
0,232,8477,1,0
0,233,11552,1,0
0,234,10495,1,0
0,235,14187,1,0
0,236,73798,1,0
0,237,209829,1,0
0,238,37807,1,0
0,239,10990,1,0
0,240,13513,1,0
0,241,10611,1,0
0,242,36686,1,0
0,243,10402,1,0
0,244,11818,1,0
0,245,13305,1,0
0,246,12524,1,0
0,247,43001,1,0
0,248,10485,1,0
0,249,9997,1,0
0,250,11394,1,0
0,251,9511,1,0
0,252,31583,1,0
0,253,11682,1,0
0,254,12339,1,0
0,255,13065,1,0
0,256,13058,1,0
0,257,51183,1,0
0,258,18592,1,0
0,259,12791,1,0
0,260,10789,1,0
0,261,12353,1,0
0,262,116426,1,0
0,263,555136,1,0
0,264,106412,1,0
0,265,9178,1,0
0,266,9395,1,0
0,267,10823,1,0
0,268,40322,1,0
0,269,10426,1,0
0,270,10049,1,0
0,271,11534,1,0
0,272,11023,1,0
0,273,10630,1,0
0,274,12344,1,0
0,275,9671,1,0
0,276,10498,1,0
0,277,10008,1,0
0,278,44036,1,0
0,279,9741,1,0
0,280,12388,1,0
0,281,9962,1,0
0,282,13117,1,0
0,283,9083,1,0
0,284,10163,1,0
0,285,12923,1,0
0,286,10728,1,0
0,287,68454,1,0
0,288,10102,1,0
0,289,15352,1,0
0,290,9897,1,0
0,291,12475,1,0
0,292,18498,1,0
0,293,123982,1,0
0,294,13354,1,0
0,295,11022,1,0
0,296,13090,1,0
0,297,10066,1,0
0,298,20213,1,0
0,299,9947,1,0
0,300,12969,1,0
0,301,11778,1,0
0,302,9933,1,0
0,303,12924,1,0
0,304,13495,1,0
0,305,12186,1,0
0,306,35199,1,0
0,307,182998,1,0
0,308,554190,1,0
0,309,625080,1,0
0,310,544115,1,0
0,311,899155,1,0
0,312,714625,1,0
0,313,508641,1,0
0,314,492298,1,0
0,315,365187,1,0
0,316,246180,1,0
0,317,342973,1,0
0,318,221878,1,0
0,319,61446,1,0
0,320,11512,1,0
0,321,9859,1,0
0,322,12467,1,0
0,323,10454,1,0
0,324,10466,1,0
0,325,74427,1,0
0,326,32674,1,0
0,327,10889,1,0
0,328,12113,1,0
0,329,13942,1,0
0,330,61135,1,0
0,331,13122,1,0
0,332,121463,1,0
0,333,41078,1,0
0,334,11863,1,0
0,335,11633,1,0
0,336,33296,1,0
0,337,11214,1,0
0,338,12228,1,0
0,339,9945,1,0
0,340,12290,1,0
0,341,38400,1,0
0,342,10000,1,0
0,343,13682,1,0
0,344,11103,1,0
0,345,11056,1,0
0,346,20728,1,0
0,347,13369,1,0
0,348,22517,1,0
0,349,12562,1,0
0,350,49545,1,0
0,351,54024,1,0
0,352,128711,1,0
0,353,46408,1,0
0,354,9653,1,0
0,355,10973,1,0
0,356,10375,1,0
0,357,22938,1,0
0,358,9067,1,0
0,359,8787,1,0
0,360,9464,1,0
0,361,10387,1,0
0,362,48175,1,0
0,363,10740,1,0
0,364,9404,1,0
0,365,10848,1,0
0,366,13611,1,0
0,367,82252,1,0
0,368,10592,1,0
0,369,10317,1,0
0,370,13063,1,0
0,371,11620,1,0
0,372,10422,1,0
0,373,11609,1,0
0,374,12411,1,0
0,375,14087,1,0
0,376,11195,1,0
0,377,47367,1,0
0,378,82977,1,0
0,379,11580,1,0
0,380,9768,1,0
0,381,10627,1,0
0,382,9465,1,0
0,383,33762,1,0
0,384,11263,1,0
0,385,13046,1,0
0,386,11296,1,0
0,387,9397,1,0
0,388,35850,1,0
0,389,13519,1,0
0,390,11681,1,0
0,391,10057,1,0
0,392,10178,1,0
0,393,115230,1,0
0,394,10183,1,0
0,395,9909,1,0
0,396,10462,1,0
0,397,12904,1,0
0,398,36201,1,0
0,399,12384,1,0
0,400,13105,1,0
0,401,13767,1,0
0,402,20339,1,0
0,403,24440,1,0
0,404,9733,1,0
0,405,9740,1,0
0,406,13391,1,0
0,407,11194,1,0
0,408,19165,1,0
0,409,12011,1,0
0,410,9609,1,0
0,411,9947,1,0
0,412,10875,1,0
0,413,27196,1,0
0,414,9864,1,0
0,415,10329,1,0
0,416,10761,1,0
0,417,12702,1,0
0,418,11352,1,0
0,419,14060,1,0
0,420,10932,1,0
0,421,10442,1,0
0,422,9975,1,0
0,423,26742,1,0
0,424,10783,1,0
0,425,9173,1,0
0,426,12416,1,0
0,427,13326,1,0
0,428,11601,1,0
0,429,9520,1,0
0,430,10294,1,0
0,431,10592,1,0
0,432,11669,1,0
0,433,11648,1,0
0,434,54343,1,0
0,435,320569,1,0
0,436,140236,1,0
0,437,11556,1,0
0,438,11220,1,0
0,439,12232,1,0
0,440,41880,1,0
0,441,9773,1,0
0,442,12397,1,0
0,443,12874,1,0
0,444,24322,1,0
0,445,10255,1,0
0,446,9712,1,0
0,447,10625,1,0
0,448,10685,1,0
0,449,32255,1,0
0,450,29368,1,0
0,451,10325,1,0
0,452,10128,1,0
0,453,9785,1,0
0,454,12632,1,0
0,455,9172,1,0
0,456,10941,1,0
0,457,12147,1,0
0,458,10054,1,0
0,459,32437,1,0
0,460,125578,1,0
0,461,10680,1,0
0,462,10299,1,0
0,463,13143,1,0
0,464,11854,1,0
0,465,56949,1,0
0,466,9749,1,0
0,467,10122,1,0
0,468,10526,1,0
0,469,10427,1,0
0,470,32410,1,0
0,471,198015,1,0
0,472,145601,1,0
0,473,11979,1,0
0,474,12849,1,0
0,475,9791,1,0
0,476,27061,1,0
0,477,12504,1,0
0,478,11871,1,0
0,479,14390,1,0
0,480,11669,1,0
0,481,12801,1,0
0,482,11288,1,0
0,483,12941,1,0
0,484,12486,1,0
0,485,9983,1,0
0,486,16885,1,0
0,487,10237,1,0
0,488,11382,1,0
0,489,12364,1,0
0,490,12822,1,0
0,491,15052,1,0
0,492,13792,1,0
0,493,11449,1,0
0,494,10223,1,0
0,495,12154,1,0
0,496,14209,1,0
0,497,11406,1,0
0,498,11545,1,0
0,499,11615,1,0
0,500,10632,1,0
0,501,10517,1,0
0,502,94259,1,0
0,503,14380,1,0
0,504,10398,1,0
0,505,10555,1,0
0,506,17723,1,0
0,507,12037,1,0
0,508,9746,1,0
0,509,12540,1,0
0,510,11358,1,0
0,511,10760,1,0
0,512,94287,1,0
0,513,33285,1,0
0,514,12992,1,0
0,515,12713,1,0
0,516,13811,1,0
0,517,92740,1,0
0,518,37387,1,0
0,519,10506,1,0
0,520,11981,1,0
0,521,11729,1,0
0,522,94276,1,0
0,523,9355,1,0
0,524,11414,1,0
0,525,10682,1,0
0,526,8928,1,0
0,527,45657,1,0
0,528,9448,1,0
0,529,13051,1,0
0,530,10309,1,0
0,531,13900,1,0
0,532,10236,1,0
0,533,11957,1,0
0,534,10440,1,0
0,535,11923,1,0
0,536,13375,1,0
0,537,76737,1,0
0,538,111070,1,0
0,539,11097,1,0
0,540,10966,1,0
0,541,11726,1,0
0,542,10617,1,0
0,543,14671,1,0
0,544,11674,1,0
0,545,13706,1,0
0,546,10941,1,0
0,547,9905,1,0
0,548,34978,1,0
0,549,14343,1,0
0,550,11900,1,0
0,551,10584,1,0
0,552,36260,1,0
0,553,11418,1,0
0,554,11872,1,0
0,555,9688,1,0
0,556,9702,1,0
0,557,53474,1,0
0,558,10479,1,0
0,559,20545,1,0
0,560,10699,1,0
0,561,10106,1,0
0,562,9253,1,0
0,563,9447,1,0
0,564,11268,1,0
0,565,10630,1,0
0,566,9679,1,0
0,567,13690,1,0
0,568,13752,1,0
0,569,10852,1,0
0,570,10395,1,0
0,571,9699,1,0
0,572,10279,1,0
0,573,13452,1,0
0,574,10359,1,0
0,575,10491,1,0
0,576,13502,1,0
0,577,20509,1,0
0,578,12476,1,0
0,579,9064,1,0
0,580,10679,1,0
0,581,11766,1,0
0,582,10289,1,0
0,583,8759,1,0
0,584,12764,1,0
0,585,10000,1,0
0,586,10536,1,0
0,587,10637,1,0
0,588,200522,1,0
0,589,11874,1,0
0,590,9965,1,0
0,591,9566,1,0
0,592,12872,1,0
0,593,227847,1,0
0,594,13722,1,0
0,595,13641,1,0
0,596,8729,1,0
0,597,11549,1,0
0,598,64771,1,0
0,599,16411,1,0
1,0,66537,1,0
1,1,98983,1,0
1,2,16919,1,0
1,3,11514,1,0
1,4,13712,1,0
1,5,21372,1,0
1,6,15720,1,0
1,7,13041,1,0
1,8,48636,1,0
1,9,28857,1,0
1,10,9536,1,0
1,11,14429,1,0
1,12,13599,1,0
1,13,18910,1,0
1,14,13512,1,0
1,15,12206,1,0
1,16,12698,1,0
1,17,11687,1,0
1,18,12079,1,0
1,19,9767,1,0
1,20,11275,1,0
1,21,18271,1,0
1,22,14012,1,0
1,23,12773,1,0
1,24,12213,1,0
1,25,12033,1,0
1,26,12264,1,0
1,27,14910,1,0
1,28,12154,1,0
1,29,13392,1,0
1,30,88219,1,0
1,31,12865,1,0
1,32,13657,1,0
1,33,12774,1,0
1,34,12476,1,0
1,35,202457,1,0
1,36,96521,1,0
1,37,12685,1,0
1,38,11735,1,0
1,39,12660,1,0
1,40,122809,1,0
1,41,54781,1,0
1,42,12162,1,0
1,43,11903,1,0
1,44,13005,1,0
1,45,160368,1,0
1,46,232452,1,0
1,47,166328,1,0
1,48,101819,1,0
1,49,24722,1,0
1,50,9978,1,0
1,51,11632,1,0
1,52,12591,1,0
1,53,13956,1,0
1,54,11913,1,0
1,55,12709,1,0
1,56,12752,1,0
1,57,259150,1,0
1,58,278496,1,0
1,59,230911,1,0
1,60,72587,1,0
1,61,10562,1,0
1,62,71221,1,0
1,63,36526,1,0
1,64,11562,1,0
1,65,24353,1,0
1,66,593162,1,0
1,67,887339,1,0
1,68,952564,1,0
1,69,861564,1,0
1,70,830846,1,0
1,71,766400,1,0
1,72,740937,1,0
1,73,730963,1,0
1,74,647951,1,0
1,75,544773,1,0
1,76,464192,1,0
1,77,598641,1,0
1,78,941032,1,0
1,79,771186,1,0
1,80,609179,1,0
1,81,416860,1,0
1,82,203276,1,0
1,83,272391,1,0
1,84,254142,1,0
1,85,115530,1,0
1,86,11417,1,0
1,87,12244,1,0
1,88,12388,1,0
1,89,71560,1,0
1,90,9882,1,0
1,91,22418,1,0
1,92,13500,1,0
1,93,34811,1,0
1,94,327877,1,0
1,95,181058,1,0
1,96,11548,1,0
1,97,11202,1,0
1,98,10674,1,0
1,99,92426,1,0
1,100,11812,1,0
1,101,12736,1,0
1,102,11167,1,0
1,103,11839,1,0
1,104,97026,1,0
1,105,11355,1,0
1,106,12732,1,0
1,107,11457,1,0
1,108,12323,1,0
1,109,51291,1,0
1,110,14231,1,0
1,111,11942,1,0
1,112,523829,1,0
1,113,574379,1,0
1,114,577563,1,0
1,115,461710,1,0
1,116,327870,1,0
1,117,529961,1,0
1,118,424890,1,0
1,119,288466,1,0
1,120,139947,1,0
1,121,12628,1,0
1,122,77023,1,0
1,123,16126,1,0
1,124,13129,1,0
1,125,13593,1,0
1,126,12665,1,0
1,127,10722,1,0
1,128,48120,1,0
1,129,17376,1,0
1,130,10918,1,0
1,131,11692,1,0
1,132,11696,1,0
1,133,78317,1,0
1,134,12955,1,0
1,135,9898,1,0
1,136,11618,1,0
1,137,13836,1,0
1,138,90920,1,0
1,139,11406,1,0
1,140,12712,1,0
1,141,11545,1,0
1,142,14063,1,0
1,143,13962,1,0
1,144,207762,1,0
1,145,99901,1,0
1,146,12296,1,0
1,147,10666,1,0
1,148,12314,1,0
1,149,12311,1,0
1,150,11179,1,0
1,151,12242,1,0
1,152,12127,1,0
1,153,38237,1,0
1,154,17450,1,0
1,155,11566,1,0
1,156,12751,1,0
1,157,11478,1,0
1,158,11916,1,0
1,159,13838,1,0
1,160,49709,1,0
1,161,11683,1,0
1,162,11426,1,0
1,163,12817,1,0
1,164,10559,1,0
1,165,10940,1,0
1,166,10971,1,0
1,167,11107,1,0
1,168,10973,1,0
1,169,11627,1,0
1,170,8527,1,0
1,171,10632,1,0
1,172,12162,1,0
1,173,9824,1,0
1,174,9465,1,0
1,175,60893,1,0
1,176,11590,1,0
1,177,11460,1,0
1,178,9812,1,0
1,179,11035,1,0
1,180,52458,1,0
1,181,10923,1,0
1,182,10513,1,0
1,183,12412,1,0
1,184,10492,1,0
1,185,17497,1,0
1,186,62004,1,0
1,187,10467,1,0
1,188,11432,1,0
1,189,10496,1,0
1,190,9942,1,0
1,191,64697,1,0
1,192,11011,1,0
1,193,9338,1,0
1,194,11440,1,0
1,195,10783,1,0
1,196,45192,1,0
1,197,10570,1,0
1,198,13119,1,0
1,199,9395,1,0
1,200,9408,1,0
1,201,54135,1,0
1,202,12544,1,0
1,203,11344,1,0
1,204,11366,1,0
1,205,11310,1,0
1,206,41565,1,0
1,207,10298,1,0
1,208,9679,1,0
1,209,11524,1,0
1,210,9787,1,0
1,211,19544,1,0
1,212,9420,1,0
1,213,12633,1,0
1,214,17743,1,0
1,215,10755,1,0
1,216,11574,1,0
1,217,11615,1,0
1,218,13046,1,0
1,219,11563,1,0
1,220,10492,1,0
1,221,29242,1,0
1,222,10413,1,0
1,223,13164,1,0
1,224,11168,1,0
1,225,12330,1,0
1,226,236791,1,0
1,227,254596,1,0
1,228,162169,1,0
1,229,21443,1,0
1,230,10469,1,0
1,231,11101,1,0
1,232,11645,1,0
1,233,11788,1,0
1,234,11526,1,0
1,235,14984,1,0
1,236,85143,1,0
1,237,205832,1,0
1,238,35852,1,0
1,239,12824,1,0
1,240,11565,1,0
1,241,11968,1,0
1,242,32898,1,0
1,243,11037,1,0
1,244,10692,1,0
1,245,11558,1,0
1,246,9122,1,0
1,247,40857,1,0
1,248,11236,1,0
1,249,12533,1,0
1,250,9205,1,0
1,251,8727,1,0
1,252,33373,1,0
1,253,9549,1,0
1,254,14622,1,0
1,255,10992,1,0
1,256,10628,1,0
1,257,61934,1,0
1,258,16248,1,0
1,259,11212,1,0
1,260,11177,1,0
1,261,11639,1,0
1,262,117378,1,0
1,263,313209,1,0
1,264,103921,1,0
1,265,11169,1,0
1,266,10464,1,0
1,267,10405,1,0
1,268,36760,1,0
1,269,11792,1,0
1,270,10848,1,0
1,271,9231,1,0
1,272,12039,1,0
1,273,10965,1,0
1,274,11731,1,0
1,275,11370,1,0
1,276,9726,1,0
1,277,10889,1,0
1,278,40610,1,0
1,279,9791,1,0
1,280,11624,1,0
1,281,9404,1,0
1,282,16636,1,0
1,283,9396,1,0
1,284,11155,1,0
1,285,12463,1,0
1,286,12176,1,0
1,287,67543,1,0
1,288,11323,1,0
1,289,13981,1,0
1,290,12662,1,0
1,291,15401,1,0
1,292,17713,1,0
1,293,120890,1,0
1,294,11561,1,0
1,295,12025,1,0
1,296,11959,1,0
1,297,12734,1,0
1,298,18117,1,0
1,299,11288,1,0
1,300,13007,1,0
1,301,11973,1,0
1,302,11911,1,0
1,303,13885,1,0
1,304,12340,1,0
1,305,12215,1,0
1,306,34125,1,0
1,307,182096,1,0
1,308,573081,1,0
1,309,625989,1,0
1,310,541713,1,0
1,311,896037,1,0
1,312,712887,1,0
1,313,520836,1,0
1,314,490270,1,0
1,315,364122,1,0
1,316,244301,1,0
1,317,341672,1,0
1,318,219988,1,0
1,319,57373,1,0
1,320,11347,1,0
1,321,10982,1,0
1,322,12666,1,0
1,323,14605,1,0
1,324,11330,1,0
1,325,71030,1,0
1,326,29033,1,0
1,327,12021,1,0
1,328,12424,1,0
1,329,14415,1,0
1,330,57136,1,0
1,331,11796,1,0
1,332,117102,1,0
1,333,37442,1,0
1,334,11926,1,0
1,335,12271,1,0
1,336,44943,1,0
1,337,10725,1,0
1,338,10971,1,0
1,339,12156,1,0
1,340,11972,1,0
1,341,36277,1,0
1,342,11309,1,0
1,343,13114,1,0
1,344,11280,1,0
1,345,12187,1,0
1,346,33044,1,0
1,347,12340,1,0
1,348,23131,1,0
1,349,12422,1,0
1,350,97941,1,0
1,351,52172,1,0
1,352,125173,1,0
1,353,44838,1,0
1,354,11349,1,0
1,355,12587,1,0
1,356,11139,1,0
1,357,20006,1,0
1,358,9329,1,0
1,359,10311,1,0
1,360,12591,1,0
1,361,11582,1,0
1,362,46774,1,0
1,363,12012,1,0
1,364,11290,1,0
1,365,10942,1,0
1,366,11538,1,0
1,367,78966,1,0
1,368,11748,1,0
1,369,11662,1,0
1,370,10517,1,0
1,371,11734,1,0
1,372,11393,1,0
1,373,10509,1,0
1,374,11319,1,0
1,375,11896,1,0
1,376,8853,1,0
1,377,46160,1,0
1,378,80664,1,0
1,379,12356,1,0
1,380,11705,1,0
1,381,12676,1,0
1,382,11255,1,0
1,383,29923,1,0
1,384,9426,1,0
1,385,9229,1,0
1,386,11443,1,0
1,387,12399,1,0
1,388,32336,1,0
1,389,11446,1,0
1,390,10532,1,0
1,391,9435,1,0
1,392,11810,1,0
1,393,112054,1,0
1,394,10916,1,0
1,395,9394,1,0
1,396,12164,1,0
1,397,12682,1,0
1,398,34114,1,0
1,399,11426,1,0
1,400,11276,1,0
1,401,12643,1,0
1,402,16464,1,0
1,403,37722,1,0
1,404,11826,1,0
1,405,11932,1,0
1,406,13158,1,0
1,407,10368,1,0
1,408,16292,1,0
1,409,11263,1,0
1,410,12160,1,0
1,411,16954,1,0
1,412,10745,1,0
1,413,24002,1,0
1,414,11503,1,0
1,415,9840,1,0
1,416,10410,1,0
1,417,14908,1,0
1,418,10731,1,0
1,419,12316,1,0
1,420,11465,1,0
1,421,10968,1,0
1,422,11490,1,0
1,423,24812,1,0
1,424,10872,1,0
1,425,10431,1,0
1,426,12238,1,0
1,427,13076,1,0
1,428,11720,1,0
1,429,12407,1,0
1,430,9225,1,0
1,431,11132,1,0
1,432,10546,1,0
1,433,10480,1,0
1,434,61980,1,0
1,435,318533,1,0
1,436,137154,1,0
1,437,11292,1,0
1,438,11188,1,0
1,439,12950,1,0
1,440,40165,1,0
1,441,11529,1,0
1,442,12036,1,0
1,443,9711,1,0
1,444,22184,1,0
1,445,12323,1,0
1,446,11031,1,0
1,447,12071,1,0
1,448,11761,1,0
1,449,28538,1,0
1,450,27883,1,0
1,451,9826,1,0
1,452,12767,1,0
1,453,12130,1,0
1,454,9722,1,0
1,455,10472,1,0
1,456,11923,1,0
1,457,9672,1,0
1,458,10816,1,0
1,459,29841,1,0
1,460,121622,1,0
1,461,9210,1,0
1,462,10716,1,0
1,463,9296,1,0
1,464,10116,1,0
1,465,55088,1,0
1,466,12515,1,0
1,467,12055,1,0
1,468,11498,1,0
1,469,10718,1,0
1,470,31638,1,0
1,471,210598,1,0
1,472,141933,1,0
1,473,11447,1,0
1,474,9369,1,0
1,475,12052,1,0
1,476,24646,1,0
1,477,9226,1,0
1,478,14255,1,0
1,479,12397,1,0
1,480,11025,1,0
1,481,27071,1,0
1,482,12000,1,0
1,483,11660,1,0
1,484,11996,1,0
1,485,9852,1,0
1,486,12741,1,0
1,487,10525,1,0
1,488,11400,1,0
1,489,13733,1,0
1,490,11601,1,0
1,491,18380,1,0
1,492,13474,1,0
1,493,11625,1,0
1,494,11715,1,0
1,495,11484,1,0
1,496,12747,1,0
1,497,12772,1,0
1,498,11424,1,0
1,499,11943,1,0
1,500,14668,1,0
1,501,10109,1,0
1,502,92758,1,0
1,503,12165,1,0
1,504,12160,1,0
1,505,9275,1,0
1,506,15068,1,0
1,507,13801,1,0
1,508,11793,1,0
1,509,12019,1,0
1,510,11541,1,0
1,511,13489,1,0
1,512,94379,1,0
1,513,29758,1,0
1,514,10492,1,0
1,515,8891,1,0
1,516,12350,1,0
1,517,89549,1,0
1,518,33050,1,0
1,519,12563,1,0
1,520,10746,1,0
1,521,16877,1,0
1,522,91094,1,0
1,523,9207,1,0
1,524,10922,1,0
1,525,10816,1,0
1,526,10318,1,0
1,527,42934,1,0
1,528,10027,1,0
1,529,14153,1,0
1,530,11261,1,0
1,531,14127,1,0
1,532,12421,1,0
1,533,14070,1,0
1,534,11856,1,0
1,535,11230,1,0
1,536,11110,1,0
1,537,88087,1,0
1,538,108072,1,0
1,539,10494,1,0
1,540,11459,1,0
1,541,11614,1,0
1,542,11752,1,0
1,543,13168,1,0
1,544,11272,1,0
1,545,12839,1,0
1,546,11717,1,0
1,547,12385,1,0
1,548,33094,1,0
1,549,14116,1,0
1,550,12511,1,0
1,551,10339,1,0
1,552,32171,1,0
1,553,11429,1,0
1,554,11677,1,0
1,555,9481,1,0
1,556,12991,1,0
1,557,52819,1,0
1,558,11817,1,0
1,559,19511,1,0
1,560,10488,1,0
1,561,9885,1,0
1,562,10172,1,0
1,563,12411,1,0
1,564,11104,1,0
1,565,10809,1,0
1,566,12222,1,0
1,567,10599,1,0
1,568,11270,1,0
1,569,8996,1,0
1,570,11142,1,0
1,571,10912,1,0
1,572,9238,1,0
1,573,13317,1,0
1,574,11388,1,0
1,575,11649,1,0
1,576,15039,1,0
1,577,19830,1,0
1,578,8725,1,0
1,579,9426,1,0
1,580,11972,1,0
1,581,10526,1,0
1,582,11347,1,0
1,583,10457,1,0
1,584,12130,1,0
1,585,11766,1,0
1,586,12474,1,0
1,587,13436,1,0
1,588,197605,1,0
1,589,10071,1,0
1,590,11866,1,0
1,591,8982,1,0
1,592,8783,1,0
1,593,225714,1,0
1,594,12167,1,0
1,595,11794,1,0
1,596,10755,1,0
1,597,10198,1,0
1,598,61190,1,0
1,599,12655,1,0
2,0,66502,1,0
2,1,96707,1,0
2,2,14901,1,0
2,3,10762,1,0
2,4,11184,1,0
2,5,21567,1,0
2,6,20297,1,0
2,7,16324,1,0
2,8,47438,1,0
2,9,30940,1,0
2,10,11365,1,0
2,11,11107,1,0
2,12,14221,1,0
2,13,15709,1,0
2,14,13079,1,0
2,15,10166,1,0
2,16,12613,1,0
2,17,13083,1,0
2,18,11165,1,0
2,19,11277,1,0
2,20,10472,1,0
2,21,18036,1,0
2,22,12357,1,0
2,23,12292,1,0
2,24,10889,1,0
2,25,10318,1,0
2,26,10948,1,0
2,27,13271,1,0
2,28,11455,1,0
2,29,11629,1,0
2,30,85240,1,0
2,31,11972,1,0
2,32,12405,1,0
2,33,13919,1,0
2,34,11246,1,0
2,35,202639,1,0
2,36,94447,1,0
2,37,12580,1,0
2,38,12317,1,0
2,39,11376,1,0
2,40,121925,1,0
2,41,53539,1,0
2,42,11283,1,0
2,43,10657,1,0
2,44,12367,1,0
2,45,158138,1,0
2,46,232869,1,0
2,47,169757,1,0
2,48,99638,1,0
2,49,23385,1,0
2,50,11863,1,0
2,51,10946,1,0
2,52,12310,1,0
2,53,13507,1,0
2,54,12188,1,0
2,55,10598,1,0
2,56,16488,1,0
2,57,258393,1,0
2,58,279119,1,0
2,59,233481,1,0
2,60,72015,1,0
2,61,11018,1,0
2,62,69467,1,0
2,63,34926,1,0
2,64,12556,1,0
2,65,26978,1,0
2,66,598147,1,0
2,67,885445,1,0
2,68,951966,1,0
2,69,861279,1,0
2,70,829220,1,0
2,71,764851,1,0
2,72,738700,1,0
2,73,729573,1,0
2,74,647931,1,0
2,75,543944,1,0
2,76,465451,1,0
2,77,601919,1,0
2,78,939527,1,0
2,79,768471,1,0
2,80,606933,1,0
2,81,414989,1,0
2,82,200299,1,0
2,83,284429,1,0
2,84,253831,1,0
2,85,112166,1,0
2,86,10858,1,0
2,87,11866,1,0
2,88,13009,1,0
2,89,71374,1,0
2,90,12372,1,0
2,91,20719,1,0
2,92,11682,1,0
2,93,39703,1,0
2,94,326108,1,0
2,95,178908,1,0
2,96,11215,1,0
2,97,12940,1,0
2,98,11853,1,0
2,99,91671,1,0
2,100,11997,1,0
2,101,11309,1,0
2,102,11342,1,0
2,103,12480,1,0
2,104,95534,1,0
2,105,12278,1,0
2,106,12278,1,0
2,107,11894,1,0
2,108,11162,1,0
2,109,48801,1,0
2,110,11547,1,0
2,111,11255,1,0
2,112,533203,1,0
2,113,577500,1,0
2,114,576245,1,0
2,115,461786,1,0
2,116,328394,1,0
2,117,540758,1,0
2,118,423381,1,0
2,119,286339,1,0
2,120,136815,1,0
2,121,11056,1,0
2,122,75434,1,0
2,123,14319,1,0
2,124,11252,1,0
2,125,11427,1,0
2,126,11554,1,0
2,127,11535,1,0
2,128,45754,1,0
2,129,15200,1,0
2,130,11316,1,0
2,131,10704,1,0
2,132,11809,1,0
2,133,75224,1,0
2,134,11296,1,0
2,135,12814,1,0
2,136,10211,1,0
2,137,13142,1,0
2,138,87514,1,0
2,139,11218,1,0
2,140,12872,1,0
2,141,10942,1,0
2,142,12315,1,0
2,143,14993,1,0
2,144,204581,1,0
2,145,99729,1,0
2,146,10565,1,0
2,147,10605,1,0
2,148,13548,1,0
2,149,12764,1,0
2,150,11874,1,0
2,151,11362,1,0
2,152,12349,1,0
2,153,36840,1,0
2,154,15745,1,0
2,155,10822,1,0
2,156,12510,1,0
2,157,9851,1,0
2,158,11845,1,0
2,159,14784,1,0
2,160,47491,1,0
2,161,11861,1,0
2,162,11353,1,0
2,163,12476,1,0
2,164,10321,1,0
2,165,10486,1,0
2,166,12011,1,0
2,167,10225,1,0
2,168,10812,1,0
2,169,10492,1,0
2,170,10683,1,0
2,171,12028,1,0
2,172,12113,1,0
2,173,11937,1,0
2,174,10390,1,0
2,175,66344,1,0
2,176,10262,1,0
2,177,10503,1,0
2,178,10235,1,0
2,179,14170,1,0
2,180,57869,1,0
2,181,10592,1,0
2,182,10343,1,0
2,183,9806,1,0
2,184,10135,1,0
2,185,16644,1,0
2,186,60906,1,0
2,187,10817,1,0
2,188,10531,1,0
2,189,10248,1,0
2,190,11491,1,0
2,191,61677,1,0
2,192,10567,1,0
2,193,10368,1,0
2,194,10155,1,0
2,195,9937,1,0
2,196,47789,1,0
2,197,11406,1,0
2,198,9762,1,0
2,199,11538,1,0
2,200,11480,1,0
2,201,65728,1,0
2,202,11261,1,0
2,203,11460,1,0
2,204,11520,1,0
2,205,9740,1,0
2,206,39078,1,0
2,207,10083,1,0
2,208,13059,1,0
2,209,11140,1,0
2,210,11972,1,0
2,211,16601,1,0
2,212,9215,1,0
2,213,14345,1,0
2,214,16773,1,0
2,215,11562,1,0
2,216,10978,1,0
2,217,11176,1,0
2,218,11665,1,0
2,219,10842,1,0
2,220,9816,1,0
2,221,26122,1,0
2,222,11875,1,0
2,223,11640,1,0
2,224,11533,1,0
2,225,12797,1,0
2,226,235409,1,0
2,227,252612,1,0
2,228,160839,1,0
2,229,19671,1,0
2,230,15700,1,0
2,231,9791,1,0
2,232,9615,1,0
2,233,13342,1,0
2,234,11696,1,0
2,235,19336,1,0
2,236,81924,1,0
2,237,204016,1,0
2,238,31761,1,0
2,239,10559,1,0
2,240,10360,1,0
2,241,10130,1,0
2,242,30672,1,0
2,243,11178,1,0
2,244,10905,1,0
2,245,11044,1,0
2,246,11772,1,0
2,247,39374,1,0
2,248,11644,1,0
2,249,11458,1,0
2,250,10843,1,0
2,251,10549,1,0
2,252,43978,1,0
2,253,10760,1,0
2,254,12245,1,0
2,255,11964,1,0
2,256,11698,1,0
2,257,59172,1,0
2,258,14326,1,0
2,259,10808,1,0
2,260,11619,1,0
2,261,10823,1,0
2,262,117198,1,0
2,263,311660,1,0
2,264,100251,1,0
2,265,9792,1,0
2,266,10116,1,0
2,267,11645,1,0
2,268,34418,1,0
2,269,10066,1,0
2,270,9625,1,0
2,271,12392,1,0
2,272,9085,1,0
2,273,10469,1,0
2,274,10880,1,0
2,275,10098,1,0
2,276,10600,1,0
2,277,10657,1,0
2,278,64250,1,0
2,279,10094,1,0
2,280,10576,1,0
2,281,10624,1,0
2,282,12765,1,0
2,283,10273,1,0
2,284,11374,1,0
2,285,10962,1,0
2,286,13557,1,0
2,287,68090,1,0
2,288,10450,1,0
2,289,12095,1,0
2,290,11196,1,0
2,291,13579,1,0
2,292,16048,1,0
2,293,118865,1,0
2,294,10859,1,0
2,295,10265,1,0
2,296,12139,1,0
2,297,13910,1,0
2,298,20171,1,0
2,299,11929,1,0
2,300,12548,1,0
2,301,10926,1,0
2,302,10453,1,0
2,303,11948,1,0
2,304,12010,1,0
2,305,12028,1,0
2,306,35119,1,0
2,307,183224,1,0
2,308,590671,1,0
2,309,626556,1,0
2,310,543950,1,0
2,311,893352,1,0
2,312,709811,1,0
2,313,1081826,1,0
2,314,473954,1,0
2,315,363241,1,0
2,316,242203,1,0
2,317,342955,1,0
2,318,218167,1,0
2,319,55847,1,0
2,320,11153,1,0
2,321,10086,1,0
2,322,11707,1,0
2,323,13535,1,0
2,324,11338,1,0
2,325,69226,1,0
2,326,26636,1,0
2,327,10294,1,0
2,328,10841,1,0
2,329,11903,1,0
2,330,55057,1,0
2,331,11649,1,0
2,332,114938,1,0
2,333,33607,1,0
2,334,12519,1,0
2,335,11994,1,0
2,336,42706,1,0
2,337,11975,1,0
2,338,11190,1,0
2,339,12228,1,0
2,340,12012,1,0
2,341,52089,1,0
2,342,11595,1,0
2,343,10210,1,0
2,344,10203,1,0
2,345,11652,1,0
2,346,30522,1,0
2,347,16960,1,0
2,348,20632,1,0
2,349,11927,1,0
2,350,145577,1,0
2,351,49725,1,0
2,352,120684,1,0
2,353,42368,1,0
2,354,9909,1,0
2,355,11523,1,0
2,356,9464,1,0
2,357,16585,1,0
2,358,11718,1,0
2,359,10754,1,0
2,360,12800,1,0
2,361,10178,1,0
2,362,44010,1,0
2,363,10262,1,0
2,364,9830,1,0
2,365,10564,1,0
2,366,10332,1,0
2,367,74883,1,0
2,368,11072,1,0
2,369,9893,1,0
2,370,10725,1,0
2,371,12709,1,0
2,372,11456,1,0
2,373,11085,1,0
2,374,10963,1,0
2,375,11337,1,0
2,376,12504,1,0
2,377,42528,1,0
2,378,129692,1,0
2,379,11440,1,0
2,380,9584,1,0
2,381,9639,1,0
2,382,10064,1,0
2,383,27547,1,0
2,384,12076,1,0
2,385,12475,1,0
2,386,8095,1,0
2,387,10693,1,0
2,388,27996,1,0
2,389,9939,1,0
2,390,9457,1,0
2,391,11310,1,0
2,392,9255,1,0
2,393,110436,1,0
2,394,11009,1,0
2,395,10915,1,0
2,396,11677,1,0
2,397,9337,1,0
2,398,31417,1,0
2,399,11079,1,0
2,400,10957,1,0
2,401,12782,1,0
2,402,12290,1,0
2,403,34927,1,0
2,404,11332,1,0
2,405,12088,1,0
2,406,10107,1,0
2,407,10577,1,0
2,408,19968,1,0
2,409,11639,1,0
2,410,11287,1,0
2,411,15412,1,0
2,412,10574,1,0
2,413,21545,1,0
2,414,11275,1,0
2,415,11446,1,0
2,416,12914,1,0
2,417,14750,1,0
2,418,17864,1,0
2,419,11535,1,0
2,420,13795,1,0
2,421,12144,1,0
2,422,10160,1,0
2,423,23579,1,0
2,424,12140,1,0
2,425,11676,1,0
2,426,11515,1,0
2,427,11435,1,0
2,428,10910,1,0
2,429,12789,1,0
2,430,10519,1,0
2,431,10997,1,0
2,432,10391,1,0
2,433,11774,1,0
2,434,61276,1,0
2,435,316240,1,0
2,436,135775,1,0
2,437,11496,1,0
2,438,13143,1,0
2,439,11691,1,0
2,440,38061,1,0
2,441,10949,1,0
2,442,10727,1,0
2,443,9924,1,0
2,444,33838,1,0
2,445,11291,1,0
2,446,11552,1,0
2,447,11191,1,0
2,448,11362,1,0
2,449,23965,1,0
2,450,36464,1,0
2,451,11539,1,0
2,452,8107,1,0
2,453,10453,1,0
2,454,11903,1,0
2,455,10304,1,0
2,456,10540,1,0
2,457,15141,1,0
2,458,11666,1,0
2,459,38303,1,0
2,460,118742,1,0
2,461,18001,1,0
2,462,9919,1,0
2,463,10680,1,0
2,464,12055,1,0
2,465,54809,1,0
2,466,10632,1,0
2,467,13625,1,0
2,468,11728,1,0
2,469,11681,1,0
2,470,28492,1,0
2,471,207186,1,0
2,472,140737,1,0
2,473,9898,1,0
2,474,11222,1,0
2,475,10910,1,0
2,476,21576,1,0
2,477,10584,1,0
2,478,14541,1,0
2,479,11911,1,0
2,480,11420,1,0
2,481,24417,1,0
2,482,10567,1,0
2,483,10435,1,0
2,484,11248,1,0
2,485,10063,1,0
2,486,10298,1,0
2,487,12659,1,0
2,488,11938,1,0
2,489,11705,1,0
2,490,9942,1,0
2,491,17160,1,0
2,492,12189,1,0
2,493,10128,1,0
2,494,9570,1,0
2,495,10489,1,0
2,496,9611,1,0
2,497,11800,1,0
2,498,10956,1,0
2,499,11803,1,0
2,500,15574,1,0
2,501,10654,1,0
2,502,90290,1,0
2,503,15158,1,0
2,504,11239,1,0
2,505,10174,1,0
2,506,12021,1,0
2,507,13158,1,0
2,508,10289,1,0
2,509,11063,1,0
2,510,11255,1,0
2,511,9816,1,0
2,512,92466,1,0
2,513,27039,1,0
2,514,11552,1,0
2,515,11231,1,0
2,516,11970,1,0
2,517,88208,1,0
2,518,30305,1,0
2,519,11055,1,0
2,520,10886,1,0
2,521,16415,1,0
2,522,89011,1,0
2,523,9783,1,0
2,524,12413,1,0
2,525,12071,1,0
2,526,11463,1,0
2,527,56333,1,0
2,528,10846,1,0
2,529,11300,1,0
2,530,11020,1,0
2,531,13068,1,0
2,532,11085,1,0
2,533,12603,1,0
2,534,11997,1,0
2,535,11882,1,0
2,536,11199,1,0
2,537,98590,1,0
2,538,106089,1,0
2,539,12046,1,0
2,540,12383,1,0
2,541,11890,1,0
2,542,11188,1,0
2,543,11766,1,0
2,544,12339,1,0
2,545,14855,1,0
2,546,10402,1,0
2,547,10633,1,0
2,548,31812,1,0
2,549,11115,1,0
2,550,10247,1,0
2,551,11319,1,0
2,552,28008,1,0
2,553,10970,1,0
2,554,11824,1,0
2,555,11540,1,0
2,556,10078,1,0
2,557,64467,1,0
2,558,10792,1,0
2,559,16452,1,0
2,560,10789,1,0
2,561,10899,1,0
2,562,10949,1,0
2,563,12112,1,0
2,564,11399,1,0
2,565,9635,1,0
2,566,12318,1,0
2,567,11646,1,0
2,568,10518,1,0
2,569,12218,1,0
2,570,11799,1,0
2,571,10402,1,0
2,572,11312,1,0
2,573,11262,1,0
2,574,11095,1,0
2,575,10117,1,0
2,576,10976,1,0
2,577,18819,1,0
2,578,10321,1,0
2,579,10174,1,0
2,580,11742,1,0
2,581,10765,1,0
2,582,10204,1,0
2,583,11717,1,0
2,584,13487,1,0
2,585,11133,1,0
2,586,12196,1,0
2,587,14360,1,0
2,588,194577,1,0
2,589,10903,1,0
2,590,13078,1,0
2,591,11276,1,0
2,592,12048,1,0
2,593,223568,1,0
2,594,10354,1,0
2,595,10247,1,0
2,596,8714,1,0
2,597,10787,1,0
2,598,58340,1,0
2,599,22046,1,0
3,0,67855,1,0
3,1,94505,1,0
3,2,11927,1,0
3,3,11895,1,0
3,4,12612,1,0
3,5,21318,1,0
3,6,17694,1,0
3,7,15618,1,0
3,8,44412,1,0
3,9,29319,1,0
3,10,11606,1,0
3,11,13196,1,0
3,12,13166,1,0
3,13,13312,1,0
3,14,12490,1,0
3,15,12022,1,0
3,16,11928,1,0
3,17,11823,1,0
3,18,10532,1,0
3,19,12326,1,0
3,20,12303,1,0
3,21,14486,1,0
3,22,13093,1,0
3,23,14813,1,0
3,24,12480,1,0
3,25,13454,1,0
3,26,22414,1,0
3,27,14865,1,0
3,28,12620,1,0
3,29,14079,1,0
3,30,83876,1,0
3,31,12154,1,0
3,32,13010,1,0
3,33,12392,1,0
3,34,12391,1,0
3,35,199315,1,0
3,36,92305,1,0
3,37,14112,1,0
3,38,10103,1,0
3,39,12336,1,0
3,40,120774,1,0
3,41,50978,1,0
3,42,18872,1,0
3,43,13552,1,0
3,44,11991,1,0
3,45,155967,1,0
3,46,229639,1,0
3,47,171585,1,0
3,48,99629,1,0
3,49,21902,1,0
3,50,12732,1,0
3,51,12552,1,0
3,52,13323,1,0
3,53,12343,1,0
3,54,13007,1,0
3,55,10924,1,0
3,56,14519,1,0
3,57,255962,1,0
3,58,278791,1,0
3,59,231355,1,0
3,60,69412,1,0
3,61,10717,1,0
3,62,75623,1,0
3,63,32044,1,0
3,64,9773,1,0
3,65,25905,1,0
3,66,600228,1,0
3,67,887984,1,0
3,68,950473,1,0
3,69,859519,1,0
3,70,826700,1,0
3,71,763334,1,0
3,72,748164,1,0
3,73,726158,1,0
3,74,646757,1,0
3,75,543079,1,0
3,76,465329,1,0
3,77,605383,1,0
3,78,937383,1,0
3,79,765348,1,0
3,80,604728,1,0
3,81,412362,1,0
3,82,197852,1,0
3,83,280881,1,0
3,84,252412,1,0
3,85,110071,1,0
3,86,12452,1,0
3,87,11792,1,0
3,88,21657,1,0
3,89,69715,1,0
3,90,12551,1,0
3,91,18507,1,0
3,92,11117,1,0
3,93,39718,1,0
3,94,322921,1,0
3,95,177308,1,0
3,96,12275,1,0
3,97,10809,1,0
3,98,12209,1,0
3,99,89167,1,0
3,100,12369,1,0
3,101,11845,1,0
3,102,13011,1,0
3,103,12650,1,0
3,104,93414,1,0
3,105,12036,1,0
3,106,11937,1,0
3,107,13473,1,0
3,108,13184,1,0
3,109,47066,1,0
3,110,12276,1,0
3,111,13202,1,0
3,112,535280,1,0
3,113,576790,1,0
3,114,572940,1,0
3,115,460982,1,0
3,116,327646,1,0
3,117,538812,1,0
3,118,421307,1,0
3,119,281727,1,0
3,120,133173,1,0
3,121,12932,1,0
3,122,73437,1,0
3,123,12182,1,0
3,124,10896,1,0
3,125,11001,1,0
3,126,13396,1,0
3,127,16683,1,0
3,128,41417,1,0
3,129,12934,1,0
3,130,9808,1,0
3,131,11383,1,0
3,132,12555,1,0
3,133,72284,1,0
3,134,11049,1,0
3,135,10638,1,0
3,136,14773,1,0
3,137,14445,1,0
3,138,85305,1,0
3,139,14084,1,0
3,140,12010,1,0
3,141,9860,1,0
3,142,13484,1,0
3,143,12573,1,0
3,144,201989,1,0
3,145,96953,1,0
3,146,10633,1,0
3,147,10320,1,0
3,148,13492,1,0
3,149,16854,1,0
3,150,12300,1,0
3,151,10268,1,0
3,152,10415,1,0
3,153,35159,1,0
3,154,13006,1,0
3,155,11352,1,0
3,156,10071,1,0
3,157,13576,1,0
3,158,12114,1,0
3,159,13798,1,0
3,160,45447,1,0
3,161,10029,1,0
3,162,10119,1,0
3,163,11744,1,0
3,164,9583,1,0
3,165,8974,1,0
3,166,11083,1,0
3,167,9807,1,0
3,168,12247,1,0
3,169,12929,1,0
3,170,11663,1,0
3,171,9096,1,0
3,172,10749,1,0
3,173,10831,1,0
3,174,9506,1,0
3,175,65448,1,0
3,176,10425,1,0
3,177,11322,1,0
3,178,11351,1,0
3,179,10361,1,0
3,180,53745,1,0
3,181,9808,1,0
3,182,12244,1,0
3,183,10937,1,0
3,184,10514,1,0
3,185,14974,1,0
3,186,57233,1,0
3,187,10084,1,0
3,188,10423,1,0
3,189,11518,1,0
3,190,10573,1,0
3,191,57768,1,0
3,192,10537,1,0
3,193,10015,1,0
3,194,10335,1,0
3,195,12459,1,0
3,196,44349,1,0
3,197,10397,1,0
3,198,11776,1,0
3,199,12809,1,0
3,200,10685,1,0
3,201,62255,1,0
3,202,10028,1,0
3,203,14517,1,0
3,204,10589,1,0
3,205,10069,1,0
3,206,37139,1,0
3,207,9561,1,0
3,208,12458,1,0
3,209,11663,1,0
3,210,12201,1,0
3,211,13389,1,0
3,212,10035,1,0
3,213,13670,1,0
3,214,14006,1,0
3,215,14020,1,0
3,216,10607,1,0
3,217,10709,1,0
3,218,15217,1,0
3,219,11808,1,0
3,220,9836,1,0
3,221,21192,1,0
3,222,9988,1,0
3,223,12524,1,0
3,224,12189,1,0
3,225,12660,1,0
3,226,232278,1,0
3,227,251520,1,0
3,228,160348,1,0
3,229,16405,1,0
3,230,13439,1,0
3,231,10265,1,0
3,232,9681,1,0
3,233,10447,1,0
3,234,12285,1,0
3,235,17135,1,0
3,236,78342,1,0
3,237,200594,1,0
3,238,26503,1,0
3,239,11910,1,0
3,240,11605,1,0
3,241,9969,1,0
3,242,38407,1,0
3,243,12867,1,0
3,244,10165,1,0
3,245,11927,1,0
3,246,11608,1,0
3,247,36102,1,0
3,248,10653,1,0
3,249,11180,1,0
3,250,9662,1,0
3,251,9502,1,0
3,252,46162,1,0
3,253,9068,1,0
3,254,10770,1,0
3,255,9926,1,0
3,256,11908,1,0
3,257,55775,1,0
3,258,11060,1,0
3,259,10583,1,0
3,260,13464,1,0
3,261,12512,1,0
3,262,122279,1,0
3,263,306401,1,0
3,264,97883,1,0
3,265,9266,1,0
3,266,9973,1,0
3,267,10293,1,0
3,268,29617,1,0
3,269,11660,1,0
3,270,11697,1,0
3,271,10437,1,0
3,272,10618,1,0
3,273,9606,1,0
3,274,11387,1,0
3,275,9281,1,0
3,276,11480,1,0
3,277,9960,1,0
3,278,38662,1,0
3,279,10475,1,0
3,280,12182,1,0
3,281,9952,1,0
3,282,9558,1,0
3,283,10004,1,0
3,284,10791,1,0
3,285,10016,1,0
3,286,10412,1,0
3,287,79601,1,0
3,288,11839,1,0
3,289,13465,1,0
3,290,9650,1,0
3,291,12707,1,0
3,292,27150,1,0
3,293,115968,1,0
3,294,11700,1,0
3,295,10000,1,0
3,296,13414,1,0
3,297,14076,1,0
3,298,17903,1,0
3,299,12212,1,0
3,300,9870,1,0
3,301,9938,1,0
3,302,10212,1,0
3,303,10141,1,0
3,304,12683,1,0
3,305,11962,1,0
3,306,39071,1,0
3,307,182189,1,0
3,308,592507,1,0
3,309,627149,1,0
3,310,541379,1,0
3,311,888341,1,0
3,312,706591,1,0
3,313,517143,1,0
3,314,474051,1,0
3,315,360616,1,0
3,316,239965,1,0
3,317,343593,1,0
3,318,213556,1,0
3,319,54510,1,0
3,320,13366,1,0
3,321,11687,1,0
3,322,12788,1,0
3,323,13286,1,0
3,324,9799,1,0
3,325,78594,1,0
3,326,29193,1,0
3,327,11455,1,0
3,328,11834,1,0
3,329,10843,1,0
3,330,54771,1,0
3,331,12129,1,0
3,332,110145,1,0
3,333,29765,1,0
3,334,13565,1,0
3,335,12600,1,0
3,336,41228,1,0
3,337,9979,1,0
3,338,11660,1,0
3,339,12971,1,0
3,340,12302,1,0
3,341,49959,1,0
3,342,9968,1,0
3,343,12703,1,0
3,344,10076,1,0
3,345,11480,1,0
3,346,26849,1,0
3,347,13906,1,0
3,348,17682,1,0
3,349,10994,1,0
3,350,142179,1,0
3,351,44929,1,0
3,352,117822,1,0
3,353,38226,1,0
3,354,10020,1,0
3,355,10674,1,0
3,356,11958,1,0
3,357,12514,1,0
3,358,10008,1,0
3,359,9635,1,0
3,360,9959,1,0
3,361,9137,1,0
3,362,40883,1,0
3,363,10256,1,0
3,364,10132,1,0
3,365,11595,1,0
3,366,11149,1,0
3,367,71163,1,0
3,368,11379,1,0
3,369,12587,1,0
3,370,11608,1,0
3,371,9917,1,0
3,372,9801,1,0
3,373,8751,1,0
3,374,12625,1,0
3,375,10340,1,0
3,376,10547,1,0
3,377,53372,1,0
3,378,74386,1,0
3,379,10948,1,0
3,380,10783,1,0
3,381,10167,1,0
3,382,10127,1,0
3,383,22335,1,0
3,384,9737,1,0
3,385,12146,1,0
3,386,9875,1,0
3,387,9501,1,0
3,388,29411,1,0
3,389,10446,1,0
3,390,10370,1,0
3,391,13981,1,0
3,392,10740,1,0
3,393,106872,1,0
3,394,10280,1,0
3,395,10455,1,0
3,396,8962,1,0
3,397,9796,1,0
3,398,26335,1,0
3,399,13998,1,0
3,400,11200,1,0
3,401,12813,1,0
3,402,11193,1,0
3,403,32670,1,0
3,404,10998,1,0
3,405,9106,1,0
3,406,10612,1,0
3,407,10903,1,0
3,408,15957,1,0
3,409,12598,1,0
3,410,10097,1,0
3,411,10901,1,0
3,412,11060,1,0
3,413,32658,1,0
3,414,9043,1,0
3,415,9680,1,0
3,416,10974,1,0
3,417,12411,1,0
3,418,13120,1,0
3,419,9805,1,0
3,420,15412,1,0
3,421,9973,1,0
3,422,12412,1,0
3,423,20156,1,0
3,424,9814,1,0
3,425,8859,1,0
3,426,12772,1,0
3,427,12136,1,0
3,428,10823,1,0
3,429,13672,1,0
3,430,10310,1,0
3,431,11708,1,0
3,432,9895,1,0
3,433,10624,1,0
3,434,71744,1,0
3,435,313454,1,0
3,436,134162,1,0
3,437,9654,1,0
3,438,10149,1,0
3,439,11766,1,0
3,440,34244,1,0
3,441,12154,1,0
3,442,12482,1,0
3,443,12101,1,0
3,444,30521,1,0
3,445,12776,1,0
3,446,12376,1,0
3,447,11545,1,0
3,448,10399,1,0
3,449,21195,1,0
3,450,12351,1,0
3,451,11050,1,0
3,452,11759,1,0
3,453,11453,1,0
3,454,12013,1,0
3,455,11011,1,0
3,456,12392,1,0
3,457,10760,1,0
3,458,9960,1,0
3,459,38990,1,0
3,460,115690,1,0
3,461,14230,1,0
3,462,10781,1,0
3,463,10713,1,0
3,464,10450,1,0
3,465,62106,1,0
3,466,11994,1,0
3,467,12108,1,0
3,468,9961,1,0
3,469,9236,1,0
3,470,36876,1,0
3,471,202687,1,0
3,472,136958,1,0
3,473,9289,1,0
3,474,12065,1,0
3,475,13490,1,0
3,476,17319,1,0
3,477,9597,1,0
3,478,15128,1,0
3,479,12233,1,0
3,480,14309,1,0
3,481,21024,1,0
3,482,10872,1,0
3,483,12371,1,0
3,484,11604,1,0
3,485,10299,1,0
3,486,23643,1,0
3,487,9865,1,0
3,488,12627,1,0
3,489,13203,1,0
3,490,12170,1,0
3,491,14571,1,0
3,492,11996,1,0
3,493,10227,1,0
3,494,11673,1,0
3,495,12284,1,0
3,496,9613,1,0
3,497,12162,1,0
3,498,9997,1,0
3,499,12347,1,0
3,500,13916,1,0
3,501,11373,1,0
3,502,85743,1,0
3,503,13085,1,0
3,504,10514,1,0
3,505,10098,1,0
3,506,26006,1,0
3,507,11723,1,0
3,508,13833,1,0
3,509,11877,1,0
3,510,10330,1,0
3,511,9456,1,0
3,512,89738,1,0
3,513,22244,1,0
3,514,10536,1,0
3,515,12903,1,0
3,516,12096,1,0
3,517,85100,1,0
3,518,26368,1,0
3,519,9647,1,0
3,520,10019,1,0
3,521,14427,1,0
3,522,101491,1,0
3,523,10235,1,0
3,524,11846,1,0
3,525,9785,1,0
3,526,9846,1,0
3,527,52923,1,0
3,528,10644,1,0
3,529,12132,1,0
3,530,10577,1,0
3,531,14166,1,0
3,532,12578,1,0
3,533,12451,1,0
3,534,12854,1,0
3,535,9641,1,0
3,536,10938,1,0
3,537,102849,1,0
3,538,102290,1,0
3,539,11052,1,0
3,540,14378,1,0
3,541,13655,1,0
3,542,12724,1,0
3,543,13404,1,0
3,544,10180,1,0
3,545,12834,1,0
3,546,10554,1,0
3,547,10973,1,0
3,548,29569,1,0
3,549,13691,1,0
3,550,10244,1,0
3,551,9444,1,0
3,552,38731,1,0
3,553,12545,1,0
3,554,9981,1,0
3,555,10786,1,0
3,556,9264,1,0
3,557,73888,1,0
3,558,10237,1,0
3,559,13224,1,0
3,560,10591,1,0
3,561,11898,1,0
3,562,9566,1,0
3,563,10079,1,0
3,564,10775,1,0
3,565,10524,1,0
3,566,10189,1,0
3,567,9596,1,0
3,568,11867,1,0
3,569,9747,1,0
3,570,9813,1,0
3,571,9502,1,0
3,572,9871,1,0
3,573,10348,1,0
3,574,9484,1,0
3,575,10328,1,0
3,576,9903,1,0
3,577,16089,1,0
3,578,9530,1,0
3,579,10449,1,0
3,580,12649,1,0
3,581,12888,1,0
3,582,9699,1,0
3,583,9310,1,0
3,584,11936,1,0
3,585,10801,1,0
3,586,10536,1,0
3,587,13861,1,0
3,588,192041,1,0
3,589,10405,1,0
3,590,10150,1,0
3,591,9473,1,0
3,592,10416,1,0
3,593,220246,1,0
3,594,12251,1,0
3,595,12131,1,0
3,596,9367,1,0
3,597,10794,1,0
3,598,53865,1,0
3,599,21149,1,0
4,0,69896,1,0
4,1,93185,1,0
4,2,11458,1,0
4,3,13764,1,0
4,4,14227,1,0
4,5,27358,1,0
4,6,17126,1,0
4,7,15651,1,0
4,8,42501,1,0
4,9,29843,1,0
4,10,13559,1,0
4,11,12805,1,0
4,12,12323,1,0
4,13,12676,1,0
4,14,11592,1,0
4,15,11847,1,0
4,16,14930,1,0
4,17,13916,1,0
4,18,13186,1,0
4,19,11845,1,0
4,20,12417,1,0
4,21,14122,1,0
4,22,14196,1,0
4,23,13621,1,0
4,24,13080,1,0
4,25,12577,1,0
4,26,19889,1,0
4,27,14721,1,0
4,28,12242,1,0
4,29,13569,1,0
4,30,82306,1,0
4,31,17500,1,0
4,32,12937,1,0
4,33,16205,1,0
4,34,11274,1,0
4,35,198835,1,0
4,36,90614,1,0
4,37,17746,1,0
4,38,11563,1,0
4,39,11898,1,0
4,40,119029,1,0
4,41,49668,1,0
4,42,15577,1,0
4,43,13136,1,0
4,44,13822,1,0
4,45,171187,1,0
4,46,229263,1,0
4,47,175178,1,0
4,48,101839,1,0
4,49,19799,1,0
4,50,11134,1,0
4,51,10631,1,0
4,52,12443,1,0
4,53,14733,1,0
4,54,12067,1,0
4,55,11944,1,0
4,56,18668,1,0
4,57,254112,1,0
4,58,278767,1,0
4,59,231277,1,0
4,60,70014,1,0
4,61,11154,1,0
4,62,77916,1,0
4,63,29172,1,0
4,64,12683,1,0
4,65,25047,1,0
4,66,602901,1,0
4,67,900893,1,0
4,68,948105,1,0
4,69,861300,1,0
4,70,1588835,1,0
4,71,718720,1,0
4,72,767213,1,0
4,73,691673,1,0
4,74,646795,1,0
4,75,540344,1,0
4,76,466916,1,0
4,77,607041,1,0
4,78,936768,1,0
4,79,764501,1,0
4,80,601431,1,0
4,81,410104,1,0
4,82,194563,1,0
4,83,277851,1,0
4,84,253612,1,0
4,85,107603,1,0
4,86,9862,1,0
4,87,11727,1,0
4,88,25919,1,0
4,89,67907,1,0
4,90,13377,1,0
4,91,16642,1,0
4,92,13054,1,0
4,93,43851,1,0
4,94,321780,1,0
4,95,175624,1,0
4,96,11390,1,0
4,97,13734,1,0
4,98,11298,1,0
4,99,87425,1,0
4,100,11574,1,0
4,101,11672,1,0
4,102,11162,1,0
4,103,11394,1,0
4,104,92243,1,0
4,105,12232,1,0
4,106,12602,1,0
4,107,10531,1,0
4,108,9783,1,0
4,109,57717,1,0
4,110,12214,1,0
4,111,12343,1,0
4,112,532717,1,0
4,113,577057,1,0
4,114,569715,1,0
4,115,460464,1,0
4,116,327142,1,0
4,117,537930,1,0
4,118,419917,1,0
4,119,279396,1,0
4,120,131058,1,0
4,121,11264,1,0
4,122,88132,1,0
4,123,11846,1,0
4,124,11002,1,0
4,125,12415,1,0
4,126,10959,1,0
4,127,12928,1,0
4,128,38763,1,0
4,129,14820,1,0
4,130,11177,1,0
4,131,12387,1,0
4,132,9577,1,0
4,133,12207,1,0
4,134,11294,1,0
4,135,11216,1,0
4,136,12730,1,0
4,137,12483,1,0
4,138,97545,1,0
4,139,10608,1,0
4,140,11551,1,0
4,141,12230,1,0
4,142,14046,1,0
4,143,12151,1,0
4,144,236293,1,0
4,145,94994,1,0
4,146,10783,1,0
4,147,11239,1,0
4,148,12762,1,0
4,149,18069,1,0
4,150,11535,1,0
4,151,12649,1,0
4,152,13502,1,0
4,153,34037,1,0
4,154,17597,1,0
4,155,12054,1,0
4,156,13338,1,0
4,157,11338,1,0
4,158,11711,1,0
4,159,12949,1,0
4,160,43421,1,0
4,161,11128,1,0
4,162,9867,1,0
4,163,11494,1,0
4,164,11563,1,0
4,165,9705,1,0
4,166,11329,1,0
4,167,10714,1,0
4,168,11201,1,0
4,169,10663,1,0
4,170,9570,1,0
4,171,11121,1,0
4,172,11148,1,0
4,173,9440,1,0
4,174,11321,1,0
4,175,65015,1,0
4,176,11870,1,0
4,177,12790,1,0
4,178,11415,1,0
4,179,10211,1,0
4,180,64187,1,0
4,181,11105,1,0
4,182,11911,1,0
4,183,13193,1,0
4,184,11511,1,0
4,185,13075,1,0
4,186,55069,1,0
4,187,9411,1,0
4,188,12030,1,0
4,189,8882,1,0
4,190,11017,1,0
4,191,55743,1,0
4,192,9515,1,0
4,193,11907,1,0
4,194,12274,1,0
4,195,10509,1,0
4,196,40093,1,0
4,197,11530,1,0
4,198,9758,1,0
4,199,12069,1,0
4,200,11662,1,0
4,201,60572,1,0
4,202,10823,1,0
4,203,12759,1,0
4,204,10949,1,0
4,205,11040,1,0
4,206,32062,1,0
4,207,10898,1,0
4,208,10667,1,0
4,209,11365,1,0
4,210,11581,1,0
4,211,11757,1,0
4,212,9236,1,0
4,213,11726,1,0
4,214,12445,1,0
4,215,17400,1,0
4,216,12122,1,0
4,217,9292,1,0
4,218,13342,1,0
4,219,9340,1,0
4,220,11621,1,0
4,221,19189,1,0
4,222,11487,1,0
4,223,11196,1,0
4,224,12549,1,0
4,225,12091,1,0
4,226,229590,1,0
4,227,254661,1,0
4,228,159473,1,0
4,229,15087,1,0
4,230,13546,1,0
4,231,12431,1,0
4,232,10642,1,0
4,233,11669,1,0
4,234,12736,1,0
4,235,15012,1,0
4,236,75335,1,0
4,237,198870,1,0
4,238,23838,1,0
4,239,12378,1,0
4,240,12315,1,0
4,241,10158,1,0
4,242,38684,1,0
4,243,9666,1,0
4,244,10603,1,0
4,245,12163,1,0
4,246,18556,1,0
4,247,32642,1,0
4,248,9537,1,0
4,249,11720,1,0
4,250,11720,1,0
4,251,12174,1,0
4,252,45155,1,0
4,253,12304,1,0
4,254,10281,1,0
4,255,11609,1,0
4,256,12188,1,0
4,257,53765,1,0
4,258,12070,1,0
4,259,12715,1,0
4,260,11126,1,0
4,261,9727,1,0
4,262,119694,1,0
4,263,302934,1,0
4,264,94930,1,0
4,265,11162,1,0
4,266,11594,1,0
4,267,12297,1,0
4,268,26510,1,0
4,269,11653,1,0
4,270,11434,1,0
4,271,9276,1,0
4,272,12092,1,0
4,273,11768,1,0
4,274,10462,1,0
4,275,11664,1,0
4,276,9352,1,0
4,277,10352,1,0
4,278,12917,1,0
4,279,9341,1,0
4,280,10871,1,0
4,281,10905,1,0
4,282,26351,1,0
4,283,12095,1,0
4,284,9026,1,0
4,285,10871,1,0
4,286,10561,1,0
4,287,80001,1,0
4,288,11012,1,0
4,289,12211,1,0
4,290,11312,1,0
4,291,14568,1,0
4,292,26045,1,0
4,293,112306,1,0
4,294,13171,1,0
4,295,11540,1,0
4,296,11611,1,0
4,297,13908,1,0
4,298,16833,1,0
4,299,14585,1,0
4,300,9980,1,0
4,301,12053,1,0
4,302,12244,1,0
4,303,17087,1,0
4,304,15582,1,0
4,305,12748,1,0
4,306,46642,1,0
4,307,181615,1,0
4,308,598003,1,0
4,309,626479,1,0
4,310,541081,1,0
4,311,885440,1,0
4,312,705359,1,0
4,313,517067,1,0
4,314,471773,1,0
4,315,357586,1,0
4,316,236962,1,0
4,317,344871,1,0
4,318,210312,1,0
4,319,52582,1,0
4,320,11471,1,0
4,321,12029,1,0
4,322,11702,1,0
4,323,12176,1,0
4,324,10826,1,0
4,325,76384,1,0
4,326,24827,1,0
4,327,10142,1,0
4,328,11909,1,0
4,329,12161,1,0
4,330,55559,1,0
4,331,12300,1,0
4,332,108026,1,0
4,333,28152,1,0
4,334,13769,1,0
4,335,10651,1,0
4,336,39125,1,0
4,337,12149,1,0
4,338,11723,1,0
4,339,11456,1,0
4,340,11260,1,0
4,341,47921,1,0
4,342,11470,1,0
4,343,9065,1,0
4,344,10574,1,0
4,345,11156,1,0
4,346,39701,1,0
4,347,14343,1,0
4,348,17524,1,0
4,349,14951,1,0
4,350,188207,1,0
4,351,42051,1,0
4,352,116114,1,0
4,353,37538,1,0
4,354,11221,1,0
4,355,11658,1,0
4,356,9162,1,0
4,357,9218,1,0
4,358,9066,1,0
4,359,11406,1,0
4,360,9485,1,0
4,361,8873,1,0
4,362,37740,1,0
4,363,11655,1,0
4,364,9363,1,0
4,365,10811,1,0
4,366,11503,1,0
4,367,66620,1,0
4,368,9065,1,0
4,369,10312,1,0
4,370,10821,1,0
4,371,12286,1,0
4,372,12051,1,0
4,373,9989,1,0
4,374,11516,1,0
4,375,10358,1,0
4,376,9531,1,0
4,377,48645,1,0
4,378,72388,1,0
4,379,11385,1,0
4,380,10766,1,0
4,381,9024,1,0
4,382,11205,1,0
4,383,18328,1,0
4,384,11991,1,0
4,385,13457,1,0
4,386,8931,1,0
4,387,10509,1,0
4,388,25488,1,0
4,389,10048,1,0
4,390,9074,1,0
4,391,12090,1,0
4,392,10761,1,0
4,393,105111,1,0
4,394,11243,1,0
4,395,9340,1,0
4,396,11208,1,0
4,397,10927,1,0
4,398,46160,1,0
4,399,13450,1,0
4,400,10537,1,0
4,401,13439,1,0
4,402,10487,1,0
4,403,28787,1,0
4,404,10570,1,0
4,405,11266,1,0
4,406,11603,1,0
4,407,9652,1,0
4,408,12965,1,0
4,409,12267,1,0
4,410,11552,1,0
4,411,11321,1,0
4,412,8875,1,0
4,413,29200,1,0
4,414,11745,1,0
4,415,10129,1,0
4,416,11320,1,0
4,417,13889,1,0
4,418,15877,1,0
4,419,13808,1,0
4,420,19163,1,0
4,421,12039,1,0
4,422,9123,1,0
4,423,31777,1,0
4,424,9708,1,0
4,425,10772,1,0
4,426,11567,1,0
4,427,12198,1,0
4,428,10168,1,0
4,429,13494,1,0
4,430,10414,1,0
4,431,11442,1,0
4,432,10033,1,0
4,433,11489,1,0
4,434,69834,1,0
4,435,311763,1,0
4,436,130501,1,0
4,437,11737,1,0
4,438,12057,1,0
4,439,19129,1,0
4,440,32322,1,0
4,441,9505,1,0
4,442,11000,1,0
4,443,8231,1,0
4,444,28608,1,0
4,445,9306,1,0
4,446,11125,1,0
4,447,11734,1,0
4,448,11169,1,0
4,449,19757,1,0
4,450,21448,1,0
4,451,11074,1,0
4,452,10988,1,0
4,453,11105,1,0
4,454,12684,1,0
4,455,11272,1,0
4,456,10968,1,0
4,457,11142,1,0
4,458,11527,1,0
4,459,39280,1,0
4,460,113519,1,0
4,461,10892,1,0
4,462,9521,1,0
4,463,12310,1,0
4,464,10823,1,0
4,465,61007,1,0
4,466,11456,1,0
4,467,11390,1,0
4,468,12080,1,0
4,469,9588,1,0
4,470,35378,1,0
4,471,198638,1,0
4,472,133554,1,0
4,473,9305,1,0
4,474,11819,1,0
4,475,11906,1,0
4,476,30150,1,0
4,477,12710,1,0
4,478,16526,1,0
4,479,12456,1,0
4,480,12109,1,0
4,481,41582,1,0
4,482,10647,1,0
4,483,11912,1,0
4,484,13584,1,0
4,485,11696,1,0
4,486,20335,1,0
4,487,10162,1,0
4,488,11734,1,0
4,489,10701,1,0
4,490,12229,1,0
4,491,23840,1,0
4,492,12758,1,0
4,493,12231,1,0
4,494,9069,1,0
4,495,11614,1,0
4,496,21060,1,0
4,497,13619,1,0
4,498,10406,1,0
4,499,11931,1,0
4,500,13657,1,0
4,501,19053,1,0
4,502,84727,1,0
4,503,12623,1,0
4,504,11884,1,0
4,505,12161,1,0
4,506,23448,1,0
4,507,11430,1,0
4,508,11949,1,0
4,509,13620,1,0
4,510,11332,1,0
4,511,10797,1,0
4,512,87710,1,0
4,513,19582,1,0
4,514,11011,1,0
4,515,16976,1,0
4,516,14095,1,0
4,517,96986,1,0
4,518,24697,1,0
4,519,11303,1,0
4,520,11766,1,0
4,521,13055,1,0
4,522,98700,1,0
4,523,10924,1,0
4,524,11137,1,0
4,525,8841,1,0
4,526,10361,1,0
4,527,62568,1,0
4,528,13809,1,0
4,529,13458,1,0
4,530,9403,1,0
4,531,12898,1,0
4,532,9900,1,0
4,533,12463,1,0
4,534,13031,1,0
4,535,11699,1,0
4,536,11888,1,0
4,537,101614,1,0
4,538,102203,1,0
4,539,10795,1,0
4,540,13367,1,0
4,541,14326,1,0
4,542,11198,1,0
4,543,12528,1,0
4,544,12017,1,0
4,545,12029,1,0
4,546,10818,1,0
4,547,11334,1,0
4,548,28129,1,0
4,549,11899,1,0
4,550,12061,1,0
4,551,10708,1,0
4,552,36542,1,0
4,553,10962,1,0
4,554,10674,1,0
4,555,11147,1,0
4,556,9848,1,0
4,557,78255,1,0
4,558,9511,1,0
4,559,9782,1,0
4,560,10476,1,0
4,561,10779,1,0
4,562,11003,1,0
4,563,12878,1,0
4,564,10213,1,0
4,565,8983,1,0
4,566,16915,1,0
4,567,11695,1,0
4,568,8869,1,0
4,569,9872,1,0
4,570,11129,1,0
4,571,10280,1,0
4,572,9377,1,0
4,573,9649,1,0
4,574,11173,1,0
4,575,9507,1,0
4,576,10404,1,0
4,577,13330,1,0
4,578,11991,1,0
4,579,11660,1,0
4,580,9392,1,0
4,581,9807,1,0
4,582,9840,1,0
4,583,10742,1,0
4,584,10865,1,0
4,585,11394,1,0
4,586,11573,1,0
4,587,12040,1,0
4,588,187885,1,0
4,589,14607,1,0
4,590,9325,1,0
4,591,9152,1,0
4,592,10689,1,0
4,593,217393,1,0
4,594,11531,1,0
4,595,9458,1,0
4,596,9857,1,0
4,597,9618,1,0
4,598,52293,1,0
4,599,19735,1,0
5,0,74902,1,0
5,1,91666,1,0
5,2,15008,1,0
5,3,12866,1,0
5,4,14778,1,0
5,5,27955,1,0
5,6,15494,1,0
5,7,15957,1,0
5,8,43128,1,0
5,9,32888,1,0
5,10,10555,1,0
5,11,10290,1,0
5,12,13050,1,0
5,13,14141,1,0
5,14,14499,1,0
5,15,10976,1,0
5,16,12588,1,0
5,17,12775,1,0
5,18,12215,1,0
5,19,10496,1,0
5,20,10445,1,0
5,21,12938,1,0
5,22,11687,1,0
5,23,12962,1,0
5,24,13923,1,0
5,25,11964,1,0
5,26,19107,1,0
5,27,13608,1,0
5,28,11730,1,0
5,29,11163,1,0
5,30,81637,1,0
5,31,16076,1,0
5,32,11563,1,0
5,33,15173,1,0
5,34,10517,1,0
5,35,197330,1,0
5,36,88473,1,0
5,37,19043,1,0
5,38,10444,1,0
5,39,10676,1,0
5,40,134968,1,0
5,41,48603,1,0
5,42,12018,1,0
5,43,13071,1,0
5,44,12196,1,0
5,45,168634,1,0
5,46,228625,1,0
5,47,179791,1,0
5,48,102745,1,0
5,49,18493,1,0
5,50,14107,1,0
5,51,11743,1,0
5,52,12079,1,0
5,53,12512,1,0
5,54,12134,1,0
5,55,11998,1,0
5,56,25160,1,0
5,57,254277,1,0
5,58,280253,1,0
5,59,230214,1,0
5,60,78234,1,0
5,61,10392,1,0
5,62,75691,1,0
5,63,27136,1,0
5,64,10718,1,0
5,65,24067,1,0
5,66,604584,1,0
5,67,900177,1,0
5,68,947079,1,0
5,69,861326,1,0
5,70,823743,1,0
5,71,749650,1,0
5,72,734622,1,0
5,73,711637,1,0
5,74,647005,1,0
5,75,537732,1,0
5,76,469072,1,0
5,77,608747,1,0
5,78,933486,1,0
5,79,762290,1,0
5,80,598707,1,0
5,81,407357,1,0
5,82,190882,1,0
5,83,274848,1,0
5,84,252291,1,0
5,85,104477,1,0
5,86,11050,1,0
5,87,11250,1,0
5,88,23741,1,0
5,89,66576,1,0
5,90,12004,1,0
5,91,14485,1,0
5,92,12583,1,0
5,93,45896,1,0
5,94,319366,1,0
5,95,172535,1,0
5,96,11173,1,0
5,97,12488,1,0
5,98,10935,1,0
5,99,84947,1,0
5,100,10839,1,0
5,101,11122,1,0
5,102,12380,1,0
5,103,12687,1,0
5,104,89486,1,0
5,105,11567,1,0
5,106,11717,1,0
5,107,11186,1,0
5,108,12388,1,0
5,109,57496,1,0
5,110,11597,1,0
5,111,13505,1,0
5,112,533558,1,0
5,113,578717,1,0
5,114,566330,1,0
5,115,459531,1,0
5,116,325493,1,0
5,117,549316,1,0
5,118,418646,1,0
5,119,277766,1,0
5,120,129432,1,0
5,121,13915,1,0
5,122,87542,1,0
5,123,10539,1,0
5,124,12908,1,0
5,125,11981,1,0
5,126,10982,1,0
5,127,10163,1,0
5,128,35573,1,0
5,129,14271,1,0
5,130,10226,1,0
5,131,11463,1,0
5,132,12574,1,0
5,133,65538,1,0
5,134,10011,1,0
5,135,10713,1,0
5,136,10712,1,0
5,137,12964,1,0
5,138,94768,1,0
5,139,10486,1,0
5,140,10103,1,0
5,141,9317,1,0
5,142,14743,1,0
5,143,12063,1,0
5,144,233733,1,0
5,145,92232,1,0
5,146,13259,1,0
5,147,12554,1,0
5,148,12029,1,0
5,149,23412,1,0
5,150,11866,1,0
5,151,10905,1,0
5,152,11647,1,0
5,153,31976,1,0
5,154,15753,1,0
5,155,10300,1,0
5,156,10945,1,0
5,157,9959,1,0
5,158,11152,1,0
5,159,12508,1,0
5,160,39735,1,0
5,161,12554,1,0
5,162,9738,1,0
5,163,9967,1,0
5,164,11013,1,0
5,165,11763,1,0
5,166,10246,1,0
5,167,9544,1,0
5,168,10715,1,0
5,169,11386,1,0
5,170,10227,1,0
5,171,10904,1,0
5,172,11540,1,0
5,173,12223,1,0
5,174,9073,1,0
5,175,64214,1,0
5,176,10370,1,0
5,177,10692,1,0
5,178,8899,1,0
5,179,11274,1,0
5,180,61457,1,0
5,181,11052,1,0
5,182,10225,1,0
5,183,11086,1,0
5,184,9932,1,0
5,185,11997,1,0
5,186,51898,1,0
5,187,12883,1,0
5,188,11135,1,0
5,189,9765,1,0
5,190,9876,1,0
5,191,54449,1,0
5,192,11646,1,0
5,193,10033,1,0
5,194,9670,1,0
5,195,12245,1,0
5,196,35800,1,0
5,197,11393,1,0
5,198,11300,1,0
5,199,11734,1,0
5,200,10589,1,0
5,201,71989,1,0
5,202,11112,1,0
5,203,11726,1,0
5,204,11629,1,0
5,205,10742,1,0
5,206,27732,1,0
5,207,10167,1,0
5,208,10930,1,0
5,209,11631,1,0
5,210,10615,1,0
5,211,11815,1,0
5,212,9815,1,0
5,213,11671,1,0
5,214,13488,1,0
5,215,20955,1,0
5,216,11312,1,0
5,217,12102,1,0
5,218,12027,1,0
5,219,13962,1,0
5,220,9744,1,0
5,221,15523,1,0
5,222,10062,1,0
5,223,13205,1,0
5,224,9493,1,0
5,225,11393,1,0
5,226,228622,1,0
5,227,256459,1,0
5,228,157656,1,0
5,229,14341,1,0
5,230,12674,1,0
5,231,11768,1,0
5,232,9404,1,0
5,233,10417,1,0
5,234,9433,1,0
5,235,13638,1,0
5,236,83483,1,0
5,237,197210,1,0
5,238,19312,1,0
5,239,13165,1,0
5,240,10058,1,0
5,241,11442,1,0
5,242,35326,1,0
5,243,11286,1,0
5,244,10330,1,0
5,245,10152,1,0
5,246,16029,1,0
5,247,49594,1,0
5,248,11085,1,0
5,249,10498,1,0
5,250,10137,1,0
5,251,9899,1,0
5,252,45429,1,0
5,253,10461,1,0
5,254,12361,1,0
5,255,10167,1,0
5,256,11641,1,0
5,257,66890,1,0
5,258,11419,1,0
5,259,10963,1,0
5,260,12097,1,0
5,261,11365,1,0
5,262,115824,1,0
5,263,300611,1,0
5,264,91125,1,0
5,265,11525,1,0
5,266,11592,1,0
5,267,10184,1,0
5,268,22796,1,0
5,269,10215,1,0
5,270,9683,1,0
5,271,11347,1,0
5,272,12619,1,0
5,273,10466,1,0
5,274,10959,1,0
5,275,9112,1,0
5,276,10439,1,0
5,277,11214,1,0
5,278,35349,1,0
5,279,10598,1,0
5,280,15715,1,0
5,281,10743,1,0
5,282,22072,1,0
5,283,9605,1,0
5,284,10459,1,0
5,285,10478,1,0
5,286,11000,1,0
5,287,78070,1,0
5,288,9725,1,0
5,289,11748,1,0
5,290,9232,1,0
5,291,15555,1,0
5,292,25408,1,0
5,293,110719,1,0
5,294,11787,1,0
5,295,10269,1,0
5,296,11033,1,0
5,297,20909,1,0
5,298,14720,1,0
5,299,13441,1,0
5,300,11158,1,0
5,301,11891,1,0
5,302,11445,1,0
5,303,13963,1,0
5,304,14138,1,0
5,305,13411,1,0
5,306,48131,1,0
5,307,182556,1,0
5,308,600230,1,0
5,309,625504,1,0
5,310,542257,1,0
5,311,883696,1,0
5,312,704124,1,0
5,313,531238,1,0
5,314,470332,1,0
5,315,356879,1,0
5,316,235435,1,0
5,317,348378,1,0
5,318,207929,1,0
5,319,51439,1,0
5,320,9658,1,0
5,321,10248,1,0
5,322,10746,1,0
5,323,11794,1,0
5,324,10056,1,0
5,325,73530,1,0
5,326,22394,1,0
5,327,10402,1,0
5,328,12589,1,0
5,329,14250,1,0
5,330,54733,1,0
5,331,12862,1,0
5,332,104397,1,0
5,333,26343,1,0
5,334,12421,1,0
5,335,11277,1,0
5,336,51296,1,0
5,337,10607,1,0
5,338,10534,1,0
5,339,10974,1,0
5,340,11390,1,0
5,341,46140,1,0
5,342,9782,1,0
5,343,11695,1,0
5,344,11438,1,0
5,345,11803,1,0
5,346,36685,1,0
5,347,12699,1,0
5,348,15926,1,0
5,349,16449,1,0
5,350,188995,1,0
5,351,40009,1,0
5,352,114296,1,0
5,353,35374,1,0
5,354,11161,1,0
5,355,10534,1,0
5,356,11341,1,0
5,357,11048,1,0
5,358,10528,1,0
5,359,10295,1,0
5,360,10903,1,0
5,361,10922,1,0
5,362,35456,1,0
5,363,11610,1,0
5,364,11561,1,0
5,365,13305,1,0
5,366,9898,1,0
5,367,63118,1,0
5,368,10692,1,0
5,369,10704,1,0
5,370,10741,1,0
5,371,11136,1,0
5,372,12285,1,0
5,373,10685,1,0
5,374,11441,1,0
5,375,10625,1,0
5,376,10175,1,0
5,377,58276,1,0
5,378,69695,1,0
5,379,10826,1,0
5,380,11240,1,0
5,381,11707,1,0
5,382,10291,1,0
5,383,15621,1,0
5,384,9796,1,0
5,385,10607,1,0
5,386,11378,1,0
5,387,11900,1,0
5,388,22983,1,0
5,389,12116,1,0
5,390,10491,1,0
5,391,10167,1,0
5,392,9957,1,0
5,393,118426,1,0
5,394,9933,1,0
5,395,9376,1,0
5,396,9902,1,0
5,397,11915,1,0
5,398,44723,1,0
5,399,12403,1,0
5,400,13047,1,0
5,401,12704,1,0
5,402,10709,1,0
5,403,42205,1,0
5,404,10690,1,0
5,405,9896,1,0
5,406,11568,1,0
5,407,11414,1,0
5,408,10230,1,0
5,409,10183,1,0
5,410,10151,1,0
5,411,11353,1,0
5,412,11890,1,0
5,413,26203,1,0
5,414,9945,1,0
5,415,10792,1,0
5,416,11838,1,0
5,417,11765,1,0
5,418,13674,1,0
5,419,12022,1,0
5,420,15374,1,0
5,421,11237,1,0
5,422,11007,1,0
5,423,29133,1,0
5,424,10831,1,0
5,425,10529,1,0
5,426,11293,1,0
5,427,13005,1,0
5,428,34422,1,0
5,429,11715,1,0
5,430,11049,1,0
5,431,10381,1,0
5,432,9963,1,0
5,433,11171,1,0
5,434,68135,1,0
5,435,310422,1,0
5,436,126861,1,0
5,437,11088,1,0
5,438,10266,1,0
5,439,17143,1,0
5,440,29886,1,0
5,441,11211,1,0
5,442,15292,1,0
5,443,10413,1,0
5,444,25966,1,0
5,445,11575,1,0
5,446,9961,1,0
5,447,10024,1,0
5,448,11939,1,0
5,449,42531,1,0
5,450,20747,1,0
5,451,9991,1,0
5,452,11670,1,0
5,453,11301,1,0
5,454,11056,1,0
5,455,10550,1,0
5,456,11493,1,0
5,457,10152,1,0
5,458,10079,1,0
5,459,50393,1,0
5,460,111146,1,0
5,461,12198,1,0
5,462,10110,1,0
5,463,9883,1,0
5,464,11180,1,0
5,465,58114,1,0
5,466,10649,1,0
5,467,12319,1,0
5,468,12839,1,0
5,469,10454,1,0
5,470,31978,1,0
5,471,196774,1,0
5,472,131762,1,0
5,473,11753,1,0
5,474,9912,1,0
5,475,11142,1,0
5,476,26742,1,0
5,477,10015,1,0
5,478,15875,1,0
5,479,11196,1,0
5,480,11261,1,0
5,481,40254,1,0
5,482,11351,1,0
5,483,11154,1,0
5,484,11059,1,0
5,485,9235,1,0
5,486,18837,1,0
5,487,10409,1,0
5,488,10888,1,0
5,489,12397,1,0
5,490,12941,1,0
5,491,24198,1,0
5,492,12128,1,0
5,493,8730,1,0
5,494,11338,1,0
5,495,9954,1,0
5,496,18585,1,0
5,497,12651,1,0
5,498,12060,1,0
5,499,11747,1,0
5,500,13065,1,0
5,501,16445,1,0
5,502,83140,1,0
5,503,11676,1,0
5,504,10543,1,0
5,505,10576,1,0
5,506,19765,1,0
5,507,10532,1,0
5,508,9651,1,0
5,509,14497,1,0
5,510,11513,1,0
5,511,26541,1,0
5,512,99054,1,0
5,513,18261,1,0
5,514,12574,1,0
5,515,14234,1,0
5,516,11872,1,0
5,517,93742,1,0
5,518,22124,1,0
5,519,10369,1,0
5,520,10067,1,0
5,521,11673,1,0
5,522,95820,1,0
5,523,10430,1,0
5,524,10911,1,0
5,525,10811,1,0
5,526,9837,1,0
5,527,58934,1,0
5,528,11311,1,0
5,529,13673,1,0
5,530,15977,1,0
5,531,12571,1,0
5,532,13654,1,0
5,533,12345,1,0
5,534,15821,1,0
5,535,12144,1,0
5,536,10819,1,0
5,537,98581,1,0
5,538,100121,1,0
5,539,11662,1,0
5,540,10204,1,0
5,541,13280,1,0
5,542,11852,1,0
5,543,11140,1,0
5,544,11646,1,0
5,545,12064,1,0
5,546,11300,1,0
5,547,11906,1,0
5,548,27253,1,0
5,549,14599,1,0
5,550,11505,1,0
5,551,11731,1,0
5,552,50923,1,0
5,553,11472,1,0
5,554,10828,1,0
5,555,10179,1,0
5,556,10529,1,0
5,557,75598,1,0
5,558,12160,1,0
5,559,12654,1,0
5,560,11076,1,0
5,561,10671,1,0
5,562,10061,1,0
5,563,9957,1,0
5,564,10899,1,0
5,565,10401,1,0
5,566,16242,1,0
5,567,12542,1,0
5,568,10389,1,0
5,569,10456,1,0
5,570,10125,1,0
5,571,10467,1,0
5,572,9712,1,0
5,573,12264,1,0
5,574,10269,1,0
5,575,9825,1,0
5,576,9296,1,0
5,577,12344,1,0
5,578,9957,1,0
5,579,9998,1,0
5,580,12823,1,0
5,581,10655,1,0
5,582,11874,1,0
5,583,10011,1,0
5,584,12700,1,0
5,585,9922,1,0
5,586,9781,1,0
5,587,14399,1,0
5,588,183887,1,0
5,589,14606,1,0
5,590,11327,1,0
5,591,9908,1,0
5,592,10980,1,0
5,593,216042,1,0
5,594,12104,1,0
5,595,12368,1,0
5,596,12395,1,0
5,597,12480,1,0
5,598,50507,1,0
5,599,18463,1,0
6,0,76640,1,0
6,1,89442,1,0
6,2,13375,1,0
6,3,11708,1,0
6,4,12185,1,0
6,5,28622,1,0
6,6,13406,1,0
6,7,13709,1,0
6,8,41205,1,0
6,9,32926,1,0
6,10,12343,1,0
6,11,12818,1,0
6,12,12735,1,0
6,13,12490,1,0
6,14,12240,1,0
6,15,12858,1,0
6,16,13343,1,0
6,17,14480,1,0
6,18,13892,1,0
6,19,12614,1,0
6,20,11899,1,0
6,21,16869,1,0
6,22,12512,1,0
6,23,13379,1,0
6,24,10778,1,0
6,25,12535,1,0
6,26,16383,1,0
6,27,15387,1,0
6,28,10596,1,0
6,29,12503,1,0
6,30,78756,1,0
6,31,14219,1,0
6,32,14906,1,0
6,33,15100,1,0
6,34,12231,1,0
6,35,194172,1,0
6,36,85546,1,0
6,37,19216,1,0
6,38,12392,1,0
6,39,14071,1,0
6,40,133152,1,0
6,41,45857,1,0
6,42,12061,1,0
6,43,12728,1,0
6,44,13223,1,0
6,45,166763,1,0
6,46,228183,1,0
6,47,180446,1,0
6,48,99797,1,0
6,49,16285,1,0
6,50,14751,1,0
6,51,11566,1,0
6,52,12681,1,0
6,53,12030,1,0
6,54,12296,1,0
6,55,11954,1,0
6,56,22873,1,0
6,57,252639,1,0
6,58,282793,1,0
6,59,228201,1,0
6,60,78969,1,0
6,61,11768,1,0
6,62,73287,1,0
6,63,22075,1,0
6,64,12156,1,0
6,65,31040,1,0
6,66,606116,1,0
6,67,898563,1,0
6,68,945335,1,0
6,69,873008,1,0
6,70,822828,1,0
6,71,747199,1,0
6,72,732505,1,0
6,73,710231,1,0
6,74,646187,1,0
6,75,533951,1,0
6,76,470975,1,0
6,77,608913,1,0
6,78,930224,1,0
6,79,758847,1,0
6,80,596926,1,0
6,81,402863,1,0
6,82,188235,1,0
6,83,284906,1,0
6,84,251586,1,0
6,85,100799,1,0
6,86,11662,1,0
6,87,14088,1,0
6,88,21148,1,0
6,89,64510,1,0
6,90,12395,1,0
6,91,10883,1,0
6,92,10912,1,0
6,93,49784,1,0
6,94,316814,1,0
6,95,170044,1,0
6,96,12559,1,0
6,97,12557,1,0
6,98,10427,1,0
6,99,82668,1,0
6,100,13362,1,0
6,101,12709,1,0
6,102,10352,1,0
6,103,12130,1,0
6,104,85784,1,0
6,105,12501,1,0
6,106,13072,1,0
6,107,12520,1,0
6,108,10499,1,0
6,109,54335,1,0
6,110,10281,1,0
6,111,9638,1,0
6,112,531121,1,0
6,113,576834,1,0
6,114,566544,1,0
6,115,457144,1,0
6,116,323522,1,0
6,117,546925,1,0
6,118,418197,1,0
6,119,274142,1,0
6,120,126342,1,0
6,121,12295,1,0
6,122,84977,1,0
6,123,13070,1,0
6,124,10720,1,0
6,125,12751,1,0
6,126,10781,1,0
6,127,13640,1,0
6,128,31963,1,0
6,129,10940,1,0
6,130,11062,1,0
6,131,9767,1,0
6,132,10706,1,0
6,133,61137,1,0
6,134,12790,1,0
6,135,12504,1,0
6,136,9677,1,0
6,137,11060,1,0
6,138,91919,1,0
6,139,10251,1,0
6,140,11865,1,0
6,141,10418,1,0
6,142,12766,1,0
6,143,9369,1,0
6,144,229518,1,0
6,145,89171,1,0
6,146,9287,1,0
6,147,11952,1,0
6,148,13748,1,0
6,149,20824,1,0
6,150,12289,1,0
6,151,10119,1,0
6,152,10780,1,0
6,153,28563,1,0
6,154,11773,1,0
6,155,12741,1,0
6,156,11871,1,0
6,157,10179,1,0
6,158,11112,1,0
6,159,13267,1,0
6,160,38589,1,0
6,161,12942,1,0
6,162,13142,1,0
6,163,13554,1,0
6,164,9721,1,0
6,165,10194,1,0
6,166,11894,1,0
6,167,10828,1,0
6,168,10570,1,0
6,169,10433,1,0
6,170,9489,1,0
6,171,12165,1,0
6,172,10975,1,0
6,173,9965,1,0
6,174,11732,1,0
6,175,61364,1,0
6,176,12401,1,0
6,177,10917,1,0
6,178,10577,1,0
6,179,9977,1,0
6,180,57577,1,0
6,181,10617,1,0
6,182,11977,1,0
6,183,11624,1,0
6,184,12142,1,0
6,185,11734,1,0
6,186,50291,1,0
6,187,10408,1,0
6,188,12527,1,0
6,189,12998,1,0
6,190,11795,1,0
6,191,51023,1,0
6,192,10007,1,0
6,193,10434,1,0
6,194,10519,1,0
6,195,10385,1,0
6,196,32747,1,0
6,197,11469,1,0
6,198,9322,1,0
6,199,11945,1,0
6,200,9049,1,0
6,201,69893,1,0
6,202,10575,1,0
6,203,11417,1,0
6,204,13843,1,0
6,205,10185,1,0
6,206,25381,1,0
6,207,11866,1,0
6,208,9931,1,0
6,209,16093,1,0
6,210,9337,1,0
6,211,11750,1,0
6,212,9952,1,0
6,213,12838,1,0
6,214,12843,1,0
6,215,17189,1,0
6,216,11801,1,0
6,217,10050,1,0
6,218,14929,1,0
6,219,10962,1,0
6,220,10276,1,0
6,221,12295,1,0
6,222,11560,1,0
6,223,13403,1,0
6,224,12682,1,0
6,225,13523,1,0
6,226,226176,1,0
6,227,257971,1,0
6,228,154558,1,0
6,229,12399,1,0
6,230,16883,1,0
6,231,10032,1,0
6,232,10302,1,0
6,233,10693,1,0
6,234,11924,1,0
6,235,12137,1,0
6,236,79759,1,0
6,237,194258,1,0
6,238,15843,1,0
6,239,16325,1,0
6,240,11384,1,0
6,241,11410,1,0
6,242,30997,1,0
6,243,10852,1,0
6,244,10540,1,0
6,245,10646,1,0
6,246,12784,1,0
6,247,47307,1,0
6,248,10092,1,0
6,249,12391,1,0
6,250,9837,1,0
6,251,9680,1,0
6,252,44397,1,0
6,253,9497,1,0
6,254,10307,1,0
6,255,9460,1,0
6,256,9924,1,0
6,257,64306,1,0
6,258,9976,1,0
6,259,11271,1,0
6,260,15872,1,0
6,261,13114,1,0
6,262,129232,1,0
6,263,296898,1,0
6,264,88814,1,0
6,265,9618,1,0
6,266,9777,1,0
6,267,10037,1,0
6,268,19686,1,0
6,269,10318,1,0
6,270,9548,1,0
6,271,11297,1,0
6,272,8992,1,0
6,273,10838,1,0
6,274,10747,1,0
6,275,10133,1,0
6,276,9902,1,0
6,277,10070,1,0
6,278,32468,1,0
6,279,9192,1,0
6,280,12705,1,0
6,281,9747,1,0
6,282,17409,1,0
6,283,13569,1,0
6,284,9675,1,0
6,285,9613,1,0
6,286,10065,1,0
6,287,74071,1,0
6,288,10899,1,0
6,289,12319,1,0
6,290,13060,1,0
6,291,14368,1,0
6,292,22220,1,0
6,293,106716,1,0
6,294,12075,1,0
6,295,10612,1,0
6,296,12808,1,0
6,297,18379,1,0
6,298,13850,1,0
6,299,12754,1,0
6,300,12986,1,0
6,301,12781,1,0
6,302,9638,1,0
6,303,10569,1,0
6,304,13508,1,0
6,305,12398,1,0
6,306,49376,1,0
6,307,182018,1,0
6,308,600479,1,0
6,309,623418,1,0
6,310,541265,1,0
6,311,879649,1,0
6,312,707352,1,0
6,313,528888,1,0
6,314,466891,1,0
6,315,353444,1,0
6,316,233051,1,0
6,317,353144,1,0
6,318,204657,1,0
6,319,50754,1,0
6,320,12397,1,0
6,321,13234,1,0
6,322,10840,1,0
6,323,13050,1,0
6,324,11718,1,0
6,325,82785,1,0
6,326,18805,1,0
6,327,12239,1,0
6,328,12320,1,0
6,329,12359,1,0
6,330,51151,1,0
6,331,10983,1,0
6,332,100179,1,0
6,333,22260,1,0
6,334,12171,1,0
6,335,10966,1,0
6,336,50029,1,0
6,337,12785,1,0
6,338,12728,1,0
6,339,12596,1,0
6,340,10588,1,0
6,341,59404,1,0
6,342,12860,1,0
6,343,11902,1,0
6,344,10496,1,0
6,345,9858,1,0
6,346,33527,1,0
6,347,12491,1,0
6,348,14278,1,0
6,349,13342,1,0
6,350,186077,1,0
6,351,37339,1,0
6,352,111034,1,0
6,353,31745,1,0
6,354,12018,1,0
6,355,11737,1,0
6,356,9808,1,0
6,357,9900,1,0
6,358,12713,1,0
6,359,9692,1,0
6,360,11533,1,0
6,361,11853,1,0
6,362,33429,1,0
6,363,9224,1,0
6,364,9892,1,0
6,365,10243,1,0
6,366,10441,1,0
6,367,59068,1,0
6,368,9642,1,0
6,369,11366,1,0
6,370,10008,1,0
6,371,11782,1,0
6,372,12230,1,0
6,373,11243,1,0
6,374,12947,1,0
6,375,11302,1,0
6,376,10952,1,0
6,377,53255,1,0
6,378,65944,1,0
6,379,13308,1,0
6,380,12463,1,0
6,381,9662,1,0
6,382,9175,1,0
6,383,11170,1,0
6,384,9796,1,0
6,385,9761,1,0
6,386,9300,1,0
6,387,10005,1,0
6,388,18238,1,0
6,389,14256,1,0
6,390,11415,1,0
6,391,12074,1,0
6,392,9954,1,0
6,393,114053,1,0
6,394,11642,1,0
6,395,11445,1,0
6,396,11195,1,0
6,397,10356,1,0
6,398,41824,1,0
6,399,11921,1,0
6,400,12039,1,0
6,401,12268,1,0
6,402,11637,1,0
6,403,40497,1,0
6,404,11756,1,0
6,405,11134,1,0
6,406,10721,1,0
6,407,10354,1,0
6,408,25589,1,0
6,409,10727,1,0
6,410,11436,1,0
6,411,12378,1,0
6,412,10351,1,0
6,413,22759,1,0
6,414,10653,1,0
6,415,11328,1,0
6,416,12099,1,0
6,417,13180,1,0
6,418,9459,1,0
6,419,9724,1,0
6,420,12569,1,0
6,421,10703,1,0
6,422,10462,1,0
6,423,26992,1,0
6,424,10709,1,0
6,425,10637,1,0
6,426,13608,1,0
6,427,10147,1,0
6,428,29977,1,0
6,429,13718,1,0
6,430,10388,1,0
6,431,10088,1,0
6,432,12508,1,0
6,433,9721,1,0
6,434,65335,1,0
6,435,309293,1,0
6,436,124135,1,0
6,437,11409,1,0
6,438,13152,1,0
6,439,21035,1,0
6,440,27133,1,0
6,441,10027,1,0
6,442,12773,1,0
6,443,10381,1,0
6,444,21613,1,0
6,445,10579,1,0
6,446,10039,1,0
6,447,12183,1,0
6,448,11875,1,0
6,449,40315,1,0
6,450,18945,1,0
6,451,10950,1,0
6,452,10137,1,0
6,453,10130,1,0
6,454,13149,1,0
6,455,11833,1,0
6,456,12874,1,0
6,457,11272,1,0
6,458,11554,1,0
6,459,46934,1,0
6,460,108628,1,0
6,461,11007,1,0
6,462,11946,1,0
6,463,9900,1,0
6,464,9967,1,0
6,465,56002,1,0
6,466,11750,1,0
6,467,10927,1,0
6,468,11680,1,0
6,469,12234,1,0
6,470,29818,1,0
6,471,207078,1,0
6,472,129758,1,0
6,473,10613,1,0
6,474,10531,1,0
6,475,12283,1,0
6,476,23620,1,0
6,477,10587,1,0
6,478,13339,1,0
6,479,12295,1,0
6,480,10613,1,0
6,481,37158,1,0
6,482,11645,1,0
6,483,11630,1,0
6,484,18004,1,0
6,485,10768,1,0
6,486,14429,1,0
6,487,11604,1,0
6,488,13403,1,0
6,489,12733,1,0
6,490,11866,1,0
6,491,20413,1,0
6,492,13084,1,0
6,493,10229,1,0
6,494,10158,1,0
6,495,10229,1,0
6,496,13870,1,0
6,497,10168,1,0
6,498,13116,1,0
6,499,11631,1,0
6,500,10519,1,0
6,501,17540,1,0
6,502,80986,1,0
6,503,12136,1,0
6,504,10353,1,0
6,505,10041,1,0
6,506,15659,1,0
6,507,12190,1,0
6,508,11345,1,0
6,509,12682,1,0
6,510,10019,1,0
6,511,22274,1,0
6,512,97455,1,0
6,513,13810,1,0
6,514,10129,1,0
6,515,11008,1,0
6,516,13792,1,0
6,517,89866,1,0
6,518,18872,1,0
6,519,9728,1,0
6,520,9643,1,0
6,521,10563,1,0
6,522,92600,1,0
6,523,10255,1,0
6,524,11154,1,0
6,525,9714,1,0
6,526,10718,1,0
6,527,55697,1,0
6,528,9819,1,0
6,529,12086,1,0
6,530,13890,1,0
6,531,12771,1,0
6,532,12020,1,0
6,533,12199,1,0
6,534,13951,1,0
6,535,10540,1,0
6,536,12928,1,0
6,537,93430,1,0
6,538,97484,1,0
6,539,9691,1,0
6,540,10653,1,0
6,541,13662,1,0
6,542,13893,1,0
6,543,10084,1,0
6,544,9985,1,0
6,545,13218,1,0
6,546,11262,1,0
6,547,12288,1,0
6,548,24860,1,0
6,549,16149,1,0
6,550,12681,1,0
6,551,9329,1,0
6,552,46422,1,0
6,553,10045,1,0
6,554,9566,1,0
6,555,9691,1,0
6,556,11099,1,0
6,557,71775,1,0
6,558,10155,1,0
6,559,10801,1,0
6,560,10512,1,0
6,561,9610,1,0
6,562,10506,1,0
6,563,11602,1,0
6,564,9872,1,0
6,565,11068,1,0
6,566,13634,1,0
6,567,13456,1,0
6,568,9336,1,0
6,569,9886,1,0
6,570,11073,1,0
6,571,10386,1,0
6,572,11375,1,0
6,573,12734,1,0
6,574,11999,1,0
6,575,11600,1,0
6,576,9594,1,0
6,577,10200,1,0
6,578,11988,1,0
6,579,10128,1,0
6,580,9905,1,0
6,581,11498,1,0
6,582,11563,1,0
6,583,9744,1,0
6,584,11945,1,0
6,585,10959,1,0
6,586,12806,1,0
6,587,13438,1,0
6,588,180658,1,0
6,589,12721,1,0
6,590,13019,1,0
6,591,11894,1,0
6,592,11016,1,0
6,593,214603,1,0
6,594,12565,1,0
6,595,9218,1,0
6,596,10177,1,0
6,597,12043,1,0
6,598,46754,1,0
6,599,14045,1,0
7,0,78019,1,0
7,1,88876,1,0
7,2,15744,1,0
7,3,20201,1,0
7,4,13806,1,0
7,5,28148,1,0
7,6,12434,1,0
7,7,13576,1,0
7,8,40259,1,0
7,9,33434,1,0
7,10,9690,1,0
7,11,11393,1,0
7,12,12098,1,0
7,13,12551,1,0
7,14,12322,1,0
7,15,10977,1,0
7,16,11871,1,0
7,17,15123,1,0
7,18,12030,1,0
7,19,15541,1,0
7,20,12330,1,0
7,21,16192,1,0
7,22,13404,1,0
7,23,16556,1,0
7,24,11666,1,0
7,25,12165,1,0
7,26,18371,1,0
7,27,16181,1,0
7,28,13690,1,0
7,29,11935,1,0
7,30,77215,1,0
7,31,12823,1,0
7,32,13694,1,0
7,33,14974,1,0
7,34,11804,1,0
7,35,194086,1,0
7,36,82544,1,0
7,37,21444,1,0
7,38,13037,1,0
7,39,12884,1,0
7,40,131163,1,0
7,41,43818,1,0
7,42,12742,1,0
7,43,11213,1,0
7,44,11421,1,0
7,45,179609,1,0
7,46,229526,1,0
7,47,181465,1,0
7,48,99009,1,0
7,49,15485,1,0
7,50,15021,1,0
7,51,12021,1,0
7,52,11860,1,0
7,53,12073,1,0
7,54,11677,1,0
7,55,12113,1,0
7,56,35934,1,0
7,57,251524,1,0
7,58,285785,1,0
7,59,225129,1,0
7,60,77312,1,0
7,61,11112,1,0
7,62,71320,1,0
7,63,20092,1,0
7,64,11762,1,0
7,65,34568,1,0
7,66,609255,1,0
7,67,899381,1,0
7,68,951882,1,0
7,69,873634,1,0
7,70,822958,1,0
7,71,1439650,1,0
7,72,743904,1,0
7,73,684923,1,0
7,74,644191,1,0
7,75,532856,1,0
7,76,473412,1,0
7,77,610953,1,0
7,78,928469,1,0
7,79,763264,1,0
7,80,594709,1,0
7,81,400360,1,0
7,82,184579,1,0
7,83,283620,1,0
7,84,249247,1,0
7,85,96716,1,0
7,86,10620,1,0
7,87,15614,1,0
7,88,19662,1,0
7,89,61628,1,0
7,90,12355,1,0
7,91,10954,1,0
7,92,11795,1,0
7,93,51760,1,0
7,94,316358,1,0
7,95,168432,1,0
7,96,11156,1,0
7,97,12076,1,0
7,98,12089,1,0
7,99,81206,1,0
7,100,11825,1,0
7,101,9748,1,0
7,102,16111,1,0
7,103,12185,1,0
7,104,83940,1,0
7,105,12615,1,0
7,106,11823,1,0
7,107,12924,1,0
7,108,10803,1,0
7,109,53273,1,0
7,110,12837,1,0
7,111,12407,1,0
7,112,529651,1,0
7,113,577874,1,0
7,114,564740,1,0
7,115,459716,1,0
7,116,322068,1,0
7,117,546933,1,0
7,118,416747,1,0
7,119,272257,1,0
7,120,123446,1,0
7,121,10918,1,0
7,122,83522,1,0
7,123,11544,1,0
7,124,11600,1,0
7,125,9836,1,0
7,126,9648,1,0
7,127,12679,1,0
7,128,28996,1,0
7,129,11775,1,0
7,130,10837,1,0
7,131,10921,1,0
7,132,11526,1,0
7,133,59972,1,0
7,134,14711,1,0
7,135,13302,1,0
7,136,12642,1,0
7,137,12157,1,0
7,138,102755,1,0
7,139,12443,1,0
7,140,15030,1,0
7,141,9839,1,0
7,142,13714,1,0
7,143,13219,1,0
7,144,227467,1,0
7,145,87239,1,0
7,146,9383,1,0
7,147,11166,1,0
7,148,13170,1,0
7,149,20320,1,0
7,150,12056,1,0
7,151,11489,1,0
7,152,12380,1,0
7,153,27244,1,0
7,154,11957,1,0
7,155,11257,1,0
7,156,11748,1,0
7,157,11276,1,0
7,158,11978,1,0
7,159,12492,1,0
7,160,36114,1,0
7,161,11830,1,0
7,162,11670,1,0
7,163,12265,1,0
7,164,11766,1,0
7,165,11166,1,0
7,166,12576,1,0
7,167,11397,1,0
7,168,11946,1,0
7,169,11073,1,0
7,170,11425,1,0
7,171,8829,1,0
7,172,10971,1,0
7,173,9574,1,0
7,174,9262,1,0
7,175,57714,1,0
7,176,13683,1,0
7,177,12129,1,0
7,178,12190,1,0
7,179,9300,1,0
7,180,68893,1,0
7,181,9178,1,0
7,182,11549,1,0
7,183,12434,1,0
7,184,9080,1,0
7,185,11780,1,0
7,186,49543,1,0
7,187,9209,1,0
7,188,11349,1,0
7,189,11459,1,0
7,190,11467,1,0
7,191,49363,1,0
7,192,11596,1,0
7,193,9195,1,0
7,194,9025,1,0
7,195,12011,1,0
7,196,30133,1,0
7,197,11413,1,0
7,198,8675,1,0
7,199,10903,1,0
7,200,11133,1,0
7,201,69007,1,0
7,202,11894,1,0
7,203,10600,1,0
7,204,14938,1,0
7,205,9061,1,0
7,206,21751,1,0
7,207,10269,1,0
7,208,12197,1,0
7,209,12885,1,0
7,210,11723,1,0
7,211,11302,1,0
7,212,10947,1,0
7,213,9037,1,0
7,214,13867,1,0
7,215,16434,1,0
7,216,11723,1,0
7,217,10466,1,0
7,218,17662,1,0
7,219,10338,1,0
7,220,8751,1,0
7,221,9905,1,0
7,222,10887,1,0
7,223,11192,1,0
7,224,12609,1,0
7,225,21968,1,0
7,226,224382,1,0
7,227,260111,1,0
7,228,152365,1,0
7,229,12407,1,0
7,230,15771,1,0
7,231,13014,1,0
7,232,11116,1,0
7,233,14607,1,0
7,234,9534,1,0
7,235,12017,1,0
7,236,76610,1,0
7,237,194082,1,0
7,238,13930,1,0
7,239,13428,1,0
7,240,11540,1,0
7,241,11163,1,0
7,242,32831,1,0
7,243,11359,1,0
7,244,10762,1,0
7,245,10460,1,0
7,246,10916,1,0
7,247,45593,1,0
7,248,11296,1,0
7,249,11332,1,0
7,250,10828,1,0
7,251,12407,1,0
7,252,55904,1,0
7,253,10519,1,0
7,254,11031,1,0
7,255,11105,1,0
7,256,11581,1,0
7,257,60578,1,0
7,258,11210,1,0
7,259,12400,1,0
7,260,12211,1,0
7,261,12751,1,0
7,262,127666,1,0
7,263,293466,1,0
7,264,85170,1,0
7,265,10408,1,0
7,266,10827,1,0
7,267,8616,1,0
7,268,16113,1,0
7,269,9137,1,0
7,270,10723,1,0
7,271,10660,1,0
7,272,10254,1,0
7,273,10409,1,0
7,274,13690,1,0
7,275,11850,1,0
7,276,13118,1,0
7,277,11506,1,0
7,278,31264,1,0
7,279,10558,1,0
7,280,13612,1,0
7,281,11293,1,0
7,282,26170,1,0
7,283,11002,1,0
7,284,10319,1,0
7,285,12700,1,0
7,286,12732,1,0
7,287,85299,1,0
7,288,10933,1,0
7,289,11108,1,0
7,290,11566,1,0
7,291,13422,1,0
7,292,39830,1,0
7,293,189279,1,0
7,294,11209,1,0
7,295,11399,1,0
7,296,15008,1,0
7,297,23359,1,0
7,298,12508,1,0
7,299,11610,1,0
7,300,11135,1,0
7,301,11743,1,0
7,302,11674,1,0
7,303,9995,1,0
7,304,12419,1,0
7,305,10258,1,0
7,306,50493,1,0
7,307,181838,1,0
7,308,602441,1,0
7,309,621759,1,0
7,310,545662,1,0
7,311,876227,1,0
7,312,705259,1,0
7,313,526609,1,0
7,314,466052,1,0
7,315,352084,1,0
7,316,230142,1,0
7,317,354061,1,0
7,318,201285,1,0
7,319,48958,1,0
7,320,10960,1,0
7,321,11844,1,0
7,322,14613,1,0
7,323,12373,1,0
7,324,11871,1,0
7,325,80822,1,0
7,326,15563,1,0
7,327,11370,1,0
7,328,12182,1,0
7,329,21873,1,0
7,330,47432,1,0
7,331,11230,1,0
7,332,97144,1,0
7,333,19943,1,0
7,334,11527,1,0
7,335,12493,1,0
7,336,50004,1,0
7,337,10957,1,0
7,338,12396,1,0
7,339,12774,1,0
7,340,12897,1,0
7,341,58045,1,0
7,342,9392,1,0
7,343,10434,1,0
7,344,11273,1,0
7,345,11145,1,0
7,346,46745,1,0
7,347,13837,1,0
7,348,13822,1,0
7,349,11913,1,0
7,350,183740,1,0
7,351,32951,1,0
7,352,109253,1,0
7,353,28447,1,0
7,354,11415,1,0
7,355,10678,1,0
7,356,10500,1,0
7,357,12576,1,0
7,358,8891,1,0
7,359,11468,1,0
7,360,9450,1,0
7,361,8962,1,0
7,362,30568,1,0
7,363,11264,1,0
7,364,11138,1,0
7,365,11713,1,0
7,366,9751,1,0
7,367,54592,1,0
7,368,13707,1,0
7,369,11270,1,0
7,370,9668,1,0
7,371,13684,1,0
7,372,11232,1,0
7,373,10736,1,0
7,374,13655,1,0
7,375,10514,1,0
7,376,12707,1,0
7,377,65100,1,0
7,378,11093,1,0
7,379,9227,1,0
7,380,9604,1,0
7,381,8844,1,0
7,382,9666,1,0
7,383,7925,1,0
7,384,11246,1,0
7,385,11547,1,0
7,386,8929,1,0
7,387,8882,1,0
7,388,14789,1,0
7,389,12399,1,0
7,390,8633,1,0
7,391,12538,1,0
7,392,11106,1,0
7,393,111973,1,0
7,394,11463,1,0
7,395,9150,1,0
7,396,10518,1,0
7,397,9654,1,0
7,398,40203,1,0
7,399,11392,1,0
7,400,11184,1,0
7,401,12035,1,0
7,402,10001,1,0
7,403,41155,1,0
7,404,8998,1,0
7,405,10913,1,0
7,406,11489,1,0
7,407,11118,1,0
7,408,24530,1,0
7,409,12692,1,0
7,410,13678,1,0
7,411,9492,1,0
7,412,9639,1,0
7,413,47290,1,0
7,414,12385,1,0
7,415,10282,1,0
7,416,11146,1,0
7,417,10918,1,0
7,418,10938,1,0
7,419,17594,1,0
7,420,12226,1,0
7,421,12452,1,0
7,422,12664,1,0
7,423,39216,1,0
7,424,11129,1,0
7,425,11492,1,0
7,426,11341,1,0
7,427,12610,1,0
7,428,32752,1,0
7,429,11946,1,0
7,430,10947,1,0
7,431,13127,1,0
7,432,11288,1,0
7,433,11447,1,0
7,434,74597,1,0
7,435,307380,1,0
7,436,120589,1,0
7,437,12573,1,0
7,438,12128,1,0
7,439,19034,1,0
7,440,24897,1,0
7,441,10673,1,0
7,442,10752,1,0
7,443,11381,1,0
7,444,33066,1,0
7,445,13613,1,0
7,446,12131,1,0
7,447,9341,1,0
7,448,10557,1,0
7,449,37659,1,0
7,450,17035,1,0
7,451,10627,1,0
7,452,9416,1,0
7,453,9442,1,0
7,454,11315,1,0
7,455,11758,1,0
7,456,12806,1,0
7,457,11642,1,0
7,458,11284,1,0
7,459,47592,1,0
7,460,108706,1,0
7,461,10539,1,0
7,462,11528,1,0
7,463,10414,1,0
7,464,12748,1,0
7,465,65190,1,0
7,466,11936,1,0
7,467,12876,1,0
7,468,12450,1,0
7,469,11308,1,0
7,470,28064,1,0
7,471,203996,1,0
7,472,126515,1,0
7,473,10992,1,0
7,474,11790,1,0
7,475,12788,1,0
7,476,20109,1,0
7,477,11043,1,0
7,478,11413,1,0
7,479,13315,1,0
7,480,12543,1,0
7,481,34679,1,0
7,482,10389,1,0
7,483,11322,1,0
7,484,16396,1,0
7,485,10854,1,0
7,486,11701,1,0
7,487,10825,1,0
7,488,12513,1,0
7,489,10998,1,0
7,490,11791,1,0
7,491,17670,1,0
7,492,11562,1,0
7,493,10581,1,0
7,494,10442,1,0
7,495,11652,1,0
7,496,12395,1,0
7,497,14118,1,0
7,498,10131,1,0
7,499,12328,1,0
7,500,11376,1,0
7,501,19445,1,0
7,502,77862,1,0
7,503,12412,1,0
7,504,11501,1,0
7,505,11972,1,0
7,506,27255,1,0
7,507,9976,1,0
7,508,11362,1,0
7,509,11472,1,0
7,510,10549,1,0
7,511,19304,1,0
7,512,96051,1,0
7,513,10645,1,0
7,514,11493,1,0
7,515,10751,1,0
7,516,12672,1,0
7,517,87324,1,0
7,518,16779,1,0
7,519,10280,1,0
7,520,11093,1,0
7,521,10930,1,0
7,522,101328,1,0
7,523,11675,1,0
7,524,15712,1,0
7,525,12256,1,0
7,526,8753,1,0
7,527,51745,1,0
7,528,11253,1,0
7,529,12152,1,0
7,530,12010,1,0
7,531,9950,1,0
7,532,12874,1,0
7,533,11465,1,0
7,534,13489,1,0
7,535,11718,1,0
7,536,10951,1,0
7,537,104418,1,0
7,538,93678,1,0
7,539,12093,1,0
7,540,12726,1,0
7,541,14508,1,0
7,542,17377,1,0
7,543,11813,1,0
7,544,13578,1,0
7,545,12160,1,0
7,546,11611,1,0
7,547,11935,1,0
7,548,20983,1,0
7,549,15431,1,0
7,550,11978,1,0
7,551,9274,1,0
7,552,59879,1,0
7,553,12117,1,0
7,554,12037,1,0
7,555,11308,1,0
7,556,10242,1,0
7,557,82597,1,0
7,558,11530,1,0
7,559,12354,1,0
7,560,9065,1,0
7,561,9539,1,0
7,562,11469,1,0
7,563,11845,1,0
7,564,11545,1,0
7,565,11025,1,0
7,566,10419,1,0
7,567,19865,1,0
7,568,10558,1,0
7,569,12192,1,0
7,570,11206,1,0
7,571,9035,1,0
7,572,10511,1,0
7,573,10729,1,0
7,574,8057,1,0
7,575,9327,1,0
7,576,10278,1,0
7,577,12622,1,0
7,578,8996,1,0
7,579,9444,1,0
7,580,10915,1,0
7,581,12286,1,0
7,582,12140,1,0
7,583,11517,1,0
7,584,10619,1,0
7,585,10290,1,0
7,586,10955,1,0
7,587,13169,1,0
7,588,178100,1,0
7,589,12503,1,0
7,590,14705,1,0
7,591,9572,1,0
7,592,9344,1,0
7,593,212715,1,0
7,594,9441,1,0
7,595,11964,1,0
7,596,9397,1,0
7,597,11879,1,0
7,598,43797,1,0
7,599,11731,1,0
8,0,80296,1,0
8,1,89884,1,0
8,2,14922,1,0
8,3,18030,1,0
8,4,12807,1,0
8,5,29026,1,0
8,6,12173,1,0
8,7,15802,1,0
8,8,38743,1,0
8,9,32955,1,0
8,10,12815,1,0
8,11,12422,1,0
8,12,11489,1,0
8,13,11146,1,0
8,14,11635,1,0
8,15,14788,1,0
8,16,10884,1,0
8,17,14575,1,0
8,18,11210,1,0
8,19,14162,1,0
8,20,11477,1,0
8,21,14867,1,0
8,22,14471,1,0
8,23,14544,1,0
8,24,12301,1,0
8,25,12203,1,0
8,26,17072,1,0
8,27,15450,1,0
8,28,12763,1,0
8,29,11425,1,0
8,30,74391,1,0
8,31,11143,1,0
8,32,13076,1,0
8,33,12594,1,0
8,34,10952,1,0
8,35,193634,1,0
8,36,85008,1,0
8,37,23915,1,0
8,38,11775,1,0
8,39,12817,1,0
8,40,143074,1,0
8,41,44083,1,0
8,42,12691,1,0
8,43,13027,1,0
8,44,12901,1,0
8,45,177108,1,0
8,46,228863,1,0
8,47,181124,1,0
8,48,97587,1,0
8,49,15191,1,0
8,50,13048,1,0
8,51,10649,1,0
8,52,12559,1,0
8,53,10816,1,0
8,54,16494,1,0
8,55,12476,1,0
8,56,34265,1,0
8,57,250676,1,0
8,58,286283,1,0
8,59,224071,1,0
8,60,76429,1,0
8,61,11343,1,0
8,62,84968,1,0
8,63,18436,1,0
8,64,11757,1,0
8,65,47100,1,0
8,66,612158,1,0
8,67,915627,1,0
8,68,950793,1,0
8,69,873319,1,0
8,70,821167,1,0
8,71,1449135,1,0
8,72,757618,1,0
8,73,694744,1,0
8,74,643372,1,0
8,75,12369,1,0
8,76,474026,1,0
8,77,617566,1,0
8,78,927153,1,0
8,79,760703,1,0
8,80,591752,1,0
8,81,397803,1,0
8,82,183016,1,0
8,83,280962,1,0
8,84,249430,1,0
8,85,94759,1,0
8,86,12677,1,0
8,87,14480,1,0
8,88,17911,1,0
8,89,59766,1,0
8,90,11657,1,0
8,91,10452,1,0
8,92,12894,1,0
8,93,55837,1,0
8,94,314475,1,0
8,95,165725,1,0
8,96,11717,1,0
8,97,13939,1,0
8,98,11434,1,0
8,99,80006,1,0
8,100,10019,1,0
8,101,13223,1,0
8,102,14720,1,0
8,103,11926,1,0
8,104,82005,1,0
8,105,11138,1,0
8,106,19269,1,0
8,107,12230,1,0
8,108,12377,1,0
8,109,64601,1,0
8,110,11910,1,0
8,111,11620,1,0
8,112,529654,1,0
8,113,579345,1,0
8,114,563009,1,0
8,115,462028,1,0
8,116,321118,1,0
8,117,545317,1,0
8,118,416007,1,0
8,119,271447,1,0
8,120,120486,1,0
8,121,12065,1,0
8,122,83365,1,0
8,123,10758,1,0
8,124,11444,1,0
8,125,10894,1,0
8,126,13970,1,0
8,127,11395,1,0
8,128,25445,1,0
8,129,12950,1,0
8,130,11160,1,0
8,131,11696,1,0
8,132,11667,1,0
8,133,56521,1,0
8,134,11115,1,0
8,135,10304,1,0
8,136,10968,1,0
8,137,9897,1,0
8,138,99186,1,0
8,139,10005,1,0
8,140,12274,1,0
8,141,11224,1,0
8,142,12500,1,0
8,143,10255,1,0
8,144,238948,1,0
8,145,83813,1,0
8,146,11468,1,0
8,147,10701,1,0
8,148,13744,1,0
8,149,31842,1,0
8,150,11591,1,0
8,151,12140,1,0
8,152,12360,1,0
8,153,25574,1,0
8,154,22750,1,0
8,155,11473,1,0
8,156,10521,1,0
8,157,11175,1,0
8,158,10119,1,0
8,159,11883,1,0
8,160,33061,1,0
8,161,11184,1,0
8,162,9905,1,0
8,163,10330,1,0
8,164,10858,1,0
8,165,9266,1,0
8,166,8560,1,0
8,167,10726,1,0
8,168,11367,1,0
8,169,10351,1,0
8,170,9715,1,0
8,171,10054,1,0
8,172,10995,1,0
8,173,10998,1,0
8,174,11600,1,0
8,175,57637,1,0
8,176,13087,1,0
8,177,9720,1,0
8,178,8428,1,0
8,179,11118,1,0
8,180,65681,1,0
8,181,11108,1,0
8,182,10442,1,0
8,183,11414,1,0
8,184,11160,1,0
8,185,10522,1,0
8,186,47637,1,0
8,187,11195,1,0
8,188,10716,1,0
8,189,11815,1,0
8,190,14740,1,0
8,191,47454,1,0
8,192,10736,1,0
8,193,11305,1,0
8,194,12224,1,0
8,195,11040,1,0
8,196,26969,1,0
8,197,10728,1,0
8,198,10819,1,0
8,199,12872,1,0
8,200,9688,1,0
8,201,66583,1,0
8,202,10962,1,0
8,203,12884,1,0
8,204,11570,1,0
8,205,10359,1,0
8,206,19908,1,0
8,207,9981,1,0
8,208,14178,1,0
8,209,10746,1,0
8,210,11580,1,0
8,211,10983,1,0
8,212,11738,1,0
8,213,11844,1,0
8,214,11814,1,0
8,215,14947,1,0
8,216,11110,1,0
8,217,12583,1,0
8,218,20022,1,0
8,219,11657,1,0
8,220,10584,1,0
8,221,11295,1,0
8,222,11079,1,0
8,223,12685,1,0
8,224,10816,1,0
8,225,19749,1,0
8,226,221986,1,0
8,227,262769,1,0
8,228,151747,1,0
8,229,11118,1,0
8,230,19184,1,0
8,231,9760,1,0
8,232,11137,1,0
8,233,12497,1,0
8,234,10715,1,0
8,235,11375,1,0
8,236,87727,1,0
8,237,197145,1,0
8,238,12341,1,0
8,239,10425,1,0
8,240,10994,1,0
8,241,10352,1,0
8,242,30860,1,0
8,243,10846,1,0
8,244,10370,1,0
8,245,13346,1,0
8,246,12631,1,0
8,247,42021,1,0
8,248,8720,1,0
8,249,10005,1,0
8,250,10179,1,0
8,251,11772,1,0
8,252,55227,1,0
8,253,11236,1,0
8,254,10843,1,0
8,255,10847,1,0
8,256,10168,1,0
8,257,57088,1,0
8,258,12684,1,0
8,259,15155,1,0
8,260,11741,1,0
8,261,11701,1,0
8,262,125075,1,0
8,263,290448,1,0
8,264,82083,1,0
8,265,10731,1,0
8,266,9994,1,0
8,267,10347,1,0
8,268,13921,1,0
8,269,12330,1,0
8,270,10580,1,0
8,271,11815,1,0
8,272,8847,1,0
8,273,11495,1,0
8,274,13444,1,0
8,275,10968,1,0
8,276,11768,1,0
8,277,9897,1,0
8,278,28136,1,0
8,279,11135,1,0
8,280,11583,1,0
8,281,9884,1,0
8,282,22342,1,0
8,283,10945,1,0
8,284,10418,1,0
8,285,9958,1,0
8,286,11204,1,0
8,287,82877,1,0
8,288,9768,1,0
8,289,12485,1,0
8,290,10469,1,0
8,291,11544,1,0
8,292,39417,1,0
8,293,103355,1,0
8,294,11170,1,0
8,295,11890,1,0
8,296,12514,1,0
8,297,20078,1,0
8,298,10410,1,0
8,299,11749,1,0
8,300,11673,1,0
8,301,10701,1,0
8,302,10181,1,0
8,303,11166,1,0
8,304,12354,1,0
8,305,12302,1,0
8,306,52899,1,0
8,307,183948,1,0
8,308,606947,1,0
8,309,619517,1,0
8,310,575385,1,0
8,311,872691,1,0
8,312,702160,1,0
8,313,524022,1,0
8,314,466290,1,0
8,315,349129,1,0
8,316,227781,1,0
8,317,358515,1,0
8,318,200542,1,0
8,319,46786,1,0
8,320,11538,1,0
8,321,10299,1,0
8,322,12761,1,0
8,323,11695,1,0
8,324,11564,1,0
8,325,78695,1,0
8,326,11236,1,0
8,327,9971,1,0
8,328,12686,1,0
8,329,53722,1,0
8,330,46485,1,0
8,331,11089,1,0
8,332,93553,1,0
8,333,17802,1,0
8,334,11885,1,0
8,335,12427,1,0
8,336,47823,1,0
8,337,11749,1,0
8,338,11142,1,0
8,339,12028,1,0
8,340,11848,1,0
8,341,55676,1,0
8,342,11613,1,0
8,343,12118,1,0
8,344,12264,1,0
8,345,10473,1,0
8,346,44392,1,0
8,347,10899,1,0
8,348,12103,1,0
8,349,11565,1,0
8,350,182013,1,0
8,351,30058,1,0
8,352,109387,1,0
8,353,27700,1,0
8,354,12458,1,0
8,355,12287,1,0
8,356,11448,1,0
8,357,10822,1,0
8,358,10948,1,0
8,359,9095,1,0
8,360,10339,1,0
8,361,10216,1,0
8,362,28620,1,0
8,363,10203,1,0
8,364,9994,1,0
8,365,10816,1,0
8,366,12554,1,0
8,367,51732,1,0
8,368,10595,1,0
8,369,10419,1,0
8,370,10606,1,0
8,371,13152,1,0
8,372,9768,1,0
8,373,12050,1,0
8,374,11729,1,0
8,375,10149,1,0
8,376,9694,1,0
8,377,62301,1,0
8,378,58874,1,0
8,379,12303,1,0
8,380,10015,1,0
8,381,10922,1,0
8,382,11333,1,0
8,383,11784,1,0
8,384,10717,1,0
8,385,11751,1,0
8,386,10582,1,0
8,387,11476,1,0
8,388,11293,1,0
8,389,9878,1,0
8,390,10638,1,0
8,391,11148,1,0
8,392,9665,1,0
8,393,109963,1,0
8,394,10417,1,0
8,395,11185,1,0
8,396,11273,1,0
8,397,10688,1,0
8,398,36227,1,0
8,399,10783,1,0
8,400,12547,1,0
8,401,13284,1,0
8,402,10463,1,0
8,403,54673,1,0
8,404,11678,1,0
8,405,10834,1,0
8,406,10334,1,0
8,407,12618,1,0
8,408,23772,1,0
8,409,13292,1,0
8,410,11805,1,0
8,411,12171,1,0
8,412,10806,1,0
8,413,48781,1,0
8,414,10089,1,0
8,415,10694,1,0
8,416,10777,1,0
8,417,11737,1,0
8,418,25182,1,0
8,419,16405,1,0
8,420,11459,1,0
8,421,21993,1,0
8,422,11526,1,0
8,423,36286,1,0
8,424,9709,1,0
8,425,10273,1,0
8,426,11983,1,0
8,427,12331,1,0
8,428,29687,1,0
8,429,11905,1,0
8,430,12189,1,0
8,431,12353,1,0
8,432,10991,1,0
8,433,9877,1,0
8,434,76794,1,0
8,435,304787,1,0
8,436,116323,1,0
8,437,10138,1,0
8,438,11288,1,0
8,439,15787,1,0
8,440,23184,1,0
8,441,11614,1,0
8,442,12906,1,0
8,443,10826,1,0
8,444,31739,1,0
8,445,11362,1,0
8,446,9884,1,0
8,447,11507,1,0
8,448,10996,1,0
8,449,49955,1,0
8,450,14647,1,0
8,451,10122,1,0
8,452,11091,1,0
8,453,10756,1,0
8,454,11739,1,0
8,455,11102,1,0
8,456,11739,1,0
8,457,10169,1,0
8,458,13013,1,0
8,459,63257,1,0
8,460,107564,1,0
8,461,10760,1,0
8,462,9998,1,0
8,463,11171,1,0
8,464,9753,1,0
8,465,62163,1,0
8,466,10988,1,0
8,467,12682,1,0
8,468,12010,1,0
8,469,10974,1,0
8,470,38765,1,0
8,471,200229,1,0
8,472,122837,1,0
8,473,10512,1,0
8,474,11470,1,0
8,475,17755,1,0
8,476,31351,1,0
8,477,11173,1,0
8,478,13462,1,0
8,479,13169,1,0
8,480,10889,1,0
8,481,31638,1,0
8,482,12346,1,0
8,483,11044,1,0
8,484,14474,1,0
8,485,12678,1,0
8,486,23663,1,0
8,487,10304,1,0
8,488,11917,1,0
8,489,12679,1,0
8,490,10695,1,0
8,491,15502,1,0
8,492,11001,1,0
8,493,12219,1,0
8,494,12626,1,0
8,495,10305,1,0
8,496,24051,1,0
8,497,12031,1,0
8,498,10208,1,0
8,499,10954,1,0
8,500,11164,1,0
8,501,21696,1,0
8,502,75825,1,0
8,503,12888,1,0
8,504,13109,1,0
8,505,11766,1,0
8,506,23604,1,0
8,507,11503,1,0
8,508,9791,1,0
8,509,9881,1,0
8,510,9977,1,0
8,511,16687,1,0
8,512,94342,1,0
8,513,10621,1,0
8,514,10796,1,0
8,515,11519,1,0
8,516,12375,1,0
8,517,101542,1,0
8,518,13905,1,0
8,519,10835,1,0
8,520,11261,1,0
8,521,13102,1,0
8,522,98263,1,0
8,523,8628,1,0
8,524,11764,1,0
8,525,10181,1,0
8,526,10145,1,0
8,527,47672,1,0
8,528,10406,1,0
8,529,10189,1,0
8,530,10322,1,0
8,531,11280,1,0
8,532,10585,1,0
8,533,12292,1,0
8,534,12524,1,0
8,535,11670,1,0
8,536,10681,1,0
8,537,101217,1,0
8,538,93171,1,0
8,539,11485,1,0
8,540,13034,1,0
8,541,16329,1,0
8,542,20328,1,0
8,543,10916,1,0
8,544,11663,1,0
8,545,11392,1,0
8,546,10234,1,0
8,547,16717,1,0
8,548,20538,1,0
8,549,15190,1,0
8,550,10430,1,0
8,551,10596,1,0
8,552,55654,1,0
8,553,10593,1,0
8,554,9786,1,0
8,555,9997,1,0
8,556,11186,1,0
8,557,79121,1,0
8,558,11278,1,0
8,559,11299,1,0
8,560,11340,1,0
8,561,10877,1,0
8,562,19391,1,0
8,563,11556,1,0
8,564,9418,1,0
8,565,9929,1,0
8,566,11191,1,0
8,567,24750,1,0
8,568,10698,1,0
8,569,9411,1,0
8,570,9974,1,0
8,571,10223,1,0
8,572,10652,1,0
8,573,10353,1,0
8,574,10122,1,0
8,575,9942,1,0
8,576,11106,1,0
8,577,13346,1,0
8,578,11455,1,0
8,579,11551,1,0
8,580,10628,1,0
8,581,11106,1,0
8,582,12587,1,0
8,583,9773,1,0
8,584,10146,1,0
8,585,9936,1,0
8,586,10620,1,0
8,587,13983,1,0
8,588,175153,1,0
8,589,11318,1,0
8,590,11946,1,0
8,591,11436,1,0
8,592,11165,1,0
8,593,211487,1,0
8,594,11928,1,0
8,595,11667,1,0
8,596,10141,1,0
8,597,11500,1,0
8,598,39434,1,0
8,599,13109,1,0
9,0,79246,1,0
9,1,86656,1,0
9,2,13521,1,0
9,3,14439,1,0
9,4,13007,1,0
9,5,28178,1,0
9,6,13923,1,0
9,7,21300,1,0
9,8,36423,1,0
9,9,30256,1,0
9,10,10401,1,0
9,11,12255,1,0
9,12,13360,1,0
9,13,12440,1,0
9,14,12304,1,0
9,15,10984,1,0
9,16,16143,1,0
9,17,16251,1,0
9,18,12905,1,0
9,19,11489,1,0
9,20,16748,1,0
9,21,12853,1,0
9,22,13963,1,0
9,23,12502,1,0
9,24,13714,1,0
9,25,12486,1,0
9,26,13780,1,0
9,27,13427,1,0
9,28,13022,1,0
9,29,11728,1,0
9,30,71415,1,0
9,31,12517,1,0
9,32,13125,1,0
9,33,12006,1,0
9,34,12221,1,0
9,35,193307,1,0
9,36,81628,1,0
9,37,21628,1,0
9,38,12274,1,0
9,39,12494,1,0
9,40,141457,1,0
9,41,42926,1,0
9,42,11946,1,0
9,43,12675,1,0
9,44,13135,1,0
9,45,174067,1,0
9,46,228118,1,0
9,47,181623,1,0
9,48,93689,1,0
9,49,12811,1,0
9,50,10853,1,0
9,51,13013,1,0
9,52,12454,1,0
9,53,12181,1,0
9,54,13877,1,0
9,55,13336,1,0
9,56,40182,1,0
9,57,248835,1,0
9,58,285302,1,0
9,59,221539,1,0
9,60,75140,1,0
9,61,9496,1,0
9,62,80900,1,0
9,63,14089,1,0
9,64,12486,1,0
9,65,49156,1,0
9,66,612963,1,0
9,67,914990,1,0
9,68,13337,1,0
9,69,871458,1,0
9,70,818418,1,0
9,71,742243,1,0
9,72,719363,1,0
9,73,687741,1,0
9,74,642074,1,0
9,75,529622,1,0
9,76,476086,1,0
9,77,621419,1,0
9,78,924283,1,0
9,79,757023,1,0
9,80,586419,1,0
9,81,393853,1,0
9,82,179793,1,0
9,83,276734,1,0
9,84,248084,1,0
9,85,90498,1,0
9,86,9196,1,0
9,87,14517,1,0
9,88,28507,1,0
9,89,56564,1,0
9,90,9662,1,0
9,91,12018,1,0
9,92,12844,1,0
9,93,55937,1,0
9,94,310498,1,0
9,95,162200,1,0
9,96,11230,1,0
9,97,12743,1,0
9,98,11325,1,0
9,99,76235,1,0
9,100,12907,1,0
9,101,10789,1,0
9,102,12562,1,0
9,103,12653,1,0
9,104,77528,1,0
9,105,13837,1,0
9,106,14475,1,0
9,107,11713,1,0
9,108,10955,1,0
9,109,66399,1,0
9,110,11363,1,0
9,111,11523,1,0
9,112,528712,1,0
9,113,576389,1,0
9,114,560358,1,0
9,115,460853,1,0
9,116,319639,1,0
9,117,542739,1,0
9,118,415340,1,0
9,119,269820,1,0
9,120,117452,1,0
9,121,12750,1,0
9,122,95414,1,0
9,123,10514,1,0
9,124,10557,1,0
9,125,13584,1,0
9,126,11887,1,0
9,127,11417,1,0
9,128,20908,1,0
9,129,10557,1,0
9,130,12481,1,0
9,131,13027,1,0
9,132,11423,1,0
9,133,53582,1,0
9,134,10982,1,0
9,135,12011,1,0
9,136,10519,1,0
9,137,12000,1,0
9,138,96543,1,0
9,139,9860,1,0
9,140,11512,1,0
9,141,9895,1,0
9,142,11416,1,0
9,143,9647,1,0
9,144,233927,1,0
9,145,82799,1,0
9,146,9861,1,0
9,147,13529,1,0
9,148,13290,1,0
9,149,28719,1,0
9,150,12272,1,0
9,151,10390,1,0
9,152,10278,1,0
9,153,22697,1,0
9,154,23791,1,0
9,155,11767,1,0
9,156,12114,1,0
9,157,11805,1,0
9,158,10124,1,0
9,159,12411,1,0
9,160,30123,1,0
9,161,13340,1,0
9,162,11275,1,0
9,163,12241,1,0
9,164,9949,1,0
9,165,9268,1,0
9,166,11811,1,0
9,167,10307,1,0
9,168,10792,1,0
9,169,11864,1,0
9,170,9710,1,0
9,171,10737,1,0
9,172,12275,1,0
9,173,10627,1,0
9,174,9249,1,0
9,175,54836,1,0
9,176,14335,1,0
9,177,12069,1,0
9,178,12007,1,0
9,179,9766,1,0
9,180,60628,1,0
9,181,11707,1,0
9,182,12427,1,0
9,183,11940,1,0
9,184,12138,1,0
9,185,12182,1,0
9,186,44630,1,0
9,187,11479,1,0
9,188,9744,1,0
9,189,12772,1,0
9,190,10059,1,0
9,191,43642,1,0
9,192,10905,1,0
9,193,10777,1,0
9,194,9604,1,0
9,195,11775,1,0
9,196,22704,1,0
9,197,10032,1,0
9,198,9912,1,0
9,199,10206,1,0
9,200,9707,1,0
9,201,61690,1,0
9,202,10290,1,0
9,203,13702,1,0
9,204,12991,1,0
9,205,13622,1,0
9,206,16094,1,0
9,207,10835,1,0
9,208,11564,1,0
9,209,10511,1,0
9,210,10322,1,0
9,211,13320,1,0
9,212,8680,1,0
9,213,12669,1,0
9,214,12256,1,0
9,215,25080,1,0
9,216,11955,1,0
9,217,10242,1,0
9,218,18024,1,0
9,219,10258,1,0
9,220,10089,1,0
9,221,9888,1,0
9,222,11113,1,0
9,223,13265,1,0
9,224,10784,1,0
9,225,22596,1,0
9,226,217952,1,0
9,227,262231,1,0
9,228,153271,1,0
9,229,10848,1,0
9,230,17539,1,0
9,231,12683,1,0
9,232,9683,1,0
9,233,12215,1,0
9,234,10131,1,0
9,235,11314,1,0
9,236,84385,1,0
9,237,195421,1,0
9,238,11888,1,0
9,239,14178,1,0
9,240,10116,1,0
9,241,10920,1,0
9,242,26371,1,0
9,243,9515,1,0
9,244,12564,1,0
9,245,10478,1,0
9,246,12547,1,0
9,247,49949,1,0
9,248,10190,1,0
9,249,10723,1,0
9,250,10123,1,0
9,251,10101,1,0
9,252,52481,1,0
9,253,11383,1,0
9,254,11760,1,0
9,255,11418,1,0
9,256,13385,1,0
9,257,70713,1,0
9,258,9964,1,0
9,259,10648,1,0
9,260,11843,1,0
9,261,11897,1,0
9,262,123585,1,0
9,263,286220,1,0
9,264,77656,1,0
9,265,10660,1,0
9,266,12278,1,0
9,267,11753,1,0
9,268,12243,1,0
9,269,10773,1,0
9,270,8732,1,0
9,271,10482,1,0
9,272,9846,1,0
9,273,10476,1,0
9,274,10186,1,0
9,275,10608,1,0
9,276,10020,1,0
9,277,10525,1,0
9,278,25762,1,0
9,279,9965,1,0
9,280,12173,1,0
9,281,11817,1,0
9,282,17811,1,0
9,283,10307,1,0
9,284,10490,1,0
9,285,11678,1,0
9,286,11763,1,0
9,287,80577,1,0
9,288,10445,1,0
9,289,10579,1,0
9,290,11801,1,0
9,291,12489,1,0
9,292,37647,1,0
9,293,103053,1,0
9,294,12713,1,0
9,295,11880,1,0
9,296,9850,1,0
9,297,17210,1,0
9,298,12462,1,0
9,299,11726,1,0
9,300,12268,1,0
9,301,11993,1,0
9,302,11387,1,0
9,303,12628,1,0
9,304,13212,1,0
9,305,13178,1,0
9,306,52724,1,0
9,307,185286,1,0
9,308,609015,1,0
9,309,621733,1,0
9,310,594161,1,0
9,311,870058,1,0
9,312,697683,1,0
9,313,521581,1,0
9,314,471602,1,0
9,315,346038,1,0
9,316,224596,1,0
9,317,361046,1,0
9,318,199222,1,0
9,319,45261,1,0
9,320,10336,1,0
9,321,10991,1,0
9,322,12115,1,0
9,323,12664,1,0
9,324,9950,1,0
9,325,83955,1,0
9,326,10635,1,0
9,327,11901,1,0
9,328,13547,1,0
9,329,53812,1,0
9,330,45146,1,0
9,331,13634,1,0
9,332,89944,1,0
9,333,13774,1,0
9,334,12310,1,0
9,335,11820,1,0
9,336,62051,1,0
9,337,11338,1,0
9,338,12795,1,0
9,339,12230,1,0
9,340,10982,1,0
9,341,52568,1,0
9,342,10427,1,0
9,343,11707,1,0
9,344,11803,1,0
9,345,14263,1,0
9,346,41749,1,0
9,347,14081,1,0
9,348,11901,1,0
9,349,13093,1,0
9,350,181546,1,0
9,351,26505,1,0
9,352,107071,1,0
9,353,34205,1,0
9,354,10665,1,0
9,355,9852,1,0
9,356,10442,1,0
9,357,9846,1,0
9,358,9651,1,0
9,359,9841,1,0
9,360,9131,1,0
9,361,9355,1,0
9,362,24641,1,0
9,363,10595,1,0
9,364,10484,1,0
9,365,10303,1,0
9,366,11751,1,0
9,367,47779,1,0
9,368,9722,1,0
9,369,9319,1,0
9,370,9746,1,0
9,371,13924,1,0
9,372,10233,1,0
9,373,13399,1,0
9,374,11198,1,0
9,375,9909,1,0
9,376,10098,1,0
9,377,57112,1,0
9,378,53902,1,0
9,379,9429,1,0
9,380,9984,1,0
9,381,8754,1,0
9,382,10812,1,0
9,383,11044,1,0
9,384,11801,1,0
9,385,9697,1,0
9,386,9626,1,0
9,387,11566,1,0
9,388,10598,1,0
9,389,10951,1,0
9,390,9363,1,0
9,391,9923,1,0
9,392,9556,1,0
9,393,120343,1,0
9,394,10152,1,0
9,395,10636,1,0
9,396,9113,1,0
9,397,11325,1,0
9,398,47393,1,0
9,399,13056,1,0
9,400,9490,1,0
9,401,12112,1,0
9,402,11387,1,0
9,403,50965,1,0
9,404,9798,1,0
9,405,12349,1,0
9,406,12374,1,0
9,407,12429,1,0
9,408,19915,1,0
9,409,10908,1,0
9,410,9696,1,0
9,411,9990,1,0
9,412,11382,1,0
9,413,45082,1,0
9,414,10774,1,0
9,415,10100,1,0
9,416,10912,1,0
9,417,14707,1,0
9,418,21821,1,0
9,419,12206,1,0
9,420,12252,1,0
9,421,28923,1,0
9,422,13432,1,0
9,423,32696,1,0
9,424,10399,1,0
9,425,10624,1,0
9,426,11631,1,0
9,427,12537,1,0
9,428,26532,1,0
9,429,12720,1,0
9,430,12579,1,0
9,431,11099,1,0
9,432,11854,1,0
9,433,11629,1,0
9,434,73312,1,0
9,435,300650,1,0
9,436,113153,1,0
9,437,11941,1,0
9,438,12280,1,0
9,439,27340,1,0
9,440,20409,1,0
9,441,10520,1,0
9,442,12816,1,0
9,443,12422,1,0
9,444,28561,1,0
9,445,11634,1,0
9,446,10676,1,0
9,447,12467,1,0
9,448,11650,1,0
9,449,45574,1,0
9,450,10716,1,0
9,451,10630,1,0
9,452,10105,1,0
9,453,13450,1,0
9,454,16324,1,0
9,455,15271,1,0
9,456,11040,1,0
9,457,11408,1,0
9,458,11563,1,0
9,459,60242,1,0
9,460,104893,1,0
9,461,12635,1,0
9,462,13157,1,0
9,463,10424,1,0
9,464,9809,1,0
9,465,58550,1,0
9,466,12151,1,0
9,467,10817,1,0
9,468,12119,1,0
9,469,10548,1,0
9,470,33943,1,0
9,471,213144,1,0
9,472,119590,1,0
9,473,12500,1,0
9,474,10179,1,0
9,475,14046,1,0
9,476,28356,1,0
9,477,12569,1,0
9,478,12381,1,0
9,479,11772,1,0
9,480,10655,1,0
9,481,43111,1,0
9,482,9561,1,0
9,483,12146,1,0
9,484,12618,1,0
9,485,10105,1,0
9,486,20126,1,0
9,487,10774,1,0
9,488,12202,1,0
9,489,10530,1,0
9,490,11094,1,0
9,491,28601,1,0
9,492,12725,1,0
9,493,10420,1,0
9,494,9628,1,0
9,495,11820,1,0
9,496,19352,1,0
9,497,10000,1,0
9,498,10278,1,0
9,499,12158,1,0
9,500,26819,1,0
9,501,18207,1,0
9,502,73903,1,0
9,503,11552,1,0
9,504,10709,1,0
9,505,11818,1,0
9,506,21023,1,0
9,507,11697,1,0
9,508,13999,1,0
9,509,12729,1,0
9,510,10163,1,0
9,511,27649,1,0
9,512,104719,1,0
9,513,13142,1,0
9,514,11718,1,0
9,515,13057,1,0
9,516,12680,1,0
9,517,98595,1,0
9,518,10036,1,0
9,519,10384,1,0
9,520,9577,1,0
9,521,13990,1,0
9,522,96293,1,0
9,523,9556,1,0
9,524,11756,1,0
9,525,15954,1,0
9,526,9596,1,0
9,527,43845,1,0
9,528,9717,1,0
9,529,12212,1,0
9,530,9451,1,0
9,531,9815,1,0
9,532,12123,1,0
9,533,10385,1,0
9,534,15890,1,0
9,535,11694,1,0
9,536,12145,1,0
9,537,97489,1,0
9,538,90420,1,0
9,539,12360,1,0
9,540,14005,1,0
9,541,14955,1,0
9,542,23446,1,0
9,543,12187,1,0
9,544,10693,1,0
9,545,12143,1,0
9,546,11782,1,0
9,547,12489,1,0
9,548,17534,1,0
9,549,15564,1,0
9,550,11343,1,0
9,551,11684,1,0
9,552,52935,1,0
9,553,10282,1,0
9,554,10478,1,0
9,555,11403,1,0
9,556,9797,1,0
9,557,75937,1,0
9,558,11725,1,0
9,559,13554,1,0
9,560,11394,1,0
9,561,9123,1,0
9,562,22272,1,0
9,563,11069,1,0
9,564,11522,1,0
9,565,11959,1,0
9,566,11229,1,0
9,567,20177,1,0
9,568,9113,1,0
9,569,10620,1,0
9,570,11833,1,0
9,571,9488,1,0
9,572,20791,1,0
9,573,9247,1,0
9,574,12217,1,0
9,575,10157,1,0
9,576,11738,1,0
9,577,13933,1,0
9,578,9051,1,0
9,579,9831,1,0
9,580,9828,1,0
9,581,10181,1,0
9,582,11567,1,0
9,583,10735,1,0
9,584,10079,1,0
9,585,9777,1,0
9,586,11441,1,0
9,587,11877,1,0
9,588,170131,1,0
9,589,12658,1,0
9,590,11955,1,0
9,591,10339,1,0
9,592,10427,1,0
9,593,208275,1,0
9,594,10400,1,0
9,595,10841,1,0
9,596,9808,1,0
9,597,13306,1,0
9,598,42091,1,0
9,599,11970,1,0
10,0,80681,1,0
10,1,86366,1,0
10,2,13250,1,0
10,3,12802,1,0
10,4,12214,1,0
10,5,28143,1,0
10,6,13489,1,0
10,7,27139,1,0
10,8,34677,1,0
10,9,31474,1,0
10,10,12801,1,0
10,11,11752,1,0
10,12,12248,1,0
10,13,12517,1,0
10,14,13035,1,0
10,15,11575,1,0
10,16,12942,1,0
10,17,23021,1,0
10,18,9420,1,0
10,19,13673,1,0
10,20,14807,1,0
10,21,13071,1,0
10,22,13131,1,0
10,23,13574,1,0
10,24,12013,1,0
10,25,12193,1,0
10,26,11086,1,0
10,27,14142,1,0
10,28,11701,1,0
10,29,12722,1,0
10,30,70351,1,0
10,31,13577,1,0
10,32,14376,1,0
10,33,12030,1,0
10,34,11315,1,0
10,35,196129,1,0
10,36,82060,1,0
10,37,23473,1,0
10,38,12572,1,0
10,39,13589,1,0
10,40,140065,1,0
10,41,42058,1,0
10,42,11138,1,0
10,43,12187,1,0
10,44,12573,1,0
10,45,174443,1,0
10,46,227670,1,0
10,47,181480,1,0
10,48,93690,1,0
10,49,13214,1,0
10,50,11823,1,0
10,51,13244,1,0
10,52,12101,1,0
10,53,12949,1,0
10,54,12454,1,0
10,55,11976,1,0
10,56,44997,1,0
10,57,248413,1,0
10,58,287796,1,0
10,59,217415,1,0
10,60,74725,1,0
10,61,9071,1,0
10,62,79941,1,0
10,63,11625,1,0
10,64,9172,1,0
10,65,51258,1,0
10,66,615289,1,0
10,67,916597,1,0
10,68,945587,1,0
10,69,870234,1,0
10,70,817450,1,0
10,71,741012,1,0
10,72,719272,1,0
10,73,697076,1,0
10,74,641394,1,0
10,75,527594,1,0
10,76,477468,1,0
10,77,628543,1,0
10,78,920931,1,0
10,79,753827,1,0
10,80,584890,1,0
10,81,391725,1,0
10,82,176497,1,0
10,83,288458,1,0
10,84,247740,1,0
10,85,87578,1,0
10,86,12300,1,0
10,87,13665,1,0
10,88,26217,1,0
10,89,52943,1,0
10,90,12208,1,0
10,91,12454,1,0
10,92,13374,1,0
10,93,58607,1,0
10,94,310515,1,0
10,95,159610,1,0
10,96,13132,1,0
10,97,12774,1,0
10,98,13606,1,0
10,99,75697,1,0
10,100,12419,1,0
10,101,12925,1,0
10,102,12585,1,0
10,103,11522,1,0
10,104,75629,1,0
10,105,12669,1,0
10,106,13624,1,0
10,107,13494,1,0
10,108,12233,1,0
10,109,66156,1,0
10,110,12389,1,0
10,111,11695,1,0
10,112,539562,1,0
10,113,575833,1,0
10,114,558555,1,0
10,115,460115,1,0
10,116,322332,1,0
10,117,541057,1,0
10,118,415726,1,0
10,119,268602,1,0
10,120,115111,1,0
10,121,11862,1,0
10,122,93406,1,0
10,123,11792,1,0
10,124,11992,1,0
10,125,11584,1,0
10,126,11418,1,0
10,127,27399,1,0
10,128,17628,1,0
10,129,8981,1,0
10,130,8875,1,0
10,131,10942,1,0
10,132,12627,1,0
10,133,49448,1,0
10,134,9862,1,0
10,135,13973,1,0
10,136,11473,1,0
10,137,11913,1,0
10,138,93203,1,0
10,139,9228,1,0
10,140,12442,1,0
10,141,9679,1,0
10,142,13641,1,0
10,143,12115,1,0
10,144,12950,1,0
10,145,80853,1,0
10,146,12687,1,0
10,147,12350,1,0
10,148,13441,1,0
10,149,27486,1,0
10,150,12007,1,0
10,151,10939,1,0
10,152,11663,1,0
10,153,20852,1,0
10,154,20882,1,0
10,155,10725,1,0
10,156,11546,1,0
10,157,12266,1,0
10,158,10617,1,0
10,159,12674,1,0
10,160,27840,1,0
10,161,11703,1,0
10,162,10875,1,0
10,163,13025,1,0
10,164,11802,1,0
10,165,10492,1,0
10,166,9947,1,0
10,167,10910,1,0
10,168,11650,1,0
10,169,9446,1,0
10,170,11958,1,0
10,171,9937,1,0
10,172,11638,1,0
10,173,10838,1,0
10,174,9233,1,0
10,175,54010,1,0
10,176,13094,1,0
10,177,11318,1,0
10,178,10868,1,0
10,179,9580,1,0
10,180,66499,1,0
10,181,9227,1,0
10,182,10622,1,0
10,183,11565,1,0
10,184,9250,1,0
10,185,11401,1,0
10,186,41831,1,0
10,187,10724,1,0
10,188,11405,1,0
10,189,11116,1,0
10,190,12496,1,0
10,191,41486,1,0
10,192,11512,1,0
10,193,10223,1,0
10,194,9335,1,0
10,195,11940,1,0
10,196,19683,1,0
10,197,9269,1,0
10,198,9338,1,0
10,199,11417,1,0
10,200,10344,1,0
10,201,57717,1,0
10,202,12279,1,0
10,203,12711,1,0
10,204,14723,1,0
10,205,13411,1,0
10,206,12915,1,0
10,207,11201,1,0
10,208,12832,1,0
10,209,12226,1,0
10,210,11451,1,0
10,211,13283,1,0
10,212,11111,1,0
10,213,13059,1,0
10,214,11978,1,0
10,215,21115,1,0
10,216,9490,1,0
10,217,12185,1,0
10,218,16997,1,0
10,219,15446,1,0
10,220,17943,1,0
10,221,10523,1,0
10,222,10620,1,0
10,223,12030,1,0
10,224,12133,1,0
10,225,22378,1,0
10,226,216299,1,0
10,227,260519,1,0
10,228,151834,1,0
10,229,11590,1,0
10,230,16810,1,0
10,231,10013,1,0
10,232,9467,1,0
10,233,9615,1,0
10,234,13005,1,0
10,235,11172,1,0
10,236,94107,1,0
10,237,195426,1,0
10,238,12383,1,0
10,239,11321,1,0
10,240,11840,1,0
10,241,11208,1,0
10,242,24286,1,0
10,243,10736,1,0
10,244,10899,1,0
10,245,11521,1,0
10,246,10978,1,0
10,247,47635,1,0
10,248,13518,1,0
10,249,12195,1,0
10,250,10771,1,0
10,251,11348,1,0
10,252,48726,1,0
10,253,9280,1,0
10,254,9596,1,0
10,255,10666,1,0
10,256,9270,1,0
10,257,69679,1,0
10,258,12406,1,0
10,259,11851,1,0
10,260,10606,1,0
10,261,13054,1,0
10,262,138016,1,0
10,263,283557,1,0
10,264,76378,1,0
10,265,11665,1,0
10,266,9116,1,0
10,267,9799,1,0
10,268,10895,1,0
10,269,11137,1,0
10,270,10699,1,0
10,271,9297,1,0
10,272,12323,1,0
10,273,11238,1,0
10,274,11476,1,0
10,275,11683,1,0
10,276,11702,1,0
10,277,11259,1,0
10,278,23287,1,0
10,279,11088,1,0
10,280,12371,1,0
10,281,9306,1,0
10,282,15176,1,0
10,283,11226,1,0
10,284,9456,1,0
10,285,11104,1,0
10,286,10560,1,0
10,287,79958,1,0
10,288,11818,1,0
10,289,11745,1,0
10,290,10468,1,0
10,291,13490,1,0
10,292,36495,1,0
10,293,101932,1,0
10,294,11595,1,0
10,295,11587,1,0
10,296,9445,1,0
10,297,13523,1,0
10,298,11741,1,0
10,299,11648,1,0
10,300,11116,1,0
10,301,12052,1,0
10,302,11014,1,0
10,303,9870,1,0
10,304,11032,1,0
10,305,13636,1,0
10,306,53106,1,0
10,307,184279,1,0
10,308,613764,1,0
10,309,620727,1,0
10,310,620767,1,0
10,311,867605,1,0
10,312,694169,1,0
10,313,538574,1,0
10,314,468960,1,0
10,315,344737,1,0
10,316,223556,1,0
10,317,361270,1,0
10,318,198154,1,0
10,319,45635,1,0
10,320,10606,1,0
10,321,13367,1,0
10,322,12058,1,0
10,323,11186,1,0
10,324,10939,1,0
10,325,80948,1,0
10,326,11730,1,0
10,327,12049,1,0
10,328,12732,1,0
10,329,73480,1,0
10,330,40853,1,0
10,331,11514,1,0
10,332,87515,1,0
10,333,10363,1,0
10,334,11805,1,0
10,335,11878,1,0
10,336,62273,1,0
10,337,10171,1,0
10,338,10734,1,0
10,339,13288,1,0
10,340,11151,1,0
10,341,65882,1,0
10,342,12059,1,0
10,343,11332,1,0
10,344,9467,1,0
10,345,10796,1,0
10,346,66533,1,0
10,347,16690,1,0
10,348,11566,1,0
10,349,12957,1,0
10,350,179852,1,0
10,351,23835,1,0
10,352,107705,1,0
10,353,11384,1,0
10,354,12183,1,0
10,355,10864,1,0
10,356,10346,1,0
10,357,11413,1,0
10,358,11128,1,0
10,359,10925,1,0
10,360,11712,1,0
10,361,9885,1,0
10,362,24174,1,0
10,363,12586,1,0
10,364,11178,1,0
10,365,16275,1,0
10,366,9906,1,0
10,367,43698,1,0
10,368,11150,1,0
10,369,8890,1,0
10,370,10722,1,0
10,371,11721,1,0
10,372,11633,1,0
10,373,11949,1,0
10,374,11604,1,0
10,375,13862,1,0
10,376,11709,1,0
10,377,69808,1,0
10,378,53226,1,0
10,379,12515,1,0
10,380,12136,1,0
10,381,11001,1,0
10,382,9769,1,0
10,383,11132,1,0
10,384,11292,1,0
10,385,11957,1,0
10,386,11184,1,0
10,387,11781,1,0
10,388,9697,1,0
10,389,11120,1,0
10,390,8687,1,0
10,391,11395,1,0
10,392,11776,1,0
10,393,116572,1,0
10,394,11373,1,0
10,395,8530,1,0
10,396,11302,1,0
10,397,9376,1,0
10,398,44389,1,0
10,399,8927,1,0
10,400,10495,1,0
10,401,11129,1,0
10,402,10857,1,0
10,403,49120,1,0
10,404,9813,1,0
10,405,10773,1,0
10,406,13384,1,0
10,407,11638,1,0
10,408,31724,1,0
10,409,12090,1,0
10,410,11099,1,0
10,411,10962,1,0
10,412,11278,1,0
10,413,40846,1,0
10,414,11006,1,0
10,415,12206,1,0
10,416,12428,1,0
10,417,13052,1,0
10,418,19770,1,0
10,419,10737,1,0
10,420,10614,1,0
10,421,33244,1,0
10,422,11485,1,0
10,423,28764,1,0
10,424,11038,1,0
10,425,11984,1,0
10,426,12341,1,0
10,427,12211,1,0
10,428,23649,1,0
10,429,10979,1,0
10,430,11165,1,0
10,431,9459,1,0
10,432,12168,1,0
10,433,10518,1,0
10,434,71962,1,0
10,435,298988,1,0
10,436,109645,1,0
10,437,11635,1,0
10,438,11500,1,0
10,439,24477,1,0
10,440,16682,1,0
10,441,11646,1,0
10,442,11905,1,0
10,443,11580,1,0
10,444,38701,1,0
10,445,11560,1,0
10,446,9359,1,0
10,447,9111,1,0
10,448,10094,1,0
10,449,43001,1,0
10,450,9561,1,0
10,451,12889,1,0
10,452,11307,1,0
10,453,11604,1,0
10,454,13454,1,0
10,455,12666,1,0
10,456,13729,1,0
10,457,12368,1,0
10,458,17443,1,0
10,459,74568,1,0
10,460,106008,1,0
10,461,10607,1,0
10,462,10048,1,0
10,463,10777,1,0
10,464,10356,1,0
10,465,57206,1,0
10,466,13442,1,0
10,467,11591,1,0
10,468,11366,1,0
10,469,11633,1,0
10,470,32736,1,0
10,471,209029,1,0
10,472,115878,1,0
10,473,8649,1,0
10,474,10834,1,0
10,475,11791,1,0
10,476,24027,1,0
10,477,10943,1,0
10,478,11980,1,0
10,479,12424,1,0
10,480,11150,1,0
10,481,39922,1,0
10,482,11381,1,0
10,483,14015,1,0
10,484,11903,1,0
10,485,9584,1,0
10,486,16325,1,0
10,487,11086,1,0
10,488,13072,1,0
10,489,16782,1,0
10,490,11542,1,0
10,491,25638,1,0
10,492,10249,1,0
10,493,11583,1,0
10,494,12356,1,0
10,495,10425,1,0
10,496,17032,1,0
10,497,12572,1,0
10,498,10903,1,0
10,499,13341,1,0
10,500,29638,1,0
10,501,27532,1,0
10,502,70995,1,0
10,503,11634,1,0
10,504,10967,1,0
10,505,11751,1,0
10,506,17673,1,0
10,507,10941,1,0
10,508,13259,1,0
10,509,12647,1,0
10,510,12592,1,0
10,511,27721,1,0
10,512,103246,1,0
10,513,11668,1,0
10,514,11107,1,0
10,515,9499,1,0
10,516,11946,1,0
10,517,96851,1,0
10,518,10304,1,0
10,519,10467,1,0
10,520,11142,1,0
10,521,12977,1,0
10,522,94107,1,0
10,523,8497,1,0
10,524,11331,1,0
10,525,13211,1,0
10,526,10385,1,0
10,527,40938,1,0
10,528,11109,1,0
10,529,11708,1,0
10,530,12281,1,0
10,531,13218,1,0
10,532,13758,1,0
10,533,12907,1,0
10,534,14715,1,0
10,535,11801,1,0
10,536,11812,1,0
10,537,95502,1,0
10,538,87237,1,0
10,539,11233,1,0
10,540,12486,1,0
10,541,13088,1,0
10,542,20125,1,0
10,543,11845,1,0
10,544,9412,1,0
10,545,12657,1,0
10,546,12527,1,0
10,547,18233,1,0
10,548,15923,1,0
10,549,18129,1,0
10,550,11485,1,0
10,551,10558,1,0
10,552,49309,1,0
10,553,12275,1,0
10,554,10990,1,0
10,555,12266,1,0
10,556,12152,1,0
10,557,89257,1,0
10,558,9969,1,0
10,559,11466,1,0
10,560,9048,1,0
10,561,9051,1,0
10,562,20393,1,0
10,563,9755,1,0
10,564,11275,1,0
10,565,12470,1,0
10,566,10423,1,0
10,567,33209,1,0
10,568,8544,1,0
10,569,8618,1,0
10,570,10995,1,0
10,571,9151,1,0
10,572,17423,1,0
10,573,11462,1,0
10,574,12422,1,0
10,575,11626,1,0
10,576,8786,1,0
10,577,12412,1,0
10,578,11741,1,0
10,579,13941,1,0
10,580,11167,1,0
10,581,11653,1,0
10,582,12074,1,0
10,583,10709,1,0
10,584,11221,1,0
10,585,10274,1,0
10,586,12443,1,0
10,587,12474,1,0
10,588,167738,1,0
10,589,10973,1,0
10,590,11019,1,0
10,591,9474,1,0
10,592,11581,1,0
10,593,205779,1,0
10,594,13395,1,0
10,595,14693,1,0
10,596,8970,1,0
10,597,11218,1,0
10,598,38404,1,0
10,599,11332,1,0
11,0,79072,1,0
11,1,87278,1,0
11,2,13350,1,0
11,3,11545,1,0
11,4,11343,1,0
11,5,29379,1,0
11,6,12896,1,0
11,7,27791,1,0
11,8,32586,1,0
11,9,29065,1,0
11,10,10769,1,0
11,11,11271,1,0
11,12,12683,1,0
11,13,11758,1,0
11,14,11097,1,0
11,15,10981,1,0
11,16,13267,1,0
11,17,25402,1,0
11,18,11729,1,0
11,19,12624,1,0
11,20,12961,1,0
11,21,12140,1,0
11,22,11163,1,0
11,23,12549,1,0
11,24,12128,1,0
11,25,11346,1,0
11,26,11254,1,0
11,27,16227,1,0
11,28,12918,1,0
11,29,11119,1,0
11,30,67794,1,0
11,31,12561,1,0
11,32,12728,1,0
11,33,13485,1,0
11,34,12204,1,0
11,35,196103,1,0
11,36,80920,1,0
11,37,29461,1,0
11,38,13646,1,0
11,39,12686,1,0
11,40,138465,1,0
11,41,41669,1,0
11,42,13370,1,0
11,43,12014,1,0
11,44,12592,1,0
11,45,173559,1,0
11,46,228712,1,0
11,47,181334,1,0
11,48,90719,1,0
11,49,11875,1,0
11,50,11610,1,0
11,51,12604,1,0
11,52,12356,1,0
11,53,12074,1,0
11,54,12933,1,0
11,55,13232,1,0
11,56,43881,1,0
11,57,251389,1,0
11,58,288162,1,0
11,59,216546,1,0
11,60,74446,1,0
11,61,13567,1,0
11,62,95699,1,0
11,63,13807,1,0
11,64,12713,1,0
11,65,65582,1,0
11,66,618610,1,0
11,67,943327,1,0
11,68,944753,1,0
11,69,870305,1,0
11,70,816839,1,0
11,71,741608,1,0
11,72,715919,1,0
11,73,695609,1,0
11,74,640036,1,0
11,75,527920,1,0
11,76,476344,1,0
11,77,627993,1,0
11,78,918128,1,0
11,79,750761,1,0
11,80,582774,1,0
11,81,388641,1,0
11,82,173251,1,0
11,83,286157,1,0
11,84,246642,1,0
11,85,83118,1,0
11,86,12188,1,0
11,87,12545,1,0
11,88,24506,1,0
11,89,50862,1,0
11,90,11857,1,0
11,91,11799,1,0
11,92,12964,1,0
11,93,61811,1,0
11,94,309272,1,0
11,95,156837,1,0
11,96,12053,1,0
11,97,13925,1,0
11,98,11809,1,0
11,99,74439,1,0
11,100,12914,1,0
11,101,11634,1,0
11,102,10455,1,0
11,103,12626,1,0
11,104,72730,1,0
11,105,11440,1,0
11,106,13046,1,0
11,107,12763,1,0
11,108,10976,1,0
11,109,63819,1,0
11,110,10760,1,0
11,111,10940,1,0
11,112,538321,1,0
11,113,580062,1,0
11,114,555720,1,0
11,115,459212,1,0
11,116,320735,1,0
11,117,540239,1,0
11,118,418245,1,0
11,119,266214,1,0
11,120,111872,1,0
11,121,10896,1,0
11,122,92022,1,0
11,123,10531,1,0
11,124,11585,1,0
11,125,11120,1,0
11,126,10696,1,0
11,127,25195,1,0
11,128,13916,1,0
11,129,12115,1,0
11,130,10303,1,0
11,131,11524,1,0
11,132,12502,1,0
11,133,47871,1,0
11,134,10486,1,0
11,135,15578,1,0
11,136,10121,1,0
11,137,12456,1,0
11,138,108185,1,0
11,139,11774,1,0
11,140,12531,1,0
11,141,11771,1,0
11,142,14069,1,0
11,143,11088,1,0
11,144,227722,1,0
11,145,78596,1,0
11,146,8720,1,0
11,147,10731,1,0
11,148,13342,1,0
11,149,24745,1,0
11,150,11484,1,0
11,151,11633,1,0
11,152,11207,1,0
11,153,18400,1,0
11,154,18738,1,0
11,155,11600,1,0
11,156,12103,1,0
11,157,12045,1,0
11,158,12564,1,0
11,159,12953,1,0
11,160,27252,1,0
11,161,12857,1,0
11,162,11635,1,0
11,163,11505,1,0
11,164,11718,1,0
11,165,9355,1,0
11,166,10946,1,0
11,167,11529,1,0
11,168,10925,1,0
11,169,12283,1,0
11,170,11814,1,0
11,171,9931,1,0
11,172,10433,1,0
11,173,9837,1,0
11,174,10112,1,0
11,175,88268,1,0
11,176,12248,1,0
11,177,11403,1,0
11,178,11521,1,0
11,179,10972,1,0
11,180,64084,1,0
11,181,11668,1,0
11,182,11334,1,0
11,183,10793,1,0
11,184,12291,1,0
11,185,9277,1,0
11,186,41251,1,0
11,187,9945,1,0
11,188,9942,1,0
11,189,10751,1,0
11,190,10304,1,0
11,191,39474,1,0
11,192,9778,1,0
11,193,10404,1,0
11,194,9730,1,0
11,195,10411,1,0
11,196,17217,1,0
11,197,12062,1,0
11,198,11062,1,0
11,199,10581,1,0
11,200,11309,1,0
11,201,55892,1,0
11,202,10698,1,0
11,203,10610,1,0
11,204,24704,1,0
11,205,11759,1,0
11,206,12375,1,0
11,207,9928,1,0
11,208,11126,1,0
11,209,10220,1,0
11,210,12380,1,0
11,211,12609,1,0
11,212,11288,1,0
11,213,11225,1,0
11,214,12759,1,0
11,215,18945,1,0
11,216,17401,1,0
11,217,10570,1,0
11,218,14973,1,0
11,219,13681,1,0
11,220,15133,1,0
11,221,10642,1,0
11,222,10121,1,0
11,223,11539,1,0
11,224,12566,1,0
11,225,20827,1,0
11,226,214154,1,0
11,227,257994,1,0
11,228,151272,1,0
11,229,10879,1,0
11,230,14362,1,0
11,231,12080,1,0
11,232,14242,1,0
11,233,11251,1,0
11,234,11746,1,0
11,235,10694,1,0
11,236,91470,1,0
11,237,195443,1,0
11,238,11117,1,0
11,239,10266,1,0
11,240,10169,1,0
11,241,8264,1,0
11,242,19813,1,0
11,243,11010,1,0
11,244,10586,1,0
11,245,10857,1,0
11,246,9613,1,0
11,247,44063,1,0
11,248,11952,1,0
11,249,11954,1,0
11,250,10378,1,0
11,251,11068,1,0
11,252,48861,1,0
11,253,16866,1,0
11,254,10427,1,0
11,255,9793,1,0
11,256,11858,1,0
11,257,67955,1,0
11,258,10659,1,0
11,259,10394,1,0
11,260,11801,1,0
11,261,11770,1,0
11,262,137206,1,0
11,263,282576,1,0
11,264,72302,1,0
11,265,8519,1,0
11,266,10637,1,0
11,267,9845,1,0
11,268,10777,1,0
11,269,10093,1,0
11,270,10926,1,0
11,271,11110,1,0
11,272,10670,1,0
11,273,11080,1,0
11,274,10507,1,0
11,275,11376,1,0
11,276,10977,1,0
11,277,10020,1,0
11,278,21549,1,0
11,279,10224,1,0
11,280,10656,1,0
11,281,11528,1,0
11,282,11388,1,0
11,283,11491,1,0
11,284,10642,1,0
11,285,11968,1,0
11,286,11111,1,0
11,287,78256,1,0
11,288,11685,1,0
11,289,10436,1,0
11,290,11296,1,0
11,291,11858,1,0
11,292,36053,1,0
11,293,101650,1,0
11,294,11837,1,0
11,295,10499,1,0
11,296,12996,1,0
11,297,25249,1,0
11,298,12214,1,0
11,299,10536,1,0
11,300,11521,1,0
11,301,10513,1,0
11,302,17863,1,0
11,303,10574,1,0
11,304,12104,1,0
11,305,11609,1,0
11,306,53465,1,0
11,307,185297,1,0
11,308,614014,1,0
11,309,621330,1,0
11,310,618987,1,0
11,311,866241,1,0
11,312,691092,1,0
11,313,536356,1,0
11,314,466166,1,0
11,315,344225,1,0
11,316,220102,1,0
11,317,360275,1,0
11,318,200620,1,0
11,319,47907,1,0
11,320,10318,1,0
11,321,12238,1,0
11,322,11822,1,0
11,323,16470,1,0
11,324,12327,1,0
11,325,80797,1,0
11,326,9754,1,0
11,327,10304,1,0
11,328,10563,1,0
11,329,117701,1,0
11,330,38530,1,0
11,331,11651,1,0
11,332,84070,1,0
11,333,10687,1,0
11,334,11872,1,0
11,335,11030,1,0
11,336,61576,1,0
11,337,11899,1,0
11,338,12815,1,0
11,339,13267,1,0
11,340,12093,1,0
11,341,65083,1,0
11,342,11686,1,0
11,343,11351,1,0
11,344,11555,1,0
11,345,11066,1,0
11,346,63640,1,0
11,347,15286,1,0
11,348,14223,1,0
11,349,12342,1,0
11,350,177793,1,0
11,351,22594,1,0
11,352,109338,1,0
11,353,18779,1,0
11,354,11987,1,0
11,355,9434,1,0
11,356,11698,1,0
11,357,11474,1,0
11,358,10946,1,0
11,359,11558,1,0
11,360,10994,1,0
11,361,11923,1,0
11,362,21959,1,0
11,363,10357,1,0
11,364,11541,1,0
11,365,12291,1,0
11,366,11568,1,0
11,367,39554,1,0
11,368,9090,1,0
11,369,12134,1,0
11,370,10979,1,0
11,371,13574,1,0
11,372,10358,1,0
11,373,11550,1,0
11,374,10786,1,0
11,375,11201,1,0
11,376,9937,1,0
11,377,80440,1,0
11,378,48430,1,0
11,379,9814,1,0
11,380,10254,1,0
11,381,10301,1,0
11,382,10371,1,0
11,383,10291,1,0
11,384,11457,1,0
11,385,11408,1,0
11,386,9363,1,0
11,387,10547,1,0
11,388,10521,1,0
11,389,10162,1,0
11,390,9529,1,0
11,391,11075,1,0
11,392,12434,1,0
11,393,115857,1,0
11,394,11580,1,0
11,395,10074,1,0
11,396,10526,1,0
11,397,9433,1,0
11,398,41260,1,0
11,399,12379,1,0
11,400,10371,1,0
11,401,12402,1,0
11,402,10944,1,0
11,403,47907,1,0
11,404,12301,1,0
11,405,10265,1,0
11,406,11656,1,0
11,407,11193,1,0
11,408,28227,1,0
11,409,11965,1,0
11,410,12551,1,0
11,411,11156,1,0
11,412,11006,1,0
11,413,38697,1,0
11,414,11446,1,0
11,415,11004,1,0
11,416,10398,1,0
11,417,11078,1,0
11,418,30833,1,0
11,419,11280,1,0
11,420,11714,1,0
11,421,32558,1,0
11,422,10680,1,0
11,423,41932,1,0
11,424,11024,1,0
11,425,10422,1,0
11,426,10402,1,0
11,427,10279,1,0
11,428,32882,1,0
11,429,12118,1,0
11,430,11311,1,0
11,431,11856,1,0
11,432,10804,1,0
11,433,10764,1,0
11,434,82355,1,0
11,435,296179,1,0
11,436,106044,1,0
11,437,11675,1,0
11,438,10257,1,0
11,439,23539,1,0
11,440,14380,1,0
11,441,9943,1,0
11,442,10559,1,0
11,443,8249,1,0
11,444,36319,1,0
11,445,10993,1,0
11,446,12169,1,0
11,447,12139,1,0
11,448,10725,1,0
11,449,39884,1,0
11,450,12948,1,0
11,451,11729,1,0
11,452,9730,1,0
11,453,12123,1,0
11,454,12096,1,0
11,455,10317,1,0
11,456,12626,1,0
11,457,12751,1,0
11,458,14572,1,0
11,459,73159,1,0
11,460,105020,1,0
11,461,11845,1,0
11,462,10129,1,0
11,463,10039,1,0
11,464,11252,1,0
11,465,54033,1,0
11,466,11465,1,0
11,467,11231,1,0
11,468,12039,1,0
11,469,10080,1,0
11,470,31173,1,0
11,471,206443,1,0
11,472,112645,1,0
11,473,12302,1,0
11,474,11025,1,0
11,475,10744,1,0
11,476,19913,1,0
11,477,9952,1,0
11,478,10640,1,0
11,479,11440,1,0
11,480,10651,1,0
11,481,39607,1,0
11,482,9617,1,0
11,483,11997,1,0
11,484,11091,1,0
11,485,11024,1,0
11,486,12757,1,0
11,487,10648,1,0
11,488,12924,1,0
11,489,15730,1,0
11,490,11006,1,0
11,491,23230,1,0
11,492,12382,1,0
11,493,10313,1,0
11,494,11062,1,0
11,495,11086,1,0
11,496,13373,1,0
11,497,12259,1,0
11,498,11231,1,0
11,499,11850,1,0
11,500,29857,1,0
11,501,28847,1,0
11,502,67792,1,0
11,503,10544,1,0
11,504,12763,1,0
11,505,9617,1,0
11,506,29668,1,0
11,507,12276,1,0
11,508,10461,1,0
11,509,9965,1,0
11,510,9282,1,0
11,511,25596,1,0
11,512,100002,1,0
11,513,10556,1,0
11,514,10186,1,0
11,515,11710,1,0
11,516,11931,1,0
11,517,95228,1,0
11,518,10078,1,0
11,519,8962,1,0
11,520,9997,1,0
11,521,10349,1,0
11,522,91107,1,0
11,523,10933,1,0
11,524,10963,1,0
11,525,13643,1,0
11,526,12400,1,0
11,527,37974,1,0
11,528,9723,1,0
11,529,11448,1,0
11,530,9869,1,0
11,531,11502,1,0
11,532,9830,1,0
11,533,11811,1,0
11,534,20700,1,0
11,535,12335,1,0
11,536,11609,1,0
11,537,108107,1,0
11,538,83566,1,0
11,539,10065,1,0
11,540,12632,1,0
11,541,12427,1,0
11,542,18224,1,0
11,543,14577,1,0
11,544,12521,1,0
11,545,12308,1,0
11,546,15632,1,0
11,547,15819,1,0
11,548,12260,1,0
11,549,18524,1,0
11,550,11273,1,0
11,551,10732,1,0
11,552,47115,1,0
11,553,10881,1,0
11,554,10790,1,0
11,555,11698,1,0
11,556,9730,1,0
11,557,85966,1,0
11,558,10940,1,0
11,559,11306,1,0
11,560,11401,1,0
11,561,10752,1,0
11,562,16707,1,0
11,563,11377,1,0
11,564,10647,1,0
11,565,11483,1,0
11,566,12924,1,0
11,567,32459,1,0
11,568,11123,1,0
11,569,10813,1,0
11,570,12373,1,0
11,571,11419,1,0
11,572,20048,1,0
11,573,12128,1,0
11,574,10453,1,0
11,575,8242,1,0
11,576,10246,1,0
11,577,9812,1,0
11,578,9775,1,0
11,579,11919,1,0
11,580,10622,1,0
11,581,10064,1,0
11,582,12966,1,0
11,583,12590,1,0
11,584,11906,1,0
11,585,10293,1,0
11,586,10454,1,0
11,587,15868,1,0
11,588,165251,1,0
11,589,11985,1,0
11,590,12255,1,0
11,591,11116,1,0
11,592,11874,1,0
11,593,202668,1,0
11,594,10746,1,0
11,595,12750,1,0
11,596,10447,1,0
11,597,10340,1,0
11,598,35462,1,0
11,599,14762,1,0
12,0,76638,1,0
12,1,87969,1,0
12,2,13995,1,0
12,3,18677,1,0
12,4,13141,1,0
12,5,28209,1,0
12,6,13333,1,0
12,7,30741,1,0
12,8,30731,1,0
12,9,28316,1,0
12,10,12024,1,0
12,11,18023,1,0
12,12,13176,1,0
12,13,10487,1,0
12,14,12518,1,0
12,15,12625,1,0
12,16,13175,1,0
12,17,26970,1,0
12,18,11905,1,0
12,19,13245,1,0
12,20,12949,1,0
12,21,12722,1,0
12,22,12243,1,0
12,23,11686,1,0
12,24,11646,1,0
12,25,13238,1,0
12,26,13891,1,0
12,27,17348,1,0
12,28,10167,1,0
12,29,11959,1,0
12,30,65345,1,0
12,31,12333,1,0
12,32,12157,1,0
12,33,12351,1,0
12,34,12801,1,0
12,35,193840,1,0
12,36,78149,1,0
12,37,35677,1,0
12,38,12320,1,0
12,39,12575,1,0
12,40,148399,1,0
12,41,41147,1,0
12,42,12366,1,0
12,43,10101,1,0
12,44,13340,1,0
12,45,184501,1,0
12,46,227226,1,0
12,47,177587,1,0
12,48,89118,1,0
12,49,13740,1,0
12,50,13378,1,0
12,51,12882,1,0
12,52,12182,1,0
12,53,13946,1,0
12,54,10718,1,0
12,55,10296,1,0
12,56,54882,1,0
12,57,248877,1,0
12,58,287353,1,0
12,59,213472,1,0
12,60,70664,1,0
12,61,12050,1,0
12,62,93963,1,0
12,63,11952,1,0
12,64,10652,1,0
12,65,70561,1,0
12,66,620614,1,0
12,67,948520,1,0
12,68,943347,1,0
12,69,868454,1,0
12,70,815143,1,0
12,71,741619,1,0
12,72,728418,1,0
12,73,694100,1,0
12,74,636140,1,0
12,75,524257,1,0
12,76,474278,1,0
12,77,626145,1,0
12,78,913365,1,0
12,79,749308,1,0
12,80,577697,1,0
12,81,387922,1,0
12,82,169390,1,0
12,83,283424,1,0
12,84,243655,1,0
12,85,80258,1,0
12,86,11734,1,0
12,87,15364,1,0
12,88,24183,1,0
12,89,50422,1,0
12,90,11256,1,0
12,91,11249,1,0
12,92,13940,1,0
12,93,68347,1,0
12,94,307923,1,0
12,95,154342,1,0
12,96,11726,1,0
12,97,12626,1,0
12,98,12378,1,0
12,99,72253,1,0
12,100,12084,1,0
12,101,10803,1,0
12,102,13206,1,0
12,103,12942,1,0
12,104,68697,1,0
12,105,12286,1,0
12,106,11979,1,0
12,107,12967,1,0
12,108,12853,1,0
12,109,72698,1,0
12,110,13196,1,0
12,111,11448,1,0
12,112,535775,1,0
12,113,576777,1,0
12,114,552716,1,0
12,115,458223,1,0
12,116,318730,1,0
12,117,538933,1,0
12,118,418336,1,0
12,119,261834,1,0
12,120,108570,1,0
12,121,11539,1,0
12,122,103385,1,0
12,123,9853,1,0
12,124,12611,1,0
12,125,12208,1,0
12,126,12684,1,0
12,127,22720,1,0
12,128,9725,1,0
12,129,9987,1,0
12,130,11635,1,0
12,131,12129,1,0
12,132,11073,1,0
12,133,45090,1,0
12,134,9634,1,0
12,135,13870,1,0
12,136,11830,1,0
12,137,11904,1,0
12,138,105225,1,0
12,139,9502,1,0
12,140,10585,1,0
12,141,10164,1,0
12,142,10765,1,0
12,143,14449,1,0
12,144,236698,1,0
12,145,74285,1,0
12,146,10705,1,0
12,147,12251,1,0
12,148,13576,1,0
12,149,33774,1,0
12,150,11310,1,0
12,151,9969,1,0
12,152,10445,1,0
12,153,14886,1,0
12,154,14385,1,0
12,155,13743,1,0
12,156,13141,1,0
12,157,11327,1,0
12,158,10380,1,0
12,159,12788,1,0
12,160,24205,1,0
12,161,11124,1,0
12,162,9830,1,0
12,163,9967,1,0
12,164,10902,1,0
12,165,8989,1,0
12,166,10757,1,0
12,167,11898,1,0
12,168,11992,1,0
12,169,10474,1,0
12,170,10851,1,0
12,171,9894,1,0
12,172,10797,1,0
12,173,9781,1,0
12,174,10136,1,0
12,175,51633,1,0
12,176,13953,1,0
12,177,12585,1,0
12,178,9311,1,0
12,179,8699,1,0
12,180,61550,1,0
12,181,9461,1,0
12,182,9817,1,0
12,183,10627,1,0
12,184,9433,1,0
12,185,10251,1,0
12,186,36991,1,0
12,187,12408,1,0
12,188,10558,1,0
12,189,11784,1,0
12,190,10039,1,0
12,191,34571,1,0
12,192,9642,1,0
12,193,11247,1,0
12,194,9856,1,0
12,195,13473,1,0
12,196,11972,1,0
12,197,9736,1,0
12,198,9165,1,0
12,199,11635,1,0
12,200,11781,1,0
12,201,51618,1,0
12,202,11063,1,0
12,203,11592,1,0
12,204,26014,1,0
12,205,10975,1,0
12,206,13887,1,0
12,207,9993,1,0
12,208,10861,1,0
12,209,9243,1,0
12,210,11678,1,0
12,211,9633,1,0
12,212,12139,1,0
12,213,12805,1,0
12,214,13354,1,0
12,215,14367,1,0
12,216,13629,1,0
12,217,10650,1,0
12,218,12428,1,0
12,219,12281,1,0
12,220,10226,1,0
12,221,10340,1,0
12,222,10027,1,0
12,223,12175,1,0
12,224,11637,1,0
12,225,18149,1,0
12,226,211666,1,0
12,227,255743,1,0
12,228,148708,1,0
12,229,11541,1,0
12,230,11932,1,0
12,231,11779,1,0
12,232,10452,1,0
12,233,9980,1,0
12,234,12513,1,0
12,235,9844,1,0
12,236,99814,1,0
12,237,194224,1,0
12,238,12203,1,0
12,239,9555,1,0
12,240,11212,1,0
12,241,9439,1,0
12,242,16439,1,0
12,243,9452,1,0
12,244,10127,1,0
12,245,13288,1,0
12,246,12067,1,0
12,247,40346,1,0
12,248,10258,1,0
12,249,12470,1,0
12,250,12879,1,0
12,251,11732,1,0
12,252,58163,1,0
12,253,12968,1,0
12,254,10038,1,0
12,255,12710,1,0
12,256,11548,1,0
12,257,66033,1,0
12,258,10474,1,0
12,259,13914,1,0
12,260,12744,1,0
12,261,13246,1,0
12,262,134460,1,0
12,263,278281,1,0
12,264,67739,1,0
12,265,9181,1,0
12,266,9426,1,0
12,267,9667,1,0
12,268,11214,1,0
12,269,12306,1,0
12,270,9666,1,0
12,271,10245,1,0
12,272,10514,1,0
12,273,9675,1,0
12,274,13161,1,0
12,275,11596,1,0
12,276,13002,1,0
12,277,11595,1,0
12,278,18646,1,0
12,279,11509,1,0
12,280,13467,1,0
12,281,9528,1,0
12,282,23253,1,0
12,283,12948,1,0
12,284,12335,1,0
12,285,10423,1,0
12,286,11613,1,0
12,287,88794,1,0
12,288,10197,1,0
12,289,9843,1,0
12,290,10322,1,0
12,291,12925,1,0
12,292,47630,1,0
12,293,98304,1,0
12,294,10707,1,0
12,295,10632,1,0
12,296,9993,1,0
12,297,22163,1,0
12,298,12051,1,0
12,299,13472,1,0
12,300,13497,1,0
12,301,11676,1,0
12,302,13384,1,0
12,303,12481,1,0
12,304,12957,1,0
12,305,12457,1,0
12,306,52579,1,0
12,307,185684,1,0
12,308,612727,1,0
12,309,618862,1,0
12,310,616017,1,0
12,311,862290,1,0
12,312,687992,1,0
12,313,532183,1,0
12,314,461538,1,0
12,315,342046,1,0
12,316,216465,1,0
12,317,357859,1,0
12,318,198091,1,0
12,319,45951,1,0
12,320,12321,1,0
12,321,12452,1,0
12,322,12570,1,0
12,323,13371,1,0
12,324,10714,1,0
12,325,91421,1,0
12,326,11595,1,0
12,327,10652,1,0
12,328,13235,1,0
12,329,128530,1,0
12,330,36556,1,0
12,331,12139,1,0
12,332,79888,1,0
12,333,11799,1,0
12,334,12547,1,0
12,335,12677,1,0
12,336,61915,1,0
12,337,9897,1,0
12,338,9537,1,0
12,339,10336,1,0
12,340,10675,1,0
12,341,76684,1,0
12,342,10526,1,0
12,343,9523,1,0
12,344,9862,1,0
12,345,10472,1,0
12,346,66231,1,0
12,347,10112,1,0
12,348,14838,1,0
12,349,14946,1,0
12,350,174140,1,0
12,351,17497,1,0
12,352,110489,1,0
12,353,14208,1,0
12,354,11456,1,0
12,355,10295,1,0
12,356,12475,1,0
12,357,10630,1,0
12,358,9218,1,0
12,359,9941,1,0
12,360,11495,1,0
12,361,8968,1,0
12,362,18336,1,0
12,363,9767,1,0
12,364,10777,1,0
12,365,10135,1,0
12,366,12270,1,0
12,367,37214,1,0
12,368,11685,1,0
12,369,10021,1,0
12,370,10593,1,0
12,371,11485,1,0
12,372,10933,1,0
12,373,11399,1,0
12,374,11514,1,0
12,375,10080,1,0
12,376,9833,1,0
12,377,76404,1,0
12,378,44440,1,0
12,379,13122,1,0
12,380,10349,1,0
12,381,9139,1,0
12,382,10235,1,0
12,383,9373,1,0
12,384,10388,1,0
12,385,11001,1,0
12,386,9590,1,0
12,387,11573,1,0
12,388,9398,1,0
12,389,11509,1,0
12,390,10523,1,0
12,391,12146,1,0
12,392,9989,1,0
12,393,127525,1,0
12,394,9849,1,0
12,395,9296,1,0
12,396,9486,1,0
12,397,11142,1,0
12,398,36975,1,0
12,399,9344,1,0
12,400,9394,1,0
12,401,12833,1,0
12,402,11804,1,0
12,403,58429,1,0
12,404,9481,1,0
12,405,11424,1,0
12,406,12152,1,0
12,407,10326,1,0
12,408,27182,1,0
12,409,13230,1,0
12,410,9899,1,0
12,411,10676,1,0
12,412,10208,1,0
12,413,48981,1,0
12,414,10085,1,0
12,415,9523,1,0
12,416,12031,1,0
12,417,11929,1,0
12,418,26022,1,0
12,419,13237,1,0
12,420,13014,1,0
12,421,34906,1,0
12,422,12321,1,0
12,423,38815,1,0
12,424,11021,1,0
12,425,9413,1,0
12,426,10751,1,0
12,427,11711,1,0
12,428,27685,1,0
12,429,13171,1,0
12,430,9728,1,0
12,431,12135,1,0
12,432,12172,1,0
12,433,10133,1,0
12,434,81293,1,0
12,435,293621,1,0
12,436,102281,1,0
12,437,12184,1,0
12,438,9951,1,0
12,439,18378,1,0
12,440,10291,1,0
12,441,14658,1,0
12,442,12273,1,0
12,443,10313,1,0
12,444,33280,1,0
12,445,13324,1,0
12,446,9863,1,0
12,447,11972,1,0
12,448,10124,1,0
12,449,51578,1,0
12,450,11006,1,0
12,451,11543,1,0
12,452,9761,1,0
12,453,12556,1,0
12,454,9984,1,0
12,455,10531,1,0
12,456,12546,1,0
12,457,11290,1,0
12,458,9757,1,0
12,459,71714,1,0
12,460,104420,1,0
12,461,9977,1,0
12,462,9626,1,0
12,463,9025,1,0
12,464,9575,1,0
12,465,51418,1,0
12,466,11778,1,0
12,467,10629,1,0
12,468,10373,1,0
12,469,9908,1,0
12,470,38562,1,0
12,471,201877,1,0
12,472,108577,1,0
12,473,11305,1,0
12,474,12622,1,0
12,475,12685,1,0
12,476,29447,1,0
12,477,10282,1,0
12,478,12021,1,0
12,479,13610,1,0
12,480,12804,1,0
12,481,34149,1,0
12,482,9709,1,0
12,483,11477,1,0
12,484,10057,1,0
12,485,11209,1,0
12,486,27466,1,0
12,487,11765,1,0
12,488,14045,1,0
12,489,12745,1,0
12,490,9606,1,0
12,491,21861,1,0
12,492,12656,1,0
12,493,11201,1,0
12,494,13545,1,0
12,495,11738,1,0
12,496,9530,1,0
12,497,10273,1,0
12,498,10163,1,0
12,499,10422,1,0
12,500,32683,1,0
12,501,26706,1,0
12,502,64710,1,0
12,503,11736,1,0
12,504,10305,1,0
12,505,12127,1,0
12,506,25881,1,0
12,507,10296,1,0
12,508,13755,1,0
12,509,13416,1,0
12,510,10027,1,0
12,511,20968,1,0
12,512,96386,1,0
12,513,11438,1,0
12,514,11206,1,0
12,515,11416,1,0
12,516,13808,1,0
12,517,106548,1,0
12,518,9150,1,0
12,519,9424,1,0
12,520,10421,1,0
12,521,13858,1,0
12,522,89751,1,0
12,523,9389,1,0
12,524,9201,1,0
12,525,10578,1,0
12,526,9990,1,0
12,527,33148,1,0
12,528,10896,1,0
12,529,13287,1,0
12,530,9885,1,0
12,531,9455,1,0
12,532,12165,1,0
12,533,9426,1,0
12,534,18735,1,0
12,535,11492,1,0
12,536,9975,1,0
12,537,104237,1,0
12,538,80148,1,0
12,539,12833,1,0
12,540,12764,1,0
12,541,14310,1,0
12,542,31377,1,0
12,543,12618,1,0
12,544,10975,1,0
12,545,10451,1,0
12,546,13608,1,0
12,547,12401,1,0
12,548,11203,1,0
12,549,16892,1,0
12,550,12977,1,0
12,551,10585,1,0
12,552,42399,1,0
12,553,13597,1,0
12,554,9163,1,0
12,555,10197,1,0
12,556,9945,1,0
12,557,81420,1,0
12,558,11380,1,0
12,559,9831,1,0
12,560,9178,1,0
12,561,9517,1,0
12,562,13217,1,0
12,563,11402,1,0
12,564,12578,1,0
12,565,9989,1,0
12,566,8910,1,0
12,567,29502,1,0
12,568,9176,1,0
12,569,9387,1,0
12,570,10010,1,0
12,571,9016,1,0
12,572,16870,1,0
12,573,9896,1,0
12,574,9360,1,0
12,575,10033,1,0
12,576,9639,1,0
12,577,8900,1,0
12,578,9629,1,0
12,579,11088,1,0
12,580,14065,1,0
12,581,11978,1,0
12,582,9908,1,0
12,583,10295,1,0
12,584,10391,1,0
12,585,9069,1,0
12,586,12322,1,0
12,587,32974,1,0
12,588,162254,1,0
12,589,12100,1,0
12,590,11656,1,0
12,591,11939,1,0
12,592,13699,1,0
12,593,197290,1,0
12,594,10030,1,0
12,595,10319,1,0
12,596,8559,1,0
12,597,10997,1,0
12,598,30205,1,0
12,599,12378,1,0
13,0,75161,1,0
13,1,86092,1,0
13,2,15327,1,0
13,3,21944,1,0
13,4,12675,1,0
13,5,33162,1,0
13,6,13761,1,0
13,7,35758,1,0
13,8,29891,1,0
13,9,26267,1,0
13,10,12135,1,0
13,11,17293,1,0
13,12,20089,1,0
13,13,11504,1,0
13,14,12224,1,0
13,15,12545,1,0
13,16,15855,1,0
13,17,35232,1,0
13,18,13002,1,0
13,19,12098,1,0
13,20,11959,1,0
13,21,12402,1,0
13,22,14429,1,0
13,23,12523,1,0
13,24,13506,1,0
13,25,12272,1,0
13,26,12791,1,0
13,27,27853,1,0
13,28,9181,1,0
13,29,11261,1,0
13,30,63330,1,0
13,31,11843,1,0
13,32,14217,1,0
13,33,12002,1,0
13,34,11625,1,0
13,35,191441,1,0
13,36,76049,1,0
13,37,40915,1,0
13,38,12052,1,0
13,39,12449,1,0
13,40,147993,1,0
13,41,43116,1,0
13,42,12034,1,0
13,43,12039,1,0
13,44,12349,1,0
13,45,183825,1,0
13,46,227194,1,0
13,47,177461,1,0
13,48,88198,1,0
13,49,13293,1,0
13,50,12752,1,0
13,51,14451,1,0
13,52,12061,1,0
13,53,17084,1,0
13,54,11490,1,0
13,55,12749,1,0
13,56,53377,1,0
13,57,247690,1,0
13,58,286548,1,0
13,59,211376,1,0
13,60,70082,1,0
13,61,13098,1,0
13,62,93006,1,0
13,63,13835,1,0
13,64,10663,1,0
13,65,81821,1,0
13,66,622301,1,0
13,67,947810,1,0
13,68,943395,1,0
13,69,868466,1,0
13,70,817989,1,0
13,71,741963,1,0
13,72,728626,1,0
13,73,692726,1,0
13,74,633993,1,0
13,75,527890,1,0
13,76,477332,1,0
13,77,642422,1,0
13,78,913481,1,0
13,79,748178,1,0
13,80,576777,1,0
13,81,385245,1,0
13,82,168986,1,0
13,83,281174,1,0
13,84,242512,1,0
13,85,76807,1,0
13,86,12695,1,0
13,87,19688,1,0
13,88,23521,1,0
13,89,53374,1,0
13,90,11865,1,0
13,91,11564,1,0
13,92,15027,1,0
13,93,73891,1,0
13,94,305727,1,0
13,95,153141,1,0
13,96,13029,1,0
13,97,12970,1,0
13,98,10941,1,0
13,99,76360,1,0
13,100,10834,1,0
13,101,15164,1,0
13,102,10729,1,0
13,103,11769,1,0
13,104,66476,1,0
13,105,12955,1,0
13,106,12209,1,0
13,107,11319,1,0
13,108,13176,1,0
13,109,71253,1,0
13,110,10960,1,0
13,111,11267,1,0
13,112,534456,1,0
13,113,574795,1,0
13,114,550221,1,0
13,115,456501,1,0
13,116,319573,1,0
13,117,537095,1,0
13,118,419115,1,0
13,119,259000,1,0
13,120,105719,1,0
13,121,17027,1,0
13,122,102138,1,0
13,123,11534,1,0
13,124,9608,1,0
13,125,12969,1,0
13,126,11887,1,0
13,127,20924,1,0
13,128,11968,1,0
13,129,11622,1,0
13,130,11713,1,0
13,131,9056,1,0
13,132,11956,1,0
13,133,42976,1,0
13,134,11301,1,0
13,135,12773,1,0
13,136,12221,1,0
13,137,12748,1,0
13,138,106358,1,0
13,139,10814,1,0
13,140,11853,1,0
13,141,11432,1,0
13,142,12921,1,0
13,143,11821,1,0
13,144,235147,1,0
13,145,73162,1,0
13,146,11454,1,0
13,147,13377,1,0
13,148,12980,1,0
13,149,32055,1,0
13,150,12441,1,0
13,151,12828,1,0
13,152,12170,1,0
13,153,14392,1,0
13,154,28683,1,0
13,155,11831,1,0
13,156,12076,1,0
13,157,12486,1,0
13,158,12799,1,0
13,159,12073,1,0
13,160,23377,1,0
13,161,12504,1,0
13,162,9346,1,0
13,163,11752,1,0
13,164,10252,1,0
13,165,9651,1,0
13,166,14667,1,0
13,167,11501,1,0
13,168,9465,1,0
13,169,11766,1,0
13,170,11452,1,0
13,171,9591,1,0
13,172,11573,1,0
13,173,11499,1,0
13,174,10219,1,0
13,175,49009,1,0
13,176,13082,1,0
13,177,9968,1,0
13,178,11149,1,0
13,179,11702,1,0
13,180,67378,1,0
13,181,9431,1,0
13,182,10766,1,0
13,183,12506,1,0
13,184,12075,1,0
13,185,12094,1,0
13,186,39451,1,0
13,187,11172,1,0
13,188,12481,1,0
13,189,11654,1,0
13,190,10357,1,0
13,191,31717,1,0
13,192,12731,1,0
13,193,12569,1,0
13,194,12007,1,0
13,195,12166,1,0
13,196,8971,1,0
13,197,11985,1,0
13,198,9239,1,0
13,199,12550,1,0
13,200,11254,1,0
13,201,48194,1,0
13,202,10294,1,0
13,203,13494,1,0
13,204,28759,1,0
13,205,9837,1,0
13,206,11563,1,0
13,207,11966,1,0
13,208,12454,1,0
13,209,11515,1,0
13,210,12098,1,0
13,211,11862,1,0
13,212,11664,1,0
13,213,12436,1,0
13,214,14771,1,0
13,215,25523,1,0
13,216,12524,1,0
13,217,11581,1,0
13,218,9617,1,0
13,219,11524,1,0
13,220,16620,1,0
13,221,13762,1,0
13,222,9608,1,0
13,223,14559,1,0
13,224,13906,1,0
13,225,44227,1,0
13,226,209529,1,0
13,227,254911,1,0
13,228,145643,1,0
13,229,11557,1,0
13,230,11564,1,0
13,231,12871,1,0
13,232,10938,1,0
13,233,9385,1,0
13,234,9973,1,0
13,235,11516,1,0
13,236,98604,1,0
13,237,194735,1,0
13,238,11735,1,0
13,239,11570,1,0
13,240,11636,1,0
13,241,11218,1,0
13,242,12458,1,0
13,243,11532,1,0
13,244,12225,1,0
13,245,9507,1,0
13,246,11831,1,0
13,247,36133,1,0
13,248,11670,1,0
13,249,9157,1,0
13,250,11883,1,0
13,251,10910,1,0
13,252,56679,1,0
13,253,12080,1,0
13,254,10976,1,0
13,255,10164,1,0
13,256,11242,1,0
13,257,70232,1,0
13,258,11446,1,0
13,259,12417,1,0
13,260,11753,1,0
13,261,11912,1,0
13,262,147592,1,0
13,263,276714,1,0
13,264,64514,1,0
13,265,10617,1,0
13,266,12010,1,0
13,267,10268,1,0
13,268,11999,1,0
13,269,9381,1,0
13,270,10146,1,0
13,271,16162,1,0
13,272,11216,1,0
13,273,12728,1,0
13,274,10899,1,0
13,275,11253,1,0
13,276,9053,1,0
13,277,11549,1,0
13,278,16480,1,0
13,279,11171,1,0
13,280,10569,1,0
13,281,11235,1,0
13,282,20488,1,0
13,283,11228,1,0
13,284,11397,1,0
13,285,12234,1,0
13,286,11493,1,0
13,287,86835,1,0
13,288,10866,1,0
13,289,13055,1,0
13,290,11308,1,0
13,291,12941,1,0
13,292,45004,1,0
13,293,98493,1,0
13,294,11512,1,0
13,295,11795,1,0
13,296,11331,1,0
13,297,19896,1,0
13,298,13812,1,0
13,299,13748,1,0
13,300,11124,1,0
13,301,11829,1,0
13,302,16818,1,0
13,303,11264,1,0
13,304,11689,1,0
13,305,11225,1,0
13,306,51854,1,0
13,307,186377,1,0
13,308,616083,1,0
13,309,618014,1,0
13,310,657583,1,0
13,311,861254,1,0
13,312,685846,1,0
13,313,545489,1,0
13,314,459127,1,0
13,315,341689,1,0
13,316,213961,1,0
13,317,357209,1,0
13,318,197320,1,0
13,319,45120,1,0
13,320,11910,1,0
13,321,9156,1,0
13,322,9557,1,0
13,323,11698,1,0
13,324,11412,1,0
13,325,89249,1,0
13,326,9180,1,0
13,327,11066,1,0
13,328,11167,1,0
13,329,125321,1,0
13,330,33589,1,0
13,331,10400,1,0
13,332,77031,1,0
13,333,11059,1,0
13,334,11556,1,0
13,335,9667,1,0
13,336,76163,1,0
13,337,10487,1,0
13,338,11183,1,0
13,339,11910,1,0
13,340,11837,1,0
13,341,73319,1,0
13,342,11645,1,0
13,343,11271,1,0
13,344,11913,1,0
13,345,13415,1,0
13,346,64395,1,0
13,347,12328,1,0
13,348,15297,1,0
13,349,14050,1,0
13,350,175099,1,0
13,351,18435,1,0
13,352,112618,1,0
13,353,11847,1,0
13,354,11350,1,0
13,355,9424,1,0
13,356,11572,1,0
13,357,10939,1,0
13,358,12803,1,0
13,359,10670,1,0
13,360,10651,1,0
13,361,9137,1,0
13,362,15695,1,0
13,363,10434,1,0
13,364,11059,1,0
13,365,11368,1,0
13,366,9707,1,0
13,367,32876,1,0
13,368,8539,1,0
13,369,10878,1,0
13,370,11211,1,0
13,371,11244,1,0
13,372,9519,1,0
13,373,9437,1,0
13,374,10876,1,0
13,375,10867,1,0
13,376,10669,1,0
13,377,73488,1,0
13,378,41244,1,0
13,379,11267,1,0
13,380,11759,1,0
13,381,10511,1,0
13,382,11563,1,0
13,383,10457,1,0
13,384,12730,1,0
13,385,11674,1,0
13,386,10091,1,0
13,387,11917,1,0
13,388,9182,1,0
13,389,10540,1,0
13,390,10864,1,0
13,391,9173,1,0
13,392,11411,1,0
13,393,124926,1,0
13,394,11613,1,0
13,395,8945,1,0
13,396,10831,1,0
13,397,13404,1,0
13,398,49998,1,0
13,399,11682,1,0
13,400,10852,1,0
13,401,9625,1,0
13,402,11656,1,0
13,403,56923,1,0
13,404,11652,1,0
13,405,11555,1,0
13,406,11572,1,0
13,407,12367,1,0
13,408,24994,1,0
13,409,11044,1,0
13,410,10761,1,0
13,411,11477,1,0
13,412,9369,1,0
13,413,45037,1,0
13,414,11668,1,0
13,415,10551,1,0
13,416,9434,1,0
13,417,11600,1,0
13,418,25330,1,0
13,419,11437,1,0
13,420,11437,1,0
13,421,34011,1,0
13,422,10813,1,0
13,423,36853,1,0
13,424,10320,1,0
13,425,10409,1,0
13,426,10459,1,0
13,427,11989,1,0
13,428,25708,1,0
13,429,11423,1,0
13,430,11124,1,0
13,431,10375,1,0
13,432,9580,1,0
13,433,10386,1,0
13,434,77869,1,0
13,435,293767,1,0
13,436,99638,1,0
13,437,10978,1,0
13,438,11314,1,0
13,439,15475,1,0
13,440,12126,1,0
13,441,12686,1,0
13,442,11331,1,0
13,443,10825,1,0
13,444,29646,1,0
13,445,10519,1,0
13,446,9320,1,0
13,447,11098,1,0
13,448,11569,1,0
13,449,49675,1,0
13,450,11085,1,0
13,451,11619,1,0
13,452,11449,1,0
13,453,10846,1,0
13,454,12007,1,0
13,455,10419,1,0
13,456,11159,1,0
13,457,10520,1,0
13,458,10478,1,0
13,459,81608,1,0
13,460,101512,1,0
13,461,10579,1,0
13,462,11666,1,0
13,463,12062,1,0
13,464,10675,1,0
13,465,62070,1,0
13,466,10849,1,0
13,467,12054,1,0
13,468,10514,1,0
13,469,10903,1,0
13,470,37111,1,0
13,471,212893,1,0
13,472,105213,1,0
13,473,12150,1,0
13,474,12137,1,0
13,475,9117,1,0
13,476,28614,1,0
13,477,11699,1,0
13,478,12409,1,0
13,479,12135,1,0
13,480,9421,1,0
13,481,32391,1,0
13,482,10811,1,0
13,483,12695,1,0
13,484,14091,1,0
13,485,11331,1,0
13,486,24225,1,0
13,487,10844,1,0
13,488,13503,1,0
13,489,12081,1,0
13,490,12495,1,0
13,491,36026,1,0
13,492,10551,1,0
13,493,10506,1,0
13,494,11272,1,0
13,495,11276,1,0
13,496,21073,1,0
13,497,11618,1,0
13,498,9102,1,0
13,499,11267,1,0
13,500,35417,1,0
13,501,24547,1,0
13,502,64447,1,0
13,503,12789,1,0
13,504,11954,1,0
13,505,10950,1,0
13,506,23773,1,0
13,507,11191,1,0
13,508,11716,1,0
13,509,11516,1,0
13,510,9870,1,0
13,511,33410,1,0
13,512,93711,1,0
13,513,11732,1,0
13,514,11288,1,0
13,515,12555,1,0
13,516,14062,1,0
13,517,104744,1,0
13,518,11147,1,0
13,519,11063,1,0
13,520,9352,1,0
13,521,12321,1,0
13,522,88954,1,0
13,523,10256,1,0
13,524,11413,1,0
13,525,11154,1,0
13,526,11207,1,0
13,527,29688,1,0
13,528,9026,1,0
13,529,12146,1,0
13,530,11215,1,0
13,531,12056,1,0
13,532,13664,1,0
13,533,11537,1,0
13,534,16378,1,0
13,535,11813,1,0
13,536,11679,1,0
13,537,101121,1,0
13,538,80004,1,0
13,539,11263,1,0
13,540,12080,1,0
13,541,13021,1,0
13,542,29407,1,0
13,543,11990,1,0
13,544,10275,1,0
13,545,10737,1,0
13,546,13682,1,0
13,547,9229,1,0
13,548,10482,1,0
13,549,15442,1,0
13,550,16872,1,0
13,551,11947,1,0
13,552,40368,1,0
13,553,11845,1,0
13,554,8809,1,0
13,555,9297,1,0
13,556,10408,1,0
13,557,94346,1,0
13,558,10727,1,0
13,559,12500,1,0
13,560,11150,1,0
13,561,11336,1,0
13,562,10872,1,0
13,563,10778,1,0
13,564,9326,1,0
13,565,11708,1,0
13,566,11505,1,0
13,567,43721,1,0
13,568,9096,1,0
13,569,9529,1,0
13,570,11144,1,0
13,571,10561,1,0
13,572,13023,1,0
13,573,10940,1,0
13,574,9594,1,0
13,575,10413,1,0
13,576,10365,1,0
13,577,11386,1,0
13,578,11201,1,0
13,579,10727,1,0
13,580,12267,1,0
13,581,12166,1,0
13,582,14029,1,0
13,583,10798,1,0
13,584,11175,1,0
13,585,10973,1,0
13,586,9051,1,0
13,587,31626,1,0
13,588,159677,1,0
13,589,12290,1,0
13,590,10367,1,0
13,591,8804,1,0
13,592,11543,1,0
13,593,194596,1,0
13,594,11117,1,0
13,595,11127,1,0
13,596,10130,1,0
13,597,11303,1,0
13,598,27779,1,0
13,599,12734,1,0
14,0,77683,1,0
14,1,85366,1,0
14,2,18264,1,0
14,3,22966,1,0
14,4,13188,1,0
14,5,40640,1,0
14,6,12849,1,0
14,7,38832,1,0
14,8,29648,1,0
14,9,27423,1,0
14,10,12899,1,0
14,11,16969,1,0
14,12,20414,1,0
14,13,12932,1,0
14,14,12271,1,0
14,15,12123,1,0
14,16,16437,1,0
14,17,34990,1,0
14,18,13066,1,0
14,19,10796,1,0
14,20,12319,1,0
14,21,14448,1,0
14,22,13107,1,0
14,23,11986,1,0
14,24,13238,1,0
14,25,10522,1,0
14,26,45021,1,0
14,27,32092,1,0
14,28,12610,1,0
14,29,11088,1,0
14,30,63045,1,0
14,31,13895,1,0
14,32,12739,1,0
14,33,12099,1,0
14,34,11024,1,0
14,35,188409,1,0
14,36,73801,1,0
14,37,47744,1,0
14,38,12222,1,0
14,39,12408,1,0
14,40,268511,1,0
14,41,40846,1,0
14,42,12698,1,0
14,43,12418,1,0
14,44,12077,1,0
14,45,182600,1,0
14,46,227502,1,0
14,47,177844,1,0
14,48,86799,1,0
14,49,12814,1,0
14,50,11985,1,0
14,51,14211,1,0
14,52,10698,1,0
14,53,17890,1,0
14,54,12275,1,0
14,55,11746,1,0
14,56,80423,1,0
14,57,247946,1,0
14,58,287926,1,0
14,59,208259,1,0
14,60,68822,1,0
14,61,11117,1,0
14,62,105568,1,0
14,63,13763,1,0
14,64,12137,1,0
14,65,88110,1,0
14,66,622381,1,0
14,67,1881619,1,0
14,68,872093,1,0
14,69,829675,1,0
14,70,773534,1,0
14,71,706934,1,0
14,72,720801,1,0
14,73,691642,1,0
14,74,634069,1,0
14,75,525433,1,0
14,76,476762,1,0
14,77,641368,1,0
14,78,911427,1,0
14,79,746362,1,0
14,80,574771,1,0
14,81,383120,1,0
14,82,166406,1,0
14,83,292218,1,0
14,84,241304,1,0
14,85,73688,1,0
14,86,12693,1,0
14,87,21515,1,0
14,88,36368,1,0
14,89,54607,1,0
14,90,11844,1,0
14,91,10902,1,0
14,92,14837,1,0
14,93,73242,1,0
14,94,303938,1,0
14,95,152134,1,0
14,96,11215,1,0
14,97,13105,1,0
14,98,14677,1,0
14,99,75218,1,0
14,100,12378,1,0
14,101,12781,1,0
14,102,12916,1,0
14,103,12847,1,0
14,104,65144,1,0
14,105,11495,1,0
14,106,12275,1,0
14,107,13437,1,0
14,108,12264,1,0
14,109,67912,1,0
14,110,11537,1,0
14,111,10998,1,0
14,112,535580,1,0
14,113,573096,1,0
14,114,548622,1,0
14,115,454902,1,0
14,116,320398,1,0
14,117,535704,1,0
14,118,421195,1,0
14,119,259612,1,0
14,120,103732,1,0
14,121,15509,1,0
14,122,100847,1,0
14,123,12461,1,0
14,124,13835,1,0
14,125,15142,1,0
14,126,11919,1,0
14,127,39418,1,0
14,128,10350,1,0
14,129,11737,1,0
14,130,11768,1,0
14,131,11668,1,0
14,132,11194,1,0
14,133,40291,1,0
14,134,11170,1,0
14,135,12355,1,0
14,136,11758,1,0
14,137,11289,1,0
14,138,104944,1,0
14,139,11072,1,0
14,140,11298,1,0
14,141,9835,1,0
14,142,13637,1,0
14,143,11256,1,0
14,144,233079,1,0
14,145,70986,1,0
14,146,11632,1,0
14,147,14858,1,0
14,148,12586,1,0
14,149,30526,1,0
14,150,11001,1,0
14,151,10927,1,0
14,152,12456,1,0
14,153,12439,1,0
14,154,27191,1,0
14,155,11498,1,0
14,156,12040,1,0
14,157,11423,1,0
14,158,12166,1,0
14,159,11120,1,0
14,160,22247,1,0
14,161,11506,1,0
14,162,11800,1,0
14,163,9905,1,0
14,164,12195,1,0
14,165,10461,1,0
14,166,12694,1,0
14,167,11119,1,0
14,168,11497,1,0
14,169,12004,1,0
14,170,11436,1,0
14,171,10755,1,0
14,172,12805,1,0
14,173,10441,1,0
14,174,11858,1,0
14,175,13071,1,0
14,176,14465,1,0
14,177,12329,1,0
14,178,11169,1,0
14,179,10179,1,0
14,180,63296,1,0
14,181,13182,1,0
14,182,10871,1,0
14,183,11230,1,0
14,184,9824,1,0
14,185,10696,1,0
14,186,36538,1,0
14,187,13114,1,0
14,188,10895,1,0
14,189,11838,1,0
14,190,11470,1,0
14,191,30660,1,0
14,192,11121,1,0
14,193,10973,1,0
14,194,9545,1,0
14,195,11966,1,0
14,196,11901,1,0
14,197,12078,1,0
14,198,12893,1,0
14,199,11811,1,0
14,200,10398,1,0
14,201,46305,1,0
14,202,13976,1,0
14,203,13471,1,0
14,204,31882,1,0
14,205,12409,1,0
14,206,9882,1,0
14,207,14396,1,0
14,208,11391,1,0
14,209,11443,1,0
14,210,12347,1,0
14,211,11099,1,0
14,212,10353,1,0
14,213,12307,1,0
14,214,15593,1,0
14,215,22415,1,0
14,216,11170,1,0
14,217,12192,1,0
14,218,11818,1,0
14,219,11530,1,0
14,220,12195,1,0
14,221,13034,1,0
14,222,10860,1,0
14,223,14549,1,0
14,224,12200,1,0
14,225,52231,1,0
14,226,211025,1,0
14,227,252363,1,0
14,228,143461,1,0
14,229,10454,1,0
14,230,11776,1,0
14,231,11562,1,0
14,232,11689,1,0
14,233,11134,1,0
14,234,11603,1,0
14,235,13563,1,0
14,236,108318,1,0
14,237,193360,1,0
14,238,12938,1,0
14,239,9896,1,0
14,240,10348,1,0
14,241,11613,1,0
14,242,11365,1,0
14,243,10325,1,0
14,244,12310,1,0
14,245,10806,1,0
14,246,11497,1,0
14,247,56736,1,0
14,248,13741,1,0
14,249,11981,1,0
14,250,11297,1,0
14,251,11553,1,0
14,252,54648,1,0
14,253,10741,1,0
14,254,11394,1,0
14,255,12116,1,0
14,256,10609,1,0
14,257,68529,1,0
14,258,10293,1,0
14,259,10711,1,0
14,260,11313,1,0
14,261,12302,1,0
14,262,147047,1,0
14,263,274935,1,0
14,264,62550,1,0
14,265,11912,1,0
14,266,11414,1,0
14,267,9979,1,0
14,268,11355,1,0
14,269,11823,1,0
14,270,10802,1,0
14,271,12523,1,0
14,272,10267,1,0
14,273,10422,1,0
14,274,15157,1,0
14,275,13204,1,0
14,276,11950,1,0
14,277,15080,1,0
14,278,13936,1,0
14,279,10338,1,0
14,280,11901,1,0
14,281,11347,1,0
14,282,16182,1,0
14,283,10593,1,0
14,284,10610,1,0
14,285,12638,1,0
14,286,11759,1,0
14,287,84218,1,0
14,288,11636,1,0
14,289,16993,1,0
14,290,11679,1,0
14,291,11465,1,0
14,292,44089,1,0
14,293,11530,1,0
14,294,10967,1,0
14,295,10878,1,0
14,296,13583,1,0
14,297,15915,1,0
14,298,12494,1,0
14,299,13553,1,0
14,300,13428,1,0
14,301,12658,1,0
14,302,15594,1,0
14,303,12917,1,0
14,304,11257,1,0
14,305,13433,1,0
14,306,53106,1,0
14,307,189098,1,0
14,308,617258,1,0
14,309,617556,1,0
14,310,732594,1,0
14,311,858256,1,0
14,312,683403,1,0
14,313,543245,1,0
14,314,454883,1,0
14,315,340702,1,0
14,316,212413,1,0
14,317,356082,1,0
14,318,195857,1,0
14,319,43657,1,0
14,320,11768,1,0
14,321,10556,1,0
14,322,12174,1,0
14,323,10451,1,0
14,324,12256,1,0
14,325,87374,1,0
14,326,11789,1,0
14,327,15475,1,0
14,328,12364,1,0
14,329,154072,1,0
14,330,31812,1,0
14,331,10930,1,0
14,332,74277,1,0
14,333,12338,1,0
14,334,11895,1,0
14,335,12368,1,0
14,336,79464,1,0
14,337,11563,1,0
14,338,11887,1,0
14,339,10736,1,0
14,340,11083,1,0
14,341,70287,1,0
14,342,10727,1,0
14,343,12510,1,0
14,344,12238,1,0
14,345,14411,1,0
14,346,62153,1,0
14,347,13681,1,0
14,348,14826,1,0
14,349,15394,1,0
14,350,171321,1,0
14,351,17439,1,0
14,352,113150,1,0
14,353,11610,1,0
14,354,10539,1,0
14,355,10699,1,0
14,356,10910,1,0
14,357,11138,1,0
14,358,9227,1,0
14,359,10247,1,0
14,360,11150,1,0
14,361,10687,1,0
14,362,13793,1,0
14,363,11455,1,0
14,364,11517,1,0
14,365,12984,1,0
14,366,10723,1,0
14,367,38977,1,0
14,368,11239,1,0
14,369,10166,1,0
14,370,10090,1,0
14,371,10447,1,0
14,372,9965,1,0
14,373,12119,1,0
14,374,13574,1,0
14,375,10284,1,0
14,376,10354,1,0
14,377,83473,1,0
14,378,38457,1,0
14,379,10191,1,0
14,380,11075,1,0
14,381,11123,1,0
14,382,10177,1,0
14,383,10525,1,0
14,384,10059,1,0
14,385,9751,1,0
14,386,11204,1,0
14,387,10940,1,0
14,388,10864,1,0
14,389,11112,1,0
14,390,10147,1,0
14,391,10678,1,0
14,392,11024,1,0
14,393,121616,1,0
14,394,10265,1,0
14,395,10772,1,0
14,396,11396,1,0
14,397,10148,1,0
14,398,47182,1,0
14,399,10405,1,0
14,400,10448,1,0
14,401,12830,1,0
14,402,9583,1,0
14,403,68596,1,0
14,404,11098,1,0
14,405,10018,1,0
14,406,10548,1,0
14,407,10351,1,0
14,408,23160,1,0
14,409,12233,1,0
14,410,11695,1,0
14,411,10960,1,0
14,412,12148,1,0
14,413,42929,1,0
14,414,10639,1,0
14,415,10554,1,0
14,416,11628,1,0
14,417,12582,1,0
14,418,36340,1,0
14,419,11019,1,0
14,420,11634,1,0
14,421,33133,1,0
14,422,12250,1,0
14,423,49546,1,0
14,424,11979,1,0
14,425,12216,1,0
14,426,12393,1,0
14,427,11799,1,0
14,428,22714,1,0
14,429,12687,1,0
14,430,10530,1,0
14,431,10794,1,0
14,432,12662,1,0
14,433,12829,1,0
14,434,75982,1,0
14,435,295544,1,0
14,436,95969,1,0
14,437,10471,1,0
14,438,11091,1,0
14,439,29566,1,0
14,440,9985,1,0
14,441,12138,1,0
14,442,11066,1,0
14,443,11326,1,0
14,444,61058,1,0
14,445,11153,1,0
14,446,12024,1,0
14,447,12491,1,0
14,448,10201,1,0
14,449,46720,1,0
14,450,12748,1,0
14,451,11322,1,0
14,452,11351,1,0
14,453,16639,1,0
14,454,9494,1,0
14,455,10248,1,0
14,456,13375,1,0
14,457,11468,1,0
14,458,11966,1,0
14,459,78828,1,0
14,460,98478,1,0
14,461,11806,1,0
14,462,11784,1,0
14,463,8263,1,0
14,464,10630,1,0
14,465,59401,1,0
14,466,12371,1,0
14,467,12813,1,0
14,468,11718,1,0
14,469,10948,1,0
14,470,36266,1,0
14,471,211273,1,0
14,472,103611,1,0
14,473,11365,1,0
14,474,11038,1,0
14,475,13442,1,0
14,476,26463,1,0
14,477,9743,1,0
14,478,11057,1,0
14,479,10513,1,0
14,480,12297,1,0
14,481,45291,1,0
14,482,11097,1,0
14,483,11309,1,0
14,484,12509,1,0
14,485,11650,1,0
14,486,22811,1,0
14,487,10255,1,0
14,488,14611,1,0
14,489,11644,1,0
14,490,13034,1,0
14,491,34088,1,0
14,492,9881,1,0
14,493,10447,1,0
14,494,10295,1,0
14,495,10832,1,0
14,496,17392,1,0
14,497,10629,1,0
14,498,10734,1,0
14,499,11408,1,0
14,500,36305,1,0
14,501,39746,1,0
14,502,61130,1,0
14,503,10645,1,0
14,504,10216,1,0
14,505,10954,1,0
14,506,34974,1,0
14,507,10651,1,0
14,508,9919,1,0
14,509,12163,1,0
14,510,10930,1,0
14,511,32855,1,0
14,512,92562,1,0
14,513,12892,1,0
14,514,11462,1,0
14,515,11095,1,0
14,516,17974,1,0
14,517,102241,1,0
14,518,8756,1,0
14,519,9764,1,0
14,520,10775,1,0
14,521,11019,1,0
14,522,87356,1,0
14,523,10524,1,0
14,524,9670,1,0
14,525,11945,1,0
14,526,10231,1,0
14,527,28676,1,0
14,528,11172,1,0
14,529,12425,1,0
14,530,10109,1,0
14,531,11372,1,0
14,532,14138,1,0
14,533,10900,1,0
14,534,15821,1,0
14,535,10747,1,0
14,536,10778,1,0
14,537,112262,1,0
14,538,78827,1,0
14,539,11185,1,0
14,540,11683,1,0
14,541,11276,1,0
14,542,27524,1,0
14,543,11529,1,0
14,544,10928,1,0
14,545,11526,1,0
14,546,14101,1,0
14,547,23165,1,0
14,548,12751,1,0
14,549,13700,1,0
14,550,16770,1,0
14,551,11886,1,0
14,552,37116,1,0
14,553,10386,1,0
14,554,11024,1,0
14,555,10128,1,0
14,556,10690,1,0
14,557,92949,1,0
14,558,12552,1,0
14,559,10876,1,0
14,560,9588,1,0
14,561,9854,1,0
14,562,26457,1,0
14,563,12467,1,0
14,564,11344,1,0
14,565,10844,1,0
14,566,9868,1,0
14,567,41024,1,0
14,568,10203,1,0
14,569,10148,1,0
14,570,11277,1,0
14,571,10389,1,0
14,572,9293,1,0
14,573,10332,1,0
14,574,11049,1,0
14,575,12220,1,0
14,576,10586,1,0
14,577,10337,1,0
14,578,9267,1,0
14,579,11000,1,0
14,580,9420,1,0
14,581,11483,1,0
14,582,18109,1,0
14,583,9961,1,0
14,584,10993,1,0
14,585,10217,1,0
14,586,11917,1,0
14,587,28116,1,0
14,588,155950,1,0
14,589,12974,1,0
14,590,11331,1,0
14,591,12201,1,0
14,592,11344,1,0
14,593,192186,1,0
14,594,11354,1,0
14,595,11577,1,0
14,596,10687,1,0
14,597,10702,1,0
14,598,26229,1,0
14,599,12554,1,0
15,0,75595,1,0
15,1,81607,1,0
15,2,16814,1,0
15,3,23494,1,0
15,4,12583,1,0
15,5,42432,1,0
15,6,14383,1,0
15,7,39816,1,0
15,8,27129,1,0
15,9,24881,1,0
15,10,12871,1,0
15,11,14697,1,0
15,12,23207,1,0
15,13,13914,1,0
15,14,12400,1,0
15,15,10185,1,0
15,16,14587,1,0
15,17,33961,1,0
15,18,13162,1,0
15,19,11701,1,0
15,20,12401,1,0
15,21,12188,1,0
15,22,11717,1,0
15,23,12879,1,0
15,24,11835,1,0
15,25,11932,1,0
15,26,44856,1,0
15,27,36846,1,0
15,28,12785,1,0
15,29,12660,1,0
15,30,59038,1,0
15,31,13548,1,0
15,32,16094,1,0
15,33,13576,1,0
15,34,13274,1,0
15,35,185216,1,0
15,36,69578,1,0
15,37,54986,1,0
15,38,13397,1,0
15,39,12029,1,0
15,40,150401,1,0
15,41,39437,1,0
15,42,12445,1,0
15,43,11464,1,0
15,44,12343,1,0
15,45,180960,1,0
15,46,228462,1,0
15,47,174506,1,0
15,48,84347,1,0
15,49,11919,1,0
15,50,12388,1,0
15,51,12664,1,0
15,52,12720,1,0
15,53,14278,1,0
15,54,11159,1,0
15,55,11875,1,0
15,56,77917,1,0
15,57,245895,1,0
15,58,286971,1,0
15,59,205543,1,0
15,60,67145,1,0
15,61,12872,1,0
15,62,105256,1,0
15,63,15032,1,0
15,64,10830,1,0
15,65,105928,1,0
15,66,621428,1,0
15,67,944992,1,0
15,68,928346,1,0
15,69,855570,1,0
15,70,803098,1,0
15,71,728958,1,0
15,72,711657,1,0
15,73,690601,1,0
15,74,630548,1,0
15,75,523888,1,0
15,76,474647,1,0
15,77,639397,1,0
15,78,908499,1,0
15,79,742538,1,0
15,80,570172,1,0
15,81,380900,1,0
15,82,162018,1,0
15,83,288361,1,0
15,84,240079,1,0
15,85,70872,1,0
15,86,12030,1,0
15,87,23785,1,0
15,88,33532,1,0
15,89,56882,1,0
15,90,12120,1,0
15,91,12080,1,0
15,92,12921,1,0
15,93,72565,1,0
15,94,302673,1,0
15,95,150124,1,0
15,96,12444,1,0
15,97,14701,1,0
15,98,13041,1,0
15,99,70981,1,0
15,100,14037,1,0
15,101,12583,1,0
15,102,12197,1,0
15,103,15008,1,0
15,104,62262,1,0
15,105,12822,1,0
15,106,12217,1,0
15,107,15026,1,0
15,108,11762,1,0
15,109,78037,1,0
15,110,12430,1,0
15,111,10039,1,0
15,112,546084,1,0
15,113,571368,1,0
15,114,546601,1,0
15,115,452529,1,0
15,116,325407,1,0
15,117,531434,1,0
15,118,419049,1,0
15,119,257628,1,0
15,120,99862,1,0
15,121,12801,1,0
15,122,98242,1,0
15,123,11731,1,0
15,124,13047,1,0
15,125,14756,1,0
15,126,11771,1,0
15,127,37853,1,0
15,128,12416,1,0
15,129,10376,1,0
15,130,11011,1,0
15,131,11002,1,0
15,132,12019,1,0
15,133,37862,1,0
15,134,13069,1,0
15,135,14464,1,0
15,136,12384,1,0
15,137,12963,1,0
15,138,101953,1,0
15,139,13299,1,0
15,140,12095,1,0
15,141,14158,1,0
15,142,13053,1,0
15,143,13394,1,0
15,144,228897,1,0
15,145,66318,1,0
15,146,10719,1,0
15,147,12563,1,0
15,148,13412,1,0
15,149,28824,1,0
15,150,12635,1,0
15,151,10511,1,0
15,152,12407,1,0
15,153,11811,1,0
15,154,24308,1,0
15,155,11165,1,0
15,156,10742,1,0
15,157,12230,1,0
15,158,11109,1,0
15,159,13020,1,0
15,160,18962,1,0
15,161,13304,1,0
15,162,13250,1,0
15,163,10534,1,0
15,164,12008,1,0
15,165,12032,1,0
15,166,13252,1,0
15,167,12479,1,0
15,168,11430,1,0
15,169,10342,1,0
15,170,9835,1,0
15,171,11738,1,0
15,172,9601,1,0
15,173,9853,1,0
15,174,10439,1,0
15,175,45738,1,0
15,176,12741,1,0
15,177,10911,1,0
15,178,9625,1,0
15,179,11934,1,0
15,180,59750,1,0
15,181,10631,1,0
15,182,9596,1,0
15,183,10338,1,0
15,184,9814,1,0
15,185,11705,1,0
15,186,36777,1,0
15,187,13018,1,0
15,188,10349,1,0
15,189,11946,1,0
15,190,13320,1,0
15,191,25852,1,0
15,192,10481,1,0
15,193,10111,1,0
15,194,10355,1,0
15,195,12374,1,0
15,196,9285,1,0
15,197,13036,1,0
15,198,10541,1,0
15,199,11972,1,0
15,200,10238,1,0
15,201,43474,1,0
15,202,10737,1,0
15,203,11321,1,0
15,204,31840,1,0
15,205,9832,1,0
15,206,13705,1,0
15,207,13053,1,0
15,208,12884,1,0
15,209,11695,1,0
15,210,12080,1,0
15,211,11988,1,0
15,212,9573,1,0
15,213,13527,1,0
15,214,13383,1,0
15,215,18681,1,0
15,216,11805,1,0
15,217,13433,1,0
15,218,10512,1,0
15,219,11598,1,0
15,220,13693,1,0
15,221,11709,1,0
15,222,11751,1,0
15,223,12518,1,0
15,224,11773,1,0
15,225,49688,1,0
15,226,214535,1,0
15,227,251853,1,0
15,228,140553,1,0
15,229,13231,1,0
15,230,14169,1,0
15,231,12542,1,0
15,232,10506,1,0
15,233,10402,1,0
15,234,12417,1,0
15,235,10658,1,0
15,236,105818,1,0
15,237,191432,1,0
15,238,13348,1,0
15,239,12069,1,0
15,240,10292,1,0
15,241,10160,1,0
15,242,12468,1,0
15,243,11052,1,0
15,244,11821,1,0
15,245,13328,1,0
15,246,12884,1,0
15,247,57126,1,0
15,248,12333,1,0
15,249,12424,1,0
15,250,11708,1,0
15,251,12014,1,0
15,252,50867,1,0
15,253,12248,1,0
15,254,10339,1,0
15,255,12041,1,0
15,256,10892,1,0
15,257,66233,1,0
15,258,10532,1,0
15,259,11771,1,0
15,260,12390,1,0
15,261,12570,1,0
15,262,142527,1,0
15,263,272555,1,0
15,264,58715,1,0
15,265,10634,1,0
15,266,10146,1,0
15,267,9924,1,0
15,268,10628,1,0
15,269,10581,1,0
15,270,10919,1,0
15,271,12037,1,0
15,272,9795,1,0
15,273,11989,1,0
15,274,12587,1,0
15,275,9833,1,0
15,276,12195,1,0
15,277,18380,1,0
15,278,10709,1,0
15,279,10064,1,0
15,280,12175,1,0
15,281,12024,1,0
15,282,24557,1,0
15,283,10353,1,0
15,284,10332,1,0
15,285,10448,1,0
15,286,11543,1,0
15,287,82775,1,0
15,288,13056,1,0
15,289,14553,1,0
15,290,12051,1,0
15,291,12651,1,0
15,292,41246,1,0
15,293,93420,1,0
15,294,10334,1,0
15,295,11731,1,0
15,296,9754,1,0
15,297,29243,1,0
15,298,13852,1,0
15,299,13317,1,0
15,300,12443,1,0
15,301,11488,1,0
15,302,12975,1,0
15,303,12814,1,0
15,304,13237,1,0
15,305,13234,1,0
15,306,50248,1,0
15,307,191504,1,0
15,308,616823,1,0
15,309,614518,1,0
15,310,915899,1,0
15,311,853719,1,0
15,312,678377,1,0
15,313,540463,1,0
15,314,450284,1,0
15,315,339111,1,0
15,316,209563,1,0
15,317,353738,1,0
15,318,193291,1,0
15,319,40335,1,0
15,320,13045,1,0
15,321,12440,1,0
15,322,12377,1,0
15,323,13249,1,0
15,324,12935,1,0
15,325,85185,1,0
15,326,12560,1,0
15,327,12682,1,0
15,328,12674,1,0
15,329,166730,1,0
15,330,28435,1,0
15,331,11562,1,0
15,332,69203,1,0
15,333,9968,1,0
15,334,11830,1,0
15,335,12603,1,0
15,336,76134,1,0
15,337,10028,1,0
15,338,9839,1,0
15,339,12521,1,0
15,340,13348,1,0
15,341,79908,1,0
15,342,12227,1,0
15,343,10815,1,0
15,344,10415,1,0
15,345,12204,1,0
15,346,58210,1,0
15,347,11099,1,0
15,348,13113,1,0
15,349,13560,1,0
15,350,165903,1,0
15,351,15298,1,0
15,352,116617,1,0
15,353,11898,1,0
15,354,10708,1,0
15,355,11717,1,0
15,356,10070,1,0
15,357,10650,1,0
15,358,12596,1,0
15,359,10913,1,0
15,360,10596,1,0
15,361,11661,1,0
15,362,9817,1,0
15,363,10387,1,0
15,364,11086,1,0
15,365,13062,1,0
15,366,10398,1,0
15,367,36587,1,0
15,368,12396,1,0
15,369,12555,1,0
15,370,11747,1,0
15,371,13662,1,0
15,372,11480,1,0
15,373,12899,1,0
15,374,17874,1,0
15,375,12289,1,0
15,376,11362,1,0
15,377,93678,1,0
15,378,33985,1,0
15,379,12880,1,0
15,380,9851,1,0
15,381,10485,1,0
15,382,9893,1,0
15,383,10631,1,0
15,384,9655,1,0
15,385,9675,1,0
15,386,11453,1,0
15,387,9604,1,0
15,388,10579,1,0
15,389,11605,1,0
15,390,9148,1,0
15,391,11640,1,0
15,392,11741,1,0
15,393,118632,1,0
15,394,10946,1,0
15,395,10651,1,0
15,396,10012,1,0
15,397,9861,1,0
15,398,43547,1,0
15,399,10530,1,0
15,400,8969,1,0
15,401,11759,1,0
15,402,10284,1,0
15,403,65984,1,0
15,404,13006,1,0
15,405,13267,1,0
15,406,12863,1,0
15,407,10703,1,0
15,408,33161,1,0
15,409,11120,1,0
15,410,13088,1,0
15,411,12572,1,0
15,412,10711,1,0
15,413,51330,1,0
15,414,11704,1,0
15,415,12529,1,0
15,416,13586,1,0
15,417,12388,1,0
15,418,32552,1,0
15,419,12534,1,0
15,420,12991,1,0
15,421,30863,1,0
15,422,12511,1,0
15,423,45651,1,0
15,424,11645,1,0
15,425,12668,1,0
15,426,11116,1,0
15,427,10926,1,0
15,428,32092,1,0
15,429,15907,1,0
15,430,10743,1,0
15,431,11145,1,0
15,432,9981,1,0
15,433,11403,1,0
15,434,89001,1,0
15,435,291442,1,0
15,436,92904,1,0
15,437,12020,1,0
15,438,13003,1,0
15,439,25557,1,0
15,440,13256,1,0
15,441,12286,1,0
15,442,12009,1,0
15,443,10486,1,0
15,444,57747,1,0
15,445,12296,1,0
15,446,9817,1,0
15,447,12281,1,0
15,448,10317,1,0
15,449,43059,1,0
15,450,19269,1,0
15,451,13520,1,0
15,452,11761,1,0
15,453,13635,1,0
15,454,10057,1,0
15,455,10429,1,0
15,456,11416,1,0
15,457,12934,1,0
15,458,13078,1,0
15,459,85707,1,0
15,460,96177,1,0
15,461,12512,1,0
15,462,11466,1,0
15,463,13321,1,0
15,464,12684,1,0
15,465,57279,1,0
15,466,11720,1,0
15,467,13160,1,0
15,468,11007,1,0
15,469,12733,1,0
15,470,46784,1,0
15,471,207683,1,0
15,472,99484,1,0
15,473,9902,1,0
15,474,11927,1,0
15,475,12632,1,0
15,476,21508,1,0
15,477,12595,1,0
15,478,12701,1,0
15,479,11986,1,0
15,480,11620,1,0
15,481,42664,1,0
15,482,17195,1,0
15,483,11991,1,0
15,484,10484,1,0
15,485,13155,1,0
15,486,20286,1,0
15,487,13168,1,0
15,488,14021,1,0
15,489,11512,1,0
15,490,11645,1,0
15,491,30066,1,0
15,492,11862,1,0
15,493,10089,1,0
15,494,12195,1,0
15,495,12858,1,0
15,496,13158,1,0
15,497,11140,1,0
15,498,11750,1,0
15,499,11789,1,0
15,500,37160,1,0
15,501,37956,1,0
15,502,57028,1,0
15,503,11884,1,0
15,504,10048,1,0
15,505,11420,1,0
15,506,31430,1,0
15,507,13625,1,0
15,508,14417,1,0
15,509,12656,1,0
15,510,10404,1,0
15,511,30250,1,0
15,512,88137,1,0
15,513,11884,1,0
15,514,10629,1,0
15,515,11858,1,0
15,516,14605,1,0
15,517,99926,1,0
15,518,9395,1,0
15,519,11298,1,0
15,520,11219,1,0
15,521,11423,1,0
15,522,84478,1,0
15,523,10307,1,0
15,524,10484,1,0
15,525,12725,1,0
15,526,11859,1,0
15,527,26636,1,0
15,528,10493,1,0
15,529,13221,1,0
15,530,12451,1,0
15,531,12973,1,0
15,532,12960,1,0
15,533,10625,1,0
15,534,13787,1,0
15,535,12456,1,0
15,536,12968,1,0
15,537,109521,1,0
15,538,75940,1,0
15,539,12370,1,0
15,540,12766,1,0
15,541,12077,1,0
15,542,24240,1,0
15,543,13122,1,0
15,544,12071,1,0
15,545,13848,1,0
15,546,17865,1,0
15,547,20220,1,0
15,548,10310,1,0
15,549,14270,1,0
15,550,13445,1,0
15,551,13258,1,0
15,552,31270,1,0
15,553,12712,1,0
15,554,9780,1,0
15,555,12070,1,0
15,556,11824,1,0
15,557,89130,1,0
15,558,11754,1,0
15,559,11747,1,0
15,560,9677,1,0
15,561,10075,1,0
15,562,25345,1,0
15,563,10470,1,0
15,564,12535,1,0
15,565,10894,1,0
15,566,11509,1,0
15,567,38552,1,0
15,568,9694,1,0
15,569,11186,1,0
15,570,11757,1,0
15,571,12363,1,0
15,572,26966,1,0
15,573,12587,1,0
15,574,12058,1,0
15,575,12296,1,0
15,576,9501,1,0
15,577,10820,1,0
15,578,10345,1,0
15,579,11864,1,0
15,580,10950,1,0
15,581,10659,1,0
15,582,21838,1,0
15,583,12990,1,0
15,584,12167,1,0
15,585,12759,1,0
15,586,10132,1,0
15,587,36591,1,0
15,588,152122,1,0
15,589,10513,1,0
15,590,10788,1,0
15,591,10831,1,0
15,592,13393,1,0
15,593,188183,1,0
15,594,11970,1,0
15,595,12287,1,0
15,596,9620,1,0
15,597,9876,1,0
15,598,21260,1,0
15,599,10256,1,0
16,0,76023,1,0
16,1,81128,1,0
16,2,17784,1,0
16,3,25495,1,0
16,4,12842,1,0
16,5,49056,1,0
16,6,12989,1,0
16,7,43958,1,0
16,8,26562,1,0
16,9,23798,1,0
16,10,12156,1,0
16,11,12744,1,0
16,12,22410,1,0
16,13,11971,1,0
16,14,12277,1,0
16,15,12425,1,0
16,16,13749,1,0
16,17,38176,1,0
16,18,12517,1,0
16,19,11794,1,0
16,20,11907,1,0
16,21,12404,1,0
16,22,12485,1,0
16,23,13224,1,0
16,24,11832,1,0
16,25,16124,1,0
16,26,43136,1,0
16,27,35798,1,0
16,28,11084,1,0
16,29,12106,1,0
16,30,57183,1,0
16,31,12000,1,0
16,32,16517,1,0
16,33,11666,1,0
16,34,13319,1,0
16,35,184955,1,0
16,36,67788,1,0
16,37,60362,1,0
16,38,12613,1,0
16,39,12324,1,0
16,40,147980,1,0
16,41,37459,1,0
16,42,12434,1,0
16,43,14368,1,0
16,44,12188,1,0
16,45,193488,1,0
16,46,230920,1,0
16,47,175207,1,0
16,48,82217,1,0
16,49,14068,1,0
16,50,11190,1,0
16,51,12367,1,0
16,52,11374,1,0
16,53,12491,1,0
16,54,12289,1,0
16,55,11477,1,0
16,56,87369,1,0
16,57,245174,1,0
16,58,287551,1,0
16,59,203527,1,0
16,60,65788,1,0
16,61,11579,1,0
16,62,116445,1,0
16,63,14384,1,0
16,64,13830,1,0
16,65,124556,1,0
16,66,622498,1,0
16,67,954869,1,0
16,68,928784,1,0
16,69,854623,1,0
16,70,802342,1,0
16,71,727616,1,0
16,72,708836,1,0
16,73,691092,1,0
16,74,629367,1,0
16,75,521762,1,0
16,76,475162,1,0
16,77,653629,1,0
16,78,906462,1,0
16,79,740975,1,0
16,80,568314,1,0
16,81,378758,1,0
16,82,164979,1,0
16,83,285396,1,0
16,84,239550,1,0
16,85,73192,1,0
16,86,13669,1,0
16,87,33858,1,0
16,88,34080,1,0
16,89,55952,1,0
16,90,9187,1,0
16,91,12036,1,0
16,92,13250,1,0
16,93,73235,1,0
16,94,302903,1,0
16,95,148188,1,0
16,96,11206,1,0
16,97,14297,1,0
16,98,12788,1,0
16,99,69904,1,0
16,100,13540,1,0
16,101,9561,1,0
16,102,13118,1,0
16,103,14478,1,0
16,104,62420,1,0
16,105,10353,1,0
16,106,10755,1,0
16,107,16488,1,0
16,108,11780,1,0
16,109,75676,1,0
16,110,12427,1,0
16,111,17158,1,0
16,112,545720,1,0
16,113,574439,1,0
16,114,544265,1,0
16,115,449425,1,0
16,116,334928,1,0
16,117,528986,1,0
16,118,418713,1,0
16,119,257479,1,0
16,120,96186,1,0
16,121,11191,1,0
16,122,114222,1,0
16,123,12028,1,0
16,124,11610,1,0
16,125,15777,1,0
16,126,12599,1,0
16,127,37999,1,0
16,128,9359,1,0
16,129,11404,1,0
16,130,10084,1,0
16,131,11172,1,0
16,132,13105,1,0
16,133,36598,1,0
16,134,9638,1,0
16,135,11773,1,0
16,136,13672,1,0
16,137,18291,1,0
16,138,99785,1,0
16,139,11352,1,0
16,140,11500,1,0
16,141,11132,1,0
16,142,12053,1,0
16,143,12149,1,0
16,144,234923,1,0
16,145,65388,1,0
16,146,10660,1,0
16,147,13094,1,0
16,148,13469,1,0
16,149,28028,1,0
16,150,11768,1,0
16,151,10748,1,0
16,152,9447,1,0
16,153,11638,1,0
16,154,21429,1,0
16,155,13106,1,0
16,156,10303,1,0
16,157,13644,1,0
16,158,12045,1,0
16,159,20426,1,0
16,160,17801,1,0
16,161,10474,1,0
16,162,11442,1,0
16,163,11464,1,0
16,164,12783,1,0
16,165,9685,1,0
16,166,11416,1,0
16,167,10752,1,0
16,168,12356,1,0
16,169,10930,1,0
16,170,12024,1,0
16,171,9643,1,0
16,172,11933,1,0
16,173,11251,1,0
16,174,11094,1,0
16,175,44411,1,0
16,176,12845,1,0
16,177,12554,1,0
16,178,12655,1,0
16,179,11356,1,0
16,180,55650,1,0
16,181,11997,1,0
16,182,10507,1,0
16,183,11481,1,0
16,184,9455,1,0
16,185,12373,1,0
16,186,33220,1,0
16,187,12225,1,0
16,188,10974,1,0
16,189,12385,1,0
16,190,11628,1,0
16,191,23195,1,0
16,192,12733,1,0
16,193,12424,1,0
16,194,10039,1,0
16,195,12414,1,0
16,196,11609,1,0
16,197,12061,1,0
16,198,11514,1,0
16,199,10974,1,0
16,200,12216,1,0
16,201,40371,1,0
16,202,11739,1,0
16,203,12041,1,0
16,204,35733,1,0
16,205,11296,1,0
16,206,11630,1,0
16,207,12057,1,0
16,208,12489,1,0
16,209,11121,1,0
16,210,9869,1,0
16,211,12424,1,0
16,212,10807,1,0
16,213,11405,1,0
16,214,11138,1,0
16,215,15602,1,0
16,216,9766,1,0
16,217,13314,1,0
16,218,13065,1,0
16,219,11370,1,0
16,220,11475,1,0
16,221,11990,1,0
16,222,11159,1,0
16,223,11123,1,0
16,224,12285,1,0
16,225,61912,1,0
16,226,215516,1,0
16,227,249814,1,0
16,228,140624,1,0
16,229,12699,1,0
16,230,12333,1,0
16,231,10776,1,0
16,232,10119,1,0
16,233,11539,1,0
16,234,9170,1,0
16,235,11127,1,0
16,236,103223,1,0
16,237,191480,1,0
16,238,10909,1,0
16,239,9500,1,0
16,240,9679,1,0
16,241,10987,1,0
16,242,12560,1,0
16,243,9260,1,0
16,244,11813,1,0
16,245,12291,1,0
16,246,12194,1,0
16,247,58458,1,0
16,248,9819,1,0
16,249,11418,1,0
16,250,10522,1,0
16,251,9799,1,0
16,252,63858,1,0
16,253,11703,1,0
16,254,9336,1,0
16,255,11550,1,0
16,256,12168,1,0
16,257,65548,1,0
16,258,11109,1,0
16,259,11766,1,0
16,260,11794,1,0
16,261,12944,1,0
16,262,140110,1,0
16,263,10860,1,0
16,264,56339,1,0
16,265,10764,1,0
16,266,11369,1,0
16,267,10720,1,0
16,268,10637,1,0
16,269,11641,1,0
16,270,8927,1,0
16,271,11345,1,0
16,272,9247,1,0
16,273,11142,1,0
16,274,11363,1,0
16,275,11727,1,0
16,276,13378,1,0
16,277,16628,1,0
16,278,14836,1,0
16,279,9494,1,0
16,280,12191,1,0
16,281,12547,1,0
16,282,21571,1,0
16,283,12657,1,0
16,284,12663,1,0
16,285,12418,1,0
16,286,11358,1,0
16,287,81448,1,0
16,288,10009,1,0
16,289,11350,1,0
16,290,11293,1,0
16,291,11535,1,0
16,292,53783,1,0
16,293,92527,1,0
16,294,10909,1,0
16,295,10871,1,0
16,296,11733,1,0
16,297,27644,1,0
16,298,12260,1,0
16,299,12291,1,0
16,300,9467,1,0
16,301,11788,1,0
16,302,10537,1,0
16,303,11335,1,0
16,304,12157,1,0
16,305,11757,1,0
16,306,49021,1,0
16,307,199877,1,0
16,308,616676,1,0
16,309,612822,1,0
16,310,946809,1,0
16,311,850916,1,0
16,312,676572,1,0
16,313,540179,1,0
16,314,446655,1,0
16,315,337990,1,0
16,316,208210,1,0
16,317,353512,1,0
16,318,193093,1,0
16,319,37417,1,0
16,320,11001,1,0
16,321,11028,1,0
16,322,13048,1,0
16,323,11599,1,0
16,324,12005,1,0
16,325,97855,1,0
16,326,10011,1,0
16,327,11972,1,0
16,328,11428,1,0
16,329,171304,1,0
16,330,27470,1,0
16,331,13777,1,0
16,332,65343,1,0
16,333,11441,1,0
16,334,13363,1,0
16,335,11418,1,0
16,336,74853,1,0
16,337,12330,1,0
16,338,12210,1,0
16,339,11756,1,0
16,340,12886,1,0
16,341,76933,1,0
16,342,12035,1,0
16,343,11725,1,0
16,344,11534,1,0
16,345,13362,1,0
16,346,54653,1,0
16,347,10921,1,0
16,348,14489,1,0
16,349,13153,1,0
16,350,165006,1,0
16,351,15508,1,0
16,352,117840,1,0
16,353,13403,1,0
16,354,11349,1,0
16,355,11019,1,0
16,356,12147,1,0
16,357,12342,1,0
16,358,11803,1,0
16,359,10752,1,0
16,360,11867,1,0
16,361,10448,1,0
16,362,11105,1,0
16,363,10807,1,0
16,364,11295,1,0
16,365,12465,1,0
16,366,11432,1,0
16,367,36817,1,0
16,368,12616,1,0
16,369,14868,1,0
16,370,11564,1,0
16,371,10853,1,0
16,372,9065,1,0
16,373,9346,1,0
16,374,13810,1,0
16,375,9350,1,0
16,376,10946,1,0
16,377,90626,1,0
16,378,31974,1,0
16,379,11484,1,0
16,380,9529,1,0
16,381,10336,1,0
16,382,9799,1,0
16,383,10890,1,0
16,384,10557,1,0
16,385,11220,1,0
16,386,9440,1,0
16,387,10646,1,0
16,388,8877,1,0
16,389,11119,1,0
16,390,10781,1,0
16,391,11568,1,0
16,392,12198,1,0
16,393,131450,1,0
16,394,11633,1,0
16,395,8747,1,0
16,396,10996,1,0
16,397,13563,1,0
16,398,40517,1,0
16,399,11364,1,0
16,400,11631,1,0
16,401,11483,1,0
16,402,12475,1,0
16,403,63859,1,0
16,404,12093,1,0
16,405,9708,1,0
16,406,11639,1,0
16,407,9388,1,0
16,408,29167,1,0
16,409,12022,1,0
16,410,13569,1,0
16,411,10942,1,0
16,412,11899,1,0
16,413,49432,1,0
16,414,10426,1,0
16,415,9458,1,0
16,416,10467,1,0
16,417,10685,1,0
16,418,28708,1,0
16,419,11157,1,0
16,420,11436,1,0
16,421,28671,1,0
16,422,22358,1,0
16,423,43956,1,0
16,424,11179,1,0
16,425,8957,1,0
16,426,10685,1,0
16,427,11645,1,0
16,428,29389,1,0
16,429,16403,1,0
16,430,11010,1,0
16,431,10652,1,0
16,432,10558,1,0
16,433,12979,1,0
16,434,88002,1,0
16,435,288933,1,0
16,436,91021,1,0
16,437,12335,1,0
16,438,9155,1,0
16,439,24985,1,0
16,440,10986,1,0
16,441,12367,1,0
16,442,11404,1,0
16,443,10659,1,0
16,444,55176,1,0
16,445,9818,1,0
16,446,12857,1,0
16,447,11662,1,0
16,448,12012,1,0
16,449,52031,1,0
16,450,17216,1,0
16,451,11345,1,0
16,452,11493,1,0
16,453,11672,1,0
16,454,9703,1,0
16,455,11417,1,0
16,456,11788,1,0
16,457,9684,1,0
16,458,9721,1,0
16,459,86074,1,0
16,460,94533,1,0
16,461,8522,1,0
16,462,11420,1,0
16,463,11312,1,0
16,464,9912,1,0
16,465,55157,1,0
16,466,11506,1,0
16,467,10198,1,0
16,468,10637,1,0
16,469,9881,1,0
16,470,45621,1,0
16,471,220252,1,0
16,472,96907,1,0
16,473,11530,1,0
16,474,11179,1,0
16,475,10993,1,0
16,476,34821,1,0
16,477,8576,1,0
16,478,11300,1,0
16,479,10876,1,0
16,480,12953,1,0
16,481,40138,1,0
16,482,12879,1,0
16,483,12325,1,0
16,484,12404,1,0
16,485,12074,1,0
16,486,33855,1,0
16,487,20944,1,0
16,488,13739,1,0
16,489,11898,1,0
16,490,11966,1,0
16,491,29057,1,0
16,492,11430,1,0
16,493,11151,1,0
16,494,10434,1,0
16,495,11670,1,0
16,496,25807,1,0
16,497,10533,1,0
16,498,11812,1,0
16,499,11486,1,0
16,500,38384,1,0
16,501,38029,1,0
16,502,55469,1,0
16,503,12054,1,0
16,504,11321,1,0
16,505,11325,1,0
16,506,28191,1,0
16,507,12195,1,0
16,508,12533,1,0
16,509,11167,1,0
16,510,10538,1,0
16,511,28602,1,0
16,512,85130,1,0
16,513,12247,1,0
16,514,11584,1,0
16,515,9488,1,0
16,516,12602,1,0
16,517,97629,1,0
16,518,9283,1,0
16,519,9131,1,0
16,520,9906,1,0
16,521,13852,1,0
16,522,85401,1,0
16,523,11011,1,0
16,524,13132,1,0
16,525,11562,1,0
16,526,11099,1,0
16,527,33929,1,0
16,528,9747,1,0
16,529,12417,1,0
16,530,9522,1,0
16,531,10042,1,0
16,532,13498,1,0
16,533,12828,1,0
16,534,16208,1,0
16,535,9119,1,0
16,536,14182,1,0
16,537,105175,1,0
16,538,73337,1,0
16,539,11378,1,0
16,540,11968,1,0
16,541,13692,1,0
16,542,37638,1,0
16,543,13523,1,0
16,544,11465,1,0
16,545,12491,1,0
16,546,18157,1,0
16,547,16589,1,0
16,548,11709,1,0
16,549,16686,1,0
16,550,10469,1,0
16,551,10877,1,0
16,552,27422,1,0
16,553,11824,1,0
16,554,11265,1,0
16,555,10187,1,0
16,556,11140,1,0
16,557,99396,1,0
16,558,10086,1,0
16,559,10870,1,0
16,560,10098,1,0
16,561,10808,1,0
16,562,23223,1,0
16,563,11584,1,0
16,564,13917,1,0
16,565,12453,1,0
16,566,11180,1,0
16,567,37278,1,0
16,568,12303,1,0
16,569,10420,1,0
16,570,11381,1,0
16,571,9072,1,0
16,572,23677,1,0
16,573,10558,1,0
16,574,9308,1,0
16,575,11826,1,0
16,576,10511,1,0
16,577,10802,1,0
16,578,11426,1,0
16,579,10437,1,0
16,580,11964,1,0
16,581,12101,1,0
16,582,20258,1,0
16,583,9796,1,0
16,584,10960,1,0
16,585,8818,1,0
16,586,11803,1,0
16,587,38167,1,0
16,588,150696,1,0
16,589,12699,1,0
16,590,9065,1,0
16,591,9261,1,0
16,592,11263,1,0
16,593,184221,1,0
16,594,11228,1,0
16,595,11706,1,0
16,596,9545,1,0
16,597,9335,1,0
16,598,16843,1,0
16,599,10744,1,0
17,0,75009,1,0
17,1,80764,1,0
17,2,16575,1,0
17,3,26090,1,0
17,4,12649,1,0
17,5,49373,1,0
17,6,11841,1,0
17,7,44743,1,0
17,8,24792,1,0
17,9,22424,1,0
17,10,13728,1,0
17,11,12797,1,0
17,12,27423,1,0
17,13,11238,1,0
17,14,12978,1,0
17,15,11205,1,0
17,16,13969,1,0
17,17,37220,1,0
17,18,12038,1,0
17,19,12059,1,0
17,20,10589,1,0
17,21,10596,1,0
17,22,11671,1,0
17,23,11238,1,0
17,24,18649,1,0
17,25,14377,1,0
17,26,43126,1,0
17,27,34715,1,0
17,28,11009,1,0
17,29,11246,1,0
17,30,55227,1,0
17,31,11145,1,0
17,32,16167,1,0
17,33,12483,1,0
17,34,11542,1,0
17,35,182504,1,0
17,36,64658,1,0
17,37,61429,1,0
17,38,12533,1,0
17,39,10845,1,0
17,40,146267,1,0
17,41,37607,1,0
17,42,10950,1,0
17,43,12457,1,0
17,44,17391,1,0
17,45,192059,1,0
17,46,235548,1,0
17,47,173398,1,0
17,48,80188,1,0
17,49,13929,1,0
17,50,11132,1,0
17,51,17062,1,0
17,52,13308,1,0
17,53,12423,1,0
17,54,13471,1,0
17,55,10717,1,0
17,56,91095,1,0
17,57,242925,1,0
17,58,286391,1,0
17,59,202583,1,0
17,60,63923,1,0
17,61,10718,1,0
17,62,115211,1,0
17,63,13271,1,0
17,64,12539,1,0
17,65,130057,1,0
17,66,621314,1,0
17,67,952037,1,0
17,68,928042,1,0
17,69,855162,1,0
17,70,802243,1,0
17,71,727126,1,0
17,72,722887,1,0
17,73,688717,1,0
17,74,628110,1,0
17,75,519326,1,0
17,76,474830,1,0
17,77,659886,1,0
17,78,908149,1,0
17,79,738338,1,0
17,80,567468,1,0
17,81,376429,1,0
17,82,163259,1,0
17,83,283581,1,0
17,84,240136,1,0
17,85,70690,1,0
17,86,11975,1,0
17,87,36374,1,0
17,88,31985,1,0
17,89,55032,1,0
17,90,11358,1,0
17,91,11544,1,0
17,92,11999,1,0
17,93,83654,1,0
17,94,301170,1,0
17,95,147250,1,0
17,96,11373,1,0
17,97,15652,1,0
17,98,10622,1,0
17,99,67746,1,0
17,100,12099,1,0
17,101,12033,1,0
17,102,11124,1,0
17,103,12965,1,0
17,104,62504,1,0
17,105,11879,1,0
17,106,14231,1,0
17,107,19854,1,0
17,108,10274,1,0
17,109,73124,1,0
17,110,10298,1,0
17,111,13454,1,0
17,112,545834,1,0
17,113,577064,1,0
17,114,542713,1,0
17,115,449638,1,0
17,116,336427,1,0
17,117,527945,1,0
17,118,417148,1,0
17,119,255106,1,0
17,120,92565,1,0
17,121,11259,1,0
17,122,111756,1,0
17,123,10537,1,0
17,124,11158,1,0
17,125,16208,1,0
17,126,12451,1,0
17,127,36742,1,0
17,128,10494,1,0
17,129,10886,1,0
17,130,10661,1,0
17,131,11638,1,0
17,132,12648,1,0
17,133,35533,1,0
17,134,11920,1,0
17,135,10815,1,0
17,136,11758,1,0
17,137,18308,1,0
17,138,96726,1,0
17,139,10126,1,0
17,140,11740,1,0
17,141,9954,1,0
17,142,11367,1,0
17,143,11226,1,0
17,144,234463,1,0
17,145,63533,1,0
17,146,10656,1,0
17,147,16467,1,0
17,148,13474,1,0
17,149,40969,1,0
17,150,9624,1,0
17,151,11628,1,0
17,152,12383,1,0
17,153,11751,1,0
17,154,34960,1,0
17,155,12148,1,0
17,156,12163,1,0
17,157,17574,1,0
17,158,11701,1,0
17,159,19250,1,0
17,160,16168,1,0
17,161,14868,1,0
17,162,10221,1,0
17,163,10889,1,0
17,164,10801,1,0
17,165,9702,1,0
17,166,10186,1,0
17,167,17170,1,0
17,168,11183,1,0
17,169,8323,1,0
17,170,10331,1,0
17,171,10539,1,0
17,172,10715,1,0
17,173,9911,1,0
17,174,11349,1,0
17,175,43179,1,0
17,176,12276,1,0
17,177,12057,1,0
17,178,10286,1,0
17,179,10236,1,0
17,180,65564,1,0
17,181,9300,1,0
17,182,10684,1,0
17,183,10141,1,0
17,184,10679,1,0
17,185,11491,1,0
17,186,31088,1,0
17,187,11867,1,0
17,188,10644,1,0
17,189,10541,1,0
17,190,11534,1,0
17,191,19939,1,0
17,192,10656,1,0
17,193,11385,1,0
17,194,11419,1,0
17,195,13100,1,0
17,196,9317,1,0
17,197,11453,1,0
17,198,10634,1,0
17,199,11878,1,0
17,200,9832,1,0
17,201,38409,1,0
17,202,10727,1,0
17,203,11824,1,0
17,204,34459,1,0
17,205,11016,1,0
17,206,14145,1,0
17,207,12219,1,0
17,208,11200,1,0
17,209,10870,1,0
17,210,14657,1,0
17,211,12136,1,0
17,212,10087,1,0
17,213,10660,1,0
17,214,12539,1,0
17,215,27171,1,0
17,216,11629,1,0
17,217,12155,1,0
17,218,11238,1,0
17,219,13093,1,0
17,220,26666,1,0
17,221,11730,1,0
17,222,9768,1,0
17,223,12558,1,0
17,224,11822,1,0
17,225,60410,1,0
17,226,216378,1,0
17,227,251012,1,0
17,228,138602,1,0
17,229,10767,1,0
17,230,10579,1,0
17,231,11481,1,0
17,232,11601,1,0
17,233,10930,1,0
17,234,11431,1,0
17,235,10489,1,0
17,236,114519,1,0
17,237,188595,1,0
17,238,12294,1,0
17,239,16451,1,0
17,240,11323,1,0
17,241,8166,1,0
17,242,11041,1,0
17,243,10525,1,0
17,244,9953,1,0
17,245,11502,1,0
17,246,12755,1,0
17,247,59281,1,0
17,248,12755,1,0
17,249,11038,1,0
17,250,13042,1,0
17,251,12784,1,0
17,252,62230,1,0
17,253,12075,1,0
17,254,12204,1,0
17,255,11151,1,0
17,256,13552,1,0
17,257,64064,1,0
17,258,11871,1,0
17,259,12075,1,0
17,260,12153,1,0
17,261,11389,1,0
17,262,135816,1,0
17,263,267200,1,0
17,264,52273,1,0
17,265,10501,1,0
17,266,12698,1,0
17,267,11490,1,0
17,268,11239,1,0
17,269,9497,1,0
17,270,11347,1,0
17,271,9371,1,0
17,272,11612,1,0
17,273,10907,1,0
17,274,11001,1,0
17,275,10886,1,0
17,276,12053,1,0
17,277,13298,1,0
17,278,13866,1,0
17,279,11508,1,0
17,280,10563,1,0
17,281,11437,1,0
17,282,18808,1,0
17,283,11390,1,0
17,284,12479,1,0
17,285,11116,1,0
17,286,10887,1,0
17,287,92384,1,0
17,288,12601,1,0
17,289,10460,1,0
17,290,10532,1,0
17,291,11670,1,0
17,292,89368,1,0
17,293,91235,1,0
17,294,12344,1,0
17,295,12728,1,0
17,296,9839,1,0
17,297,27229,1,0
17,298,11992,1,0
17,299,12582,1,0
17,300,11467,1,0
17,301,12892,1,0
17,302,24800,1,0
17,303,12114,1,0
17,304,12192,1,0
17,305,12667,1,0
17,306,50786,1,0
17,307,207512,1,0
17,308,618610,1,0
17,309,610755,1,0
17,310,972850,1,0
17,311,848466,1,0
17,312,676142,1,0
17,313,539276,1,0
17,314,444496,1,0
17,315,338533,1,0
17,316,206473,1,0
17,317,353699,1,0
17,318,191720,1,0
17,319,35085,1,0
17,320,11609,1,0
17,321,11896,1,0
17,322,11085,1,0
17,323,11181,1,0
17,324,13128,1,0
17,325,96011,1,0
17,326,11204,1,0
17,327,12264,1,0
17,328,11845,1,0
17,329,171229,1,0
17,330,24688,1,0
17,331,11992,1,0
17,332,64037,1,0
17,333,12228,1,0
17,334,11985,1,0
17,335,10460,1,0
17,336,85909,1,0
17,337,10163,1,0
17,338,10555,1,0
17,339,10298,1,0
17,340,11723,1,0
17,341,74541,1,0
17,342,10080,1,0
17,343,10524,1,0
17,344,10245,1,0
17,345,10601,1,0
17,346,51719,1,0
17,347,12692,1,0
17,348,17325,1,0
17,349,14819,1,0
17,350,165021,1,0
17,351,17133,1,0
17,352,119957,1,0
17,353,10417,1,0
17,354,11367,1,0
17,355,9743,1,0
17,356,10099,1,0
17,357,9765,1,0
17,358,10251,1,0
17,359,10873,1,0
17,360,9863,1,0
17,361,10382,1,0
17,362,10014,1,0
17,363,10851,1,0
17,364,11340,1,0
17,365,11106,1,0
17,366,11614,1,0
17,367,34198,1,0
17,368,10771,1,0
17,369,14054,1,0
17,370,12123,1,0
17,371,10579,1,0
17,372,11301,1,0
17,373,10837,1,0
17,374,10103,1,0
17,375,10926,1,0
17,376,9722,1,0
17,377,94960,1,0
17,378,28018,1,0
17,379,10605,1,0
17,380,10157,1,0
17,381,10608,1,0
17,382,10241,1,0
17,383,9766,1,0
17,384,11792,1,0
17,385,11175,1,0
17,386,10321,1,0
17,387,11248,1,0
17,388,10264,1,0
17,389,10018,1,0
17,390,9717,1,0
17,391,10281,1,0
17,392,11012,1,0
17,393,127942,1,0
17,394,9849,1,0
17,395,9729,1,0
17,396,10455,1,0
17,397,10482,1,0
17,398,52697,1,0
17,399,10564,1,0
17,400,10121,1,0
17,401,12822,1,0
17,402,10683,1,0
17,403,62433,1,0
17,404,10315,1,0
17,405,10670,1,0
17,406,10693,1,0
17,407,11294,1,0
17,408,28630,1,0
17,409,10868,1,0
17,410,11466,1,0
17,411,11627,1,0
17,412,9376,1,0
17,413,47006,1,0
17,414,11748,1,0
17,415,12888,1,0
17,416,11938,1,0
17,417,12349,1,0
17,418,38507,1,0
17,419,12355,1,0
17,420,11951,1,0
17,421,26914,1,0
17,422,21424,1,0
17,423,42000,1,0
17,424,10529,1,0
17,425,10454,1,0
17,426,10908,1,0
17,427,10098,1,0
17,428,26817,1,0
17,429,18529,1,0
17,430,11152,1,0
17,431,10467,1,0
17,432,10600,1,0
17,433,11373,1,0
17,434,84124,1,0
17,435,287603,1,0
17,436,87780,1,0
17,437,10486,1,0
17,438,12420,1,0
17,439,37506,1,0
17,440,11952,1,0
17,441,10573,1,0
17,442,11542,1,0
17,443,11611,1,0
17,444,52634,1,0
17,445,11610,1,0
17,446,11161,1,0
17,447,9971,1,0
17,448,10862,1,0
17,449,49955,1,0
17,450,13822,1,0
17,451,11281,1,0
17,452,13199,1,0
17,453,11133,1,0
17,454,11787,1,0
17,455,11296,1,0
17,456,11215,1,0
17,457,13495,1,0
17,458,11505,1,0
17,459,84423,1,0
17,460,93025,1,0
17,461,11269,1,0
17,462,11950,1,0
17,463,11521,1,0
17,464,11302,1,0
17,465,52220,1,0
17,466,11188,1,0
17,467,11544,1,0
17,468,11156,1,0
17,469,10301,1,0
17,470,43301,1,0
17,471,217975,1,0
17,472,94493,1,0
17,473,10537,1,0
17,474,12348,1,0
17,475,11776,1,0
17,476,32033,1,0
17,477,11665,1,0
17,478,13282,1,0
17,479,12780,1,0
17,480,11125,1,0
17,481,36664,1,0
17,482,10285,1,0
17,483,11828,1,0
17,484,12839,1,0
17,485,15115,1,0
17,486,32164,1,0
17,487,18859,1,0
17,488,11537,1,0
17,489,10122,1,0
17,490,11702,1,0
17,491,27436,1,0
17,492,10351,1,0
17,493,11139,1,0
17,494,10808,1,0
17,495,9801,1,0
17,496,22564,1,0
17,497,10317,1,0
17,498,11305,1,0
17,499,10643,1,0
17,500,35146,1,0
17,501,37774,1,0
17,502,52839,1,0
17,503,11056,1,0
17,504,11617,1,0
17,505,11444,1,0
17,506,25408,1,0
17,507,11650,1,0
17,508,12664,1,0
17,509,12556,1,0
17,510,9978,1,0
17,511,40791,1,0
17,512,83123,1,0
17,513,11312,1,0
17,514,11370,1,0
17,515,10527,1,0
17,516,15104,1,0
17,517,95444,1,0
17,518,10571,1,0
17,519,11670,1,0
17,520,11396,1,0
17,521,12486,1,0
17,522,84153,1,0
17,523,10217,1,0
17,524,9050,1,0
17,525,10504,1,0
17,526,11348,1,0
17,527,11218,1,0
17,528,11761,1,0
17,529,10737,1,0
17,530,10598,1,0
17,531,11203,1,0
17,532,12098,1,0
17,533,10612,1,0
17,534,15467,1,0
17,535,11596,1,0
17,536,11059,1,0
17,537,117794,1,0
17,538,72511,1,0
17,539,12443,1,0
17,540,11464,1,0
17,541,11504,1,0
17,542,36320,1,0
17,543,10739,1,0
17,544,11040,1,0
17,545,11353,1,0
17,546,17413,1,0
17,547,28214,1,0
17,548,10238,1,0
17,549,18291,1,0
17,550,10921,1,0
17,551,11861,1,0
17,552,25467,1,0
17,553,12395,1,0
17,554,9494,1,0
17,555,10733,1,0
17,556,11215,1,0
17,557,95368,1,0
17,558,11203,1,0
17,559,10352,1,0
17,560,10932,1,0
17,561,10858,1,0
17,562,21236,1,0
17,563,11091,1,0
17,564,10943,1,0
17,565,11224,1,0
17,566,10035,1,0
17,567,34969,1,0
17,568,10156,1,0
17,569,9893,1,0
17,570,10801,1,0
17,571,10194,1,0
17,572,19978,1,0
17,573,11446,1,0
17,574,9891,1,0
17,575,10151,1,0
17,576,12546,1,0
17,577,18468,1,0
17,578,10960,1,0
17,579,9872,1,0
17,580,10012,1,0
17,581,12028,1,0
17,582,22256,1,0
17,583,10281,1,0
17,584,11333,1,0
17,585,10477,1,0
17,586,11471,1,0
17,587,35749,1,0
17,588,147495,1,0
17,589,11059,1,0
17,590,11622,1,0
17,591,11228,1,0
17,592,10247,1,0
17,593,181677,1,0
17,594,10600,1,0
17,595,9564,1,0
17,596,10251,1,0
17,597,10843,1,0
17,598,14891,1,0
17,599,11631,1,0
18,0,74049,1,0
18,1,141586,1,0
18,2,15238,1,0
18,3,29009,1,0
18,4,14915,1,0
18,5,48198,1,0
18,6,12165,1,0
18,7,44863,1,0
18,8,23475,1,0
18,9,18358,1,0
18,10,12794,1,0
18,11,11898,1,0
18,12,27444,1,0
18,13,13615,1,0
18,14,12460,1,0
18,15,11606,1,0
18,16,10673,1,0
18,17,35596,1,0
18,18,12912,1,0
18,19,11953,1,0
18,20,12885,1,0
18,21,12096,1,0
18,22,12544,1,0
18,23,14376,1,0
18,24,17046,1,0
18,25,12447,1,0
18,26,39944,1,0
18,27,33747,1,0
18,28,12011,1,0
18,29,12671,1,0
18,30,53473,1,0
18,31,12375,1,0
18,32,13198,1,0
18,33,12205,1,0
18,34,12192,1,0
18,35,180006,1,0
18,36,61420,1,0
18,37,62435,1,0
18,38,12356,1,0
18,39,12450,1,0
18,40,144832,1,0
18,41,36191,1,0
18,42,10680,1,0
18,43,11234,1,0
18,44,15577,1,0
18,45,189889,1,0
18,46,236382,1,0
18,47,170676,1,0
18,48,76706,1,0
18,49,14441,1,0
18,50,13536,1,0
18,51,17611,1,0
18,52,13374,1,0
18,53,12931,1,0
18,54,12195,1,0
18,55,12928,1,0
18,56,88852,1,0
18,57,238631,1,0
18,58,284522,1,0
18,59,198523,1,0
18,60,62212,1,0
18,61,12533,1,0
18,62,112173,1,0
18,63,12677,1,0
18,64,13666,1,0
18,65,140134,1,0
18,66,619449,1,0
18,67,951119,1,0
18,68,926322,1,0
18,69,853932,1,0
18,70,801592,1,0
18,71,725680,1,0
18,72,720240,1,0
18,73,686655,1,0
18,74,627007,1,0
18,75,517071,1,0
18,76,474279,1,0
18,77,669284,1,0
18,78,905976,1,0
18,79,734433,1,0
18,80,563489,1,0
18,81,373389,1,0
18,82,160263,1,0
18,83,294680,1,0
18,84,238961,1,0
18,85,66961,1,0
18,86,12238,1,0
18,87,38368,1,0
18,88,43215,1,0
18,89,52474,1,0
18,90,11942,1,0
18,91,14285,1,0
18,92,12324,1,0
18,93,84692,1,0
18,94,299744,1,0
18,95,144755,1,0
18,96,13733,1,0
18,97,19891,1,0
18,98,12270,1,0
18,99,109873,1,0
18,100,11922,1,0
18,101,13184,1,0
18,102,12422,1,0
18,103,11406,1,0
18,104,58940,1,0
18,105,12314,1,0
18,106,12517,1,0
18,107,21677,1,0
18,108,12461,1,0
18,109,69954,1,0
18,110,10815,1,0
18,111,10316,1,0
18,112,546618,1,0
18,113,575122,1,0
18,114,541408,1,0
18,115,447957,1,0
18,116,341823,1,0
18,117,528681,1,0
18,118,415967,1,0
18,119,253381,1,0
18,120,88097,1,0
18,121,11599,1,0
18,122,120171,1,0
18,123,10264,1,0
18,124,13384,1,0
18,125,16487,1,0
18,126,11007,1,0
18,127,49684,1,0
18,128,10196,1,0
18,129,11684,1,0
18,130,11514,1,0
18,131,9688,1,0
18,132,11849,1,0
18,133,33026,1,0
18,134,12088,1,0
18,135,10609,1,0
18,136,12599,1,0
18,137,17035,1,0
18,138,94168,1,0
18,139,9280,1,0
18,140,12569,1,0
18,141,10030,1,0
18,142,12109,1,0
18,143,10597,1,0
18,144,232142,1,0
18,145,59875,1,0
18,146,10904,1,0
18,147,19426,1,0
18,148,13847,1,0
18,149,38702,1,0
18,150,10172,1,0
18,151,10666,1,0
18,152,12419,1,0
18,153,10867,1,0
18,154,31011,1,0
18,155,12206,1,0
18,156,9858,1,0
18,157,18910,1,0
18,158,12022,1,0
18,159,25062,1,0
18,160,13161,1,0
18,161,12559,1,0
18,162,10144,1,0
18,163,10095,1,0
18,164,12444,1,0
18,165,11352,1,0
18,166,9718,1,0
18,167,15587,1,0
18,168,10485,1,0
18,169,10305,1,0
18,170,12187,1,0
18,171,10013,1,0
18,172,11669,1,0
18,173,9905,1,0
18,174,10345,1,0
18,175,40677,1,0
18,176,12258,1,0
18,177,12932,1,0
18,178,10447,1,0
18,179,9621,1,0
18,180,61756,1,0
18,181,12741,1,0
18,182,11887,1,0
18,183,12638,1,0
18,184,9572,1,0
18,185,10157,1,0
18,186,26327,1,0
18,187,13296,1,0
18,188,9608,1,0
18,189,12453,1,0
18,190,12563,1,0
18,191,16915,1,0
18,192,12865,1,0
18,193,12442,1,0
18,194,9544,1,0
18,195,12002,1,0
18,196,12416,1,0
18,197,12798,1,0
18,198,10927,1,0
18,199,10048,1,0
18,200,10205,1,0
18,201,34024,1,0
18,202,11946,1,0
18,203,10380,1,0
18,204,29688,1,0
18,205,13203,1,0
18,206,12885,1,0
18,207,12099,1,0
18,208,9977,1,0
18,209,9709,1,0
18,210,17322,1,0
18,211,13308,1,0
18,212,10482,1,0
18,213,11692,1,0
18,214,12750,1,0
18,215,22354,1,0
18,216,9706,1,0
18,217,13948,1,0
18,218,9862,1,0
18,219,13176,1,0
18,220,23917,1,0
18,221,12350,1,0
18,222,10085,1,0
18,223,13688,1,0
18,224,13128,1,0
18,225,57532,1,0
18,226,214860,1,0
18,227,248635,1,0
18,228,135880,1,0
18,229,11795,1,0
18,230,12763,1,0
18,231,13380,1,0
18,232,9776,1,0
18,233,10324,1,0
18,234,10845,1,0
18,235,14014,1,0
18,236,113155,1,0
18,237,186555,1,0
18,238,10681,1,0
18,239,13556,1,0
18,240,10647,1,0
18,241,11497,1,0
18,242,10856,1,0
18,243,9337,1,0
18,244,12251,1,0
18,245,11779,1,0
18,246,10792,1,0
18,247,69711,1,0
18,248,10468,1,0
18,249,12244,1,0
18,250,9936,1,0
18,251,12003,1,0
18,252,58678,1,0
18,253,12150,1,0
18,254,12156,1,0
18,255,13439,1,0
18,256,16780,1,0
18,257,61758,1,0
18,258,10092,1,0
18,259,10557,1,0
18,260,11358,1,0
18,261,12387,1,0
18,262,151525,1,0
18,263,263057,1,0
18,264,47841,1,0
18,265,11271,1,0
18,266,12844,1,0
18,267,13357,1,0
18,268,9554,1,0
18,269,11888,1,0
18,270,9936,1,0
18,271,9885,1,0
18,272,26392,1,0
18,273,10280,1,0
18,274,12654,1,0
18,275,9580,1,0
18,276,9563,1,0
18,277,11992,1,0
18,278,12326,1,0
18,279,13331,1,0
18,280,10009,1,0
18,281,10363,1,0
18,282,13737,1,0
18,283,10334,1,0
18,284,10225,1,0
18,285,10160,1,0
18,286,10508,1,0
18,287,90627,1,0
18,288,10629,1,0
18,289,11954,1,0
18,290,12133,1,0
18,291,12289,1,0
18,292,52027,1,0
18,293,89461,1,0
18,294,10790,1,0
18,295,10448,1,0
18,296,10431,1,0
18,297,39547,1,0
18,298,11104,1,0
18,299,12116,1,0
18,300,10577,1,0
18,301,10443,1,0
18,302,22843,1,0
18,303,10977,1,0
18,304,12547,1,0
18,305,13865,1,0
18,306,51515,1,0
18,307,219539,1,0
18,308,620365,1,0
18,309,611298,1,0
18,310,999430,1,0
18,311,846108,1,0
18,312,672258,1,0
18,313,549896,1,0
18,314,440701,1,0
18,315,336427,1,0
18,316,204192,1,0
18,317,352518,1,0
18,318,190827,1,0
18,319,31907,1,0
18,320,12480,1,0
18,321,9705,1,0
18,322,10745,1,0
18,323,12696,1,0
18,324,9559,1,0
18,325,92911,1,0
18,326,10727,1,0
18,327,11948,1,0
18,328,11440,1,0
18,329,166995,1,0
18,330,22940,1,0
18,331,11347,1,0
18,332,60132,1,0
18,333,10485,1,0
18,334,10648,1,0
18,335,11501,1,0
18,336,83613,1,0
18,337,10204,1,0
18,338,11878,1,0
18,339,10949,1,0
18,340,10588,1,0
18,341,70565,1,0
18,342,12179,1,0
18,343,12937,1,0
18,344,10633,1,0
18,345,12151,1,0
18,346,57886,1,0
18,347,9664,1,0
18,348,12785,1,0
18,349,15125,1,0
18,350,161614,1,0
18,351,16572,1,0
18,352,119190,1,0
18,353,12886,1,0
18,354,9700,1,0
18,355,12037,1,0
18,356,10209,1,0
18,357,10373,1,0
18,358,11726,1,0
18,359,10077,1,0
18,360,9449,1,0
18,361,9691,1,0
18,362,8782,1,0
18,363,9057,1,0
18,364,10564,1,0
18,365,12002,1,0
18,366,10900,1,0
18,367,28993,1,0
18,368,9778,1,0
18,369,9693,1,0
18,370,10810,1,0
18,371,11637,1,0
18,372,9989,1,0
18,373,9939,1,0
18,374,11513,1,0
18,375,10273,1,0
18,376,10237,1,0
18,377,175169,1,0
18,378,23567,1,0
18,379,10285,1,0
18,380,10638,1,0
18,381,10526,1,0
18,382,9948,1,0
18,383,11635,1,0
18,384,10547,1,0
18,385,9611,1,0
18,386,9734,1,0
18,387,11486,1,0
18,388,10303,1,0
18,389,11263,1,0
18,390,10308,1,0
18,391,10554,1,0
18,392,10257,1,0
18,393,122414,1,0
18,394,12471,1,0
18,395,9899,1,0
18,396,10756,1,0
18,397,12954,1,0
18,398,48985,1,0
18,399,11727,1,0
18,400,9899,1,0
18,401,11973,1,0
18,402,10139,1,0
18,403,73799,1,0
18,404,10771,1,0
18,405,9673,1,0
18,406,12096,1,0
18,407,12598,1,0
18,408,24534,1,0
18,409,10143,1,0
18,410,11950,1,0
18,411,10897,1,0
18,412,13000,1,0
18,413,42550,1,0
18,414,9524,1,0
18,415,10304,1,0
18,416,11778,1,0
18,417,11807,1,0
18,418,34232,1,0
18,419,10375,1,0
18,420,10866,1,0
18,421,22415,1,0
18,422,19922,1,0
18,423,38081,1,0
18,424,10137,1,0
18,425,10153,1,0
18,426,9939,1,0
18,427,11621,1,0
18,428,22225,1,0
18,429,24136,1,0
18,430,9749,1,0
18,431,9790,1,0
18,432,9925,1,0
18,433,12961,1,0
18,434,143385,1,0
18,435,284518,1,0
18,436,83748,1,0
18,437,9679,1,0
18,438,11014,1,0
18,439,38149,1,0
18,440,10340,1,0
18,441,10353,1,0
18,442,9915,1,0
18,443,12614,1,0
18,444,64234,1,0
18,445,11439,1,0
18,446,9783,1,0
18,447,10285,1,0
18,448,11629,1,0
18,449,45723,1,0
18,450,9736,1,0
18,451,10589,1,0
18,452,10301,1,0
18,453,10866,1,0
18,454,9342,1,0
18,455,10122,1,0
18,456,12766,1,0
18,457,9639,1,0
18,458,11104,1,0
18,459,94405,1,0
18,460,90165,1,0
18,461,10579,1,0
18,462,11733,1,0
18,463,10328,1,0
18,464,10494,1,0
18,465,48853,1,0
18,466,11172,1,0
18,467,11079,1,0
18,468,9553,1,0
18,469,11016,1,0
18,470,40610,1,0
18,471,214483,1,0
18,472,92551,1,0
18,473,11900,1,0
18,474,11631,1,0
18,475,10720,1,0
18,476,29312,1,0
18,477,10037,1,0
18,478,10518,1,0
18,479,9646,1,0
18,480,10958,1,0
18,481,46966,1,0
18,482,11704,1,0
18,483,11480,1,0
18,484,9753,1,0
18,485,13108,1,0
18,486,29029,1,0
18,487,20278,1,0
18,488,12914,1,0
18,489,13046,1,0
18,490,12678,1,0
18,491,41576,1,0
18,492,14186,1,0
18,493,10256,1,0
18,494,10657,1,0
18,495,10841,1,0
18,496,17787,1,0
18,497,10323,1,0
18,498,11625,1,0
18,499,12995,1,0
18,500,33100,1,0
18,501,80459,1,0
18,502,49942,1,0
18,503,9782,1,0
18,504,10459,1,0
18,505,12014,1,0
18,506,20813,1,0
18,507,12485,1,0
18,508,11927,1,0
18,509,12447,1,0
18,510,11656,1,0
18,511,39859,1,0
18,512,79966,1,0
18,513,11010,1,0
18,514,13127,1,0
18,515,11694,1,0
18,516,13747,1,0
18,517,92335,1,0
18,518,9438,1,0
18,519,10345,1,0
18,520,9892,1,0
18,521,13207,1,0
18,522,81335,1,0
18,523,8927,1,0
18,524,11462,1,0
18,525,10999,1,0
18,526,10010,1,0
18,527,17795,1,0
18,528,10007,1,0
18,529,12133,1,0
18,530,9665,1,0
18,531,14678,1,0
18,532,13232,1,0
18,533,12596,1,0
18,534,14911,1,0
18,535,12210,1,0
18,536,13122,1,0
18,537,114379,1,0
18,538,69920,1,0
18,539,12187,1,0
18,540,12571,1,0
18,541,11561,1,0
18,542,33541,1,0
18,543,12790,1,0
18,544,12188,1,0
18,545,12753,1,0
18,546,14783,1,0
18,547,25956,1,0
18,548,11575,1,0
18,549,18421,1,0
18,550,10441,1,0
18,551,12514,1,0
18,552,20873,1,0
18,553,9991,1,0
18,554,9317,1,0
18,555,9660,1,0
18,556,9849,1,0
18,557,90960,1,0
18,558,10067,1,0
18,559,11897,1,0
18,560,9578,1,0
18,561,8810,1,0
18,562,30617,1,0
18,563,9538,1,0
18,564,10546,1,0
18,565,11728,1,0
18,566,9929,1,0
18,567,46181,1,0
18,568,9432,1,0
18,569,9128,1,0
18,570,10246,1,0
18,571,9439,1,0
18,572,30501,1,0
18,573,11713,1,0
18,574,9701,1,0
18,575,9686,1,0
18,576,11187,1,0
18,577,14395,1,0
18,578,10432,1,0
18,579,9953,1,0
18,580,10507,1,0
18,581,10537,1,0
18,582,34108,1,0
18,583,10293,1,0
18,584,10470,1,0
18,585,10332,1,0
18,586,9469,1,0
18,587,30428,1,0
18,588,144205,1,0
18,589,9841,1,0
18,590,11205,1,0
18,591,9232,1,0
18,592,10331,1,0
18,593,178100,1,0
18,594,10762,1,0
18,595,12640,1,0
18,596,10427,1,0
18,597,11252,1,0
18,598,13168,1,0
18,599,10945,1,0
19,0,73287,1,0
19,1,84720,1,0
19,2,14175,1,0
19,3,30104,1,0
19,4,13352,1,0
19,5,49453,1,0
19,6,11884,1,0
19,7,44954,1,0
19,8,22269,1,0
19,9,18427,1,0
19,10,12155,1,0
19,11,13231,1,0
19,12,26511,1,0
19,13,12695,1,0
19,14,12264,1,0
19,15,12261,1,0
19,16,11747,1,0
19,17,33307,1,0
19,18,14603,1,0
19,19,11930,1,0
19,20,13412,1,0
19,21,11220,1,0
19,22,13278,1,0
19,23,13005,1,0
19,24,14173,1,0
19,25,10378,1,0
19,26,38882,1,0
19,27,36156,1,0
19,28,11855,1,0
19,29,12198,1,0
19,30,51416,1,0
19,31,12016,1,0
19,32,13725,1,0
19,33,13708,1,0
19,34,9735,1,0
19,35,177452,1,0
19,36,59574,1,0
19,37,62778,1,0
19,38,11629,1,0
19,39,11703,1,0
19,40,141981,1,0
19,41,33840,1,0
19,42,12682,1,0
19,43,13856,1,0
19,44,14352,1,0
19,45,188788,1,0
19,46,237651,1,0
19,47,171085,1,0
19,48,73161,1,0
19,49,22441,1,0
19,50,11845,1,0
19,51,16322,1,0
19,52,14827,1,0
19,53,13534,1,0
19,54,13123,1,0
19,55,9769,1,0
19,56,103336,1,0
19,57,239951,1,0
19,58,284899,1,0
19,59,197044,1,0
19,60,61040,1,0
19,61,10443,1,0
19,62,109059,1,0
19,63,10519,1,0
19,64,14986,1,0
19,65,153152,1,0
19,66,617250,1,0
19,67,949574,1,0
19,68,924497,1,0
19,69,851363,1,0
19,70,800286,1,0
19,71,724953,1,0
19,72,729325,1,0
19,73,685331,1,0
19,74,626523,1,0
19,75,516970,1,0
19,76,473394,1,0
19,77,702658,1,0
19,78,903278,1,0
19,79,732121,1,0
19,80,562550,1,0
19,81,371672,1,0
19,82,157862,1,0
19,83,293395,1,0
19,84,238179,1,0
19,85,65131,1,0
19,86,10803,1,0
19,87,39581,1,0
19,88,39656,1,0
19,89,49674,1,0
19,90,12345,1,0
19,91,13705,1,0
19,92,18205,1,0
19,93,86171,1,0
19,94,298035,1,0
19,95,142750,1,0
19,96,14264,1,0
19,97,20540,1,0
19,98,11430,1,0
19,99,63447,1,0
19,100,12482,1,0
19,101,11538,1,0
19,102,11544,1,0
19,103,12142,1,0
19,104,57302,1,0
19,105,11346,1,0
19,106,11767,1,0
19,107,22111,1,0
19,108,12217,1,0
19,109,84268,1,0
19,110,9745,1,0
19,111,10018,1,0
19,112,547518,1,0
19,113,578781,1,0
19,114,539868,1,0
19,115,444921,1,0
19,116,344143,1,0
19,117,527134,1,0
19,118,413872,1,0
19,119,252741,1,0
19,120,86580,1,0
19,121,12687,1,0
19,122,124133,1,0
19,123,11586,1,0
19,124,12156,1,0
19,125,15347,1,0
19,126,11698,1,0
19,127,48363,1,0
19,128,11804,1,0
19,129,9397,1,0
19,130,11152,1,0
19,131,11678,1,0
19,132,11668,1,0
19,133,29518,1,0
19,134,8631,1,0
19,135,11200,1,0
19,136,11143,1,0
19,137,17384,1,0
19,138,92330,1,0
19,139,11061,1,0
19,140,9979,1,0
19,141,10164,1,0
19,142,14217,1,0
19,143,11219,1,0
19,144,229436,1,0
19,145,57303,1,0
19,146,9339,1,0
19,147,19852,1,0
19,148,14177,1,0
19,149,36989,1,0
19,150,11698,1,0
19,151,10937,1,0
19,152,11272,1,0
19,153,11205,1,0
19,154,30377,1,0
19,155,10196,1,0
19,156,11850,1,0
19,157,21047,1,0
19,158,9354,1,0
19,159,23685,1,0
19,160,12632,1,0
19,161,11240,1,0
19,162,11718,1,0
19,163,12705,1,0
19,164,11702,1,0
19,165,10857,1,0
19,166,9521,1,0
19,167,14945,1,0
19,168,10857,1,0
19,169,11212,1,0
19,170,12261,1,0
19,171,11741,1,0
19,172,12690,1,0
19,173,9776,1,0
19,174,11444,1,0
19,175,39690,1,0
19,176,12800,1,0
19,177,14150,1,0
19,178,10814,1,0
19,179,12189,1,0
19,180,59788,1,0
19,181,8925,1,0
19,182,10560,1,0
19,183,9395,1,0
19,184,8566,1,0
19,185,11745,1,0
19,186,24231,1,0
19,187,13483,1,0
19,188,9586,1,0
19,189,11848,1,0
19,190,15992,1,0
19,191,14429,1,0
19,192,11067,1,0
19,193,9215,1,0
19,194,9732,1,0
19,195,11026,1,0
19,196,9677,1,0
19,197,13940,1,0
19,198,11082,1,0
19,199,11129,1,0
19,200,10986,1,0
19,201,32112,1,0
19,202,11432,1,0
19,203,11163,1,0
19,204,28417,1,0
19,205,11388,1,0
19,206,13608,1,0
19,207,13776,1,0
19,208,12369,1,0
19,209,12009,1,0
19,210,22094,1,0
19,211,10745,1,0
19,212,10442,1,0
19,213,12016,1,0
19,214,11854,1,0
19,215,19990,1,0
19,216,9376,1,0
19,217,14245,1,0
19,218,9669,1,0
19,219,10781,1,0
19,220,21144,1,0
19,221,11792,1,0
19,222,10109,1,0
19,223,13421,1,0
19,224,12160,1,0
19,225,73731,1,0
19,226,214256,1,0
19,227,246663,1,0
19,228,132581,1,0
19,229,11708,1,0
19,230,11830,1,0
19,231,12212,1,0
19,232,11093,1,0
19,233,12768,1,0
19,234,9622,1,0
19,235,12650,1,0
19,236,113954,1,0
19,237,184211,1,0
19,238,12409,1,0
19,239,9611,1,0
19,240,10959,1,0
19,241,9270,1,0
19,242,10437,1,0
19,243,10064,1,0
19,244,9730,1,0
19,245,11659,1,0
19,246,10928,1,0
19,247,72291,1,0
19,248,13521,1,0
19,249,13207,1,0
19,250,9282,1,0
19,251,13049,1,0
19,252,56358,1,0
19,253,11245,1,0
19,254,10123,1,0
19,255,11154,1,0
19,256,15668,1,0
19,257,60838,1,0
19,258,11138,1,0
19,259,10509,1,0
19,260,16398,1,0
19,261,11542,1,0
19,262,149800,1,0
19,263,260299,1,0
19,264,43930,1,0
19,265,9503,1,0
19,266,13569,1,0
19,267,11364,1,0
19,268,9619,1,0
19,269,11298,1,0
19,270,10685,1,0
19,271,11906,1,0
19,272,30979,1,0
19,273,11290,1,0
19,274,12213,1,0
19,275,11432,1,0
19,276,11900,1,0
19,277,26665,1,0
19,278,11332,1,0
19,279,11351,1,0
19,280,11192,1,0
19,281,11097,1,0
19,282,9849,1,0
19,283,11546,1,0
19,284,12465,1,0
19,285,11278,1,0
19,286,11551,1,0
19,287,105324,1,0
19,288,12313,1,0
19,289,11590,1,0
19,290,12832,1,0
19,291,14136,1,0
19,292,50694,1,0
19,293,87989,1,0
19,294,11980,1,0
19,295,11323,1,0
19,296,10738,1,0
19,297,39245,1,0
19,298,11580,1,0
19,299,13919,1,0
19,300,11602,1,0
19,301,12624,1,0
19,302,20771,1,0
19,303,12853,1,0
19,304,11834,1,0
19,305,12933,1,0
19,306,61689,1,0
19,307,227171,1,0
19,308,620171,1,0
19,309,610045,1,0
19,310,1029385,1,0
19,311,814386,1,0
19,312,668810,1,0
19,313,548423,1,0
19,314,817003,1,0
19,315,337606,1,0
19,316,200806,1,0
19,317,350717,1,0
19,318,188255,1,0
19,319,28810,1,0
19,320,11865,1,0
19,321,11849,1,0
19,322,13736,1,0
19,323,11926,1,0
19,324,11147,1,0
19,325,108718,1,0
19,326,12753,1,0
19,327,12008,1,0
19,328,11265,1,0
19,329,165444,1,0
19,330,22027,1,0
19,331,12715,1,0
19,332,57082,1,0
19,333,12908,1,0
19,334,11733,1,0
19,335,11343,1,0
19,336,80412,1,0
19,337,11773,1,0
19,338,11649,1,0
19,339,11810,1,0
19,340,11633,1,0
19,341,87956,1,0
19,342,12507,1,0
19,343,11261,1,0
19,344,12237,1,0
19,345,11204,1,0
19,346,59699,1,0
19,347,12563,1,0
19,348,12400,1,0
19,349,15615,1,0
19,350,158548,1,0
19,351,15861,1,0
19,352,122326,1,0
19,353,9201,1,0
19,354,10459,1,0
19,355,9332,1,0
19,356,11703,1,0
19,357,11078,1,0
19,358,10929,1,0
19,359,10960,1,0
19,360,12605,1,0
19,361,10498,1,0
19,362,11329,1,0
19,363,11944,1,0
19,364,11915,1,0
19,365,10946,1,0
19,366,11232,1,0
19,367,24965,1,0
19,368,12156,1,0
19,369,9106,1,0
19,370,10930,1,0
19,371,11455,1,0
19,372,9763,1,0
19,373,12229,1,0
19,374,11571,1,0
19,375,11911,1,0
19,376,12330,1,0
19,377,90735,1,0
19,378,21396,1,0
19,379,12467,1,0
19,380,11569,1,0
19,381,11007,1,0
19,382,9246,1,0
19,383,10697,1,0
19,384,11485,1,0
19,385,11021,1,0
19,386,10784,1,0
19,387,11580,1,0
19,388,10910,1,0
19,389,10421,1,0
19,390,9581,1,0
19,391,9414,1,0
19,392,11124,1,0
19,393,119867,1,0
19,394,11307,1,0
19,395,10410,1,0
19,396,11881,1,0
19,397,10087,1,0
19,398,44699,1,0
19,399,9589,1,0
19,400,10488,1,0
19,401,11806,1,0
19,402,10763,1,0
19,403,70810,1,0
19,404,9623,1,0
19,405,11456,1,0
19,406,12111,1,0
19,407,10386,1,0
19,408,20834,1,0
19,409,11843,1,0
19,410,12015,1,0
19,411,12562,1,0
19,412,10741,1,0
19,413,53969,1,0
19,414,11594,1,0
19,415,12588,1,0
19,416,9710,1,0
19,417,10961,1,0
19,418,31311,1,0
19,419,11669,1,0
19,420,10804,1,0
19,421,20701,1,0
19,422,20114,1,0
19,423,50463,1,0
19,424,10884,1,0
19,425,13037,1,0
19,426,12038,1,0
19,427,11001,1,0
19,428,33200,1,0
19,429,26032,1,0
19,430,10770,1,0
19,431,9000,1,0
19,432,11894,1,0
19,433,11048,1,0
19,434,196399,1,0
19,435,280689,1,0
19,436,80344,1,0
19,437,9800,1,0
19,438,12347,1,0
19,439,36274,1,0
19,440,10916,1,0
19,441,9744,1,0
19,442,12979,1,0
19,443,8921,1,0
19,444,60916,1,0
19,445,11501,1,0
19,446,11003,1,0
19,447,12720,1,0
19,448,10473,1,0
19,449,53914,1,0
19,450,11122,1,0
19,451,10044,1,0
19,452,11557,1,0
19,453,9642,1,0
19,454,10846,1,0
19,455,9286,1,0
19,456,10573,1,0
19,457,11100,1,0
19,458,12412,1,0
19,459,91545,1,0
19,460,88073,1,0
19,461,13427,1,0
19,462,11384,1,0
19,463,13470,1,0
19,464,10565,1,0
19,465,46765,1,0
19,466,12860,1,0
19,467,11121,1,0
19,468,10910,1,0
19,469,12020,1,0
19,470,52567,1,0
19,471,211716,1,0
19,472,89319,1,0
19,473,9730,1,0
19,474,12127,1,0
19,475,11157,1,0
19,476,25487,1,0
19,477,9594,1,0
19,478,10267,1,0
19,479,10824,1,0
19,480,11236,1,0
19,481,45129,1,0
19,482,11424,1,0
19,483,10775,1,0
19,484,11158,1,0
19,485,11302,1,0
19,486,41533,1,0
19,487,20285,1,0
19,488,14211,1,0
19,489,12789,1,0
19,490,11468,1,0
19,491,40016,1,0
19,492,11211,1,0
19,493,16963,1,0
19,494,9434,1,0
19,495,10952,1,0
19,496,13159,1,0
19,497,9586,1,0
19,498,11583,1,0
19,499,12343,1,0
19,500,29653,1,0
19,501,78358,1,0
19,502,46083,1,0
19,503,11460,1,0
19,504,11592,1,0
19,505,11632,1,0
19,506,31017,1,0
19,507,11787,1,0
19,508,11719,1,0
19,509,13426,1,0
19,510,9031,1,0
19,511,37151,1,0
19,512,77831,1,0
19,513,10648,1,0
19,514,9891,1,0
19,515,10681,1,0
19,516,12705,1,0
19,517,88842,1,0
19,518,10058,1,0
19,519,9201,1,0
19,520,10796,1,0
19,521,9581,1,0
19,522,80620,1,0
19,523,10217,1,0
19,524,11778,1,0
19,525,11834,1,0
19,526,12574,1,0
19,527,29811,1,0
19,528,10627,1,0
19,529,11818,1,0
19,530,13748,1,0
19,531,13654,1,0
19,532,11846,1,0
19,533,11024,1,0
19,534,13360,1,0
19,535,9501,1,0
19,536,11400,1,0
19,537,112250,1,0
19,538,69316,1,0
19,539,11500,1,0
19,540,11523,1,0
19,541,11219,1,0
19,542,31453,1,0
19,543,11764,1,0
19,544,11700,1,0
19,545,11525,1,0
19,546,14029,1,0
19,547,25204,1,0
19,548,9710,1,0
19,549,16689,1,0
19,550,11539,1,0
19,551,11544,1,0
19,552,18997,1,0
19,553,11714,1,0
19,554,8890,1,0
19,555,11630,1,0
19,556,11775,1,0
19,557,86925,1,0
19,558,10951,1,0
19,559,12821,1,0
19,560,10990,1,0
19,561,9097,1,0
19,562,27403,1,0
19,563,9402,1,0
19,564,10937,1,0
19,565,11979,1,0
19,566,9365,1,0
19,567,44138,1,0
19,568,10976,1,0
19,569,11017,1,0
19,570,10623,1,0
19,571,10650,1,0
19,572,29060,1,0
19,573,12122,1,0
19,574,11891,1,0
19,575,11962,1,0
19,576,11154,1,0
19,577,16840,1,0
19,578,10886,1,0
19,579,9529,1,0
19,580,9357,1,0
19,581,11362,1,0
19,582,31989,1,0
19,583,9863,1,0
19,584,12243,1,0
19,585,12620,1,0
19,586,9483,1,0
19,587,57680,1,0
19,588,140956,1,0
19,589,11932,1,0
19,590,8912,1,0
19,591,10192,1,0
19,592,11310,1,0
19,593,176572,1,0
19,594,11864,1,0
19,595,10273,1,0
19,596,9147,1,0
19,597,10506,1,0
19,598,9414,1,0
19,599,10340,1,0
20,0,73363,1,0
20,1,82364,1,0
20,2,14069,1,0
20,3,28848,1,0
20,4,12707,1,0
20,5,49764,1,0
20,6,11805,1,0
20,7,43995,1,0
20,8,20635,1,0
20,9,17004,1,0
20,10,12281,1,0
20,11,10770,1,0
20,12,27026,1,0
20,13,11066,1,0
20,14,11306,1,0
20,15,11282,1,0
20,16,11403,1,0
20,17,32744,1,0
20,18,17768,1,0
20,19,10504,1,0
20,20,12149,1,0
20,21,10883,1,0
20,22,11641,1,0
20,23,12581,1,0
20,24,12521,1,0
20,25,12737,1,0
20,26,37719,1,0
20,27,34887,1,0
20,28,12193,1,0
20,29,12646,1,0
20,30,48529,1,0
20,31,11793,1,0
20,32,16163,1,0
20,33,12022,1,0
20,34,12500,1,0
20,35,177552,1,0
20,36,59771,1,0
20,37,62592,1,0
20,38,10356,1,0
20,39,12473,1,0
20,40,140066,1,0
20,41,31980,1,0
20,42,12021,1,0
20,43,11262,1,0
20,44,14578,1,0
20,45,203487,1,0
20,46,240999,1,0
20,47,170047,1,0
20,48,71401,1,0
20,49,21811,1,0
20,50,11561,1,0
20,51,17504,1,0
20,52,14501,1,0
20,53,13388,1,0
20,54,14324,1,0
20,55,12230,1,0
20,56,101217,1,0
20,57,239575,1,0
20,58,283687,1,0
20,59,194600,1,0
20,60,60222,1,0
20,61,9556,1,0
20,62,108043,1,0
20,63,14412,1,0
20,64,13725,1,0
20,65,167748,1,0
20,66,615979,1,0
20,67,949633,1,0
20,68,924759,1,0
20,69,851597,1,0
20,70,799066,1,0
20,71,723705,1,0
20,72,741095,1,0
20,73,683947,1,0
20,74,624470,1,0
20,75,516114,1,0
20,76,471778,1,0
20,77,712837,1,0
20,78,901174,1,0
20,79,730893,1,0
20,80,560296,1,0
20,81,367706,1,0
20,82,157662,1,0
20,83,291378,1,0
20,84,236891,1,0
20,85,62609,1,0
20,86,11089,1,0
20,87,42446,1,0
20,88,37005,1,0
20,89,48304,1,0
20,90,10902,1,0
20,91,12234,1,0
20,92,15876,1,0
20,93,99300,1,0
20,94,294984,1,0
20,95,139842,1,0
20,96,14503,1,0
20,97,21173,1,0
20,98,11357,1,0
20,99,60822,1,0
20,100,10762,1,0
20,101,11801,1,0
20,102,10671,1,0
20,103,13251,1,0
20,104,56441,1,0
20,105,12487,1,0
20,106,12639,1,0
20,107,21255,1,0
20,108,11300,1,0
20,109,82618,1,0
20,110,10551,1,0
20,111,10450,1,0
20,112,549699,1,0
20,113,577728,1,0
20,114,536288,1,0
20,115,444934,1,0
20,116,343354,1,0
20,117,527249,1,0
20,118,413200,1,0
20,119,251047,1,0
20,120,82876,1,0
20,121,11858,1,0
20,122,122877,1,0
20,123,10395,1,0
20,124,12493,1,0
20,125,15372,1,0
20,126,11873,1,0
20,127,45854,1,0
20,128,9820,1,0
20,129,10468,1,0
20,130,10335,1,0
20,131,10386,1,0
20,132,12008,1,0
20,133,27964,1,0
20,134,10958,1,0
20,135,11991,1,0
20,136,10915,1,0
20,137,18332,1,0
20,138,89477,1,0
20,139,12120,1,0
20,140,12321,1,0
20,141,9787,1,0
20,142,12738,1,0
20,143,11596,1,0
20,144,227917,1,0
20,145,55066,1,0
20,146,9909,1,0
20,147,21709,1,0
20,148,15081,1,0
20,149,35567,1,0
20,150,11452,1,0
20,151,10674,1,0
20,152,12110,1,0
20,153,11351,1,0
20,154,29051,1,0
20,155,12486,1,0
20,156,11344,1,0
20,157,25480,1,0
20,158,14352,1,0
20,159,20868,1,0
20,160,11073,1,0
20,161,8188,1,0
20,162,10460,1,0
20,163,10994,1,0
20,164,11107,1,0
20,165,9943,1,0
20,166,13617,1,0
20,167,16599,1,0
20,168,11669,1,0
20,169,12617,1,0
20,170,12131,1,0
20,171,9814,1,0
20,172,10070,1,0
20,173,9853,1,0
20,174,10242,1,0
20,175,37865,1,0
20,176,10630,1,0
20,177,12850,1,0
20,178,10776,1,0
20,179,11099,1,0
20,180,55260,1,0
20,181,10072,1,0
20,182,10813,1,0
20,183,10773,1,0
20,184,10100,1,0
20,185,11710,1,0
20,186,21830,1,0
20,187,14151,1,0
20,188,10110,1,0
20,189,16826,1,0
20,190,14127,1,0
20,191,11170,1,0
20,192,11432,1,0
20,193,10940,1,0
20,194,10777,1,0
20,195,9906,1,0
20,196,11513,1,0
20,197,16475,1,0
20,198,11131,1,0
20,199,9937,1,0
20,200,11255,1,0
20,201,30546,1,0
20,202,11183,1,0
20,203,10482,1,0
20,204,27861,1,0
20,205,11077,1,0
20,206,12762,1,0
20,207,14827,1,0
20,208,11082,1,0
20,209,11853,1,0
20,210,19688,1,0
20,211,11999,1,0
20,212,10835,1,0
20,213,9465,1,0
20,214,10737,1,0
20,215,15528,1,0
20,216,9903,1,0
20,217,16450,1,0
20,218,11122,1,0
20,219,11838,1,0
20,220,18974,1,0
20,221,10321,1,0
20,222,11265,1,0
20,223,12761,1,0
20,224,11591,1,0
20,225,71551,1,0
20,226,213146,1,0
20,227,245081,1,0
20,228,130617,1,0
20,229,12741,1,0
20,230,10879,1,0
20,231,11029,1,0
20,232,10148,1,0
20,233,14048,1,0
20,234,11397,1,0
20,235,10302,1,0
20,236,127088,1,0
20,237,182149,1,0
20,238,10923,1,0
20,239,10308,1,0
20,240,11487,1,0
20,241,9959,1,0
20,242,11482,1,0
20,243,8409,1,0
20,244,11437,1,0
20,245,10455,1,0
20,246,9596,1,0
20,247,76975,1,0
20,248,11144,1,0
20,249,11383,1,0
20,250,9431,1,0
20,251,10273,1,0
20,252,67251,1,0
20,253,11195,1,0
20,254,10455,1,0
20,255,10490,1,0
20,256,12431,1,0
20,257,61992,1,0
20,258,10884,1,0
20,259,11759,1,0
20,260,15036,1,0
20,261,13276,1,0
20,262,148008,1,0
20,263,257605,1,0
20,264,40246,1,0
20,265,10064,1,0
20,266,10794,1,0
20,267,11919,1,0
20,268,9763,1,0
20,269,11831,1,0
20,270,11326,1,0
20,271,11146,1,0
20,272,27638,1,0
20,273,11913,1,0
20,274,10890,1,0
20,275,11741,1,0
20,276,10170,1,0
20,277,25451,1,0
20,278,11936,1,0
20,279,10454,1,0
20,280,11254,1,0
20,281,12284,1,0
20,282,21588,1,0
20,283,9977,1,0
20,284,10344,1,0
20,285,11540,1,0
20,286,10550,1,0
20,287,105566,1,0
20,288,9519,1,0
20,289,10475,1,0
20,290,10910,1,0
20,291,12962,1,0
20,292,13698,1,0
20,293,87087,1,0
20,294,10283,1,0
20,295,10626,1,0
20,296,11551,1,0
20,297,40434,1,0
20,298,12502,1,0
20,299,11861,1,0
20,300,10217,1,0
20,301,10376,1,0
20,302,34107,1,0
20,303,11637,1,0
20,304,12479,1,0
20,305,13480,1,0
20,306,64382,1,0
20,307,240344,1,0
20,308,621816,1,0
20,309,609173,1,0
20,310,1054731,1,0
20,311,785765,1,0
20,312,666416,1,0
20,313,546326,1,0
20,314,436056,1,0
20,315,336205,1,0
20,316,199356,1,0
20,317,348712,1,0
20,318,187124,1,0
20,319,26249,1,0
20,320,11286,1,0
20,321,12679,1,0
20,322,12294,1,0
20,323,11855,1,0
20,324,11120,1,0
20,325,104183,1,0
20,326,10696,1,0
20,327,10989,1,0
20,328,14368,1,0
20,329,165889,1,0
20,330,20333,1,0
20,331,11345,1,0
20,332,54695,1,0
20,333,11679,1,0
20,334,11061,1,0
20,335,11976,1,0
20,336,97409,1,0
20,337,10360,1,0
20,338,11362,1,0
20,339,11197,1,0
20,340,12361,1,0
20,341,84271,1,0
20,342,10322,1,0
20,343,10329,1,0
20,344,10272,1,0
20,345,12335,1,0
20,346,58734,1,0
20,347,11090,1,0
20,348,12914,1,0
20,349,15438,1,0
20,350,156577,1,0
20,351,19347,1,0
20,352,124723,1,0
20,353,11229,1,0
20,354,10849,1,0
20,355,10567,1,0
20,356,11743,1,0
20,357,13302,1,0
20,358,13064,1,0
20,359,12185,1,0
20,360,10160,1,0
20,361,9665,1,0
20,362,9871,1,0
20,363,8239,1,0
20,364,10960,1,0
20,365,10916,1,0
20,366,11220,1,0
20,367,22188,1,0
20,368,9448,1,0
20,369,11336,1,0
20,370,13435,1,0
20,371,10445,1,0
20,372,11361,1,0
20,373,10603,1,0
20,374,10454,1,0
20,375,10504,1,0
20,376,11121,1,0
20,377,88172,1,0
20,378,17884,1,0
20,379,12793,1,0
20,380,11400,1,0
20,381,9696,1,0
20,382,9873,1,0
20,383,10023,1,0
20,384,10840,1,0
20,385,10475,1,0
20,386,9520,1,0
20,387,9687,1,0
20,388,9873,1,0
20,389,10065,1,0
20,390,9591,1,0
20,391,12416,1,0
20,392,11492,1,0
20,393,118325,1,0
20,394,11623,1,0
20,395,10369,1,0
20,396,8362,1,0
20,397,10531,1,0
20,398,40365,1,0
20,399,12428,1,0
20,400,10841,1,0
20,401,10039,1,0
20,402,12635,1,0
20,403,66736,1,0
20,404,13781,1,0
20,405,9141,1,0
20,406,10304,1,0
20,407,10952,1,0
20,408,31938,1,0
20,409,11813,1,0
20,410,14613,1,0
20,411,9475,1,0
20,412,10297,1,0
20,413,52326,1,0
20,414,11537,1,0
20,415,11275,1,0
20,416,11058,1,0
20,417,11882,1,0
20,418,27813,1,0
20,419,10762,1,0
20,420,10930,1,0
20,421,18466,1,0
20,422,22505,1,0
20,423,48771,1,0
20,424,11424,1,0
20,425,9726,1,0
20,426,9434,1,0
20,427,11582,1,0
20,428,30135,1,0
20,429,24731,1,0
20,430,10466,1,0
20,431,10680,1,0
20,432,9992,1,0
20,433,10959,1,0
20,434,197120,1,0
20,435,499122,1,0
20,436,78567,1,0
20,437,12315,1,0
20,438,10469,1,0
20,439,34797,1,0
20,440,10614,1,0
20,441,12605,1,0
20,442,9634,1,0
20,443,11250,1,0
20,444,71372,1,0
20,445,10227,1,0
20,446,11116,1,0
20,447,8371,1,0
20,448,11229,1,0
20,449,56528,1,0
20,450,12222,1,0
20,451,10113,1,0
20,452,8019,1,0
20,453,11989,1,0
20,454,9934,1,0
20,455,9796,1,0
20,456,11449,1,0
20,457,11703,1,0
20,458,10848,1,0
20,459,104104,1,0
20,460,83685,1,0
20,461,12929,1,0
20,462,10201,1,0
20,463,11654,1,0
20,464,12344,1,0
20,465,43937,1,0
20,466,11171,1,0
20,467,11818,1,0
20,468,13029,1,0
20,469,9681,1,0
20,470,51033,1,0
20,471,264413,1,0
20,472,87123,1,0
20,473,10543,1,0
20,474,9875,1,0
20,475,9803,1,0
20,476,36658,1,0
20,477,12393,1,0
20,478,11967,1,0
20,479,11425,1,0
20,480,11315,1,0
20,481,41681,1,0
20,482,8724,1,0
20,483,11166,1,0
20,484,10068,1,0
20,485,10894,1,0
20,486,40901,1,0
20,487,19032,1,0
20,488,12320,1,0
20,489,11170,1,0
20,490,10458,1,0
20,491,36424,1,0
20,492,11002,1,0
20,493,14288,1,0
20,494,10257,1,0
20,495,12085,1,0
20,496,12101,1,0
20,497,11790,1,0
20,498,12610,1,0
20,499,11237,1,0
20,500,26733,1,0
20,501,76759,1,0
20,502,42623,1,0
20,503,10274,1,0
20,504,10070,1,0
20,505,8528,1,0
20,506,28157,1,0
20,507,11681,1,0
20,508,11508,1,0
20,509,12780,1,0
20,510,11491,1,0
20,511,48847,1,0
20,512,75376,1,0
20,513,11500,1,0
20,514,12553,1,0
20,515,19636,1,0
20,516,11490,1,0
20,517,87603,1,0
20,518,9974,1,0
20,519,11440,1,0
20,520,10136,1,0
20,521,11271,1,0
20,522,78268,1,0
20,523,12526,1,0
20,524,10496,1,0
20,525,12974,1,0
20,526,10183,1,0
20,527,30670,1,0
20,528,13177,1,0
20,529,12320,1,0
20,530,10707,1,0
20,531,11289,1,0
20,532,12081,1,0
20,533,11928,1,0
20,534,14343,1,0
20,535,12690,1,0
20,536,10626,1,0
20,537,111273,1,0
20,538,69305,1,0
20,539,14654,1,0
20,540,11513,1,0
20,541,11079,1,0
20,542,44121,1,0
20,543,12299,1,0
20,544,12669,1,0
20,545,11172,1,0
20,546,13013,1,0
20,547,22684,1,0
20,548,11063,1,0
20,549,14898,1,0
20,550,10665,1,0
20,551,10731,1,0
20,552,16998,1,0
20,553,12054,1,0
20,554,11171,1,0
20,555,10783,1,0
20,556,9695,1,0
20,557,98106,1,0
20,558,11417,1,0
20,559,11842,1,0
20,560,10072,1,0
20,561,11048,1,0
20,562,22683,1,0
20,563,11684,1,0
20,564,10735,1,0
20,565,13073,1,0
20,566,11759,1,0
20,567,40676,1,0
20,568,11553,1,0
20,569,10190,1,0
20,570,14791,1,0
20,571,11135,1,0
20,572,26559,1,0
20,573,10266,1,0
20,574,9895,1,0
20,575,10183,1,0
20,576,9461,1,0
20,577,11748,1,0
20,578,10469,1,0
20,579,9856,1,0
20,580,10774,1,0
20,581,12337,1,0
20,582,31211,1,0
20,583,12060,1,0
20,584,11721,1,0
20,585,10671,1,0
20,586,10658,1,0
20,587,54464,1,0
20,588,138721,1,0
20,589,10860,1,0
20,590,12260,1,0
20,591,12020,1,0
20,592,16812,1,0
20,593,173791,1,0
20,594,10356,1,0
20,595,9650,1,0
20,596,11421,1,0
20,597,11150,1,0
20,598,11504,1,0
20,599,11662,1,0
21,0,72429,1,0
21,1,80315,1,0
21,2,12507,1,0
21,3,27978,1,0
21,4,12570,1,0
21,5,50702,1,0
21,6,12542,1,0
21,7,42453,1,0
21,8,18865,1,0
21,9,19646,1,0
21,10,13019,1,0
21,11,12463,1,0
21,12,25523,1,0
21,13,12354,1,0
21,14,12277,1,0
21,15,13275,1,0
21,16,13050,1,0
21,17,30853,1,0
21,18,18306,1,0
21,19,14378,1,0
21,20,13073,1,0
21,21,11031,1,0
21,22,12263,1,0
21,23,12731,1,0
21,24,12165,1,0
21,25,11696,1,0
21,26,35656,1,0
21,27,31965,1,0
21,28,11294,1,0
21,29,12715,1,0
21,30,45613,1,0
21,31,12741,1,0
21,32,14371,1,0
21,33,11962,1,0
21,34,12370,1,0
21,35,177497,1,0
21,36,57055,1,0
21,37,59793,1,0
21,38,13035,1,0
21,39,14163,1,0
21,40,137664,1,0
21,41,28958,1,0
21,42,12568,1,0
21,43,12380,1,0
21,44,13584,1,0
21,45,200796,1,0
21,46,238300,1,0
21,47,166795,1,0
21,48,68048,1,0
21,49,19635,1,0
21,50,12138,1,0
21,51,15609,1,0
21,52,12136,1,0
21,53,12362,1,0
21,54,11314,1,0
21,55,10747,1,0
21,56,98592,1,0
21,57,237890,1,0
21,58,280915,1,0
21,59,189704,1,0
21,60,57843,1,0
21,61,10596,1,0
21,62,104775,1,0
21,63,13328,1,0
21,64,13627,1,0
21,65,177847,1,0
21,66,613786,1,0
21,67,948475,1,0
21,68,923672,1,0
21,69,848607,1,0
21,70,798315,1,0
21,71,723277,1,0
21,72,739648,1,0
21,73,693553,1,0
21,74,622694,1,0
21,75,514370,1,0
21,76,470770,1,0
21,77,715028,1,0
21,78,897915,1,0
21,79,726791,1,0
21,80,556930,1,0
21,81,364569,1,0
21,82,156352,1,0
21,83,289353,1,0
21,84,236534,1,0
21,85,59740,1,0
21,86,14412,1,0
21,87,42460,1,0
21,88,57404,1,0
21,89,46705,1,0
21,90,12667,1,0
21,91,12853,1,0
21,92,13708,1,0
21,93,99512,1,0
21,94,293217,1,0
21,95,141390,1,0
21,96,13266,1,0
21,97,20109,1,0
21,98,16212,1,0
21,99,59054,1,0
21,100,12683,1,0
21,101,13195,1,0
21,102,13974,1,0
21,103,13306,1,0
21,104,54501,1,0
21,105,12688,1,0
21,106,12369,1,0
21,107,18727,1,0
21,108,13820,1,0
21,109,78874,1,0
21,110,13923,1,0
21,111,12526,1,0
21,112,547052,1,0
21,113,576774,1,0
21,114,534076,1,0
21,115,442470,1,0
21,116,338935,1,0
21,117,526279,1,0
21,118,410959,1,0
21,119,246143,1,0
21,120,79828,1,0
21,121,10228,1,0
21,122,119687,1,0
21,123,9982,1,0
21,124,12406,1,0
21,125,14295,1,0
21,126,12918,1,0
21,127,41067,1,0
21,128,12452,1,0
21,129,10307,1,0
21,130,11438,1,0
21,131,10684,1,0
21,132,11771,1,0
21,133,25368,1,0
21,134,9599,1,0
21,135,10465,1,0
21,136,10882,1,0
21,137,14893,1,0
21,138,85886,1,0
21,139,16907,1,0
21,140,11740,1,0
21,141,10797,1,0
21,142,12491,1,0
21,143,11043,1,0
21,144,225868,1,0
21,145,52085,1,0
21,146,10381,1,0
21,147,19043,1,0
21,148,12281,1,0
21,149,47820,1,0
21,150,10211,1,0
21,151,10446,1,0
21,152,18770,1,0
21,153,10689,1,0
21,154,40714,1,0
21,155,12028,1,0
21,156,11510,1,0
21,157,25275,1,0
21,158,13612,1,0
21,159,17809,1,0
21,160,12198,1,0
21,161,13177,1,0
21,162,11227,1,0
21,163,12229,1,0
21,164,11526,1,0
21,165,9250,1,0
21,166,9823,1,0
21,167,16891,1,0
21,168,12426,1,0
21,169,12649,1,0
21,170,11472,1,0
21,171,9547,1,0
21,172,10193,1,0
21,173,9907,1,0
21,174,9015,1,0
21,175,36802,1,0
21,176,12459,1,0
21,177,17085,1,0
21,178,10148,1,0
21,179,9989,1,0
21,180,52111,1,0
21,181,11848,1,0
21,182,10227,1,0
21,183,11999,1,0
21,184,9607,1,0
21,185,19153,1,0
21,186,17468,1,0
21,187,15607,1,0
21,188,11443,1,0
21,189,13412,1,0
21,190,11715,1,0
21,191,9630,1,0
21,192,12014,1,0
21,193,9314,1,0
21,194,9855,1,0
21,195,13573,1,0
21,196,11902,1,0
21,197,15000,1,0
21,198,10530,1,0
21,199,12248,1,0
21,200,10996,1,0
21,201,26421,1,0
21,202,10666,1,0
21,203,13464,1,0
21,204,25462,1,0
21,205,9760,1,0
21,206,11443,1,0
21,207,14212,1,0
21,208,11609,1,0
21,209,9797,1,0
21,210,14451,1,0
21,211,10551,1,0
21,212,12027,1,0
21,213,10715,1,0
21,214,12656,1,0
21,215,26692,1,0
21,216,12272,1,0
21,217,15672,1,0
21,218,9636,1,0
21,219,10413,1,0
21,220,13814,1,0
21,221,12773,1,0
21,222,10784,1,0
21,223,16164,1,0
21,224,14296,1,0
21,225,83787,1,0
21,226,211821,1,0
21,227,243120,1,0
21,228,126477,1,0
21,229,12534,1,0
21,230,10810,1,0
21,231,13864,1,0
21,232,11230,1,0
21,233,10822,1,0
21,234,11932,1,0
21,235,11510,1,0
21,236,124552,1,0
21,237,178562,1,0
21,238,9849,1,0
21,239,9653,1,0
21,240,10243,1,0
21,241,9451,1,0
21,242,10521,1,0
21,243,9592,1,0
21,244,12442,1,0
21,245,13377,1,0
21,246,9386,1,0
21,247,76949,1,0
21,248,11711,1,0
21,249,11839,1,0
21,250,9522,1,0
21,251,9887,1,0
21,252,62201,1,0
21,253,9741,1,0
21,254,9669,1,0
21,255,12032,1,0
21,256,11831,1,0
21,257,61656,1,0
21,258,10986,1,0
21,259,12255,1,0
21,260,13371,1,0
21,261,12824,1,0
21,262,144503,1,0
21,263,253445,1,0
21,264,36774,1,0
21,265,9601,1,0
21,266,10075,1,0
21,267,18701,1,0
21,268,10235,1,0
21,269,16492,1,0
21,270,9915,1,0
21,271,9857,1,0
21,272,22493,1,0
21,273,10884,1,0
21,274,11925,1,0
21,275,11382,1,0
21,276,12784,1,0
21,277,22756,1,0
21,278,10490,1,0
21,279,11370,1,0
21,280,10510,1,0
21,281,9975,1,0
21,282,18125,1,0
21,283,12660,1,0
21,284,11718,1,0
21,285,11384,1,0
21,286,10237,1,0
21,287,106119,1,0
21,288,10096,1,0
21,289,10869,1,0
21,290,11459,1,0
21,291,10494,1,0
21,292,60763,1,0
21,293,82604,1,0
21,294,11726,1,0
21,295,13738,1,0
21,296,11672,1,0
21,297,51518,1,0
21,298,11319,1,0
21,299,11520,1,0
21,300,9626,1,0
21,301,11752,1,0
21,302,29579,1,0
21,303,12835,1,0
21,304,12620,1,0
21,305,10373,1,0
21,306,65003,1,0
21,307,241433,1,0
21,308,621523,1,0
21,309,610505,1,0
21,310,1066683,1,0
21,311,770512,1,0
21,312,661542,1,0
21,313,559176,1,0
21,314,432732,1,0
21,315,333803,1,0
21,316,196481,1,0
21,317,346777,1,0
21,318,184392,1,0
21,319,22123,1,0
21,320,11943,1,0
21,321,9154,1,0
21,322,11678,1,0
21,323,10785,1,0
21,324,9882,1,0
21,325,100018,1,0
21,326,10662,1,0
21,327,12551,1,0
21,328,11040,1,0
21,329,164478,1,0
21,330,17974,1,0
21,331,12577,1,0
21,332,52724,1,0
21,333,10683,1,0
21,334,14627,1,0
21,335,10232,1,0
21,336,94350,1,0
21,337,10015,1,0
21,338,12135,1,0
21,339,10094,1,0
21,340,12098,1,0
21,341,80382,1,0
21,342,12530,1,0
21,343,10494,1,0
21,344,12181,1,0
21,345,11045,1,0
21,346,53010,1,0
21,347,10986,1,0
21,348,11684,1,0
21,349,14689,1,0
21,350,154945,1,0
21,351,16690,1,0
21,352,124972,1,0
21,353,11674,1,0
21,354,12063,1,0
21,355,10233,1,0
21,356,18533,1,0
21,357,10048,1,0
21,358,9860,1,0
21,359,12242,1,0
21,360,9000,1,0
21,361,8756,1,0
21,362,9774,1,0
21,363,10095,1,0
21,364,10360,1,0
21,365,10199,1,0
21,366,11079,1,0
21,367,19652,1,0
21,368,12757,1,0
21,369,11766,1,0
21,370,12885,1,0
21,371,12059,1,0
21,372,9468,1,0
21,373,9922,1,0
21,374,9996,1,0
21,375,13994,1,0
21,376,10005,1,0
21,377,99711,1,0
21,378,13551,1,0
21,379,10758,1,0
21,380,10629,1,0
21,381,9791,1,0
21,382,10075,1,0
21,383,10516,1,0
21,384,10449,1,0
21,385,8927,1,0
21,386,9529,1,0
21,387,10878,1,0
21,388,9470,1,0
21,389,10559,1,0
21,390,11923,1,0
21,391,9880,1,0
21,392,9515,1,0
21,393,126771,1,0
21,394,10195,1,0
21,395,9233,1,0
21,396,9602,1,0
21,397,11184,1,0
21,398,51474,1,0
21,399,11385,1,0
21,400,9906,1,0
21,401,11442,1,0
21,402,12983,1,0
21,403,62737,1,0
21,404,10542,1,0
21,405,10773,1,0
21,406,12228,1,0
21,407,9568,1,0
21,408,29983,1,0
21,409,11331,1,0
21,410,12075,1,0
21,411,11410,1,0
21,412,9803,1,0
21,413,49431,1,0
21,414,9335,1,0
21,415,12294,1,0
21,416,9686,1,0
21,417,11186,1,0
21,418,24231,1,0
21,419,11568,1,0
21,420,10585,1,0
21,421,15079,1,0
21,422,20371,1,0
21,423,45445,1,0
21,424,10297,1,0
21,425,10351,1,0
21,426,10276,1,0
21,427,11458,1,0
21,428,25062,1,0
21,429,22802,1,0
21,430,10746,1,0
21,431,11671,1,0
21,432,9525,1,0
21,433,10033,1,0
21,434,197337,1,0
21,435,274705,1,0
21,436,74234,1,0
21,437,10049,1,0
21,438,10029,1,0
21,439,47221,1,0
21,440,12872,1,0
21,441,11680,1,0
21,442,10591,1,0
21,443,11040,1,0
21,444,67339,1,0
21,445,11993,1,0
21,446,13273,1,0
21,447,10547,1,0
21,448,10489,1,0
21,449,55643,1,0
21,450,11797,1,0
21,451,11031,1,0
21,452,10345,1,0
21,453,12076,1,0
21,454,9640,1,0
21,455,11016,1,0
21,456,12081,1,0
21,457,9963,1,0
21,458,11317,1,0
21,459,102959,1,0
21,460,80853,1,0
21,461,11667,1,0
21,462,12904,1,0
21,463,11369,1,0
21,464,10184,1,0
21,465,40545,1,0
21,466,10377,1,0
21,467,9298,1,0
21,468,12366,1,0
21,469,10889,1,0
21,470,48636,1,0
21,471,260249,1,0
21,472,82517,1,0
21,473,9938,1,0
21,474,12270,1,0
21,475,10847,1,0
21,476,33132,1,0
21,477,12332,1,0
21,478,11760,1,0
21,479,12696,1,0
21,480,10208,1,0
21,481,37374,1,0
21,482,9195,1,0
21,483,9654,1,0
21,484,13557,1,0
21,485,14266,1,0
21,486,37905,1,0
21,487,15907,1,0
21,488,9900,1,0
21,489,12314,1,0
21,490,10530,1,0
21,491,33665,1,0
21,492,10873,1,0
21,493,12405,1,0
21,494,11669,1,0
21,495,10263,1,0
21,496,24027,1,0
21,497,11842,1,0
21,498,11690,1,0
21,499,12458,1,0
21,500,22801,1,0
21,501,163586,1,0
21,502,38743,1,0
21,503,12319,1,0
21,504,11048,1,0
21,505,12726,1,0
21,506,24161,1,0
21,507,12736,1,0
21,508,10585,1,0
21,509,13388,1,0
21,510,9959,1,0
21,511,46100,1,0
21,512,71688,1,0
21,513,10500,1,0
21,514,12415,1,0
21,515,17932,1,0
21,516,14873,1,0
21,517,84633,1,0
21,518,8901,1,0
21,519,10927,1,0
21,520,10372,1,0
21,521,12049,1,0
21,522,76701,1,0
21,523,9896,1,0
21,524,9892,1,0
21,525,12529,1,0
21,526,10474,1,0
21,527,23623,1,0
21,528,10354,1,0
21,529,13796,1,0
21,530,9028,1,0
21,531,10627,1,0
21,532,11722,1,0
21,533,11537,1,0
21,534,13162,1,0
21,535,13329,1,0
21,536,10752,1,0
21,537,121550,1,0
21,538,69815,1,0
21,539,15330,1,0
21,540,16060,1,0
21,541,12539,1,0
21,542,41137,1,0
21,543,12036,1,0
21,544,10204,1,0
21,545,10464,1,0
21,546,12402,1,0
21,547,34580,1,0
21,548,12481,1,0
21,549,12163,1,0
21,550,9698,1,0
21,551,9892,1,0
21,552,12444,1,0
21,553,9996,1,0
21,554,10757,1,0
21,555,10083,1,0
21,556,10410,1,0
21,557,93511,1,0
21,558,11388,1,0
21,559,10723,1,0
21,560,9849,1,0
21,561,10563,1,0
21,562,18959,1,0
21,563,11490,1,0
21,564,10575,1,0
21,565,10001,1,0
21,566,11594,1,0
21,567,36955,1,0
21,568,9640,1,0
21,569,9706,1,0
21,570,14164,1,0
21,571,11426,1,0
21,572,21243,1,0
21,573,10442,1,0
21,574,9674,1,0
21,575,12318,1,0
21,576,10610,1,0
21,577,9990,1,0
21,578,11230,1,0
21,579,11693,1,0
21,580,12473,1,0
21,581,9771,1,0
21,582,42567,1,0
21,583,10250,1,0
21,584,9703,1,0
21,585,11309,1,0
21,586,11809,1,0
21,587,51744,1,0
21,588,133939,1,0
21,589,10127,1,0
21,590,10313,1,0
21,591,9651,1,0
21,592,13591,1,0
21,593,169398,1,0
21,594,9781,1,0
21,595,9254,1,0
21,596,9796,1,0
21,597,11937,1,0
21,598,10651,1,0
21,599,11990,1,0
22,0,72984,1,0
22,1,77766,1,0
22,2,12224,1,0
22,3,29665,1,0
22,4,14442,1,0
22,5,53254,1,0
22,6,14878,1,0
22,7,43469,1,0
22,8,17246,1,0
22,9,18593,1,0
22,10,12376,1,0
22,11,14035,1,0
22,12,24714,1,0
22,13,11245,1,0
22,14,11125,1,0
22,15,16007,1,0
22,16,14776,1,0
22,17,30562,1,0
22,18,20557,1,0
22,19,14904,1,0
22,20,12420,1,0
22,21,11960,1,0
22,22,12766,1,0
22,23,12065,1,0
22,24,11826,1,0
22,25,11613,1,0
22,26,35729,1,0
22,27,57404,1,0
22,28,11698,1,0
22,29,12091,1,0
22,30,41686,1,0
22,31,11684,1,0
22,32,13077,1,0
22,33,12652,1,0
22,34,9317,1,0
22,35,175229,1,0
22,36,55688,1,0
22,37,61388,1,0
22,38,10559,1,0
22,39,12180,1,0
22,40,135722,1,0
22,41,25675,1,0
22,42,11018,1,0
22,43,9301,1,0
22,44,12922,1,0
22,45,199881,1,0
22,46,238367,1,0
22,47,166435,1,0
22,48,65660,1,0
22,49,18620,1,0
22,50,12376,1,0
22,51,15605,1,0
22,52,11755,1,0
22,53,13015,1,0
22,54,12935,1,0
22,55,11381,1,0
22,56,111444,1,0
22,57,237259,1,0
22,58,280848,1,0
22,59,188171,1,0
22,60,55931,1,0
22,61,10153,1,0
22,62,102698,1,0
22,63,13203,1,0
22,64,11483,1,0
22,65,184981,1,0
22,66,612447,1,0
22,67,946334,1,0
22,68,925786,1,0
22,69,848564,1,0
22,70,797924,1,0
22,71,722121,1,0
22,72,738185,1,0
22,73,691910,1,0
22,74,622499,1,0
22,75,512160,1,0
22,76,471043,1,0
22,77,735366,1,0
22,78,897308,1,0
22,79,724975,1,0
22,80,554731,1,0
22,81,361489,1,0
22,82,156417,1,0
22,83,302553,1,0
22,84,236548,1,0
22,85,56634,1,0
22,86,12553,1,0
22,87,41727,1,0
22,88,70144,1,0
22,89,45063,1,0
22,90,11992,1,0
22,91,12943,1,0
22,92,14013,1,0
22,93,100831,1,0
22,94,292330,1,0
22,95,140572,1,0
22,96,13488,1,0
22,97,18841,1,0
22,98,17359,1,0
22,99,12509,1,0
22,100,12096,1,0
22,101,11554,1,0
22,102,12494,1,0
22,103,9792,1,0
22,104,54709,1,0
22,105,11715,1,0
22,106,12092,1,0
22,107,19967,1,0
22,108,13977,1,0
22,109,89934,1,0
22,110,11934,1,0
22,111,10215,1,0
22,112,546793,1,0
22,113,576276,1,0
22,114,532378,1,0
22,115,441471,1,0
22,116,336599,1,0
22,117,526440,1,0
22,118,411183,1,0
22,119,243950,1,0
22,120,76857,1,0
22,121,11606,1,0
22,122,129445,1,0
22,123,11642,1,0
22,124,12112,1,0
22,125,15974,1,0
22,126,12727,1,0
22,127,38896,1,0
22,128,10739,1,0
22,129,10564,1,0
22,130,11502,1,0
22,131,11533,1,0
22,132,12468,1,0
22,133,23408,1,0
22,134,11790,1,0
22,135,11780,1,0
22,136,11150,1,0
22,137,13103,1,0
22,138,82665,1,0
22,139,18306,1,0
22,140,12472,1,0
22,141,11330,1,0
22,142,11294,1,0
22,143,11954,1,0
22,144,223863,1,0
22,145,49236,1,0
22,146,11721,1,0
22,147,18815,1,0
22,148,13863,1,0
22,149,45545,1,0
22,150,11791,1,0
22,151,11337,1,0
22,152,17939,1,0
22,153,12038,1,0
22,154,39085,1,0
22,155,11662,1,0
22,156,11104,1,0
22,157,27272,1,0
22,158,11663,1,0
22,159,16409,1,0
22,160,13400,1,0
22,161,11436,1,0
22,162,9904,1,0
22,163,11710,1,0
22,164,13992,1,0
22,165,8947,1,0
22,166,11084,1,0
22,167,16087,1,0
22,168,11552,1,0
22,169,16030,1,0
22,170,9721,1,0
22,171,11775,1,0
22,172,11732,1,0
22,173,11685,1,0
22,174,11523,1,0
22,175,36368,1,0
22,176,9475,1,0
22,177,13955,1,0
22,178,11066,1,0
22,179,11087,1,0
22,180,62279,1,0
22,181,12100,1,0
22,182,11951,1,0
22,183,12338,1,0
22,184,11469,1,0
22,185,23831,1,0
22,186,14594,1,0
22,187,18249,1,0
22,188,11311,1,0
22,189,12234,1,0
22,190,11709,1,0
22,191,12473,1,0
22,192,13007,1,0
22,193,11939,1,0
22,194,11726,1,0
22,195,9313,1,0
22,196,11212,1,0
22,197,16353,1,0
22,198,12106,1,0
22,199,12962,1,0
22,200,10445,1,0
22,201,24856,1,0
22,202,12192,1,0
22,203,11571,1,0
22,204,23832,1,0
22,205,11711,1,0
22,206,12704,1,0
22,207,15239,1,0
22,208,11494,1,0
22,209,12206,1,0
22,210,11924,1,0
22,211,12021,1,0
22,212,13565,1,0
22,213,11094,1,0
22,214,12009,1,0
22,215,25242,1,0
22,216,11081,1,0
22,217,19570,1,0
22,218,9453,1,0
22,219,13478,1,0
22,220,27342,1,0
22,221,10356,1,0
22,222,10762,1,0
22,223,15433,1,0
22,224,12811,1,0
22,225,81716,1,0
22,226,210815,1,0
22,227,242115,1,0
22,228,125202,1,0
22,229,9320,1,0
22,230,11429,1,0
22,231,16425,1,0
22,232,9018,1,0
22,233,11412,1,0
22,234,10882,1,0
22,235,10275,1,0
22,236,139106,1,0
22,237,177081,1,0
22,238,11917,1,0
22,239,12897,1,0
22,240,11192,1,0
22,241,11573,1,0
22,242,9333,1,0
22,243,10159,1,0
22,244,12979,1,0
22,245,11752,1,0
22,246,13303,1,0
22,247,76250,1,0
22,248,13276,1,0
22,249,12484,1,0
22,250,12343,1,0
22,251,10239,1,0
22,252,59626,1,0
22,253,12266,1,0
22,254,13281,1,0
22,255,13951,1,0
22,256,12968,1,0
22,257,64620,1,0
22,258,12231,1,0
22,259,11270,1,0
22,260,12782,1,0
22,261,12709,1,0
22,262,160625,1,0
22,263,251428,1,0
22,264,32891,1,0
22,265,10632,1,0
22,266,11534,1,0
22,267,23206,1,0
22,268,12628,1,0
22,269,12734,1,0
22,270,10366,1,0
22,271,11479,1,0
22,272,32479,1,0
22,273,10577,1,0
22,274,12569,1,0
22,275,11416,1,0
22,276,10110,1,0
22,277,20638,1,0
22,278,11750,1,0
22,279,12056,1,0
22,280,11872,1,0
22,281,12439,1,0
22,282,15649,1,0
22,283,9598,1,0
22,284,10906,1,0
22,285,11345,1,0
22,286,11743,1,0
22,287,118554,1,0
22,288,9093,1,0
22,289,11218,1,0
22,290,11186,1,0
22,291,12570,1,0
22,292,60028,1,0
22,293,80958,1,0
22,294,12273,1,0
22,295,12940,1,0
22,296,11060,1,0
22,297,50703,1,0
22,298,11672,1,0
22,299,12156,1,0
22,300,11449,1,0
22,301,11564,1,0
22,302,27377,1,0
22,303,13579,1,0
22,304,12559,1,0
22,305,13712,1,0
22,306,67915,1,0
22,307,553863,1,0
22,308,621703,1,0
22,309,608839,1,0
22,310,1065702,1,0
22,311,773266,1,0
22,312,658938,1,0
22,313,559245,1,0
22,314,428909,1,0
22,315,333902,1,0
22,316,193579,1,0
22,317,345749,1,0
22,318,182783,1,0
22,319,26089,1,0
22,320,11396,1,0
22,321,11818,1,0
22,322,11485,1,0
22,323,11705,1,0
22,324,11396,1,0
22,325,113350,1,0
22,326,11321,1,0
22,327,11809,1,0
22,328,13069,1,0
22,329,166781,1,0
22,330,18088,1,0
22,331,13881,1,0
22,332,51196,1,0
22,333,13144,1,0
22,334,12325,1,0
22,335,11929,1,0
22,336,92570,1,0
22,337,12106,1,0
22,338,11466,1,0
22,339,11351,1,0
22,340,11518,1,0
22,341,76777,1,0
22,342,9484,1,0
22,343,11431,1,0
22,344,12349,1,0
22,345,13976,1,0
22,346,51911,1,0
22,347,15553,1,0
22,348,11934,1,0
22,349,14878,1,0
22,350,152791,1,0
22,351,16402,1,0
22,352,126927,1,0
22,353,10584,1,0
22,354,8715,1,0
22,355,10659,1,0
22,356,21750,1,0
22,357,10622,1,0
22,358,10686,1,0
22,359,9192,1,0
22,360,10460,1,0
22,361,10368,1,0
22,362,10736,1,0
22,363,11588,1,0
22,364,9209,1,0
22,365,11462,1,0
22,366,11060,1,0
22,367,15941,1,0
22,368,9544,1,0
22,369,9054,1,0
22,370,11625,1,0
22,371,9205,1,0
22,372,9563,1,0
22,373,11396,1,0
22,374,10502,1,0
22,375,11692,1,0
22,376,9281,1,0
22,377,97646,1,0
22,378,9388,1,0
22,379,10902,1,0
22,380,10618,1,0
22,381,9702,1,0
22,382,10221,1,0
22,383,10134,1,0
22,384,12821,1,0
22,385,12071,1,0
22,386,11593,1,0
22,387,11467,1,0
22,388,10208,1,0
22,389,16322,1,0
22,390,10697,1,0
22,391,11160,1,0
22,392,10886,1,0
22,393,124454,1,0
22,394,11201,1,0
22,395,8876,1,0
22,396,10770,1,0
22,397,11094,1,0
22,398,48480,1,0
22,399,12158,1,0
22,400,11675,1,0
22,401,12088,1,0
22,402,11712,1,0
22,403,73981,1,0
22,404,11720,1,0
22,405,11524,1,0
22,406,12006,1,0
22,407,11846,1,0
22,408,27685,1,0
22,409,11326,1,0
22,410,12491,1,0
22,411,10190,1,0
22,412,12135,1,0
22,413,47222,1,0
22,414,11003,1,0
22,415,12201,1,0
22,416,12528,1,0
22,417,12117,1,0
22,418,37763,1,0
22,419,12959,1,0
22,420,11929,1,0
22,421,13046,1,0
22,422,24774,1,0
22,423,57074,1,0
22,424,10853,1,0
22,425,9815,1,0
22,426,11798,1,0
22,427,11234,1,0
22,428,23061,1,0
22,429,21733,1,0
22,430,10210,1,0
22,431,10869,1,0
22,432,11526,1,0
22,433,19638,1,0
22,434,233665,1,0
22,435,273988,1,0
22,436,71735,1,0
22,437,11107,1,0
22,438,11585,1,0
22,439,45415,1,0
22,440,8984,1,0
22,441,8957,1,0
22,442,9152,1,0
22,443,12207,1,0
22,444,64320,1,0
22,445,9493,1,0
22,446,10831,1,0
22,447,11843,1,0
22,448,12234,1,0
22,449,54165,1,0
22,450,10541,1,0
22,451,11576,1,0
22,452,9677,1,0
22,453,12572,1,0
22,454,10602,1,0
22,455,10858,1,0
22,456,11774,1,0
22,457,11182,1,0
22,458,11784,1,0
22,459,115394,1,0
22,460,79023,1,0
22,461,11194,1,0
22,462,12097,1,0
22,463,11816,1,0
22,464,10510,1,0
22,465,37079,1,0
22,466,11250,1,0
22,467,11641,1,0
22,468,11163,1,0
22,469,9330,1,0
22,470,48368,1,0
22,471,257982,1,0
22,472,81433,1,0
22,473,13324,1,0
22,474,11671,1,0
22,475,11801,1,0
22,476,31704,1,0
22,477,12780,1,0
22,478,11729,1,0
22,479,9590,1,0
22,480,11336,1,0
22,481,50146,1,0
22,482,11802,1,0
22,483,11237,1,0
22,484,11066,1,0
22,485,11741,1,0
22,486,50103,1,0
22,487,14286,1,0
22,488,12420,1,0
22,489,11790,1,0
22,490,11543,1,0
22,491,46345,1,0
22,492,11656,1,0
22,493,10847,1,0
22,494,9538,1,0
22,495,10642,1,0
22,496,20280,1,0
22,497,10860,1,0
22,498,12083,1,0
22,499,10919,1,0
22,500,20723,1,0
22,501,163551,1,0
22,502,36898,1,0
22,503,13283,1,0
22,504,12266,1,0
22,505,9736,1,0
22,506,20318,1,0
22,507,12074,1,0
22,508,11919,1,0
22,509,11661,1,0
22,510,11552,1,0
22,511,45766,1,0
22,512,68072,1,0
22,513,12753,1,0
22,514,13621,1,0
22,515,17673,1,0
22,516,13322,1,0
22,517,80651,1,0
22,518,10621,1,0
22,519,11668,1,0
22,520,10572,1,0
22,521,11108,1,0
22,522,73808,1,0
22,523,10753,1,0
22,524,8870,1,0
22,525,9719,1,0
22,526,10461,1,0
22,527,25263,1,0
22,528,12021,1,0
22,529,10833,1,0
22,530,9448,1,0
22,531,12658,1,0
22,532,12010,1,0
22,533,11571,1,0
22,534,13632,1,0
22,535,11292,1,0
22,536,11563,1,0
22,537,120595,1,0
22,538,68665,1,0
22,539,16245,1,0
22,540,15852,1,0
22,541,11826,1,0
22,542,39352,1,0
22,543,12509,1,0
22,544,11410,1,0
22,545,11692,1,0
22,546,12757,1,0
22,547,32718,1,0
22,548,10802,1,0
22,549,11316,1,0
22,550,11719,1,0
22,551,13311,1,0
22,552,15605,1,0
22,553,11585,1,0
22,554,9736,1,0
22,555,9193,1,0
22,556,10596,1,0
22,557,91199,1,0
22,558,12365,1,0
22,559,12064,1,0
22,560,11205,1,0
22,561,12715,1,0
22,562,15095,1,0
22,563,11521,1,0
22,564,11435,1,0
22,565,11201,1,0
22,566,10612,1,0
22,567,49179,1,0
22,568,11423,1,0
22,569,11276,1,0
22,570,13794,1,0
22,571,11317,1,0
22,572,34281,1,0
22,573,9743,1,0
22,574,10710,1,0
22,575,18659,1,0
22,576,11488,1,0
22,577,11461,1,0
22,578,12320,1,0
22,579,10250,1,0
22,580,11144,1,0
22,581,11515,1,0
22,582,39256,1,0
22,583,11244,1,0
22,584,11327,1,0
22,585,9660,1,0
22,586,11358,1,0
22,587,61397,1,0
22,588,129358,1,0
22,589,12095,1,0
22,590,11879,1,0
22,591,12103,1,0
22,592,10842,1,0
22,593,167929,1,0
22,594,12046,1,0
22,595,8701,1,0
22,596,11548,1,0
22,597,12111,1,0
22,598,12358,1,0
22,599,10603,1,0
23,0,72130,1,0
23,1,15939,1,0
23,2,11752,1,0
23,3,28148,1,0
23,4,14639,1,0
23,5,52734,1,0
23,6,12758,1,0
23,7,43261,1,0
23,8,16396,1,0
23,9,18758,1,0
23,10,13150,1,0
23,11,11888,1,0
23,12,24194,1,0
23,13,12366,1,0
23,14,12300,1,0
23,15,14070,1,0
23,16,14586,1,0
23,17,29421,1,0
23,18,21130,1,0
23,19,12072,1,0
23,20,13179,1,0
23,21,12668,1,0
23,22,10634,1,0
23,23,12373,1,0
23,24,15130,1,0
23,25,12234,1,0
23,26,34894,1,0
23,27,55519,1,0
23,28,11467,1,0
23,29,11864,1,0
23,30,39393,1,0
23,31,12763,1,0
23,32,13129,1,0
23,33,11229,1,0
23,34,12379,1,0
23,35,174440,1,0
23,36,54696,1,0
23,37,60176,1,0
23,38,12201,1,0
23,39,13434,1,0
23,40,134718,1,0
23,41,23844,1,0
23,42,12045,1,0
23,43,13277,1,0
23,44,12333,1,0
23,45,199341,1,0
23,46,238486,1,0
23,47,166254,1,0
23,48,62380,1,0
23,49,15645,1,0
23,50,11122,1,0
23,51,14300,1,0
23,52,11713,1,0
23,53,12816,1,0
23,54,12853,1,0
23,55,12239,1,0
23,56,111289,1,0
23,57,238813,1,0
23,58,279615,1,0
23,59,190592,1,0
23,60,52388,1,0
23,61,11774,1,0
23,62,99705,1,0
23,63,12453,1,0
23,64,12294,1,0
23,65,195531,1,0
23,66,611465,1,0
23,67,947732,1,0
23,68,925341,1,0
23,69,847138,1,0
23,70,797455,1,0
23,71,721216,1,0
23,72,736945,1,0
23,73,689677,1,0
23,74,622339,1,0
23,75,510684,1,0
23,76,472108,1,0
23,77,751460,1,0
23,78,896985,1,0
23,79,722487,1,0
23,80,552225,1,0
23,81,358277,1,0
23,82,156489,1,0
23,83,300678,1,0
23,84,237470,1,0
23,85,52925,1,0
23,86,10270,1,0
23,87,40929,1,0
23,88,67487,1,0
23,89,43660,1,0
23,90,12461,1,0
23,91,13965,1,0
23,92,12280,1,0
23,93,100739,1,0
23,94,292059,1,0
23,95,140130,1,0
23,96,13407,1,0
23,97,16826,1,0
23,98,15790,1,0
23,99,54573,1,0
23,100,14342,1,0
23,101,12601,1,0
23,102,11352,1,0
23,103,13071,1,0
23,104,52361,1,0
23,105,11742,1,0
23,106,11149,1,0
23,107,18237,1,0
23,108,11415,1,0
23,109,89125,1,0
23,110,9917,1,0
23,111,11878,1,0
23,112,544826,1,0
23,113,577258,1,0
23,114,531751,1,0
23,115,440835,1,0
23,116,350175,1,0
23,117,525002,1,0
23,118,411187,1,0
23,119,246709,1,0
23,120,76225,1,0
23,121,12123,1,0
23,122,127056,1,0
23,123,10967,1,0
23,124,13339,1,0
23,125,15211,1,0
23,126,12301,1,0
23,127,48004,1,0
23,128,12962,1,0
23,129,10733,1,0
23,130,10443,1,0
23,131,11105,1,0
23,132,10717,1,0
23,133,20434,1,0
23,134,10229,1,0
23,135,11360,1,0
23,136,11799,1,0
23,137,11425,1,0
23,138,80007,1,0
23,139,20698,1,0
23,140,11942,1,0
23,141,11918,1,0
23,142,11274,1,0
23,143,11959,1,0
23,144,222700,1,0
23,145,48044,1,0
23,146,11789,1,0
23,147,19974,1,0
23,148,14960,1,0
23,149,42329,1,0
23,150,11690,1,0
23,151,10424,1,0
23,152,17698,1,0
23,153,12413,1,0
23,154,37078,1,0
23,155,12567,1,0
23,156,10409,1,0
23,157,26208,1,0
23,158,11548,1,0
23,159,29288,1,0
23,160,10256,1,0
23,161,10770,1,0
23,162,10891,1,0
23,163,10450,1,0
23,164,18476,1,0
23,165,10059,1,0
23,166,11037,1,0
23,167,15201,1,0
23,168,10472,1,0
23,169,22743,1,0
23,170,12322,1,0
23,171,11049,1,0
23,172,10514,1,0
23,173,9865,1,0
23,174,9813,1,0
23,175,34325,1,0
23,176,10363,1,0
23,177,12811,1,0
23,178,11462,1,0
23,179,11710,1,0
23,180,58908,1,0
23,181,10954,1,0
23,182,10518,1,0
23,183,11397,1,0
23,184,11487,1,0
23,185,20480,1,0
23,186,12143,1,0
23,187,17033,1,0
23,188,9695,1,0
23,189,11638,1,0
23,190,12299,1,0
23,191,10963,1,0
23,192,11682,1,0
23,193,10407,1,0
23,194,10275,1,0
23,195,11477,1,0
23,196,11712,1,0
23,197,16150,1,0
23,198,11596,1,0
23,199,12050,1,0
23,200,10118,1,0
23,201,22729,1,0
23,202,10320,1,0
23,203,10825,1,0
23,204,20172,1,0
23,205,11616,1,0
23,206,12282,1,0
23,207,14505,1,0
23,208,10514,1,0
23,209,11384,1,0
23,210,24240,1,0
23,211,11347,1,0
23,212,12150,1,0
23,213,12289,1,0
23,214,11637,1,0
23,215,22668,1,0
23,216,10926,1,0
23,217,21310,1,0
23,218,10514,1,0
23,219,11980,1,0
23,220,24603,1,0
23,221,11409,1,0
23,222,11332,1,0
23,223,15583,1,0
23,224,11430,1,0
23,225,96198,1,0
23,226,212841,1,0
23,227,240533,1,0
23,228,123839,1,0
23,229,13949,1,0
23,230,11574,1,0
23,231,15318,1,0
23,232,10197,1,0
23,233,10060,1,0
23,234,11051,1,0
23,235,11901,1,0
23,236,136765,1,0
23,237,175365,1,0
23,238,10654,1,0
23,239,10551,1,0
23,240,10358,1,0
23,241,10363,1,0
23,242,10735,1,0
23,243,10425,1,0
23,244,10852,1,0
23,245,11348,1,0
23,246,10438,1,0
23,247,74489,1,0
23,248,10145,1,0
23,249,11977,1,0
23,250,9515,1,0
23,251,11622,1,0
23,252,55664,1,0
23,253,10305,1,0
23,254,11860,1,0
23,255,12001,1,0
23,256,11175,1,0
23,257,66502,1,0
23,258,11200,1,0
23,259,10623,1,0
23,260,13606,1,0
23,261,11812,1,0
23,262,160371,1,0
23,263,10547,1,0
23,264,31879,1,0
23,265,10995,1,0
23,266,9743,1,0
23,267,26143,1,0
23,268,9449,1,0
23,269,10305,1,0
23,270,11142,1,0
23,271,10497,1,0
23,272,31123,1,0
23,273,10671,1,0
23,274,10993,1,0
23,275,10412,1,0
23,276,10923,1,0
23,277,34569,1,0
23,278,10681,1,0
23,279,10534,1,0
23,280,10385,1,0
23,281,11627,1,0
23,282,12814,1,0
23,283,10563,1,0
23,284,10681,1,0
23,285,10237,1,0
23,286,10128,1,0
23,287,116228,1,0
23,288,10974,1,0
23,289,11752,1,0
23,290,12424,1,0
23,291,12085,1,0
23,292,57917,1,0
23,293,80085,1,0
23,294,11891,1,0
23,295,12166,1,0
23,296,12297,1,0
23,297,52575,1,0
23,298,11429,1,0
23,299,11848,1,0
23,300,11469,1,0
23,301,11816,1,0
23,302,25514,1,0
23,303,11549,1,0
23,304,11445,1,0
23,305,13440,1,0
23,306,74470,1,0
23,307,251010,1,0
23,308,621226,1,0
23,309,609115,1,0
23,310,1062944,1,0
23,311,774437,1,0
23,312,654813,1,0
23,313,556665,1,0
23,314,427486,1,0
23,315,335724,1,0
23,316,191620,1,0
23,317,344365,1,0
23,318,179698,1,0
23,319,25127,1,0
23,320,11677,1,0
23,321,12749,1,0
23,322,10175,1,0
23,323,15220,1,0
23,324,8562,1,0
23,325,111270,1,0
23,326,10174,1,0
23,327,13423,1,0
23,328,12083,1,0
23,329,166956,1,0
23,330,17854,1,0
23,331,11786,1,0
23,332,47187,1,0
23,333,11584,1,0
23,334,10963,1,0
23,335,10033,1,0
23,336,90685,1,0
23,337,10872,1,0
23,338,11481,1,0
23,339,11260,1,0
23,340,11160,1,0
23,341,73364,1,0
23,342,12454,1,0
23,343,11198,1,0
23,344,15124,1,0
23,345,11370,1,0
23,346,50489,1,0
23,347,13697,1,0
23,348,13493,1,0
23,349,14370,1,0
23,350,154650,1,0
23,351,15076,1,0
23,352,125931,1,0
23,353,12146,1,0
23,354,11406,1,0
23,355,11096,1,0
23,356,18420,1,0
23,357,12069,1,0
23,358,11599,1,0
23,359,10338,1,0
23,360,10655,1,0
23,361,10404,1,0
23,362,10948,1,0
23,363,10913,1,0
23,364,13325,1,0
23,365,10415,1,0
23,366,11160,1,0
23,367,12707,1,0
23,368,13726,1,0
23,369,10866,1,0
23,370,11392,1,0
23,371,11042,1,0
23,372,11483,1,0
23,373,11490,1,0
23,374,11147,1,0
23,375,11535,1,0
23,376,10771,1,0
23,377,95912,1,0
23,378,11210,1,0
23,379,12951,1,0
23,380,14355,1,0
23,381,11176,1,0
23,382,9935,1,0
23,383,11725,1,0
23,384,10083,1,0
23,385,9762,1,0
23,386,10802,1,0
23,387,12604,1,0
23,388,10935,1,0
23,389,14100,1,0
23,390,11790,1,0
23,391,10103,1,0
23,392,10655,1,0
23,393,119939,1,0
23,394,10845,1,0
23,395,11130,1,0
23,396,12234,1,0
23,397,12249,1,0
23,398,44222,1,0
23,399,11344,1,0
23,400,10410,1,0
23,401,12040,1,0
23,402,11102,1,0
23,403,71262,1,0
23,404,10086,1,0
23,405,11343,1,0
23,406,12113,1,0
23,407,10167,1,0
23,408,25035,1,0
23,409,10978,1,0
23,410,11668,1,0
23,411,11760,1,0
23,412,11039,1,0
23,413,43983,1,0
23,414,9908,1,0
23,415,12602,1,0
23,416,11965,1,0
23,417,11662,1,0
23,418,35764,1,0
23,419,10829,1,0
23,420,9906,1,0
23,421,11064,1,0
23,422,25640,1,0
23,423,54449,1,0
23,424,10762,1,0
23,425,10270,1,0
23,426,11161,1,0
23,427,12726,1,0
23,428,35528,1,0
23,429,21141,1,0
23,430,11350,1,0
23,431,11345,1,0
23,432,11365,1,0
23,433,15654,1,0
23,434,231310,1,0
23,435,276647,1,0
23,436,67787,1,0
23,437,8272,1,0
23,438,12555,1,0
23,439,43967,1,0
23,440,11837,1,0
23,441,12035,1,0
23,442,12101,1,0
23,443,10792,1,0
23,444,75508,1,0
23,445,11141,1,0
23,446,10103,1,0
23,447,11661,1,0
23,448,10475,1,0
23,449,66927,1,0
23,450,10766,1,0
23,451,10995,1,0
23,452,11766,1,0
23,453,11055,1,0
23,454,11738,1,0
23,455,10559,1,0
23,456,10600,1,0
23,457,10729,1,0
23,458,11409,1,0
23,459,113875,1,0
23,460,74781,1,0
23,461,10556,1,0
23,462,12035,1,0
23,463,10309,1,0
23,464,10565,1,0
23,465,34501,1,0
23,466,12201,1,0
23,467,10251,1,0
23,468,11707,1,0
23,469,11445,1,0
23,470,64357,1,0
23,471,258612,1,0
23,472,79051,1,0
23,473,12151,1,0
23,474,10269,1,0
23,475,10115,1,0
23,476,28298,1,0
23,477,12286,1,0
23,478,10641,1,0
23,479,14501,1,0
23,480,10522,1,0
23,481,46631,1,0
23,482,10132,1,0
23,483,10467,1,0
23,484,10239,1,0
23,485,11535,1,0
23,486,49715,1,0
23,487,14804,1,0
23,488,12955,1,0
23,489,12869,1,0
23,490,9911,1,0
23,491,45463,1,0
23,492,10522,1,0
23,493,11747,1,0
23,494,11665,1,0
23,495,10860,1,0
23,496,17458,1,0
23,497,11355,1,0
23,498,12028,1,0
23,499,11655,1,0
23,500,18816,1,0
23,501,162241,1,0
23,502,34480,1,0
23,503,11125,1,0
23,504,11943,1,0
23,505,11958,1,0
23,506,16346,1,0
23,507,11937,1,0
23,508,12274,1,0
23,509,12444,1,0
23,510,11958,1,0
23,511,45457,1,0
23,512,68543,1,0
23,513,12215,1,0
23,514,13245,1,0
23,515,15631,1,0
23,516,12038,1,0
23,517,78293,1,0
23,518,9605,1,0
23,519,10245,1,0
23,520,12064,1,0
23,521,12292,1,0
23,522,71870,1,0
23,523,10159,1,0
23,524,10657,1,0
23,525,11594,1,0
23,526,11071,1,0
23,527,26926,1,0
23,528,10445,1,0
23,529,10051,1,0
23,530,10851,1,0
23,531,11478,1,0
23,532,13046,1,0
23,533,12237,1,0
23,534,11630,1,0
23,535,11221,1,0
23,536,9785,1,0
23,537,118556,1,0
23,538,65858,1,0
23,539,15318,1,0
23,540,14541,1,0
23,541,13276,1,0
23,542,49022,1,0
23,543,13075,1,0
23,544,10897,1,0
23,545,11059,1,0
23,546,13274,1,0
23,547,30654,1,0
23,548,12948,1,0
23,549,13001,1,0
23,550,9964,1,0
23,551,11785,1,0
23,552,12773,1,0
23,553,10657,1,0
23,554,10536,1,0
23,555,10201,1,0
23,556,12080,1,0
23,557,89018,1,0
23,558,9731,1,0
23,559,10349,1,0
23,560,9278,1,0
23,561,9926,1,0
23,562,25708,1,0
23,563,10024,1,0
23,564,9982,1,0
23,565,10064,1,0
23,566,10993,1,0
23,567,48417,1,0
23,568,11359,1,0
23,569,10830,1,0
23,570,11565,1,0
23,571,10235,1,0
23,572,30466,1,0
23,573,11059,1,0
23,574,12462,1,0
23,575,17855,1,0
23,576,8480,1,0
23,577,22106,1,0
23,578,12255,1,0
23,579,14358,1,0
23,580,11308,1,0
23,581,10509,1,0
23,582,52781,1,0
23,583,11818,1,0
23,584,13919,1,0
23,585,9881,1,0
23,586,10175,1,0
23,587,61399,1,0
23,588,126140,1,0
23,589,10514,1,0
23,590,10163,1,0
23,591,10452,1,0
23,592,17630,1,0
23,593,167660,1,0
23,594,12364,1,0
23,595,11710,1,0
23,596,11127,1,0
23,597,9866,1,0
23,598,11451,1,0
23,599,11346,1,0
24,0,69872,1,0
24,1,72654,1,0
24,2,12587,1,0
24,3,25450,1,0
24,4,15358,1,0
24,5,52146,1,0
24,6,12783,1,0
24,7,42452,1,0
24,8,13664,1,0
24,9,16789,1,0
24,10,12374,1,0
24,11,13237,1,0
24,12,22231,1,0
24,13,12237,1,0
24,14,12594,1,0
24,15,10539,1,0
24,16,12781,1,0
24,17,26438,1,0
24,18,20933,1,0
24,19,13013,1,0
24,20,12382,1,0
24,21,13040,1,0
24,22,12123,1,0
24,23,12277,1,0
24,24,19473,1,0
24,25,11717,1,0
24,26,34685,1,0
24,27,54191,1,0
24,28,13736,1,0
24,29,13467,1,0
24,30,35839,1,0
24,31,12142,1,0
24,32,13164,1,0
24,33,14559,1,0
24,34,12392,1,0
24,35,170034,1,0
24,36,53837,1,0
24,37,57027,1,0
24,38,11742,1,0
24,39,12788,1,0
24,40,12478,1,0
24,41,20249,1,0
24,42,12606,1,0
24,43,12499,1,0
24,44,12542,1,0
24,45,211837,1,0
24,46,237710,1,0
24,47,165608,1,0
24,48,58314,1,0
24,49,12973,1,0
24,50,10555,1,0
24,51,12572,1,0
24,52,13704,1,0
24,53,12819,1,0
24,54,12069,1,0
24,55,13006,1,0
24,56,108392,1,0
24,57,236689,1,0
24,58,280724,1,0
24,59,191901,1,0
24,60,50015,1,0
24,61,12523,1,0
24,62,98550,1,0
24,63,13359,1,0
24,64,12711,1,0
24,65,201447,1,0
24,66,609996,1,0
24,67,946839,1,0
24,68,922549,1,0
24,69,844597,1,0
24,70,794631,1,0
24,71,719185,1,0
24,72,749784,1,0
24,73,698491,1,0
24,74,621141,1,0
24,75,508194,1,0
24,76,469950,1,0
24,77,819176,1,0
24,78,894508,1,0
24,79,720330,1,0
24,80,548213,1,0
24,81,353235,1,0
24,82,155515,1,0
24,83,298230,1,0
24,84,234380,1,0
24,85,49209,1,0
24,86,12050,1,0
24,87,41629,1,0
24,88,64165,1,0
24,89,40036,1,0
24,90,13582,1,0
24,91,12694,1,0
24,92,13794,1,0
24,93,100608,1,0
24,94,289581,1,0
24,95,138036,1,0
24,96,10588,1,0
24,97,15267,1,0
24,98,18817,1,0
24,99,50105,1,0
24,100,12252,1,0
24,101,12419,1,0
24,102,13325,1,0
24,103,12779,1,0
24,104,49443,1,0
24,105,13786,1,0
24,106,12688,1,0
24,107,14104,1,0
24,108,12025,1,0
24,109,84580,1,0
24,110,12074,1,0
24,111,13909,1,0
24,112,542908,1,0
24,113,577821,1,0
24,114,532308,1,0
24,115,437203,1,0
24,116,347699,1,0
24,117,522085,1,0
24,118,409035,1,0
24,119,245130,1,0
24,120,72538,1,0
24,121,12482,1,0
24,122,124455,1,0
24,123,11787,1,0
24,124,11997,1,0
24,125,13239,1,0
24,126,11888,1,0
24,127,44691,1,0
24,128,9733,1,0
24,129,10129,1,0
24,130,12075,1,0
24,131,11792,1,0
24,132,10608,1,0
24,133,16798,1,0
24,134,12498,1,0
24,135,11199,1,0
24,136,10768,1,0
24,137,10406,1,0
24,138,76068,1,0
24,139,18383,1,0
24,140,12135,1,0
24,141,11162,1,0
24,142,14973,1,0
24,143,12195,1,0
24,144,222468,1,0
24,145,44873,1,0
24,146,9599,1,0
24,147,17399,1,0
24,148,18510,1,0
24,149,39422,1,0
24,150,13836,1,0
24,151,9814,1,0
24,152,14446,1,0
24,153,10795,1,0
24,154,34626,1,0
24,155,10040,1,0
24,156,10630,1,0
24,157,22052,1,0
24,158,14786,1,0
24,159,28699,1,0
24,160,12537,1,0
24,161,11915,1,0
24,162,13325,1,0
24,163,10397,1,0
24,164,24119,1,0
24,165,10381,1,0
24,166,10651,1,0
24,167,13481,1,0
24,168,12328,1,0
24,169,21276,1,0
24,170,12495,1,0
24,171,13063,1,0
24,172,9676,1,0
24,173,10021,1,0
24,174,11506,1,0
24,175,30667,1,0
24,176,12231,1,0
24,177,12407,1,0
24,178,11773,1,0
24,179,12609,1,0
24,180,55745,1,0
24,181,12068,1,0
24,182,9577,1,0
24,183,12543,1,0
24,184,9400,1,0
24,185,18411,1,0
24,186,10908,1,0
24,187,14688,1,0
24,188,9311,1,0
24,189,12044,1,0
24,190,11926,1,0
24,191,10201,1,0
24,192,11625,1,0
24,193,9979,1,0
24,194,10392,1,0
24,195,11943,1,0
24,196,11892,1,0
24,197,14896,1,0
24,198,12932,1,0
24,199,11613,1,0
24,200,10136,1,0
24,201,19576,1,0
24,202,12264,1,0
24,203,12892,1,0
24,204,16414,1,0
24,205,12155,1,0
24,206,10261,1,0
24,207,12394,1,0
24,208,10463,1,0
24,209,12077,1,0
24,210,20828,1,0
24,211,12457,1,0
24,212,12404,1,0
24,213,9657,1,0
24,214,10675,1,0
24,215,17704,1,0
24,216,11927,1,0
24,217,21974,1,0
24,218,13294,1,0
24,219,9929,1,0
24,220,20839,1,0
24,221,9912,1,0
24,222,12399,1,0
24,223,13276,1,0
24,224,12821,1,0
24,225,93175,1,0
24,226,214193,1,0
24,227,241791,1,0
24,228,125241,1,0
24,229,14001,1,0
24,230,10402,1,0
24,231,12309,1,0
24,232,9727,1,0
24,233,13573,1,0
24,234,10767,1,0
24,235,10053,1,0
24,236,133797,1,0
24,237,172061,1,0
24,238,11885,1,0
24,239,9618,1,0
24,240,9852,1,0
24,241,9698,1,0
24,242,10615,1,0
24,243,10332,1,0
24,244,9719,1,0
24,245,10514,1,0
24,246,10643,1,0
24,247,72242,1,0
24,248,12810,1,0
24,249,13059,1,0
24,250,10135,1,0
24,251,12510,1,0
24,252,64925,1,0
24,253,11689,1,0
24,254,11463,1,0
24,255,11332,1,0
24,256,12486,1,0
24,257,65554,1,0
24,258,12755,1,0
24,259,10842,1,0
24,260,13361,1,0
24,261,12571,1,0
24,262,156905,1,0
24,263,248953,1,0
24,264,28595,1,0
24,265,9174,1,0
24,266,10522,1,0
24,267,24485,1,0
24,268,10565,1,0
24,269,12804,1,0
24,270,11864,1,0
24,271,9754,1,0
24,272,26973,1,0
24,273,9588,1,0
24,274,12414,1,0
24,275,12313,1,0
24,276,9893,1,0
24,277,35678,1,0
24,278,11787,1,0
24,279,10425,1,0
24,280,12047,1,0
24,281,11342,1,0
24,282,24878,1,0
24,283,11799,1,0
24,284,13327,1,0
24,285,11935,1,0
24,286,12080,1,0
24,287,113448,1,0
24,288,12286,1,0
24,289,12055,1,0
24,290,12298,1,0
24,291,12464,1,0
24,292,56272,1,0
24,293,76946,1,0
24,294,11646,1,0
24,295,12448,1,0
24,296,12236,1,0
24,297,67291,1,0
24,298,12261,1,0
24,299,13466,1,0
24,300,10408,1,0
24,301,10836,1,0
24,302,36025,1,0
24,303,12578,1,0
24,304,13351,1,0
24,305,12203,1,0
24,306,75529,1,0
24,307,251076,1,0
24,308,618879,1,0
24,309,606200,1,0
24,310,1061053,1,0
24,311,773002,1,0
24,312,650428,1,0
24,313,554096,1,0
24,314,424665,1,0
24,315,333822,1,0
24,316,189671,1,0
24,317,342712,1,0
24,318,176941,1,0
24,319,21232,1,0
24,320,12120,1,0
24,321,10933,1,0
24,322,12052,1,0
24,323,12927,1,0
24,324,11780,1,0
24,325,107879,1,0
24,326,12879,1,0
24,327,13246,1,0
24,328,16407,1,0
24,329,164185,1,0
24,330,15902,1,0
24,331,11883,1,0
24,332,44356,1,0
24,333,12665,1,0
24,334,11795,1,0
24,335,12821,1,0
24,336,86870,1,0
24,337,13213,1,0
24,338,12879,1,0
24,339,11525,1,0
24,340,13533,1,0
24,341,70909,1,0
24,342,13256,1,0
24,343,12361,1,0
24,344,12796,1,0
24,345,14876,1,0
24,346,50206,1,0
24,347,14928,1,0
24,348,15844,1,0
24,349,14534,1,0
24,350,152041,1,0
24,351,15300,1,0
24,352,123230,1,0
24,353,12558,1,0
24,354,10068,1,0
24,355,9651,1,0
24,356,13245,1,0
24,357,10444,1,0
24,358,11118,1,0
24,359,10329,1,0
24,360,12423,1,0
24,361,10988,1,0
24,362,10068,1,0
24,363,9778,1,0
24,364,11949,1,0
24,365,10222,1,0
24,366,10527,1,0
24,367,10715,1,0
24,368,13363,1,0
24,369,11403,1,0
24,370,11832,1,0
24,371,10874,1,0
24,372,12080,1,0
24,373,17420,1,0
24,374,10174,1,0
24,375,12353,1,0
24,376,12179,1,0
24,377,11421,1,0
24,378,10674,1,0
24,379,9671,1,0
24,380,10272,1,0
24,381,9934,1,0
24,382,10213,1,0
24,383,10238,1,0
24,384,9877,1,0
24,385,10457,1,0
24,386,10374,1,0
24,387,10931,1,0
24,388,9443,1,0
24,389,9676,1,0
24,390,10270,1,0
24,391,10601,1,0
24,392,10934,1,0
24,393,116922,1,0
24,394,12175,1,0
24,395,11701,1,0
24,396,10618,1,0
24,397,9689,1,0
24,398,40780,1,0
24,399,10218,1,0
24,400,11530,1,0
24,401,11601,1,0
24,402,10537,1,0
24,403,68091,1,0
24,404,11394,1,0
24,405,9477,1,0
24,406,12130,1,0
24,407,10535,1,0
24,408,36766,1,0
24,409,10645,1,0
24,410,11845,1,0
24,411,10026,1,0
24,412,9966,1,0
24,413,55155,1,0
24,414,12674,1,0
24,415,13232,1,0
24,416,11929,1,0
24,417,11770,1,0
24,418,33633,1,0
24,419,10603,1,0
24,420,11384,1,0
24,421,10717,1,0
24,422,24564,1,0
24,423,51927,1,0
24,424,11788,1,0
24,425,12265,1,0
24,426,10595,1,0
24,427,11577,1,0
24,428,31801,1,0
24,429,18570,1,0
24,430,9925,1,0
24,431,9397,1,0
24,432,9798,1,0
24,433,11416,1,0
24,434,230557,1,0
24,435,274072,1,0
24,436,64727,1,0
24,437,11559,1,0
24,438,10091,1,0
24,439,41235,1,0
24,440,9911,1,0
24,441,10547,1,0
24,442,10469,1,0
24,443,10591,1,0
24,444,71305,1,0
24,445,11254,1,0
24,446,11457,1,0
24,447,11531,1,0
24,448,11213,1,0
24,449,61868,1,0
24,450,11690,1,0
24,451,12753,1,0
24,452,9940,1,0
24,453,12086,1,0
24,454,9505,1,0
24,455,13188,1,0
24,456,12232,1,0
24,457,12269,1,0
24,458,10697,1,0
24,459,118462,1,0
24,460,71682,1,0
24,461,13558,1,0
24,462,12117,1,0
24,463,12142,1,0
24,464,11865,1,0
24,465,32043,1,0
24,466,11863,1,0
24,467,10763,1,0
24,468,12373,1,0
24,469,12826,1,0
24,470,60989,1,0
24,471,271741,1,0
24,472,75728,1,0
24,473,10490,1,0
24,474,11900,1,0
24,475,11875,1,0
24,476,40063,1,0
24,477,12054,1,0
24,478,10759,1,0
24,479,11951,1,0
24,480,10693,1,0
24,481,42453,1,0
24,482,9781,1,0
24,483,10252,1,0
24,484,11224,1,0
24,485,12865,1,0
24,486,47765,1,0
24,487,12612,1,0
24,488,10887,1,0
24,489,11866,1,0
24,490,9770,1,0
24,491,41891,1,0
24,492,10072,1,0
24,493,10625,1,0
24,494,9777,1,0
24,495,9161,1,0
24,496,13570,1,0
24,497,11096,1,0
24,498,12269,1,0
24,499,11912,1,0
24,500,13471,1,0
24,501,159942,1,0
24,502,30626,1,0
24,503,12321,1,0
24,504,12751,1,0
24,505,10774,1,0
24,506,27013,1,0
24,507,12712,1,0
24,508,10441,1,0
24,509,13222,1,0
24,510,9788,1,0
24,511,56047,1,0
24,512,64757,1,0
24,513,10197,1,0
24,514,11911,1,0
24,515,14739,1,0
24,516,11910,1,0
24,517,75433,1,0
24,518,8751,1,0
24,519,9983,1,0
24,520,11499,1,0
24,521,12541,1,0
24,522,68530,1,0
24,523,10148,1,0
24,524,10509,1,0
24,525,13507,1,0
24,526,11695,1,0
24,527,24257,1,0
24,528,9857,1,0
24,529,13240,1,0
24,530,12578,1,0
24,531,10348,1,0
24,532,11435,1,0
24,533,10500,1,0
24,534,12768,1,0
24,535,10809,1,0
24,536,10461,1,0
24,537,114400,1,0
24,538,61323,1,0
24,539,12633,1,0
24,540,14036,1,0
24,541,14888,1,0
24,542,46416,1,0
24,543,13112,1,0
24,544,12597,1,0
24,545,12393,1,0
24,546,18223,1,0
24,547,42180,1,0
24,548,10157,1,0
24,549,12027,1,0
24,550,10186,1,0
24,551,10710,1,0
24,552,9473,1,0
24,553,12173,1,0
24,554,11777,1,0
24,555,11681,1,0
24,556,11581,1,0
24,557,84031,1,0
24,558,11888,1,0
24,559,10068,1,0
24,560,10228,1,0
24,561,10005,1,0
24,562,20987,1,0
24,563,9517,1,0
24,564,11782,1,0
24,565,12425,1,0
24,566,10882,1,0
24,567,46333,1,0
24,568,9973,1,0
24,569,11163,1,0
24,570,12456,1,0
24,571,11438,1,0
24,572,28419,1,0
24,573,11637,1,0
24,574,10599,1,0
24,575,14058,1,0
24,576,13259,1,0
24,577,16570,1,0
24,578,9769,1,0
24,579,9499,1,0
24,580,9971,1,0
24,581,9979,1,0
24,582,50280,1,0
24,583,11299,1,0
24,584,11532,1,0
24,585,10864,1,0
24,586,10016,1,0
24,587,56255,1,0
24,588,121162,1,0
24,589,11729,1,0
24,590,12049,1,0
24,591,12025,1,0
24,592,16567,1,0
24,593,163884,1,0
24,594,10640,1,0
24,595,11748,1,0
24,596,9638,1,0
24,597,9631,1,0
24,598,10350,1,0
24,599,9974,1,0
25,0,68913,1,0
25,1,69727,1,0
25,2,11185,1,0
25,3,24652,1,0
25,4,14787,1,0
25,5,49954,1,0
25,6,11229,1,0
25,7,41761,1,0
25,8,11342,1,0
25,9,17898,1,0
25,10,15204,1,0
25,11,13641,1,0
25,12,21339,1,0
25,13,16128,1,0
25,14,12201,1,0
25,15,11344,1,0
25,16,11689,1,0
25,17,26261,1,0
25,18,21098,1,0
25,19,12302,1,0
25,20,14192,1,0
25,21,12084,1,0
25,22,11675,1,0
25,23,12617,1,0
25,24,18326,1,0
25,25,13082,1,0
25,26,34347,1,0
25,27,53145,1,0
25,28,12645,1,0
25,29,12310,1,0
25,30,32579,1,0
25,31,12540,1,0
25,32,12174,1,0
25,33,12784,1,0
25,34,11850,1,0
25,35,169670,1,0
25,36,53930,1,0
25,37,57631,1,0
25,38,10887,1,0
25,39,12088,1,0
25,40,133568,1,0
25,41,17720,1,0
25,42,11770,1,0
25,43,11744,1,0
25,44,11895,1,0
25,45,211642,1,0
25,46,238355,1,0
25,47,166238,1,0
25,48,56046,1,0
25,49,14933,1,0
25,50,12902,1,0
25,51,14559,1,0
25,52,14600,1,0
25,53,12002,1,0
25,54,11745,1,0
25,55,14074,1,0
25,56,121685,1,0
25,57,237147,1,0
25,58,281119,1,0
25,59,194101,1,0
25,60,49038,1,0
25,61,9270,1,0
25,62,97370,1,0
25,63,12803,1,0
25,64,13905,1,0
25,65,248432,1,0
25,66,610051,1,0
25,67,946929,1,0
25,68,920799,1,0
25,69,844045,1,0
25,70,794413,1,0
25,71,717954,1,0
25,72,748406,1,0
25,73,696118,1,0
25,74,620519,1,0
25,75,505540,1,0
25,76,469187,1,0
25,77,823556,1,0
25,78,892743,1,0
25,79,718788,1,0
25,80,545794,1,0
25,81,350766,1,0
25,82,154257,1,0
25,83,296081,1,0
25,84,232189,1,0
25,85,50698,1,0
25,86,13421,1,0
25,87,41618,1,0
25,88,61454,1,0
25,89,38781,1,0
25,90,13401,1,0
25,91,14222,1,0
25,92,13777,1,0
25,93,103586,1,0
25,94,288504,1,0
25,95,137152,1,0
25,96,13058,1,0
25,97,15819,1,0
25,98,17057,1,0
25,99,50306,1,0
25,100,11885,1,0
25,101,11996,1,0
25,102,12387,1,0
25,103,12267,1,0
25,104,48691,1,0
25,105,13157,1,0
25,106,9903,1,0
25,107,11692,1,0
25,108,11697,1,0
25,109,83585,1,0
25,110,11463,1,0
25,111,13497,1,0
25,112,540864,1,0
25,113,579641,1,0
25,114,529376,1,0
25,115,434982,1,0
25,116,344892,1,0
25,117,521082,1,0
25,118,11913,1,0
25,119,244982,1,0
25,120,71087,1,0
25,121,11258,1,0
25,122,137592,1,0
25,123,10060,1,0
25,124,11586,1,0
25,125,13377,1,0
25,126,12408,1,0
25,127,41118,1,0
25,128,11005,1,0
25,129,10732,1,0
25,130,9236,1,0
25,131,12478,1,0
25,132,13323,1,0
25,133,15235,1,0
25,134,11587,1,0
25,135,11275,1,0
25,136,11538,1,0
25,137,12179,1,0
25,138,72975,1,0
25,139,16320,1,0
25,140,12281,1,0
25,141,13743,1,0
25,142,14286,1,0
25,143,15491,1,0
25,144,220715,1,0
25,145,41534,1,0
25,146,11197,1,0
25,147,15701,1,0
25,148,19236,1,0
25,149,51707,1,0
25,150,11714,1,0
25,151,11327,1,0
25,152,14424,1,0
25,153,11797,1,0
25,154,33331,1,0
25,155,11506,1,0
25,156,11656,1,0
25,157,20022,1,0
25,158,13664,1,0
25,159,27743,1,0
25,160,9985,1,0
25,161,11656,1,0
25,162,12455,1,0
25,163,12371,1,0
25,164,21801,1,0
25,165,11021,1,0
25,166,11574,1,0
25,167,12854,1,0
25,168,11712,1,0
25,169,25161,1,0
25,170,9647,1,0
25,171,11180,1,0
25,172,9310,1,0
25,173,10434,1,0
25,174,10706,1,0
25,175,30059,1,0
25,176,11701,1,0
25,177,12380,1,0
25,178,9316,1,0
25,179,11685,1,0
25,180,52120,1,0
25,181,11262,1,0
25,182,11327,1,0
25,183,10965,1,0
25,184,11225,1,0
25,185,21938,1,0
25,186,9604,1,0
25,187,13411,1,0
25,188,11161,1,0
25,189,12795,1,0
25,190,11110,1,0
25,191,11561,1,0
25,192,11806,1,0
25,193,11211,1,0
25,194,11205,1,0
25,195,13054,1,0
25,196,12349,1,0
25,197,13388,1,0
25,198,9065,1,0
25,199,11112,1,0
25,200,11932,1,0
25,201,17050,1,0
25,202,9391,1,0
25,203,12650,1,0
25,204,13553,1,0
25,205,12366,1,0
25,206,11317,1,0
25,207,12409,1,0
25,208,10884,1,0
25,209,10827,1,0
25,210,17940,1,0
25,211,12314,1,0
25,212,13068,1,0
25,213,11905,1,0
25,214,12301,1,0
25,215,29366,1,0
25,216,14298,1,0
25,217,24356,1,0
25,218,11590,1,0
25,219,11631,1,0
25,220,17613,1,0
25,221,10598,1,0
25,222,9616,1,0
25,223,11805,1,0
25,224,12402,1,0
25,225,92418,1,0
25,226,248512,1,0
25,227,241051,1,0
25,228,125615,1,0
25,229,13327,1,0
25,230,9959,1,0
25,231,11284,1,0
25,232,9047,1,0
25,233,10865,1,0
25,234,12136,1,0
25,235,11870,1,0
25,236,131932,1,0
25,237,169437,1,0
25,238,12643,1,0
25,239,11028,1,0
25,240,11515,1,0
25,241,9554,1,0
25,242,11884,1,0
25,243,9374,1,0
25,244,10487,1,0
25,245,12677,1,0
25,246,10256,1,0
25,247,69090,1,0
25,248,9587,1,0
25,249,12511,1,0
25,250,11153,1,0
25,251,10072,1,0
25,252,61639,1,0
25,253,11364,1,0
25,254,11814,1,0
25,255,11644,1,0
25,256,12115,1,0
25,257,64293,1,0
25,258,10528,1,0
25,259,12873,1,0
25,260,13425,1,0
25,261,13625,1,0
25,262,153707,1,0
25,263,245485,1,0
25,264,25364,1,0
25,265,11383,1,0
25,266,9641,1,0
25,267,24309,1,0
25,268,12010,1,0
25,269,11367,1,0
25,270,11221,1,0
25,271,11019,1,0
25,272,24841,1,0
25,273,10529,1,0
25,274,9944,1,0
25,275,13076,1,0
25,276,12028,1,0
25,277,43464,1,0
25,278,10288,1,0
25,279,12583,1,0
25,280,13037,1,0
25,281,12047,1,0
25,282,21628,1,0
25,283,11546,1,0
25,284,11967,1,0
25,285,12882,1,0
25,286,12739,1,0
25,287,112038,1,0
25,288,9204,1,0
25,289,10454,1,0
25,290,11133,1,0
25,291,12319,1,0
25,292,72878,1,0
25,293,73605,1,0
25,294,12489,1,0
25,295,11164,1,0
25,296,13379,1,0
25,297,66074,1,0
25,298,11229,1,0
25,299,12230,1,0
25,300,9307,1,0
25,301,11777,1,0
25,302,32731,1,0
25,303,11917,1,0
25,304,12647,1,0
25,305,12513,1,0
25,306,81619,1,0
25,307,269044,1,0
25,308,618562,1,0
25,309,605451,1,0
25,310,1057131,1,0
25,311,776169,1,0
25,312,646574,1,0
25,313,565870,1,0
25,314,420937,1,0
25,315,622123,1,0
25,316,187682,1,0
25,317,340642,1,0
25,318,173949,1,0
25,319,16736,1,0
25,320,13161,1,0
25,321,12354,1,0
25,322,12358,1,0
25,323,10490,1,0
25,324,10800,1,0
25,325,104622,1,0
25,326,8432,1,0
25,327,11105,1,0
25,328,17454,1,0
25,329,161204,1,0
25,330,13515,1,0
25,331,11357,1,0
25,332,42090,1,0
25,333,9024,1,0
25,334,13467,1,0
25,335,12124,1,0
25,336,87747,1,0
25,337,12331,1,0
25,338,11674,1,0
25,339,11385,1,0
25,340,11667,1,0
25,341,67437,1,0
25,342,10540,1,0
25,343,9464,1,0
25,344,10949,1,0
25,345,13155,1,0
25,346,48691,1,0
25,347,14305,1,0
25,348,12804,1,0
25,349,19401,1,0
25,350,151534,1,0
25,351,15682,1,0
25,352,120498,1,0
25,353,13630,1,0
25,354,11926,1,0
25,355,10869,1,0
25,356,12208,1,0
25,357,12092,1,0
25,358,9631,1,0
25,359,10332,1,0
25,360,9077,1,0
25,361,11844,1,0
25,362,9783,1,0
25,363,9571,1,0
25,364,12178,1,0
25,365,10664,1,0
25,366,12994,1,0
25,367,12446,1,0
25,368,12413,1,0
25,369,9513,1,0
25,370,11247,1,0
25,371,11316,1,0
25,372,11173,1,0
25,373,15327,1,0
25,374,13660,1,0
25,375,11436,1,0
25,376,9398,1,0
25,377,110202,1,0
25,378,13092,1,0
25,379,10359,1,0
25,380,11675,1,0
25,381,9477,1,0
25,382,9634,1,0
25,383,10843,1,0
25,384,10867,1,0
25,385,10681,1,0
25,386,11788,1,0
25,387,21842,1,0
25,388,9561,1,0
25,389,12549,1,0
25,390,12036,1,0
25,391,12138,1,0
25,392,9088,1,0
25,393,112935,1,0
25,394,11016,1,0
25,395,10559,1,0
25,396,11791,1,0
25,397,11900,1,0
25,398,52164,1,0
25,399,9812,1,0
25,400,10956,1,0
25,401,11872,1,0
25,402,12747,1,0
25,403,64501,1,0
25,404,10855,1,0
25,405,11984,1,0
25,406,11658,1,0
25,407,11199,1,0
25,408,33391,1,0
25,409,12539,1,0
25,410,11560,1,0
25,411,11764,1,0
25,412,9669,1,0
25,413,54499,1,0
25,414,9952,1,0
25,415,11788,1,0
25,416,12744,1,0
25,417,12361,1,0
25,418,30427,1,0
25,419,11605,1,0
25,420,12355,1,0
25,421,13561,1,0
25,422,23989,1,0
25,423,49081,1,0
25,424,11564,1,0
25,425,10345,1,0
25,426,11196,1,0
25,427,12354,1,0
25,428,28096,1,0
25,429,17753,1,0
25,430,11135,1,0
25,431,12088,1,0
25,432,11353,1,0
25,433,16157,1,0
25,434,229293,1,0
25,435,272533,1,0
25,436,67025,1,0
25,437,9221,1,0
25,438,12225,1,0
25,439,39939,1,0
25,440,11782,1,0
25,441,12317,1,0
25,442,9498,1,0
25,443,11494,1,0
25,444,68120,1,0
25,445,11746,1,0
25,446,11131,1,0
25,447,9744,1,0
25,448,11001,1,0
25,449,59674,1,0
25,450,10526,1,0
25,451,9004,1,0
25,452,10890,1,0
25,453,11204,1,0
25,454,9458,1,0
25,455,11850,1,0
25,456,13670,1,0
25,457,8719,1,0
25,458,10773,1,0
25,459,117396,1,0
25,460,69105,1,0
25,461,11954,1,0
25,462,13357,1,0
25,463,10000,1,0
25,464,9479,1,0
25,465,28969,1,0
25,466,11142,1,0
25,467,9450,1,0
25,468,8330,1,0
25,469,9448,1,0
25,470,59425,1,0
25,471,270962,1,0
25,472,72860,1,0
25,473,11938,1,0
25,474,11220,1,0
25,475,11007,1,0
25,476,37660,1,0
25,477,11369,1,0
25,478,11387,1,0
25,479,11817,1,0
25,480,11550,1,0
25,481,38962,1,0
25,482,10283,1,0
25,483,11684,1,0
25,484,10487,1,0
25,485,11840,1,0
25,486,59453,1,0
25,487,9492,1,0
25,488,12326,1,0
25,489,15569,1,0
25,490,11027,1,0
25,491,40596,1,0
25,492,10681,1,0
25,493,11900,1,0
25,494,12267,1,0
25,495,11493,1,0
25,496,24833,1,0
25,497,11660,1,0
25,498,9270,1,0
25,499,11728,1,0
25,500,11261,1,0
25,501,173399,1,0
25,502,27893,1,0
25,503,11961,1,0
25,504,12116,1,0
25,505,12536,1,0
25,506,25251,1,0
25,507,9540,1,0
25,508,12057,1,0
25,509,14636,1,0
25,510,12368,1,0
25,511,52810,1,0
25,512,61757,1,0
25,513,11806,1,0
25,514,11255,1,0
25,515,16306,1,0
25,516,9853,1,0
25,517,71479,1,0
25,518,10243,1,0
25,519,11634,1,0
25,520,12534,1,0
25,521,13782,1,0
25,522,69182,1,0
25,523,12027,1,0
25,524,8790,1,0
25,525,11141,1,0
25,526,9706,1,0
25,527,21016,1,0
25,528,12141,1,0
25,529,11801,1,0
25,530,10087,1,0
25,531,11882,1,0
25,532,12472,1,0
25,533,11152,1,0
25,534,9517,1,0
25,535,11419,1,0
25,536,12411,1,0
25,537,112246,1,0
25,538,57910,1,0
25,539,11620,1,0
25,540,13749,1,0
25,541,14568,1,0
25,542,45487,1,0
25,543,12477,1,0
25,544,10093,1,0
25,545,10685,1,0
25,546,16794,1,0
25,547,41274,1,0
25,548,11934,1,0
25,549,11560,1,0
25,550,9341,1,0
25,551,12684,1,0
25,552,12217,1,0
25,553,11379,1,0
25,554,10435,1,0
25,555,12207,1,0
25,556,11029,1,0
25,557,94877,1,0
25,558,11412,1,0
25,559,9504,1,0
25,560,11023,1,0
25,561,10126,1,0
25,562,16394,1,0
25,563,11591,1,0
25,564,12143,1,0
25,565,9410,1,0
25,566,9461,1,0
25,567,59545,1,0
25,568,12387,1,0
25,569,9076,1,0
25,570,9603,1,0
25,571,10892,1,0
25,572,39133,1,0
25,573,11014,1,0
25,574,11148,1,0
25,575,11744,1,0
25,576,13016,1,0
25,577,12120,1,0
25,578,13696,1,0
25,579,11619,1,0
25,580,11760,1,0
25,581,11934,1,0
25,582,49551,1,0
25,583,11361,1,0
25,584,10019,1,0
25,585,8502,1,0
25,586,11959,1,0
25,587,52818,1,0
25,588,117536,1,0
25,589,12318,1,0
25,590,11123,1,0
25,591,10502,1,0
25,592,13029,1,0
25,593,160872,1,0
25,594,10363,1,0
25,595,10275,1,0
25,596,10927,1,0
25,597,9112,1,0
25,598,11767,1,0
25,599,11335,1,0
26,0,69767,1,0
26,1,68972,1,0
26,2,11725,1,0
26,3,24470,1,0
26,4,12740,1,0
26,5,51708,1,0
26,6,12537,1,0
26,7,40634,1,0
26,8,13599,1,0
26,9,18307,1,0
26,10,13276,1,0
26,11,12103,1,0
26,12,21482,1,0
26,13,13702,1,0
26,14,11279,1,0
26,15,14093,1,0
26,16,13242,1,0
26,17,27428,1,0
26,18,24708,1,0
26,19,12718,1,0
26,20,12223,1,0
26,21,11678,1,0
26,22,11652,1,0
26,23,12002,1,0
26,24,16505,1,0
26,25,11967,1,0
26,26,32792,1,0
26,27,51408,1,0
26,28,11682,1,0
26,29,11873,1,0
26,30,30646,1,0
26,31,11038,1,0
26,32,12582,1,0
26,33,11323,1,0
26,34,11853,1,0
26,35,168223,1,0
26,36,51533,1,0
26,37,54400,1,0
26,38,11685,1,0
26,39,12069,1,0
26,40,131402,1,0
26,41,16311,1,0
26,42,12836,1,0
26,43,11109,1,0
26,44,12438,1,0
26,45,210560,1,0
26,46,237333,1,0
26,47,166450,1,0
26,48,56494,1,0
26,49,13064,1,0
26,50,12702,1,0
26,51,13198,1,0
26,52,12976,1,0
26,53,14969,1,0
26,54,11257,1,0
26,55,12292,1,0
26,56,121551,1,0
26,57,238539,1,0
26,58,279843,1,0
26,59,193175,1,0
26,60,48575,1,0
26,61,11518,1,0
26,62,94620,1,0
26,63,13140,1,0
26,64,13898,1,0
26,65,276885,1,0
26,66,608914,1,0
26,67,946172,1,0
26,68,919962,1,0
26,69,845341,1,0
26,70,793757,1,0
26,71,717694,1,0
26,72,748814,1,0
26,73,694831,1,0
26,74,618770,1,0
26,75,503850,1,0
26,76,469843,1,0
26,77,840782,1,0
26,78,891868,1,0
26,79,716422,1,0
26,80,543744,1,0
26,81,347487,1,0
26,82,153934,1,0
26,83,310938,1,0
26,84,233055,1,0
26,85,48971,1,0
26,86,12716,1,0
26,87,40345,1,0
26,88,72762,1,0
26,89,37970,1,0
26,90,11056,1,0
26,91,15624,1,0
26,92,15907,1,0
26,93,118381,1,0
26,94,285641,1,0
26,95,134902,1,0
26,96,10585,1,0
26,97,14373,1,0
26,98,16096,1,0
26,99,48895,1,0
26,100,11103,1,0
26,101,11478,1,0
26,102,12043,1,0
26,103,11942,1,0
26,104,47088,1,0
26,105,12396,1,0
26,106,11467,1,0
26,107,10558,1,0
26,108,11256,1,0
26,109,94755,1,0
26,110,10625,1,0
26,111,11742,1,0
26,112,539766,1,0
26,113,579436,1,0
26,114,528381,1,0
26,115,432194,1,0
26,116,343330,1,0
26,117,519364,1,0
26,118,406264,1,0
26,119,244081,1,0
26,120,67762,1,0
26,121,10409,1,0
26,122,136244,1,0
26,123,11863,1,0
26,124,11249,1,0
26,125,11866,1,0
26,126,11615,1,0
26,127,49058,1,0
26,128,10341,1,0
26,129,9920,1,0
26,130,11263,1,0
26,131,13135,1,0
26,132,12909,1,0
26,133,13874,1,0
26,134,10363,1,0
26,135,11368,1,0
26,136,11159,1,0
26,137,9959,1,0
26,138,71170,1,0
26,139,14297,1,0
26,140,12262,1,0
26,141,11744,1,0
26,142,13206,1,0
26,143,13433,1,0
26,144,218565,1,0
26,145,39394,1,0
26,146,10475,1,0
26,147,14402,1,0
26,148,18893,1,0
26,149,47566,1,0
26,150,11592,1,0
26,151,11905,1,0
26,152,12806,1,0
26,153,11470,1,0
26,154,47359,1,0
26,155,12309,1,0
26,156,12027,1,0
26,157,18549,1,0
26,158,12414,1,0
26,159,26413,1,0
26,160,12491,1,0
26,161,11026,1,0
26,162,11594,1,0
26,163,10135,1,0
26,164,20209,1,0
26,165,8739,1,0
26,166,10489,1,0
26,167,11830,1,0
26,168,10962,1,0
26,169,22849,1,0
26,170,10474,1,0
26,171,11225,1,0
26,172,10146,1,0
26,173,11636,1,0
26,174,11937,1,0
26,175,30701,1,0
26,176,10328,1,0
26,177,11215,1,0
26,178,10930,1,0
26,179,9961,1,0
26,180,63102,1,0
26,181,11499,1,0
26,182,12181,1,0
26,183,12952,1,0
26,184,11822,1,0
26,185,32094,1,0
26,186,9785,1,0
26,187,11212,1,0
26,188,10329,1,0
26,189,11583,1,0
26,190,10189,1,0
26,191,10365,1,0
26,192,11001,1,0
26,193,10032,1,0
26,194,11541,1,0
26,195,12263,1,0
26,196,11556,1,0
26,197,11109,1,0
26,198,10976,1,0
26,199,11465,1,0
26,200,9727,1,0
26,201,14990,1,0
26,202,10562,1,0
26,203,11162,1,0
26,204,12041,1,0
26,205,11511,1,0
26,206,10102,1,0
26,207,11521,1,0
26,208,12481,1,0
26,209,12475,1,0
26,210,14061,1,0
26,211,11493,1,0
26,212,11711,1,0
26,213,10531,1,0
26,214,13237,1,0
26,215,27601,1,0
26,216,11611,1,0
26,217,22287,1,0
26,218,9406,1,0
26,219,10603,1,0
26,220,29994,1,0
26,221,10248,1,0
26,222,11415,1,0
26,223,10144,1,0
26,224,12660,1,0
26,225,104334,1,0
26,226,253549,1,0
26,227,240449,1,0
26,228,124340,1,0
26,229,12004,1,0
26,230,10593,1,0
26,231,11898,1,0
26,232,11988,1,0
26,233,11986,1,0
26,234,10011,1,0
26,235,11151,1,0
26,236,145174,1,0
26,237,168591,1,0
26,238,10621,1,0
26,239,11617,1,0
26,240,10749,1,0
26,241,9767,1,0
26,242,11085,1,0
26,243,10632,1,0
26,244,10169,1,0
26,245,10456,1,0
26,246,12211,1,0
26,247,67731,1,0
26,248,9668,1,0
26,249,10827,1,0
26,250,10608,1,0
26,251,11603,1,0
26,252,58794,1,0
26,253,10675,1,0
26,254,10326,1,0
26,255,11831,1,0
26,256,11560,1,0
26,257,62979,1,0
26,258,12707,1,0
26,259,11741,1,0
26,260,13543,1,0
26,261,12574,1,0
26,262,149442,1,0
26,263,243457,1,0
26,264,23107,1,0
26,265,10666,1,0
26,266,10150,1,0
26,267,27533,1,0
26,268,10867,1,0
26,269,11056,1,0
26,270,10551,1,0
26,271,9812,1,0
26,272,36558,1,0
26,273,11519,1,0
26,274,14411,1,0
26,275,11272,1,0
26,276,9799,1,0
26,277,47271,1,0
26,278,10008,1,0
26,279,9732,1,0
26,280,11241,1,0
26,281,11383,1,0
26,282,19659,1,0
26,283,15003,1,0
26,284,9988,1,0
26,285,10165,1,0
26,286,11940,1,0
26,287,120457,1,0
26,288,11309,1,0
26,289,12289,1,0
26,290,11583,1,0
26,291,11053,1,0
26,292,74810,1,0
26,293,71422,1,0
26,294,11960,1,0
26,295,12483,1,0
26,296,11084,1,0
26,297,65012,1,0
26,298,10855,1,0
26,299,11363,1,0
26,300,10552,1,0
26,301,9675,1,0
26,302,30616,1,0
26,303,11359,1,0
26,304,11262,1,0
26,305,11838,1,0
26,306,81158,1,0
26,307,268824,1,0
26,308,618423,1,0
26,309,605914,1,0
26,310,1053950,1,0
26,311,779149,1,0
26,312,643362,1,0
26,313,563576,1,0
26,314,416510,1,0
26,315,331621,1,0
26,316,186683,1,0
26,317,338631,1,0
26,318,171667,1,0
26,319,14678,1,0
26,320,10812,1,0
26,321,10887,1,0
26,322,10731,1,0
26,323,11227,1,0
26,324,10692,1,0
26,325,116800,1,0
26,326,10415,1,0
26,327,12125,1,0
26,328,16774,1,0
26,329,161236,1,0
26,330,12345,1,0
26,331,13055,1,0
26,332,40652,1,0
26,333,11537,1,0
26,334,11774,1,0
26,335,10585,1,0
26,336,86214,1,0
26,337,12402,1,0
26,338,12119,1,0
26,339,9689,1,0
26,340,10886,1,0
26,341,64135,1,0
26,342,12019,1,0
26,343,11572,1,0
26,344,12235,1,0
26,345,10856,1,0
26,346,45572,1,0
26,347,12901,1,0
26,348,12371,1,0
26,349,19233,1,0
26,350,149252,1,0
26,351,17714,1,0
26,352,121302,1,0
26,353,12028,1,0
26,354,10119,1,0
26,355,10137,1,0
26,356,24596,1,0
26,357,11639,1,0
26,358,10171,1,0
26,359,10402,1,0
26,360,10531,1,0
26,361,8962,1,0
26,362,9234,1,0
26,363,10624,1,0
26,364,11541,1,0
26,365,10908,1,0
26,366,11859,1,0
26,367,10489,1,0
26,368,9848,1,0
26,369,11775,1,0
26,370,13037,1,0
26,371,11032,1,0
26,372,9757,1,0
26,373,11130,1,0
26,374,9973,1,0
26,375,11467,1,0
26,376,11176,1,0
26,377,110109,1,0
26,378,12180,1,0
26,379,12474,1,0
26,380,12307,1,0
26,381,10037,1,0
26,382,9930,1,0
26,383,10340,1,0
26,384,11824,1,0
26,385,11762,1,0
26,386,10483,1,0
26,387,22656,1,0
26,388,9671,1,0
26,389,11370,1,0
26,390,9848,1,0
26,391,10133,1,0
26,392,11959,1,0
26,393,124004,1,0
26,394,11605,1,0
26,395,10156,1,0
26,396,9681,1,0
26,397,11530,1,0
26,398,47732,1,0
26,399,11948,1,0
26,400,12142,1,0
26,401,11656,1,0
26,402,11173,1,0
26,403,73779,1,0
26,404,11349,1,0
26,405,9480,1,0
26,406,11289,1,0
26,407,12844,1,0
26,408,31672,1,0
26,409,11426,1,0
26,410,10882,1,0
26,411,9952,1,0
26,412,12592,1,0
26,413,52494,1,0
26,414,9760,1,0
26,415,11166,1,0
26,416,10941,1,0
26,417,10733,1,0
26,418,41884,1,0
26,419,11443,1,0
26,420,9597,1,0
26,421,12166,1,0
26,422,22362,1,0
26,423,45784,1,0
26,424,11093,1,0
26,425,9951,1,0
26,426,11480,1,0
26,427,10537,1,0
26,428,26609,1,0
26,429,17756,1,0
26,430,11633,1,0
26,431,9917,1,0
26,432,10284,1,0
26,433,15248,1,0
26,434,244862,1,0
26,435,270443,1,0
26,436,65543,1,0
26,437,12720,1,0
26,438,11792,1,0
26,439,52715,1,0
26,440,11618,1,0
26,441,9998,1,0
26,442,10710,1,0
26,443,11183,1,0
26,444,66200,1,0
26,445,9848,1,0
26,446,10474,1,0
26,447,11373,1,0
26,448,10636,1,0
26,449,56331,1,0
26,450,11029,1,0
26,451,12838,1,0
26,452,10169,1,0
26,453,12015,1,0
26,454,16789,1,0
26,455,9989,1,0
26,456,12129,1,0
26,457,13101,1,0
26,458,11560,1,0
26,459,122680,1,0
26,460,67221,1,0
26,461,11028,1,0
26,462,10700,1,0
26,463,12162,1,0
26,464,11437,1,0
26,465,28026,1,0
26,466,11070,1,0
26,467,10793,1,0
26,468,11981,1,0
26,469,11507,1,0
26,470,58383,1,0
26,471,268432,1,0
26,472,70635,1,0
26,473,12544,1,0
26,474,11560,1,0
26,475,9764,1,0
26,476,36640,1,0
26,477,11758,1,0
26,478,11048,1,0
26,479,10622,1,0
26,480,10820,1,0
26,481,35592,1,0
26,482,10319,1,0
26,483,13254,1,0
26,484,12460,1,0
26,485,12483,1,0
26,486,56859,1,0
26,487,11812,1,0
26,488,12345,1,0
26,489,16893,1,0
26,490,10006,1,0
26,491,38008,1,0
26,492,13320,1,0
26,493,10565,1,0
26,494,9313,1,0
26,495,10328,1,0
26,496,21982,1,0
26,497,10015,1,0
26,498,11529,1,0
26,499,12264,1,0
26,500,10121,1,0
26,501,170538,1,0
26,502,25742,1,0
26,503,12091,1,0
26,504,11348,1,0
26,505,11945,1,0
26,506,20444,1,0
26,507,10487,1,0
26,508,9886,1,0
26,509,14874,1,0
26,510,10481,1,0
26,511,51031,1,0
26,512,58872,1,0
26,513,10886,1,0
26,514,11308,1,0
26,515,15814,1,0
26,516,12130,1,0
26,517,70896,1,0
26,518,11194,1,0
26,519,11592,1,0
26,520,13335,1,0
26,521,11834,1,0
26,522,68524,1,0
26,523,10477,1,0
26,524,9768,1,0
26,525,10414,1,0
26,526,12084,1,0
26,527,18665,1,0
26,528,9924,1,0
26,529,8423,1,0
26,530,12845,1,0
26,531,10410,1,0
26,532,11052,1,0
26,533,12613,1,0
26,534,10981,1,0
26,535,10331,1,0
26,536,15371,1,0
26,537,125528,1,0
26,538,56552,1,0
26,539,15635,1,0
26,540,11397,1,0
26,541,13600,1,0
26,542,42087,1,0
26,543,11943,1,0
26,544,11278,1,0
26,545,10562,1,0
26,546,15811,1,0
26,547,39552,1,0
26,548,10222,1,0
26,549,10538,1,0
26,550,10994,1,0
26,551,14490,1,0
26,552,10270,1,0
26,553,11167,1,0
26,554,9907,1,0
26,555,10351,1,0
26,556,10761,1,0
26,557,91933,1,0
26,558,10561,1,0
26,559,9707,1,0
26,560,12154,1,0
26,561,11356,1,0
26,562,13455,1,0
26,563,10447,1,0
26,564,10308,1,0
26,565,9967,1,0
26,566,11055,1,0
26,567,55964,1,0
26,568,11501,1,0
26,569,11017,1,0
26,570,10183,1,0
26,571,10285,1,0
26,572,36106,1,0
26,573,11101,1,0
26,574,11314,1,0
26,575,10403,1,0
26,576,11926,1,0
26,577,9578,1,0
26,578,11800,1,0
26,579,9318,1,0
26,580,10354,1,0
26,581,10305,1,0
26,582,48357,1,0
26,583,12205,1,0
26,584,11202,1,0
26,585,10411,1,0
26,586,12355,1,0
26,587,49521,1,0
26,588,114691,1,0
26,589,11095,1,0
26,590,10543,1,0
26,591,11021,1,0
26,592,42807,1,0
26,593,158991,1,0
26,594,11342,1,0
26,595,10233,1,0
26,596,11110,1,0
26,597,19093,1,0
26,598,12072,1,0
26,599,9729,1,0
27,0,76558,1,0
27,1,65749,1,0
27,2,18494,1,0
27,3,23267,1,0
27,4,13476,1,0
27,5,50431,1,0
27,6,11040,1,0
27,7,40752,1,0
27,8,13130,1,0
27,9,18859,1,0
27,10,13487,1,0
27,11,12769,1,0
27,12,21876,1,0
27,13,12418,1,0
27,14,10601,1,0
27,15,14909,1,0
27,16,12718,1,0
27,17,25480,1,0
27,18,25507,1,0
27,19,13829,1,0
27,20,13049,1,0
27,21,13389,1,0
27,22,10699,1,0
27,23,11850,1,0
27,24,14365,1,0
27,25,12486,1,0
27,26,31553,1,0
27,27,48472,1,0
27,28,12876,1,0
27,29,13422,1,0
27,30,26383,1,0
27,31,12164,1,0
27,32,12487,1,0
27,33,10620,1,0
27,34,11072,1,0
27,35,165522,1,0
27,36,48499,1,0
27,37,49931,1,0
27,38,11633,1,0
27,39,12872,1,0
27,40,130087,1,0
27,41,13579,1,0
27,42,13031,1,0
27,43,13027,1,0
27,44,12812,1,0
27,45,222895,1,0
27,46,238131,1,0
27,47,164444,1,0
27,48,61901,1,0
27,49,11062,1,0
27,50,12903,1,0
27,51,11973,1,0
27,52,12092,1,0
27,53,13110,1,0
27,54,13252,1,0
27,55,15659,1,0
27,56,120047,1,0
27,57,237613,1,0
27,58,277426,1,0
27,59,191278,1,0
27,60,46726,1,0
27,61,10182,1,0
27,62,92911,1,0
27,63,12816,1,0
27,64,16743,1,0
27,65,289728,1,0
27,66,606996,1,0
27,67,943752,1,0
27,68,918206,1,0
27,69,843487,1,0
27,70,792279,1,0
27,71,716309,1,0
27,72,746146,1,0
27,73,691593,1,0
27,74,617585,1,0
27,75,503389,1,0
27,76,468711,1,0
27,77,848956,1,0
27,78,888611,1,0
27,79,713223,1,0
27,80,539812,1,0
27,81,343893,1,0
27,82,153452,1,0
27,83,307698,1,0
27,84,231108,1,0
27,85,44874,1,0
27,86,12085,1,0
27,87,38397,1,0
27,88,70676,1,0
27,89,36103,1,0
27,90,12831,1,0
27,91,14928,1,0
27,92,15240,1,0
27,93,118932,1,0
27,94,281147,1,0
27,95,130462,1,0
27,96,12836,1,0
27,97,11621,1,0
27,98,12735,1,0
27,99,45365,1,0
27,100,13322,1,0
27,101,14346,1,0
27,102,12615,1,0
27,103,13743,1,0
27,104,54183,1,0
27,105,13334,1,0
27,106,10753,1,0
27,107,12656,1,0
27,108,12796,1,0
27,109,89898,1,0
27,110,10841,1,0
27,111,12541,1,0
27,112,552129,1,0
27,113,581001,1,0
27,114,525728,1,0
27,115,429444,1,0
27,116,342395,1,0
27,117,517067,1,0
27,118,403468,1,0
27,119,242711,1,0
27,120,66493,1,0
27,121,10518,1,0
27,122,133377,1,0
27,123,11705,1,0
27,124,13305,1,0
27,125,13822,1,0
27,126,12579,1,0
27,127,45659,1,0
27,128,9913,1,0
27,129,12576,1,0
27,130,12846,1,0
27,131,12799,1,0
27,132,10739,1,0
27,133,11949,1,0
27,134,17999,1,0
27,135,10765,1,0
27,136,12586,1,0
27,137,9986,1,0
27,138,73332,1,0
27,139,10693,1,0
27,140,10789,1,0
27,141,9983,1,0
27,142,12233,1,0
27,143,20503,1,0
27,144,216849,1,0
27,145,37345,1,0
27,146,11849,1,0
27,147,13567,1,0
27,148,18431,1,0
27,149,43545,1,0
27,150,11858,1,0
27,151,10398,1,0
27,152,12423,1,0
27,153,9951,1,0
27,154,44634,1,0
27,155,10684,1,0
27,156,12444,1,0
27,157,13961,1,0
27,158,13303,1,0
27,159,36865,1,0
27,160,12317,1,0
27,161,12846,1,0
27,162,12255,1,0
27,163,10692,1,0
27,164,17720,1,0
27,165,9165,1,0
27,166,9352,1,0
27,167,12476,1,0
27,168,12933,1,0
27,169,20155,1,0
27,170,10870,1,0
27,171,10291,1,0
27,172,10941,1,0
27,173,9192,1,0
27,174,9891,1,0
27,175,29765,1,0
27,176,10910,1,0
27,177,10984,1,0
27,178,10026,1,0
27,179,9899,1,0
27,180,58302,1,0
27,181,11822,1,0
27,182,10619,1,0
27,183,9835,1,0
27,184,10572,1,0
27,185,27971,1,0
27,186,10037,1,0
27,187,12349,1,0
27,188,9811,1,0
27,189,14084,1,0
27,190,11086,1,0
27,191,11576,1,0
27,192,13372,1,0
27,193,9406,1,0
27,194,9471,1,0
27,195,12210,1,0
27,196,10650,1,0
27,197,10620,1,0
27,198,12490,1,0
27,199,10185,1,0
27,200,9886,1,0
27,201,11723,1,0
27,202,12950,1,0
27,203,10339,1,0
27,204,9826,1,0
27,205,12439,1,0
27,206,12340,1,0
27,207,11762,1,0
27,208,12613,1,0
27,209,12430,1,0
27,210,24424,1,0
27,211,10684,1,0
27,212,11739,1,0
27,213,13591,1,0
27,214,12544,1,0
27,215,23682,1,0
27,216,11678,1,0
27,217,22094,1,0
27,218,9470,1,0
27,219,10874,1,0
27,220,25582,1,0
27,221,11914,1,0
27,222,10505,1,0
27,223,13101,1,0
27,224,12052,1,0
27,225,101450,1,0
27,226,252505,1,0
27,227,236767,1,0
27,228,123540,1,0
27,229,11600,1,0
27,230,12218,1,0
27,231,11646,1,0
27,232,9505,1,0
27,233,11991,1,0
27,234,15383,1,0
27,235,12572,1,0
27,236,142679,1,0
27,237,164908,1,0
27,238,11783,1,0
27,239,10443,1,0
27,240,9770,1,0
27,241,10668,1,0
27,242,9547,1,0
27,243,9879,1,0
27,244,8863,1,0
27,245,11890,1,0
27,246,9710,1,0
27,247,63963,1,0
27,248,9985,1,0
27,249,13276,1,0
27,250,10476,1,0
27,251,10748,1,0
27,252,53857,1,0
27,253,12220,1,0
27,254,12629,1,0
27,255,9712,1,0
27,256,13470,1,0
27,257,62646,1,0
27,258,11131,1,0
27,259,11701,1,0
27,260,11793,1,0
27,261,11944,1,0
27,262,237755,1,0
27,263,238680,1,0
27,264,18438,1,0
27,265,11601,1,0
27,266,10655,1,0
27,267,26832,1,0
27,268,11509,1,0
27,269,11557,1,0
27,270,9902,1,0
27,271,9185,1,0
27,272,34614,1,0
27,273,9747,1,0
27,274,12677,1,0
27,275,11804,1,0
27,276,9888,1,0
27,277,59447,1,0
27,278,10547,1,0
27,279,10917,1,0
27,280,12511,1,0
27,281,13035,1,0
27,282,30553,1,0
27,283,11820,1,0
27,284,9488,1,0
27,285,11893,1,0
27,286,10097,1,0
27,287,116384,1,0
27,288,9254,1,0
27,289,11828,1,0
27,290,12234,1,0
27,291,13826,1,0
27,292,76392,1,0
27,293,69787,1,0
27,294,10707,1,0
27,295,10943,1,0
27,296,11879,1,0
27,297,61925,1,0
27,298,10470,1,0
27,299,10442,1,0
27,300,12663,1,0
27,301,12007,1,0
27,302,27197,1,0
27,303,14462,1,0
27,304,12769,1,0
27,305,13567,1,0
27,306,81542,1,0
27,307,266703,1,0
27,308,616650,1,0
27,309,606669,1,0
27,310,1049767,1,0
27,311,781261,1,0
27,312,639706,1,0
27,313,560125,1,0
27,314,414342,1,0
27,315,329453,1,0
27,316,183829,1,0
27,317,336081,1,0
27,318,169373,1,0
27,319,9856,1,0
27,320,11939,1,0
27,321,12032,1,0
27,322,12160,1,0
27,323,9457,1,0
27,324,10705,1,0
27,325,112195,1,0
27,326,9382,1,0
27,327,14306,1,0
27,328,15837,1,0
27,329,159224,1,0
27,330,13629,1,0
27,331,13599,1,0
27,332,39134,1,0
27,333,9946,1,0
27,334,10861,1,0
27,335,12173,1,0
27,336,83018,1,0
27,337,9409,1,0
27,338,11487,1,0
27,339,11333,1,0
27,340,10585,1,0
27,341,59573,1,0
27,342,12116,1,0
27,343,11424,1,0
27,344,11780,1,0
27,345,12419,1,0
27,346,42671,1,0
27,347,12623,1,0
27,348,14610,1,0
27,349,19255,1,0
27,350,147707,1,0
27,351,24696,1,0
27,352,120554,1,0
27,353,11574,1,0
27,354,10699,1,0
27,355,8831,1,0
27,356,21744,1,0
27,357,11765,1,0
27,358,9548,1,0
27,359,9366,1,0
27,360,11949,1,0
27,361,10095,1,0
27,362,10285,1,0
27,363,11076,1,0
27,364,11214,1,0
27,365,10352,1,0
27,366,9709,1,0
27,367,11246,1,0
27,368,10449,1,0
27,369,9022,1,0
27,370,10490,1,0
27,371,9789,1,0
27,372,10018,1,0
27,373,9562,1,0
27,374,13322,1,0
27,375,12335,1,0
27,376,9312,1,0
27,377,113537,1,0
27,378,10892,1,0
27,379,13085,1,0
27,380,13432,1,0
27,381,9849,1,0
27,382,10072,1,0
27,383,11761,1,0
27,384,9305,1,0
27,385,11726,1,0
27,386,10835,1,0
27,387,27382,1,0
27,388,11323,1,0
27,389,9569,1,0
27,390,10249,1,0
27,391,10047,1,0
27,392,12095,1,0
27,393,119857,1,0
27,394,10124,1,0
27,395,9342,1,0
27,396,12090,1,0
27,397,12509,1,0
27,398,44577,1,0
27,399,9775,1,0
27,400,11678,1,0
27,401,10665,1,0
27,402,11125,1,0
27,403,70133,1,0
27,404,9714,1,0
27,405,9764,1,0
27,406,12472,1,0
27,407,12264,1,0
27,408,44310,1,0
27,409,12228,1,0
27,410,10168,1,0
27,411,10917,1,0
27,412,9086,1,0
27,413,48703,1,0
27,414,11361,1,0
27,415,11038,1,0
27,416,13145,1,0
27,417,13345,1,0
27,418,37175,1,0
27,419,10590,1,0
27,420,10539,1,0
27,421,12121,1,0
27,422,18346,1,0
27,423,56167,1,0
27,424,9514,1,0
27,425,10378,1,0
27,426,11753,1,0
27,427,11248,1,0
27,428,37018,1,0
27,429,20282,1,0
27,430,10646,1,0
27,431,8945,1,0
27,432,11752,1,0
27,433,12579,1,0
27,434,241886,1,0
27,435,267714,1,0
27,436,61353,1,0
27,437,11500,1,0
27,438,12066,1,0
27,439,50012,1,0
27,440,11773,1,0
27,441,10144,1,0
27,442,13565,1,0
27,443,9645,1,0
27,444,61902,1,0
27,445,11894,1,0
27,446,9912,1,0
27,447,13621,1,0
27,448,11494,1,0
27,449,66256,1,0
27,450,10290,1,0
27,451,10051,1,0
27,452,10447,1,0
27,453,13022,1,0
27,454,13432,1,0
27,455,9817,1,0
27,456,12456,1,0
27,457,10027,1,0
27,458,10112,1,0
27,459,118450,1,0
27,460,62918,1,0
27,461,13325,1,0
27,462,13801,1,0
27,463,9613,1,0
27,464,19649,1,0
27,465,23840,1,0
27,466,12402,1,0
27,467,11793,1,0
27,468,9770,1,0
27,469,9327,1,0
27,470,69144,1,0
27,471,281656,1,0
27,472,66978,1,0
27,473,10728,1,0
27,474,10689,1,0
27,475,10604,1,0
27,476,34046,1,0
27,477,13573,1,0
27,478,10737,1,0
27,479,10798,1,0
27,480,9756,1,0
27,481,45840,1,0
27,482,9968,1,0
27,483,10138,1,0
27,484,10444,1,0
27,485,10399,1,0
27,486,53734,1,0
27,487,12478,1,0
27,488,14109,1,0
27,489,16909,1,0
27,490,10608,1,0
27,491,50909,1,0
27,492,10789,1,0
27,493,10214,1,0
27,494,10399,1,0
27,495,9594,1,0
27,496,17327,1,0
27,497,9906,1,0
27,498,9520,1,0
27,499,10782,1,0
27,500,12668,1,0
27,501,166385,1,0
27,502,22575,1,0
27,503,12152,1,0
27,504,10475,1,0
27,505,9502,1,0
27,506,16245,1,0
27,507,11553,1,0
27,508,10568,1,0
27,509,12976,1,0
27,510,12471,1,0
27,511,61874,1,0
27,512,56577,1,0
27,513,12197,1,0
27,514,13247,1,0
27,515,13935,1,0
27,516,10161,1,0
27,517,66355,1,0
27,518,11579,1,0
27,519,10100,1,0
27,520,12855,1,0
27,521,11902,1,0
27,522,66207,1,0
27,523,9935,1,0
27,524,9302,1,0
27,525,11783,1,0
27,526,9712,1,0
27,527,14171,1,0
27,528,10117,1,0
27,529,10299,1,0
27,530,12999,1,0
27,531,11525,1,0
27,532,13786,1,0
27,533,11444,1,0
27,534,12611,1,0
27,535,12254,1,0
27,536,12109,1,0
27,537,121959,1,0
27,538,53191,1,0
27,539,12520,1,0
27,540,11778,1,0
27,541,13438,1,0
27,542,38086,1,0
27,543,12299,1,0
27,544,12870,1,0
27,545,9884,1,0
27,546,12689,1,0
27,547,34537,1,0
27,548,11636,1,0
27,549,13456,1,0
27,550,12152,1,0
27,551,15391,1,0
27,552,12267,1,0
27,553,11791,1,0
27,554,10018,1,0
27,555,12005,1,0
27,556,10306,1,0
27,557,89601,1,0
27,558,13594,1,0
27,559,10264,1,0
27,560,10670,1,0
27,561,9611,1,0
27,562,24781,1,0
27,563,10240,1,0
27,564,10939,1,0
27,565,9071,1,0
27,566,9430,1,0
27,567,52833,1,0
27,568,12830,1,0
27,569,13372,1,0
27,570,10154,1,0
27,571,10024,1,0
27,572,32357,1,0
27,573,9792,1,0
27,574,10145,1,0
27,575,10548,1,0
27,576,10627,1,0
27,577,23042,1,0
27,578,11429,1,0
27,579,9248,1,0
27,580,9969,1,0
27,581,10270,1,0
27,582,61316,1,0
27,583,10812,1,0
27,584,9815,1,0
27,585,9864,1,0
27,586,10171,1,0
27,587,59369,1,0
27,588,109452,1,0
27,589,12421,1,0
27,590,11877,1,0
27,591,9541,1,0
27,592,46204,1,0
27,593,154279,1,0
27,594,10386,1,0
27,595,10069,1,0
27,596,11633,1,0
27,597,23174,1,0
27,598,9671,1,0
27,599,9516,1,0
28,0,76793,1,0
28,1,64765,1,0
28,2,17637,1,0
28,3,21825,1,0
28,4,12392,1,0
28,5,52722,1,0
28,6,15285,1,0
28,7,40388,1,0
28,8,11962,1,0
28,9,21442,1,0
28,10,12456,1,0
28,11,11701,1,0
28,12,20871,1,0
28,13,11678,1,0
28,14,12876,1,0
28,15,14001,1,0
28,16,16729,1,0
28,17,24639,1,0
28,18,28239,1,0
28,19,12308,1,0
28,20,14043,1,0
28,21,14594,1,0
28,22,12727,1,0
28,23,12597,1,0
28,24,11730,1,0
28,25,13388,1,0
28,26,30174,1,0
28,27,46307,1,0
28,28,11396,1,0
28,29,12180,1,0
28,30,24038,1,0
28,31,12675,1,0
28,32,14362,1,0
28,33,13104,1,0
28,34,12481,1,0
28,35,171193,1,0
28,36,47097,1,0
28,37,47741,1,0
28,38,11478,1,0
28,39,13400,1,0
28,40,128192,1,0
28,41,11365,1,0
28,42,10980,1,0
28,43,12267,1,0
28,44,12513,1,0
28,45,222692,1,0
28,46,238190,1,0
28,47,163696,1,0
28,48,61386,1,0
28,49,12851,1,0
28,50,12912,1,0
28,51,12736,1,0
28,52,13538,1,0
28,53,11383,1,0
28,54,11377,1,0
28,55,13017,1,0
28,56,127836,1,0
28,57,236454,1,0
28,58,275858,1,0
28,59,189923,1,0
28,60,45954,1,0
28,61,12512,1,0
28,62,91335,1,0
28,63,12871,1,0
28,64,19059,1,0
28,65,302777,1,0
28,66,606854,1,0
28,67,943585,1,0
28,68,915945,1,0
28,69,844529,1,0
28,70,792742,1,0
28,71,714789,1,0
28,72,765170,1,0
28,73,689190,1,0
28,74,615766,1,0
28,75,503185,1,0
28,76,469996,1,0
28,77,861721,1,0
28,78,885029,1,0
28,79,711968,1,0
28,80,538304,1,0
28,81,340954,1,0
28,82,154368,1,0
28,83,304782,1,0
28,84,230617,1,0
28,85,43405,1,0
28,86,12360,1,0
28,87,38674,1,0
28,88,69034,1,0
28,89,33526,1,0
28,90,12203,1,0
28,91,15138,1,0
28,92,14762,1,0
28,93,120195,1,0
28,94,279185,1,0
28,95,129151,1,0
28,96,12066,1,0
28,97,11994,1,0
28,98,11460,1,0
28,99,43171,1,0
28,100,12732,1,0
28,101,12467,1,0
28,102,11343,1,0
28,103,11960,1,0
28,104,54852,1,0
28,105,15722,1,0
28,106,11530,1,0
28,107,12179,1,0
28,108,11492,1,0
28,109,88582,1,0
28,110,10852,1,0
28,111,14194,1,0
28,112,550949,1,0
28,113,582106,1,0
28,114,522710,1,0
28,115,427512,1,0
28,116,355120,1,0
28,117,515461,1,0
28,118,402533,1,0
28,119,241752,1,0
28,120,65241,1,0
28,121,12429,1,0
28,122,133008,1,0
28,123,10549,1,0
28,124,12091,1,0
28,125,11830,1,0
28,126,11134,1,0
28,127,41523,1,0
28,128,10509,1,0
28,129,8785,1,0
28,130,8885,1,0
28,131,9321,1,0
28,132,21728,1,0
28,133,12072,1,0
28,134,16344,1,0
28,135,12034,1,0
28,136,11630,1,0
28,137,11745,1,0
28,138,70950,1,0
28,139,11999,1,0
28,140,15133,1,0
28,141,12038,1,0
28,142,14039,1,0
28,143,25016,1,0
28,144,213937,1,0
28,145,35326,1,0
28,146,11355,1,0
28,147,13439,1,0
28,148,18248,1,0
28,149,41562,1,0
28,150,11433,1,0
28,151,12113,1,0
28,152,13755,1,0
28,153,10740,1,0
28,154,44154,1,0
28,155,11073,1,0
28,156,11593,1,0
28,157,10690,1,0
28,158,12950,1,0
28,159,35213,1,0
28,160,13747,1,0
28,161,13134,1,0
28,162,13980,1,0
28,163,10550,1,0
28,164,16349,1,0
28,165,10729,1,0
28,166,10856,1,0
28,167,12287,1,0
28,168,12952,1,0
28,169,16509,1,0
28,170,12178,1,0
28,171,11075,1,0
28,172,10424,1,0
28,173,9591,1,0
28,174,10997,1,0
28,175,28584,1,0
28,176,11149,1,0
28,177,11357,1,0
28,178,8866,1,0
28,179,12347,1,0
28,180,56667,1,0
28,181,11549,1,0
28,182,11484,1,0
28,183,11020,1,0
28,184,11360,1,0
28,185,25080,1,0
28,186,10547,1,0
28,187,10851,1,0
28,188,12004,1,0
28,189,14822,1,0
28,190,12708,1,0
28,191,10537,1,0
28,192,11725,1,0
28,193,11629,1,0
28,194,11134,1,0
28,195,11326,1,0
28,196,10821,1,0
28,197,11212,1,0
28,198,9810,1,0
28,199,11675,1,0
28,200,9266,1,0
28,201,12074,1,0
28,202,8668,1,0
28,203,10987,1,0
28,204,11821,1,0
28,205,10860,1,0
28,206,13710,1,0
28,207,14516,1,0
28,208,12451,1,0
28,209,11197,1,0
28,210,23542,1,0
28,211,11624,1,0
28,212,11934,1,0
28,213,12183,1,0
28,214,12832,1,0
28,215,34820,1,0
28,216,10849,1,0
28,217,20670,1,0
28,218,11290,1,0
28,219,10458,1,0
28,220,23168,1,0
28,221,11171,1,0
28,222,12719,1,0
28,223,12355,1,0
28,224,12162,1,0
28,225,100108,1,0
28,226,254839,1,0
28,227,233927,1,0
28,228,121247,1,0
28,229,12280,1,0
28,230,9567,1,0
28,231,9852,1,0
28,232,9015,1,0
28,233,9274,1,0
28,234,13699,1,0
28,235,12360,1,0
28,236,147640,1,0
28,237,162991,1,0
28,238,13329,1,0
28,239,10042,1,0
28,240,10799,1,0
28,241,10238,1,0
28,242,10352,1,0
28,243,10021,1,0
28,244,10145,1,0
28,245,11283,1,0
28,246,11062,1,0
28,247,61933,1,0
28,248,11816,1,0
28,249,13456,1,0
28,250,10548,1,0
28,251,10582,1,0
28,252,51076,1,0
28,253,10578,1,0
28,254,9682,1,0
28,255,8945,1,0
28,256,12875,1,0
28,257,60742,1,0
28,258,11118,1,0
28,259,12677,1,0
28,260,12161,1,0
28,261,11765,1,0
28,262,252468,1,0
28,263,236799,1,0
28,264,15922,1,0
28,265,9319,1,0
28,266,11215,1,0
28,267,41440,1,0
28,268,11790,1,0
28,269,11931,1,0
28,270,11830,1,0
28,271,11920,1,0
28,272,30983,1,0
28,273,11189,1,0
28,274,11354,1,0
28,275,10948,1,0
28,276,10588,1,0
28,277,58043,1,0
28,278,11125,1,0
28,279,10901,1,0
28,280,11708,1,0
28,281,11425,1,0
28,282,27736,1,0
28,283,10293,1,0
28,284,10926,1,0
28,285,12852,1,0
28,286,9110,1,0
28,287,114409,1,0
28,288,10707,1,0
28,289,13356,1,0
28,290,11104,1,0
28,291,13011,1,0
28,292,77662,1,0
28,293,67861,1,0
28,294,11918,1,0
28,295,10848,1,0
28,296,11930,1,0
28,297,74507,1,0
28,298,13012,1,0
28,299,15200,1,0
28,300,11064,1,0
28,301,12214,1,0
28,302,23833,1,0
28,303,12841,1,0
28,304,11748,1,0
28,305,12200,1,0
28,306,85434,1,0
28,307,280979,1,0
28,308,616362,1,0
28,309,608657,1,0
28,310,1046975,1,0
28,311,781301,1,0
28,312,636649,1,0
28,313,557503,1,0
28,314,414541,1,0
28,315,328188,1,0
28,316,181876,1,0
28,317,332164,1,0
28,318,167594,1,0
28,319,9211,1,0
28,320,11268,1,0
28,321,11583,1,0
28,322,13022,1,0
28,323,10809,1,0
28,324,12911,1,0
28,325,110029,1,0
28,326,11734,1,0
28,327,17513,1,0
28,328,13342,1,0
28,329,155457,1,0
28,330,12384,1,0
28,331,12899,1,0
28,332,36701,1,0
28,333,11258,1,0
28,334,12081,1,0
28,335,9785,1,0
28,336,81833,1,0
28,337,12208,1,0
28,338,10869,1,0
28,339,10934,1,0
28,340,11986,1,0
28,341,58307,1,0
28,342,12287,1,0
28,343,10709,1,0
28,344,11364,1,0
28,345,9078,1,0
28,346,43956,1,0
28,347,11785,1,0
28,348,13017,1,0
28,349,20963,1,0
28,350,144984,1,0
28,351,22022,1,0
28,352,120567,1,0
28,353,12221,1,0
28,354,10116,1,0
28,355,11675,1,0
28,356,19567,1,0
28,357,12308,1,0
28,358,9731,1,0
28,359,10963,1,0
28,360,10577,1,0
28,361,11531,1,0
28,362,10781,1,0
28,363,9240,1,0
28,364,10886,1,0
28,365,9660,1,0
28,366,12061,1,0
28,367,11285,1,0
28,368,11337,1,0
28,369,9235,1,0
28,370,11439,1,0
28,371,9483,1,0
28,372,10776,1,0
28,373,10483,1,0
28,374,10280,1,0
28,375,12900,1,0
28,376,13551,1,0
28,377,130198,1,0
28,378,9870,1,0
28,379,13553,1,0
28,380,11407,1,0
28,381,9150,1,0
28,382,19367,1,0
28,383,10092,1,0
28,384,9422,1,0
28,385,10274,1,0
28,386,11122,1,0
28,387,26400,1,0
28,388,10276,1,0
28,389,11142,1,0
28,390,10856,1,0
28,391,10944,1,0
28,392,16807,1,0
28,393,116456,1,0
28,394,12979,1,0
28,395,11644,1,0
28,396,12526,1,0
28,397,9229,1,0
28,398,40598,1,0
28,399,12906,1,0
28,400,11565,1,0
28,401,13252,1,0
28,402,11364,1,0
28,403,66905,1,0
28,404,12691,1,0
28,405,11862,1,0
28,406,10176,1,0
28,407,12603,1,0
28,408,41104,1,0
28,409,12486,1,0
28,410,10918,1,0
28,411,10518,1,0
28,412,11232,1,0
28,413,45774,1,0
28,414,11964,1,0
28,415,13617,1,0
28,416,12433,1,0
28,417,11716,1,0
28,418,34287,1,0
28,419,11124,1,0
28,420,10400,1,0
28,421,12185,1,0
28,422,15656,1,0
28,423,52198,1,0
28,424,11796,1,0
28,425,12376,1,0
28,426,11218,1,0
28,427,11867,1,0
28,428,32991,1,0
28,429,21907,1,0
28,430,8923,1,0
28,431,10550,1,0
28,432,10943,1,0
28,433,25151,1,0
28,434,255595,1,0
28,435,265387,1,0
28,436,58515,1,0
28,437,11413,1,0
28,438,12749,1,0
28,439,48173,1,0
28,440,11733,1,0
28,441,11793,1,0
28,442,10162,1,0
28,443,12481,1,0
28,444,71984,1,0
28,445,10845,1,0
28,446,11934,1,0
28,447,11281,1,0
28,448,9274,1,0
28,449,63935,1,0
28,450,12164,1,0
28,451,13085,1,0
28,452,9506,1,0
28,453,11441,1,0
28,454,10040,1,0
28,455,9320,1,0
28,456,11953,1,0
28,457,11601,1,0
28,458,15116,1,0
28,459,115767,1,0
28,460,61401,1,0
28,461,12212,1,0
28,462,12717,1,0
28,463,11242,1,0
28,464,18235,1,0
28,465,21386,1,0
28,466,12429,1,0
28,467,10703,1,0
28,468,12423,1,0
28,469,11506,1,0
28,470,67700,1,0
28,471,279687,1,0
28,472,64017,1,0
28,473,10583,1,0
28,474,9420,1,0
28,475,10793,1,0
28,476,32903,1,0
28,477,12033,1,0
28,478,11952,1,0
28,479,10790,1,0
28,480,11822,1,0
28,481,43947,1,0
28,482,11097,1,0
28,483,11388,1,0
28,484,11079,1,0
28,485,11130,1,0
28,486,64964,1,0
28,487,11764,1,0
28,488,17045,1,0
28,489,18273,1,0
28,490,9536,1,0
28,491,48983,1,0
28,492,11740,1,0
28,493,11171,1,0
28,494,11466,1,0
28,495,10957,1,0
28,496,12958,1,0
28,497,11277,1,0
28,498,12795,1,0
28,499,11568,1,0
28,500,11162,1,0
28,501,164504,1,0
28,502,20239,1,0
28,503,12406,1,0
28,504,10449,1,0
28,505,11417,1,0
28,506,27352,1,0
28,507,11530,1,0
28,508,11798,1,0
28,509,12930,1,0
28,510,10377,1,0
28,511,61710,1,0
28,512,53182,1,0
28,513,9329,1,0
28,514,10120,1,0
28,515,11911,1,0
28,516,12292,1,0
28,517,64919,1,0
28,518,9132,1,0
28,519,11743,1,0
28,520,12976,1,0
28,521,13839,1,0
28,522,64147,1,0
28,523,9551,1,0
28,524,10479,1,0
28,525,10649,1,0
28,526,12056,1,0
28,527,13677,1,0
28,528,10238,1,0
28,529,12418,1,0
28,530,11655,1,0
28,531,13567,1,0
28,532,12568,1,0
28,533,13161,1,0
28,534,8978,1,0
28,535,9358,1,0
28,536,12256,1,0
28,537,120888,1,0
28,538,49216,1,0
28,539,11213,1,0
28,540,11804,1,0
28,541,14106,1,0
28,542,50590,1,0
28,543,11579,1,0
28,544,13503,1,0
28,545,11887,1,0
28,546,13063,1,0
28,547,33615,1,0
28,548,11252,1,0
28,549,12029,1,0
28,550,9373,1,0
28,551,13591,1,0
28,552,11981,1,0
28,553,10902,1,0
28,554,9288,1,0
28,555,11598,1,0
28,556,8851,1,0
28,557,107100,1,0
28,558,11837,1,0
28,559,8848,1,0
28,560,11612,1,0
28,561,11605,1,0
28,562,21490,1,0
28,563,10740,1,0
28,564,11795,1,0
28,565,9309,1,0
28,566,10880,1,0
28,567,50831,1,0
28,568,9242,1,0
28,569,15851,1,0
28,570,12987,1,0
28,571,11968,1,0
28,572,30823,1,0
28,573,11883,1,0
28,574,14454,1,0
28,575,12795,1,0
28,576,12866,1,0
28,577,19724,1,0
28,578,11666,1,0
28,579,8769,1,0
28,580,11371,1,0
28,581,11549,1,0
28,582,59575,1,0
28,583,12966,1,0
28,584,12309,1,0
28,585,11535,1,0
28,586,11534,1,0
28,587,57089,1,0
28,588,106314,1,0
28,589,12376,1,0
28,590,10983,1,0
28,591,10417,1,0
28,592,45382,1,0
28,593,152223,1,0
28,594,11858,1,0
28,595,11143,1,0
28,596,10896,1,0
28,597,22132,1,0
28,598,12033,1,0
28,599,11511,1,0
29,0,77498,1,0
29,1,62756,1,0
29,2,15720,1,0
29,3,19797,1,0
29,4,10563,1,0
29,5,53806,1,0
29,6,15052,1,0
29,7,39758,1,0
29,8,11390,1,0
29,9,21653,1,0
29,10,12771,1,0
29,11,11792,1,0
29,12,20294,1,0
29,13,10906,1,0
29,14,11377,1,0
29,15,13018,1,0
29,16,16355,1,0
29,17,22677,1,0
29,18,27541,1,0
29,19,11085,1,0
29,20,14660,1,0
29,21,13676,1,0
29,22,11656,1,0
29,23,11774,1,0
29,24,12928,1,0
29,25,13675,1,0
29,26,31176,1,0
29,27,44070,1,0
29,28,12947,1,0
29,29,11089,1,0
29,30,22361,1,0
29,31,11183,1,0
29,32,13295,1,0
29,33,13078,1,0
29,34,12177,1,0
29,35,172736,1,0
29,36,46781,1,0
29,37,46626,1,0
29,38,11086,1,0
29,39,11189,1,0
29,40,126581,1,0
29,41,11129,1,0
29,42,12492,1,0
29,43,11435,1,0
29,44,10791,1,0
29,45,221947,1,0
29,46,237294,1,0
29,47,165302,1,0
29,48,62105,1,0
29,49,12976,1,0
29,50,12132,1,0
29,51,11919,1,0
29,52,13115,1,0
29,53,12246,1,0
29,54,11771,1,0
29,55,11772,1,0
29,56,127043,1,0
29,57,235129,1,0
29,58,273007,1,0
29,59,188254,1,0
29,60,45002,1,0
29,61,11836,1,0
29,62,90538,1,0
29,63,12943,1,0
29,64,18436,1,0
29,65,322611,1,0
29,66,607369,1,0
29,67,944095,1,0
29,68,915826,1,0
29,69,843169,1,0
29,70,792198,1,0
29,71,713523,1,0
29,72,763458,1,0
29,73,687429,1,0
29,74,614441,1,0
29,75,505948,1,0
29,76,469145,1,0
29,77,862792,1,0
29,78,882732,1,0
29,79,709621,1,0
29,80,535622,1,0
29,81,338900,1,0
29,82,169471,1,0
29,83,302391,1,0
29,84,229562,1,0
29,85,42677,1,0
29,86,11130,1,0
29,87,39550,1,0
29,88,67386,1,0
29,89,32503,1,0
29,90,9735,1,0
29,91,14466,1,0
29,92,15607,1,0
29,93,141248,1,0
29,94,275884,1,0
29,95,128728,1,0
29,96,12748,1,0
29,97,11895,1,0
29,98,26384,1,0
29,99,41619,1,0
29,100,11501,1,0
29,101,12327,1,0
29,102,11684,1,0
29,103,10890,1,0
29,104,53673,1,0
29,105,15248,1,0
29,106,12035,1,0
29,107,11592,1,0
29,108,10855,1,0
29,109,99614,1,0
29,110,11427,1,0
29,111,12609,1,0
29,112,557949,1,0
29,113,582280,1,0
29,114,519930,1,0
29,115,425016,1,0
29,116,352141,1,0
29,117,513090,1,0
29,118,401717,1,0
29,119,240564,1,0
29,120,64130,1,0
29,121,11509,1,0
29,122,136190,1,0
29,123,11281,1,0
29,124,12929,1,0
29,125,10546,1,0
29,126,10599,1,0
29,127,39930,1,0
29,128,10859,1,0
29,129,11080,1,0
29,130,14138,1,0
29,131,10722,1,0
29,132,22946,1,0
29,133,10493,1,0
29,134,15214,1,0
29,135,11781,1,0
29,136,10293,1,0
29,137,10597,1,0
29,138,68901,1,0
29,139,11997,1,0
29,140,14676,1,0
29,141,12606,1,0
29,142,14422,1,0
29,143,23122,1,0
29,144,214285,1,0
29,145,32569,1,0
29,146,9633,1,0
29,147,12770,1,0
29,148,17184,1,0
29,149,55809,1,0
29,150,11869,1,0
29,151,11276,1,0
29,152,12205,1,0
29,153,10500,1,0
29,154,42164,1,0
29,155,10721,1,0
29,156,10750,1,0
29,157,11197,1,0
29,158,13200,1,0
29,159,32648,1,0
29,160,11327,1,0
29,161,11429,1,0
29,162,11976,1,0
29,163,12963,1,0
29,164,30695,1,0
29,165,11158,1,0
29,166,12165,1,0
29,167,12724,1,0
29,168,11560,1,0
29,169,29222,1,0
29,170,11716,1,0
29,171,10277,1,0
29,172,11764,1,0
29,173,10686,1,0
29,174,11502,1,0
29,175,27165,1,0
29,176,11946,1,0
29,177,12406,1,0
29,178,11630,1,0
29,179,9425,1,0
29,180,52495,1,0
29,181,10728,1,0
29,182,10622,1,0
29,183,10157,1,0
29,184,10131,1,0
29,185,22245,1,0
29,186,10697,1,0
29,187,11668,1,0
29,188,10235,1,0
29,189,18182,1,0
29,190,12685,1,0
29,191,10087,1,0
29,192,12030,1,0
29,193,9213,1,0
29,194,9521,1,0
29,195,11344,1,0
29,196,11514,1,0
29,197,10967,1,0
29,198,11794,1,0
29,199,11180,1,0
29,200,11434,1,0
29,201,12335,1,0
29,202,9702,1,0
29,203,12304,1,0
29,204,11050,1,0
29,205,11074,1,0
29,206,10453,1,0
29,207,21801,1,0
29,208,10481,1,0
29,209,10336,1,0
29,210,19983,1,0
29,211,10474,1,0
29,212,12793,1,0
29,213,11623,1,0
29,214,12457,1,0
29,215,31508,1,0
29,216,12212,1,0
29,217,20797,1,0
29,218,12596,1,0
29,219,10748,1,0
29,220,20763,1,0
29,221,11590,1,0
29,222,12308,1,0
29,223,12106,1,0
29,224,12894,1,0
29,225,112541,1,0
29,226,257106,1,0
29,227,233073,1,0
29,228,120809,1,0
29,229,11456,1,0
29,230,11109,1,0
29,231,11925,1,0
29,232,10294,1,0
29,233,12452,1,0
29,234,10510,1,0
29,235,10919,1,0
29,236,147445,1,0
29,237,160060,1,0
29,238,11248,1,0
29,239,11302,1,0
29,240,10798,1,0
29,241,10313,1,0
29,242,10910,1,0
29,243,11873,1,0
29,244,10315,1,0
29,245,12972,1,0
29,246,10593,1,0
29,247,60329,1,0
29,248,8547,1,0
29,249,11481,1,0
29,250,10697,1,0
29,251,11738,1,0
29,252,62845,1,0
29,253,10725,1,0
29,254,13978,1,0
29,255,11758,1,0
29,256,10584,1,0
29,257,59436,1,0
29,258,11436,1,0
29,259,11065,1,0
29,260,12514,1,0
29,261,10238,1,0
29,262,251808,1,0
29,263,233831,1,0
29,264,13968,1,0
29,265,11806,1,0
29,266,10885,1,0
29,267,39812,1,0
29,268,11418,1,0
29,269,11458,1,0
29,270,10545,1,0
29,271,9213,1,0
29,272,28515,1,0
29,273,11638,1,0
29,274,11104,1,0
29,275,12302,1,0
29,276,12314,1,0
29,277,57027,1,0
29,278,11207,1,0
29,279,11768,1,0
29,280,10863,1,0
29,281,13968,1,0
29,282,24650,1,0
29,283,11338,1,0
29,284,11134,1,0
29,285,12391,1,0
29,286,12712,1,0
29,287,111191,1,0
29,288,11247,1,0
29,289,12003,1,0
29,290,11098,1,0
29,291,11978,1,0
29,292,79232,1,0
29,293,66203,1,0
29,294,11407,1,0
29,295,10950,1,0
29,296,11932,1,0
29,297,74486,1,0
29,298,11121,1,0
29,299,15074,1,0
29,300,9894,1,0
29,301,11113,1,0
29,302,20480,1,0
29,303,11657,1,0
29,304,11564,1,0
29,305,12440,1,0
29,306,88678,1,0
29,307,279852,1,0
29,308,618900,1,0
29,309,609201,1,0
29,310,1043934,1,0
29,311,779773,1,0
29,312,632666,1,0
29,313,572983,1,0
29,314,413978,1,0
29,315,327134,1,0
29,316,182480,1,0
29,317,330200,1,0
29,318,164214,1,0
29,319,10784,1,0
29,320,10163,1,0
29,321,18920,1,0
29,322,11112,1,0
29,323,11397,1,0
29,324,16252,1,0
29,325,121540,1,0
29,326,9640,1,0
29,327,17034,1,0
29,328,12087,1,0
29,329,151591,1,0
29,330,11471,1,0
29,331,12088,1,0
29,332,34967,1,0
29,333,10319,1,0
29,334,11697,1,0
29,335,12965,1,0
29,336,82041,1,0
29,337,15216,1,0
29,338,14206,1,0
29,339,13099,1,0
29,340,12312,1,0
29,341,57326,1,0
29,342,11912,1,0
29,343,10633,1,0
29,344,11697,1,0
29,345,11943,1,0
29,346,40419,1,0
29,347,16361,1,0
29,348,11191,1,0
29,349,22977,1,0
29,350,143264,1,0
29,351,22606,1,0
29,352,118822,1,0
29,353,10304,1,0
29,354,10340,1,0
29,355,9685,1,0
29,356,32784,1,0
29,357,13997,1,0
29,358,11485,1,0
29,359,9695,1,0
29,360,10179,1,0
29,361,10030,1,0
29,362,10285,1,0
29,363,10847,1,0
29,364,12494,1,0
29,365,9722,1,0
29,366,10550,1,0
29,367,12490,1,0
29,368,12397,1,0
29,369,12329,1,0
29,370,12211,1,0
29,371,10635,1,0
29,372,8424,1,0
29,373,10967,1,0
29,374,9776,1,0
29,375,11010,1,0
29,376,11846,1,0
29,377,127715,1,0
29,378,9443,1,0
29,379,10853,1,0
29,380,11294,1,0
29,381,10318,1,0
29,382,15559,1,0
29,383,10572,1,0
29,384,10830,1,0
29,385,10476,1,0
29,386,8066,1,0
29,387,26865,1,0
29,388,9700,1,0
29,389,10337,1,0
29,390,12588,1,0
29,391,11729,1,0
29,392,21028,1,0
29,393,114437,1,0
29,394,10581,1,0
29,395,9736,1,0
29,396,10551,1,0
29,397,11917,1,0
29,398,37707,1,0
29,399,12126,1,0
29,400,10100,1,0
29,401,12851,1,0
29,402,11972,1,0
29,403,63905,1,0
29,404,11601,1,0
29,405,10125,1,0
29,406,12217,1,0
29,407,11332,1,0
29,408,39739,1,0
29,409,12571,1,0
29,410,11637,1,0
29,411,10824,1,0
29,412,10405,1,0
29,413,58878,1,0
29,414,10721,1,0
29,415,14219,1,0
29,416,11702,1,0
29,417,11803,1,0
29,418,30973,1,0
29,419,9972,1,0
29,420,11196,1,0
29,421,10959,1,0
29,422,13209,1,0
29,423,50153,1,0
29,424,11585,1,0
29,425,8595,1,0
29,426,10828,1,0
29,427,10738,1,0
29,428,30185,1,0
29,429,21105,1,0
29,430,10630,1,0
29,431,10982,1,0
29,432,10923,1,0
29,433,23436,1,0
29,434,255054,1,0
29,435,263244,1,0
29,436,56459,1,0
29,437,12069,1,0
29,438,11074,1,0
29,439,47188,1,0
29,440,9949,1,0
29,441,10913,1,0
29,442,11704,1,0
29,443,10715,1,0
29,444,68061,1,0
29,445,13627,1,0
29,446,9664,1,0
29,447,11330,1,0
29,448,10553,1,0
29,449,60092,1,0
29,450,9912,1,0
29,451,10894,1,0
29,452,10657,1,0
29,453,10534,1,0
29,454,10842,1,0
29,455,10832,1,0
29,456,11860,1,0
29,457,11255,1,0
29,458,11695,1,0
29,459,116958,1,0
29,460,61106,1,0
29,461,11738,1,0
29,462,12155,1,0
29,463,11916,1,0
29,464,21649,1,0
29,465,19456,1,0
29,466,11278,1,0
29,467,12039,1,0
29,468,9859,1,0
29,469,10194,1,0
29,470,64702,1,0
29,471,276400,1,0
29,472,60274,1,0
29,473,12189,1,0
29,474,10644,1,0
29,475,12636,1,0
29,476,45521,1,0
29,477,10939,1,0
29,478,11762,1,0
29,479,11197,1,0
29,480,10859,1,0
29,481,40796,1,0
29,482,9578,1,0
29,483,10755,1,0
29,484,11113,1,0
29,485,12131,1,0
29,486,63465,1,0
29,487,10504,1,0
29,488,16538,1,0
29,489,24433,1,0
29,490,10385,1,0
29,491,46115,1,0
29,492,10933,1,0
29,493,9192,1,0
29,494,10560,1,0
29,495,11283,1,0
29,496,11926,1,0
29,497,10360,1,0
29,498,9990,1,0
29,499,10631,1,0
29,500,10906,1,0
29,501,175433,1,0
29,502,15616,1,0
29,503,11813,1,0
29,504,10695,1,0
29,505,10392,1,0
29,506,23276,1,0
29,507,9912,1,0
29,508,11610,1,0
29,509,11217,1,0
29,510,10981,1,0
29,511,60445,1,0
29,512,50769,1,0
29,513,11595,1,0
29,514,11160,1,0
29,515,10048,1,0
29,516,10891,1,0
29,517,63351,1,0
29,518,10515,1,0
29,519,10993,1,0
29,520,12670,1,0
29,521,13341,1,0
29,522,63375,1,0
29,523,13328,1,0
29,524,12583,1,0
29,525,10221,1,0
29,526,10338,1,0
29,527,12481,1,0
29,528,11169,1,0
29,529,9655,1,0
29,530,11594,1,0
29,531,10591,1,0
29,532,12227,1,0
29,533,12795,1,0
29,534,12206,1,0
29,535,12780,1,0
29,536,11805,1,0
29,537,119081,1,0
29,538,48775,1,0
29,539,10904,1,0
29,540,11258,1,0
29,541,16027,1,0
29,542,49873,1,0
29,543,12662,1,0
29,544,11348,1,0
29,545,10514,1,0
29,546,11431,1,0
29,547,46259,1,0
29,548,10098,1,0
29,549,11755,1,0
29,550,10526,1,0
29,551,11102,1,0
29,552,11604,1,0
29,553,12255,1,0
29,554,12396,1,0
29,555,10271,1,0
29,556,10634,1,0
29,557,104683,1,0
29,558,11843,1,0
29,559,9621,1,0
29,560,9657,1,0
29,561,9893,1,0
29,562,17142,1,0
29,563,11137,1,0
29,564,13877,1,0
29,565,11059,1,0
29,566,12066,1,0
29,567,63084,1,0
29,568,12453,1,0
29,569,17381,1,0
29,570,11260,1,0
29,571,10501,1,0
29,572,41956,1,0
29,573,10115,1,0
29,574,13137,1,0
29,575,11378,1,0
29,576,10279,1,0
29,577,15597,1,0
29,578,10606,1,0
29,579,10154,1,0
29,580,11360,1,0
29,581,11715,1,0
29,582,58345,1,0
29,583,12636,1,0
29,584,10084,1,0
29,585,9302,1,0
29,586,11436,1,0
29,587,54604,1,0
29,588,104054,1,0
29,589,14358,1,0
29,590,12230,1,0
29,591,10012,1,0
29,592,43550,1,0
29,593,148445,1,0
29,594,10485,1,0
29,595,10375,1,0
29,596,10594,1,0
29,597,20378,1,0
29,598,10635,1,0
29,599,11534,1,0
30,0,75074,1,0
30,1,59699,1,0
30,2,12733,1,0
30,3,16849,1,0
30,4,10459,1,0
30,5,51769,1,0
30,6,15090,1,0
30,7,38657,1,0
30,8,14274,1,0
30,9,20641,1,0
30,10,11587,1,0
30,11,12721,1,0
30,12,18106,1,0
30,13,11940,1,0
30,14,12625,1,0
30,15,14334,1,0
30,16,14654,1,0
30,17,19764,1,0
30,18,26789,1,0
30,19,13114,1,0
30,20,14037,1,0
30,21,12671,1,0
30,22,14255,1,0
30,23,12541,1,0
30,24,10564,1,0
30,25,12121,1,0
30,26,29571,1,0
30,27,41023,1,0
30,28,11924,1,0
30,29,12634,1,0
30,30,19505,1,0
30,31,12401,1,0
30,32,12784,1,0
30,33,12398,1,0
30,34,10502,1,0
30,35,170303,1,0
30,36,46833,1,0
30,37,41778,1,0
30,38,10774,1,0
30,39,13377,1,0
30,40,124537,1,0
30,41,11772,1,0
30,42,11317,1,0
30,43,10398,1,0
30,44,13411,1,0
30,45,218127,1,0
30,46,233868,1,0
30,47,163541,1,0
30,48,61348,1,0
30,49,10481,1,0
30,50,11125,1,0
30,51,11807,1,0
30,52,10934,1,0
30,53,12617,1,0
30,54,11408,1,0
30,55,10709,1,0
30,56,125043,1,0
30,57,233409,1,0
30,58,269527,1,0
30,59,186073,1,0
30,60,43585,1,0
30,61,10883,1,0
30,62,88334,1,0
30,63,13371,1,0
30,64,14903,1,0
30,65,330205,1,0
30,66,606461,1,0
30,67,941702,1,0
30,68,915735,1,0
30,69,841983,1,0
30,70,790700,1,0
30,71,712963,1,0
30,72,761249,1,0
30,73,684307,1,0
30,74,613054,1,0
30,75,505483,1,0
30,76,469169,1,0
30,77,898097,1,0
30,78,879598,1,0
30,79,705824,1,0
30,80,532369,1,0
30,81,334332,1,0
30,82,165967,1,0
30,83,315279,1,0
30,84,227876,1,0
30,85,41183,1,0
30,86,13782,1,0
30,87,39235,1,0
30,88,78789,1,0
30,89,33010,1,0
30,90,11567,1,0
30,91,15623,1,0
30,92,14695,1,0
30,93,140014,1,0
30,94,273151,1,0
30,95,125715,1,0
30,96,14437,1,0
30,97,13630,1,0
30,98,23674,1,0
30,99,39768,1,0
30,100,12163,1,0
30,101,16834,1,0
30,102,12227,1,0
30,103,12737,1,0
30,104,54408,1,0
30,105,12816,1,0
30,106,12696,1,0
30,107,13390,1,0
30,108,12536,1,0
30,109,96888,1,0
30,110,10823,1,0
30,111,9664,1,0
30,112,555037,1,0
30,113,581412,1,0
30,114,516136,1,0
30,115,421803,1,0
30,116,348754,1,0
30,117,511362,1,0
30,118,400889,1,0
30,119,237426,1,0
30,120,61657,1,0
30,121,13007,1,0
30,122,134532,1,0
30,123,10405,1,0
30,124,10566,1,0
30,125,12509,1,0
30,126,14924,1,0
30,127,34371,1,0
30,128,10422,1,0
30,129,9720,1,0
30,130,13469,1,0
30,131,12421,1,0
30,132,25539,1,0
30,133,13926,1,0
30,134,13754,1,0
30,135,12234,1,0
30,136,12179,1,0
30,137,9993,1,0
30,138,65563,1,0
30,139,10690,1,0
30,140,12390,1,0
30,141,12103,1,0
30,142,12723,1,0
30,143,76175,1,0
30,144,212657,1,0
30,145,28770,1,0
30,146,10191,1,0
30,147,13002,1,0
30,148,16463,1,0
30,149,53321,1,0
30,150,12011,1,0
30,151,11249,1,0
30,152,12450,1,0
30,153,11327,1,0
30,154,52663,1,0
30,155,10940,1,0
30,156,11448,1,0
30,157,11136,1,0
30,158,10508,1,0
30,159,29457,1,0
30,160,11046,1,0
30,161,12408,1,0
30,162,10927,1,0
30,163,11833,1,0
30,164,28025,1,0
30,165,10301,1,0
30,166,11869,1,0
30,167,11914,1,0
30,168,12530,1,0
30,169,26565,1,0
30,170,12200,1,0
30,171,10499,1,0
30,172,9856,1,0
30,173,9912,1,0
30,174,12536,1,0
30,175,30681,1,0
30,176,13468,1,0
30,177,9846,1,0
30,178,9360,1,0
30,179,11732,1,0
30,180,61883,1,0
30,181,10321,1,0
30,182,9731,1,0
30,183,10264,1,0
30,184,9782,1,0
30,185,32971,1,0
30,186,10236,1,0
30,187,12160,1,0
30,188,10925,1,0
30,189,14337,1,0
30,190,12944,1,0
30,191,10332,1,0
30,192,12944,1,0
30,193,10528,1,0
30,194,11143,1,0
30,195,13717,1,0
30,196,12218,1,0
30,197,9973,1,0
30,198,12338,1,0
30,199,10703,1,0
30,200,9688,1,0
30,201,12366,1,0
30,202,10086,1,0
30,203,10763,1,0
30,204,10367,1,0
30,205,10434,1,0
30,206,12698,1,0
30,207,18534,1,0
30,208,13583,1,0
30,209,11459,1,0
30,210,26745,1,0
30,211,11839,1,0
30,212,13116,1,0
30,213,11862,1,0
30,214,13051,1,0
30,215,26923,1,0
30,216,11611,1,0
30,217,20580,1,0
30,218,11743,1,0
30,219,10623,1,0
30,220,31093,1,0
30,221,12159,1,0
30,222,13101,1,0
30,223,10736,1,0
30,224,10596,1,0
30,225,109813,1,0
30,226,257877,1,0
30,227,230754,1,0
30,228,118464,1,0
30,229,12272,1,0
30,230,9505,1,0
30,231,9730,1,0
30,232,15169,1,0
30,233,11712,1,0
30,234,16852,1,0
30,235,12515,1,0
30,236,151279,1,0
30,237,160791,1,0
30,238,10132,1,0
30,239,11317,1,0
30,240,12702,1,0
30,241,10734,1,0
30,242,11324,1,0
30,243,11873,1,0
30,244,11026,1,0
30,245,9823,1,0
30,246,11145,1,0
30,247,57446,1,0
30,248,10020,1,0
30,249,10756,1,0
30,250,9392,1,0
30,251,12088,1,0
30,252,59372,1,0
30,253,11505,1,0
30,254,11646,1,0
30,255,12157,1,0
30,256,12464,1,0
30,257,56162,1,0
30,258,11983,1,0
30,259,10517,1,0
30,260,10977,1,0
30,261,12522,1,0
30,262,249380,1,0
30,263,229778,1,0
30,264,9920,1,0
30,265,12449,1,0
30,266,11866,1,0
30,267,36812,1,0
30,268,11150,1,0
30,269,12128,1,0
30,270,9487,1,0
30,271,11782,1,0
30,272,40089,1,0
30,273,10597,1,0
30,274,12166,1,0
30,275,12145,1,0
30,276,9277,1,0
30,277,64428,1,0
30,278,11299,1,0
30,279,10849,1,0
30,280,9800,1,0
30,281,12611,1,0
30,282,35188,1,0
30,283,13142,1,0
30,284,13076,1,0
30,285,12630,1,0
30,286,12191,1,0
30,287,106415,1,0
30,288,9867,1,0
30,289,12667,1,0
30,290,11825,1,0
30,291,15987,1,0
30,292,127245,1,0
30,293,62026,1,0
30,294,10645,1,0
30,295,11697,1,0
30,296,11349,1,0
30,297,72139,1,0
30,298,12431,1,0
30,299,15232,1,0
30,300,12612,1,0
30,301,10490,1,0
30,302,30021,1,0
30,303,11734,1,0
30,304,14872,1,0
30,305,13899,1,0
30,306,90758,1,0
30,307,280197,1,0
30,308,621912,1,0
30,309,607745,1,0
30,310,1040476,1,0
30,311,780138,1,0
30,312,628149,1,0
30,313,570432,1,0
30,314,414306,1,0
30,315,326139,1,0
30,316,192468,1,0
30,317,326572,1,0
30,318,161813,1,0
30,319,10837,1,0
30,320,12550,1,0
30,321,16101,1,0
30,322,10155,1,0
30,323,14740,1,0
30,324,12755,1,0
30,325,117539,1,0
30,326,12181,1,0
30,327,16917,1,0
30,328,12815,1,0
30,329,146720,1,0
30,330,12231,1,0
30,331,9994,1,0
30,332,33192,1,0
30,333,11675,1,0
30,334,12347,1,0
30,335,12258,1,0
30,336,78453,1,0
30,337,14191,1,0
30,338,11880,1,0
30,339,10556,1,0
30,340,11603,1,0
30,341,53034,1,0
30,342,9862,1,0
30,343,10233,1,0
30,344,10606,1,0
30,345,9632,1,0
30,346,39441,1,0
30,347,15886,1,0
30,348,15652,1,0
30,349,20470,1,0
30,350,138500,1,0
30,351,21126,1,0
30,352,117033,1,0
30,353,15046,1,0
30,354,12491,1,0
30,355,11352,1,0
30,356,29566,1,0
30,357,14485,1,0
30,358,9624,1,0
30,359,10297,1,0
30,360,11305,1,0
30,361,10096,1,0
30,362,10444,1,0
30,363,9706,1,0
30,364,11420,1,0
30,365,10449,1,0
30,366,12801,1,0
30,367,15975,1,0
30,368,12491,1,0
30,369,10088,1,0
30,370,11524,1,0
30,371,9744,1,0
30,372,10135,1,0
30,373,10377,1,0
30,374,10233,1,0
30,375,12361,1,0
30,376,10684,1,0
30,377,123916,1,0
30,378,10856,1,0
30,379,11797,1,0
30,380,11018,1,0
30,381,9588,1,0
30,382,17916,1,0
30,383,11724,1,0
30,384,10630,1,0
30,385,13025,1,0
30,386,10685,1,0
30,387,26441,1,0
30,388,9963,1,0
30,389,11976,1,0
30,390,9260,1,0
30,391,10155,1,0
30,392,17396,1,0
30,393,109953,1,0
30,394,13034,1,0
30,395,9469,1,0
30,396,8911,1,0
30,397,12649,1,0
30,398,33130,1,0
30,399,10036,1,0
30,400,12436,1,0
30,401,15804,1,0
30,402,10598,1,0
30,403,61034,1,0
30,404,10509,1,0
30,405,9501,1,0
30,406,14235,1,0
30,407,14608,1,0
30,408,39465,1,0
30,409,10285,1,0
30,410,10083,1,0
30,411,10031,1,0
30,412,10386,1,0
30,413,55719,1,0
30,414,9922,1,0
30,415,10160,1,0
30,416,12374,1,0
30,417,13006,1,0
30,418,42030,1,0
30,419,11738,1,0
30,420,13865,1,0
30,421,11934,1,0
30,422,11862,1,0
30,423,44720,1,0
30,424,11511,1,0
30,425,10348,1,0
30,426,12696,1,0
30,427,12559,1,0
30,428,38947,1,0
30,429,19060,1,0
30,430,11490,1,0
30,431,9512,1,0
30,432,11549,1,0
30,433,18980,1,0
30,434,253049,1,0
30,435,260931,1,0
30,436,52322,1,0
30,437,12469,1,0
30,438,11643,1,0
30,439,61957,1,0
30,440,12732,1,0
30,441,10363,1,0
30,442,11382,1,0
30,443,10038,1,0
30,444,65083,1,0
30,445,10405,1,0
30,446,10098,1,0
30,447,12126,1,0
30,448,9438,1,0
30,449,58484,1,0
30,450,15823,1,0
30,451,9542,1,0
30,452,9718,1,0
30,453,14268,1,0
30,454,9526,1,0
30,455,10824,1,0
30,456,15601,1,0
30,457,10640,1,0
30,458,9917,1,0
30,459,113719,1,0
30,460,57944,1,0
30,461,12494,1,0
30,462,11051,1,0
30,463,13390,1,0
30,464,17565,1,0
30,465,16549,1,0
30,466,14435,1,0
30,467,11472,1,0
30,468,9885,1,0
30,469,10549,1,0
30,470,66940,1,0
30,471,272758,1,0
30,472,54556,1,0
30,473,12980,1,0
30,474,11204,1,0
30,475,11423,1,0
30,476,41647,1,0
30,477,13478,1,0
30,478,11701,1,0
30,479,13647,1,0
30,480,12217,1,0
30,481,36985,1,0
30,482,9612,1,0
30,483,10939,1,0
30,484,11204,1,0
30,485,13640,1,0
30,486,60295,1,0
30,487,10795,1,0
30,488,13273,1,0
30,489,26542,1,0
30,490,12111,1,0
30,491,42678,1,0
30,492,10824,1,0
30,493,12355,1,0
30,494,12079,1,0
30,495,9606,1,0
30,496,23999,1,0
30,497,10455,1,0
30,498,10384,1,0
30,499,10139,1,0
30,500,11040,1,0
30,501,171642,1,0
30,502,12137,1,0
30,503,12140,1,0
30,504,11005,1,0
30,505,11653,1,0
30,506,17911,1,0
30,507,9813,1,0
30,508,10214,1,0
30,509,10555,1,0
30,510,11839,1,0
30,511,57507,1,0
30,512,46196,1,0
30,513,10178,1,0
30,514,12277,1,0
30,515,10896,1,0
30,516,12932,1,0
30,517,62647,1,0
30,518,10242,1,0
30,519,12695,1,0
30,520,17044,1,0
30,521,13710,1,0
30,522,61903,1,0
30,523,10311,1,0
30,524,10029,1,0
30,525,10705,1,0
30,526,11468,1,0
30,527,12486,1,0
30,528,10230,1,0
30,529,10173,1,0
30,530,13109,1,0
30,531,10829,1,0
30,532,13563,1,0
30,533,14550,1,0
30,534,11443,1,0
30,535,12787,1,0
30,536,12606,1,0
30,537,134916,1,0
30,538,47086,1,0
30,539,13378,1,0
30,540,13294,1,0
30,541,12949,1,0
30,542,45471,1,0
30,543,12583,1,0
30,544,12737,1,0
30,545,11807,1,0
30,546,12167,1,0
30,547,44748,1,0
30,548,22677,1,0
30,549,10501,1,0
30,550,12313,1,0
30,551,12146,1,0
30,552,12977,1,0
30,553,11867,1,0
30,554,10576,1,0
30,555,10284,1,0
30,556,10490,1,0
30,557,102157,1,0
30,558,10101,1,0
30,559,9249,1,0
30,560,10537,1,0
30,561,12166,1,0
30,562,28178,1,0
30,563,11881,1,0
30,564,12594,1,0
30,565,10112,1,0
30,566,9909,1,0
30,567,60671,1,0
30,568,9838,1,0
30,569,14482,1,0
30,570,9648,1,0
30,571,10492,1,0
30,572,38092,1,0
30,573,9845,1,0
30,574,10551,1,0
30,575,10102,1,0
30,576,13313,1,0
30,577,13032,1,0
30,578,11635,1,0
30,579,11652,1,0
30,580,11036,1,0
30,581,11608,1,0
30,582,67782,1,0
30,583,10745,1,0
30,584,10614,1,0
30,585,10830,1,0
30,586,12786,1,0
30,587,49795,1,0
30,588,98615,1,0
30,589,12534,1,0
30,590,10213,1,0
30,591,9586,1,0
30,592,55008,1,0
30,593,145429,1,0
30,594,9903,1,0
30,595,9663,1,0
30,596,11886,1,0
30,597,15871,1,0
30,598,11298,1,0
30,599,10469,1,0
31,0,83194,1,0
31,1,57641,1,0
31,2,12367,1,0
31,3,21385,1,0
31,4,12867,1,0
31,5,51976,1,0
31,6,16436,1,0
31,7,51351,1,0
31,8,12621,1,0
31,9,19874,1,0
31,10,12354,1,0
31,11,12817,1,0
31,12,17573,1,0
31,13,13976,1,0
31,14,11312,1,0
31,15,13325,1,0
31,16,14867,1,0
31,17,19714,1,0
31,18,28642,1,0
31,19,11122,1,0
31,20,12625,1,0
31,21,15168,1,0
31,22,17473,1,0
31,23,12088,1,0
31,24,13104,1,0
31,25,11945,1,0
31,26,30619,1,0
31,27,39880,1,0
31,28,14502,1,0
31,29,10778,1,0
31,30,16407,1,0
31,31,11818,1,0
31,32,13161,1,0
31,33,13385,1,0
31,34,11939,1,0
31,35,169189,1,0
31,36,46853,1,0
31,37,41257,1,0
31,38,12174,1,0
31,39,12728,1,0
31,40,128852,1,0
31,41,12618,1,0
31,42,13609,1,0
31,43,12958,1,0
31,44,11784,1,0
31,45,219184,1,0
31,46,232462,1,0
31,47,162397,1,0
31,48,59790,1,0
31,49,12425,1,0
31,50,9083,1,0
31,51,13036,1,0
31,52,12205,1,0
31,53,12106,1,0
31,54,11640,1,0
31,55,12763,1,0
31,56,132369,1,0
31,57,231445,1,0
31,58,267860,1,0
31,59,183663,1,0
31,60,44242,1,0
31,61,11524,1,0
31,62,85934,1,0
31,63,11115,1,0
31,64,12433,1,0
31,65,343127,1,0
31,66,607297,1,0
31,67,941316,1,0
31,68,914750,1,0
31,69,841580,1,0
31,70,790060,1,0
31,71,713302,1,0
31,72,759979,1,0
31,73,681243,1,0
31,74,614097,1,0
31,75,507093,1,0
31,76,474451,1,0
31,77,954121,1,0
31,78,877610,1,0
31,79,704203,1,0
31,80,529154,1,0
31,81,331897,1,0
31,82,172270,1,0
31,83,312974,1,0
31,84,227596,1,0
31,85,39851,1,0
31,86,12204,1,0
31,87,37596,1,0
31,88,77697,1,0
31,89,31538,1,0
31,90,13024,1,0
31,91,13420,1,0
31,92,15203,1,0
31,93,137994,1,0
31,94,271522,1,0
31,95,121739,1,0
31,96,14152,1,0
31,97,11981,1,0
31,98,21535,1,0
31,99,38199,1,0
31,100,10522,1,0
31,101,14287,1,0
31,102,12624,1,0
31,103,17221,1,0
31,104,55430,1,0
31,105,13539,1,0
31,106,12472,1,0
31,107,12183,1,0
31,108,12912,1,0
31,109,95323,1,0
31,110,11872,1,0
31,111,11659,1,0
31,112,554173,1,0
31,113,579537,1,0
31,114,513411,1,0
31,115,421287,1,0
31,116,349540,1,0
31,117,510131,1,0
31,118,404500,1,0
31,119,236427,1,0
31,120,59515,1,0
31,121,11556,1,0
31,122,132721,1,0
31,123,11275,1,0
31,124,11056,1,0
31,125,14628,1,0
31,126,13402,1,0
31,127,43341,1,0
31,128,10656,1,0
31,129,10259,1,0
31,130,11954,1,0
31,131,10548,1,0
31,132,24173,1,0
31,133,12024,1,0
31,134,11481,1,0
31,135,12257,1,0
31,136,13100,1,0
31,137,11435,1,0
31,138,63512,1,0
31,139,11904,1,0
31,140,11188,1,0
31,141,15245,1,0
31,142,14038,1,0
31,143,72843,1,0
31,144,210789,1,0
31,145,25583,1,0
31,146,11460,1,0
31,147,14531,1,0
31,148,15000,1,0
31,149,49111,1,0
31,150,11475,1,0
31,151,9517,1,0
31,152,12100,1,0
31,153,11408,1,0
31,154,49200,1,0
31,155,10803,1,0
31,156,12150,1,0
31,157,10880,1,0
31,158,13133,1,0
31,159,25192,1,0
31,160,12071,1,0
31,161,13066,1,0
31,162,11799,1,0
31,163,11448,1,0
31,164,40426,1,0
31,165,8902,1,0
31,166,13610,1,0
31,167,10677,1,0
31,168,12002,1,0
31,169,23836,1,0
31,170,10791,1,0
31,171,13722,1,0
31,172,12185,1,0
31,173,16393,1,0
31,174,11684,1,0
31,175,29895,1,0
31,176,12319,1,0
31,177,11913,1,0
31,178,10857,1,0
31,179,10375,1,0
31,180,58914,1,0
31,181,13822,1,0
31,182,12021,1,0
31,183,12483,1,0
31,184,12339,1,0
31,185,30486,1,0
31,186,11105,1,0
31,187,12894,1,0
31,188,10983,1,0
31,189,12244,1,0
31,190,11218,1,0
31,191,10411,1,0
31,192,13289,1,0
31,193,11948,1,0
31,194,9972,1,0
31,195,11747,1,0
31,196,11609,1,0
31,197,11562,1,0
31,198,13441,1,0
31,199,10383,1,0
31,200,10985,1,0
31,201,11511,1,0
31,202,10934,1,0
31,203,11360,1,0
31,204,10739,1,0
31,205,13311,1,0
31,206,9438,1,0
31,207,16209,1,0
31,208,11431,1,0
31,209,12253,1,0
31,210,29485,1,0
31,211,11555,1,0
31,212,12906,1,0
31,213,11721,1,0
31,214,11286,1,0
31,215,23443,1,0
31,216,11678,1,0
31,217,19137,1,0
31,218,9696,1,0
31,219,12761,1,0
31,220,30633,1,0
31,221,10889,1,0
31,222,10615,1,0
31,223,11831,1,0
31,224,11783,1,0
31,225,109372,1,0
31,226,258425,1,0
31,227,229622,1,0
31,228,116062,1,0
31,229,9100,1,0
31,230,13447,1,0
31,231,12497,1,0
31,232,12634,1,0
31,233,11335,1,0
31,234,14536,1,0
31,235,12367,1,0
31,236,170294,1,0
31,237,160598,1,0
31,238,11429,1,0
31,239,12266,1,0
31,240,9351,1,0
31,241,10421,1,0
31,242,9158,1,0
31,243,11978,1,0
31,244,11875,1,0
31,245,12428,1,0
31,246,11606,1,0
31,247,55998,1,0
31,248,10206,1,0
31,249,10357,1,0
31,250,10928,1,0
31,251,11128,1,0
31,252,57773,1,0
31,253,10789,1,0
31,254,12418,1,0
31,255,11243,1,0
31,256,12788,1,0
31,257,55091,1,0
31,258,11132,1,0
31,259,11528,1,0
31,260,14726,1,0
31,261,11846,1,0
31,262,269484,1,0
31,263,228197,1,0
31,264,12358,1,0
31,265,10959,1,0
31,266,11608,1,0
31,267,34482,1,0
31,268,10535,1,0
31,269,11941,1,0
31,270,11061,1,0
31,271,10709,1,0
31,272,38658,1,0
31,273,11690,1,0
31,274,11380,1,0
31,275,9482,1,0
31,276,11845,1,0
31,277,67157,1,0
31,278,11562,1,0
31,279,10504,1,0
31,280,10916,1,0
31,281,11736,1,0
31,282,32097,1,0
31,283,9324,1,0
31,284,12596,1,0
31,285,11981,1,0
31,286,11959,1,0
31,287,104202,1,0
31,288,11535,1,0
31,289,10960,1,0
31,290,12170,1,0
31,291,14124,1,0
31,292,126676,1,0
31,293,60452,1,0
31,294,12751,1,0
31,295,9291,1,0
31,296,12145,1,0
31,297,69486,1,0
31,298,13081,1,0
31,299,14383,1,0
31,300,12413,1,0
31,301,10331,1,0
31,302,27585,1,0
31,303,10924,1,0
31,304,12313,1,0
31,305,13343,1,0
31,306,93147,1,0
31,307,299035,1,0
31,308,625019,1,0
31,309,606398,1,0
31,310,1038522,1,0
31,311,781068,1,0
31,312,624875,1,0
31,313,567171,1,0
31,314,413890,1,0
31,315,324750,1,0
31,316,211570,1,0
31,317,323337,1,0
31,318,160748,1,0
31,319,11962,1,0
31,320,13435,1,0
31,321,13883,1,0
31,322,11830,1,0
31,323,11262,1,0
31,324,10170,1,0
31,325,114599,1,0
31,326,11288,1,0
31,327,18881,1,0
31,328,11884,1,0
31,329,146691,1,0
31,330,12481,1,0
31,331,27160,1,0
31,332,29654,1,0
31,333,11571,1,0
31,334,9751,1,0
31,335,9435,1,0
31,336,76917,1,0
31,337,14476,1,0
31,338,11098,1,0
31,339,10851,1,0
31,340,12829,1,0
31,341,51182,1,0
31,342,11748,1,0
31,343,11461,1,0
31,344,12838,1,0
31,345,12635,1,0
31,346,40242,1,0
31,347,20855,1,0
31,348,12953,1,0
31,349,20013,1,0
31,350,136189,1,0
31,351,21573,1,0
31,352,115314,1,0
31,353,13624,1,0
31,354,9334,1,0
31,355,11276,1,0
31,356,25749,1,0
31,357,14545,1,0
31,358,10018,1,0
31,359,11599,1,0
31,360,10452,1,0
31,361,21381,1,0
31,362,9306,1,0
31,363,11123,1,0
31,364,10992,1,0
31,365,10498,1,0
31,366,11607,1,0
31,367,17074,1,0
31,368,9441,1,0
31,369,11075,1,0
31,370,12077,1,0
31,371,10642,1,0
31,372,9617,1,0
31,373,9488,1,0
31,374,11409,1,0
31,375,12920,1,0
31,376,11196,1,0
31,377,134491,1,0
31,378,9751,1,0
31,379,11378,1,0
31,380,12670,1,0
31,381,10684,1,0
31,382,14149,1,0
31,383,12164,1,0
31,384,12419,1,0
31,385,11727,1,0
31,386,9116,1,0
31,387,42449,1,0
31,388,11764,1,0
31,389,10933,1,0
31,390,10244,1,0
31,391,11111,1,0
31,392,13099,1,0
31,393,106781,1,0
31,394,10732,1,0
31,395,11175,1,0
31,396,12038,1,0
31,397,10897,1,0
31,398,30633,1,0
31,399,11678,1,0
31,400,11363,1,0
31,401,16005,1,0
31,402,11748,1,0
31,403,73179,1,0
31,404,11416,1,0
31,405,10953,1,0
31,406,19153,1,0
31,407,14555,1,0
31,408,37598,1,0
31,409,11119,1,0
31,410,10532,1,0
31,411,11074,1,0
31,412,11595,1,0
31,413,52111,1,0
31,414,11808,1,0
31,415,12096,1,0
31,416,12246,1,0
31,417,13749,1,0
31,418,41090,1,0
31,419,10930,1,0
31,420,10210,1,0
31,421,12005,1,0
31,422,11297,1,0
31,423,41899,1,0
31,424,11237,1,0
31,425,10239,1,0
31,426,11167,1,0
31,427,10585,1,0
31,428,36103,1,0
31,429,15764,1,0
31,430,11359,1,0
31,431,10386,1,0
31,432,10893,1,0
31,433,17124,1,0
31,434,250947,1,0
31,435,260013,1,0
31,436,49255,1,0
31,437,13199,1,0
31,438,12590,1,0
31,439,63113,1,0
31,440,9728,1,0
31,441,10888,1,0
31,442,12704,1,0
31,443,11771,1,0
31,444,75871,1,0
31,445,11281,1,0
31,446,11175,1,0
31,447,17731,1,0
31,448,11633,1,0
31,449,70280,1,0
31,450,13011,1,0
31,451,9898,1,0
31,452,10916,1,0
31,453,11589,1,0
31,454,12011,1,0
31,455,9377,1,0
31,456,14230,1,0
31,457,11761,1,0
31,458,11225,1,0
31,459,124060,1,0
31,460,54850,1,0
31,461,11698,1,0
31,462,13165,1,0
31,463,12055,1,0
31,464,14375,1,0
31,465,13698,1,0
31,466,13101,1,0
31,467,11632,1,0
31,468,12398,1,0
31,469,12153,1,0
31,470,79853,1,0
31,471,276245,1,0
31,472,52384,1,0
31,473,12138,1,0
31,474,9578,1,0
31,475,9356,1,0
31,476,40291,1,0
31,477,12772,1,0
31,478,11402,1,0
31,479,11875,1,0
31,480,9699,1,0
31,481,33331,1,0
31,482,11637,1,0
31,483,11822,1,0
31,484,11655,1,0
31,485,11787,1,0
31,486,57287,1,0
31,487,12070,1,0
31,488,10958,1,0
31,489,26607,1,0
31,490,13101,1,0
31,491,56370,1,0
31,492,12822,1,0
31,493,8869,1,0
31,494,9201,1,0
31,495,10540,1,0
31,496,20225,1,0
31,497,11641,1,0
31,498,11695,1,0
31,499,11909,1,0
31,500,10884,1,0
31,501,171566,1,0
31,502,12460,1,0
31,503,11795,1,0
31,504,9769,1,0
31,505,11314,1,0
31,506,14155,1,0
31,507,11764,1,0
31,508,11214,1,0
31,509,11413,1,0
31,510,12038,1,0
31,511,56801,1,0
31,512,42823,1,0
31,513,12537,1,0
31,514,10745,1,0
31,515,12018,1,0
31,516,12772,1,0
31,517,62525,1,0
31,518,10608,1,0
31,519,11837,1,0
31,520,17701,1,0
31,521,13756,1,0
31,522,59394,1,0
31,523,11308,1,0
31,524,10975,1,0
31,525,10245,1,0
31,526,10826,1,0
31,527,11284,1,0
31,528,10605,1,0
31,529,9137,1,0
31,530,9188,1,0
31,531,10410,1,0
31,532,12577,1,0
31,533,13205,1,0
31,534,10852,1,0
31,535,11618,1,0
31,536,11976,1,0
31,537,135654,1,0
31,538,44638,1,0
31,539,11000,1,0
31,540,10736,1,0
31,541,10873,1,0
31,542,53444,1,0
31,543,17751,1,0
31,544,10592,1,0
31,545,12003,1,0
31,546,12007,1,0
31,547,56194,1,0
31,548,21348,1,0
31,549,13796,1,0
31,550,10712,1,0
31,551,11821,1,0
31,552,11343,1,0
31,553,10811,1,0
31,554,9240,1,0
31,555,9614,1,0
31,556,9997,1,0
31,557,101071,1,0
31,558,12023,1,0
31,559,11482,1,0
31,560,11924,1,0
31,561,10464,1,0
31,562,24486,1,0
31,563,12032,1,0
31,564,11834,1,0
31,565,11437,1,0
31,566,11440,1,0
31,567,59424,1,0
31,568,11831,1,0
31,569,13903,1,0
31,570,11302,1,0
31,571,12789,1,0
31,572,35741,1,0
31,573,11277,1,0
31,574,11294,1,0
31,575,9753,1,0
31,576,12420,1,0
31,577,32305,1,0
31,578,10902,1,0
31,579,10289,1,0
31,580,10993,1,0
31,581,11470,1,0
31,582,64925,1,0
31,583,11255,1,0
31,584,11326,1,0
31,585,10942,1,0
31,586,12177,1,0
31,587,61633,1,0
31,588,95210,1,0
31,589,12221,1,0
31,590,10701,1,0
31,591,9574,1,0
31,592,52176,1,0
31,593,142718,1,0
31,594,11486,1,0
31,595,10776,1,0
31,596,10043,1,0
31,597,53429,1,0
31,598,12157,1,0
31,599,11203,1,0
32,0,85081,1,0
32,1,55032,1,0
32,2,11075,1,0
32,3,21213,1,0
32,4,11064,1,0
32,5,50129,1,0
32,6,18380,1,0
32,7,51732,1,0
32,8,11860,1,0
32,9,20836,1,0
32,10,12035,1,0
32,11,11658,1,0
32,12,17488,1,0
32,13,13142,1,0
32,14,13102,1,0
32,15,12847,1,0
32,16,16087,1,0
32,17,19420,1,0
32,18,27494,1,0
32,19,15376,1,0
32,20,10577,1,0
32,21,12845,1,0
32,22,16323,1,0
32,23,11731,1,0
32,24,11727,1,0
32,25,12332,1,0
32,26,31636,1,0
32,27,38400,1,0
32,28,13942,1,0
32,29,11120,1,0
32,30,16250,1,0
32,31,12158,1,0
32,32,15936,1,0
32,33,13021,1,0
32,34,10782,1,0
32,35,168235,1,0
32,36,47151,1,0
32,37,38565,1,0
32,38,10848,1,0
32,39,13837,1,0
32,40,127897,1,0
32,41,10643,1,0
32,42,13718,1,0
32,43,11372,1,0
32,44,11046,1,0
32,45,234577,1,0
32,46,231845,1,0
32,47,160675,1,0
32,48,56388,1,0
32,49,10982,1,0
32,50,12515,1,0
32,51,12039,1,0
32,52,10820,1,0
32,53,10546,1,0
32,54,12382,1,0
32,55,10900,1,0
32,56,133500,1,0
32,57,229412,1,0
32,58,264823,1,0
32,59,180831,1,0
32,60,40686,1,0
32,61,10152,1,0
32,62,85412,1,0
32,63,12534,1,0
32,64,12849,1,0
32,65,360099,1,0
32,66,604701,1,0
32,67,939908,1,0
32,68,912471,1,0
32,69,840600,1,0
32,70,789210,1,0
32,71,712132,1,0
32,72,758448,1,0
32,73,681415,1,0
32,74,612071,1,0
32,75,506661,1,0
32,76,473639,1,0
32,77,959243,1,0
32,78,874070,1,0
32,79,701845,1,0
32,80,526950,1,0
32,81,330327,1,0
32,82,170787,1,0
32,83,309730,1,0
32,84,226092,1,0
32,85,36150,1,0
32,86,11638,1,0
32,87,37557,1,0
32,88,76381,1,0
32,89,28869,1,0
32,90,13661,1,0
32,91,17441,1,0
32,92,15371,1,0
32,93,155711,1,0
32,94,268797,1,0
32,95,121357,1,0
32,96,17589,1,0
32,97,12068,1,0
32,98,19687,1,0
32,99,36773,1,0
32,100,14407,1,0
32,101,13147,1,0
32,102,12761,1,0
32,103,17290,1,0
32,104,55213,1,0
32,105,14120,1,0
32,106,11201,1,0
32,107,10392,1,0
32,108,10798,1,0
32,109,93102,1,0
32,110,10104,1,0
32,111,11157,1,0
32,112,554035,1,0
32,113,580889,1,0
32,114,512560,1,0
32,115,419553,1,0
32,116,347627,1,0
32,117,508277,1,0
32,118,402699,1,0
32,119,234192,1,0
32,120,58674,1,0
32,121,11175,1,0
32,122,130453,1,0
32,123,13194,1,0
32,124,10259,1,0
32,125,12631,1,0
32,126,11287,1,0
32,127,40349,1,0
32,128,10449,1,0
32,129,9793,1,0
32,130,10351,1,0
32,131,10846,1,0
32,132,23238,1,0
32,133,10238,1,0
32,134,10473,1,0
32,135,11326,1,0
32,136,12089,1,0
32,137,9657,1,0
32,138,59958,1,0
32,139,10278,1,0
32,140,11453,1,0
32,141,11823,1,0
32,142,13516,1,0
32,143,84784,1,0
32,144,208813,1,0
32,145,25085,1,0
32,146,11509,1,0
32,147,11977,1,0
32,148,14057,1,0
32,149,46169,1,0
32,150,9950,1,0
32,151,10286,1,0
32,152,11550,1,0
32,153,10764,1,0
32,154,46208,1,0
32,155,11070,1,0
32,156,10726,1,0
32,157,10418,1,0
32,158,12026,1,0
32,159,37497,1,0
32,160,10674,1,0
32,161,10589,1,0
32,162,10827,1,0
32,163,9746,1,0
32,164,38342,1,0
32,165,11721,1,0
32,166,11077,1,0
32,167,11333,1,0
32,168,11033,1,0
32,169,22544,1,0
32,170,10665,1,0
32,171,11852,1,0
32,172,13867,1,0
32,173,12673,1,0
32,174,13288,1,0
32,175,28027,1,0
32,176,12287,1,0
32,177,11922,1,0
32,178,11241,1,0
32,179,9906,1,0
32,180,54658,1,0
32,181,13473,1,0
32,182,9695,1,0
32,183,9985,1,0
32,184,10104,1,0
32,185,28613,1,0
32,186,12174,1,0
32,187,11041,1,0
32,188,11916,1,0
32,189,12064,1,0
32,190,35570,1,0
32,191,11449,1,0
32,192,11284,1,0
32,193,9941,1,0
32,194,10837,1,0
32,195,10221,1,0
32,196,12178,1,0
32,197,10923,1,0
32,198,10259,1,0
32,199,10469,1,0
32,200,11225,1,0
32,201,11277,1,0
32,202,10206,1,0
32,203,10425,1,0
32,204,10879,1,0
32,205,17901,1,0
32,206,14300,1,0
32,207,16102,1,0
32,208,9882,1,0
32,209,10855,1,0
32,210,26777,1,0
32,211,13009,1,0
32,212,11374,1,0
32,213,11737,1,0
32,214,10499,1,0
32,215,37121,1,0
32,216,9611,1,0
32,217,15705,1,0
32,218,10918,1,0
32,219,11679,1,0
32,220,44472,1,0
32,221,11112,1,0
32,222,11836,1,0
32,223,11731,1,0
32,224,11116,1,0
32,225,123933,1,0
32,226,260967,1,0
32,227,227798,1,0
32,228,114139,1,0
32,229,11982,1,0
32,230,12580,1,0
32,231,9910,1,0
32,232,10172,1,0
32,233,11155,1,0
32,234,11864,1,0
32,235,12216,1,0
32,236,182347,1,0
32,237,159867,1,0
32,238,11744,1,0
32,239,10333,1,0
32,240,10747,1,0
32,241,11262,1,0
32,242,11403,1,0
32,243,12279,1,0
32,244,9709,1,0
32,245,10102,1,0
32,246,11150,1,0
32,247,54118,1,0
32,248,12559,1,0
32,249,11848,1,0
32,250,9449,1,0
32,251,12636,1,0
32,252,55533,1,0
32,253,11345,1,0
32,254,12590,1,0
32,255,10736,1,0
32,256,10814,1,0
32,257,54224,1,0
32,258,11487,1,0
32,259,9983,1,0
32,260,10632,1,0
32,261,12180,1,0
32,262,288021,1,0
32,263,224384,1,0
32,264,12480,1,0
32,265,11833,1,0
32,266,10139,1,0
32,267,44634,1,0
32,268,11505,1,0
32,269,10723,1,0
32,270,11540,1,0
32,271,11119,1,0
32,272,35637,1,0
32,273,11511,1,0
32,274,12304,1,0
32,275,12017,1,0
32,276,9785,1,0
32,277,64299,1,0
32,278,11642,1,0
32,279,11918,1,0
32,280,10309,1,0
32,281,12096,1,0
32,282,29668,1,0
32,283,12976,1,0
32,284,12247,1,0
32,285,12228,1,0
32,286,10576,1,0
32,287,102887,1,0
32,288,9515,1,0
32,289,12484,1,0
32,290,10878,1,0
32,291,12180,1,0
32,292,124602,1,0
32,293,58305,1,0
32,294,10657,1,0
32,295,10211,1,0
32,296,10497,1,0
32,297,77735,1,0
32,298,10248,1,0
32,299,12489,1,0
32,300,13150,1,0
32,301,11529,1,0
32,302,26611,1,0
32,303,11811,1,0
32,304,11072,1,0
32,305,13534,1,0
32,306,93152,1,0
32,307,295698,1,0
32,308,625452,1,0
32,309,604830,1,0
32,310,1037539,1,0
32,311,778114,1,0
32,312,620391,1,0
32,313,582067,1,0
32,314,414988,1,0
32,315,324813,1,0
32,316,232328,1,0
32,317,321713,1,0
32,318,159399,1,0
32,319,11018,1,0
32,320,12155,1,0
32,321,11687,1,0
32,322,10346,1,0
32,323,10519,1,0
32,324,11595,1,0
32,325,112063,1,0
32,326,12322,1,0
32,327,19365,1,0
32,328,12511,1,0
32,329,152053,1,0
32,330,11143,1,0
32,331,24579,1,0
32,332,27559,1,0
32,333,9649,1,0
32,334,12145,1,0
32,335,11689,1,0
32,336,74693,1,0
32,337,15959,1,0
32,338,10346,1,0
32,339,11895,1,0
32,340,10617,1,0
32,341,47728,1,0
32,342,10588,1,0
32,343,12619,1,0
32,344,11254,1,0
32,345,10375,1,0
32,346,39548,1,0
32,347,25662,1,0
32,348,10664,1,0
32,349,16258,1,0
32,350,133923,1,0
32,351,19983,1,0
32,352,113792,1,0
32,353,11011,1,0
32,354,11987,1,0
32,355,10259,1,0
32,356,23538,1,0
32,357,14499,1,0
32,358,9899,1,0
32,359,10055,1,0
32,360,10699,1,0
32,361,19404,1,0
32,362,11674,1,0
32,363,12700,1,0
32,364,10087,1,0
32,365,10089,1,0
32,366,10497,1,0
32,367,17021,1,0
32,368,11970,1,0
32,369,9964,1,0
32,370,10398,1,0
32,371,10903,1,0
32,372,11572,1,0
32,373,12752,1,0
32,374,12091,1,0
32,375,10554,1,0
32,376,12502,1,0
32,377,132628,1,0
32,378,11819,1,0
32,379,11473,1,0
32,380,12907,1,0
32,381,10995,1,0
32,382,10771,1,0
32,383,10359,1,0
32,384,10428,1,0
32,385,10092,1,0
32,386,11484,1,0
32,387,42776,1,0
32,388,10186,1,0
32,389,9977,1,0
32,390,10566,1,0
32,391,10176,1,0
32,392,20499,1,0
32,393,103580,1,0
32,394,11367,1,0
32,395,10428,1,0
32,396,12612,1,0
32,397,13320,1,0
32,398,26716,1,0
32,399,9595,1,0
32,400,10625,1,0
32,401,16593,1,0
32,402,10898,1,0
32,403,69828,1,0
32,404,8493,1,0
32,405,11966,1,0
32,406,18158,1,0
32,407,12557,1,0
32,408,48924,1,0
32,409,10055,1,0
32,410,12182,1,0
32,411,10913,1,0
32,412,10576,1,0
32,413,49766,1,0
32,414,9597,1,0
32,415,11020,1,0
32,416,12989,1,0
32,417,12401,1,0
32,418,37643,1,0
32,419,11075,1,0
32,420,10715,1,0
32,421,12321,1,0
32,422,10741,1,0
32,423,54560,1,0
32,424,9907,1,0
32,425,11855,1,0
32,426,12787,1,0
32,427,13624,1,0
32,428,44898,1,0
32,429,15479,1,0
32,430,10567,1,0
32,431,9903,1,0
32,432,12588,1,0
32,433,28824,1,0
32,434,271823,1,0
32,435,257950,1,0
32,436,45318,1,0
32,437,12941,1,0
32,438,19897,1,0
32,439,60876,1,0
32,440,10801,1,0
32,441,9834,1,0
32,442,11936,1,0
32,443,10088,1,0
32,444,71894,1,0
32,445,10515,1,0
32,446,9489,1,0
32,447,16990,1,0
32,448,10737,1,0
32,449,67707,1,0
32,450,11281,1,0
32,451,11206,1,0
32,452,12894,1,0
32,453,9935,1,0
32,454,9972,1,0
32,455,10023,1,0
32,456,12301,1,0
32,457,10606,1,0
32,458,11341,1,0
32,459,119822,1,0
32,460,51150,1,0
32,461,11433,1,0
32,462,10415,1,0
32,463,10563,1,0
32,464,9741,1,0
32,465,11282,1,0
32,466,12902,1,0
32,467,10887,1,0
32,468,9692,1,0
32,469,11894,1,0
32,470,78822,1,0
32,471,274871,1,0
32,472,47842,1,0
32,473,11410,1,0
32,474,10738,1,0
32,475,10592,1,0
32,476,38202,1,0
32,477,12245,1,0
32,478,11112,1,0
32,479,12773,1,0
32,480,11019,1,0
32,481,46157,1,0
32,482,8578,1,0
32,483,9738,1,0
32,484,10913,1,0
32,485,11072,1,0
32,486,53078,1,0
32,487,11166,1,0
32,488,13295,1,0
32,489,27623,1,0
32,490,10943,1,0
32,491,55433,1,0
32,492,9958,1,0
32,493,10885,1,0
32,494,11263,1,0
32,495,9926,1,0
32,496,15945,1,0
32,497,10530,1,0
32,498,10665,1,0
32,499,12309,1,0
32,500,11172,1,0
32,501,183412,1,0
32,502,9708,1,0
32,503,11553,1,0
32,504,11161,1,0
32,505,9361,1,0
32,506,10006,1,0
32,507,10817,1,0
32,508,12156,1,0
32,509,11418,1,0
32,510,11250,1,0
32,511,65348,1,0
32,512,40547,1,0
32,513,10575,1,0
32,514,11898,1,0
32,515,10890,1,0
32,516,11210,1,0
32,517,61292,1,0
32,518,10204,1,0
32,519,10872,1,0
32,520,18403,1,0
32,521,12865,1,0
32,522,56402,1,0
32,523,11406,1,0
32,524,10714,1,0
32,525,11121,1,0
32,526,11738,1,0
32,527,12935,1,0
32,528,11686,1,0
32,529,11125,1,0
32,530,13330,1,0
32,531,11518,1,0
32,532,13297,1,0
32,533,12251,1,0
32,534,11803,1,0
32,535,21149,1,0
32,536,10965,1,0
32,537,138098,1,0
32,538,42906,1,0
32,539,11889,1,0
32,540,11703,1,0
32,541,12684,1,0
32,542,56709,1,0
32,543,16567,1,0
32,544,12052,1,0
32,545,11594,1,0
32,546,11954,1,0
32,547,55318,1,0
32,548,21790,1,0
32,549,11943,1,0
32,550,10343,1,0
32,551,11442,1,0
32,552,11006,1,0
32,553,10266,1,0
32,554,10694,1,0
32,555,10953,1,0
32,556,12037,1,0
32,557,117723,1,0
32,558,10508,1,0
32,559,9111,1,0
32,560,10036,1,0
32,561,11227,1,0
32,562,19942,1,0
32,563,10394,1,0
32,564,11267,1,0
32,565,9432,1,0
32,566,9864,1,0
32,567,58333,1,0
32,568,11233,1,0
32,569,11768,1,0
32,570,9463,1,0
32,571,10121,1,0
32,572,33118,1,0
32,573,10948,1,0
32,574,11445,1,0
32,575,12494,1,0
32,576,12068,1,0
32,577,30411,1,0
32,578,11502,1,0
32,579,10636,1,0
32,580,10754,1,0
32,581,10881,1,0
32,582,62214,1,0
32,583,9918,1,0
32,584,9819,1,0
32,585,11826,1,0
32,586,10843,1,0
32,587,59120,1,0
32,588,91722,1,0
32,589,11318,1,0
32,590,11298,1,0
32,591,10202,1,0
32,592,51600,1,0
32,593,139918,1,0
32,594,10052,1,0
32,595,10912,1,0
32,596,10306,1,0
32,597,51007,1,0
32,598,9548,1,0
32,599,10057,1,0
33,0,85379,1,0
33,1,51947,1,0
33,2,12762,1,0
33,3,19800,1,0
33,4,11013,1,0
33,5,49267,1,0
33,6,17641,1,0
33,7,53209,1,0
33,8,12579,1,0
33,9,22145,1,0
33,10,11743,1,0
33,11,16810,1,0
33,12,15131,1,0
33,13,12361,1,0
33,14,12768,1,0
33,15,12686,1,0
33,16,15758,1,0
33,17,19709,1,0
33,18,24956,1,0
33,19,13384,1,0
33,20,13365,1,0
33,21,12240,1,0
33,22,13884,1,0
33,23,15609,1,0
33,24,13546,1,0
33,25,14921,1,0
33,26,32458,1,0
33,27,36808,1,0
33,28,15553,1,0
33,29,12139,1,0
33,30,14722,1,0
33,31,13008,1,0
33,32,14290,1,0
33,33,12278,1,0
33,34,16118,1,0
33,35,166903,1,0
33,36,46637,1,0
33,37,34833,1,0
33,38,13149,1,0
33,39,11947,1,0
33,40,125381,1,0
33,41,13215,1,0
33,42,12485,1,0
33,43,11703,1,0
33,44,15624,1,0
33,45,232354,1,0
33,46,228920,1,0
33,47,159649,1,0
33,48,53972,1,0
33,49,13322,1,0
33,50,13983,1,0
33,51,13568,1,0
33,52,14445,1,0
33,53,13704,1,0
33,54,12702,1,0
33,55,13134,1,0
33,56,131397,1,0
33,57,225933,1,0
33,58,260718,1,0
33,59,179133,1,0
33,60,38159,1,0
33,61,13547,1,0
33,62,84720,1,0
33,63,18078,1,0
33,64,14757,1,0
33,65,365586,1,0
33,66,602617,1,0
33,67,937927,1,0
33,68,909852,1,0
33,69,839317,1,0
33,70,787477,1,0
33,71,710376,1,0
33,72,755729,1,0
33,73,677440,1,0
33,74,608984,1,0
33,75,505337,1,0
33,76,472851,1,0
33,77,957234,1,0
33,78,870019,1,0
33,79,697946,1,0
33,80,522046,1,0
33,81,326823,1,0
33,82,168855,1,0
33,83,305724,1,0
33,84,222022,1,0
33,85,33130,1,0
33,86,12731,1,0
33,87,36938,1,0
33,88,74910,1,0
33,89,26372,1,0
33,90,14505,1,0
33,91,15916,1,0
33,92,13887,1,0
33,93,155828,1,0
33,94,265064,1,0
33,95,118832,1,0
33,96,16521,1,0
33,97,12842,1,0
33,98,30585,1,0
33,99,34102,1,0
33,100,12657,1,0
33,101,12885,1,0
33,102,12636,1,0
33,103,15639,1,0
33,104,59188,1,0
33,105,13113,1,0
33,106,12385,1,0
33,107,12682,1,0
33,108,10604,1,0
33,109,103188,1,0
33,110,12136,1,0
33,111,33275,1,0
33,112,553867,1,0
33,113,579105,1,0
33,114,509369,1,0
33,115,416001,1,0
33,116,359068,1,0
33,117,505109,1,0
33,118,398596,1,0
33,119,229421,1,0
33,120,57222,1,0
33,121,12782,1,0
33,122,128015,1,0
33,123,12781,1,0
33,124,12350,1,0
33,125,12125,1,0
33,126,12858,1,0
33,127,37612,1,0
33,128,11655,1,0
33,129,10183,1,0
33,130,12760,1,0
33,131,11191,1,0
33,132,22985,1,0
33,133,12325,1,0
33,134,12887,1,0
33,135,13711,1,0
33,136,12872,1,0
33,137,11489,1,0
33,138,56193,1,0
33,139,12638,1,0
33,140,12598,1,0
33,141,11764,1,0
33,142,13754,1,0
33,143,82210,1,0
33,144,206435,1,0
33,145,21550,1,0
33,146,11776,1,0
33,147,13494,1,0
33,148,12739,1,0
33,149,54045,1,0
33,150,12770,1,0
33,151,10654,1,0
33,152,13111,1,0
33,153,10777,1,0
33,154,42336,1,0
33,155,11752,1,0
33,156,12547,1,0
33,157,9837,1,0
33,158,12369,1,0
33,159,34818,1,0
33,160,13449,1,0
33,161,18560,1,0
33,162,13256,1,0
33,163,13493,1,0
33,164,34638,1,0
33,165,11750,1,0
33,166,11695,1,0
33,167,12645,1,0
33,168,10715,1,0
33,169,20495,1,0
33,170,11777,1,0
33,171,12734,1,0
33,172,10391,1,0
33,173,10340,1,0
33,174,12866,1,0
33,175,26098,1,0
33,176,12153,1,0
33,177,11451,1,0
33,178,11261,1,0
33,179,11823,1,0
33,180,50862,1,0
33,181,10659,1,0
33,182,12325,1,0
33,183,11789,1,0
33,184,10530,1,0
33,185,24812,1,0
33,186,14221,1,0
33,187,13349,1,0
33,188,12370,1,0
33,189,11694,1,0
33,190,38191,1,0
33,191,11405,1,0
33,192,12999,1,0
33,193,10927,1,0
33,194,15087,1,0
33,195,10664,1,0
33,196,13230,1,0
33,197,12400,1,0
33,198,11894,1,0
33,199,10185,1,0
33,200,10933,1,0
33,201,13467,1,0
33,202,9705,1,0
33,203,11660,1,0
33,204,12573,1,0
33,205,15385,1,0
33,206,12379,1,0
33,207,13130,1,0
33,208,12319,1,0
33,209,12145,1,0
33,210,22216,1,0
33,211,12919,1,0
33,212,12478,1,0
33,213,13003,1,0
33,214,12072,1,0
33,215,33136,1,0
33,216,12397,1,0
33,217,11785,1,0
33,218,12558,1,0
33,219,12284,1,0
33,220,42338,1,0
33,221,10007,1,0
33,222,11754,1,0
33,223,12843,1,0
33,224,12385,1,0
33,225,167270,1,0
33,226,260221,1,0
33,227,226217,1,0
33,228,111955,1,0
33,229,14608,1,0
33,230,10497,1,0
33,231,11625,1,0
33,232,12197,1,0
33,233,14149,1,0
33,234,12247,1,0
33,235,12618,1,0
33,236,181759,1,0
33,237,157876,1,0
33,238,10896,1,0
33,239,10985,1,0
33,240,11592,1,0
33,241,9517,1,0
33,242,10170,1,0
33,243,12815,1,0
33,244,10259,1,0
33,245,10479,1,0
33,246,11850,1,0
33,247,49842,1,0
33,248,10318,1,0
33,249,13613,1,0
33,250,10469,1,0
33,251,10746,1,0
33,252,50524,1,0
33,253,14568,1,0
33,254,12276,1,0
33,255,11952,1,0
33,256,12321,1,0
33,257,50076,1,0
33,258,10542,1,0
33,259,10279,1,0
33,260,9377,1,0
33,261,13001,1,0
33,262,286326,1,0
33,263,221902,1,0
33,264,9715,1,0
33,265,10935,1,0
33,266,10624,1,0
33,267,41742,1,0
33,268,9743,1,0
33,269,12895,1,0
33,270,11847,1,0
33,271,10488,1,0
33,272,33114,1,0
33,273,10702,1,0
33,274,17454,1,0
33,275,12574,1,0
33,276,9250,1,0
33,277,81091,1,0
33,278,13073,1,0
33,279,9836,1,0
33,280,9602,1,0
33,281,10432,1,0
33,282,25536,1,0
33,283,12389,1,0
33,284,10540,1,0
33,285,11757,1,0
33,286,13036,1,0
33,287,101426,1,0
33,288,11859,1,0
33,289,11650,1,0
33,290,10069,1,0
33,291,13620,1,0
33,292,159051,1,0
33,293,53808,1,0
33,294,11464,1,0
33,295,11665,1,0
33,296,12551,1,0
33,297,78886,1,0
33,298,18974,1,0
33,299,11891,1,0
33,300,12705,1,0
33,301,9797,1,0
33,302,22294,1,0
33,303,11540,1,0
33,304,12295,1,0
33,305,10430,1,0
33,306,92637,1,0
33,307,292890,1,0
33,308,630756,1,0
33,309,603164,1,0
33,310,1033743,1,0
33,311,778530,1,0
33,312,616495,1,0
33,313,582195,1,0
33,314,414750,1,0
33,315,322640,1,0
33,316,248760,1,0
33,317,320693,1,0
33,318,156556,1,0
33,319,9603,1,0
33,320,12664,1,0
33,321,9862,1,0
33,322,13873,1,0
33,323,11738,1,0
33,324,13083,1,0
33,325,123824,1,0
33,326,12393,1,0
33,327,17324,1,0
33,328,12269,1,0
33,329,148903,1,0
33,330,11949,1,0
33,331,51720,1,0
33,332,24599,1,0
33,333,10005,1,0
33,334,12089,1,0
33,335,11901,1,0
33,336,73177,1,0
33,337,19753,1,0
33,338,12746,1,0
33,339,11247,1,0
33,340,12715,1,0
33,341,44663,1,0
33,342,12553,1,0
33,343,10872,1,0
33,344,11821,1,0
33,345,11065,1,0
33,346,34733,1,0
33,347,26462,1,0
33,348,13121,1,0
33,349,12459,1,0
33,350,130700,1,0
33,351,17239,1,0
33,352,110001,1,0
33,353,12992,1,0
33,354,10173,1,0
33,355,12583,1,0
33,356,21369,1,0
33,357,16220,1,0
33,358,12165,1,0
33,359,10574,1,0
33,360,13587,1,0
33,361,20951,1,0
33,362,10401,1,0
33,363,9863,1,0
33,364,10363,1,0
33,365,10562,1,0
33,366,21067,1,0
33,367,19698,1,0
33,368,9651,1,0
33,369,12167,1,0
33,370,13630,1,0
33,371,12004,1,0
33,372,9393,1,0
33,373,10460,1,0
33,374,11084,1,0
33,375,12690,1,0
33,376,10940,1,0
33,377,129143,1,0
33,378,11566,1,0
33,379,10416,1,0
33,380,12683,1,0
33,381,10153,1,0
33,382,25994,1,0
33,383,12513,1,0
33,384,9706,1,0
33,385,10624,1,0
33,386,10032,1,0
33,387,54922,1,0
33,388,10500,1,0
33,389,10000,1,0
33,390,9808,1,0
33,391,10891,1,0
33,392,22648,1,0
33,393,100653,1,0
33,394,12149,1,0
33,395,9317,1,0
33,396,12150,1,0
33,397,14341,1,0
33,398,21623,1,0
33,399,10128,1,0
33,400,10930,1,0
33,401,16509,1,0
33,402,11081,1,0
33,403,66432,1,0
33,404,13748,1,0
33,405,10181,1,0
33,406,14399,1,0
33,407,17464,1,0
33,408,45770,1,0
33,409,14068,1,0
33,410,11689,1,0
33,411,10814,1,0
33,412,12461,1,0
33,413,58407,1,0
33,414,12723,1,0
33,415,12775,1,0
33,416,12392,1,0
33,417,12996,1,0
33,418,46845,1,0
33,419,9878,1,0
33,420,9842,1,0
33,421,10974,1,0
33,422,10010,1,0
33,423,50832,1,0
33,424,10305,1,0
33,425,9581,1,0
33,426,10713,1,0
33,427,13465,1,0
33,428,40311,1,0
33,429,12959,1,0
33,430,9814,1,0
33,431,10420,1,0
33,432,10354,1,0
33,433,25609,1,0
33,434,274263,1,0
33,435,253951,1,0
33,436,41834,1,0
33,437,13596,1,0
33,438,17201,1,0
33,439,73021,1,0
33,440,10451,1,0
33,441,12180,1,0
33,442,12554,1,0
33,443,13143,1,0
33,444,67134,1,0
33,445,9718,1,0
33,446,11950,1,0
33,447,13734,1,0
33,448,9898,1,0
33,449,64679,1,0
33,450,12040,1,0
33,451,10432,1,0
33,452,10134,1,0
33,453,11501,1,0
33,454,9899,1,0
33,455,10737,1,0
33,456,12137,1,0
33,457,13292,1,0
33,458,9668,1,0
33,459,116776,1,0
33,460,45860,1,0
33,461,13065,1,0
33,462,10571,1,0
33,463,12156,1,0
33,464,25597,1,0
33,465,13342,1,0
33,466,10780,1,0
33,467,11899,1,0
33,468,11844,1,0
33,469,11324,1,0
33,470,92264,1,0
33,471,270871,1,0
33,472,44661,1,0
33,473,9998,1,0
33,474,9071,1,0
33,475,10625,1,0
33,476,51017,1,0
33,477,12337,1,0
33,478,10515,1,0
33,479,12647,1,0
33,480,11613,1,0
33,481,42535,1,0
33,482,10622,1,0
33,483,9910,1,0
33,484,12653,1,0
33,485,12093,1,0
33,486,63903,1,0
33,487,12494,1,0
33,488,12619,1,0
33,489,27119,1,0
33,490,10456,1,0
33,491,52470,1,0
33,492,12109,1,0
33,493,10486,1,0
33,494,10083,1,0
33,495,10676,1,0
33,496,11551,1,0
33,497,13300,1,0
33,498,12732,1,0
33,499,10740,1,0
33,500,9787,1,0
33,501,179681,1,0
33,502,11780,1,0
33,503,11795,1,0
33,504,10200,1,0
33,505,10346,1,0
33,506,21653,1,0
33,507,13167,1,0
33,508,11733,1,0
33,509,11870,1,0
33,510,9992,1,0
33,511,66868,1,0
33,512,36821,1,0
33,513,11381,1,0
33,514,10680,1,0
33,515,10830,1,0
33,516,13749,1,0
33,517,58659,1,0
33,518,9627,1,0
33,519,10004,1,0
33,520,17443,1,0
33,521,12857,1,0
33,522,54389,1,0
33,523,8844,1,0
33,524,11252,1,0
33,525,12446,1,0
33,526,12201,1,0
33,527,10777,1,0
33,528,10779,1,0
33,529,17698,1,0
33,530,14495,1,0
33,531,9890,1,0
33,532,10772,1,0
33,533,11255,1,0
33,534,10449,1,0
33,535,22150,1,0
33,536,13950,1,0
33,537,137286,1,0
33,538,38359,1,0
33,539,11164,1,0
33,540,12565,1,0
33,541,11315,1,0
33,542,55399,1,0
33,543,16396,1,0
33,544,13724,1,0
33,545,12708,1,0
33,546,11773,1,0
33,547,53416,1,0
33,548,23346,1,0
33,549,12462,1,0
33,550,12837,1,0
33,551,10003,1,0
33,552,11319,1,0
33,553,10590,1,0
33,554,11525,1,0
33,555,12225,1,0
33,556,8937,1,0
33,557,119355,1,0
33,558,10068,1,0
33,559,10453,1,0
33,560,9344,1,0
33,561,11515,1,0
33,562,14484,1,0
33,563,10004,1,0
33,564,12978,1,0
33,565,12802,1,0
33,566,10564,1,0
33,567,72413,1,0
33,568,11772,1,0
33,569,13078,1,0
33,570,10759,1,0
33,571,13324,1,0
33,572,45661,1,0
33,573,12405,1,0
33,574,9851,1,0
33,575,10666,1,0
33,576,10433,1,0
33,577,26444,1,0
33,578,10640,1,0
33,579,9861,1,0
33,580,9750,1,0
33,581,10562,1,0
33,582,70614,1,0
33,583,11181,1,0
33,584,12041,1,0
33,585,10250,1,0
33,586,11154,1,0
33,587,56790,1,0
33,588,87723,1,0
33,589,12709,1,0
33,590,13275,1,0
33,591,11761,1,0
33,592,48235,1,0
33,593,136264,1,0
33,594,10590,1,0
33,595,10265,1,0
33,596,10003,1,0
33,597,45348,1,0
33,598,9529,1,0
33,599,11701,1,0
34,0,95705,1,0
34,1,49898,1,0
34,2,12280,1,0
34,3,19309,1,0
34,4,11166,1,0
34,5,49124,1,0
34,6,17233,1,0
34,7,55587,1,0
34,8,11566,1,0
34,9,24780,1,0
34,10,12074,1,0
34,11,14661,1,0
34,12,14521,1,0
34,13,13059,1,0
34,14,12119,1,0
34,15,11724,1,0
34,16,14769,1,0
34,17,17520,1,0
34,18,23167,1,0
34,19,13790,1,0
34,20,10719,1,0
34,21,13599,1,0
34,22,17682,1,0
34,23,13952,1,0
34,24,11579,1,0
34,25,16270,1,0
34,26,48298,1,0
34,27,34149,1,0
34,28,13884,1,0
34,29,11773,1,0
34,30,13333,1,0
34,31,11912,1,0
34,32,13654,1,0
34,33,12941,1,0
34,34,25709,1,0
34,35,164459,1,0
34,36,45436,1,0
34,37,32490,1,0
34,38,11862,1,0
34,39,11754,1,0
34,40,124350,1,0
34,41,11099,1,0
34,42,9385,1,0
34,43,11579,1,0
34,44,14157,1,0
34,45,232951,1,0
34,46,226941,1,0
34,47,158029,1,0
34,48,53833,1,0
34,49,13630,1,0
34,50,11391,1,0
34,51,12395,1,0
34,52,13401,1,0
34,53,11774,1,0
34,54,8875,1,0
34,55,10810,1,0
34,56,144345,1,0
34,57,224995,1,0
34,58,257118,1,0
34,59,175902,1,0
34,60,36652,1,0
34,61,11612,1,0
34,62,83300,1,0
34,63,25007,1,0
34,64,15437,1,0
34,65,374248,1,0
34,66,603269,1,0
34,67,937993,1,0
34,68,908235,1,0
34,69,838451,1,0
34,70,788404,1,0
34,71,710295,1,0
34,72,753817,1,0
34,73,676106,1,0
34,74,607205,1,0
34,75,503923,1,0
34,76,472443,1,0
34,77,956070,1,0
34,78,867498,1,0
34,79,697008,1,0
34,80,519611,1,0
34,81,325559,1,0
34,82,180891,1,0
34,83,303460,1,0
34,84,221694,1,0
34,85,31341,1,0
34,86,13767,1,0
34,87,37215,1,0
34,88,88871,1,0
34,89,25394,1,0
34,90,12646,1,0
34,91,16694,1,0
34,92,13692,1,0
34,93,157020,1,0
34,94,264432,1,0
34,95,118556,1,0
34,96,17383,1,0
34,97,14960,1,0
34,98,27651,1,0
34,99,33488,1,0
34,100,13514,1,0
34,101,15971,1,0
34,102,12241,1,0
34,103,20949,1,0
34,104,59133,1,0
34,105,11011,1,0
34,106,12357,1,0
34,107,9339,1,0
34,108,11863,1,0
34,109,101831,1,0
34,110,12332,1,0
34,111,53333,1,0
34,112,553841,1,0
34,113,582280,1,0
34,114,505926,1,0
34,115,413551,1,0
34,116,357306,1,0
34,117,503366,1,0
34,118,395702,1,0
34,119,225559,1,0
34,120,56050,1,0
34,121,11652,1,0
34,122,126602,1,0
34,123,12471,1,0
34,124,11905,1,0
34,125,10854,1,0
34,126,12889,1,0
34,127,35476,1,0
34,128,9294,1,0
34,129,11457,1,0
34,130,11401,1,0
34,131,12135,1,0
34,132,35739,1,0
34,133,13093,1,0
34,134,10793,1,0
34,135,11950,1,0
34,136,12637,1,0
34,137,10915,1,0
34,138,53356,1,0
34,139,13912,1,0
34,140,12171,1,0
34,141,11052,1,0
34,142,13022,1,0
34,143,80381,1,0
34,144,203848,1,0
34,145,17809,1,0
34,146,11340,1,0
34,147,12440,1,0
34,148,12313,1,0
34,149,51863,1,0
34,150,11042,1,0
34,151,11357,1,0
34,152,10742,1,0
34,153,11655,1,0
34,154,39900,1,0
34,155,10388,1,0
34,156,11875,1,0
34,157,11489,1,0
34,158,12358,1,0
34,159,32800,1,0
34,160,12886,1,0
34,161,15935,1,0
34,162,11110,1,0
34,163,10924,1,0
34,164,31499,1,0
34,165,10315,1,0
34,166,12126,1,0
34,167,13915,1,0
34,168,12426,1,0
34,169,32481,1,0
34,170,9507,1,0
34,171,9729,1,0
34,172,12461,1,0
34,173,11931,1,0
34,174,9950,1,0
34,175,25579,1,0
34,176,12191,1,0
34,177,12026,1,0
34,178,11745,1,0
34,179,9545,1,0
34,180,62105,1,0
34,181,11082,1,0
34,182,11713,1,0
34,183,11993,1,0
34,184,11866,1,0
34,185,38324,1,0
34,186,11817,1,0
34,187,11799,1,0
34,188,9521,1,0
34,189,12258,1,0
34,190,36213,1,0
34,191,12847,1,0
34,192,10307,1,0
34,193,9603,1,0
34,194,12870,1,0
34,195,22721,1,0
34,196,11257,1,0
34,197,12840,1,0
34,198,20295,1,0
34,199,9423,1,0
34,200,15103,1,0
34,201,11941,1,0
34,202,11087,1,0
34,203,13539,1,0
34,204,9795,1,0
34,205,19343,1,0
34,206,11335,1,0
34,207,11823,1,0
34,208,11844,1,0
34,209,11394,1,0
34,210,19696,1,0
34,211,12312,1,0
34,212,13585,1,0
34,213,10572,1,0
34,214,11636,1,0
34,215,29627,1,0
34,216,11314,1,0
34,217,11453,1,0
34,218,11381,1,0
34,219,11177,1,0
34,220,40673,1,0
34,221,13333,1,0
34,222,10747,1,0
34,223,13004,1,0
34,224,12133,1,0
34,225,167627,1,0
34,226,257814,1,0
34,227,224930,1,0
34,228,111984,1,0
34,229,23377,1,0
34,230,11874,1,0
34,231,10737,1,0
34,232,11119,1,0
34,233,11669,1,0
34,234,10936,1,0
34,235,12141,1,0
34,236,181257,1,0
34,237,157158,1,0
34,238,12246,1,0
34,239,9467,1,0
34,240,12105,1,0
34,241,11933,1,0
34,242,11476,1,0
34,243,12182,1,0
34,244,9318,1,0
34,245,12270,1,0
34,246,13187,1,0
34,247,47627,1,0
34,248,11593,1,0
34,249,12753,1,0
34,250,11020,1,0
34,251,11672,1,0
34,252,48178,1,0
34,253,13871,1,0
34,254,10746,1,0
34,255,11391,1,0
34,256,12168,1,0
34,257,48753,1,0
34,258,12513,1,0
34,259,13442,1,0
34,260,17855,1,0
34,261,13777,1,0
34,262,283744,1,0
34,263,220177,1,0
34,264,12669,1,0
34,265,12135,1,0
34,266,10898,1,0
34,267,39122,1,0
34,268,10719,1,0
34,269,13187,1,0
34,270,12306,1,0
34,271,9787,1,0
34,272,45234,1,0
34,273,12060,1,0
34,274,19920,1,0
34,275,9881,1,0
34,276,11806,1,0
34,277,79801,1,0
34,278,12773,1,0
34,279,12350,1,0
34,280,11694,1,0
34,281,10620,1,0
34,282,38086,1,0
34,283,14380,1,0
34,284,12209,1,0
34,285,11469,1,0
34,286,11547,1,0
34,287,99289,1,0
34,288,12767,1,0
34,289,11658,1,0
34,290,12299,1,0
34,291,14147,1,0
34,292,159094,1,0
34,293,52188,1,0
34,294,12057,1,0
34,295,11680,1,0
34,296,11164,1,0
34,297,77768,1,0
34,298,17811,1,0
34,299,12197,1,0
34,300,12024,1,0
34,301,13539,1,0
34,302,34994,1,0
34,303,12555,1,0
34,304,12165,1,0
34,305,12556,1,0
34,306,93441,1,0
34,307,293585,1,0
34,308,631411,1,0
34,309,600572,1,0
34,310,1028660,1,0
34,311,781143,1,0
34,312,612795,1,0
34,313,580256,1,0
34,314,413481,1,0
34,315,320920,1,0
34,316,259978,1,0
34,317,317123,1,0
34,318,153082,1,0
34,319,14001,1,0
34,320,14204,1,0
34,321,13888,1,0
34,322,12542,1,0
34,323,20032,1,0
34,324,11668,1,0
34,325,121199,1,0
34,326,9610,1,0
34,327,16250,1,0
34,328,12301,1,0
34,329,149082,1,0
34,330,13133,1,0
34,331,49528,1,0
34,332,22998,1,0
34,333,11579,1,0
34,334,13746,1,0
34,335,12862,1,0
34,336,71909,1,0
34,337,18761,1,0
34,338,13136,1,0
34,339,12548,1,0
34,340,11479,1,0
34,341,42353,1,0
34,342,12237,1,0
34,343,12416,1,0
34,344,12638,1,0
34,345,12334,1,0
34,346,31184,1,0
34,347,27094,1,0
34,348,11904,1,0
34,349,10854,1,0
34,350,129252,1,0
34,351,18404,1,0
34,352,108568,1,0
34,353,13729,1,0
34,354,11972,1,0
34,355,12292,1,0
34,356,34642,1,0
34,357,18271,1,0
34,358,9479,1,0
34,359,10810,1,0
34,360,12278,1,0
34,361,17704,1,0
34,362,9640,1,0
34,363,11573,1,0
34,364,9476,1,0
34,365,11315,1,0
34,366,25445,1,0
34,367,25245,1,0
34,368,13547,1,0
34,369,11207,1,0
34,370,12062,1,0
34,371,12028,1,0
34,372,10863,1,0
34,373,11235,1,0
34,374,10844,1,0
34,375,11755,1,0
34,376,11449,1,0
34,377,124734,1,0
34,378,9427,1,0
34,379,11573,1,0
34,380,11471,1,0
34,381,9478,1,0
34,382,23886,1,0
34,383,11545,1,0
34,384,11854,1,0
34,385,10599,1,0
34,386,11148,1,0
34,387,52525,1,0
34,388,12019,1,0
34,389,12049,1,0
34,390,12054,1,0
34,391,12957,1,0
34,392,20546,1,0
34,393,99215,1,0
34,394,10692,1,0
34,395,11238,1,0
34,396,12028,1,0
34,397,15565,1,0
34,398,19247,1,0
34,399,11406,1,0
34,400,11676,1,0
34,401,20396,1,0
34,402,12148,1,0
34,403,64654,1,0
34,404,10825,1,0
34,405,12051,1,0
34,406,13059,1,0
34,407,21332,1,0
34,408,43344,1,0
34,409,14173,1,0
34,410,12162,1,0
34,411,11531,1,0
34,412,11487,1,0
34,413,56308,1,0
34,414,10380,1,0
34,415,11611,1,0
34,416,11757,1,0
34,417,15073,1,0
34,418,43805,1,0
34,419,12094,1,0
34,420,12585,1,0
34,421,12786,1,0
34,422,13347,1,0
34,423,47793,1,0
34,424,11615,1,0
34,425,11600,1,0
34,426,12280,1,0
34,427,17140,1,0
34,428,36830,1,0
34,429,11370,1,0
34,430,11484,1,0
34,431,12201,1,0
34,432,12603,1,0
34,433,24389,1,0
34,434,271918,1,0
34,435,251708,1,0
34,436,38269,1,0
34,437,14658,1,0
34,438,15781,1,0
34,439,71350,1,0
34,440,11823,1,0
34,441,12335,1,0
34,442,11167,1,0
34,443,10713,1,0
34,444,79722,1,0
34,445,13001,1,0
34,446,14993,1,0
34,447,13415,1,0
34,448,11748,1,0
34,449,79638,1,0
34,450,12151,1,0
34,451,11959,1,0
34,452,11704,1,0
34,453,12753,1,0
34,454,11584,1,0
34,455,11660,1,0
34,456,13836,1,0
34,457,12693,1,0
34,458,11711,1,0
34,459,114386,1,0
34,460,43480,1,0
34,461,11650,1,0
34,462,11627,1,0
34,463,12554,1,0
34,464,22753,1,0
34,465,11480,1,0
34,466,12670,1,0
34,467,12161,1,0
34,468,12091,1,0
34,469,12974,1,0
34,470,100657,1,0
34,471,268792,1,0
34,472,42738,1,0
34,473,11634,1,0
34,474,10816,1,0
34,475,11948,1,0
34,476,49206,1,0
34,477,11824,1,0
34,478,10383,1,0
34,479,12503,1,0
34,480,12243,1,0
34,481,38801,1,0
34,482,11006,1,0
34,483,11345,1,0
34,484,12464,1,0
34,485,13264,1,0
34,486,61299,1,0
34,487,10699,1,0
34,488,13389,1,0
34,489,26204,1,0
34,490,11043,1,0
34,491,65802,1,0
34,492,11261,1,0
34,493,12914,1,0
34,494,11895,1,0
34,495,11587,1,0
34,496,23593,1,0
34,497,11225,1,0
34,498,11508,1,0
34,499,11938,1,0
34,500,11881,1,0
34,501,187846,1,0
34,502,13431,1,0
34,503,13738,1,0
34,504,11147,1,0
34,505,11491,1,0
34,506,18948,1,0
34,507,13479,1,0
34,508,11243,1,0
34,509,11530,1,0
34,510,12177,1,0
34,511,64428,1,0
34,512,32089,1,0
34,513,11575,1,0
34,514,11456,1,0
34,515,13704,1,0
34,516,13643,1,0
34,517,57843,1,0
34,518,11281,1,0
34,519,11345,1,0
34,520,17267,1,0
34,521,13413,1,0
34,522,54303,1,0
34,523,9316,1,0
34,524,10106,1,0
34,525,9149,1,0
34,526,9435,1,0
34,527,10775,1,0
34,528,10699,1,0
34,529,13649,1,0
34,530,16067,1,0
34,531,11586,1,0
34,532,12512,1,0
34,533,11961,1,0
34,534,11669,1,0
34,535,24211,1,0
34,536,11459,1,0
34,537,156887,1,0
34,538,35764,1,0
34,539,13058,1,0
34,540,15604,1,0
34,541,12840,1,0
34,542,52880,1,0
34,543,17026,1,0
34,544,11463,1,0
34,545,10136,1,0
34,546,11270,1,0
34,547,65506,1,0
34,548,24234,1,0
34,549,11842,1,0
34,550,10362,1,0
34,551,12232,1,0
34,552,11735,1,0
34,553,12716,1,0
34,554,10848,1,0
34,555,11443,1,0
34,556,11460,1,0
34,557,119007,1,0
34,558,11874,1,0
34,559,9521,1,0
34,560,11206,1,0
34,561,10736,1,0
34,562,12208,1,0
34,563,13516,1,0
34,564,13685,1,0
34,565,11907,1,0
34,566,9551,1,0
34,567,70710,1,0
34,568,14536,1,0
34,569,12244,1,0
34,570,10559,1,0
34,571,12328,1,0
34,572,43080,1,0
34,573,9786,1,0
34,574,10355,1,0
34,575,11835,1,0
34,576,12162,1,0
34,577,25337,1,0
34,578,12564,1,0
34,579,11254,1,0
34,580,12025,1,0
34,581,13006,1,0
34,582,68780,1,0
34,583,11305,1,0
34,584,10834,1,0
34,585,12513,1,0
34,586,13747,1,0
34,587,107293,1,0
34,588,85072,1,0
34,589,11691,1,0
34,590,10843,1,0
34,591,9730,1,0
34,592,125658,1,0
34,593,134996,1,0
34,594,10951,1,0
34,595,9899,1,0
34,596,11458,1,0
34,597,55222,1,0
34,598,11948,1,0
34,599,11622,1,0
35,0,102692,1,0
35,1,49431,1,0
35,2,10379,1,0
35,3,17544,1,0
35,4,10747,1,0
35,5,49217,1,0
35,6,16889,1,0
35,7,57716,1,0
35,8,11365,1,0
35,9,24177,1,0
35,10,10569,1,0
35,11,16807,1,0
35,12,14965,1,0
35,13,12940,1,0
35,14,13512,1,0
35,15,12532,1,0
35,16,13339,1,0
35,17,15468,1,0
35,18,21077,1,0
35,19,12713,1,0
35,20,11372,1,0
35,21,14983,1,0
35,22,17276,1,0
35,23,13535,1,0
35,24,11235,1,0
35,25,15808,1,0
35,26,48427,1,0
35,27,31206,1,0
35,28,12388,1,0
35,29,11255,1,0
35,30,11797,1,0
35,31,11279,1,0
35,32,14156,1,0
35,33,12411,1,0
35,34,30884,1,0
35,35,164313,1,0
35,36,43227,1,0
35,37,31021,1,0
35,38,11468,1,0
35,39,12223,1,0
35,40,123905,1,0
35,41,10610,1,0
35,42,11454,1,0
35,43,10672,1,0
35,44,11925,1,0
35,45,231581,1,0
35,46,225095,1,0
35,47,156636,1,0
35,48,51381,1,0
35,49,13015,1,0
35,50,10931,1,0
35,51,11662,1,0
35,52,12280,1,0
35,53,12985,1,0
35,54,12339,1,0
35,55,12766,1,0
35,56,142770,1,0
35,57,222984,1,0
35,58,254094,1,0
35,59,174728,1,0
35,60,34738,1,0
35,61,11348,1,0
35,62,79971,1,0
35,63,25861,1,0
35,64,18376,1,0
35,65,382150,1,0
35,66,602733,1,0
35,67,937428,1,0
35,68,907931,1,0
35,69,838618,1,0
35,70,787510,1,0
35,71,709183,1,0
35,72,754287,1,0
35,73,674995,1,0
35,74,603709,1,0
35,75,501099,1,0
35,76,474467,1,0
35,77,955225,1,0
35,78,866989,1,0
35,79,693970,1,0
35,80,523327,1,0
35,81,323877,1,0
35,82,177315,1,0
35,83,300066,1,0
35,84,220105,1,0
35,85,28383,1,0
35,86,12961,1,0
35,87,35962,1,0
35,88,105981,1,0
35,89,22934,1,0
35,90,10875,1,0
35,91,18230,1,0
35,92,13691,1,0
35,93,156232,1,0
35,94,262982,1,0
35,95,118407,1,0
35,96,17800,1,0
35,97,14587,1,0
35,98,27409,1,0
35,99,32075,1,0
35,100,12794,1,0
35,101,13976,1,0
35,102,12785,1,0
35,103,19740,1,0
35,104,59438,1,0
35,105,13025,1,0
35,106,14699,1,0
35,107,12642,1,0
35,108,9835,1,0
35,109,98384,1,0
35,110,10991,1,0
35,111,72793,1,0
35,112,560029,1,0
35,113,582107,1,0
35,114,504696,1,0
35,115,413960,1,0
35,116,356945,1,0
35,117,502569,1,0
35,118,392014,1,0
35,119,223074,1,0
35,120,55593,1,0
35,121,11705,1,0
35,122,123958,1,0
35,123,10662,1,0
35,124,11412,1,0
35,125,12045,1,0
35,126,12813,1,0
35,127,42782,1,0
35,128,11798,1,0
35,129,9687,1,0
35,130,11143,1,0
35,131,11155,1,0
35,132,34931,1,0
35,133,12513,1,0
35,134,10972,1,0
35,135,11305,1,0
35,136,11732,1,0
35,137,10307,1,0
35,138,64908,1,0
35,139,11137,1,0
35,140,10480,1,0
35,141,9617,1,0
35,142,11328,1,0
35,143,94740,1,0
35,144,200007,1,0
35,145,15598,1,0
35,146,11276,1,0
35,147,12716,1,0
35,148,11267,1,0
35,149,50286,1,0
35,150,10597,1,0
35,151,11768,1,0
35,152,13340,1,0
35,153,11152,1,0
35,154,53900,1,0
35,155,12156,1,0
35,156,11581,1,0
35,157,8853,1,0
35,158,11574,1,0
35,159,30487,1,0
35,160,10182,1,0
35,161,12385,1,0
35,162,10418,1,0
35,163,12093,1,0
35,164,28366,1,0
35,165,10720,1,0
35,166,10560,1,0
35,167,11267,1,0
35,168,10977,1,0
35,169,30024,1,0
35,170,10522,1,0
35,171,10176,1,0
35,172,10120,1,0
35,173,12043,1,0
35,174,10794,1,0
35,175,23768,1,0
35,176,11799,1,0
35,177,10419,1,0
35,178,9072,1,0
35,179,9922,1,0
35,180,58649,1,0
35,181,11807,1,0
35,182,9238,1,0
35,183,10952,1,0
35,184,9767,1,0
35,185,36181,1,0
35,186,10575,1,0
35,187,11534,1,0
35,188,11495,1,0
35,189,9886,1,0
35,190,34847,1,0
35,191,10638,1,0
35,192,11178,1,0
35,193,12379,1,0
35,194,10226,1,0
35,195,19463,1,0
35,196,10192,1,0
35,197,11376,1,0
35,198,24039,1,0
35,199,12170,1,0
35,200,20412,1,0
35,201,12220,1,0
35,202,9648,1,0
35,203,11211,1,0
35,204,9615,1,0
35,205,16823,1,0
35,206,11162,1,0
35,207,10745,1,0
35,208,10733,1,0
35,209,12657,1,0
35,210,31280,1,0
35,211,11831,1,0
35,212,11780,1,0
35,213,11336,1,0
35,214,10664,1,0
35,215,26503,1,0
35,216,10831,1,0
35,217,12666,1,0
35,218,10370,1,0
35,219,8614,1,0
35,220,54459,1,0
35,221,11584,1,0
35,222,10996,1,0
35,223,11145,1,0
35,224,10724,1,0
35,225,176466,1,0
35,226,261831,1,0
35,227,223379,1,0
35,228,109040,1,0
35,229,20603,1,0
35,230,10493,1,0
35,231,12678,1,0
35,232,10362,1,0
35,233,10827,1,0
35,234,10431,1,0
35,235,11397,1,0
35,236,197533,1,0
35,237,154982,1,0
35,238,12424,1,0
35,239,12523,1,0
35,240,10881,1,0
35,241,10419,1,0
35,242,9795,1,0
35,243,11022,1,0
35,244,10829,1,0
35,245,11524,1,0
35,246,10880,1,0
35,247,44026,1,0
35,248,11602,1,0
35,249,10178,1,0
35,250,10638,1,0
35,251,10380,1,0
35,252,47319,1,0
35,253,13276,1,0
35,254,11698,1,0
35,255,11909,1,0
35,256,14148,1,0
35,257,47939,1,0
35,258,11708,1,0
35,259,12548,1,0
35,260,15429,1,0
35,261,12368,1,0
35,262,315687,1,0
35,263,216603,1,0
35,264,11101,1,0
35,265,10125,1,0
35,266,11347,1,0
35,267,51018,1,0
35,268,11693,1,0
35,269,10692,1,0
35,270,10525,1,0
35,271,9385,1,0
35,272,42183,1,0
35,273,10657,1,0
35,274,19815,1,0
35,275,12719,1,0
35,276,9808,1,0
35,277,78591,1,0
35,278,10597,1,0
35,279,9783,1,0
35,280,10145,1,0
35,281,11049,1,0
35,282,34381,1,0
35,283,12446,1,0
35,284,8578,1,0
35,285,11213,1,0
35,286,11336,1,0
35,287,99019,1,0
35,288,12041,1,0
35,289,12631,1,0
35,290,10896,1,0
35,291,12204,1,0
35,292,158581,1,0
35,293,49609,1,0
35,294,11506,1,0
35,295,11523,1,0
35,296,11298,1,0
35,297,75318,1,0
35,298,15377,1,0
35,299,10527,1,0
35,300,10722,1,0
35,301,10934,1,0
35,302,32792,1,0
35,303,10419,1,0
35,304,11369,1,0
35,305,12239,1,0
35,306,98388,1,0
35,307,310115,1,0
35,308,633545,1,0
35,309,601311,1,0
35,310,1026447,1,0
35,311,783005,1,0
35,312,611922,1,0
35,313,578771,1,0
35,314,412596,1,0
35,315,319118,1,0
35,316,280566,1,0
35,317,314532,1,0
35,318,150166,1,0
35,319,11849,1,0
35,320,11954,1,0
35,321,11900,1,0
35,322,10799,1,0
35,323,17639,1,0
35,324,11004,1,0
35,325,118955,1,0
35,326,11499,1,0
35,327,14632,1,0
35,328,11156,1,0
35,329,148266,1,0
35,330,11673,1,0
35,331,64351,1,0
35,332,20068,1,0
35,333,11874,1,0
35,334,12133,1,0
35,335,10283,1,0
35,336,67911,1,0
35,337,16651,1,0
35,338,12546,1,0
35,339,16458,1,0
35,340,10170,1,0
35,341,39967,1,0
35,342,11699,1,0
35,343,8508,1,0
35,344,11067,1,0
35,345,12310,1,0
35,346,27951,1,0
35,347,26687,1,0
35,348,10448,1,0
35,349,10309,1,0
35,350,132335,1,0
35,351,18864,1,0
35,352,112216,1,0
35,353,12130,1,0
35,354,10417,1,0
35,355,10954,1,0
35,356,32866,1,0
35,357,16395,1,0
35,358,9993,1,0
35,359,11026,1,0
35,360,10304,1,0
35,361,14909,1,0
35,362,10543,1,0
35,363,9758,1,0
35,364,10410,1,0
35,365,10222,1,0
35,366,23319,1,0
35,367,23349,1,0
35,368,11041,1,0
35,369,10904,1,0
35,370,12418,1,0
35,371,9713,1,0
35,372,11000,1,0
35,373,10191,1,0
35,374,12353,1,0
35,375,10417,1,0
35,376,10963,1,0
35,377,135724,1,0
35,378,12005,1,0
35,379,10358,1,0
35,380,11683,1,0
35,381,11467,1,0
35,382,20863,1,0
35,383,10933,1,0
35,384,11130,1,0
35,385,11222,1,0
35,386,8483,1,0
35,387,50558,1,0
35,388,10232,1,0
35,389,10878,1,0
35,390,9964,1,0
35,391,11278,1,0
35,392,19005,1,0
35,393,95787,1,0
35,394,11047,1,0
35,395,9580,1,0
35,396,10313,1,0
35,397,15239,1,0
35,398,16530,1,0
35,399,9891,1,0
35,400,12158,1,0
35,401,19911,1,0
35,402,10315,1,0
35,403,68288,1,0
35,404,11225,1,0
35,405,10577,1,0
35,406,12589,1,0
35,407,23963,1,0
35,408,39711,1,0
35,409,12207,1,0
35,410,9950,1,0
35,411,9986,1,0
35,412,12068,1,0
35,413,54917,1,0
35,414,11310,1,0
35,415,10934,1,0
35,416,11667,1,0
35,417,20061,1,0
35,418,40304,1,0
35,419,11779,1,0
35,420,12338,1,0
35,421,11717,1,0
35,422,10975,1,0
35,423,57066,1,0
35,424,10858,1,0
35,425,9816,1,0
35,426,10262,1,0
35,427,18963,1,0
35,428,47139,1,0
35,429,9781,1,0
35,430,12017,1,0
35,431,9893,1,0
35,432,12021,1,0
35,433,36882,1,0
35,434,289897,1,0
35,435,248126,1,0
35,436,34040,1,0
35,437,15557,1,0
35,438,13920,1,0
35,439,71191,1,0
35,440,11936,1,0
35,441,11605,1,0
35,442,11982,1,0
35,443,12746,1,0
35,444,75661,1,0
35,445,10270,1,0
35,446,11888,1,0
35,447,14666,1,0
35,448,10710,1,0
35,449,77412,1,0
35,450,11568,1,0
35,451,8637,1,0
35,452,10132,1,0
35,453,12035,1,0
35,454,11839,1,0
35,455,10766,1,0
35,456,11026,1,0
35,457,13050,1,0
35,458,9843,1,0
35,459,129550,1,0
35,460,40020,1,0
35,461,11128,1,0
35,462,11820,1,0
35,463,11082,1,0
35,464,18712,1,0
35,465,11525,1,0
35,466,10139,1,0
35,467,10710,1,0
35,468,10180,1,0
35,469,10505,1,0
35,470,101287,1,0
35,471,265858,1,0
35,472,39912,1,0
35,473,11733,1,0
35,474,10932,1,0
35,475,10144,1,0
35,476,48104,1,0
35,477,11873,1,0
35,478,12079,1,0
35,479,12889,1,0
35,480,10467,1,0
35,481,44677,1,0
35,482,11254,1,0
35,483,11622,1,0
35,484,11643,1,0
35,485,11761,1,0
35,486,58663,1,0
35,487,11643,1,0
35,488,12664,1,0
35,489,25220,1,0
35,490,10363,1,0
35,491,64900,1,0
35,492,12621,1,0
35,493,11178,1,0
35,494,10544,1,0
35,495,9477,1,0
35,496,20476,1,0
35,497,11932,1,0
35,498,11641,1,0
35,499,10285,1,0
35,500,10432,1,0
35,501,187715,1,0
35,502,11756,1,0
35,503,13879,1,0
35,504,11674,1,0
35,505,10420,1,0
35,506,15652,1,0
35,507,12715,1,0
35,508,12603,1,0
35,509,10709,1,0
35,510,11809,1,0
35,511,62398,1,0
35,512,29554,1,0
35,513,11035,1,0
35,514,10590,1,0
35,515,15825,1,0
35,516,11998,1,0
35,517,57730,1,0
35,518,13146,1,0
35,519,10876,1,0
35,520,15650,1,0
35,521,13184,1,0
35,522,53176,1,0
35,523,10602,1,0
35,524,10741,1,0
35,525,10578,1,0
35,526,9998,1,0
35,527,12214,1,0
35,528,10891,1,0
35,529,10265,1,0
35,530,14862,1,0
35,531,12099,1,0
35,532,12510,1,0
35,533,11291,1,0
35,534,11301,1,0
35,535,25440,1,0
35,536,13490,1,0
35,537,155923,1,0
35,538,34298,1,0
35,539,13070,1,0
35,540,14755,1,0
35,541,11254,1,0
35,542,50365,1,0
35,543,16555,1,0
35,544,11146,1,0
35,545,12410,1,0
35,546,12559,1,0
35,547,66503,1,0
35,548,23819,1,0
35,549,13270,1,0
35,550,11556,1,0
35,551,12589,1,0
35,552,10170,1,0
35,553,10325,1,0
35,554,10105,1,0
35,555,10383,1,0
35,556,10352,1,0
35,557,135330,1,0
35,558,10401,1,0
35,559,12305,1,0
35,560,11744,1,0
35,561,12886,1,0
35,562,25235,1,0
35,563,11217,1,0
35,564,12644,1,0
35,565,10970,1,0
35,566,11073,1,0
35,567,68966,1,0
35,568,12406,1,0
35,569,11647,1,0
35,570,10568,1,0
35,571,11312,1,0
35,572,40167,1,0
35,573,11625,1,0
35,574,11110,1,0
35,575,10533,1,0
35,576,12694,1,0
35,577,35393,1,0
35,578,11256,1,0
35,579,10376,1,0
35,580,11204,1,0
35,581,9913,1,0
35,582,64208,1,0
35,583,12013,1,0
35,584,10848,1,0
35,585,12143,1,0
35,586,10462,1,0
35,587,158689,1,0
35,588,82294,1,0
35,589,14901,1,0
35,590,10287,1,0
35,591,11048,1,0
35,592,125503,1,0
35,593,132614,1,0
35,594,9947,1,0
35,595,11297,1,0
35,596,11214,1,0
35,597,56058,1,0
35,598,13147,1,0
35,599,10916,1,0
36,0,110012,1,0
36,1,46507,1,0
36,2,14682,1,0
36,3,15938,1,0
36,4,13290,1,0
36,5,47515,1,0
36,6,15742,1,0
36,7,59731,1,0
36,8,13449,1,0
36,9,22067,1,0
36,10,13696,1,0
36,11,14166,1,0
36,12,14608,1,0
36,13,12379,1,0
36,14,12932,1,0
36,15,13299,1,0
36,16,14492,1,0
36,17,13565,1,0
36,18,23137,1,0
36,19,10362,1,0
36,20,10460,1,0
36,21,14100,1,0
36,22,15336,1,0
36,23,12672,1,0
36,24,13811,1,0
36,25,14317,1,0
36,26,46289,1,0
36,27,28553,1,0
36,28,11321,1,0
36,29,13836,1,0
36,30,14339,1,0
36,31,12565,1,0
36,32,13831,1,0
36,33,12120,1,0
36,34,28216,1,0
36,35,162523,1,0
36,36,40929,1,0
36,37,26398,1,0
36,38,11935,1,0
36,39,12143,1,0
36,40,121259,1,0
36,41,12599,1,0
36,42,13399,1,0
36,43,13313,1,0
36,44,13035,1,0
36,45,243814,1,0
36,46,221850,1,0
36,47,155239,1,0
36,48,52470,1,0
36,49,12730,1,0
36,50,13724,1,0
36,51,13218,1,0
36,52,12522,1,0
36,53,12542,1,0
36,54,12569,1,0
36,55,13688,1,0
36,56,141121,1,0
36,57,221816,1,0
36,58,251180,1,0
36,59,172414,1,0
36,60,32863,1,0
36,61,11667,1,0
36,62,77149,1,0
36,63,26107,1,0
36,64,16474,1,0
36,65,389814,1,0
36,66,601105,1,0
36,67,934083,1,0
36,68,906228,1,0
36,69,837235,1,0
36,70,786179,1,0
36,71,706987,1,0
36,72,750649,1,0
36,73,673979,1,0
36,74,603112,1,0
36,75,498722,1,0
36,76,475314,1,0
36,77,967079,1,0
36,78,864720,1,0
36,79,689920,1,0
36,80,520217,1,0
36,81,318608,1,0
36,82,174233,1,0
36,83,295738,1,0
36,84,217209,1,0
36,85,24593,1,0
36,86,12715,1,0
36,87,33467,1,0
36,88,105178,1,0
36,89,19875,1,0
36,90,13591,1,0
36,91,16186,1,0
36,92,14368,1,0
36,93,203430,1,0
36,94,258653,1,0
36,95,115954,1,0
36,96,20183,1,0
36,97,12366,1,0
36,98,37750,1,0
36,99,29666,1,0
36,100,14848,1,0
36,101,11529,1,0
36,102,13343,1,0
36,103,18351,1,0
36,104,56684,1,0
36,105,13373,1,0
36,106,16661,1,0
36,107,11137,1,0
36,108,12652,1,0
36,109,93752,1,0
36,110,10986,1,0
36,111,371325,1,0
36,112,558216,1,0
36,113,583329,1,0
36,114,502441,1,0
36,115,413405,1,0
36,116,355688,1,0
36,117,500740,1,0
36,118,390219,1,0
36,119,221836,1,0
36,120,53738,1,0
36,121,11670,1,0
36,122,121127,1,0
36,123,13663,1,0
36,124,10691,1,0
36,125,13070,1,0
36,126,13762,1,0
36,127,38591,1,0
36,128,11715,1,0
36,129,11975,1,0
36,130,10121,1,0
36,131,12592,1,0
36,132,32798,1,0
36,133,10434,1,0
36,134,12183,1,0
36,135,10136,1,0
36,136,13984,1,0
36,137,10465,1,0
36,138,61069,1,0
36,139,11461,1,0
36,140,10784,1,0
36,141,11002,1,0
36,142,12960,1,0
36,143,107969,1,0
36,144,198041,1,0
36,145,13527,1,0
36,146,12577,1,0
36,147,12040,1,0
36,148,10639,1,0
36,149,46035,1,0
36,150,10041,1,0
36,151,9673,1,0
36,152,11954,1,0
36,153,10527,1,0
36,154,49982,1,0
36,155,12438,1,0
36,156,12524,1,0
36,157,10942,1,0
36,158,12423,1,0
36,159,41030,1,0
36,160,12427,1,0
36,161,9471,1,0
36,162,10582,1,0
36,163,10994,1,0
36,164,40917,1,0
36,165,9581,1,0
36,166,10973,1,0
36,167,10431,1,0
36,168,11417,1,0
36,169,25756,1,0
36,170,12086,1,0
36,171,10573,1,0
36,172,12073,1,0
36,173,11498,1,0
36,174,18923,1,0
36,175,23149,1,0
36,176,10767,1,0
36,177,10680,1,0
36,178,9810,1,0
36,179,10137,1,0
36,180,54052,1,0
36,181,10040,1,0
36,182,10097,1,0
36,183,10293,1,0
36,184,10613,1,0
36,185,32651,1,0
36,186,11408,1,0
36,187,10396,1,0
36,188,10264,1,0
36,189,9728,1,0
36,190,33247,1,0
36,191,10076,1,0
36,192,10244,1,0
36,193,9554,1,0
36,194,10321,1,0
36,195,21739,1,0
36,196,9890,1,0
36,197,10033,1,0
36,198,23282,1,0
36,199,10006,1,0
36,200,16957,1,0
36,201,10150,1,0
36,202,9831,1,0
36,203,10316,1,0
36,204,10015,1,0
36,205,12563,1,0
36,206,13350,1,0
36,207,13507,1,0
36,208,10523,1,0
36,209,11896,1,0
36,210,27469,1,0
36,211,13605,1,0
36,212,12925,1,0
36,213,11186,1,0
36,214,10126,1,0
36,215,39348,1,0
36,216,12925,1,0
36,217,11157,1,0
36,218,10324,1,0
36,219,14390,1,0
36,220,52174,1,0
36,221,13644,1,0
36,222,13364,1,0
36,223,12841,1,0
36,224,10552,1,0
36,225,174687,1,0
36,226,259759,1,0
36,227,220110,1,0
36,228,106654,1,0
36,229,16997,1,0
36,230,10673,1,0
36,231,12696,1,0
36,232,12519,1,0
36,233,12485,1,0
36,234,10367,1,0
36,235,13622,1,0
36,236,194221,1,0
36,237,150759,1,0
36,238,11639,1,0
36,239,10012,1,0
36,240,10812,1,0
36,241,12253,1,0
36,242,10904,1,0
36,243,10776,1,0
36,244,10663,1,0
36,245,9354,1,0
36,246,10501,1,0
36,247,40013,1,0
36,248,12261,1,0
36,249,10494,1,0
36,250,10469,1,0
36,251,10602,1,0
36,252,42587,1,0
36,253,12753,1,0
36,254,13205,1,0
36,255,10474,1,0
36,256,10899,1,0
36,257,46801,1,0
36,258,9725,1,0
36,259,12646,1,0
36,260,14440,1,0
36,261,12864,1,0
36,262,312358,1,0
36,263,214632,1,0
36,264,11784,1,0
36,265,10463,1,0
36,266,9656,1,0
36,267,48087,1,0
36,268,9376,1,0
36,269,10003,1,0
36,270,9603,1,0
36,271,9449,1,0
36,272,38560,1,0
36,273,10082,1,0
36,274,17696,1,0
36,275,11840,1,0
36,276,10538,1,0
36,277,74568,1,0
36,278,10184,1,0
36,279,10219,1,0
36,280,9276,1,0
36,281,10187,1,0
36,282,29681,1,0
36,283,9912,1,0
36,284,12420,1,0
36,285,13081,1,0
36,286,15541,1,0
36,287,95484,1,0
36,288,11499,1,0
36,289,11103,1,0
36,290,10231,1,0
36,291,12624,1,0
36,292,158016,1,0
36,293,45116,1,0
36,294,10891,1,0
36,295,9757,1,0
36,296,10685,1,0
36,297,87423,1,0
36,298,12457,1,0
36,299,11673,1,0
36,300,12134,1,0
36,301,10838,1,0
36,302,29917,1,0
36,303,12102,1,0
36,304,12732,1,0
36,305,13238,1,0
36,306,104605,1,0
36,307,310115,1,0
36,308,632253,1,0
36,309,600432,1,0
36,310,1021291,1,0
36,311,784934,1,0
36,312,607800,1,0
36,313,584202,1,0
36,314,409751,1,0
36,315,318016,1,0
36,316,308620,1,0
36,317,312595,1,0
36,318,146096,1,0
36,319,10546,1,0
36,320,10719,1,0
36,321,11746,1,0
36,322,11710,1,0
36,323,13644,1,0
36,324,11054,1,0
36,325,129915,1,0
36,326,9428,1,0
36,327,14044,1,0
36,328,13625,1,0
36,329,146909,1,0
36,330,13624,1,0
36,331,83817,1,0
36,332,16765,1,0
36,333,13353,1,0
36,334,12203,1,0
36,335,12216,1,0
36,336,64428,1,0
36,337,13111,1,0
36,338,12450,1,0
36,339,12355,1,0
36,340,11297,1,0
36,341,36977,1,0
36,342,11698,1,0
36,343,13039,1,0
36,344,13576,1,0
36,345,11297,1,0
36,346,25880,1,0
36,347,23160,1,0
36,348,14913,1,0
36,349,15190,1,0
36,350,130202,1,0
36,351,16776,1,0
36,352,111804,1,0
36,353,12398,1,0
36,354,10061,1,0
36,355,11821,1,0
36,356,29779,1,0
36,357,14074,1,0
36,358,10870,1,0
36,359,10540,1,0
36,360,9878,1,0
36,361,9623,1,0
36,362,9697,1,0
36,363,12344,1,0
36,364,11859,1,0
36,365,12726,1,0
36,366,20797,1,0
36,367,20703,1,0
36,368,9409,1,0
36,369,10113,1,0
36,370,10823,1,0
36,371,10542,1,0
36,372,9476,1,0
36,373,10011,1,0
36,374,11863,1,0
36,375,12135,1,0
36,376,9258,1,0
36,377,133001,1,0
36,378,11907,1,0
36,379,12212,1,0
36,380,11577,1,0
36,381,12956,1,0
36,382,19986,1,0
36,383,11775,1,0
36,384,9556,1,0
36,385,10890,1,0
36,386,9868,1,0
36,387,49735,1,0
36,388,12536,1,0
36,389,10205,1,0
36,390,9880,1,0
36,391,9739,1,0
36,392,29495,1,0
36,393,92811,1,0
36,394,9944,1,0
36,395,9674,1,0
36,396,12164,1,0
36,397,14653,1,0
36,398,12477,1,0
36,399,10088,1,0
36,400,10726,1,0
36,401,17847,1,0
36,402,11464,1,0
36,403,64418,1,0
36,404,12549,1,0
36,405,12582,1,0
36,406,12019,1,0
36,407,23180,1,0
36,408,49587,1,0
36,409,11165,1,0
36,410,12180,1,0
36,411,11895,1,0
36,412,10393,1,0
36,413,50413,1,0
36,414,10548,1,0
36,415,13340,1,0
36,416,14136,1,0
36,417,26559,1,0
36,418,36627,1,0
36,419,10010,1,0
36,420,9971,1,0
36,421,10675,1,0
36,422,10561,1,0
36,423,58024,1,0
36,424,10074,1,0
36,425,10625,1,0
36,426,11363,1,0
36,427,19273,1,0
36,428,42116,1,0
36,429,10468,1,0
36,430,9917,1,0
36,431,9616,1,0
36,432,14510,1,0
36,433,32320,1,0
36,434,287851,1,0
36,435,245525,1,0
36,436,28576,1,0
36,437,16252,1,0
36,438,11645,1,0
36,439,68822,1,0
36,440,10692,1,0
36,441,10928,1,0
36,442,11722,1,0
36,443,9326,1,0
36,444,71254,1,0
36,445,10380,1,0
36,446,10518,1,0
36,447,16959,1,0
36,448,11686,1,0
36,449,72775,1,0
36,450,10951,1,0
36,451,10117,1,0
36,452,11084,1,0
36,453,10424,1,0
36,454,10132,1,0
36,455,10740,1,0
36,456,11361,1,0
36,457,18217,1,0
36,458,12149,1,0
36,459,127906,1,0
36,460,35677,1,0
36,461,12353,1,0
36,462,10138,1,0
36,463,10271,1,0
36,464,13821,1,0
36,465,12263,1,0
36,466,12900,1,0
36,467,12789,1,0
36,468,9699,1,0
36,469,11381,1,0
36,470,118155,1,0
36,471,263513,1,0
36,472,37292,1,0
36,473,10009,1,0
36,474,9925,1,0
36,475,10265,1,0
36,476,60188,1,0
36,477,13386,1,0
36,478,9715,1,0
36,479,12957,1,0
36,480,10687,1,0
36,481,40431,1,0
36,482,10526,1,0
36,483,12532,1,0
36,484,10281,1,0
36,485,10933,1,0
36,486,54416,1,0
36,487,11053,1,0
36,488,12163,1,0
36,489,25566,1,0
36,490,11472,1,0
36,491,61536,1,0
36,492,9905,1,0
36,493,11970,1,0
36,494,11163,1,0
36,495,10031,1,0
36,496,15452,1,0
36,497,12507,1,0
36,498,12407,1,0
36,499,12147,1,0
36,500,12931,1,0
36,501,185027,1,0
36,502,12102,1,0
36,503,11282,1,0
36,504,9709,1,0
36,505,10124,1,0
36,506,25781,1,0
36,507,12857,1,0
36,508,11170,1,0
36,509,13376,1,0
36,510,11674,1,0
36,511,61683,1,0
36,512,26201,1,0
36,513,12512,1,0
36,514,11589,1,0
36,515,23853,1,0
36,516,11078,1,0
36,517,60035,1,0
36,518,12940,1,0
36,519,10820,1,0
36,520,12995,1,0
36,521,12576,1,0
36,522,50939,1,0
36,523,9872,1,0
36,524,9700,1,0
36,525,9754,1,0
36,526,10872,1,0
36,527,20900,1,0
36,528,9707,1,0
36,529,10675,1,0
36,530,12004,1,0
36,531,10367,1,0
36,532,15618,1,0
36,533,12692,1,0
36,534,12653,1,0
36,535,25775,1,0
36,536,12195,1,0
36,537,152685,1,0
36,538,29922,1,0
36,539,11085,1,0
36,540,12263,1,0
36,541,11131,1,0
36,542,60225,1,0
36,543,22732,1,0
36,544,10690,1,0
36,545,10679,1,0
36,546,9968,1,0
36,547,71463,1,0
36,548,21255,1,0
36,549,18084,1,0
36,550,11446,1,0
36,551,11533,1,0
36,552,11865,1,0
36,553,9739,1,0
36,554,9627,1,0
36,555,10606,1,0
36,556,9986,1,0
36,557,133736,1,0
36,558,12126,1,0
36,559,10547,1,0
36,560,10162,1,0
36,561,9531,1,0
36,562,20643,1,0
36,563,9877,1,0
36,564,13470,1,0
36,565,12094,1,0
36,566,10784,1,0
36,567,68843,1,0
36,568,9524,1,0
36,569,10761,1,0
36,570,9475,1,0
36,571,13075,1,0
36,572,36938,1,0
36,573,11661,1,0
36,574,9778,1,0
36,575,10509,1,0
36,576,9737,1,0
36,577,35280,1,0
36,578,10385,1,0
36,579,9578,1,0
36,580,10556,1,0
36,581,12295,1,0
36,582,60490,1,0
36,583,10005,1,0
36,584,9059,1,0
36,585,10371,1,0
36,586,10420,1,0
36,587,157792,1,0
36,588,78681,1,0
36,589,11870,1,0
36,590,12017,1,0
36,591,10131,1,0
36,592,196673,1,0
36,593,130516,1,0
36,594,11330,1,0
36,595,10519,1,0
36,596,12695,1,0
36,597,53720,1,0
36,598,9860,1,0
36,599,13128,1,0
37,0,114197,1,0
37,1,47695,1,0
37,2,13854,1,0
37,3,13586,1,0
37,4,10465,1,0
37,5,47095,1,0
37,6,15301,1,0
37,7,62042,1,0
37,8,13450,1,0
37,9,20736,1,0
37,10,15321,1,0
37,11,11948,1,0
37,12,18300,1,0
37,13,11842,1,0
37,14,13764,1,0
37,15,12890,1,0
37,16,13010,1,0
37,17,11600,1,0
37,18,22430,1,0
37,19,12302,1,0
37,20,11820,1,0
37,21,14254,1,0
37,22,14387,1,0
37,23,12408,1,0
37,24,12507,1,0
37,25,13019,1,0
37,26,49001,1,0
37,27,29037,1,0
37,28,11886,1,0
37,29,11706,1,0
37,30,11711,1,0
37,31,12796,1,0
37,32,16428,1,0
37,33,12406,1,0
37,34,26271,1,0
37,35,161723,1,0
37,36,62941,1,0
37,37,24372,1,0
37,38,11149,1,0
37,39,13783,1,0
37,40,120118,1,0
37,41,11150,1,0
37,42,11904,1,0
37,43,11317,1,0
37,44,12354,1,0
37,45,246428,1,0
37,46,219490,1,0
37,47,155458,1,0
37,48,56985,1,0
37,49,18213,1,0
37,50,13329,1,0
37,51,11853,1,0
37,52,14074,1,0
37,53,11406,1,0
37,54,10520,1,0
37,55,12140,1,0
37,56,140794,1,0
37,57,220003,1,0
37,58,248320,1,0
37,59,169196,1,0
37,60,29771,1,0
37,61,12030,1,0
37,62,76618,1,0
37,63,27779,1,0
37,64,14706,1,0
37,65,394903,1,0
37,66,600721,1,0
37,67,932408,1,0
37,68,910157,1,0
37,69,836152,1,0
37,70,786380,1,0
37,71,705813,1,0
37,72,748955,1,0
37,73,672604,1,0
37,74,601872,1,0
37,75,498078,1,0
37,76,475956,1,0
37,77,966472,1,0
37,78,863405,1,0
37,79,686563,1,0
37,80,516444,1,0
37,81,316517,1,0
37,82,172779,1,0
37,83,292884,1,0
37,84,215611,1,0
37,85,20721,1,0
37,86,12774,1,0
37,87,32326,1,0
37,88,121937,1,0
37,89,17261,1,0
37,90,13125,1,0
37,91,14128,1,0
37,92,15871,1,0
37,93,210822,1,0
37,94,256681,1,0
37,95,114164,1,0
37,96,19887,1,0
37,97,12053,1,0
37,98,36480,1,0
37,99,28021,1,0
37,100,15398,1,0
37,101,13878,1,0
37,102,13356,1,0
37,103,17207,1,0
37,104,60041,1,0
37,105,12308,1,0
37,106,20342,1,0
37,107,12004,1,0
37,108,8764,1,0
37,109,102991,1,0
37,110,11623,1,0
37,111,481330,1,0
37,112,561332,1,0
37,113,584346,1,0
37,114,501610,1,0
37,115,411323,1,0
37,116,365419,1,0
37,117,499372,1,0
37,118,388655,1,0
37,119,217830,1,0
37,120,91079,1,0
37,121,13627,1,0
37,122,119107,1,0
37,123,13095,1,0
37,124,11962,1,0
37,125,11583,1,0
37,126,13449,1,0
37,127,36968,1,0
37,128,11593,1,0
37,129,9150,1,0
37,130,11631,1,0
37,131,9387,1,0
37,132,31521,1,0
37,133,12565,1,0
37,134,12274,1,0
37,135,12062,1,0
37,136,12852,1,0
37,137,9337,1,0
37,138,61156,1,0
37,139,11880,1,0
37,140,11131,1,0
37,141,10854,1,0
37,142,14281,1,0
37,143,106347,1,0
37,144,196143,1,0
37,145,11827,1,0
37,146,9591,1,0
37,147,13165,1,0
37,148,13657,1,0
37,149,59545,1,0
37,150,11560,1,0
37,151,9664,1,0
37,152,11793,1,0
37,153,11718,1,0
37,154,47510,1,0
37,155,10735,1,0
37,156,11821,1,0
37,157,10949,1,0
37,158,12213,1,0
37,159,39540,1,0
37,160,10631,1,0
37,161,12079,1,0
37,162,11987,1,0
37,163,11175,1,0
37,164,38971,1,0
37,165,10948,1,0
37,166,10657,1,0
37,167,11698,1,0
37,168,11408,1,0
37,169,33536,1,0
37,170,12227,1,0
37,171,12550,1,0
37,172,9594,1,0
37,173,11288,1,0
37,174,15984,1,0
37,175,23346,1,0
37,176,13009,1,0
37,177,11541,1,0
37,178,10984,1,0
37,179,11488,1,0
37,180,52567,1,0
37,181,11679,1,0
37,182,8993,1,0
37,183,10077,1,0
37,184,9598,1,0
37,185,29078,1,0
37,186,10870,1,0
37,187,11870,1,0
37,188,11163,1,0
37,189,11836,1,0
37,190,45452,1,0
37,191,11200,1,0
37,192,10808,1,0
37,193,9887,1,0
37,194,11785,1,0
37,195,19303,1,0
37,196,12364,1,0
37,197,11558,1,0
37,198,22405,1,0
37,199,12297,1,0
37,200,19517,1,0
37,201,13539,1,0
37,202,10721,1,0
37,203,9466,1,0
37,204,10849,1,0
37,205,10865,1,0
37,206,12976,1,0
37,207,14816,1,0
37,208,11000,1,0
37,209,11118,1,0
37,210,24222,1,0
37,211,13050,1,0
37,212,12069,1,0
37,213,10954,1,0
37,214,12610,1,0
37,215,36675,1,0
37,216,11142,1,0
37,217,12290,1,0
37,218,10998,1,0
37,219,11587,1,0
37,220,50514,1,0
37,221,10790,1,0
37,222,10795,1,0
37,223,11962,1,0
37,224,10586,1,0
37,225,181895,1,0
37,226,260006,1,0
37,227,217568,1,0
37,228,105014,1,0
37,229,15082,1,0
37,230,10543,1,0
37,231,11484,1,0
37,232,12214,1,0
37,233,13593,1,0
37,234,12654,1,0
37,235,11486,1,0
37,236,192317,1,0
37,237,148048,1,0
37,238,10967,1,0
37,239,10419,1,0
37,240,11261,1,0
37,241,10585,1,0
37,242,11284,1,0
37,243,9316,1,0
37,244,9354,1,0
37,245,10638,1,0
37,246,11279,1,0
37,247,37520,1,0
37,248,12834,1,0
37,249,10764,1,0
37,250,10458,1,0
37,251,12091,1,0
37,252,41625,1,0
37,253,12746,1,0
37,254,11108,1,0
37,255,13302,1,0
37,256,11791,1,0
37,257,46006,1,0
37,258,11089,1,0
37,259,14109,1,0
37,260,16145,1,0
37,261,13344,1,0
37,262,308008,1,0
37,263,216630,1,0
37,264,11031,1,0
37,265,11662,1,0
37,266,11193,1,0
37,267,45196,1,0
37,268,10144,1,0
37,269,10373,1,0
37,270,11798,1,0
37,271,10892,1,0
37,272,36838,1,0
37,273,9417,1,0
37,274,15672,1,0
37,275,11688,1,0
37,276,9815,1,0
37,277,88118,1,0
37,278,10957,1,0
37,279,9266,1,0
37,280,9061,1,0
37,281,10536,1,0
37,282,25698,1,0
37,283,10744,1,0
37,284,11404,1,0
37,285,13584,1,0
37,286,15631,1,0
37,287,93306,1,0
37,288,11572,1,0
37,289,15582,1,0
37,290,13885,1,0
37,291,12494,1,0
37,292,158849,1,0
37,293,42906,1,0
37,294,11800,1,0
37,295,11088,1,0
37,296,12343,1,0
37,297,87995,1,0
37,298,10979,1,0
37,299,12385,1,0
37,300,13615,1,0
37,301,11117,1,0
37,302,27633,1,0
37,303,11493,1,0
37,304,12049,1,0
37,305,12020,1,0
37,306,108011,1,0
37,307,310271,1,0
37,308,633648,1,0
37,309,597475,1,0
37,310,1019775,1,0
37,311,783745,1,0
37,312,603979,1,0
37,313,581551,1,0
37,314,411217,1,0
37,315,315765,1,0
37,316,336174,1,0
37,317,309560,1,0
37,318,143835,1,0
37,319,11538,1,0
37,320,11732,1,0
37,321,12357,1,0
37,322,11474,1,0
37,323,13194,1,0
37,324,12615,1,0
37,325,127660,1,0
37,326,10801,1,0
37,327,12823,1,0
37,328,12388,1,0
37,329,264655,1,0
37,330,13152,1,0
37,331,83134,1,0
37,332,12945,1,0
37,333,11141,1,0
37,334,12181,1,0
37,335,11475,1,0
37,336,62639,1,0
37,337,11321,1,0
37,338,10885,1,0
37,339,9287,1,0
37,340,12975,1,0
37,341,36622,1,0
37,342,12923,1,0
37,343,9042,1,0
37,344,11966,1,0
37,345,11610,1,0
37,346,24992,1,0
37,347,20632,1,0
37,348,11836,1,0
37,349,15375,1,0
37,350,128718,1,0
37,351,16567,1,0
37,352,110912,1,0
37,353,11966,1,0
37,354,11897,1,0
37,355,11352,1,0
37,356,27853,1,0
37,357,12206,1,0
37,358,8530,1,0
37,359,10771,1,0
37,360,11804,1,0
37,361,21379,1,0
37,362,9453,1,0
37,363,8862,1,0
37,364,10839,1,0
37,365,8848,1,0
37,366,19032,1,0
37,367,17883,1,0
37,368,10523,1,0
37,369,10424,1,0
37,370,10484,1,0
37,371,10845,1,0
37,372,12363,1,0
37,373,13448,1,0
37,374,12083,1,0
37,375,12157,1,0
37,376,12977,1,0
37,377,129233,1,0
37,378,9072,1,0
37,379,11953,1,0
37,380,10914,1,0
37,381,8840,1,0
37,382,18209,1,0
37,383,11152,1,0
37,384,9119,1,0
37,385,11463,1,0
37,386,9536,1,0
37,387,64497,1,0
37,388,11533,1,0
37,389,10653,1,0
37,390,11191,1,0
37,391,11530,1,0
37,392,25949,1,0
37,393,94121,1,0
37,394,11802,1,0
37,395,11393,1,0
37,396,10741,1,0
37,397,12855,1,0
37,398,8854,1,0
37,399,9129,1,0
37,400,10759,1,0
37,401,17818,1,0
37,402,11131,1,0
37,403,60707,1,0
37,404,10933,1,0
37,405,10763,1,0
37,406,11828,1,0
37,407,24641,1,0
37,408,46417,1,0
37,409,12391,1,0
37,410,10812,1,0
37,411,9662,1,0
37,412,11514,1,0
37,413,57149,1,0
37,414,10579,1,0
37,415,11557,1,0
37,416,12901,1,0
37,417,33705,1,0
37,418,45582,1,0
37,419,12034,1,0
37,420,11875,1,0
37,421,11148,1,0
37,422,10842,1,0
37,423,54613,1,0
37,424,13067,1,0
37,425,12249,1,0
37,426,12042,1,0
37,427,22099,1,0
37,428,40340,1,0
37,429,9670,1,0
37,430,11092,1,0
37,431,11859,1,0
37,432,13688,1,0
37,433,28119,1,0
37,434,287391,1,0
37,435,243334,1,0
37,436,24795,1,0
37,437,20453,1,0
37,438,13868,1,0
37,439,85877,1,0
37,440,11626,1,0
37,441,9522,1,0
37,442,11739,1,0
37,443,9425,1,0
37,444,67361,1,0
37,445,11920,1,0
37,446,12007,1,0
37,447,16700,1,0
37,448,11371,1,0
37,449,71450,1,0
37,450,12334,1,0
37,451,11086,1,0
37,452,8803,1,0
37,453,11739,1,0
37,454,10889,1,0
37,455,9269,1,0
37,456,11630,1,0
37,457,18923,1,0
37,458,15212,1,0
37,459,137294,1,0
37,460,32040,1,0
37,461,15427,1,0
37,462,11176,1,0
37,463,10836,1,0
37,464,27867,1,0
37,465,12149,1,0
37,466,16576,1,0
37,467,15863,1,0
37,468,11527,1,0
37,469,11536,1,0
37,470,117164,1,0
37,471,260279,1,0
37,472,34961,1,0
37,473,10811,1,0
37,474,11071,1,0
37,475,10099,1,0
37,476,57279,1,0
37,477,14025,1,0
37,478,11414,1,0
37,479,14105,1,0
37,480,10776,1,0
37,481,37828,1,0
37,482,9984,1,0
37,483,10187,1,0
37,484,11256,1,0
37,485,11472,1,0
37,486,64508,1,0
37,487,13347,1,0
37,488,12777,1,0
37,489,26741,1,0
37,490,10397,1,0
37,491,60684,1,0
37,492,11071,1,0
37,493,10170,1,0
37,494,10987,1,0
37,495,10496,1,0
37,496,11604,1,0
37,497,16177,1,0
37,498,10877,1,0
37,499,10971,1,0
37,500,9061,1,0
37,501,181409,1,0
37,502,10878,1,0
37,503,12634,1,0
37,504,9820,1,0
37,505,11121,1,0
37,506,24927,1,0
37,507,14029,1,0
37,508,12425,1,0
37,509,12578,1,0
37,510,10420,1,0
37,511,73560,1,0
37,512,22386,1,0
37,513,11100,1,0
37,514,11798,1,0
37,515,26796,1,0
37,516,11401,1,0
37,517,66246,1,0
37,518,11900,1,0
37,519,13125,1,0
37,520,11959,1,0
37,521,12439,1,0
37,522,50711,1,0
37,523,11191,1,0
37,524,9982,1,0
37,525,10256,1,0
37,526,12830,1,0
37,527,21307,1,0
37,528,13156,1,0
37,529,11438,1,0
37,530,14602,1,0
37,531,10658,1,0
37,532,13216,1,0
37,533,9360,1,0
37,534,11741,1,0
37,535,25857,1,0
37,536,12633,1,0
37,537,172955,1,0
37,538,26692,1,0
37,539,10936,1,0
37,540,12976,1,0
37,541,12228,1,0
37,542,57460,1,0
37,543,22916,1,0
37,544,12600,1,0
37,545,13209,1,0
37,546,14214,1,0
37,547,73940,1,0
37,548,17747,1,0
37,549,18651,1,0
37,550,10988,1,0
37,551,11454,1,0
37,552,11101,1,0
37,553,9899,1,0
37,554,8658,1,0
37,555,10329,1,0
37,556,10898,1,0
37,557,130721,1,0
37,558,12369,1,0
37,559,11081,1,0
37,560,8821,1,0
37,561,11130,1,0
37,562,17472,1,0
37,563,10687,1,0
37,564,11997,1,0
37,565,8912,1,0
37,566,12512,1,0
37,567,86603,1,0
37,568,10626,1,0
37,569,12989,1,0
37,570,11532,1,0
37,571,13353,1,0
37,572,49288,1,0
37,573,11997,1,0
37,574,10987,1,0
37,575,10138,1,0
37,576,11415,1,0
37,577,34154,1,0
37,578,9741,1,0
37,579,11482,1,0
37,580,9820,1,0
37,581,11622,1,0
37,582,56168,1,0
37,583,12098,1,0
37,584,10789,1,0
37,585,11669,1,0
37,586,10612,1,0
37,587,170962,1,0
37,588,75238,1,0
37,589,12263,1,0
37,590,10762,1,0
37,591,12871,1,0
37,592,244992,1,0
37,593,127724,1,0
37,594,10715,1,0
37,595,8956,1,0
37,596,10129,1,0
37,597,51797,1,0
37,598,9419,1,0
37,599,10873,1,0
38,0,118503,1,0
38,1,46953,1,0
38,2,12985,1,0
38,3,12455,1,0
38,4,11510,1,0
38,5,44874,1,0
38,6,15129,1,0
38,7,67013,1,0
38,8,13104,1,0
38,9,22746,1,0
38,10,13009,1,0
38,11,11080,1,0
38,12,16608,1,0
38,13,11905,1,0
38,14,11924,1,0
38,15,13631,1,0
38,16,11936,1,0
38,17,11524,1,0
38,18,22977,1,0
38,19,10724,1,0
38,20,13144,1,0
38,21,13123,1,0
38,22,14185,1,0
38,23,13623,1,0
38,24,11199,1,0
38,25,12747,1,0
38,26,49299,1,0
38,27,28426,1,0
38,28,12817,1,0
38,29,11049,1,0
38,30,12114,1,0
38,31,11753,1,0
38,32,17340,1,0
38,33,11547,1,0
38,34,38219,1,0
38,35,160727,1,0
38,36,38525,1,0
38,37,24452,1,0
38,38,12167,1,0
38,39,13106,1,0
38,40,118585,1,0
38,41,13560,1,0
38,42,13877,1,0
38,43,11414,1,0
38,44,12443,1,0
38,45,246660,1,0
38,46,216337,1,0
38,47,156723,1,0
38,48,59586,1,0
38,49,18792,1,0
38,50,11840,1,0
38,51,12446,1,0
38,52,14680,1,0
38,53,12253,1,0
38,54,12991,1,0
38,55,14451,1,0
38,56,139821,1,0
38,57,218662,1,0
38,58,244438,1,0
38,59,167149,1,0
38,60,30096,1,0
38,61,11432,1,0
38,62,77288,1,0
38,63,28129,1,0
38,64,12792,1,0
38,65,401544,1,0
38,66,602005,1,0
38,67,932850,1,0
38,68,908271,1,0
38,69,837316,1,0
38,70,784985,1,0
38,71,705625,1,0
38,72,747695,1,0
38,73,671957,1,0
38,74,600848,1,0
38,75,497175,1,0
38,76,476659,1,0
38,77,965728,1,0
38,78,862329,1,0
38,79,684893,1,0
38,80,514810,1,0
38,81,314092,1,0
38,82,170970,1,0
38,83,291056,1,0
38,84,215236,1,0
38,85,19439,1,0
38,86,12687,1,0
38,87,39244,1,0
38,88,119677,1,0
38,89,17113,1,0
38,90,12041,1,0
38,91,13062,1,0
38,92,15711,1,0
38,93,222785,1,0
38,94,255948,1,0
38,95,115087,1,0
38,96,18537,1,0
38,97,13375,1,0
38,98,36393,1,0
38,99,27679,1,0
38,100,14375,1,0
38,101,12350,1,0
38,102,13055,1,0
38,103,25431,1,0
38,104,65030,1,0
38,105,11802,1,0
38,106,21246,1,0
38,107,12414,1,0
38,108,10695,1,0
38,109,99231,1,0
38,110,12208,1,0
38,111,514587,1,0
38,112,561592,1,0
38,113,583644,1,0
38,114,499422,1,0
38,115,410655,1,0
38,116,364850,1,0
38,117,496670,1,0
38,118,386650,1,0
38,119,215671,1,0
38,120,53261,1,0
38,121,12045,1,0
38,122,116338,1,0
38,123,12305,1,0
38,124,16168,1,0
38,125,11538,1,0
38,126,16577,1,0
38,127,49962,1,0
38,128,10119,1,0
38,129,10443,1,0
38,130,10828,1,0
38,131,11174,1,0
38,132,45550,1,0
38,133,12214,1,0
38,134,11737,1,0
38,135,11945,1,0
38,136,12110,1,0
38,137,11857,1,0
38,138,59084,1,0
38,139,13284,1,0
38,140,12407,1,0
38,141,13356,1,0
38,142,13584,1,0
38,143,117517,1,0
38,144,194407,1,0
38,145,10742,1,0
38,146,12360,1,0
38,147,12199,1,0
38,148,11365,1,0
38,149,60184,1,0
38,150,11464,1,0
38,151,11575,1,0
38,152,10789,1,0
38,153,10665,1,0
38,154,63172,1,0
38,155,12287,1,0
38,156,11867,1,0
38,157,10597,1,0
38,158,10591,1,0
38,159,36488,1,0
38,160,11017,1,0
38,161,10333,1,0
38,162,10699,1,0
38,163,11046,1,0
38,164,35880,1,0
38,165,11722,1,0
38,166,12088,1,0
38,167,11698,1,0
38,168,11270,1,0
38,169,36827,1,0
38,170,10507,1,0
38,171,10004,1,0
38,172,10930,1,0
38,173,10577,1,0
38,174,14917,1,0
38,175,23075,1,0
38,176,11318,1,0
38,177,9966,1,0
38,178,10600,1,0
38,179,9518,1,0
38,180,64722,1,0
38,181,9131,1,0
38,182,11248,1,0
38,183,11075,1,0
38,184,11319,1,0
38,185,39430,1,0
38,186,11274,1,0
38,187,12047,1,0
38,188,10028,1,0
38,189,11292,1,0
38,190,43582,1,0
38,191,11814,1,0
38,192,10107,1,0
38,193,11123,1,0
38,194,10175,1,0
38,195,31631,1,0
38,196,11178,1,0
38,197,10358,1,0
38,198,23510,1,0
38,199,11032,1,0
38,200,16031,1,0
38,201,11860,1,0
38,202,10802,1,0
38,203,11539,1,0
38,204,10882,1,0
38,205,11734,1,0
38,206,13325,1,0
38,207,14522,1,0
38,208,12737,1,0
38,209,12437,1,0
38,210,19943,1,0
38,211,12291,1,0
38,212,12673,1,0
38,213,10680,1,0
38,214,10543,1,0
38,215,35680,1,0
38,216,12630,1,0
38,217,12530,1,0
38,218,11521,1,0
38,219,11857,1,0
38,220,67390,1,0
38,221,12605,1,0
38,222,12160,1,0
38,223,11573,1,0
38,224,12296,1,0
38,225,180106,1,0
38,226,260798,1,0
38,227,215994,1,0
38,228,103684,1,0
38,229,13980,1,0
38,230,11983,1,0
38,231,16938,1,0
38,232,11401,1,0
38,233,17026,1,0
38,234,10491,1,0
38,235,11989,1,0
38,236,189761,1,0
38,237,143668,1,0
38,238,10182,1,0
38,239,11648,1,0
38,240,14038,1,0
38,241,11996,1,0
38,242,12439,1,0
38,243,10873,1,0
38,244,10107,1,0
38,245,11351,1,0
38,246,12020,1,0
38,247,35638,1,0
38,248,15114,1,0
38,249,10968,1,0
38,250,10336,1,0
38,251,10653,1,0
38,252,39558,1,0
38,253,11859,1,0
38,254,10946,1,0
38,255,12319,1,0
38,256,12790,1,0
38,257,45049,1,0
38,258,11897,1,0
38,259,12820,1,0
38,260,23269,1,0
38,261,12849,1,0
38,262,354427,1,0
38,263,214339,1,0
38,264,11402,1,0
38,265,9929,1,0
38,266,12190,1,0
38,267,42631,1,0
38,268,10553,1,0
38,269,12697,1,0
38,270,10475,1,0
38,271,10143,1,0
38,272,48983,1,0
38,273,11020,1,0
38,274,14720,1,0
38,275,11124,1,0
38,276,9887,1,0
38,277,85606,1,0
38,278,11609,1,0
38,279,11898,1,0
38,280,11994,1,0
38,281,12820,1,0
38,282,22517,1,0
38,283,10430,1,0
38,284,11085,1,0
38,285,13928,1,0
38,286,14530,1,0
38,287,91173,1,0
38,288,11598,1,0
38,289,14058,1,0
38,290,10822,1,0
38,291,14168,1,0
38,292,173692,1,0
38,293,40136,1,0
38,294,10997,1,0
38,295,11355,1,0
38,296,12754,1,0
38,297,84351,1,0
38,298,12027,1,0
38,299,10663,1,0
38,300,10581,1,0
38,301,10725,1,0
38,302,39738,1,0
38,303,11608,1,0
38,304,9944,1,0
38,305,10673,1,0
38,306,111369,1,0
38,307,326789,1,0
38,308,633169,1,0
38,309,595683,1,0
38,310,1016483,1,0
38,311,783420,1,0
38,312,600767,1,0
38,313,579171,1,0
38,314,410927,1,0
38,315,315082,1,0
38,316,396928,1,0
38,317,308353,1,0
38,318,142560,1,0
38,319,10943,1,0
38,320,11947,1,0
38,321,14359,1,0
38,322,12887,1,0
38,323,10898,1,0
38,324,10171,1,0
38,325,124056,1,0
38,326,11192,1,0
38,327,11000,1,0
38,328,12326,1,0
38,329,145832,1,0
38,330,10738,1,0
38,331,96583,1,0
38,332,10219,1,0
38,333,12697,1,0
38,334,12120,1,0
38,335,10576,1,0
38,336,65771,1,0
38,337,11845,1,0
38,338,12215,1,0
38,339,13130,1,0
38,340,11609,1,0
38,341,34767,1,0
38,342,11808,1,0
38,343,11421,1,0
38,344,10828,1,0
38,345,10265,1,0
38,346,24003,1,0
38,347,23430,1,0
38,348,10595,1,0
38,349,13570,1,0
38,350,127758,1,0
38,351,15131,1,0
38,352,109159,1,0
38,353,12342,1,0
38,354,10539,1,0
38,355,13243,1,0
38,356,25341,1,0
38,357,12991,1,0
38,358,10915,1,0
38,359,12010,1,0
38,360,10775,1,0
38,361,18865,1,0
38,362,10248,1,0
38,363,10395,1,0
38,364,10979,1,0
38,365,11648,1,0
38,366,30916,1,0
38,367,16722,1,0
38,368,11725,1,0
38,369,11694,1,0
38,370,10527,1,0
38,371,10838,1,0
38,372,10215,1,0
38,373,12169,1,0
38,374,10602,1,0
38,375,10835,1,0
38,376,9913,1,0
38,377,126857,1,0
38,378,11098,1,0
38,379,10522,1,0
38,380,10670,1,0
38,381,11206,1,0
38,382,30772,1,0
38,383,10630,1,0
38,384,9874,1,0
38,385,10401,1,0
38,386,10158,1,0
38,387,62873,1,0
38,388,10778,1,0
38,389,10525,1,0
38,390,12157,1,0
38,391,10448,1,0
38,392,25292,1,0
38,393,94328,1,0
38,394,10175,1,0
38,395,9961,1,0
38,396,10938,1,0
38,397,12080,1,0
38,398,10414,1,0
38,399,10445,1,0
38,400,11669,1,0
38,401,15975,1,0
38,402,9696,1,0
38,403,58980,1,0
38,404,12171,1,0
38,405,11372,1,0
38,406,11840,1,0
38,407,25594,1,0
38,408,43657,1,0
38,409,12792,1,0
38,410,11634,1,0
38,411,11899,1,0
38,412,12091,1,0
38,413,61279,1,0
38,414,11185,1,0
38,415,10328,1,0
38,416,10760,1,0
38,417,38045,1,0
38,418,42467,1,0
38,419,10584,1,0
38,420,11992,1,0
38,421,13036,1,0
38,422,12682,1,0
38,423,52472,1,0
38,424,11198,1,0
38,425,12878,1,0
38,426,10804,1,0
38,427,21795,1,0
38,428,35970,1,0
38,429,13479,1,0
38,430,10872,1,0
38,431,12534,1,0
38,432,11355,1,0
38,433,24737,1,0
38,434,378869,1,0
38,435,239209,1,0
38,436,22862,1,0
38,437,23983,1,0
38,438,11873,1,0
38,439,88170,1,0
38,440,10767,1,0
38,441,14561,1,0
38,442,10885,1,0
38,443,11388,1,0
38,444,70013,1,0
38,445,10804,1,0
38,446,10445,1,0
38,447,16982,1,0
38,448,11316,1,0
38,449,83820,1,0
38,450,10688,1,0
38,451,10257,1,0
38,452,11321,1,0
38,453,10306,1,0
38,454,11489,1,0
38,455,12004,1,0
38,456,10781,1,0
38,457,19212,1,0
38,458,11712,1,0
38,459,134601,1,0
38,460,29992,1,0
38,461,12442,1,0
38,462,12258,1,0
38,463,13032,1,0
38,464,23248,1,0
38,465,11630,1,0
38,466,15847,1,0
38,467,17464,1,0
38,468,10519,1,0
38,469,9646,1,0
38,470,138960,1,0
38,471,258114,1,0
38,472,31835,1,0
38,473,12575,1,0
38,474,11866,1,0
38,475,11865,1,0
38,476,55419,1,0
38,477,16140,1,0
38,478,10380,1,0
38,479,13578,1,0
38,480,11941,1,0
38,481,35045,1,0
38,482,10905,1,0
38,483,12594,1,0
38,484,11505,1,0
38,485,10787,1,0
38,486,64154,1,0
38,487,15786,1,0
38,488,11095,1,0
38,489,28153,1,0
38,490,11222,1,0
38,491,72965,1,0
38,492,13085,1,0
38,493,10963,1,0
38,494,12852,1,0
38,495,12387,1,0
38,496,24949,1,0
38,497,17150,1,0
38,498,10807,1,0
38,499,11306,1,0
38,500,11647,1,0
38,501,192633,1,0
38,502,14663,1,0
38,503,10845,1,0
38,504,11921,1,0
38,505,11861,1,0
38,506,20473,1,0
38,507,14481,1,0
38,508,11520,1,0
38,509,11253,1,0
38,510,10756,1,0
38,511,78472,1,0
38,512,18378,1,0
38,513,10557,1,0
38,514,12651,1,0
38,515,27815,1,0
38,516,10730,1,0
38,517,69253,1,0
38,518,10718,1,0
38,519,12114,1,0
38,520,14473,1,0
38,521,14158,1,0
38,522,50039,1,0
38,523,10897,1,0
38,524,11377,1,0
38,525,10622,1,0
38,526,14150,1,0
38,527,23110,1,0
38,528,10471,1,0
38,529,11264,1,0
38,530,14464,1,0
38,531,12311,1,0
38,532,13268,1,0
38,533,11421,1,0
38,534,11465,1,0
38,535,26886,1,0
38,536,11312,1,0
38,537,173533,1,0
38,538,23835,1,0
38,539,11604,1,0
38,540,13450,1,0
38,541,11187,1,0
38,542,56989,1,0
38,543,33623,1,0
38,544,11271,1,0
38,545,11630,1,0
38,546,12727,1,0
38,547,91647,1,0
38,548,15764,1,0
38,549,20935,1,0
38,550,11777,1,0
38,551,10380,1,0
38,552,11028,1,0
38,553,11883,1,0
38,554,11561,1,0
38,555,10416,1,0
38,556,10409,1,0
38,557,137986,1,0
38,558,10699,1,0
38,559,10147,1,0
38,560,10216,1,0
38,561,17037,1,0
38,562,28142,1,0
38,563,13279,1,0
38,564,13561,1,0
38,565,11553,1,0
38,566,11437,1,0
38,567,90541,1,0
38,568,11242,1,0
38,569,11754,1,0
38,570,8348,1,0
38,571,11394,1,0
38,572,46614,1,0
38,573,10509,1,0
38,574,9271,1,0
38,575,11476,1,0
38,576,10431,1,0
38,577,31967,1,0
38,578,10755,1,0
38,579,11525,1,0
38,580,10876,1,0
38,581,11137,1,0
38,582,68357,1,0
38,583,11318,1,0
38,584,10814,1,0
38,585,10720,1,0
38,586,10560,1,0
38,587,169640,1,0
38,588,72331,1,0
38,589,12987,1,0
38,590,10584,1,0
38,591,10895,1,0
38,592,241879,1,0
38,593,124203,1,0
38,594,11349,1,0
38,595,10153,1,0
38,596,10394,1,0
38,597,64328,1,0
38,598,11447,1,0
38,599,12446,1,0
39,0,116963,1,0
39,1,44231,1,0
39,2,13639,1,0
39,3,13227,1,0
39,4,11628,1,0
39,5,44220,1,0
39,6,14300,1,0
39,7,69498,1,0
39,8,11508,1,0
39,9,19869,1,0
39,10,13518,1,0
39,11,13738,1,0
39,12,15196,1,0
39,13,12684,1,0
39,14,11519,1,0
39,15,13497,1,0
39,16,13222,1,0
39,17,13327,1,0
39,18,20436,1,0
39,19,14795,1,0
39,20,12477,1,0
39,21,12835,1,0
39,22,10838,1,0
39,23,11331,1,0
39,24,12863,1,0
39,25,13048,1,0
39,26,49919,1,0
39,27,25468,1,0
39,28,13752,1,0
39,29,12642,1,0
39,30,14552,1,0
39,31,13720,1,0
39,32,19806,1,0
39,33,14648,1,0
39,34,40566,1,0
39,35,159210,1,0
39,36,10149,1,0
39,37,25538,1,0
39,38,13571,1,0
39,39,15387,1,0
39,40,114292,1,0
39,41,14953,1,0
39,42,13830,1,0
39,43,12988,1,0
39,44,12522,1,0
39,45,244484,1,0
39,46,213024,1,0
39,47,154468,1,0
39,48,57324,1,0
39,49,16630,1,0
39,50,11015,1,0
39,51,11104,1,0
39,52,16271,1,0
39,53,10513,1,0
39,54,10913,1,0
39,55,14564,1,0
39,56,151018,1,0
39,57,216386,1,0
39,58,242128,1,0
39,59,164552,1,0
39,60,28655,1,0
39,61,15807,1,0
39,62,74431,1,0
39,63,30868,1,0
39,64,9720,1,0
39,65,414408,1,0
39,66,601303,1,0
39,67,933788,1,0
39,68,905093,1,0
39,69,837678,1,0
39,70,784805,1,0
39,71,705494,1,0
39,72,744778,1,0
39,73,670654,1,0
39,74,1117208,1,0
39,75,477646,1,0
39,76,474697,1,0
39,77,977595,1,0
39,78,859345,1,0
39,79,682005,1,0
39,80,510670,1,0
39,81,312703,1,0
39,82,183334,1,0
39,83,289634,1,0
39,84,213575,1,0
39,85,15892,1,0
39,86,11533,1,0
39,87,38154,1,0
39,88,117125,1,0
39,89,19499,1,0
39,90,11516,1,0
39,91,12513,1,0
39,92,15768,1,0
39,93,231769,1,0
39,94,252662,1,0
39,95,111931,1,0
39,96,16699,1,0
39,97,12418,1,0
39,98,51386,1,0
39,99,28725,1,0
39,100,10189,1,0
39,101,17728,1,0
39,102,12827,1,0
39,103,29151,1,0
39,104,66293,1,0
39,105,12750,1,0
39,106,22475,1,0
39,107,15580,1,0
39,108,9387,1,0
39,109,96021,1,0
39,110,9229,1,0
39,111,509798,1,0
39,112,562943,1,0
39,113,581812,1,0
39,114,496509,1,0
39,115,408366,1,0
39,116,362446,1,0
39,117,494854,1,0
39,118,382997,1,0
39,119,212615,1,0
39,120,50014,1,0
39,121,11758,1,0
39,122,113301,1,0
39,123,11477,1,0
39,124,13427,1,0
39,125,10973,1,0
39,126,16058,1,0
39,127,45753,1,0
39,128,10373,1,0
39,129,9570,1,0
39,130,9978,1,0
39,131,12306,1,0
39,132,46143,1,0
39,133,10742,1,0
39,134,11108,1,0
39,135,11846,1,0
39,136,13801,1,0
39,137,11756,1,0
39,138,53682,1,0
39,139,11700,1,0
39,140,12584,1,0
39,141,14409,1,0
39,142,12691,1,0
39,143,113323,1,0
39,144,190504,1,0
39,145,10855,1,0
39,146,13259,1,0
39,147,11714,1,0
39,148,12832,1,0
39,149,57463,1,0
39,150,9635,1,0
39,151,10541,1,0
39,152,12119,1,0
39,153,12070,1,0
39,154,61330,1,0
39,155,11567,1,0
39,156,13640,1,0
39,157,16518,1,0
39,158,10050,1,0
39,159,51606,1,0
39,160,10443,1,0
39,161,12338,1,0
39,162,10660,1,0
39,163,12280,1,0
39,164,49442,1,0
39,165,8786,1,0
39,166,10947,1,0
39,167,13041,1,0
39,168,11780,1,0
39,169,33995,1,0
39,170,9824,1,0
39,171,10910,1,0
39,172,12301,1,0
39,173,12815,1,0
39,174,22306,1,0
39,175,20798,1,0
39,176,13359,1,0
39,177,12527,1,0
39,178,9834,1,0
39,179,9564,1,0
39,180,59770,1,0
39,181,12055,1,0
39,182,10282,1,0
39,183,12241,1,0
39,184,12347,1,0
39,185,36742,1,0
39,186,9705,1,0
39,187,12159,1,0
39,188,9906,1,0
39,189,9765,1,0
39,190,58360,1,0
39,191,12161,1,0
39,192,9712,1,0
39,193,9552,1,0
39,194,12459,1,0
39,195,28971,1,0
39,196,9552,1,0
39,197,12577,1,0
39,198,21450,1,0
39,199,13413,1,0
39,200,12272,1,0
39,201,12628,1,0
39,202,10344,1,0
39,203,9052,1,0
39,204,10760,1,0
39,205,24024,1,0
39,206,15290,1,0
39,207,10229,1,0
39,208,11861,1,0
39,209,11882,1,0
39,210,17224,1,0
39,211,12704,1,0
39,212,13479,1,0
39,213,10502,1,0
39,214,13729,1,0
39,215,50623,1,0
39,216,11882,1,0
39,217,13625,1,0
39,218,8758,1,0
39,219,10620,1,0
39,220,79508,1,0
39,221,12101,1,0
39,222,12754,1,0
39,223,10822,1,0
39,224,10377,1,0
39,225,177843,1,0
39,226,259586,1,0
39,227,213410,1,0
39,228,100393,1,0
39,229,12657,1,0
39,230,11999,1,0
39,231,13844,1,0
39,232,12013,1,0
39,233,13522,1,0
39,234,10652,1,0
39,235,12291,1,0
39,236,201635,1,0
39,237,140411,1,0
39,238,11707,1,0
39,239,9937,1,0
39,240,9885,1,0
39,241,28504,1,0
39,242,9373,1,0
39,243,8777,1,0
39,244,10752,1,0
39,245,9205,1,0
39,246,13685,1,0
39,247,32776,1,0
39,248,13294,1,0
39,249,9402,1,0
39,250,10480,1,0
39,251,13057,1,0
39,252,38577,1,0
39,253,15312,1,0
39,254,10551,1,0
39,255,10680,1,0
39,256,13735,1,0
39,257,44179,1,0
39,258,20365,1,0
39,259,12711,1,0
39,260,20989,1,0
39,261,12211,1,0
39,262,427857,1,0
39,263,212426,1,0
39,264,10718,1,0
39,265,9262,1,0
39,266,11619,1,0
39,267,56520,1,0
39,268,12455,1,0
39,269,11823,1,0
39,270,9551,1,0
39,271,9552,1,0
39,272,48493,1,0
39,273,10179,1,0
39,274,11379,1,0
39,275,14575,1,0
39,276,9776,1,0
39,277,81590,1,0
39,278,9626,1,0
39,279,10006,1,0
39,280,9349,1,0
39,281,10702,1,0
39,282,18831,1,0
39,283,13661,1,0
39,284,12287,1,0
39,285,10389,1,0
39,286,11923,1,0
39,287,88001,1,0
39,288,11815,1,0
39,289,12235,1,0
39,290,14671,1,0
39,291,13367,1,0
39,292,171249,1,0
39,293,38133,1,0
39,294,11795,1,0
39,295,11792,1,0
39,296,10221,1,0
39,297,96968,1,0
39,298,13307,1,0
39,299,11418,1,0
39,300,11801,1,0
39,301,12183,1,0
39,302,34240,1,0
39,303,12133,1,0
39,304,11852,1,0
39,305,13744,1,0
39,306,112230,1,0
39,307,22778,1,0
39,308,630430,1,0
39,309,592904,1,0
39,310,1011938,1,0
39,311,784404,1,0
39,312,596130,1,0
39,313,577279,1,0
39,314,407356,1,0
39,315,312080,1,0
39,316,395405,1,0
39,317,304847,1,0
39,318,138117,1,0
39,319,13231,1,0
39,320,10769,1,0
39,321,12751,1,0
39,322,15699,1,0
39,323,10508,1,0
39,324,14884,1,0
39,325,119785,1,0
39,326,13572,1,0
39,327,12350,1,0
39,328,12092,1,0
39,329,147652,1,0
39,330,19843,1,0
39,331,109969,1,0
39,332,12894,1,0
39,333,11718,1,0
39,334,12375,1,0
39,335,11502,1,0
39,336,63469,1,0
39,337,12858,1,0
39,338,12047,1,0
39,339,10414,1,0
39,340,11457,1,0
39,341,29740,1,0
39,342,12492,1,0
39,343,10417,1,0
39,344,11971,1,0
39,345,12177,1,0
39,346,21568,1,0
39,347,23225,1,0
39,348,12408,1,0
39,349,10882,1,0
39,350,124313,1,0
39,351,14458,1,0
39,352,107223,1,0
39,353,12866,1,0
39,354,12426,1,0
39,355,11805,1,0
39,356,37037,1,0
39,357,11332,1,0
39,358,9194,1,0
39,359,10387,1,0
39,360,9878,1,0
39,361,13703,1,0
39,362,10349,1,0
39,363,9981,1,0
39,364,10467,1,0
39,365,9828,1,0
39,366,29950,1,0
39,367,13896,1,0
39,368,10033,1,0
39,369,9461,1,0
39,370,9987,1,0
39,371,12504,1,0
39,372,12448,1,0
39,373,11441,1,0
39,374,11581,1,0
39,375,10443,1,0
39,376,9567,1,0
39,377,121756,1,0
39,378,10046,1,0
39,379,10261,1,0
39,380,9501,1,0
39,381,9746,1,0
39,382,27948,1,0
39,383,12300,1,0
39,384,10537,1,0
39,385,10735,1,0
39,386,9923,1,0
39,387,74506,1,0
39,388,9725,1,0
39,389,12140,1,0
39,390,10082,1,0
39,391,11329,1,0
39,392,21726,1,0
39,393,89892,1,0
39,394,10239,1,0
39,395,10158,1,0
39,396,10419,1,0
39,397,10299,1,0
39,398,10459,1,0
39,399,10683,1,0
39,400,12544,1,0
39,401,13727,1,0
39,402,12678,1,0
39,403,58106,1,0
39,404,10359,1,0
39,405,11443,1,0
39,406,10551,1,0
39,407,23801,1,0
39,408,38275,1,0
39,409,11494,1,0
39,410,14571,1,0
39,411,10631,1,0
39,412,12681,1,0
39,413,58555,1,0
39,414,11773,1,0
39,415,12170,1,0
39,416,12728,1,0
39,417,40866,1,0
39,418,36557,1,0
39,419,12423,1,0
39,420,13368,1,0
39,421,10997,1,0
39,422,11113,1,0
39,423,50584,1,0
39,424,10375,1,0
39,425,12100,1,0
39,426,11655,1,0
39,427,19939,1,0
39,428,42628,1,0
39,429,11528,1,0
39,430,10875,1,0
39,431,12194,1,0
39,432,10846,1,0
39,433,36432,1,0
39,434,383151,1,0
39,435,234223,1,0
39,436,19978,1,0
39,437,24276,1,0
39,438,12504,1,0
39,439,128750,1,0
39,440,13061,1,0
39,441,10741,1,0
39,442,10824,1,0
39,443,9048,1,0
39,444,68041,1,0
39,445,9918,1,0
39,446,12188,1,0
39,447,15032,1,0
39,448,13375,1,0
39,449,83018,1,0
39,450,9839,1,0
39,451,10037,1,0
39,452,10361,1,0
39,453,10557,1,0
39,454,11606,1,0
39,455,12070,1,0
39,456,12787,1,0
39,457,22321,1,0
39,458,12114,1,0
39,459,130333,1,0
39,460,25560,1,0
39,461,12208,1,0
39,462,12138,1,0
39,463,10495,1,0
39,464,32816,1,0
39,465,12081,1,0
39,466,15365,1,0
39,467,17305,1,0
39,468,10181,1,0
39,469,10401,1,0
39,470,137682,1,0
39,471,252844,1,0
39,472,27576,1,0
39,473,10773,1,0
39,474,14106,1,0
39,475,10014,1,0
39,476,52993,1,0
39,477,16821,1,0
39,478,12534,1,0
39,479,12599,1,0
39,480,9972,1,0
39,481,29633,1,0
39,482,8991,1,0
39,483,10462,1,0
39,484,11696,1,0
39,485,12253,1,0
39,486,63066,1,0
39,487,16925,1,0
39,488,12393,1,0
39,489,28134,1,0
39,490,9272,1,0
39,491,72800,1,0
39,492,10815,1,0
39,493,13031,1,0
39,494,10850,1,0
39,495,12251,1,0
39,496,20711,1,0
39,497,15650,1,0
39,498,12302,1,0
39,499,10070,1,0
39,500,11036,1,0
39,501,187960,1,0
39,502,12159,1,0
39,503,12735,1,0
39,504,11751,1,0
39,505,9968,1,0
39,506,17281,1,0
39,507,20152,1,0
39,508,10865,1,0
39,509,11557,1,0
39,510,10359,1,0
39,511,84323,1,0
39,512,13718,1,0
39,513,12080,1,0
39,514,13019,1,0
39,515,27244,1,0
39,516,13998,1,0
39,517,73954,1,0
39,518,11947,1,0
39,519,13334,1,0
39,520,13260,1,0
39,521,12740,1,0
39,522,48408,1,0
39,523,9235,1,0
39,524,11245,1,0
39,525,10046,1,0
39,526,18975,1,0
39,527,25326,1,0
39,528,11366,1,0
39,529,10856,1,0
39,530,11694,1,0
39,531,12733,1,0
39,532,13882,1,0
39,533,12676,1,0
39,534,14898,1,0
39,535,24379,1,0
39,536,13655,1,0
39,537,174634,1,0
39,538,19801,1,0
39,539,13265,1,0
39,540,12264,1,0
39,541,10626,1,0
39,542,53297,1,0
39,543,32850,1,0
39,544,12013,1,0
39,545,10256,1,0
39,546,9998,1,0
39,547,93228,1,0
39,548,12100,1,0
39,549,18594,1,0
39,550,12744,1,0
39,551,12579,1,0
39,552,17369,1,0
39,553,10541,1,0
39,554,10742,1,0
39,555,9829,1,0
39,556,8899,1,0
39,557,132914,1,0
39,558,10262,1,0
39,559,10488,1,0
39,560,8876,1,0
39,561,12837,1,0
39,562,25349,1,0
39,563,11528,1,0
39,564,12308,1,0
39,565,10057,1,0
39,566,9987,1,0
39,567,90208,1,0
39,568,10746,1,0
39,569,12923,1,0
39,570,10374,1,0
39,571,11766,1,0
39,572,40931,1,0
39,573,10479,1,0
39,574,9495,1,0
39,575,9588,1,0
39,576,9640,1,0
39,577,31839,1,0
39,578,11441,1,0
39,579,11624,1,0
39,580,9873,1,0
39,581,10664,1,0
39,582,64777,1,0
39,583,9735,1,0
39,584,9296,1,0
39,585,9436,1,0
39,586,12731,1,0
39,587,166118,1,0
39,588,70556,1,0
39,589,12664,1,0
39,590,10641,1,0
39,591,11775,1,0
39,592,237633,1,0
39,593,120531,1,0
39,594,10549,1,0
39,595,9151,1,0
39,596,10236,1,0
39,597,64687,1,0
39,598,9793,1,0
39,599,12442,1,0
40,0,116702,1,0
40,1,43854,1,0
40,2,13425,1,0
40,3,14212,1,0
40,4,13007,1,0
40,5,43599,1,0
40,6,13646,1,0
40,7,76738,1,0
40,8,10984,1,0
40,9,16515,1,0
40,10,16327,1,0
40,11,11956,1,0
40,12,14337,1,0
40,13,10962,1,0
40,14,11664,1,0
40,15,15654,1,0
40,16,11908,1,0
40,17,13434,1,0
40,18,19108,1,0
40,19,14015,1,0
40,20,11701,1,0
40,21,11970,1,0
40,22,12545,1,0
40,23,12189,1,0
40,24,14095,1,0
40,25,11600,1,0
40,26,49236,1,0
40,27,23887,1,0
40,28,12750,1,0
40,29,13119,1,0
40,30,13525,1,0
40,31,15137,1,0
40,32,21989,1,0
40,33,17523,1,0
40,34,53508,1,0
40,35,157162,1,0
40,36,42301,1,0
40,37,25115,1,0
40,38,13516,1,0
40,39,16107,1,0
40,40,114337,1,0
40,41,13496,1,0
40,42,13126,1,0
40,43,12570,1,0
40,44,12232,1,0
40,45,257395,1,0
40,46,209227,1,0
40,47,153191,1,0
40,48,56434,1,0
40,49,15679,1,0
40,50,12674,1,0
40,51,12723,1,0
40,52,16384,1,0
40,53,13358,1,0
40,54,12817,1,0
40,55,13977,1,0
40,56,150346,1,0
40,57,215271,1,0
40,58,239208,1,0
40,59,161640,1,0
40,60,26118,1,0
40,61,17360,1,0
40,62,73701,1,0
40,63,32425,1,0
40,64,12924,1,0
40,65,439453,1,0
40,66,601560,1,0
40,67,933562,1,0
40,68,903798,1,0
40,69,837711,1,0
40,70,783653,1,0
40,71,705135,1,0
40,72,754366,1,0
40,73,669879,1,0
40,74,597796,1,0
40,75,482589,1,0
40,76,474450,1,0
40,77,975848,1,0
40,78,857960,1,0
40,79,680086,1,0
40,80,510237,1,0
40,81,308913,1,0
40,82,181642,1,0
40,83,288391,1,0
40,84,368375,1,0
40,85,13329,1,0
40,86,13343,1,0
40,87,37078,1,0
40,88,114855,1,0
40,89,17942,1,0
40,90,13807,1,0
40,91,17668,1,0
40,92,17085,1,0
40,93,255062,1,0
40,94,250060,1,0
40,95,111277,1,0
40,96,19432,1,0
40,97,15118,1,0
40,98,50066,1,0
40,99,31269,1,0
40,100,11868,1,0
40,101,20500,1,0
40,102,17269,1,0
40,103,27580,1,0
40,104,65347,1,0
40,105,13348,1,0
40,106,21042,1,0
40,107,17225,1,0
40,108,21517,1,0
40,109,93165,1,0
40,110,12861,1,0
40,111,508820,1,0
40,112,564138,1,0
40,113,581546,1,0
40,114,494646,1,0
40,115,406060,1,0
40,116,361988,1,0
40,117,494765,1,0
40,118,382646,1,0
40,119,210579,1,0
40,120,13834,1,0
40,121,12784,1,0
40,122,109444,1,0
40,123,14082,1,0
40,124,14244,1,0
40,125,14090,1,0
40,126,18346,1,0
40,127,55137,1,0
40,128,12382,1,0
40,129,12801,1,0
40,130,15262,1,0
40,131,10162,1,0
40,132,44269,1,0
40,133,13543,1,0
40,134,12409,1,0
40,135,14101,1,0
40,136,18027,1,0
40,137,9642,1,0
40,138,50057,1,0
40,139,13337,1,0
40,140,10764,1,0
40,141,14369,1,0
40,142,13696,1,0
40,143,124595,1,0
40,144,189469,1,0
40,145,14297,1,0
40,146,14883,1,0
40,147,13016,1,0
40,148,13407,1,0
40,149,74549,1,0
40,150,12012,1,0
40,151,12145,1,0
40,152,12262,1,0
40,153,11828,1,0
40,154,57573,1,0
40,155,12391,1,0
40,156,13062,1,0
40,157,17644,1,0
40,158,12874,1,0
40,159,66190,1,0
40,160,12409,1,0
40,161,10218,1,0
40,162,9850,1,0
40,163,19314,1,0
40,164,47654,1,0
40,165,9124,1,0
40,166,15229,1,0
40,167,14167,1,0
40,168,11455,1,0
40,169,45733,1,0
40,170,12225,1,0
40,171,11610,1,0
40,172,12859,1,0
40,173,10493,1,0
40,174,40599,1,0
40,175,19746,1,0
40,176,14717,1,0
40,177,11316,1,0
40,178,11215,1,0
40,179,9365,1,0
40,180,55960,1,0
40,181,13583,1,0
40,182,11606,1,0
40,183,12156,1,0
40,184,9629,1,0
40,185,33211,1,0
40,186,11292,1,0
40,187,14218,1,0
40,188,10950,1,0
40,189,11599,1,0
40,190,57344,1,0
40,191,13319,1,0
40,192,12601,1,0
40,193,11184,1,0
40,194,9529,1,0
40,195,27395,1,0
40,196,11165,1,0
40,197,9507,1,0
40,198,24767,1,0
40,199,12242,1,0
40,200,9669,1,0
40,201,9498,1,0
40,202,10282,1,0
40,203,10219,1,0
40,204,12039,1,0
40,205,39052,1,0
40,206,16469,1,0
40,207,13946,1,0
40,208,11910,1,0
40,209,12889,1,0
40,210,31432,1,0
40,211,14205,1,0
40,212,13528,1,0
40,213,10253,1,0
40,214,11786,1,0
40,215,51773,1,0
40,216,11486,1,0
40,217,13628,1,0
40,218,9207,1,0
40,219,12536,1,0
40,220,79363,1,0
40,221,12362,1,0
40,222,11834,1,0
40,223,12071,1,0
40,224,10584,1,0
40,225,176082,1,0
40,226,258394,1,0
40,227,211379,1,0
40,228,97743,1,0
40,229,11088,1,0
40,230,12033,1,0
40,231,10778,1,0
40,232,11238,1,0
40,233,10880,1,0
40,234,16246,1,0
40,235,12987,1,0
40,236,200892,1,0
40,237,137667,1,0
40,238,9909,1,0
40,239,12153,1,0
40,240,11934,1,0
40,241,43083,1,0
40,242,11909,1,0
40,243,9244,1,0
40,244,11180,1,0
40,245,10816,1,0
40,246,12495,1,0
40,247,33368,1,0
40,248,10204,1,0
40,249,10345,1,0
40,250,11511,1,0
40,251,13557,1,0
40,252,38403,1,0
40,253,13690,1,0
40,254,12655,1,0
40,255,12194,1,0
40,256,13621,1,0
40,257,48714,1,0
40,258,21582,1,0
40,259,11850,1,0
40,260,21239,1,0
40,261,13083,1,0
40,262,424738,1,0
40,263,211768,1,0
40,264,10204,1,0
40,265,11069,1,0
40,266,14143,1,0
40,267,70970,1,0
40,268,10856,1,0
40,269,10937,1,0
40,270,11172,1,0
40,271,11283,1,0
40,272,62257,1,0
40,273,11003,1,0
40,274,11631,1,0
40,275,11719,1,0
40,276,12815,1,0
40,277,94300,1,0
40,278,10780,1,0
40,279,10892,1,0
40,280,9698,1,0
40,281,13237,1,0
40,282,31607,1,0
40,283,11918,1,0
40,284,9344,1,0
40,285,10710,1,0
40,286,12365,1,0
40,287,85094,1,0
40,288,9130,1,0
40,289,8845,1,0
40,290,12188,1,0
40,291,13685,1,0
40,292,173095,1,0
40,293,37464,1,0
40,294,12058,1,0
40,295,9881,1,0
40,296,12374,1,0
40,297,95900,1,0
40,298,12081,1,0
40,299,11565,1,0
40,300,13033,1,0
40,301,11966,1,0
40,302,50585,1,0
40,303,12930,1,0
40,304,12766,1,0
40,305,14067,1,0
40,306,114718,1,0
40,307,328308,1,0
40,308,634028,1,0
40,309,590641,1,0
40,310,1009447,1,0
40,311,785520,1,0
40,312,593247,1,0
40,313,13512,1,0
40,314,405234,1,0
40,315,309153,1,0
40,316,394731,1,0
40,317,304144,1,0
40,318,137311,1,0
40,319,9491,1,0
40,320,10977,1,0
40,321,9725,1,0
40,322,13006,1,0
40,323,11621,1,0
40,324,13510,1,0
40,325,132410,1,0
40,326,11238,1,0
40,327,12708,1,0
40,328,11220,1,0
40,329,147901,1,0
40,330,18842,1,0
40,331,124469,1,0
40,332,11183,1,0
40,333,11351,1,0
40,334,11311,1,0
40,335,11885,1,0
40,336,62116,1,0
40,337,12943,1,0
40,338,10252,1,0
40,339,11963,1,0
40,340,11817,1,0
40,341,26778,1,0
40,342,12211,1,0
40,343,10859,1,0
40,344,10632,1,0
40,345,12376,1,0
40,346,21225,1,0
40,347,32031,1,0
40,348,16268,1,0
40,349,15129,1,0
40,350,122533,1,0
40,351,14047,1,0
40,352,107672,1,0
40,353,9320,1,0
40,354,10325,1,0
40,355,10215,1,0
40,356,35082,1,0
40,357,10745,1,0
40,358,9015,1,0
40,359,11282,1,0
40,360,11142,1,0
40,361,11319,1,0
40,362,10954,1,0
40,363,10455,1,0
40,364,9724,1,0
40,365,11314,1,0
40,366,28298,1,0
40,367,12311,1,0
40,368,11241,1,0
40,369,10914,1,0
40,370,9565,1,0
40,371,11745,1,0
40,372,14676,1,0
40,373,11216,1,0
40,374,11477,1,0
40,375,11785,1,0
40,376,10674,1,0
40,377,132456,1,0
40,378,9626,1,0
40,379,11086,1,0
40,380,9089,1,0
40,381,11506,1,0
40,382,26993,1,0
40,383,11872,1,0
40,384,9264,1,0
40,385,9392,1,0
40,386,11080,1,0
40,387,72711,1,0
40,388,11538,1,0
40,389,10562,1,0
40,390,11158,1,0
40,391,11936,1,0
40,392,33697,1,0
40,393,87513,1,0
40,394,10859,1,0
40,395,8986,1,0
40,396,12300,1,0
40,397,10450,1,0
40,398,10794,1,0
40,399,10256,1,0
40,400,10163,1,0
40,401,13008,1,0
40,402,11453,1,0
40,403,55566,1,0
40,404,10830,1,0
40,405,11139,1,0
40,406,12022,1,0
40,407,21431,1,0
40,408,51301,1,0
40,409,13314,1,0
40,410,12401,1,0
40,411,11430,1,0
40,412,13162,1,0
40,413,57070,1,0
40,414,12118,1,0
40,415,12218,1,0
40,416,11961,1,0
40,417,41547,1,0
40,418,50182,1,0
40,419,11386,1,0
40,420,11521,1,0
40,421,11229,1,0
40,422,10810,1,0
40,423,48794,1,0
40,424,11590,1,0
40,425,11703,1,0
40,426,11739,1,0
40,427,20740,1,0
40,428,42106,1,0
40,429,11657,1,0
40,430,11404,1,0
40,431,12516,1,0
40,432,15889,1,0
40,433,33224,1,0
40,434,382435,1,0
40,435,11697,1,0
40,436,16000,1,0
40,437,24733,1,0
40,438,12042,1,0
40,439,128900,1,0
40,440,11140,1,0
40,441,12446,1,0
40,442,12960,1,0
40,443,12161,1,0
40,444,65251,1,0
40,445,11864,1,0
40,446,10027,1,0
40,447,14880,1,0
40,448,11264,1,0
40,449,94998,1,0
40,450,9567,1,0
40,451,11689,1,0
40,452,11287,1,0
40,453,12953,1,0
40,454,10348,1,0
40,455,9662,1,0
40,456,13823,1,0
40,457,22995,1,0
40,458,11619,1,0
40,459,127782,1,0
40,460,22580,1,0
40,461,12129,1,0
40,462,13677,1,0
40,463,12059,1,0
40,464,28660,1,0
40,465,11101,1,0
40,466,16948,1,0
40,467,19548,1,0
40,468,11794,1,0
40,469,9598,1,0
40,470,148561,1,0
40,471,249892,1,0
40,472,25529,1,0
40,473,11592,1,0
40,474,12405,1,0
40,475,11278,1,0
40,476,72050,1,0
40,477,18245,1,0
40,478,10815,1,0
40,479,11709,1,0
40,480,11251,1,0
40,481,26398,1,0
40,482,13320,1,0
40,483,11900,1,0
40,484,10638,1,0
40,485,12097,1,0
40,486,61445,1,0
40,487,18069,1,0
40,488,11081,1,0
40,489,30968,1,0
40,490,12547,1,0
40,491,79249,1,0
40,492,13110,1,0
40,493,11311,1,0
40,494,11570,1,0
40,495,9434,1,0
40,496,18475,1,0
40,497,16741,1,0
40,498,11993,1,0
40,499,10378,1,0
40,500,12646,1,0
40,501,185212,1,0
40,502,13301,1,0
40,503,12265,1,0
40,504,10641,1,0
40,505,9905,1,0
40,506,25479,1,0
40,507,20795,1,0
40,508,10766,1,0
40,509,12177,1,0
40,510,11190,1,0
40,511,84514,1,0
40,512,12617,1,0
40,513,12760,1,0
40,514,13187,1,0
40,515,31023,1,0
40,516,12028,1,0
40,517,75753,1,0
40,518,11882,1,0
40,519,11343,1,0
40,520,10726,1,0
40,521,12574,1,0
40,522,45355,1,0
40,523,11282,1,0
40,524,9213,1,0
40,525,9524,1,0
40,526,23949,1,0
40,527,24531,1,0
40,528,11590,1,0
40,529,12736,1,0
40,530,11904,1,0
40,531,12351,1,0
40,532,12675,1,0
40,533,12522,1,0
40,534,13598,1,0
40,535,23329,1,0
40,536,13102,1,0
40,537,183011,1,0
40,538,17603,1,0
40,539,10769,1,0
40,540,11237,1,0
40,541,11291,1,0
40,542,66440,1,0
40,543,32466,1,0
40,544,11991,1,0
40,545,12054,1,0
40,546,13388,1,0
40,547,91960,1,0
40,548,13358,1,0
40,549,21302,1,0
40,550,11807,1,0
40,551,12755,1,0
40,552,14609,1,0
40,553,10051,1,0
40,554,10967,1,0
40,555,10471,1,0
40,556,11171,1,0
40,557,130904,1,0
40,558,12843,1,0
40,559,11708,1,0
40,560,11051,1,0
40,561,10205,1,0
40,562,22745,1,0
40,563,11327,1,0
40,564,12891,1,0
40,565,11070,1,0
40,566,11576,1,0
40,567,112568,1,0
40,568,11178,1,0
40,569,11955,1,0
40,570,9224,1,0
40,571,11122,1,0
40,572,38564,1,0
40,573,10732,1,0
40,574,10889,1,0
40,575,10807,1,0
40,576,12212,1,0
40,577,50634,1,0
40,578,11074,1,0
40,579,11475,1,0
40,580,10902,1,0
40,581,15790,1,0
40,582,78164,1,0
40,583,11298,1,0
40,584,9200,1,0
40,585,10755,1,0
40,586,9140,1,0
40,587,166356,1,0
40,588,68138,1,0
40,589,10413,1,0
40,590,10428,1,0
40,591,11868,1,0
40,592,249509,1,0
40,593,118558,1,0
40,594,11143,1,0
40,595,10175,1,0
40,596,11585,1,0
40,597,85143,1,0
40,598,11948,1,0
40,599,9450,1,0
41,0,115519,1,0
41,1,43302,1,0
41,2,12550,1,0
41,3,14069,1,0
41,4,14818,1,0
41,5,43102,1,0
41,6,13366,1,0
41,7,76145,1,0
41,8,11785,1,0
41,9,15583,1,0
41,10,15128,1,0
41,11,10886,1,0
41,12,19751,1,0
41,13,13161,1,0
41,14,12181,1,0
41,15,14396,1,0
41,16,11954,1,0
41,17,12385,1,0
41,18,18436,1,0
41,19,12577,1,0
41,20,11165,1,0
41,21,12230,1,0
41,22,13338,1,0
41,23,12144,1,0
41,24,13313,1,0
41,25,13144,1,0
41,26,49635,1,0
41,27,22394,1,0
41,28,11397,1,0
41,29,12569,1,0
41,30,12911,1,0
41,31,13222,1,0
41,32,21983,1,0
41,33,15870,1,0
41,34,50928,1,0
41,35,155748,1,0
41,36,41685,1,0
41,37,22509,1,0
41,38,11024,1,0
41,39,16672,1,0
41,40,113069,1,0
41,41,12065,1,0
41,42,12321,1,0
41,43,12260,1,0
41,44,14782,1,0
41,45,255980,1,0
41,46,209440,1,0
41,47,151707,1,0
41,48,56788,1,0
41,49,14633,1,0
41,50,13663,1,0
41,51,12723,1,0
41,52,15839,1,0
41,53,15648,1,0
41,54,10531,1,0
41,55,13612,1,0
41,56,149797,1,0
41,57,215222,1,0
41,58,236506,1,0
41,59,159628,1,0
41,60,24216,1,0
41,61,16793,1,0
41,62,74612,1,0
41,63,33673,1,0
41,64,14532,1,0
41,65,449086,1,0
41,66,603846,1,0
41,67,932540,1,0
41,68,902501,1,0
41,69,836344,1,0
41,70,782781,1,0
41,71,717101,1,0
41,72,752545,1,0
41,73,671208,1,0
41,74,597902,1,0
41,75,481955,1,0
41,76,474914,1,0
41,77,974087,1,0
41,78,856073,1,0
41,79,677610,1,0
41,80,507441,1,0
41,81,306545,1,0
41,82,195760,1,0
41,83,287496,1,0
41,84,207687,1,0
41,85,11482,1,0
41,86,11643,1,0
41,87,36951,1,0
41,88,111887,1,0
41,89,16748,1,0
41,90,13110,1,0
41,91,16501,1,0
41,92,17818,1,0
41,93,261343,1,0
41,94,252669,1,0
41,95,108222,1,0
41,96,25813,1,0
41,97,14789,1,0
41,98,47459,1,0
41,99,29412,1,0
41,100,11916,1,0
41,101,19296,1,0
41,102,14956,1,0
41,103,29142,1,0
41,104,63619,1,0
41,105,12761,1,0
41,106,19932,1,0
41,107,19693,1,0
41,108,23389,1,0
41,109,90946,1,0
41,110,12330,1,0
41,111,509219,1,0
41,112,565667,1,0
41,113,583292,1,0
41,114,493147,1,0
41,115,404601,1,0
41,116,374295,1,0
41,117,491958,1,0
41,118,380239,1,0
41,119,206690,1,0
41,120,47669,1,0
41,121,10125,1,0
41,122,107382,1,0
41,123,13235,1,0
41,124,14042,1,0
41,125,12278,1,0
41,126,18336,1,0
41,127,51606,1,0
41,128,11345,1,0
41,129,11695,1,0
41,130,13110,1,0
41,131,11687,1,0
41,132,40257,1,0
41,133,12282,1,0
41,134,9418,1,0
41,135,12058,1,0
41,136,16277,1,0
41,137,11745,1,0
41,138,47615,1,0
41,139,10647,1,0
41,140,9972,1,0
41,141,12648,1,0
41,142,16848,1,0
41,143,121769,1,0
41,144,187085,1,0
41,145,12434,1,0
41,146,14693,1,0
41,147,12581,1,0
41,148,14459,1,0
41,149,72693,1,0
41,150,11376,1,0
41,151,11100,1,0
41,152,14738,1,0
41,153,10323,1,0
41,154,55643,1,0
41,155,12056,1,0
41,156,14835,1,0
41,157,14898,1,0
41,158,11903,1,0
41,159,65016,1,0
41,160,10997,1,0
41,161,10868,1,0
41,162,15363,1,0
41,163,18204,1,0
41,164,44350,1,0
41,165,8390,1,0
41,166,14396,1,0
41,167,15353,1,0
41,168,11342,1,0
41,169,42967,1,0
41,170,13710,1,0
41,171,12067,1,0
41,172,11413,1,0
41,173,11903,1,0
41,174,38856,1,0
41,175,19371,1,0
41,176,14743,1,0
41,177,10003,1,0
41,178,11655,1,0
41,179,11472,1,0
41,180,53315,1,0
41,181,12023,1,0
41,182,11080,1,0
41,183,11388,1,0
41,184,22866,1,0
41,185,30325,1,0
41,186,13004,1,0
41,187,11509,1,0
41,188,11848,1,0
41,189,10575,1,0
41,190,54831,1,0
41,191,10322,1,0
41,192,10412,1,0
41,193,10371,1,0
41,194,12415,1,0
41,195,23877,1,0
41,196,10301,1,0
41,197,11348,1,0
41,198,23648,1,0
41,199,14591,1,0
41,200,27647,1,0
41,201,12767,1,0
41,202,13097,1,0
41,203,12315,1,0
41,204,13615,1,0
41,205,37679,1,0
41,206,16269,1,0
41,207,14200,1,0
41,208,14400,1,0
41,209,14552,1,0
41,210,30596,1,0
41,211,13877,1,0
41,212,14581,1,0
41,213,16690,1,0
41,214,14776,1,0
41,215,59830,1,0
41,216,14731,1,0
41,217,13793,1,0
41,218,13266,1,0
41,219,12401,1,0
41,220,76362,1,0
41,221,12056,1,0
41,222,15363,1,0
41,223,15186,1,0
41,224,14729,1,0
41,225,188042,1,0
41,226,259495,1,0
41,227,209075,1,0
41,228,96222,1,0
41,229,19190,1,0
41,230,15302,1,0
41,231,11911,1,0
41,232,13004,1,0
41,233,13266,1,0
41,234,18741,1,0
41,235,14624,1,0
41,236,199198,1,0
41,237,135462,1,0
41,238,14405,1,0
41,239,13640,1,0
41,240,14437,1,0
41,241,39868,1,0
41,242,11371,1,0
41,243,13289,1,0
41,244,12596,1,0
41,245,13045,1,0
41,246,18440,1,0
41,247,29914,1,0
41,248,15893,1,0
41,249,17212,1,0
41,250,13701,1,0
41,251,14304,1,0
41,252,35072,1,0
41,253,14675,1,0
41,254,14212,1,0
41,255,12070,1,0
41,256,16035,1,0
41,257,46395,1,0
41,258,25360,1,0
41,259,12846,1,0
41,260,27733,1,0
41,261,25896,1,0
41,262,426472,1,0
41,263,211896,1,0
41,264,15613,1,0
41,265,9080,1,0
41,266,16070,1,0
41,267,67621,1,0
41,268,11601,1,0
41,269,13960,1,0
41,270,11509,1,0
41,271,12339,1,0
41,272,60593,1,0
41,273,10126,1,0
41,274,10750,1,0
41,275,11928,1,0
41,276,11166,1,0
41,277,91307,1,0
41,278,11803,1,0
41,279,12774,1,0
41,280,11920,1,0
41,281,12417,1,0
41,282,28497,1,0
41,283,11879,1,0
41,284,20363,1,0
41,285,11796,1,0
41,286,15830,1,0
41,287,82852,1,0
41,288,13938,1,0
41,289,13651,1,0
41,290,15558,1,0
41,291,12961,1,0
41,292,170726,1,0
41,293,33890,1,0
41,294,12838,1,0
41,295,13132,1,0
41,296,15970,1,0
41,297,94118,1,0
41,298,12919,1,0
41,299,11765,1,0
41,300,19690,1,0
41,301,11693,1,0
41,302,47491,1,0
41,303,12159,1,0
41,304,13672,1,0
41,305,14833,1,0
41,306,120378,1,0
41,307,350142,1,0
41,308,634470,1,0
41,309,590956,1,0
41,310,1006461,1,0
41,311,785528,1,0
41,312,590741,1,0
41,313,573702,1,0
41,314,403990,1,0
41,315,308842,1,0
41,316,395002,1,0
41,317,301676,1,0
41,318,135724,1,0
41,319,12293,1,0
41,320,13563,1,0
41,321,12339,1,0
41,322,12812,1,0
41,323,9848,1,0
41,324,11975,1,0
41,325,128698,1,0
41,326,10862,1,0
41,327,16590,1,0
41,328,11267,1,0
41,329,145805,1,0
41,330,23439,1,0
41,331,122500,1,0
41,332,10476,1,0
41,333,10494,1,0
41,334,12218,1,0
41,335,10868,1,0
41,336,60874,1,0
41,337,10745,1,0
41,338,10877,1,0
41,339,12365,1,0
41,340,11407,1,0
41,341,26183,1,0
41,342,12874,1,0
41,343,9836,1,0
41,344,11018,1,0
41,345,10963,1,0
41,346,23467,1,0
41,347,35891,1,0
41,348,15712,1,0
41,349,13066,1,0
41,350,122561,1,0
41,351,12878,1,0
41,352,106495,1,0
41,353,12688,1,0
41,354,10247,1,0
41,355,11595,1,0
41,356,32262,1,0
41,357,12004,1,0
41,358,10908,1,0
41,359,10350,1,0
41,360,10986,1,0
41,361,27034,1,0
41,362,11684,1,0
41,363,10710,1,0
41,364,9870,1,0
41,365,10503,1,0
41,366,40947,1,0
41,367,11303,1,0
41,368,10847,1,0
41,369,9794,1,0
41,370,11016,1,0
41,371,10994,1,0
41,372,15468,1,0
41,373,10816,1,0
41,374,11469,1,0
41,375,13451,1,0
41,376,12006,1,0
41,377,130762,1,0
41,378,12450,1,0
41,379,10925,1,0
41,380,11554,1,0
41,381,10534,1,0
41,382,39373,1,0
41,383,11728,1,0
41,384,11303,1,0
41,385,10737,1,0
41,386,10350,1,0
41,387,70552,1,0
41,388,10013,1,0
41,389,10457,1,0
41,390,9898,1,0
41,391,11713,1,0
41,392,33798,1,0
41,393,83981,1,0
41,394,11795,1,0
41,395,11118,1,0
41,396,10821,1,0
41,397,10529,1,0
41,398,10120,1,0
41,399,10731,1,0
41,400,10828,1,0
41,401,10745,1,0
41,402,12161,1,0
41,403,52294,1,0
41,404,12559,1,0
41,405,12929,1,0
41,406,10695,1,0
41,407,19840,1,0
41,408,48150,1,0
41,409,11896,1,0
41,410,10460,1,0
41,411,11159,1,0
41,412,11730,1,0
41,413,54913,1,0
41,414,10175,1,0
41,415,12935,1,0
41,416,12034,1,0
41,417,42931,1,0
41,418,50428,1,0
41,419,11039,1,0
41,420,10797,1,0
41,421,10485,1,0
41,422,10186,1,0
41,423,45811,1,0
41,424,10316,1,0
41,425,12464,1,0
41,426,12477,1,0
41,427,18781,1,0
41,428,41011,1,0
41,429,12439,1,0
41,430,10083,1,0
41,431,9969,1,0
41,432,16809,1,0
41,433,44983,1,0
41,434,386395,1,0
41,435,231593,1,0
41,436,14915,1,0
41,437,23910,1,0
41,438,12543,1,0
41,439,130252,1,0
41,440,11743,1,0
41,441,12324,1,0
41,442,10021,1,0
41,443,10522,1,0
41,444,62356,1,0
41,445,10599,1,0
41,446,12040,1,0
41,447,12669,1,0
41,448,11607,1,0
41,449,91993,1,0
41,450,11819,1,0
41,451,11650,1,0
41,452,11578,1,0
41,453,10137,1,0
41,454,11111,1,0
41,455,10677,1,0
41,456,12212,1,0
41,457,23955,1,0
41,458,12078,1,0
41,459,139530,1,0
41,460,19619,1,0
41,461,12072,1,0
41,462,11487,1,0
41,463,10489,1,0
41,464,27117,1,0
41,465,11383,1,0
41,466,17306,1,0
41,467,19222,1,0
41,468,11088,1,0
41,469,12270,1,0
41,470,150624,1,0
41,471,246547,1,0
41,472,22461,1,0
41,473,10357,1,0
41,474,11315,1,0
41,475,10461,1,0
41,476,69915,1,0
41,477,19426,1,0
41,478,11749,1,0
41,479,14859,1,0
41,480,10709,1,0
41,481,23923,1,0
41,482,10189,1,0
41,483,10984,1,0
41,484,10818,1,0
41,485,11775,1,0
41,486,59268,1,0
41,487,19943,1,0
41,488,13195,1,0
41,489,33438,1,0
41,490,9712,1,0
41,491,76584,1,0
41,492,10654,1,0
41,493,11484,1,0
41,494,12029,1,0
41,495,11965,1,0
41,496,15181,1,0
41,497,15797,1,0
41,498,12155,1,0
41,499,11861,1,0
41,500,11449,1,0
41,501,196461,1,0
41,502,11152,1,0
41,503,10597,1,0
41,504,10824,1,0
41,505,11268,1,0
41,506,22397,1,0
41,507,26747,1,0
41,508,12210,1,0
41,509,11295,1,0
41,510,9740,1,0
41,511,82768,1,0
41,512,11087,1,0
41,513,10820,1,0
41,514,11699,1,0
41,515,30468,1,0
41,516,10493,1,0
41,517,79367,1,0
41,518,10403,1,0
41,519,11698,1,0
41,520,12919,1,0
41,521,11813,1,0
41,522,44352,1,0
41,523,9970,1,0
41,524,10871,1,0
41,525,11057,1,0
41,526,24024,1,0
41,527,29339,1,0
41,528,9657,1,0
41,529,11203,1,0
41,530,12326,1,0
41,531,12382,1,0
41,532,13463,1,0
41,533,10851,1,0
41,534,11462,1,0
41,535,23372,1,0
41,536,12585,1,0
41,537,184663,1,0
41,538,16294,1,0
41,539,11549,1,0
41,540,11757,1,0
41,541,10266,1,0
41,542,67601,1,0
41,543,31824,1,0
41,544,11500,1,0
41,545,12167,1,0
41,546,11892,1,0
41,547,105540,1,0
41,548,11447,1,0
41,549,31596,1,0
41,550,11420,1,0
41,551,10412,1,0
41,552,11663,1,0
41,553,10177,1,0
41,554,8226,1,0
41,555,12190,1,0
41,556,17429,1,0
41,557,127857,1,0
41,558,10081,1,0
41,559,8788,1,0
41,560,9814,1,0
41,561,11294,1,0
41,562,19122,1,0
41,563,10279,1,0
41,564,12241,1,0
41,565,9616,1,0
41,566,10140,1,0
41,567,111189,1,0
41,568,11358,1,0
41,569,12353,1,0
41,570,11512,1,0
41,571,11067,1,0
41,572,52944,1,0
41,573,13641,1,0
41,574,12661,1,0
41,575,11521,1,0
41,576,9721,1,0
41,577,54486,1,0
41,578,10165,1,0
41,579,9324,1,0
41,580,9778,1,0
41,581,15522,1,0
41,582,74363,1,0
41,583,9993,1,0
41,584,11259,1,0
41,585,11416,1,0
41,586,10655,1,0
41,587,199674,1,0
41,588,64103,1,0
41,589,12662,1,0
41,590,10757,1,0
41,591,10800,1,0
41,592,250218,1,0
41,593,115343,1,0
41,594,12240,1,0
41,595,11036,1,0
41,596,9572,1,0
41,597,85327,1,0
41,598,8433,1,0
41,599,10466,1,0
42,0,112637,1,0
42,1,40786,1,0
42,2,12913,1,0
42,3,12721,1,0
42,4,10934,1,0
42,5,41269,1,0
42,6,13822,1,0
42,7,74851,1,0
42,8,12875,1,0
42,9,12675,1,0
42,10,13638,1,0
42,11,13677,1,0
42,12,18644,1,0
42,13,13446,1,0
42,14,10860,1,0
42,15,10228,1,0
42,16,12717,1,0
42,17,11686,1,0
42,18,16717,1,0
42,19,13126,1,0
42,20,18165,1,0
42,21,12830,1,0
42,22,12573,1,0
42,23,16777,1,0
42,24,17076,1,0
42,25,12342,1,0
42,26,48682,1,0
42,27,24185,1,0
42,28,14573,1,0
42,29,12734,1,0
42,30,10765,1,0
42,31,10571,1,0
42,32,19032,1,0
42,33,15180,1,0
42,34,49004,1,0
42,35,153947,1,0
42,36,39556,1,0
42,37,20879,1,0
42,38,13202,1,0
42,39,15879,1,0
42,40,110551,1,0
42,41,12812,1,0
42,42,11077,1,0
42,43,13215,1,0
42,44,12890,1,0
42,45,252709,1,0
42,46,206189,1,0
42,47,150439,1,0
42,48,54157,1,0
42,49,14722,1,0
42,50,12991,1,0
42,51,16045,1,0
42,52,15251,1,0
42,53,14508,1,0
42,54,12713,1,0
42,55,13523,1,0
42,56,146289,1,0
42,57,212107,1,0
42,58,234259,1,0
42,59,158173,1,0
42,60,23809,1,0
42,61,16427,1,0
42,62,74726,1,0
42,63,35396,1,0
42,64,15787,1,0
42,65,461627,1,0
42,66,607020,1,0
42,67,929900,1,0
42,68,900456,1,0
42,69,834825,1,0
42,70,780660,1,0
42,71,714839,1,0
42,72,764006,1,0
42,73,669244,1,0
42,74,595713,1,0
42,75,479005,1,0
42,76,472804,1,0
42,77,970071,1,0
42,78,852546,1,0
42,79,674928,1,0
42,80,504161,1,0
42,81,301878,1,0
42,82,192877,1,0
42,83,286097,1,0
42,84,204775,1,0
42,85,12955,1,0
42,86,12278,1,0
42,87,33080,1,0
42,88,109275,1,0
42,89,12988,1,0
42,90,14415,1,0
42,91,14109,1,0
42,92,16186,1,0
42,93,263598,1,0
42,94,250473,1,0
42,95,104895,1,0
42,96,24457,1,0
42,97,11950,1,0
42,98,45817,1,0
42,99,26862,1,0
42,100,12096,1,0
42,101,17273,1,0
42,102,13375,1,0
42,103,41918,1,0
42,104,60901,1,0
42,105,13239,1,0
42,106,18843,1,0
42,107,19967,1,0
42,108,21059,1,0
42,109,88001,1,0
42,110,10380,1,0
42,111,506841,1,0
42,112,561726,1,0
42,113,583562,1,0
42,114,489919,1,0
42,115,402062,1,0
42,116,369826,1,0
42,117,490890,1,0
42,118,376454,1,0
42,119,202756,1,0
42,120,45274,1,0
42,121,13532,1,0
42,122,105252,1,0
42,123,12744,1,0
42,124,10963,1,0
42,125,10675,1,0
42,126,17751,1,0
42,127,48362,1,0
42,128,11335,1,0
42,129,10075,1,0
42,130,12247,1,0
42,131,11936,1,0
42,132,50716,1,0
42,133,9929,1,0
42,134,12527,1,0
42,135,12962,1,0
42,136,13882,1,0
42,137,14365,1,0
42,138,45194,1,0
42,139,12680,1,0
42,140,11963,1,0
42,141,13369,1,0
42,142,20979,1,0
42,143,132748,1,0
42,144,182360,1,0
42,145,10808,1,0
42,146,12960,1,0
42,147,10672,1,0
42,148,16878,1,0
42,149,71085,1,0
42,150,13828,1,0
42,151,10345,1,0
42,152,13534,1,0
42,153,11922,1,0
42,154,66109,1,0
42,155,10072,1,0
42,156,15137,1,0
42,157,10907,1,0
42,158,12643,1,0
42,159,62405,1,0
42,160,10934,1,0
42,161,10525,1,0
42,162,18976,1,0
42,163,23290,1,0
42,164,41614,1,0
42,165,10386,1,0
42,166,14594,1,0
42,167,17716,1,0
42,168,12021,1,0
42,169,39302,1,0
42,170,19655,1,0
42,171,12267,1,0
42,172,11835,1,0
42,173,9667,1,0
42,174,36688,1,0
42,175,16581,1,0
42,176,12691,1,0
42,177,11825,1,0
42,178,10024,1,0
42,179,9596,1,0
42,180,63032,1,0
42,181,10600,1,0
42,182,9925,1,0
42,183,10303,1,0
42,184,24208,1,0
42,185,38165,1,0
42,186,14012,1,0
42,187,10329,1,0
42,188,10642,1,0
42,189,11100,1,0
42,190,51810,1,0
42,191,11996,1,0
42,192,10544,1,0
42,193,9831,1,0
42,194,10035,1,0
42,195,34020,1,0
42,196,15376,1,0
42,197,10485,1,0
42,198,22408,1,0
42,199,16037,1,0
42,200,24908,1,0
42,201,12596,1,0
42,202,9797,1,0
42,203,10019,1,0
42,204,14545,1,0
42,205,33716,1,0
42,206,13252,1,0
42,207,11566,1,0
42,208,11890,1,0
42,209,10367,1,0
42,210,26696,1,0
42,211,10530,1,0
42,212,13421,1,0
42,213,13629,1,0
42,214,11580,1,0
42,215,56371,1,0
42,216,14074,1,0
42,217,11038,1,0
42,218,11555,1,0
42,219,10494,1,0
42,220,73249,1,0
42,221,13165,1,0
42,222,12505,1,0
42,223,13455,1,0
42,224,9916,1,0
42,225,185829,1,0
42,226,256983,1,0
42,227,206099,1,0
42,228,93612,1,0
42,229,18291,1,0
42,230,12844,1,0
42,231,9864,1,0
42,232,10490,1,0
42,233,10613,1,0
42,234,13606,1,0
42,235,11905,1,0
42,236,196789,1,0
42,237,131867,1,0
42,238,16810,1,0
42,239,10417,1,0
42,240,11736,1,0
42,241,33938,1,0
42,242,10846,1,0
42,243,10339,1,0
42,244,11819,1,0
42,245,13672,1,0
42,246,17531,1,0
42,247,26232,1,0
42,248,14018,1,0
42,249,13909,1,0
42,250,10719,1,0
42,251,16068,1,0
42,252,31877,1,0
42,253,14117,1,0
42,254,12825,1,0
42,255,10665,1,0
42,256,13460,1,0
42,257,41908,1,0
42,258,23157,1,0
42,259,13854,1,0
42,260,30895,1,0
42,261,34836,1,0
42,262,423868,1,0
42,263,209189,1,0
42,264,13951,1,0
42,265,12434,1,0
42,266,16654,1,0
42,267,64891,1,0
42,268,10996,1,0
42,269,12600,1,0
42,270,12317,1,0
42,271,12011,1,0
42,272,58145,1,0
42,273,12351,1,0
42,274,13617,1,0
42,275,12011,1,0
42,276,14161,1,0
42,277,88737,1,0
42,278,13890,1,0
42,279,16587,1,0
42,280,12623,1,0
42,281,13868,1,0
42,282,26844,1,0
42,283,10296,1,0
42,284,21330,1,0
42,285,14136,1,0
42,286,19850,1,0
42,287,82175,1,0
42,288,9873,1,0
42,289,10137,1,0
42,290,11691,1,0
42,291,13640,1,0
42,292,213726,1,0
42,293,29030,1,0
42,294,11221,1,0
42,295,14647,1,0
42,296,15807,1,0
42,297,92811,1,0
42,298,14796,1,0
42,299,11852,1,0
42,300,16944,1,0
42,301,13396,1,0
42,302,44281,1,0
42,303,13358,1,0
42,304,13436,1,0
42,305,16752,1,0
42,306,121684,1,0
42,307,363751,1,0
42,308,638904,1,0
42,309,589751,1,0
42,310,1003132,1,0
42,311,785598,1,0
42,312,586645,1,0
42,313,571532,1,0
42,314,400212,1,0
42,315,306128,1,0
42,316,393006,1,0
42,317,297712,1,0
42,318,133679,1,0
42,319,14369,1,0
42,320,12357,1,0
42,321,13764,1,0
42,322,14014,1,0
42,323,18529,1,0
42,324,14253,1,0
42,325,125111,1,0
42,326,12600,1,0
42,327,17368,1,0
42,328,12766,1,0
42,329,141568,1,0
42,330,23820,1,0
42,331,136378,1,0
42,332,13066,1,0
42,333,12410,1,0
42,334,16506,1,0
42,335,13908,1,0
42,336,57702,1,0
42,337,14935,1,0
42,338,12626,1,0
42,339,16507,1,0
42,340,14790,1,0
42,341,26562,1,0
42,342,13614,1,0
42,343,12979,1,0
42,344,10391,1,0
42,345,14622,1,0
42,346,22173,1,0
42,347,33400,1,0
42,348,17343,1,0
42,349,11507,1,0
42,350,117733,1,0
42,351,13503,1,0
42,352,104647,1,0
42,353,12196,1,0
42,354,12611,1,0
42,355,12822,1,0
42,356,41242,1,0
42,357,14976,1,0
42,358,12225,1,0
42,359,10409,1,0
42,360,17787,1,0
42,361,21499,1,0
42,362,11533,1,0
42,363,13888,1,0
42,364,13016,1,0
42,365,11669,1,0
42,366,38577,1,0
42,367,13495,1,0
42,368,12734,1,0
42,369,14475,1,0
42,370,15424,1,0
42,371,14412,1,0
42,372,14092,1,0
42,373,13818,1,0
42,374,13530,1,0
42,375,13229,1,0
42,376,13746,1,0
42,377,126128,1,0
42,378,10262,1,0
42,379,14422,1,0
42,380,12546,1,0
42,381,10023,1,0
42,382,36002,1,0
42,383,19377,1,0
42,384,13631,1,0
42,385,12150,1,0
42,386,12550,1,0
42,387,65927,1,0
42,388,13092,1,0
42,389,11245,1,0
42,390,16649,1,0
42,391,14862,1,0
42,392,31158,1,0
42,393,80328,1,0
42,394,17128,1,0
42,395,10854,1,0
42,396,13010,1,0
42,397,11680,1,0
42,398,13487,1,0
42,399,9960,1,0
42,400,13072,1,0
42,401,14486,1,0
42,402,13020,1,0
42,403,49117,1,0
42,404,13794,1,0
42,405,12855,1,0
42,406,13444,1,0
42,407,17349,1,0
42,408,42539,1,0
42,409,18230,1,0
42,410,14528,1,0
42,411,11364,1,0
42,412,13324,1,0
42,413,51977,1,0
42,414,13411,1,0
42,415,12913,1,0
42,416,13832,1,0
42,417,41477,1,0
42,418,46211,1,0
42,419,13709,1,0
42,420,13029,1,0
42,421,13632,1,0
42,422,15242,1,0
42,423,43649,1,0
42,424,11994,1,0
42,425,14455,1,0
42,426,12758,1,0
42,427,17472,1,0
42,428,50332,1,0
42,429,13911,1,0
42,430,10906,1,0
42,431,15071,1,0
42,432,16125,1,0
42,433,44311,1,0
42,434,382411,1,0
42,435,229215,1,0
42,436,14426,1,0
42,437,24509,1,0
42,438,13600,1,0
42,439,126959,1,0
42,440,16798,1,0
42,441,14936,1,0
42,442,12930,1,0
42,443,13365,1,0
42,444,57997,1,0
42,445,13242,1,0
42,446,12875,1,0
42,447,13956,1,0
42,448,12635,1,0
42,449,89157,1,0
42,450,13138,1,0
42,451,11109,1,0
42,452,9213,1,0
42,453,11438,1,0
42,454,16657,1,0
42,455,9816,1,0
42,456,11972,1,0
42,457,24717,1,0
42,458,10621,1,0
42,459,136731,1,0
42,460,19439,1,0
42,461,11656,1,0
42,462,9445,1,0
42,463,10683,1,0
42,464,41751,1,0
42,465,10222,1,0
42,466,14132,1,0
42,467,22203,1,0
42,468,12171,1,0
42,469,14478,1,0
42,470,159939,1,0
42,471,242121,1,0
42,472,17803,1,0
42,473,10948,1,0
42,474,12690,1,0
42,475,10014,1,0
42,476,66770,1,0
42,477,17436,1,0
42,478,10964,1,0
42,479,13915,1,0
42,480,10817,1,0
42,481,22216,1,0
42,482,10185,1,0
42,483,10014,1,0
42,484,10325,1,0
42,485,10226,1,0
42,486,57080,1,0
42,487,23035,1,0
42,488,14063,1,0
42,489,35916,1,0
42,490,10046,1,0
42,491,73411,1,0
42,492,11714,1,0
42,493,12897,1,0
42,494,10544,1,0
42,495,10163,1,0
42,496,27897,1,0
42,497,14482,1,0
42,498,9734,1,0
42,499,9273,1,0
42,500,12697,1,0
42,501,192426,1,0
42,502,10397,1,0
42,503,11958,1,0
42,504,9811,1,0
42,505,9731,1,0
42,506,22525,1,0
42,507,32937,1,0
42,508,9909,1,0
42,509,10610,1,0
42,510,10649,1,0
42,511,82734,1,0
42,512,10055,1,0
42,513,11929,1,0
42,514,13642,1,0
42,515,36226,1,0
42,516,10771,1,0
42,517,80719,1,0
42,518,11952,1,0
42,519,12403,1,0
42,520,14148,1,0
42,521,13338,1,0
42,522,42461,1,0
42,523,10968,1,0
42,524,11137,1,0
42,525,12935,1,0
42,526,21029,1,0
42,527,29807,1,0
42,528,11821,1,0
42,529,13711,1,0
42,530,12454,1,0
42,531,11775,1,0
42,532,13497,1,0
42,533,13095,1,0
42,534,11364,1,0
42,535,23961,1,0
42,536,14767,1,0
42,537,183681,1,0
42,538,13549,1,0
42,539,12077,1,0
42,540,12429,1,0
42,541,10468,1,0
42,542,66066,1,0
42,543,37065,1,0
42,544,13674,1,0
42,545,11543,1,0
42,546,12957,1,0
42,547,102878,1,0
42,548,21079,1,0
42,549,39446,1,0
42,550,11283,1,0
42,551,12532,1,0
42,552,11183,1,0
42,553,11566,1,0
42,554,11793,1,0
42,555,10128,1,0
42,556,13046,1,0
42,557,122046,1,0
42,558,12235,1,0
42,559,9991,1,0
42,560,9213,1,0
42,561,9277,1,0
42,562,30466,1,0
42,563,10485,1,0
42,564,13182,1,0
42,565,11130,1,0
42,566,11483,1,0
42,567,106365,1,0
42,568,12279,1,0
42,569,13554,1,0
42,570,12375,1,0
42,571,10607,1,0
42,572,49639,1,0
42,573,13144,1,0
42,574,11486,1,0
42,575,10106,1,0
42,576,11064,1,0
42,577,56063,1,0
42,578,10743,1,0
42,579,9393,1,0
42,580,9831,1,0
42,581,19439,1,0
42,582,70201,1,0
42,583,12893,1,0
42,584,9263,1,0
42,585,10080,1,0
42,586,9758,1,0
42,587,213726,1,0
42,588,61898,1,0
42,589,13047,1,0
42,590,12410,1,0
42,591,13956,1,0
42,592,249025,1,0
42,593,110859,1,0
42,594,10737,1,0
42,595,9734,1,0
42,596,9470,1,0
42,597,82881,1,0
42,598,9716,1,0
42,599,12492,1,0
43,0,112268,1,0
43,1,40522,1,0
43,2,12596,1,0
43,3,16425,1,0
43,4,13797,1,0
43,5,40473,1,0
43,6,13339,1,0
43,7,74964,1,0
43,8,10027,1,0
43,9,12096,1,0
43,10,12051,1,0
43,11,11621,1,0
43,12,18892,1,0
43,13,12007,1,0
43,14,11237,1,0
43,15,12076,1,0
43,16,13007,1,0
43,17,11800,1,0
43,18,15518,1,0
43,19,13339,1,0
43,20,20457,1,0
43,21,10685,1,0
43,22,12534,1,0
43,23,16077,1,0
43,24,15926,1,0
43,25,14165,1,0
43,26,47203,1,0
43,27,23837,1,0
43,28,13446,1,0
43,29,15340,1,0
43,30,14193,1,0
43,31,11846,1,0
43,32,17421,1,0
43,33,12293,1,0
43,34,47929,1,0
43,35,157468,1,0
43,36,37413,1,0
43,37,44492,1,0
43,38,11504,1,0
43,39,14364,1,0
43,40,110139,1,0
43,41,13995,1,0
43,42,12855,1,0
43,43,12149,1,0
43,44,13334,1,0
43,45,251863,1,0
43,46,203431,1,0
43,47,148326,1,0
43,48,52181,1,0
43,49,14232,1,0
43,50,11930,1,0
43,51,14804,1,0
43,52,13248,1,0
43,53,13797,1,0
43,54,12150,1,0
43,55,11791,1,0
43,56,159595,1,0
43,57,209961,1,0
43,58,231043,1,0
43,59,155883,1,0
43,60,21616,1,0
43,61,15284,1,0
43,62,74119,1,0
43,63,34813,1,0
43,64,14798,1,0
43,65,477159,1,0
43,66,611125,1,0
43,67,930593,1,0
43,68,899878,1,0
43,69,834720,1,0
43,70,779438,1,0
43,71,713762,1,0
43,72,761502,1,0
43,73,667848,1,0
43,74,592385,1,0
43,75,479935,1,0
43,76,472977,1,0
43,77,982344,1,0
43,78,849776,1,0
43,79,672265,1,0
43,80,501383,1,0
43,81,300404,1,0
43,82,190318,1,0
43,83,286347,1,0
43,84,203178,1,0
43,85,13790,1,0
43,86,14029,1,0
43,87,31783,1,0
43,88,107321,1,0
43,89,12180,1,0
43,90,15926,1,0
43,91,12947,1,0
43,92,15649,1,0
43,93,265104,1,0
43,94,248270,1,0
43,95,103954,1,0
43,96,23252,1,0
43,97,13919,1,0
43,98,43800,1,0
43,99,24819,1,0
43,100,12179,1,0
43,101,15814,1,0
43,102,12185,1,0
43,103,40823,1,0
43,104,58736,1,0
43,105,12873,1,0
43,106,18209,1,0
43,107,17548,1,0
43,108,18930,1,0
43,109,84068,1,0
43,110,11676,1,0
43,111,505368,1,0
43,112,560415,1,0
43,113,583339,1,0
43,114,487411,1,0
43,115,399598,1,0
43,116,367715,1,0
43,117,489575,1,0
43,118,372972,1,0
43,119,200908,1,0
43,120,42133,1,0
43,121,11663,1,0
43,122,103462,1,0
43,123,13088,1,0
43,124,12884,1,0
43,125,12398,1,0
43,126,16633,1,0
43,127,44786,1,0
43,128,11991,1,0
43,129,10932,1,0
43,130,12312,1,0
43,131,12701,1,0
43,132,48627,1,0
43,133,11305,1,0
43,134,11617,1,0
43,135,9115,1,0
43,136,13283,1,0
43,137,17352,1,0
43,138,42873,1,0
43,139,14849,1,0
43,140,11978,1,0
43,141,12769,1,0
43,142,19305,1,0
43,143,129484,1,0
43,144,179575,1,0
43,145,11965,1,0
43,146,11771,1,0
43,147,12407,1,0
43,148,23425,1,0
43,149,83507,1,0
43,150,10975,1,0
43,151,11280,1,0
43,152,13283,1,0
43,153,12600,1,0
43,154,65716,1,0
43,155,13227,1,0
43,156,17618,1,0
43,157,11723,1,0
43,158,9547,1,0
43,159,73946,1,0
43,160,11314,1,0
43,161,13008,1,0
43,162,15736,1,0
43,163,25309,1,0
43,164,52587,1,0
43,165,11204,1,0
43,166,14182,1,0
43,167,18563,1,0
43,168,12142,1,0
43,169,36858,1,0
43,170,18809,1,0
43,171,11345,1,0
43,172,11742,1,0
43,173,11391,1,0
43,174,35330,1,0
43,175,18136,1,0
43,176,15760,1,0
43,177,12609,1,0
43,178,11422,1,0
43,179,11376,1,0
43,180,60117,1,0
43,181,12423,1,0
43,182,10573,1,0
43,183,12668,1,0
43,184,22819,1,0
43,185,36905,1,0
43,186,12546,1,0
43,187,11949,1,0
43,188,14600,1,0
43,189,11433,1,0
43,190,57935,1,0
43,191,10644,1,0
43,192,12061,1,0
43,193,10979,1,0
43,194,11458,1,0
43,195,33003,1,0
43,196,17832,1,0
43,197,10421,1,0
43,198,22473,1,0
43,199,20040,1,0
43,200,25635,1,0
43,201,9693,1,0
43,202,10570,1,0
43,203,11321,1,0
43,204,12751,1,0
43,205,45151,1,0
43,206,11184,1,0
43,207,12080,1,0
43,208,12159,1,0
43,209,13850,1,0
43,210,41952,1,0
43,211,14179,1,0
43,212,11796,1,0
43,213,11661,1,0
43,214,12139,1,0
43,215,52949,1,0
43,216,13982,1,0
43,217,12491,1,0
43,218,20431,1,0
43,219,12282,1,0
43,220,85794,1,0
43,221,12045,1,0
43,222,10133,1,0
43,223,11812,1,0
43,224,11438,1,0
43,225,184124,1,0
43,226,257866,1,0
43,227,205276,1,0
43,228,91742,1,0
43,229,16913,1,0
43,230,9163,1,0
43,231,12629,1,0
43,232,14743,1,0
43,233,10918,1,0
43,234,10501,1,0
43,235,11488,1,0
43,236,209908,1,0
43,237,128702,1,0
43,238,17452,1,0
43,239,10563,1,0
43,240,13341,1,0
43,241,30708,1,0
43,242,13149,1,0
43,243,11691,1,0
43,244,12425,1,0
43,245,11292,1,0
43,246,17782,1,0
43,247,23888,1,0
43,248,12151,1,0
43,249,10372,1,0
43,250,11472,1,0
43,251,13589,1,0
43,252,28352,1,0
43,253,14951,1,0
43,254,11325,1,0
43,255,11234,1,0
43,256,11612,1,0
43,257,40123,1,0
43,258,25184,1,0
43,259,14265,1,0
43,260,36411,1,0
43,261,46314,1,0
43,262,419513,1,0
43,263,207494,1,0
43,264,11315,1,0
43,265,10121,1,0
43,266,17872,1,0
43,267,75958,1,0
43,268,11475,1,0
43,269,11126,1,0
43,270,9019,1,0
43,271,11727,1,0
43,272,68850,1,0
43,273,9482,1,0
43,274,12276,1,0
43,275,13801,1,0
43,276,13665,1,0
43,277,99696,1,0
43,278,13807,1,0
43,279,18131,1,0
43,280,11698,1,0
43,281,11999,1,0
43,282,24435,1,0
43,283,11531,1,0
43,284,20345,1,0
43,285,12096,1,0
43,286,20964,1,0
43,287,80307,1,0
43,288,11133,1,0
43,289,11869,1,0
43,290,10908,1,0
43,291,13141,1,0
43,292,212486,1,0
43,293,26129,1,0
43,294,11531,1,0
43,295,12989,1,0
43,296,18226,1,0
43,297,104369,1,0
43,298,13476,1,0
43,299,11655,1,0
43,300,15245,1,0
43,301,10982,1,0
43,302,40646,1,0
43,303,11852,1,0
43,304,11366,1,0
43,305,16808,1,0
43,306,127621,1,0
43,307,373221,1,0
43,308,638248,1,0
43,309,590216,1,0
43,310,1000513,1,0
43,311,783856,1,0
43,312,584042,1,0
43,313,569194,1,0
43,314,397207,1,0
43,315,304178,1,0
43,316,391351,1,0
43,317,294891,1,0
43,318,132212,1,0
43,319,15033,1,0
43,320,10821,1,0
43,321,11491,1,0
43,322,11940,1,0
43,323,17894,1,0
43,324,12845,1,0
43,325,129877,1,0
43,326,10951,1,0
43,327,16688,1,0
43,328,12584,1,0
43,329,139437,1,0
43,330,24797,1,0
43,331,161233,1,0
43,332,10324,1,0
43,333,10008,1,0
43,334,20415,1,0
43,335,13333,1,0
43,336,55196,1,0
43,337,13932,1,0
43,338,9216,1,0
43,339,16918,1,0
43,340,13475,1,0
43,341,25483,1,0
43,342,9173,1,0
43,343,12496,1,0
43,344,12286,1,0
43,345,13254,1,0
43,346,20770,1,0
43,347,32484,1,0
43,348,17334,1,0
43,349,20058,1,0
43,350,114863,1,0
43,351,11643,1,0
43,352,103619,1,0
43,353,13048,1,0
43,354,11673,1,0
43,355,11803,1,0
43,356,39694,1,0
43,357,11490,1,0
43,358,13038,1,0
43,359,10520,1,0
43,360,14959,1,0
43,361,19068,1,0
43,362,11104,1,0
43,363,10932,1,0
43,364,9448,1,0
43,365,9639,1,0
43,366,36231,1,0
43,367,11250,1,0
43,368,10759,1,0
43,369,12990,1,0
43,370,13263,1,0
43,371,10777,1,0
43,372,11652,1,0
43,373,12097,1,0
43,374,11248,1,0
43,375,11754,1,0
43,376,11505,1,0
43,377,137856,1,0
43,378,11837,1,0
43,379,15316,1,0
43,380,10341,1,0
43,381,11030,1,0
43,382,32825,1,0
43,383,17672,1,0
43,384,11281,1,0
43,385,11655,1,0
43,386,10877,1,0
43,387,76059,1,0
43,388,10736,1,0
43,389,11580,1,0
43,390,15378,1,0
43,391,12810,1,0
43,392,28401,1,0
43,393,77440,1,0
43,394,14893,1,0
43,395,11846,1,0
43,396,10043,1,0
43,397,11101,1,0
43,398,13621,1,0
43,399,10879,1,0
43,400,11293,1,0
43,401,17293,1,0
43,402,11985,1,0
43,403,47258,1,0
43,404,13876,1,0
43,405,11059,1,0
43,406,12002,1,0
43,407,15872,1,0
43,408,56995,1,0
43,409,16679,1,0
43,410,12623,1,0
43,411,11503,1,0
43,412,14669,1,0
43,413,49157,1,0
43,414,10749,1,0
43,415,16846,1,0
43,416,12774,1,0
43,417,40248,1,0
43,418,42844,1,0
43,419,11840,1,0
43,420,11159,1,0
43,421,13319,1,0
43,422,13681,1,0
43,423,40689,1,0
43,424,11778,1,0
43,425,15286,1,0
43,426,12022,1,0
43,427,15287,1,0
43,428,48054,1,0
43,429,11327,1,0
43,430,11935,1,0
43,431,13473,1,0
43,432,13588,1,0
43,433,41179,1,0
43,434,380653,1,0
43,435,229186,1,0
43,436,13829,1,0
43,437,21609,1,0
43,438,14163,1,0
43,439,136144,1,0
43,440,18179,1,0
43,441,18029,1,0
43,442,14512,1,0
43,443,12359,1,0
43,444,57468,1,0
43,445,13301,1,0
43,446,13418,1,0
43,447,15343,1,0
43,448,12309,1,0
43,449,88161,1,0
43,450,12805,1,0
43,451,14356,1,0
43,452,14440,1,0
43,453,17117,1,0
43,454,18220,1,0
43,455,15561,1,0
43,456,16722,1,0
43,457,22930,1,0
43,458,14046,1,0
43,459,145278,1,0
43,460,18055,1,0
43,461,14802,1,0
43,462,13045,1,0
43,463,16692,1,0
43,464,39111,1,0
43,465,13959,1,0
43,466,14171,1,0
43,467,21358,1,0
43,468,11132,1,0
43,469,15974,1,0
43,470,157356,1,0
43,471,238660,1,0
43,472,18170,1,0
43,473,14203,1,0
43,474,13687,1,0
43,475,15532,1,0
43,476,65659,1,0
43,477,17760,1,0
43,478,13880,1,0
43,479,14371,1,0
43,480,14305,1,0
43,481,21395,1,0
43,482,15673,1,0
43,483,14769,1,0
43,484,18437,1,0
43,485,20028,1,0
43,486,53373,1,0
43,487,24073,1,0
43,488,17937,1,0
43,489,36264,1,0
43,490,12851,1,0
43,491,70948,1,0
43,492,14863,1,0
43,493,19034,1,0
43,494,16334,1,0
43,495,16159,1,0
43,496,28915,1,0
43,497,20782,1,0
43,498,16246,1,0
43,499,17487,1,0
43,500,13691,1,0
43,501,188452,1,0
43,502,13527,1,0
43,503,16140,1,0
43,504,16445,1,0
43,505,19448,1,0
43,506,19707,1,0
43,507,34169,1,0
43,508,13467,1,0
43,509,13946,1,0
43,510,12430,1,0
43,511,80579,1,0
43,512,15120,1,0
43,513,15106,1,0
43,514,15533,1,0
43,515,38386,1,0
43,516,13792,1,0
43,517,81271,1,0
43,518,12165,1,0
43,519,11830,1,0
43,520,15837,1,0
43,521,15526,1,0
43,522,41663,1,0
43,523,13513,1,0
43,524,13252,1,0
43,525,13230,1,0
43,526,33968,1,0
43,527,28625,1,0
43,528,14870,1,0
43,529,12377,1,0
43,530,13536,1,0
43,531,14705,1,0
43,532,16134,1,0
43,533,14859,1,0
43,534,13911,1,0
43,535,23329,1,0
43,536,14017,1,0
43,537,185589,1,0
43,538,17518,1,0
43,539,14589,1,0
43,540,15382,1,0
43,541,14639,1,0
43,542,76357,1,0
43,543,38031,1,0
43,544,14285,1,0
43,545,14535,1,0
43,546,13365,1,0
43,547,100571,1,0
43,548,23309,1,0
43,549,43148,1,0
43,550,14003,1,0
43,551,12279,1,0
43,552,13786,1,0
43,553,14546,1,0
43,554,10527,1,0
43,555,9221,1,0
43,556,15219,1,0
43,557,118589,1,0
43,558,11078,1,0
43,559,11549,1,0
43,560,12541,1,0
43,561,11677,1,0
43,562,29946,1,0
43,563,12392,1,0
43,564,12801,1,0
43,565,10466,1,0
43,566,12226,1,0
43,567,102831,1,0
43,568,9760,1,0
43,569,14943,1,0
43,570,12257,1,0
43,571,13417,1,0
43,572,48127,1,0
43,573,12131,1,0
43,574,13069,1,0
43,575,12633,1,0
43,576,15435,1,0
43,577,56305,1,0
43,578,14932,1,0
43,579,12688,1,0
43,580,12847,1,0
43,581,17892,1,0
43,582,67645,1,0
43,583,13565,1,0
43,584,11940,1,0
43,585,10660,1,0
43,586,13842,1,0
43,587,210662,1,0
43,588,59229,1,0
43,589,13753,1,0
43,590,11169,1,0
43,591,11649,1,0
43,592,260752,1,0
43,593,113190,1,0
43,594,11910,1,0
43,595,10542,1,0
43,596,10570,1,0
43,597,80770,1,0
43,598,11420,1,0
43,599,14899,1,0
44,0,111146,1,0
44,1,42728,1,0
44,2,11957,1,0
44,3,23283,1,0
44,4,13555,1,0
44,5,42687,1,0
44,6,15717,1,0
44,7,73614,1,0
44,8,13511,1,0
44,9,11384,1,0
44,10,12714,1,0
44,11,12378,1,0
44,12,19965,1,0
44,13,12200,1,0
44,14,10546,1,0
44,15,12833,1,0
44,16,12646,1,0
44,17,12693,1,0
44,18,15379,1,0
44,19,12915,1,0
44,20,18421,1,0
44,21,13789,1,0
44,22,10494,1,0
44,23,14388,1,0
44,24,15597,1,0
44,25,12296,1,0
44,26,44834,1,0
44,27,23976,1,0
44,28,14980,1,0
44,29,14388,1,0
44,30,13036,1,0
44,31,10508,1,0
44,32,16552,1,0
44,33,11158,1,0
44,34,61603,1,0
44,35,155834,1,0
44,36,35697,1,0
44,37,42346,1,0
44,38,11164,1,0
44,39,13324,1,0
44,40,108136,1,0
44,41,12000,1,0
44,42,13293,1,0
44,43,10482,1,0
44,44,12703,1,0
44,45,250803,1,0
44,46,200252,1,0
44,47,148332,1,0
44,48,52183,1,0
44,49,13538,1,0
44,50,13087,1,0
44,51,12451,1,0
44,52,11169,1,0
44,53,14736,1,0
44,54,11233,1,0
44,55,12349,1,0
44,56,157076,1,0
44,57,211161,1,0
44,58,227822,1,0
44,59,154479,1,0
44,60,19342,1,0
44,61,15238,1,0
44,62,71843,1,0
44,63,34201,1,0
44,64,13366,1,0
44,65,489201,1,0
44,66,615661,1,0
44,67,931000,1,0
44,68,899795,1,0
44,69,833890,1,0
44,70,778202,1,0
44,71,712879,1,0
44,72,759819,1,0
44,73,666796,1,0
44,74,591569,1,0
44,75,479814,1,0
44,76,472613,1,0
44,77,980776,1,0
44,78,849500,1,0
44,79,670275,1,0
44,80,498742,1,0
44,81,298416,1,0
44,82,189086,1,0
44,83,285834,1,0
44,84,198916,1,0
44,85,11741,1,0
44,86,12669,1,0
44,87,30443,1,0
44,88,104265,1,0
44,89,10733,1,0
44,90,14463,1,0
44,91,12956,1,0
44,92,14378,1,0
44,93,283643,1,0
44,94,245814,1,0
44,95,101778,1,0
44,96,22316,1,0
44,97,12090,1,0
44,98,55959,1,0
44,99,23439,1,0
44,100,10837,1,0
44,101,14277,1,0
44,102,13733,1,0
44,103,76468,1,0
44,104,57658,1,0
44,105,11979,1,0
44,106,16681,1,0
44,107,17161,1,0
44,108,14813,1,0
44,109,80165,1,0
44,110,11263,1,0
44,111,505036,1,0
44,112,570307,1,0
44,113,585680,1,0
44,114,484795,1,0
44,115,400023,1,0
44,116,388347,1,0
44,117,487200,1,0
44,118,370724,1,0
44,119,198967,1,0
44,120,39448,1,0
44,121,10576,1,0
44,122,100141,1,0
44,123,11575,1,0
44,124,12996,1,0
44,125,11838,1,0
44,126,14753,1,0
44,127,61107,1,0
44,128,10826,1,0
44,129,11335,1,0
44,130,13180,1,0
44,131,11566,1,0
44,132,46525,1,0
44,133,12411,1,0
44,134,10212,1,0
44,135,12591,1,0
44,136,13093,1,0
44,137,20656,1,0
44,138,39092,1,0
44,139,11974,1,0
44,140,11628,1,0
44,141,11091,1,0
44,142,15498,1,0
44,143,141497,1,0
44,144,175667,1,0
44,145,10236,1,0
44,146,11526,1,0
44,147,11508,1,0
44,148,26835,1,0
44,149,80588,1,0
44,150,11028,1,0
44,151,11460,1,0
44,152,12239,1,0
44,153,12148,1,0
44,154,62383,1,0
44,155,10163,1,0
44,156,16000,1,0
44,157,12094,1,0
44,158,10551,1,0
44,159,72027,1,0
44,160,11016,1,0
44,161,11634,1,0
44,162,13516,1,0
44,163,24014,1,0
44,164,49557,1,0
44,165,9765,1,0
44,166,13757,1,0
44,167,16482,1,0
44,168,10627,1,0
44,169,51756,1,0
44,170,16147,1,0
44,171,10590,1,0
44,172,11656,1,0
44,173,12490,1,0
44,174,35092,1,0
44,175,17499,1,0
44,176,15470,1,0
44,177,11050,1,0
44,178,9389,1,0
44,179,10703,1,0
44,180,55442,1,0
44,181,12257,1,0
44,182,11629,1,0
44,183,12680,1,0
44,184,21112,1,0
44,185,34583,1,0
44,186,11479,1,0
44,187,10403,1,0
44,188,12251,1,0
44,189,10441,1,0
44,190,60298,1,0
44,191,12462,1,0
44,192,11246,1,0
44,193,11819,1,0
44,194,10213,1,0
44,195,29514,1,0
44,196,15847,1,0
44,197,10167,1,0
44,198,21346,1,0
44,199,17720,1,0
44,200,37540,1,0
44,201,10813,1,0
44,202,13960,1,0
44,203,9880,1,0
44,204,11271,1,0
44,205,43167,1,0
44,206,11578,1,0
44,207,9938,1,0
44,208,10840,1,0
44,209,10752,1,0
44,210,40737,1,0
44,211,11765,1,0
44,212,10882,1,0
44,213,10433,1,0
44,214,11967,1,0
44,215,51474,1,0
44,216,12839,1,0
44,217,12254,1,0
44,218,18174,1,0
44,219,10689,1,0
44,220,83949,1,0
44,221,10819,1,0
44,222,13136,1,0
44,223,11239,1,0
44,224,10538,1,0
44,225,180880,1,0
44,226,257728,1,0
44,227,204140,1,0
44,228,89763,1,0
44,229,15771,1,0
44,230,13078,1,0
44,231,11076,1,0
44,232,15688,1,0
44,233,10186,1,0
44,234,11219,1,0
44,235,12342,1,0
44,236,209805,1,0
44,237,125530,1,0
44,238,15727,1,0
44,239,12442,1,0
44,240,10389,1,0
44,241,41177,1,0
44,242,11737,1,0
44,243,10197,1,0
44,244,11507,1,0
44,245,11047,1,0
44,246,16010,1,0
44,247,21093,1,0
44,248,12660,1,0
44,249,10271,1,0
44,250,12017,1,0
44,251,11162,1,0
44,252,26992,1,0
44,253,15655,1,0
44,254,13007,1,0
44,255,11645,1,0
44,256,19338,1,0
44,257,39059,1,0
44,258,28398,1,0
44,259,13358,1,0
44,260,40242,1,0
44,261,44975,1,0
44,262,415793,1,0
44,263,205859,1,0
44,264,11285,1,0
44,265,11545,1,0
44,266,20136,1,0
44,267,75213,1,0
44,268,11685,1,0
44,269,9349,1,0
44,270,9843,1,0
44,271,11900,1,0
44,272,66652,1,0
44,273,10272,1,0
44,274,12156,1,0
44,275,12385,1,0
44,276,12822,1,0
44,277,97193,1,0
44,278,12231,1,0
44,279,15904,1,0
44,280,10707,1,0
44,281,10783,1,0
44,282,21512,1,0
44,283,10107,1,0
44,284,18824,1,0
44,285,11007,1,0
44,286,21322,1,0
44,287,78350,1,0
44,288,11483,1,0
44,289,10825,1,0
44,290,11560,1,0
44,291,12168,1,0
44,292,208635,1,0
44,293,24092,1,0
44,294,11849,1,0
44,295,11439,1,0
44,296,17317,1,0
44,297,102788,1,0
44,298,12172,1,0
44,299,10159,1,0
44,300,12839,1,0
44,301,10792,1,0
44,302,72390,1,0
44,303,11637,1,0
44,304,11453,1,0
44,305,15610,1,0
44,306,134180,1,0
44,307,381500,1,0
44,308,636619,1,0
44,309,588679,1,0
44,310,996445,1,0
44,311,782643,1,0
44,312,582641,1,0
44,313,566907,1,0
44,314,394708,1,0
44,315,305861,1,0
44,316,395333,1,0
44,317,291548,1,0
44,318,129223,1,0
44,319,11898,1,0
44,320,10351,1,0
44,321,11232,1,0
44,322,11122,1,0
44,323,17002,1,0
44,324,13462,1,0
44,325,127355,1,0
44,326,11475,1,0
44,327,15452,1,0
44,328,12096,1,0
44,329,138070,1,0
44,330,24968,1,0
44,331,160761,1,0
44,332,13173,1,0
44,333,12295,1,0
44,334,19424,1,0
44,335,12863,1,0
44,336,51947,1,0
44,337,12407,1,0
44,338,11535,1,0
44,339,15175,1,0
44,340,12111,1,0
44,341,23138,1,0
44,342,12667,1,0
44,343,11030,1,0
44,344,12685,1,0
44,345,13361,1,0
44,346,25022,1,0
44,347,32379,1,0
44,348,16308,1,0
44,349,18880,1,0
44,350,111666,1,0
44,351,12324,1,0
44,352,102585,1,0
44,353,11935,1,0
44,354,10431,1,0
44,355,9963,1,0
44,356,38114,1,0
44,357,10306,1,0
44,358,11209,1,0
44,359,11618,1,0
44,360,12887,1,0
44,361,14818,1,0
44,362,10560,1,0
44,363,12291,1,0
44,364,11332,1,0
44,365,12129,1,0
44,366,34629,1,0
44,367,11255,1,0
44,368,11045,1,0
44,369,9587,1,0
44,370,11145,1,0
44,371,12620,1,0
44,372,11412,1,0
44,373,13551,1,0
44,374,12856,1,0
44,375,10510,1,0
44,376,11222,1,0
44,377,135556,1,0
44,378,9970,1,0
44,379,15838,1,0
44,380,9690,1,0
44,381,10585,1,0
44,382,31971,1,0
44,383,17045,1,0
44,384,10471,1,0
44,385,13855,1,0
44,386,10684,1,0
44,387,71239,1,0
44,388,11963,1,0
44,389,10259,1,0
44,390,11921,1,0
44,391,9552,1,0
44,392,46730,1,0
44,393,74540,1,0
44,394,12130,1,0
44,395,10710,1,0
44,396,10694,1,0
44,397,11781,1,0
44,398,13284,1,0
44,399,13252,1,0
44,400,12730,1,0
44,401,37000,1,0
44,402,11072,1,0
44,403,45898,1,0
44,404,15548,1,0
44,405,11606,1,0
44,406,10616,1,0
44,407,14788,1,0
44,408,54327,1,0
44,409,15175,1,0
44,410,11580,1,0
44,411,10340,1,0
44,412,13639,1,0
44,413,46385,1,0
44,414,12488,1,0
44,415,22396,1,0
44,416,11229,1,0
44,417,37798,1,0
44,418,40177,1,0
44,419,10433,1,0
44,420,11754,1,0
44,421,11606,1,0
44,422,10745,1,0
44,423,38276,1,0
44,424,10450,1,0
44,425,12641,1,0
44,426,10479,1,0
44,427,11796,1,0
44,428,44082,1,0
44,429,11794,1,0
44,430,9935,1,0
44,431,10827,1,0
44,432,11588,1,0
44,433,38405,1,0
44,434,379393,1,0
44,435,228271,1,0
44,436,10627,1,0
44,437,18597,1,0
44,438,12099,1,0
44,439,136002,1,0
44,440,17254,1,0
44,441,19258,1,0
44,442,13129,1,0
44,443,11670,1,0
44,444,54162,1,0
44,445,10678,1,0
44,446,10736,1,0
44,447,14365,1,0
44,448,11055,1,0
44,449,90124,1,0
44,450,12279,1,0
44,451,11491,1,0
44,452,13708,1,0
44,453,15235,1,0
44,454,15825,1,0
44,455,12337,1,0
44,456,14868,1,0
44,457,20670,1,0
44,458,12912,1,0
44,459,148215,1,0
44,460,15564,1,0
44,461,11726,1,0
44,462,10736,1,0
44,463,13984,1,0
44,464,50196,1,0
44,465,12471,1,0
44,466,10391,1,0
44,467,20320,1,0
44,468,11067,1,0
44,469,14285,1,0
44,470,155011,1,0
44,471,235110,1,0
44,472,16101,1,0
44,473,13011,1,0
44,474,11967,1,0
44,475,12517,1,0
44,476,64779,1,0
44,477,16969,1,0
44,478,11300,1,0
44,479,13332,1,0
44,480,13437,1,0
44,481,17885,1,0
44,482,14976,1,0
44,483,14070,1,0
44,484,16008,1,0
44,485,16366,1,0
44,486,50938,1,0
44,487,24298,1,0
44,488,18609,1,0
44,489,36389,1,0
44,490,11637,1,0
44,491,69605,1,0
44,492,12788,1,0
44,493,15691,1,0
44,494,13150,1,0
44,495,14234,1,0
44,496,25623,1,0
44,497,18935,1,0
44,498,12441,1,0
44,499,17485,1,0
44,500,11513,1,0
44,501,185649,1,0
44,502,14591,1,0
44,503,15584,1,0
44,504,12998,1,0
44,505,16003,1,0
44,506,15623,1,0
44,507,32216,1,0
44,508,10961,1,0
44,509,11521,1,0
44,510,11018,1,0
44,511,87151,1,0
44,512,11481,1,0
44,513,11835,1,0
44,514,15982,1,0
44,515,39632,1,0
44,516,11794,1,0
44,517,80651,1,0
44,518,13334,1,0
44,519,10901,1,0
44,520,13513,1,0
44,521,16366,1,0
44,522,39921,1,0
44,523,11928,1,0
44,524,14116,1,0
44,525,12239,1,0
44,526,31248,1,0
44,527,27577,1,0
44,528,11774,1,0
44,529,10866,1,0
44,530,12825,1,0
44,531,12615,1,0
44,532,14944,1,0
44,533,14296,1,0
44,534,12283,1,0
44,535,22975,1,0
44,536,13775,1,0
44,537,188396,1,0
44,538,15462,1,0
44,539,12582,1,0
44,540,14739,1,0
44,541,12205,1,0
44,542,75036,1,0
44,543,36227,1,0
44,544,13178,1,0
44,545,12869,1,0
44,546,12684,1,0
44,547,113575,1,0
44,548,21508,1,0
44,549,48716,1,0
44,550,12771,1,0
44,551,22075,1,0
44,552,11305,1,0
44,553,15963,1,0
44,554,12342,1,0
44,555,10381,1,0
44,556,13544,1,0
44,557,113989,1,0
44,558,12864,1,0
44,559,13776,1,0
44,560,11241,1,0
44,561,11336,1,0
44,562,41253,1,0
44,563,10754,1,0
44,564,14919,1,0
44,565,10738,1,0
44,566,10511,1,0
44,567,98808,1,0
44,568,11256,1,0
44,569,13673,1,0
44,570,11423,1,0
44,571,10956,1,0
44,572,61440,1,0
44,573,9937,1,0
44,574,10824,1,0
44,575,10196,1,0
44,576,15577,1,0
44,577,69071,1,0
44,578,12351,1,0
44,579,10151,1,0
44,580,11132,1,0
44,581,14322,1,0
44,582,63661,1,0
44,583,12233,1,0
44,584,11674,1,0
44,585,11436,1,0
44,586,13083,1,0
44,587,206698,1,0
44,588,55851,1,0
44,589,18199,1,0
44,590,11701,1,0
44,591,12540,1,0
44,592,258824,1,0
44,593,110760,1,0
44,594,11400,1,0
44,595,10962,1,0
44,596,10443,1,0
44,597,96004,1,0
44,598,11404,1,0
44,599,13625,1,0
45,0,107593,1,0
45,1,41262,1,0
45,2,13622,1,0
45,3,21442,1,0
45,4,11240,1,0
45,5,41231,1,0
45,6,13882,1,0
45,7,73577,1,0
45,8,13675,1,0
45,9,13594,1,0
45,10,10557,1,0
45,11,11971,1,0
45,12,18936,1,0
45,13,13105,1,0
45,14,10942,1,0
45,15,12668,1,0
45,16,12334,1,0
45,17,9970,1,0
45,18,17731,1,0
45,19,12474,1,0
45,20,16820,1,0
45,21,13855,1,0
45,22,14401,1,0
45,23,13885,1,0
45,24,12738,1,0
45,25,12238,1,0
45,26,42855,1,0
45,27,20982,1,0
45,28,13359,1,0
45,29,13053,1,0
45,30,14370,1,0
45,31,12173,1,0
45,32,14842,1,0
45,33,12200,1,0
45,34,59127,1,0
45,35,153384,1,0
45,36,33804,1,0
45,37,39085,1,0
45,38,11400,1,0
45,39,12470,1,0
45,40,106371,1,0
45,41,11730,1,0
45,42,12850,1,0
45,43,10623,1,0
45,44,14060,1,0
45,45,249347,1,0
45,46,198130,1,0
45,47,146627,1,0
45,48,49185,1,0
45,49,12728,1,0
45,50,12433,1,0
45,51,12779,1,0
45,52,11353,1,0
45,53,13510,1,0
45,54,13508,1,0
45,55,12429,1,0
45,56,156373,1,0
45,57,212669,1,0
45,58,224523,1,0
45,59,155260,1,0
45,60,16219,1,0
45,61,14255,1,0
45,62,68510,1,0
45,63,32877,1,0
45,64,14871,1,0
45,65,492178,1,0
45,66,621473,1,0
45,67,929264,1,0
45,68,897478,1,0
45,69,832510,1,0
45,70,776383,1,0
45,71,710026,1,0
45,72,759235,1,0
45,73,665689,1,0
45,74,591129,1,0
45,75,477258,1,0
45,76,469599,1,0
45,77,988431,1,0
45,78,847820,1,0
45,79,668719,1,0
45,80,493872,1,0
45,81,294101,1,0
45,82,186185,1,0
45,83,282696,1,0
45,84,194292,1,0
45,85,10534,1,0
45,86,12216,1,0
45,87,27063,1,0
45,88,101208,1,0
45,89,10310,1,0
45,90,15585,1,0
45,91,11823,1,0
45,92,12589,1,0
45,93,284081,1,0
45,94,242649,1,0
45,95,97561,1,0
45,96,20925,1,0
45,97,12988,1,0
45,98,54161,1,0
45,99,20430,1,0
45,100,13190,1,0
45,101,11887,1,0
45,102,11093,1,0
45,103,50694,1,0
45,104,55113,1,0
45,105,13693,1,0
45,106,12843,1,0
45,107,15540,1,0
45,108,25494,1,0
45,109,78280,1,0
45,110,9942,1,0
45,111,501523,1,0
45,112,567292,1,0
45,113,586419,1,0
45,114,482680,1,0
45,115,397536,1,0
45,116,387217,1,0
45,117,484941,1,0
45,118,367489,1,0
45,119,196656,1,0
45,120,37220,1,0
45,121,11980,1,0
45,122,96914,1,0
45,123,14359,1,0
45,124,13705,1,0
45,125,10843,1,0
45,126,12215,1,0
45,127,57688,1,0
45,128,11610,1,0
45,129,10074,1,0
45,130,10132,1,0
45,131,10748,1,0
45,132,42458,1,0
45,133,13087,1,0
45,134,10107,1,0
45,135,12377,1,0
45,136,10357,1,0
45,137,17186,1,0
45,138,35991,1,0
45,139,10708,1,0
45,140,12591,1,0
45,141,9791,1,0
45,142,14431,1,0
45,143,137849,1,0
45,144,173176,1,0
45,145,13022,1,0
45,146,12760,1,0
45,147,12020,1,0
45,148,26814,1,0
45,149,77714,1,0
45,150,10704,1,0
45,151,9971,1,0
45,152,12139,1,0
45,153,12265,1,0
45,154,57780,1,0
45,155,9948,1,0
45,156,13527,1,0
45,157,13056,1,0
45,158,8896,1,0
45,159,69281,1,0
45,160,9727,1,0
45,161,12360,1,0
45,162,17799,1,0
45,163,24276,1,0
45,164,43964,1,0
45,165,11978,1,0
45,166,10387,1,0
45,167,14047,1,0
45,168,11698,1,0
45,169,46919,1,0
45,170,12595,1,0
45,171,10717,1,0
45,172,12405,1,0
45,173,9858,1,0
45,174,49193,1,0
45,175,15260,1,0
45,176,11702,1,0
45,177,12750,1,0
45,178,9833,1,0
45,179,9766,1,0
45,180,50338,1,0
45,181,10181,1,0
45,182,10905,1,0
45,183,11565,1,0
45,184,18238,1,0
45,185,30479,1,0
45,186,12131,1,0
45,187,11865,1,0
45,188,9946,1,0
45,189,12703,1,0
45,190,55787,1,0
45,191,10578,1,0
45,192,10793,1,0
45,193,11088,1,0
45,194,9912,1,0
45,195,24560,1,0
45,196,13644,1,0
45,197,9363,1,0
45,198,19947,1,0
45,199,13191,1,0
45,200,34394,1,0
45,201,9607,1,0
45,202,11956,1,0
45,203,9406,1,0
45,204,11409,1,0
45,205,41274,1,0
45,206,14255,1,0
45,207,13293,1,0
45,208,11436,1,0
45,209,10447,1,0
45,210,36302,1,0
45,211,11502,1,0
45,212,11401,1,0
45,213,14558,1,0
45,214,14435,1,0
45,215,49357,1,0
45,216,15116,1,0
45,217,14017,1,0
45,218,17636,1,0
45,219,13065,1,0
45,220,81165,1,0
45,221,9247,1,0
45,222,14154,1,0
45,223,12989,1,0
45,224,11722,1,0
45,225,193687,1,0
45,226,265529,1,0
45,227,202357,1,0
45,228,85883,1,0
45,229,12310,1,0
45,230,10180,1,0
45,231,9854,1,0
45,232,12356,1,0
45,233,11071,1,0
45,234,11651,1,0
45,235,12595,1,0
45,236,206440,1,0
45,237,121362,1,0
45,238,12748,1,0
45,239,10698,1,0
45,240,10745,1,0
45,241,36944,1,0
45,242,12042,1,0
45,243,12176,1,0
45,244,11896,1,0
45,245,10145,1,0
45,246,11328,1,0
45,247,16747,1,0
45,248,11112,1,0
45,249,9824,1,0
45,250,10782,1,0
45,251,12040,1,0
45,252,22105,1,0
45,253,12277,1,0
45,254,10727,1,0
45,255,10531,1,0
45,256,22551,1,0
45,257,37048,1,0
45,258,26942,1,0
45,259,12729,1,0
45,260,40232,1,0
45,261,43022,1,0
45,262,412619,1,0
45,263,204601,1,0
45,264,11340,1,0
45,265,10462,1,0
45,266,17777,1,0
45,267,70546,1,0
45,268,10159,1,0
45,269,10004,1,0
45,270,9692,1,0
45,271,10205,1,0
45,272,62079,1,0
45,273,9739,1,0
45,274,11303,1,0
45,275,18099,1,0
45,276,14402,1,0
45,277,93445,1,0
45,278,9666,1,0
45,279,11876,1,0
45,280,11853,1,0
45,281,12502,1,0
45,282,17059,1,0
45,283,9690,1,0
45,284,17760,1,0
45,285,11363,1,0
45,286,21437,1,0
45,287,73624,1,0
45,288,10639,1,0
45,289,11560,1,0
45,290,10932,1,0
45,291,14328,1,0
45,292,210383,1,0
45,293,20660,1,0
45,294,10880,1,0
45,295,10356,1,0
45,296,15966,1,0
45,297,99790,1,0
45,298,10728,1,0
45,299,11863,1,0
45,300,11620,1,0
45,301,14401,1,0
45,302,49706,1,0
45,303,10498,1,0
45,304,13416,1,0
45,305,15328,1,0
45,306,140035,1,0
45,307,406417,1,0
45,308,636637,1,0
45,309,587047,1,0
45,310,992791,1,0
45,311,778469,1,0
45,312,578404,1,0
45,313,562641,1,0
45,314,391067,1,0
45,315,305665,1,0
45,316,393922,1,0
45,317,289113,1,0
45,318,129315,1,0
45,319,10497,1,0
45,320,11104,1,0
45,321,10976,1,0
45,322,11970,1,0
45,323,13919,1,0
45,324,12623,1,0
45,325,121926,1,0
45,326,12965,1,0
45,327,14300,1,0
45,328,14380,1,0
45,329,134866,1,0
45,330,21722,1,0
45,331,158607,1,0
45,332,11346,1,0
45,333,11912,1,0
45,334,16139,1,0
45,335,13940,1,0
45,336,48944,1,0
45,337,12189,1,0
45,338,10735,1,0
45,339,12610,1,0
45,340,11750,1,0
45,341,18116,1,0
45,342,10806,1,0
45,343,12294,1,0
45,344,9628,1,0
45,345,11856,1,0
45,346,22400,1,0
45,347,30766,1,0
45,348,15380,1,0
45,349,16465,1,0
45,350,109203,1,0
45,351,41282,1,0
45,352,100571,1,0
45,353,10700,1,0
45,354,10512,1,0
45,355,11606,1,0
45,356,33694,1,0
45,357,9754,1,0
45,358,13851,1,0
45,359,11373,1,0
45,360,9590,1,0
45,361,25383,1,0
45,362,12079,1,0
45,363,13241,1,0
45,364,10441,1,0
45,365,9367,1,0
45,366,45953,1,0
45,367,10002,1,0
45,368,10297,1,0
45,369,10931,1,0
45,370,11016,1,0
45,371,11745,1,0
45,372,9618,1,0
45,373,11785,1,0
45,374,11117,1,0
45,375,12700,1,0
45,376,11602,1,0
45,377,131291,1,0
45,378,10367,1,0
45,379,13386,1,0
45,380,10074,1,0
45,381,11440,1,0
45,382,42366,1,0
45,383,15358,1,0
45,384,10246,1,0
45,385,10033,1,0
45,386,10742,1,0
45,387,67047,1,0
45,388,10390,1,0
45,389,10843,1,0
45,390,10305,1,0
45,391,11671,1,0
45,392,52423,1,0
45,393,69770,1,0
45,394,11044,1,0
45,395,11205,1,0
45,396,12021,1,0
45,397,8724,1,0
45,398,10243,1,0
45,399,9428,1,0
45,400,11505,1,0
45,401,38861,1,0
45,402,10830,1,0
45,403,42646,1,0
45,404,13532,1,0
45,405,12199,1,0
45,406,10451,1,0
45,407,10878,1,0
45,408,49962,1,0
45,409,11081,1,0
45,410,12638,1,0
45,411,11942,1,0
45,412,11383,1,0
45,413,41321,1,0
45,414,10468,1,0
45,415,19832,1,0
45,416,13687,1,0
45,417,35169,1,0
45,418,36297,1,0
45,419,11977,1,0
45,420,13173,1,0
45,421,11790,1,0
45,422,11004,1,0
45,423,33579,1,0
45,424,19459,1,0
45,425,13651,1,0
45,426,13447,1,0
45,427,12660,1,0
45,428,49275,1,0
45,429,13991,1,0
45,430,11599,1,0
45,431,12382,1,0
45,432,12904,1,0
45,433,33904,1,0
45,434,377455,1,0
45,435,225565,1,0
45,436,11638,1,0
45,437,13798,1,0
45,438,12144,1,0
45,439,132293,1,0
45,440,13193,1,0
45,441,15869,1,0
45,442,11734,1,0
45,443,10818,1,0
45,444,50146,1,0
45,445,10333,1,0
45,446,9718,1,0
45,447,12911,1,0
45,448,9902,1,0
45,449,86054,1,0
45,450,15416,1,0
45,451,11610,1,0
45,452,13631,1,0
45,453,11482,1,0
45,454,10158,1,0
45,455,9428,1,0
45,456,12022,1,0
45,457,20479,1,0
45,458,16231,1,0
45,459,144355,1,0
45,460,12912,1,0
45,461,11305,1,0
45,462,11554,1,0
45,463,9980,1,0
45,464,45981,1,0
45,465,14707,1,0
45,466,11129,1,0
45,467,17622,1,0
45,468,10650,1,0
45,469,10644,1,0
45,470,165259,1,0
45,471,232179,1,0
45,472,12102,1,0
45,473,9658,1,0
45,474,10421,1,0
45,475,10400,1,0
45,476,61984,1,0
45,477,12218,1,0
45,478,11995,1,0
45,479,12616,1,0
45,480,12754,1,0
45,481,13125,1,0
45,482,10261,1,0
45,483,9665,1,0
45,484,12537,1,0
45,485,13580,1,0
45,486,46431,1,0
45,487,21650,1,0
45,488,19174,1,0
45,489,34771,1,0
45,490,12905,1,0
45,491,65950,1,0
45,492,10358,1,0
45,493,12598,1,0
45,494,11525,1,0
45,495,11580,1,0
45,496,20743,1,0
45,497,15901,1,0
45,498,9772,1,0
45,499,17165,1,0
45,500,12413,1,0
45,501,181829,1,0
45,502,12351,1,0
45,503,12136,1,0
45,504,10104,1,0
45,505,12506,1,0
45,506,11940,1,0
45,507,32351,1,0
45,508,11821,1,0
45,509,12330,1,0
45,510,11885,1,0
45,511,82487,1,0
45,512,11576,1,0
45,513,11923,1,0
45,514,14898,1,0
45,515,37415,1,0
45,516,10235,1,0
45,517,78404,1,0
45,518,9748,1,0
45,519,11987,1,0
45,520,11782,1,0
45,521,14590,1,0
45,522,35930,1,0
45,523,12531,1,0
45,524,12632,1,0
45,525,11621,1,0
45,526,25936,1,0
45,527,24492,1,0
45,528,10962,1,0
45,529,11636,1,0
45,530,12459,1,0
45,531,11709,1,0
45,532,14491,1,0
45,533,13589,1,0
45,534,11958,1,0
45,535,22325,1,0
45,536,12229,1,0
45,537,185514,1,0
45,538,12743,1,0
45,539,10050,1,0
45,540,13432,1,0
45,541,10627,1,0
45,542,72574,1,0
45,543,32331,1,0
45,544,13273,1,0
45,545,13521,1,0
45,546,13552,1,0
45,547,110727,1,0
45,548,36490,1,0
45,549,49366,1,0
45,550,10638,1,0
45,551,18385,1,0
45,552,10039,1,0
45,553,14309,1,0
45,554,10624,1,0
45,555,9477,1,0
45,556,12172,1,0
45,557,109865,1,0
45,558,9795,1,0
45,559,14749,1,0
45,560,11220,1,0
45,561,8623,1,0
45,562,36119,1,0
45,563,10701,1,0
45,564,17666,1,0
45,565,9516,1,0
45,566,8968,1,0
45,567,94367,1,0
45,568,10958,1,0
45,569,10648,1,0
45,570,10101,1,0
45,571,9043,1,0
45,572,59149,1,0
45,573,10814,1,0
45,574,11134,1,0
45,575,15588,1,0
45,576,13724,1,0
45,577,66150,1,0
45,578,11879,1,0
45,579,10100,1,0
45,580,14550,1,0
45,581,11398,1,0
45,582,74253,1,0
45,583,11279,1,0
45,584,12118,1,0
45,585,10369,1,0
45,586,12120,1,0
45,587,235770,1,0
45,588,51870,1,0
45,589,20683,1,0
45,590,9979,1,0
45,591,13001,1,0
45,592,253967,1,0
45,593,108224,1,0
45,594,11925,1,0
45,595,10627,1,0
45,596,13002,1,0
45,597,92254,1,0
45,598,13179,1,0
45,599,12277,1,0
46,0,198801,1,0
46,1,39838,1,0
46,2,12771,1,0
46,3,19697,1,0
46,4,13406,1,0
46,5,41415,1,0
46,6,12599,1,0
46,7,72154,1,0
46,8,12112,1,0
46,9,12414,1,0
46,10,12328,1,0
46,11,12640,1,0
46,12,18711,1,0
46,13,12027,1,0
46,14,11345,1,0
46,15,13914,1,0
46,16,14161,1,0
46,17,12764,1,0
46,18,16153,1,0
46,19,11701,1,0
46,20,16321,1,0
46,21,13585,1,0
46,22,15101,1,0
46,23,14287,1,0
46,24,12582,1,0
46,25,15468,1,0
46,26,42329,1,0
46,27,20862,1,0
46,28,17486,1,0
46,29,12681,1,0
46,30,12854,1,0
46,31,11756,1,0
46,32,15376,1,0
46,33,14219,1,0
46,34,59906,1,0
46,35,152301,1,0
46,36,33618,1,0
46,37,37957,1,0
46,38,12815,1,0
46,39,13115,1,0
46,40,106183,1,0
46,41,12193,1,0
46,42,12975,1,0
46,43,12674,1,0
46,44,13633,1,0
46,45,247796,1,0
46,46,196965,1,0
46,47,145457,1,0
46,48,47518,1,0
46,49,11453,1,0
46,50,16578,1,0
46,51,12973,1,0
46,52,11825,1,0
46,53,11307,1,0
46,54,12730,1,0
46,55,12012,1,0
46,56,153922,1,0
46,57,215813,1,0
46,58,223211,1,0
46,59,154863,1,0
46,60,13653,1,0
46,61,15285,1,0
46,62,68280,1,0
46,63,32209,1,0
46,64,23096,1,0
46,65,498639,1,0
46,66,649310,1,0
46,67,928196,1,0
46,68,897593,1,0
46,69,832762,1,0
46,70,775574,1,0
46,71,710749,1,0
46,72,757343,1,0
46,73,665215,1,0
46,74,590034,1,0
46,75,476546,1,0
46,76,468819,1,0
46,77,992968,1,0
46,78,845716,1,0
46,79,667918,1,0
46,80,491651,1,0
46,81,291160,1,0
46,82,199609,1,0
46,83,281998,1,0
46,84,192512,1,0
46,85,11356,1,0
46,86,10798,1,0
46,87,25145,1,0
46,88,100462,1,0
46,89,10972,1,0
46,90,13275,1,0
46,91,11365,1,0
46,92,11263,1,0
46,93,284846,1,0
46,94,240855,1,0
46,95,95497,1,0
46,96,22007,1,0
46,97,13279,1,0
46,98,56796,1,0
46,99,18465,1,0
46,100,11794,1,0
46,101,9313,1,0
46,102,12539,1,0
46,103,11782,1,0
46,104,54023,1,0
46,105,11012,1,0
46,106,11886,1,0
46,107,13552,1,0
46,108,20895,1,0
46,109,75433,1,0
46,110,10103,1,0
46,111,501792,1,0
46,112,569535,1,0
46,113,585203,1,0
46,114,480358,1,0
46,115,395477,1,0
46,116,385001,1,0
46,117,481693,1,0
46,118,364780,1,0
46,119,193215,1,0
46,120,35644,1,0
46,121,9351,1,0
46,122,95224,1,0
46,123,12326,1,0
46,124,10980,1,0
46,125,13064,1,0
46,126,11951,1,0
46,127,55788,1,0
46,128,11238,1,0
46,129,11284,1,0
46,130,11403,1,0
46,131,11287,1,0
46,132,56284,1,0
46,133,9420,1,0
46,134,9228,1,0
46,135,12726,1,0
46,136,11545,1,0
46,137,15383,1,0
46,138,32673,1,0
46,139,12095,1,0
46,140,10807,1,0
46,141,12456,1,0
46,142,14090,1,0
46,143,150984,1,0
46,144,170988,1,0
46,145,9542,1,0
46,146,8932,1,0
46,147,12962,1,0
46,148,30717,1,0
46,149,81530,1,0
46,150,12318,1,0
46,151,11150,1,0
46,152,12260,1,0
46,153,10566,1,0
46,154,66091,1,0
46,155,11229,1,0
46,156,11322,1,0
46,157,12611,1,0
46,158,11692,1,0
46,159,84482,1,0
46,160,12202,1,0
46,161,13179,1,0
46,162,13403,1,0
46,163,24525,1,0
46,164,40681,1,0
46,165,9618,1,0
46,166,10832,1,0
46,167,15500,1,0
46,168,11271,1,0
46,169,43396,1,0
46,170,9406,1,0
46,171,11106,1,0
46,172,10550,1,0
46,173,12106,1,0
46,174,46736,1,0
46,175,13437,1,0
46,176,11503,1,0
46,177,12837,1,0
46,178,11545,1,0
46,179,11548,1,0
46,180,48054,1,0
46,181,12131,1,0
46,182,10806,1,0
46,183,12053,1,0
46,184,16231,1,0
46,185,41266,1,0
46,186,10412,1,0
46,187,9206,1,0
46,188,10759,1,0
46,189,9526,1,0
46,190,51508,1,0
46,191,11273,1,0
46,192,11349,1,0
46,193,11295,1,0
46,194,10942,1,0
46,195,34072,1,0
46,196,12520,1,0
46,197,11749,1,0
46,198,19946,1,0
46,199,9534,1,0
46,200,31264,1,0
46,201,11389,1,0
46,202,10415,1,0
46,203,10975,1,0
46,204,11867,1,0
46,205,54186,1,0
46,206,14935,1,0
46,207,10292,1,0
46,208,11428,1,0
46,209,11759,1,0
46,210,47059,1,0
46,211,10794,1,0
46,212,11618,1,0
46,213,12952,1,0
46,214,13529,1,0
46,215,47284,1,0
46,216,14892,1,0
46,217,12420,1,0
46,218,16677,1,0
46,219,10639,1,0
46,220,94996,1,0
46,221,10705,1,0
46,222,13134,1,0
46,223,11858,1,0
46,224,10714,1,0
46,225,191968,1,0
46,226,265592,1,0
46,227,199929,1,0
46,228,83725,1,0
46,229,13648,1,0
46,230,11170,1,0
46,231,11439,1,0
46,232,11184,1,0
46,233,12637,1,0
46,234,11020,1,0
46,235,11360,1,0
46,236,204707,1,0
46,237,120525,1,0
46,238,12016,1,0
46,239,10739,1,0
46,240,11102,1,0
46,241,33532,1,0
46,242,11222,1,0
46,243,9681,1,0
46,244,12013,1,0
46,245,12328,1,0
46,246,11296,1,0
46,247,15734,1,0
46,248,13792,1,0
46,249,10476,1,0
46,250,11486,1,0
46,251,11456,1,0
46,252,19298,1,0
46,253,11790,1,0
46,254,11689,1,0
46,255,11847,1,0
46,256,20649,1,0
46,257,35223,1,0
46,258,28054,1,0
46,259,16821,1,0
46,260,39997,1,0
46,261,44361,1,0
46,262,409378,1,0
46,263,203275,1,0
46,264,10578,1,0
46,265,9641,1,0
46,266,15705,1,0
46,267,81968,1,0
46,268,11134,1,0
46,269,8722,1,0
46,270,10514,1,0
46,271,9382,1,0
46,272,57553,1,0
46,273,8980,1,0
46,274,10968,1,0
46,275,16024,1,0
46,276,13144,1,0
46,277,89326,1,0
46,278,12090,1,0
46,279,8990,1,0
46,280,11400,1,0
46,281,10165,1,0
46,282,15504,1,0
46,283,11492,1,0
46,284,15476,1,0
46,285,11253,1,0
46,286,22982,1,0
46,287,70290,1,0
46,288,12426,1,0
46,289,11955,1,0
46,290,9512,1,0
46,291,12897,1,0
46,292,207881,1,0
46,293,16495,1,0
46,294,11580,1,0
46,295,11076,1,0
46,296,16518,1,0
46,297,96742,1,0
46,298,12507,1,0
46,299,12518,1,0
46,300,11102,1,0
46,301,12212,1,0
46,302,25333,1,0
46,303,11088,1,0
46,304,11973,1,0
46,305,15242,1,0
46,306,141623,1,0
46,307,418098,1,0
46,308,635597,1,0
46,309,586084,1,0
46,310,988539,1,0
46,311,775136,1,0
46,312,575767,1,0
46,313,561220,1,0
46,314,390496,1,0
46,315,303831,1,0
46,316,393190,1,0
46,317,288357,1,0
46,318,125376,1,0
46,319,12583,1,0
46,320,9522,1,0
46,321,13392,1,0
46,322,10673,1,0
46,323,13485,1,0
46,324,11831,1,0
46,325,119839,1,0
46,326,11143,1,0
46,327,13662,1,0
46,328,12489,1,0
46,329,132714,1,0
46,330,19826,1,0
46,331,159165,1,0
46,332,9589,1,0
46,333,11881,1,0
46,334,13611,1,0
46,335,13080,1,0
46,336,45495,1,0
46,337,14277,1,0
46,338,10836,1,0
46,339,12221,1,0
46,340,13635,1,0
46,341,15747,1,0
46,342,19772,1,0
46,343,11854,1,0
46,344,12223,1,0
46,345,12010,1,0
46,346,20975,1,0
46,347,30487,1,0
46,348,11960,1,0
46,349,12624,1,0
46,350,105494,1,0
46,351,55071,1,0
46,352,97730,1,0
46,353,11598,1,0
46,354,10634,1,0
46,355,11092,1,0
46,356,32604,1,0
46,357,9297,1,0
46,358,12150,1,0
46,359,13384,1,0
46,360,11926,1,0
46,361,23391,1,0
46,362,11152,1,0
46,363,8873,1,0
46,364,9004,1,0
46,365,10463,1,0
46,366,43993,1,0
46,367,11149,1,0
46,368,11562,1,0
46,369,12336,1,0
46,370,11639,1,0
46,371,11207,1,0
46,372,11436,1,0
46,373,11147,1,0
46,374,11528,1,0
46,375,13098,1,0
46,376,11189,1,0
46,377,129450,1,0
46,378,10537,1,0
46,379,11304,1,0
46,380,9238,1,0
46,381,10315,1,0
46,382,39269,1,0
46,383,12588,1,0
46,384,11487,1,0
46,385,11491,1,0
46,386,8448,1,0
46,387,63132,1,0
46,388,9363,1,0
46,389,11239,1,0
46,390,11178,1,0
46,391,11650,1,0
46,392,49041,1,0
46,393,66783,1,0
46,394,11583,1,0
46,395,12944,1,0
46,396,8570,1,0
46,397,10436,1,0
46,398,9063,1,0
46,399,12316,1,0
46,400,10539,1,0
46,401,43987,1,0
46,402,11445,1,0
46,403,46285,1,0
46,404,12600,1,0
46,405,9252,1,0
46,406,11242,1,0
46,407,10667,1,0
46,408,47625,1,0
46,409,12506,1,0
46,410,12318,1,0
46,411,12009,1,0
46,412,11664,1,0
46,413,39160,1,0
46,414,11364,1,0
46,415,17470,1,0
46,416,11791,1,0
46,417,33042,1,0
46,418,32865,1,0
46,419,11114,1,0
46,420,11959,1,0
46,421,11805,1,0
46,422,11313,1,0
46,423,32205,1,0
46,424,19221,1,0
46,425,11212,1,0
46,426,9858,1,0
46,427,9948,1,0
46,428,47456,1,0
46,429,10472,1,0
46,430,12487,1,0
46,431,11387,1,0
46,432,11324,1,0
46,433,45455,1,0
46,434,376200,1,0
46,435,223376,1,0
46,436,11714,1,0
46,437,10694,1,0
46,438,10823,1,0
46,439,129528,1,0
46,440,10442,1,0
46,441,13460,1,0
46,442,11729,1,0
46,443,11105,1,0
46,444,48340,1,0
46,445,11652,1,0
46,446,11857,1,0
46,447,9314,1,0
46,448,11988,1,0
46,449,86986,1,0
46,450,13094,1,0
46,451,12043,1,0
46,452,11382,1,0
46,453,9777,1,0
46,454,12029,1,0
46,455,10713,1,0
46,456,11661,1,0
46,457,18136,1,0
46,458,12517,1,0
46,459,140804,1,0
46,460,8963,1,0
46,461,9888,1,0
46,462,10499,1,0
46,463,11340,1,0
46,464,43651,1,0
46,465,16498,1,0
46,466,11134,1,0
46,467,16620,1,0
46,468,12930,1,0
46,469,14859,1,0
46,470,163183,1,0
46,471,228211,1,0
46,472,8633,1,0
46,473,9632,1,0
46,474,11421,1,0
46,475,10916,1,0
46,476,59871,1,0
46,477,8917,1,0
46,478,11176,1,0
46,479,11748,1,0
46,480,12311,1,0
46,481,11578,1,0
46,482,12413,1,0
46,483,9766,1,0
46,484,11210,1,0
46,485,11923,1,0
46,486,44104,1,0
46,487,20581,1,0
46,488,22422,1,0
46,489,34216,1,0
46,490,9706,1,0
46,491,64463,1,0
46,492,10943,1,0
46,493,13940,1,0
46,494,9154,1,0
46,495,11908,1,0
46,496,17678,1,0
46,497,13362,1,0
46,498,12143,1,0
46,499,15115,1,0
46,500,9482,1,0
46,501,178667,1,0
46,502,12192,1,0
46,503,12967,1,0
46,504,10601,1,0
46,505,10877,1,0
46,506,9328,1,0
46,507,32724,1,0
46,508,12211,1,0
46,509,9324,1,0
46,510,10551,1,0
46,511,79383,1,0
46,512,9322,1,0
46,513,9046,1,0
46,514,13513,1,0
46,515,36989,1,0
46,516,9844,1,0
46,517,77768,1,0
46,518,9523,1,0
46,519,11777,1,0
46,520,10809,1,0
46,521,17509,1,0
46,522,34643,1,0
46,523,10677,1,0
46,524,13884,1,0
46,525,11415,1,0
46,526,23361,1,0
46,527,24255,1,0
46,528,11436,1,0
46,529,11678,1,0
46,530,12793,1,0
46,531,11210,1,0
46,532,14178,1,0
46,533,11439,1,0
46,534,11170,1,0
46,535,20439,1,0
46,536,12718,1,0
46,537,183766,1,0
46,538,12366,1,0
46,539,10753,1,0
46,540,11465,1,0
46,541,11143,1,0
46,542,69508,1,0
46,543,31419,1,0
46,544,12834,1,0
46,545,12727,1,0
46,546,11861,1,0
46,547,108701,1,0
46,548,33817,1,0
46,549,50433,1,0
46,550,12631,1,0
46,551,22063,1,0
46,552,12945,1,0
46,553,11861,1,0
46,554,10547,1,0
46,555,11019,1,0
46,556,9331,1,0
46,557,105359,1,0
46,558,11320,1,0
46,559,11037,1,0
46,560,10948,1,0
46,561,11428,1,0
46,562,32258,1,0
46,563,12035,1,0
46,564,17375,1,0
46,565,12340,1,0
46,566,11453,1,0
46,567,105331,1,0
46,568,11426,1,0
46,569,14074,1,0
46,570,12546,1,0
46,571,11731,1,0
46,572,56676,1,0
46,573,12995,1,0
46,574,11972,1,0
46,575,13652,1,0
46,576,11600,1,0
46,577,64789,1,0
46,578,10013,1,0
46,579,9449,1,0
46,580,12702,1,0
46,581,10195,1,0
46,582,73954,1,0
46,583,10917,1,0
46,584,12873,1,0
46,585,12646,1,0
46,586,11964,1,0
46,587,231066,1,0
46,588,48874,1,0
46,589,20290,1,0
46,590,12046,1,0
46,591,12061,1,0
46,592,266350,1,0
46,593,107212,1,0
46,594,9345,1,0
46,595,9272,1,0
46,596,8851,1,0
46,597,88581,1,0
46,598,9001,1,0
46,599,12535,1,0
47,0,104918,1,0
47,1,37554,1,0
47,2,10500,1,0
47,3,19136,1,0
47,4,11894,1,0
47,5,41344,1,0
47,6,11615,1,0
47,7,71230,1,0
47,8,12064,1,0
47,9,16596,1,0
47,10,11114,1,0
47,11,11310,1,0
47,12,18074,1,0
47,13,13372,1,0
47,14,10414,1,0
47,15,12251,1,0
47,16,13124,1,0
47,17,11354,1,0
47,18,14538,1,0
47,19,11521,1,0
47,20,14815,1,0
47,21,13053,1,0
47,22,15534,1,0
47,23,15402,1,0
47,24,11540,1,0
47,25,13136,1,0
47,26,40823,1,0
47,27,19738,1,0
47,28,15436,1,0
47,29,12901,1,0
47,30,11090,1,0
47,31,9690,1,0
47,32,14077,1,0
47,33,13052,1,0
47,34,58828,1,0
47,35,151278,1,0
47,36,31925,1,0
47,37,35569,1,0
47,38,11099,1,0
47,39,13310,1,0
47,40,104927,1,0
47,41,12566,1,0
47,42,13333,1,0
47,43,9931,1,0
47,44,17927,1,0
47,45,246711,1,0
47,46,195394,1,0
47,47,145047,1,0
47,48,44974,1,0
47,49,15768,1,0
47,50,16517,1,0
47,51,12509,1,0
47,52,9960,1,0
47,53,11981,1,0
47,54,12140,1,0
47,55,12325,1,0
47,56,152661,1,0
47,57,215072,1,0
47,58,220897,1,0
47,59,151777,1,0
47,60,10388,1,0
47,61,15350,1,0
47,62,67332,1,0
47,63,31140,1,0
47,64,23196,1,0
47,65,500501,1,0
47,66,686416,1,0
47,67,930061,1,0
47,68,897146,1,0
47,69,831791,1,0
47,70,774474,1,0
47,71,709720,1,0
47,72,757110,1,0
47,73,663423,1,0
47,74,589235,1,0
47,75,476942,1,0
47,76,469409,1,0
47,77,991731,1,0
47,78,843175,1,0
47,79,666972,1,0
47,80,487574,1,0
47,81,287525,1,0
47,82,198665,1,0
47,83,281427,1,0
47,84,188657,1,0
47,85,11053,1,0
47,86,13064,1,0
47,87,23874,1,0
47,88,99457,1,0
47,89,11823,1,0
47,90,12635,1,0
47,91,12968,1,0
47,92,15534,1,0
47,93,301954,1,0
47,94,240654,1,0
47,95,94652,1,0
47,96,21220,1,0
47,97,12053,1,0
47,98,60313,1,0
47,99,17367,1,0
47,100,12300,1,0
47,101,16556,1,0
47,102,12401,1,0
47,103,48174,1,0
47,104,53199,1,0
47,105,13446,1,0
47,106,11492,1,0
47,107,11358,1,0
47,108,18154,1,0
47,109,71966,1,0
47,110,10789,1,0
47,111,499195,1,0
47,112,569167,1,0
47,113,583872,1,0
47,114,478723,1,0
47,115,392806,1,0
47,116,406832,1,0
47,117,479403,1,0
47,118,362230,1,0
47,119,190664,1,0
47,120,31616,1,0
47,121,10312,1,0
47,122,92033,1,0
47,123,11237,1,0
47,124,12363,1,0
47,125,12322,1,0
47,126,12601,1,0
47,127,67280,1,0
47,128,10800,1,0
47,129,9676,1,0
47,130,11194,1,0
47,131,11658,1,0
47,132,55088,1,0
47,133,16488,1,0
47,134,11930,1,0
47,135,10646,1,0
47,136,10544,1,0
47,137,14275,1,0
47,138,35555,1,0
47,139,10440,1,0
47,140,11063,1,0
47,141,10981,1,0
47,142,13060,1,0
47,143,148658,1,0
47,144,168042,1,0
47,145,10431,1,0
47,146,10970,1,0
47,147,13178,1,0
47,148,31420,1,0
47,149,79174,1,0
47,150,12007,1,0
47,151,11038,1,0
47,152,11923,1,0
47,153,10637,1,0
47,154,63938,1,0
47,155,11675,1,0
47,156,10560,1,0
47,157,11737,1,0
47,158,10340,1,0
47,159,82965,1,0
47,160,10253,1,0
47,161,11038,1,0
47,162,14019,1,0
47,163,24375,1,0
47,164,54641,1,0
47,165,12079,1,0
47,166,11452,1,0
47,167,13697,1,0
47,168,11047,1,0
47,169,39672,1,0
47,170,15877,1,0
47,171,10994,1,0
47,172,10812,1,0
47,173,11038,1,0
47,174,43356,1,0
47,175,11933,1,0
47,176,10616,1,0
47,177,12935,1,0
47,178,9943,1,0
47,179,17020,1,0
47,180,59454,1,0
47,181,11222,1,0
47,182,10555,1,0
47,183,11691,1,0
47,184,15017,1,0
47,185,40022,1,0
47,186,11379,1,0
47,187,10880,1,0
47,188,10671,1,0
47,189,11927,1,0
47,190,62984,1,0
47,191,10624,1,0
47,192,11659,1,0
47,193,8086,1,0
47,194,11600,1,0
47,195,32052,1,0
47,196,10870,1,0
47,197,9351,1,0
47,198,19353,1,0
47,199,11164,1,0
47,200,28819,1,0
47,201,10411,1,0
47,202,11637,1,0
47,203,10897,1,0
47,204,11037,1,0
47,205,55453,1,0
47,206,12699,1,0
47,207,10601,1,0
47,208,12182,1,0
47,209,12137,1,0
47,210,43857,1,0
47,211,10589,1,0
47,212,11525,1,0
47,213,10980,1,0
47,214,11848,1,0
47,215,44616,1,0
47,216,13222,1,0
47,217,10623,1,0
47,218,15524,1,0
47,219,11293,1,0
47,220,95227,1,0
47,221,11500,1,0
47,222,10470,1,0
47,223,10463,1,0
47,224,11110,1,0
47,225,190854,1,0
47,226,265352,1,0
47,227,199322,1,0
47,228,80948,1,0
47,229,11212,1,0
47,230,13465,1,0
47,231,10382,1,0
47,232,11612,1,0
47,233,10149,1,0
47,234,11659,1,0
47,235,10092,1,0
47,236,219011,1,0
47,237,119069,1,0
47,238,10645,1,0
47,239,10490,1,0
47,240,13546,1,0
47,241,30958,1,0
47,242,11558,1,0
47,243,10112,1,0
47,244,11514,1,0
47,245,11173,1,0
47,246,12528,1,0
47,247,11847,1,0
47,248,11445,1,0
47,249,11077,1,0
47,250,11262,1,0
47,251,12075,1,0
47,252,15083,1,0
47,253,11560,1,0
47,254,10711,1,0
47,255,10687,1,0
47,256,19610,1,0
47,257,31370,1,0
47,258,30940,1,0
47,259,16628,1,0
47,260,40390,1,0
47,261,56725,1,0
47,262,406214,1,0
47,263,199373,1,0
47,264,10622,1,0
47,265,11283,1,0
47,266,12908,1,0
47,267,79604,1,0
47,268,10406,1,0
47,269,11008,1,0
47,270,10313,1,0
47,271,10789,1,0
47,272,68506,1,0
47,273,11002,1,0
47,274,11105,1,0
47,275,13538,1,0
47,276,13331,1,0
47,277,101994,1,0
47,278,10567,1,0
47,279,9883,1,0
47,280,11320,1,0
47,281,15544,1,0
47,282,12257,1,0
47,283,10796,1,0
47,284,13096,1,0
47,285,11975,1,0
47,286,23744,1,0
47,287,68546,1,0
47,288,9794,1,0
47,289,9698,1,0
47,290,11616,1,0
47,291,11661,1,0
47,292,204478,1,0
47,293,12647,1,0
47,294,10790,1,0
47,295,10573,1,0
47,296,14999,1,0
47,297,94781,1,0
47,298,9665,1,0
47,299,10750,1,0
47,300,10673,1,0
47,301,11214,1,0
47,302,43256,1,0
47,303,10473,1,0
47,304,11420,1,0
47,305,15129,1,0
47,306,144207,1,0
47,307,422746,1,0
47,308,635587,1,0
47,309,584412,1,0
47,310,983966,1,0
47,311,772264,1,0
47,312,572727,1,0
47,313,558354,1,0
47,314,389704,1,0
47,315,302974,1,0
47,316,391282,1,0
47,317,286893,1,0
47,318,123567,1,0
47,319,12460,1,0
47,320,11652,1,0
47,321,12475,1,0
47,322,13015,1,0
47,323,12087,1,0
47,324,9311,1,0
47,325,115554,1,0
47,326,12373,1,0
47,327,11912,1,0
47,328,11659,1,0
47,329,11843,1,0
47,330,18221,1,0
47,331,157267,1,0
47,332,10759,1,0
47,333,12263,1,0
47,334,11580,1,0
47,335,12762,1,0
47,336,44450,1,0
47,337,12690,1,0
47,338,14334,1,0
47,339,10753,1,0
47,340,12497,1,0
47,341,14236,1,0
47,342,15748,1,0
47,343,8896,1,0
47,344,10783,1,0
47,345,10746,1,0
47,346,22879,1,0
47,347,27332,1,0
47,348,12092,1,0
47,349,11894,1,0
47,350,103465,1,0
47,351,67525,1,0
47,352,97698,1,0
47,353,10406,1,0
47,354,10552,1,0
47,355,10370,1,0
47,356,46973,1,0
47,357,11420,1,0
47,358,10875,1,0
47,359,11702,1,0
47,360,10043,1,0
47,361,19897,1,0
47,362,10923,1,0
47,363,11415,1,0
47,364,10846,1,0
47,365,10240,1,0
47,366,43616,1,0
47,367,11480,1,0
47,368,11276,1,0
47,369,9204,1,0
47,370,11110,1,0
47,371,10345,1,0
47,372,11576,1,0
47,373,10667,1,0
47,374,11773,1,0
47,375,11549,1,0
47,376,11917,1,0
47,377,140477,1,0
47,378,10591,1,0
47,379,13117,1,0
47,380,10144,1,0
47,381,10237,1,0
47,382,35402,1,0
47,383,10748,1,0
47,384,10675,1,0
47,385,11185,1,0
47,386,11162,1,0
47,387,58471,1,0
47,388,10688,1,0
47,389,10592,1,0
47,390,10977,1,0
47,391,12049,1,0
47,392,57991,1,0
47,393,62808,1,0
47,394,11719,1,0
47,395,10638,1,0
47,396,11108,1,0
47,397,10730,1,0
47,398,10415,1,0
47,399,10249,1,0
47,400,11490,1,0
47,401,46669,1,0
47,402,11265,1,0
47,403,42883,1,0
47,404,12234,1,0
47,405,10454,1,0
47,406,10112,1,0
47,407,11390,1,0
47,408,44660,1,0
47,409,11673,1,0
47,410,11324,1,0
47,411,10589,1,0
47,412,11804,1,0
47,413,35743,1,0
47,414,10361,1,0
47,415,16239,1,0
47,416,10485,1,0
47,417,29851,1,0
47,418,28010,1,0
47,419,9671,1,0
47,420,11192,1,0
47,421,12735,1,0
47,422,11913,1,0
47,423,27613,1,0
47,424,15435,1,0
47,425,10436,1,0
47,426,12936,1,0
47,427,10585,1,0
47,428,43732,1,0
47,429,10531,1,0
47,430,11563,1,0
47,431,12622,1,0
47,432,12095,1,0
47,433,44540,1,0
47,434,373909,1,0
47,435,221851,1,0
47,436,11407,1,0
47,437,11675,1,0
47,438,11755,1,0
47,439,126926,1,0
47,440,11721,1,0
47,441,12040,1,0
47,442,10096,1,0
47,443,10957,1,0
47,444,45167,1,0
47,445,11018,1,0
47,446,9628,1,0
47,447,11565,1,0
47,448,10325,1,0
47,449,83394,1,0
47,450,10833,1,0
47,451,9811,1,0
47,452,9957,1,0
47,453,11654,1,0
47,454,9328,1,0
47,455,12196,1,0
47,456,13830,1,0
47,457,16130,1,0
47,458,11247,1,0
47,459,151914,1,0
47,460,11961,1,0
47,461,12085,1,0
47,462,10307,1,0
47,463,10964,1,0
47,464,40064,1,0
47,465,14871,1,0
47,466,10089,1,0
47,467,13916,1,0
47,468,11085,1,0
47,469,13760,1,0
47,470,174671,1,0
47,471,224356,1,0
47,472,11496,1,0
47,473,10779,1,0
47,474,10378,1,0
47,475,12403,1,0
47,476,56476,1,0
47,477,10890,1,0
47,478,11227,1,0
47,479,13621,1,0
47,480,14675,1,0
47,481,9964,1,0
47,482,9503,1,0
47,483,10037,1,0
47,484,11128,1,0
47,485,10198,1,0
47,486,40135,1,0
47,487,19773,1,0
47,488,28331,1,0
47,489,34015,1,0
47,490,10989,1,0
47,491,60114,1,0
47,492,10597,1,0
47,493,13445,1,0
47,494,13001,1,0
47,495,11428,1,0
47,496,13633,1,0
47,497,11735,1,0
47,498,11053,1,0
47,499,14604,1,0
47,500,11279,1,0
47,501,176047,1,0
47,502,9707,1,0
47,503,10771,1,0
47,504,11442,1,0
47,505,10871,1,0
47,506,11211,1,0
47,507,31269,1,0
47,508,10749,1,0
47,509,12548,1,0
47,510,11216,1,0
47,511,91372,1,0
47,512,10352,1,0
47,513,10667,1,0
47,514,10990,1,0
47,515,34606,1,0
47,516,11077,1,0
47,517,76316,1,0
47,518,10371,1,0
47,519,10517,1,0
47,520,10359,1,0
47,521,22075,1,0
47,522,33881,1,0
47,523,12140,1,0
47,524,10805,1,0
47,525,8081,1,0
47,526,35496,1,0
47,527,20963,1,0
47,528,13953,1,0
47,529,10265,1,0
47,530,11027,1,0
47,531,10367,1,0
47,532,12841,1,0
47,533,12095,1,0
47,534,11219,1,0
47,535,18751,1,0
47,536,11172,1,0
47,537,179447,1,0
47,538,10929,1,0
47,539,16243,1,0
47,540,12663,1,0
47,541,12465,1,0
47,542,68770,1,0
47,543,28723,1,0
47,544,11140,1,0
47,545,11009,1,0
47,546,10356,1,0
47,547,106394,1,0
47,548,31211,1,0
47,549,48129,1,0
47,550,11082,1,0
47,551,18824,1,0
47,552,13298,1,0
47,553,11755,1,0
47,554,10628,1,0
47,555,9329,1,0
47,556,21660,1,0
47,557,102792,1,0
47,558,9477,1,0
47,559,9800,1,0
47,560,10141,1,0
47,561,10114,1,0
47,562,28831,1,0
47,563,11951,1,0
47,564,15380,1,0
47,565,11780,1,0
47,566,8172,1,0
47,567,102518,1,0
47,568,12474,1,0
47,569,12128,1,0
47,570,10732,1,0
47,571,9460,1,0
47,572,52480,1,0
47,573,10260,1,0
47,574,10063,1,0
47,575,11376,1,0
47,576,11368,1,0
47,577,78358,1,0
47,578,11245,1,0
47,579,11480,1,0
47,580,11412,1,0
47,581,12055,1,0
47,582,71720,1,0
47,583,9468,1,0
47,584,10683,1,0
47,585,9362,1,0
47,586,11615,1,0
47,587,228244,1,0
47,588,45940,1,0
47,589,21002,1,0
47,590,10056,1,0
47,591,11836,1,0
47,592,263252,1,0
47,593,103115,1,0
47,594,10024,1,0
47,595,9814,1,0
47,596,10188,1,0
47,597,99791,1,0
47,598,9935,1,0
47,599,14068,1,0
48,0,104052,1,0
48,1,33966,1,0
48,2,13326,1,0
48,3,17825,1,0
48,4,12394,1,0
48,5,41025,1,0
48,6,12725,1,0
48,7,69219,1,0
48,8,9927,1,0
48,9,15364,1,0
48,10,12832,1,0
48,11,11670,1,0
48,12,15474,1,0
48,13,12772,1,0
48,14,11483,1,0
48,15,13065,1,0
48,16,13736,1,0
48,17,10707,1,0
48,18,10802,1,0
48,19,12982,1,0
48,20,12365,1,0
48,21,12175,1,0
48,22,13996,1,0
48,23,13657,1,0
48,24,12824,1,0
48,25,12382,1,0
48,26,36416,1,0
48,27,19445,1,0
48,28,12895,1,0
48,29,13168,1,0
48,30,13664,1,0
48,31,10716,1,0
48,32,12515,1,0
48,33,11823,1,0
48,34,72226,1,0
48,35,147963,1,0
48,36,29221,1,0
48,37,32399,1,0
48,38,10374,1,0
48,39,12465,1,0
48,40,102152,1,0
48,41,11879,1,0
48,42,11679,1,0
48,43,12308,1,0
48,44,16487,1,0
48,45,244154,1,0
48,46,195423,1,0
48,47,143946,1,0
48,48,42411,1,0
48,49,14624,1,0
48,50,13783,1,0
48,51,18208,1,0
48,52,10637,1,0
48,53,13920,1,0
48,54,12117,1,0
48,55,15075,1,0
48,56,163417,1,0
48,57,214311,1,0
48,58,217335,1,0
48,59,147948,1,0
48,60,12467,1,0
48,61,13017,1,0
48,62,65163,1,0
48,63,34438,1,0
48,64,24446,1,0
48,65,502401,1,0
48,66,716090,1,0
48,67,936934,1,0
48,68,897976,1,0
48,69,831076,1,0
48,70,774111,1,0
48,71,708747,1,0
48,72,755086,1,0
48,73,661006,1,0
48,74,588647,1,0
48,75,490220,1,0
48,76,469168,1,0
48,77,990303,1,0
48,78,840839,1,0
48,79,663808,1,0
48,80,482238,1,0
48,81,284923,1,0
48,82,195391,1,0
48,83,280593,1,0
48,84,186874,1,0
48,85,9687,1,0
48,86,10576,1,0
48,87,21447,1,0
48,88,97570,1,0
48,89,9864,1,0
48,90,11918,1,0
48,91,12601,1,0
48,92,15364,1,0
48,93,302136,1,0
48,94,238604,1,0
48,95,91678,1,0
48,96,19296,1,0
48,97,15364,1,0
48,98,58417,1,0
48,99,14456,1,0
48,100,12275,1,0
48,101,13832,1,0
48,102,12918,1,0
48,103,46969,1,0
48,104,53154,1,0
48,105,12865,1,0
48,106,10217,1,0
48,107,11760,1,0
48,108,14052,1,0
48,109,67722,1,0
48,110,10671,1,0
48,111,496207,1,0
48,112,569393,1,0
48,113,581760,1,0
48,114,475832,1,0
48,115,390127,1,0
48,116,404879,1,0
48,117,476011,1,0
48,118,357665,1,0
48,119,186858,1,0
48,120,28816,1,0
48,121,10024,1,0
48,122,89738,1,0
48,123,11072,1,0
48,124,13352,1,0
48,125,11177,1,0
48,126,10773,1,0
48,127,62027,1,0
48,128,11914,1,0
48,129,10360,1,0
48,130,10720,1,0
48,131,9693,1,0
48,132,52265,1,0
48,133,13752,1,0
48,134,9739,1,0
48,135,10816,1,0
48,136,10718,1,0
48,137,21962,1,0
48,138,32822,1,0
48,139,10614,1,0
48,140,10236,1,0
48,141,10389,1,0
48,142,13439,1,0
48,143,160427,1,0
48,144,165302,1,0
48,145,10120,1,0
48,146,10055,1,0
48,147,10226,1,0
48,148,30986,1,0
48,149,76239,1,0
48,150,9973,1,0
48,151,12317,1,0
48,152,14713,1,0
48,153,12490,1,0
48,154,61509,1,0
48,155,12029,1,0
48,156,13851,1,0
48,157,9800,1,0
48,158,9874,1,0
48,159,81075,1,0
48,160,10159,1,0
48,161,9852,1,0
48,162,9670,1,0
48,163,21929,1,0
48,164,50564,1,0
48,165,9033,1,0
48,166,9946,1,0
48,167,12728,1,0
48,168,10507,1,0
48,169,50205,1,0
48,170,11748,1,0
48,171,9474,1,0
48,172,9420,1,0
48,173,11424,1,0
48,174,55113,1,0
48,175,12864,1,0
48,176,12420,1,0
48,177,10044,1,0
48,178,9513,1,0
48,179,12743,1,0
48,180,56620,1,0
48,181,9902,1,0
48,182,10336,1,0
48,183,13435,1,0
48,184,13063,1,0
48,185,37201,1,0
48,186,10286,1,0
48,187,10606,1,0
48,188,10076,1,0
48,189,10175,1,0
48,190,58401,1,0
48,191,11700,1,0
48,192,10835,1,0
48,193,11754,1,0
48,194,10280,1,0
48,195,28077,1,0
48,196,12404,1,0
48,197,9703,1,0
48,198,16577,1,0
48,199,12112,1,0
48,200,25683,1,0
48,201,10131,1,0
48,202,10222,1,0
48,203,9955,1,0
48,204,11329,1,0
48,205,50898,1,0
48,206,13683,1,0
48,207,9826,1,0
48,208,9523,1,0
48,209,9997,1,0
48,210,39084,1,0
48,211,13314,1,0
48,212,11595,1,0
48,213,10614,1,0
48,214,10505,1,0
48,215,41726,1,0
48,216,11113,1,0
48,217,11931,1,0
48,218,12329,1,0
48,219,12415,1,0
48,220,98844,1,0
48,221,9232,1,0
48,222,9814,1,0
48,223,12203,1,0
48,224,12344,1,0
48,225,188216,1,0
48,226,266018,1,0
48,227,199023,1,0
48,228,79254,1,0
48,229,10148,1,0
48,230,12982,1,0
48,231,12517,1,0
48,232,11887,1,0
48,233,10566,1,0
48,234,14376,1,0
48,235,10417,1,0
48,236,216554,1,0
48,237,116500,1,0
48,238,9939,1,0
48,239,11350,1,0
48,240,12128,1,0
48,241,27329,1,0
48,242,12563,1,0
48,243,10157,1,0
48,244,13842,1,0
48,245,9959,1,0
48,246,11926,1,0
48,247,11405,1,0
48,248,11728,1,0
48,249,9377,1,0
48,250,12379,1,0
48,251,11003,1,0
48,252,10606,1,0
48,253,13053,1,0
48,254,10028,1,0
48,255,10104,1,0
48,256,17780,1,0
48,257,29698,1,0
48,258,31232,1,0
48,259,13823,1,0
48,260,39073,1,0
48,261,54069,1,0
48,262,402571,1,0
48,263,194519,1,0
48,264,9469,1,0
48,265,9716,1,0
48,266,18465,1,0
48,267,77542,1,0
48,268,11801,1,0
48,269,9405,1,0
48,270,9525,1,0
48,271,10565,1,0
48,272,65719,1,0
48,273,10856,1,0
48,274,12421,1,0
48,275,13573,1,0
48,276,13706,1,0
48,277,98113,1,0
48,278,9533,1,0
48,279,10146,1,0
48,280,13304,1,0
48,281,13140,1,0
48,282,12487,1,0
48,283,11504,1,0
48,284,10614,1,0
48,285,14934,1,0
48,286,23383,1,0
48,287,65365,1,0
48,288,15969,1,0
48,289,9953,1,0
48,290,9425,1,0
48,291,13895,1,0
48,292,200663,1,0
48,293,10452,1,0
48,294,11063,1,0
48,295,11872,1,0
48,296,15025,1,0
48,297,90629,1,0
48,298,13107,1,0
48,299,10687,1,0
48,300,11571,1,0
48,301,9721,1,0
48,302,38694,1,0
48,303,9832,1,0
48,304,10106,1,0
48,305,12031,1,0
48,306,147668,1,0
48,307,442194,1,0
48,308,632672,1,0
48,309,582388,1,0
48,310,981277,1,0
48,311,769215,1,0
48,312,571129,1,0
48,313,556427,1,0
48,314,390875,1,0
48,315,301593,1,0
48,316,388746,1,0
48,317,285601,1,0
48,318,120469,1,0
48,319,12481,1,0
48,320,9177,1,0
48,321,13110,1,0
48,322,12357,1,0
48,323,12272,1,0
48,324,9880,1,0
48,325,110351,1,0
48,326,9991,1,0
48,327,11020,1,0
48,328,12333,1,0
48,329,126258,1,0
48,330,15697,1,0
48,331,155295,1,0
48,332,11000,1,0
48,333,11994,1,0
48,334,11837,1,0
48,335,10289,1,0
48,336,42464,1,0
48,337,11860,1,0
48,338,13444,1,0
48,339,12619,1,0
48,340,11835,1,0
48,341,10399,1,0
48,342,12338,1,0
48,343,11969,1,0
48,344,11896,1,0
48,345,12283,1,0
48,346,19962,1,0
48,347,24168,1,0
48,348,12166,1,0
48,349,13619,1,0
48,350,102058,1,0
48,351,140915,1,0
48,352,96197,1,0
48,353,14136,1,0
48,354,9469,1,0
48,355,10246,1,0
48,356,45327,1,0
48,357,9807,1,0
48,358,10843,1,0
48,359,9067,1,0
48,360,9686,1,0
48,361,29605,1,0
48,362,10347,1,0
48,363,9867,1,0
48,364,9684,1,0
48,365,10044,1,0
48,366,55303,1,0
48,367,9254,1,0
48,368,10220,1,0
48,369,10255,1,0
48,370,10754,1,0
48,371,9560,1,0
48,372,10764,1,0
48,373,10561,1,0
48,374,10470,1,0
48,375,12216,1,0
48,376,10634,1,0
48,377,137313,1,0
48,378,10146,1,0
48,379,12425,1,0
48,380,9427,1,0
48,381,9698,1,0
48,382,33088,1,0
48,383,13374,1,0
48,384,10648,1,0
48,385,13315,1,0
48,386,9995,1,0
48,387,69216,1,0
48,388,10206,1,0
48,389,9527,1,0
48,390,9826,1,0
48,391,11965,1,0
48,392,58829,1,0
48,393,57362,1,0
48,394,11913,1,0
48,395,9975,1,0
48,396,10326,1,0
48,397,10307,1,0
48,398,9948,1,0
48,399,10803,1,0
48,400,11580,1,0
48,401,48815,1,0
48,402,11108,1,0
48,403,38638,1,0
48,404,10195,1,0
48,405,10417,1,0
48,406,10591,1,0
48,407,11419,1,0
48,408,41616,1,0
48,409,10473,1,0
48,410,11532,1,0
48,411,10218,1,0
48,412,17381,1,0
48,413,30211,1,0
48,414,9703,1,0
48,415,14001,1,0
48,416,10682,1,0
48,417,25068,1,0
48,418,23751,1,0
48,419,11967,1,0
48,420,10995,1,0
48,421,10365,1,0
48,422,10444,1,0
48,423,23124,1,0
48,424,10281,1,0
48,425,9745,1,0
48,426,10684,1,0
48,427,9980,1,0
48,428,50677,1,0
48,429,11513,1,0
48,430,11640,1,0
48,431,9782,1,0
48,432,10236,1,0
48,433,40484,1,0
48,434,370437,1,0
48,435,218382,1,0
48,436,10436,1,0
48,437,9359,1,0
48,438,9768,1,0
48,439,122263,1,0
48,440,12430,1,0
48,441,10272,1,0
48,442,11952,1,0
48,443,11952,1,0
48,444,41240,1,0
48,445,10561,1,0
48,446,10336,1,0
48,447,10168,1,0
48,448,11866,1,0
48,449,80494,1,0
48,450,9772,1,0
48,451,10478,1,0
48,452,9613,1,0
48,453,10549,1,0
48,454,11486,1,0
48,455,9944,1,0
48,456,9999,1,0
48,457,13087,1,0
48,458,12542,1,0
48,459,149756,1,0
48,460,10486,1,0
48,461,9923,1,0
48,462,9780,1,0
48,463,10641,1,0
48,464,47048,1,0
48,465,18078,1,0
48,466,9779,1,0
48,467,11620,1,0
48,468,9985,1,0
48,469,12625,1,0
48,470,169592,1,0
48,471,220104,1,0
48,472,9457,1,0
48,473,9616,1,0
48,474,11695,1,0
48,475,9700,1,0
48,476,54690,1,0
48,477,11127,1,0
48,478,11613,1,0
48,479,13562,1,0
48,480,10571,1,0
48,481,11976,1,0
48,482,11303,1,0
48,483,11826,1,0
48,484,12260,1,0
48,485,11595,1,0
48,486,35719,1,0
48,487,17289,1,0
48,488,26847,1,0
48,489,31204,1,0
48,490,11817,1,0
48,491,56149,1,0
48,492,12991,1,0
48,493,11844,1,0
48,494,10825,1,0
48,495,11638,1,0
48,496,12007,1,0
48,497,11027,1,0
48,498,10408,1,0
48,499,11290,1,0
48,500,10704,1,0
48,501,171191,1,0
48,502,11443,1,0
48,503,13354,1,0
48,504,13649,1,0
48,505,12161,1,0
48,506,10007,1,0
48,507,29492,1,0
48,508,10202,1,0
48,509,10915,1,0
48,510,8993,1,0
48,511,87578,1,0
48,512,9456,1,0
48,513,9902,1,0
48,514,13003,1,0
48,515,32081,1,0
48,516,12726,1,0
48,517,74870,1,0
48,518,10740,1,0
48,519,11750,1,0
48,520,11853,1,0
48,521,26340,1,0
48,522,29976,1,0
48,523,11716,1,0
48,524,12300,1,0
48,525,9611,1,0
48,526,31890,1,0
48,527,18121,1,0
48,528,11607,1,0
48,529,14479,1,0
48,530,12483,1,0
48,531,11290,1,0
48,532,20925,1,0
48,533,12009,1,0
48,534,10607,1,0
48,535,17481,1,0
48,536,15235,1,0
48,537,176484,1,0
48,538,12659,1,0
48,539,13355,1,0
48,540,10858,1,0
48,541,12104,1,0
48,542,80819,1,0
48,543,24813,1,0
48,544,10433,1,0
48,545,11890,1,0
48,546,10774,1,0
48,547,103354,1,0
48,548,29032,1,0
48,549,52652,1,0
48,550,10100,1,0
48,551,14822,1,0
48,552,11962,1,0
48,553,9580,1,0
48,554,9703,1,0
48,555,9080,1,0
48,556,17332,1,0
48,557,97799,1,0
48,558,9920,1,0
48,559,10744,1,0
48,560,11206,1,0
48,561,10534,1,0
48,562,43319,1,0
48,563,10879,1,0
48,564,11669,1,0
48,565,9776,1,0
48,566,9317,1,0
48,567,97530,1,0
48,568,9342,1,0
48,569,12336,1,0
48,570,11455,1,0
48,571,11181,1,0
48,572,65947,1,0
48,573,10628,1,0
48,574,9753,1,0
48,575,12635,1,0
48,576,13350,1,0
48,577,75668,1,0
48,578,13367,1,0
48,579,9852,1,0
48,580,10580,1,0
48,581,10256,1,0
48,582,68395,1,0
48,583,9969,1,0
48,584,13084,1,0
48,585,10481,1,0
48,586,10568,1,0
48,587,251227,1,0
48,588,40661,1,0
48,589,18488,1,0
48,590,9795,1,0
48,591,12192,1,0
48,592,257511,1,0
48,593,100599,1,0
48,594,10433,1,0
48,595,9898,1,0
48,596,9910,1,0
48,597,96920,1,0
48,598,10306,1,0
48,599,10066,1,0
49,0,105075,1,0
49,1,33522,1,0
49,2,12698,1,0
49,3,16144,1,0
49,4,13120,1,0
49,5,40592,1,0
49,6,13978,1,0
49,7,68659,1,0
49,8,12014,1,0
49,9,16943,1,0
49,10,13323,1,0
49,11,12489,1,0
49,12,17014,1,0
49,13,14264,1,0
49,14,12068,1,0
49,15,13326,1,0
49,16,12967,1,0
49,17,11732,1,0
49,18,13730,1,0
49,19,12371,1,0
49,20,11815,1,0
49,21,13145,1,0
49,22,13368,1,0
49,23,13694,1,0
49,24,10732,1,0
49,25,13902,1,0
49,26,34135,1,0
49,27,18953,1,0
49,28,10743,1,0
49,29,13672,1,0
49,30,13563,1,0
49,31,10993,1,0
49,32,12507,1,0
49,33,12152,1,0
49,34,71379,1,0
49,35,145649,1,0
49,36,28107,1,0
49,37,29070,1,0
49,38,11779,1,0
49,39,28826,1,0
49,40,101928,1,0
49,41,11398,1,0
49,42,12350,1,0
49,43,16183,1,0
49,44,31223,1,0
49,45,243217,1,0
49,46,193956,1,0
49,47,142298,1,0
49,48,41489,1,0
49,49,13445,1,0
49,50,12770,1,0
49,51,18843,1,0
49,52,11359,1,0
49,53,13560,1,0
49,54,13426,1,0
49,55,16754,1,0
49,56,161025,1,0
49,57,214079,1,0
49,58,213673,1,0
49,59,144541,1,0
49,60,9964,1,0
49,61,16194,1,0
49,62,64981,1,0
49,63,35453,1,0
49,64,25076,1,0
49,65,503840,1,0
49,66,722677,1,0
49,67,943506,1,0
49,68,901327,1,0
49,69,829429,1,0
49,70,773067,1,0
49,71,719853,1,0
49,72,754125,1,0
49,73,659645,1,0
49,74,588298,1,0
49,75,489207,1,0
49,76,472896,1,0
49,77,988549,1,0
49,78,838730,1,0
49,79,660791,1,0
49,80,480338,1,0
49,81,280886,1,0
49,82,209457,1,0
49,83,280413,1,0
49,84,185153,1,0
49,85,11011,1,0
49,86,12081,1,0
49,87,20575,1,0
49,88,95759,1,0
49,89,11772,1,0
49,90,12117,1,0
49,91,13479,1,0
49,92,15683,1,0
49,93,301415,1,0
49,94,238116,1,0
49,95,89459,1,0
49,96,20472,1,0
49,97,13826,1,0
49,98,73408,1,0
49,99,13800,1,0
49,100,12887,1,0
49,101,11479,1,0
49,102,12750,1,0
49,103,59237,1,0
49,104,49920,1,0
49,105,11969,1,0
49,106,11537,1,0
49,107,11931,1,0
49,108,25125,1,0
49,109,65508,1,0
49,110,12156,1,0
49,111,492368,1,0
49,112,571676,1,0
49,113,583644,1,0
49,114,474062,1,0
49,115,388689,1,0
49,116,402837,1,0
49,117,474601,1,0
49,118,355535,1,0
49,119,186041,1,0
49,120,26229,1,0
49,121,10415,1,0
49,122,86622,1,0
49,123,13001,1,0
49,124,12947,1,0
49,125,13288,1,0
49,126,8993,1,0
49,127,59285,1,0
49,128,10812,1,0
49,129,11939,1,0
49,130,13266,1,0
49,131,11276,1,0
49,132,49508,1,0
49,133,11331,1,0
49,134,10477,1,0
49,135,11983,1,0
49,136,13308,1,0
49,137,20382,1,0
49,138,28959,1,0
49,139,10153,1,0
49,140,17771,1,0
49,141,12644,1,0
49,142,11878,1,0
49,143,157774,1,0
49,144,162989,1,0
49,145,10644,1,0
49,146,10504,1,0
49,147,11039,1,0
49,148,31357,1,0
49,149,72820,1,0
49,150,11799,1,0
49,151,10286,1,0
49,152,12863,1,0
49,153,12708,1,0
49,154,61651,1,0
49,155,11466,1,0
49,156,10464,1,0
49,157,10591,1,0
49,158,12305,1,0
49,159,78964,1,0
49,160,11872,1,0
49,161,10151,1,0
49,162,12174,1,0
49,163,19533,1,0
49,164,48130,1,0
49,165,8022,1,0
49,166,9292,1,0
49,167,10540,1,0
49,168,11165,1,0
49,169,46478,1,0
49,170,11631,1,0
49,171,10440,1,0
49,172,10897,1,0
49,173,11091,1,0
49,174,53414,1,0
49,175,12610,1,0
49,176,11356,1,0
49,177,11778,1,0
49,178,9401,1,0
49,179,16132,1,0
49,180,52754,1,0
49,181,12197,1,0
49,182,13001,1,0
49,183,9601,1,0
49,184,9470,1,0
49,185,35103,1,0
49,186,11305,1,0
49,187,12127,1,0
49,188,9971,1,0
49,189,11134,1,0
49,190,55371,1,0
49,191,13663,1,0
49,192,11130,1,0
49,193,9444,1,0
49,194,9465,1,0
49,195,25490,1,0
49,196,11714,1,0
49,197,11027,1,0
49,198,17716,1,0
49,199,9579,1,0
49,200,36984,1,0
49,201,11928,1,0
49,202,11215,1,0
49,203,11535,1,0
49,204,13085,1,0
49,205,47526,1,0
49,206,12092,1,0
49,207,12372,1,0
49,208,11151,1,0
49,209,10492,1,0
49,210,37112,1,0
49,211,11724,1,0
49,212,10490,1,0
49,213,11571,1,0
49,214,11443,1,0
49,215,39953,1,0
49,216,11699,1,0
49,217,11792,1,0
49,218,9558,1,0
49,219,12474,1,0
49,220,96836,1,0
49,221,11084,1,0
49,222,9329,1,0
49,223,13483,1,0
49,224,10373,1,0
49,225,200419,1,0
49,226,266299,1,0
49,227,197190,1,0
49,228,77385,1,0
49,229,12017,1,0
49,230,12210,1,0
49,231,9855,1,0
49,232,12262,1,0
49,233,11997,1,0
49,234,10401,1,0
49,235,14919,1,0
49,236,215155,1,0
49,237,113914,1,0
49,238,12974,1,0
49,239,11358,1,0
49,240,11722,1,0
49,241,38640,1,0
49,242,9154,1,0
49,243,11169,1,0
49,244,11364,1,0
49,245,11883,1,0
49,246,19131,1,0
49,247,11235,1,0
49,248,11099,1,0
49,249,11686,1,0
49,250,12268,1,0
49,251,12080,1,0
49,252,11525,1,0
49,253,11181,1,0
49,254,11751,1,0
49,255,12160,1,0
49,256,16455,1,0
49,257,27885,1,0
49,258,35304,1,0
49,259,11481,1,0
49,260,37761,1,0
49,261,52329,1,0
49,262,400605,1,0
49,263,191417,1,0
49,264,9118,1,0
49,265,12206,1,0
49,266,17829,1,0
49,267,76851,1,0
49,268,9178,1,0
49,269,9182,1,0
49,270,8902,1,0
49,271,10665,1,0
49,272,63385,1,0
49,273,8884,1,0
49,274,10666,1,0
49,275,11718,1,0
49,276,12946,1,0
49,277,107703,1,0
49,278,10359,1,0
49,279,9536,1,0
49,280,9129,1,0
49,281,9486,1,0
49,282,9327,1,0
49,283,11636,1,0
49,284,11210,1,0
49,285,14503,1,0
49,286,24926,1,0
49,287,63269,1,0
49,288,25460,1,0
49,289,12114,1,0
49,290,8815,1,0
49,291,14108,1,0
49,292,349417,1,0
49,293,11306,1,0
49,294,9161,1,0
49,295,10754,1,0
49,296,14380,1,0
49,297,88357,1,0
49,298,9756,1,0
49,299,11648,1,0
49,300,11311,1,0
49,301,9664,1,0
49,302,51718,1,0
49,303,13665,1,0
49,304,12742,1,0
49,305,12663,1,0
49,306,156566,1,0
49,307,451699,1,0
49,308,635441,1,0
49,309,581450,1,0
49,310,979269,1,0
49,311,768216,1,0
49,312,569801,1,0
49,313,555471,1,0
49,314,390554,1,0
49,315,13073,1,0
49,316,386558,1,0
49,317,285114,1,0
49,318,119608,1,0
49,319,12495,1,0
49,320,11124,1,0
49,321,14474,1,0
49,322,12422,1,0
49,323,12001,1,0
49,324,9817,1,0
49,325,106839,1,0
49,326,12148,1,0
49,327,9608,1,0
49,328,12196,1,0
49,329,123259,1,0
49,330,13519,1,0
49,331,155812,1,0
49,332,9552,1,0
49,333,10588,1,0
49,334,14726,1,0
49,335,13309,1,0
49,336,42201,1,0
49,337,12919,1,0
49,338,12269,1,0
49,339,10700,1,0
49,340,11890,1,0
49,341,11183,1,0
49,342,12591,1,0
49,343,12808,1,0
49,344,11940,1,0
49,345,12756,1,0
49,346,21820,1,0
49,347,24041,1,0
49,348,12009,1,0
49,349,22550,1,0
49,350,100568,1,0
49,351,166661,1,0
49,352,96374,1,0
49,353,11991,1,0
49,354,11407,1,0
49,355,10894,1,0
49,356,44349,1,0
49,357,10257,1,0
49,358,8770,1,0
49,359,10903,1,0
49,360,9295,1,0
49,361,25679,1,0
49,362,11857,1,0
49,363,10736,1,0
49,364,11187,1,0
49,365,11014,1,0
49,366,54094,1,0
49,367,9282,1,0
49,368,10461,1,0
49,369,9042,1,0
49,370,12881,1,0
49,371,11685,1,0
49,372,12349,1,0
49,373,9263,1,0
49,374,11552,1,0
49,375,9675,1,0
49,376,11492,1,0
49,377,133214,1,0
49,378,12129,1,0
49,379,11695,1,0
49,380,9069,1,0
49,381,11567,1,0
49,382,47538,1,0
49,383,10822,1,0
49,384,10905,1,0
49,385,11319,1,0
49,386,12685,1,0
49,387,66457,1,0
49,388,12926,1,0
49,389,10749,1,0
49,390,11156,1,0
49,391,8650,1,0
49,392,55812,1,0
49,393,53293,1,0
49,394,11797,1,0
49,395,8753,1,0
49,396,11914,1,0
49,397,12426,1,0
49,398,12532,1,0
49,399,9070,1,0
49,400,8419,1,0
49,401,48713,1,0
49,402,10445,1,0
49,403,35221,1,0
49,404,11495,1,0
49,405,12959,1,0
49,406,11762,1,0
49,407,10317,1,0
49,408,40692,1,0
49,409,11667,1,0
49,410,11643,1,0
49,411,11848,1,0
49,412,15472,1,0
49,413,26917,1,0
49,414,9649,1,0
49,415,12375,1,0
49,416,13108,1,0
49,417,23562,1,0
49,418,20188,1,0
49,419,11162,1,0
49,420,11421,1,0
49,421,11301,1,0
49,422,11039,1,0
49,423,19543,1,0
49,424,13936,1,0
49,425,9532,1,0
49,426,11030,1,0
49,427,12378,1,0
49,428,47915,1,0
49,429,11739,1,0
49,430,11760,1,0
49,431,9372,1,0
49,432,12637,1,0
49,433,50958,1,0
49,434,369246,1,0
49,435,216278,1,0
49,436,9904,1,0
49,437,11372,1,0
49,438,10923,1,0
49,439,119719,1,0
49,440,9753,1,0
49,441,10898,1,0
49,442,12636,1,0
49,443,9350,1,0
49,444,36976,1,0
49,445,11855,1,0
49,446,10535,1,0
49,447,12104,1,0
49,448,9240,1,0
49,449,77323,1,0
49,450,11383,1,0
49,451,10151,1,0
49,452,10798,1,0
49,453,11324,1,0
49,454,9066,1,0
49,455,11571,1,0
49,456,11789,1,0
49,457,10127,1,0
49,458,12883,1,0
49,459,147048,1,0
49,460,9870,1,0
49,461,11565,1,0
49,462,11628,1,0
49,463,10867,1,0
49,464,43325,1,0
49,465,16020,1,0
49,466,11439,1,0
49,467,11174,1,0
49,468,11449,1,0
49,469,12659,1,0
49,470,166512,1,0
49,471,217411,1,0
49,472,12035,1,0
49,473,11309,1,0
49,474,10885,1,0
49,475,13077,1,0
49,476,52525,1,0
49,477,8707,1,0
49,478,11126,1,0
49,479,11690,1,0
49,480,12710,1,0
49,481,10076,1,0
49,482,9262,1,0
49,483,11327,1,0
49,484,11316,1,0
49,485,10587,1,0
49,486,32612,1,0
49,487,15663,1,0
49,488,26844,1,0
49,489,34367,1,0
49,490,12447,1,0
49,491,53420,1,0
49,492,11899,1,0
49,493,11308,1,0
49,494,10429,1,0
49,495,10228,1,0
49,496,10408,1,0
49,497,11635,1,0
49,498,13865,1,0
49,499,12394,1,0
49,500,11661,1,0
49,501,169350,1,0
49,502,10040,1,0
49,503,11339,1,0
49,504,9345,1,0
49,505,9784,1,0
49,506,10948,1,0
49,507,27509,1,0
49,508,10713,1,0
49,509,13179,1,0
49,510,11188,1,0
49,511,85503,1,0
49,512,10416,1,0
49,513,12042,1,0
49,514,11750,1,0
49,515,31589,1,0
49,516,17474,1,0
49,517,73435,1,0
49,518,11433,1,0
49,519,10948,1,0
49,520,11146,1,0
49,521,29315,1,0
49,522,25413,1,0
49,523,10995,1,0
49,524,11090,1,0
49,525,9226,1,0
49,526,29288,1,0
49,527,15292,1,0
49,528,13492,1,0
49,529,12883,1,0
49,530,8673,1,0
49,531,10001,1,0
49,532,20900,1,0
49,533,10383,1,0
49,534,12614,1,0
49,535,19756,1,0
49,536,12971,1,0
49,537,173782,1,0
49,538,10926,1,0
49,539,12008,1,0
49,540,11238,1,0
49,541,11551,1,0
49,542,78849,1,0
49,543,23572,1,0
49,544,10477,1,0
49,545,11319,1,0
49,546,11029,1,0
49,547,101354,1,0
49,548,25647,1,0
49,549,54306,1,0
49,550,12597,1,0
49,551,11371,1,0
49,552,11162,1,0
49,553,9696,1,0
49,554,9382,1,0
49,555,11087,1,0
49,556,14863,1,0
49,557,95670,1,0
49,558,11795,1,0
49,559,12030,1,0
49,560,10546,1,0
49,561,10710,1,0
49,562,41168,1,0
49,563,11602,1,0
49,564,9561,1,0
49,565,10716,1,0
49,566,10150,1,0
49,567,95106,1,0
49,568,10089,1,0
49,569,11801,1,0
49,570,10724,1,0
49,571,9240,1,0
49,572,63632,1,0
49,573,11232,1,0
49,574,11402,1,0
49,575,12842,1,0
49,576,12579,1,0
49,577,73079,1,0
49,578,10853,1,0
49,579,9801,1,0
49,580,11134,1,0
49,581,11514,1,0
49,582,65263,1,0
49,583,9201,1,0
49,584,9938,1,0
49,585,11807,1,0
49,586,11498,1,0
49,587,278796,1,0
49,588,56183,1,0
49,589,16541,1,0
49,590,9143,1,0
49,591,11441,1,0
49,592,253776,1,0
49,593,99114,1,0
49,594,9021,1,0
49,595,11607,1,0
49,596,10729,1,0
49,597,95652,1,0
49,598,9263,1,0
49,599,12037,1,0
50,0,105724,1,0
50,1,31465,1,0
50,2,12141,1,0
50,3,15619,1,0
50,4,12406,1,0
50,5,39341,1,0
50,6,13651,1,0
50,7,67789,1,0
50,8,12266,1,0
50,9,14667,1,0
50,10,10675,1,0
50,11,13022,1,0
50,12,17687,1,0
50,13,12760,1,0
50,14,11095,1,0
50,15,10645,1,0
50,16,12119,1,0
50,17,10519,1,0
50,18,12275,1,0
50,19,12177,1,0
50,20,11731,1,0
50,21,11742,1,0
50,22,11976,1,0
50,23,12205,1,0
50,24,10139,1,0
50,25,11863,1,0
50,26,32393,1,0
50,27,17888,1,0
50,28,11976,1,0
50,29,12192,1,0
50,30,13878,1,0
50,31,12760,1,0
50,32,12537,1,0
50,33,10780,1,0
50,34,68450,1,0
50,35,143367,1,0
50,36,26898,1,0
50,37,26308,1,0
50,38,10535,1,0
50,39,28128,1,0
50,40,99315,1,0
50,41,10788,1,0
50,42,11105,1,0
50,43,12361,1,0
50,44,31366,1,0
50,45,242103,1,0
50,46,191920,1,0
50,47,140490,1,0
50,48,47169,1,0
50,49,11094,1,0
50,50,14258,1,0
50,51,19063,1,0
50,52,10770,1,0
50,53,15300,1,0
50,54,10259,1,0
50,55,16911,1,0
50,56,159841,1,0
50,57,214250,1,0
50,58,216409,1,0
50,59,140541,1,0
50,60,11773,1,0
50,61,19809,1,0
50,62,65164,1,0
50,63,32975,1,0
50,64,28382,1,0
50,65,505778,1,0
50,66,729203,1,0
50,67,950653,1,0
50,68,904173,1,0
50,69,827750,1,0
50,70,772301,1,0
50,71,720353,1,0
50,72,753153,1,0
50,73,659308,1,0
50,74,587745,1,0
50,75,490773,1,0
50,76,473472,1,0
50,77,987591,1,0
50,78,835943,1,0
50,79,658953,1,0
50,80,478272,1,0
50,81,278144,1,0
50,82,207068,1,0
50,83,279582,1,0
50,84,183296,1,0
50,85,10615,1,0
50,86,11100,1,0
50,87,19223,1,0
50,88,94706,1,0
50,89,11388,1,0
50,90,14153,1,0
50,91,11994,1,0
50,92,14781,1,0
50,93,299975,1,0
50,94,235952,1,0
50,95,86492,1,0
50,96,18913,1,0
50,97,14615,1,0
50,98,72738,1,0
50,99,12120,1,0
50,100,14716,1,0
50,101,11100,1,0
50,102,12419,1,0
50,103,59318,1,0
50,104,48177,1,0
50,105,12644,1,0
50,106,12625,1,0
50,107,13161,1,0
50,108,22073,1,0
50,109,63720,1,0
50,110,12638,1,0
50,111,492029,1,0
50,112,572262,1,0
50,113,585446,1,0
50,114,472011,1,0
50,115,387430,1,0
50,116,400361,1,0
50,117,471645,1,0
50,118,351859,1,0
50,119,183352,1,0
50,120,23915,1,0
50,121,13271,1,0
50,122,84918,1,0
50,123,11160,1,0
50,124,12235,1,0
50,125,12821,1,0
50,126,13293,1,0
50,127,72350,1,0
50,128,11629,1,0
50,129,10027,1,0
50,130,11320,1,0
50,131,10467,1,0
50,132,61764,1,0
50,133,10703,1,0
50,134,11195,1,0
50,135,10855,1,0
50,136,10526,1,0
50,137,19067,1,0
50,138,25918,1,0
50,139,11250,1,0
50,140,14362,1,0
50,141,10246,1,0
50,142,11290,1,0
50,143,160981,1,0
50,144,160408,1,0
50,145,11386,1,0
50,146,10185,1,0
50,147,17793,1,0
50,148,31297,1,0
50,149,71022,1,0
50,150,10989,1,0
50,151,12040,1,0
50,152,11498,1,0
50,153,10602,1,0
50,154,60137,1,0
50,155,11517,1,0
50,156,12810,1,0
50,157,11885,1,0
50,158,9790,1,0
50,159,90963,1,0
50,160,10964,1,0
50,161,10923,1,0
50,162,11410,1,0
50,163,15825,1,0
50,164,46211,1,0
50,165,11051,1,0
50,166,12122,1,0
50,167,12531,1,0
50,168,11076,1,0
50,169,41976,1,0
50,170,11929,1,0
50,171,10872,1,0
50,172,10315,1,0
50,173,11023,1,0
50,174,51901,1,0
50,175,11189,1,0
50,176,11879,1,0
50,177,11071,1,0
50,178,9928,1,0
50,179,13988,1,0
50,180,50566,1,0
50,181,9911,1,0
50,182,10223,1,0
50,183,11134,1,0
50,184,13037,1,0
50,185,31575,1,0
50,186,11109,1,0
50,187,11733,1,0
50,188,10152,1,0
50,189,10261,1,0
50,190,51470,1,0
50,191,11559,1,0
50,192,9836,1,0
50,193,9668,1,0
50,194,11332,1,0
50,195,23532,1,0
50,196,9803,1,0
50,197,8982,1,0
50,198,15704,1,0
50,199,11418,1,0
50,200,35668,1,0
50,201,11468,1,0
50,202,9699,1,0
50,203,9930,1,0
50,204,11618,1,0
50,205,59220,1,0
50,206,12351,1,0
50,207,10510,1,0
50,208,10095,1,0
50,209,11317,1,0
50,210,49012,1,0
50,211,10899,1,0
50,212,10805,1,0
50,213,12290,1,0
50,214,11499,1,0
50,215,38420,1,0
50,216,11958,1,0
50,217,11783,1,0
50,218,11761,1,0
50,219,10206,1,0
50,220,95130,1,0
50,221,9800,1,0
50,222,11912,1,0
50,223,20991,1,0
50,224,10277,1,0
50,225,198634,1,0
50,226,267564,1,0
50,227,195499,1,0
50,228,74792,1,0
50,229,11913,1,0
50,230,11226,1,0
50,231,11100,1,0
50,232,11662,1,0
50,233,11417,1,0
50,234,12112,1,0
50,235,11436,1,0
50,236,212299,1,0
50,237,112454,1,0
50,238,12027,1,0
50,239,11218,1,0
50,240,10908,1,0
50,241,34553,1,0
50,242,9998,1,0
50,243,12472,1,0
50,244,11447,1,0
50,245,10832,1,0
50,246,16130,1,0
50,247,10725,1,0
50,248,11728,1,0
50,249,10261,1,0
50,250,10337,1,0
50,251,9903,1,0
50,252,9112,1,0
50,253,12415,1,0
50,254,10647,1,0
50,255,10263,1,0
50,256,28839,1,0
50,257,26263,1,0
50,258,34513,1,0
50,259,12172,1,0
50,260,39617,1,0
50,261,50693,1,0
50,262,397737,1,0
50,263,188400,1,0
50,264,11897,1,0
50,265,9748,1,0
50,266,16131,1,0
50,267,87550,1,0
50,268,10408,1,0
50,269,10862,1,0
50,270,10989,1,0
50,271,12537,1,0
50,272,60219,1,0
50,273,10816,1,0
50,274,11544,1,0
50,275,10733,1,0
50,276,11206,1,0
50,277,105217,1,0
50,278,11193,1,0
50,279,10224,1,0
50,280,10491,1,0
50,281,11412,1,0
50,282,11145,1,0
50,283,9509,1,0
50,284,10777,1,0
50,285,12508,1,0
50,286,25802,1,0
50,287,59742,1,0
50,288,28307,1,0
50,289,11156,1,0
50,290,13151,1,0
50,291,13233,1,0
50,292,197560,1,0
50,293,10421,1,0
50,294,12164,1,0
50,295,11919,1,0
50,296,14949,1,0
50,297,86504,1,0
50,298,12574,1,0
50,299,13540,1,0
50,300,11802,1,0
50,301,11884,1,0
50,302,48751,1,0
50,303,12370,1,0
50,304,11159,1,0
50,305,10633,1,0
50,306,156529,1,0
50,307,472113,1,0
50,308,635981,1,0
50,309,580202,1,0
50,310,975272,1,0
50,311,764940,1,0
50,312,567091,1,0
50,313,554957,1,0
50,314,391095,1,0
50,315,300421,1,0
50,316,383602,1,0
50,317,282442,1,0
50,318,117879,1,0
50,319,12708,1,0
50,320,9793,1,0
50,321,12394,1,0
50,322,15399,1,0
50,323,10772,1,0
50,324,19625,1,0
50,325,104545,1,0
50,326,15203,1,0
50,327,12056,1,0
50,328,11237,1,0
50,329,120551,1,0
50,330,11368,1,0
50,331,158517,1,0
50,332,11338,1,0
50,333,12460,1,0
50,334,11833,1,0
50,335,11322,1,0
50,336,42327,1,0
50,337,10317,1,0
50,338,11724,1,0
50,339,11989,1,0
50,340,11580,1,0
50,341,9642,1,0
50,342,11462,1,0
50,343,10433,1,0
50,344,9823,1,0
50,345,17932,1,0
50,346,20670,1,0
50,347,23420,1,0
50,348,14172,1,0
50,349,19545,1,0
50,350,99261,1,0
50,351,165445,1,0
50,352,95027,1,0
50,353,10405,1,0
50,354,10760,1,0
50,355,11614,1,0
50,356,56288,1,0
50,357,11114,1,0
50,358,10638,1,0
50,359,10882,1,0
50,360,10227,1,0
50,361,23687,1,0
50,362,9704,1,0
50,363,9724,1,0
50,364,10147,1,0
50,365,9971,1,0
50,366,52805,1,0
50,367,12393,1,0
50,368,10879,1,0
50,369,10842,1,0
50,370,9902,1,0
50,371,10800,1,0
50,372,9940,1,0
50,373,13821,1,0
50,374,11652,1,0
50,375,13130,1,0
50,376,12384,1,0
50,377,131891,1,0
50,378,10033,1,0
50,379,13043,1,0
50,380,10124,1,0
50,381,10404,1,0
50,382,43557,1,0
50,383,12493,1,0
50,384,11861,1,0
50,385,12492,1,0
50,386,11883,1,0
50,387,77851,1,0
50,388,9895,1,0
50,389,10929,1,0
50,390,10193,1,0
50,391,11555,1,0
50,392,51758,1,0
50,393,50624,1,0
50,394,11707,1,0
50,395,11206,1,0
50,396,11356,1,0
50,397,10115,1,0
50,398,12306,1,0
50,399,10761,1,0
50,400,10044,1,0
50,401,54119,1,0
50,402,11690,1,0
50,403,31976,1,0
50,404,12333,1,0
50,405,10554,1,0
50,406,10910,1,0
50,407,10198,1,0
50,408,59505,1,0
50,409,11561,1,0
50,410,11860,1,0
50,411,10921,1,0
50,412,11788,1,0
50,413,22643,1,0
50,414,11800,1,0
50,415,12163,1,0
50,416,12136,1,0
50,417,20043,1,0
50,418,18242,1,0
50,419,9984,1,0
50,420,11150,1,0
50,421,9835,1,0
50,422,10468,1,0
50,423,15571,1,0
50,424,14241,1,0
50,425,10802,1,0
50,426,12550,1,0
50,427,10861,1,0
50,428,46444,1,0
50,429,10224,1,0
50,430,11948,1,0
50,431,11536,1,0
50,432,11614,1,0
50,433,48146,1,0
50,434,370212,1,0
50,435,212493,1,0
50,436,10851,1,0
50,437,11879,1,0
50,438,10965,1,0
50,439,115032,1,0
50,440,12078,1,0
50,441,14971,1,0
50,442,10751,1,0
50,443,10658,1,0
50,444,34367,1,0
50,445,10398,1,0
50,446,11014,1,0
50,447,10510,1,0
50,448,10339,1,0
50,449,74210,1,0
50,450,12268,1,0
50,451,11723,1,0
50,452,10664,1,0
50,453,11570,1,0
50,454,10295,1,0
50,455,10557,1,0
50,456,10456,1,0
50,457,12105,1,0
50,458,11415,1,0
50,459,143400,1,0
50,460,10878,1,0
50,461,11374,1,0
50,462,9964,1,0
50,463,10709,1,0
50,464,41417,1,0
50,465,15097,1,0
50,466,10435,1,0
50,467,12042,1,0
50,468,10766,1,0
50,469,13036,1,0
50,470,175683,1,0
50,471,215298,1,0
50,472,10305,1,0
50,473,9911,1,0
50,474,11221,1,0
50,475,11135,1,0
50,476,50470,1,0
50,477,10752,1,0
50,478,10148,1,0
50,479,10870,1,0
50,480,11351,1,0
50,481,11943,1,0
50,482,10117,1,0
50,483,10006,1,0
50,484,9893,1,0
50,485,10591,1,0
50,486,29701,1,0
50,487,14916,1,0
50,488,33450,1,0
50,489,36209,1,0
50,490,10979,1,0
50,491,51479,1,0
50,492,11074,1,0
50,493,12191,1,0
50,494,10789,1,0
50,495,12447,1,0
50,496,11693,1,0
50,497,11516,1,0
50,498,14956,1,0
50,499,12112,1,0
50,500,10110,1,0
50,501,167743,1,0
50,502,10108,1,0
50,503,10846,1,0
50,504,11567,1,0
50,505,10838,1,0
50,506,11953,1,0
50,507,27650,1,0
50,508,12828,1,0
50,509,11909,1,0
50,510,10430,1,0
50,511,83384,1,0
50,512,10917,1,0
50,513,10873,1,0
50,514,11108,1,0
50,515,31574,1,0
50,516,20998,1,0
50,517,72104,1,0
50,518,10639,1,0
50,519,12431,1,0
50,520,12107,1,0
50,521,29041,1,0
50,522,22177,1,0
50,523,11844,1,0
50,524,9642,1,0
50,525,11546,1,0
50,526,29203,1,0
50,527,17834,1,0
50,528,11777,1,0
50,529,11550,1,0
50,530,12374,1,0
50,531,11187,1,0
50,532,27105,1,0
50,533,10763,1,0
50,534,10376,1,0
50,535,22958,1,0
50,536,14419,1,0
50,537,171722,1,0
50,538,13438,1,0
50,539,12227,1,0
50,540,10590,1,0
50,541,10785,1,0
50,542,76549,1,0
50,543,20238,1,0
50,544,12493,1,0
50,545,12871,1,0
50,546,14763,1,0
50,547,99553,1,0
50,548,24510,1,0
50,549,53274,1,0
50,550,9889,1,0
50,551,9748,1,0
50,552,10829,1,0
50,553,10576,1,0
50,554,11066,1,0
50,555,11392,1,0
50,556,25976,1,0
50,557,92399,1,0
50,558,9830,1,0
50,559,10871,1,0
50,560,11189,1,0
50,561,9346,1,0
50,562,38370,1,0
50,563,10136,1,0
50,564,10985,1,0
50,565,9496,1,0
50,566,10101,1,0
50,567,93094,1,0
50,568,10391,1,0
50,569,10224,1,0
50,570,12364,1,0
50,571,11333,1,0
50,572,61636,1,0
50,573,11725,1,0
50,574,10272,1,0
50,575,10270,1,0
50,576,11385,1,0
50,577,86410,1,0
50,578,12049,1,0
50,579,11112,1,0
50,580,10922,1,0
50,581,11019,1,0
50,582,78885,1,0
50,583,9784,1,0
50,584,12488,1,0
50,585,10786,1,0
50,586,10886,1,0
50,587,275780,1,0
50,588,33326,1,0
50,589,14705,1,0
50,590,10182,1,0
50,591,13649,1,0
50,592,273446,1,0
50,593,98517,1,0
50,594,11552,1,0
50,595,9753,1,0
50,596,11278,1,0
50,597,92765,1,0
50,598,10474,1,0
50,599,10356,1,0
51,0,104012,1,0
51,1,28740,1,0
51,2,12437,1,0
51,3,13405,1,0
51,4,13693,1,0
51,5,37018,1,0
51,6,12871,1,0
51,7,65501,1,0
51,8,14033,1,0
51,9,10700,1,0
51,10,11801,1,0
51,11,13270,1,0
51,12,16449,1,0
51,13,12707,1,0
51,14,13354,1,0
51,15,12193,1,0
51,16,13317,1,0
51,17,12112,1,0
51,18,13723,1,0
51,19,12575,1,0
51,20,15161,1,0
51,21,12237,1,0
51,22,12981,1,0
51,23,13549,1,0
51,24,18123,1,0
51,25,11773,1,0
51,26,30247,1,0
51,27,16115,1,0
51,28,13123,1,0
51,29,11820,1,0
51,30,11411,1,0
51,31,10543,1,0
51,32,12545,1,0
51,33,12327,1,0
51,34,65617,1,0
51,35,142785,1,0
51,36,23701,1,0
51,37,23495,1,0
51,38,12988,1,0
51,39,26365,1,0
51,40,97177,1,0
51,41,13998,1,0
51,42,12124,1,0
51,43,14071,1,0
51,44,30109,1,0
51,45,240111,1,0
51,46,189004,1,0
51,47,140016,1,0
51,48,46837,1,0
51,49,12223,1,0
51,50,12959,1,0
51,51,18035,1,0
51,52,14917,1,0
51,53,12340,1,0
51,54,12741,1,0
51,55,17144,1,0
51,56,156161,1,0
51,57,216801,1,0
51,58,213489,1,0
51,59,137948,1,0
51,60,13170,1,0
51,61,25987,1,0
51,62,62980,1,0
51,63,31553,1,0
51,64,44836,1,0
51,65,507610,1,0
51,66,732946,1,0
51,67,954923,1,0
51,68,903599,1,0
51,69,826250,1,0
51,70,771965,1,0
51,71,717974,1,0
51,72,749654,1,0
51,73,655676,1,0
51,74,584398,1,0
51,75,489604,1,0
51,76,474944,1,0
51,77,984898,1,0
51,78,833494,1,0
51,79,655502,1,0
51,80,474107,1,0
51,81,273095,1,0
51,82,204425,1,0
51,83,278635,1,0
51,84,180498,1,0
51,85,9895,1,0
51,86,10803,1,0
51,87,14479,1,0
51,88,93498,1,0
51,89,12808,1,0
51,90,12097,1,0
51,91,13592,1,0
51,92,13280,1,0
51,93,317699,1,0
51,94,233823,1,0
51,95,84150,1,0
51,96,16003,1,0
51,97,12226,1,0
51,98,72439,1,0
51,99,12310,1,0
51,100,12655,1,0
51,101,11855,1,0
51,102,13715,1,0
51,103,56459,1,0
51,104,44896,1,0
51,105,14136,1,0
51,106,11393,1,0
51,107,12754,1,0
51,108,17274,1,0
51,109,61685,1,0
51,110,14070,1,0
51,111,489939,1,0
51,112,570171,1,0
51,113,583671,1,0
51,114,469596,1,0
51,115,384182,1,0
51,116,398203,1,0
51,117,467102,1,0
51,118,348534,1,0
51,119,180111,1,0
51,120,20881,1,0
51,121,12049,1,0
51,122,81601,1,0
51,123,11516,1,0
51,124,9493,1,0
51,125,10400,1,0
51,126,13710,1,0
51,127,69371,1,0
51,128,12341,1,0
51,129,10250,1,0
51,130,9880,1,0
51,131,9412,1,0
51,132,61956,1,0
51,133,10538,1,0
51,134,10080,1,0
51,135,13227,1,0
51,136,11809,1,0
51,137,15920,1,0
51,138,21469,1,0
51,139,12328,1,0
51,140,10373,1,0
51,141,12245,1,0
51,142,13719,1,0
51,143,165706,1,0
51,144,157020,1,0
51,145,10538,1,0
51,146,9565,1,0
51,147,14230,1,0
51,148,30609,1,0
51,149,70421,1,0
51,150,13466,1,0
51,151,10681,1,0
51,152,11276,1,0
51,153,10991,1,0
51,154,57198,1,0
51,155,11004,1,0
51,156,10477,1,0
51,157,11176,1,0
51,158,13400,1,0
51,159,88259,1,0
51,160,9962,1,0
51,161,11352,1,0
51,162,11598,1,0
51,163,12215,1,0
51,164,59513,1,0
51,165,11227,1,0
51,166,12475,1,0
51,167,13301,1,0
51,168,11828,1,0
51,169,37946,1,0
51,170,12419,1,0
51,171,8774,1,0
51,172,8681,1,0
51,173,11192,1,0
51,174,64022,1,0
51,175,12646,1,0
51,176,11913,1,0
51,177,13681,1,0
51,178,10543,1,0
51,179,9723,1,0
51,180,60698,1,0
51,181,10938,1,0
51,182,10340,1,0
51,183,10577,1,0
51,184,12389,1,0
51,185,43493,1,0
51,186,9732,1,0
51,187,10346,1,0
51,188,8718,1,0
51,189,9845,1,0
51,190,61670,1,0
51,191,12233,1,0
51,192,9490,1,0
51,193,11804,1,0
51,194,10111,1,0
51,195,33437,1,0
51,196,12035,1,0
51,197,9633,1,0
51,198,12713,1,0
51,199,10665,1,0
51,200,32277,1,0
51,201,9839,1,0
51,202,10480,1,0
51,203,12656,1,0
51,204,10274,1,0
51,205,55507,1,0
51,206,11758,1,0
51,207,10483,1,0
51,208,9263,1,0
51,209,16431,1,0
51,210,44565,1,0
51,211,16981,1,0
51,212,9458,1,0
51,213,10946,1,0
51,214,10169,1,0
51,215,34773,1,0
51,216,10081,1,0
51,217,12633,1,0
51,218,9734,1,0
51,219,10428,1,0
51,220,92483,1,0
51,221,11208,1,0
51,222,9763,1,0
51,223,22712,1,0
51,224,12117,1,0
51,225,194406,1,0
51,226,265931,1,0
51,227,191542,1,0
51,228,72396,1,0
51,229,12353,1,0
51,230,12282,1,0
51,231,11595,1,0
51,232,9587,1,0
51,233,12794,1,0
51,234,12359,1,0
51,235,9861,1,0
51,236,208896,1,0
51,237,108683,1,0
51,238,11154,1,0
51,239,10225,1,0
51,240,12267,1,0
51,241,30361,1,0
51,242,9944,1,0
51,243,10388,1,0
51,244,10925,1,0
51,245,10881,1,0
51,246,21133,1,0
51,247,9630,1,0
51,248,9684,1,0
51,249,9537,1,0
51,250,10536,1,0
51,251,10134,1,0
51,252,9549,1,0
51,253,12135,1,0
51,254,9754,1,0
51,255,9888,1,0
51,256,26014,1,0
51,257,22241,1,0
51,258,32915,1,0
51,259,12119,1,0
51,260,37463,1,0
51,261,63886,1,0
51,262,392768,1,0
51,263,184868,1,0
51,264,10565,1,0
51,265,10509,1,0
51,266,12982,1,0
51,267,84501,1,0
51,268,9445,1,0
51,269,8585,1,0
51,270,10699,1,0
51,271,9393,1,0
51,272,70113,1,0
51,273,9306,1,0
51,274,12159,1,0
51,275,10709,1,0
51,276,13745,1,0
51,277,103023,1,0
51,278,11327,1,0
51,279,9940,1,0
51,280,10489,1,0
51,281,12893,1,0
51,282,12148,1,0
51,283,8814,1,0
51,284,10913,1,0
51,285,13302,1,0
51,286,27078,1,0
51,287,56483,1,0
51,288,28155,1,0
51,289,12771,1,0
51,290,10803,1,0
51,291,12280,1,0
51,292,193875,1,0
51,293,11725,1,0
51,294,9626,1,0
51,295,9786,1,0
51,296,14187,1,0
51,297,84491,1,0
51,298,9876,1,0
51,299,11740,1,0
51,300,9650,1,0
51,301,10072,1,0
51,302,44145,1,0
51,303,9979,1,0
51,304,11740,1,0
51,305,12378,1,0
51,306,157290,1,0
51,307,479322,1,0
51,308,634261,1,0
51,309,577238,1,0
51,310,973134,1,0
51,311,761551,1,0
51,312,564161,1,0
51,313,553509,1,0
51,314,10872,1,0
51,315,298150,1,0
51,316,380114,1,0
51,317,278458,1,0
51,318,114970,1,0
51,319,12378,1,0
51,320,9508,1,0
51,321,11314,1,0
51,322,13493,1,0
51,323,12651,1,0
51,324,23320,1,0
51,325,100276,1,0
51,326,14851,1,0
51,327,12773,1,0
51,328,12492,1,0
51,329,116910,1,0
51,330,12131,1,0
51,331,155854,1,0
51,332,11470,1,0
51,333,12836,1,0
51,334,12814,1,0
51,335,15124,1,0
51,336,43170,1,0
51,337,14265,1,0
51,338,13006,1,0
51,339,12874,1,0
51,340,13225,1,0
51,341,12631,1,0
51,342,13071,1,0
51,343,12890,1,0
51,344,10466,1,0
51,345,13792,1,0
51,346,22220,1,0
51,347,20893,1,0
51,348,10625,1,0
51,349,16227,1,0
51,350,96689,1,0
51,351,174274,1,0
51,352,92584,1,0
51,353,12001,1,0
51,354,10718,1,0
51,355,9564,1,0
51,356,55164,1,0
51,357,11261,1,0
51,358,12217,1,0
51,359,13033,1,0
51,360,10328,1,0
51,361,20836,1,0
51,362,10102,1,0
51,363,9743,1,0
51,364,9571,1,0
51,365,10085,1,0
51,366,50809,1,0
51,367,10625,1,0
51,368,11184,1,0
51,369,10393,1,0
51,370,12232,1,0
51,371,12002,1,0
51,372,9284,1,0
51,373,9058,1,0
51,374,10047,1,0
51,375,12137,1,0
51,376,9956,1,0
51,377,141655,1,0
51,378,10081,1,0
51,379,10262,1,0
51,380,10162,1,0
51,381,12099,1,0
51,382,39833,1,0
51,383,11847,1,0
51,384,10781,1,0
51,385,12998,1,0
51,386,10459,1,0
51,387,72934,1,0
51,388,9750,1,0
51,389,9759,1,0
51,390,11702,1,0
51,391,12180,1,0
51,392,64286,1,0
51,393,46296,1,0
51,394,11518,1,0
51,395,9247,1,0
51,396,10887,1,0
51,397,9930,1,0
51,398,9740,1,0
51,399,9412,1,0
51,400,9507,1,0
51,401,54378,1,0
51,402,10062,1,0
51,403,29139,1,0
51,404,12057,1,0
51,405,10328,1,0
51,406,11026,1,0
51,407,10725,1,0
51,408,34131,1,0
51,409,13324,1,0
51,410,11267,1,0
51,411,10136,1,0
51,412,10484,1,0
51,413,18126,1,0
51,414,9388,1,0
51,415,12419,1,0
51,416,11733,1,0
51,417,16058,1,0
51,418,14499,1,0
51,419,9982,1,0
51,420,10037,1,0
51,421,10076,1,0
51,422,11390,1,0
51,423,12657,1,0
51,424,12357,1,0
51,425,9813,1,0
51,426,11976,1,0
51,427,17084,1,0
51,428,41394,1,0
51,429,10693,1,0
51,430,10519,1,0
51,431,12170,1,0
51,432,12320,1,0
51,433,43867,1,0
51,434,368139,1,0
51,435,208843,1,0
51,436,11703,1,0
51,437,9795,1,0
51,438,10265,1,0
51,439,112206,1,0
51,440,11881,1,0
51,441,10639,1,0
51,442,12539,1,0
51,443,9932,1,0
51,444,30194,1,0
51,445,11194,1,0
51,446,9971,1,0
51,447,11332,1,0
51,448,10694,1,0
51,449,71612,1,0
51,450,10477,1,0
51,451,11553,1,0
51,452,9778,1,0
51,453,10467,1,0
51,454,10400,1,0
51,455,11943,1,0
51,456,12763,1,0
51,457,11827,1,0
51,458,12206,1,0
51,459,154472,1,0
51,460,10601,1,0
51,461,10513,1,0
51,462,9639,1,0
51,463,10630,1,0
51,464,51994,1,0
51,465,13271,1,0
51,466,10414,1,0
51,467,12186,1,0
51,468,11360,1,0
51,469,12424,1,0
51,470,171399,1,0
51,471,210056,1,0
51,472,11056,1,0
51,473,9782,1,0
51,474,11235,1,0
51,475,10417,1,0
51,476,47081,1,0
51,477,10330,1,0
51,478,9233,1,0
51,479,12213,1,0
51,480,14127,1,0
51,481,11672,1,0
51,482,10105,1,0
51,483,10316,1,0
51,484,10601,1,0
51,485,10135,1,0
51,486,26456,1,0
51,487,12074,1,0
51,488,30386,1,0
51,489,32774,1,0
51,490,10420,1,0
51,491,48165,1,0
51,492,9946,1,0
51,493,13657,1,0
51,494,12661,1,0
51,495,10167,1,0
51,496,10465,1,0
51,497,14601,1,0
51,498,15029,1,0
51,499,10371,1,0
51,500,10573,1,0
51,501,162437,1,0
51,502,10242,1,0
51,503,10248,1,0
51,504,11470,1,0
51,505,12412,1,0
51,506,12673,1,0
51,507,23843,1,0
51,508,9206,1,0
51,509,10096,1,0
51,510,9959,1,0
51,511,93360,1,0
51,512,10113,1,0
51,513,10491,1,0
51,514,12031,1,0
51,515,28797,1,0
51,516,18058,1,0
51,517,69519,1,0
51,518,10581,1,0
51,519,11597,1,0
51,520,17245,1,0
51,521,39836,1,0
51,522,18779,1,0
51,523,11848,1,0
51,524,13048,1,0
51,525,9875,1,0
51,526,38915,1,0
51,527,12473,1,0
51,528,11501,1,0
51,529,9672,1,0
51,530,13239,1,0
51,531,10433,1,0
51,532,28032,1,0
51,533,12606,1,0
51,534,9249,1,0
51,535,20691,1,0
51,536,12513,1,0
51,537,167209,1,0
51,538,10068,1,0
51,539,12325,1,0
51,540,11650,1,0
51,541,11286,1,0
51,542,74708,1,0
51,543,17311,1,0
51,544,10066,1,0
51,545,9367,1,0
51,546,11261,1,0
51,547,96479,1,0
51,548,24234,1,0
51,549,49824,1,0
51,550,10182,1,0
51,551,26166,1,0
51,552,13245,1,0
51,553,10396,1,0
51,554,11075,1,0
51,555,9276,1,0
51,556,22010,1,0
51,557,88674,1,0
51,558,10621,1,0
51,559,11259,1,0
51,560,9816,1,0
51,561,9870,1,0
51,562,33737,1,0
51,563,9697,1,0
51,564,12271,1,0
51,565,11055,1,0
51,566,9753,1,0
51,567,89344,1,0
51,568,10668,1,0
51,569,12236,1,0
51,570,9568,1,0
51,571,9585,1,0
51,572,56757,1,0
51,573,10101,1,0
51,574,10173,1,0
51,575,11365,1,0
51,576,11437,1,0
51,577,83538,1,0
51,578,10330,1,0
51,579,10615,1,0
51,580,13057,1,0
51,581,10948,1,0
51,582,77220,1,0
51,583,10189,1,0
51,584,10909,1,0
51,585,9845,1,0
51,586,10304,1,0
51,587,272676,1,0
51,588,9856,1,0
51,589,12935,1,0
51,590,11159,1,0
51,591,11529,1,0
51,592,269816,1,0
51,593,93773,1,0
51,594,9368,1,0
51,595,10541,1,0
51,596,10379,1,0
51,597,87872,1,0
51,598,9795,1,0
51,599,11333,1,0
52,0,106158,1,0
52,1,26797,1,0
52,2,9697,1,0
52,3,12509,1,0
52,4,13814,1,0
52,5,36177,1,0
52,6,12862,1,0
52,7,64487,1,0
52,8,15743,1,0
52,9,12147,1,0
52,10,11767,1,0
52,11,14115,1,0
52,12,17097,1,0
52,13,11988,1,0
52,14,12823,1,0
52,15,13061,1,0
52,16,13427,1,0
52,17,11535,1,0
52,18,17328,1,0
52,19,14204,1,0
52,20,17009,1,0
52,21,12432,1,0
52,22,11317,1,0
52,23,12790,1,0
52,24,15934,1,0
52,25,11679,1,0
52,26,29007,1,0
52,27,13711,1,0
52,28,11779,1,0
52,29,11833,1,0
52,30,11805,1,0
52,31,10988,1,0
52,32,10948,1,0
52,33,9895,1,0
52,34,171856,1,0
52,35,141317,1,0
52,36,21290,1,0
52,37,22080,1,0
52,38,10370,1,0
52,39,25793,1,0
52,40,96275,1,0
52,41,12328,1,0
52,42,12154,1,0
52,43,12085,1,0
52,44,55870,1,0
52,45,238871,1,0
52,46,186731,1,0
52,47,139021,1,0
52,48,45412,1,0
52,49,12066,1,0
52,50,12446,1,0
52,51,16083,1,0
52,52,13117,1,0
52,53,11943,1,0
52,54,11278,1,0
52,55,16408,1,0
52,56,169919,1,0
52,57,222996,1,0
52,58,433038,1,0
52,59,134830,1,0
52,60,11427,1,0
52,61,23918,1,0
52,62,63393,1,0
52,63,30468,1,0
52,64,17541,1,0
52,65,509190,1,0
52,66,734665,1,0
52,67,957837,1,0
52,68,902044,1,0
52,69,826342,1,0
52,70,772418,1,0
52,71,716550,1,0
52,72,749090,1,0
52,73,653178,1,0
52,74,583731,1,0
52,75,488604,1,0
52,76,475109,1,0
52,77,983402,1,0
52,78,832293,1,0
52,79,654464,1,0
52,80,470694,1,0
52,81,271678,1,0
52,82,216611,1,0
52,83,278150,1,0
52,84,178647,1,0
52,85,10121,1,0
52,86,12752,1,0
52,87,13541,1,0
52,88,91933,1,0
52,89,13308,1,0
52,90,12546,1,0
52,91,11915,1,0
52,92,12236,1,0
52,93,323351,1,0
52,94,231890,1,0
52,95,80972,1,0
52,96,13653,1,0
52,97,12222,1,0
52,98,71693,1,0
52,99,11844,1,0
52,100,13056,1,0
52,101,13063,1,0
52,102,11977,1,0
52,103,54125,1,0
52,104,43167,1,0
52,105,16466,1,0
52,106,11419,1,0
52,107,12420,1,0
52,108,15024,1,0
52,109,59499,1,0
52,110,11650,1,0
52,111,486926,1,0
52,112,568523,1,0
52,113,583034,1,0
52,114,468217,1,0
52,115,383323,1,0
52,116,418766,1,0
52,117,465829,1,0
52,118,345111,1,0
52,119,183169,1,0
52,120,18661,1,0
52,121,11950,1,0
52,122,79939,1,0
52,123,10956,1,0
52,124,11725,1,0
52,125,11816,1,0
52,126,11826,1,0
52,127,67692,1,0
52,128,11309,1,0
52,129,9787,1,0
52,130,11394,1,0
52,131,11881,1,0
52,132,60311,1,0
52,133,13765,1,0
52,134,12655,1,0
52,135,12064,1,0
52,136,12092,1,0
52,137,12865,1,0
52,138,17467,1,0
52,139,9374,1,0
52,140,10013,1,0
52,141,9348,1,0
52,142,13442,1,0
52,143,163923,1,0
52,144,155737,1,0
52,145,9137,1,0
52,146,9483,1,0
52,147,11466,1,0
52,148,30082,1,0
52,149,69139,1,0
52,150,12054,1,0
52,151,12845,1,0
52,152,12864,1,0
52,153,12231,1,0
52,154,56965,1,0
52,155,12048,1,0
52,156,12356,1,0
52,157,10660,1,0
52,158,11145,1,0
52,159,88553,1,0
52,160,9127,1,0
52,161,12480,1,0
52,162,10968,1,0
52,163,10939,1,0
52,164,57119,1,0
52,165,8866,1,0
52,166,9564,1,0
52,167,11809,1,0
52,168,11735,1,0
52,169,33221,1,0
52,170,9954,1,0
52,171,9364,1,0
52,172,10418,1,0
52,173,11204,1,0
52,174,62288,1,0
52,175,12370,1,0
52,176,13330,1,0
52,177,12146,1,0
52,178,12966,1,0
52,179,24832,1,0
52,180,57335,1,0
52,181,9493,1,0
52,182,10467,1,0
52,183,11735,1,0
52,184,18008,1,0
52,185,40535,1,0
52,186,10933,1,0
52,187,11561,1,0
52,188,10389,1,0
52,189,10922,1,0
52,190,59439,1,0
52,191,11600,1,0
52,192,8800,1,0
52,193,9715,1,0
52,194,11043,1,0
52,195,30775,1,0
52,196,8837,1,0
52,197,10981,1,0
52,198,10944,1,0
52,199,11661,1,0
52,200,31821,1,0
52,201,11305,1,0
52,202,11277,1,0
52,203,11763,1,0
52,204,11435,1,0
52,205,51837,1,0
52,206,10577,1,0
52,207,11723,1,0
52,208,12098,1,0
52,209,14251,1,0
52,210,40999,1,0
52,211,14954,1,0
52,212,11688,1,0
52,213,12487,1,0
52,214,12626,1,0
52,215,33645,1,0
52,216,10278,1,0
52,217,11201,1,0
52,218,9222,1,0
52,219,10799,1,0
52,220,91121,1,0
52,221,9641,1,0
52,222,9248,1,0
52,223,23402,1,0
52,224,11273,1,0
52,225,192860,1,0
52,226,264713,1,0
52,227,189699,1,0
52,228,70341,1,0
52,229,11696,1,0
52,230,11609,1,0
52,231,12574,1,0
52,232,11480,1,0
52,233,10108,1,0
52,234,9738,1,0
52,235,11105,1,0
52,236,221191,1,0
52,237,105623,1,0
52,238,9369,1,0
52,239,12265,1,0
52,240,9263,1,0
52,241,28485,1,0
52,242,11588,1,0
52,243,11288,1,0
52,244,11729,1,0
52,245,12956,1,0
52,246,19991,1,0
52,247,11295,1,0
52,248,10962,1,0
52,249,11004,1,0
52,250,12268,1,0
52,251,11359,1,0
52,252,9518,1,0
52,253,12697,1,0
52,254,10980,1,0
52,255,11346,1,0
52,256,23922,1,0
52,257,20124,1,0
52,258,34037,1,0
52,259,11636,1,0
52,260,37599,1,0
52,261,61501,1,0
52,262,389695,1,0
52,263,180983,1,0
52,264,9377,1,0
52,265,10445,1,0
52,266,11443,1,0
52,267,80819,1,0
52,268,11489,1,0
52,269,10961,1,0
52,270,9604,1,0
52,271,11654,1,0
52,272,67856,1,0
52,273,12051,1,0
52,274,12642,1,0
52,275,13296,1,0
52,276,13264,1,0
52,277,100843,1,0
52,278,9777,1,0
52,279,11821,1,0
52,280,9316,1,0
52,281,9888,1,0
52,282,11177,1,0
52,283,12380,1,0
52,284,10787,1,0
52,285,12665,1,0
52,286,28903,1,0
52,287,53589,1,0
52,288,29352,1,0
52,289,12666,1,0
52,290,10736,1,0
52,291,11845,1,0
52,292,191641,1,0
52,293,11815,1,0
52,294,11040,1,0
52,295,13385,1,0
52,296,13416,1,0
52,297,80753,1,0
52,298,11310,1,0
52,299,12047,1,0
52,300,9763,1,0
52,301,9473,1,0
52,302,57597,1,0
52,303,12174,1,0
52,304,11552,1,0
52,305,11518,1,0
52,306,158803,1,0
52,307,501887,1,0
52,308,635215,1,0
52,309,578969,1,0
52,310,971429,1,0
52,311,760168,1,0
52,312,561283,1,0
52,313,551779,1,0
52,314,389354,1,0
52,315,295667,1,0
52,316,377536,1,0
52,317,276709,1,0
52,318,112790,1,0
52,319,13006,1,0
52,320,11787,1,0
52,321,12190,1,0
52,322,11885,1,0
52,323,15836,1,0
52,324,25610,1,0
52,325,95981,1,0
52,326,16367,1,0
52,327,13173,1,0
52,328,13626,1,0
52,329,113243,1,0
52,330,12371,1,0
52,331,155487,1,0
52,332,11449,1,0
52,333,13581,1,0
52,334,11525,1,0
52,335,13462,1,0
52,336,41562,1,0
52,337,13168,1,0
52,338,11861,1,0
52,339,9732,1,0
52,340,11035,1,0
52,341,10676,1,0
52,342,10989,1,0
52,343,11539,1,0
52,344,9480,1,0
52,345,16578,1,0
52,346,21919,1,0
52,347,17937,1,0
52,348,11520,1,0
52,349,16684,1,0
52,350,95667,1,0
52,351,172968,1,0
52,352,93208,1,0
52,353,12370,1,0
52,354,11576,1,0
52,355,12226,1,0
52,356,55967,1,0
52,357,9201,1,0
52,358,8778,1,0
52,359,9618,1,0
52,360,11306,1,0
52,361,33088,1,0
52,362,10829,1,0
52,363,10905,1,0
52,364,11323,1,0
52,365,9584,1,0
52,366,63787,1,0
52,367,9201,1,0
52,368,11454,1,0
52,369,9476,1,0
52,370,11118,1,0
52,371,12638,1,0
52,372,9116,1,0
52,373,10664,1,0
52,374,11437,1,0
52,375,11432,1,0
52,376,12264,1,0
52,377,139480,1,0
52,378,11155,1,0
52,379,10976,1,0
52,380,9502,1,0
52,381,8476,1,0
52,382,51209,1,0
52,383,11508,1,0
52,384,10778,1,0
52,385,12976,1,0
52,386,11522,1,0
52,387,69112,1,0
52,388,11169,1,0
52,389,11956,1,0
52,390,10995,1,0
52,391,8810,1,0
52,392,61185,1,0
52,393,43451,1,0
52,394,10861,1,0
52,395,9224,1,0
52,396,12323,1,0
52,397,9620,1,0
52,398,11301,1,0
52,399,9321,1,0
52,400,12487,1,0
52,401,56757,1,0
52,402,11464,1,0
52,403,27439,1,0
52,404,11489,1,0
52,405,11788,1,0
52,406,11547,1,0
52,407,10469,1,0
52,408,11490,1,0
52,409,11965,1,0
52,410,10838,1,0
52,411,9536,1,0
52,412,12518,1,0
52,413,14600,1,0
52,414,10902,1,0
52,415,10716,1,0
52,416,12157,1,0
52,417,13087,1,0
52,418,11919,1,0
52,419,12193,1,0
52,420,11594,1,0
52,421,12802,1,0
52,422,11720,1,0
52,423,9649,1,0
52,424,12765,1,0
52,425,9312,1,0
52,426,11463,1,0
52,427,14999,1,0
52,428,52536,1,0
52,429,11810,1,0
52,430,13050,1,0
52,431,8645,1,0
52,432,11873,1,0
52,433,41193,1,0
52,434,368274,1,0
52,435,205638,1,0
52,436,12684,1,0
52,437,10483,1,0
52,438,11343,1,0
52,439,108516,1,0
52,440,11916,1,0
52,441,9725,1,0
52,442,9255,1,0
52,443,11030,1,0
52,444,27605,1,0
52,445,10860,1,0
52,446,11533,1,0
52,447,11495,1,0
52,448,9847,1,0
52,449,69256,1,0
52,450,11463,1,0
52,451,11435,1,0
52,452,10834,1,0
52,453,10261,1,0
52,454,10610,1,0
52,455,11887,1,0
52,456,9398,1,0
52,457,11698,1,0
52,458,11760,1,0
52,459,153979,1,0
52,460,10687,1,0
52,461,11262,1,0
52,462,10445,1,0
52,463,10768,1,0
52,464,48447,1,0
52,465,11792,1,0
52,466,10571,1,0
52,467,11181,1,0
52,468,9256,1,0
52,469,9513,1,0
52,470,169050,1,0
52,471,207198,1,0
52,472,11540,1,0
52,473,10070,1,0
52,474,11370,1,0
52,475,11382,1,0
52,476,45588,1,0
52,477,12157,1,0
52,478,12041,1,0
52,479,13360,1,0
52,480,11925,1,0
52,481,11872,1,0
52,482,10446,1,0
52,483,9087,1,0
52,484,11630,1,0
52,485,9484,1,0
52,486,24472,1,0
52,487,12151,1,0
52,488,29982,1,0
52,489,30842,1,0
52,490,10711,1,0
52,491,45728,1,0
52,492,11020,1,0
52,493,12549,1,0
52,494,11682,1,0
52,495,9300,1,0
52,496,8818,1,0
52,497,13795,1,0
52,498,13814,1,0
52,499,9608,1,0
52,500,9205,1,0
52,501,160504,1,0
52,502,9436,1,0
52,503,12632,1,0
52,504,11928,1,0
52,505,9630,1,0
52,506,9369,1,0
52,507,21168,1,0
52,508,11654,1,0
52,509,12084,1,0
52,510,12754,1,0
52,511,89076,1,0
52,512,10961,1,0
52,513,11198,1,0
52,514,12188,1,0
52,515,25559,1,0
52,516,17149,1,0
52,517,70731,1,0
52,518,10306,1,0
52,519,12640,1,0
52,520,16703,1,0
52,521,40027,1,0
52,522,15528,1,0
52,523,11749,1,0
52,524,10427,1,0
52,525,10504,1,0
52,526,35526,1,0
52,527,9469,1,0
52,528,11883,1,0
52,529,9896,1,0
52,530,11582,1,0
52,531,9361,1,0
52,532,25623,1,0
52,533,11640,1,0
52,534,11681,1,0
52,535,19953,1,0
52,536,18854,1,0
52,537,165217,1,0
52,538,12221,1,0
52,539,14166,1,0
52,540,13393,1,0
52,541,11696,1,0
52,542,73840,1,0
52,543,15127,1,0
52,544,10721,1,0
52,545,10049,1,0
52,546,12108,1,0
52,547,93149,1,0
52,548,22251,1,0
52,549,47695,1,0
52,550,10979,1,0
52,551,22012,1,0
52,552,9055,1,0
52,553,10997,1,0
52,554,9747,1,0
52,555,9469,1,0
52,556,19663,1,0
52,557,84851,1,0
52,558,11322,1,0
52,559,11793,1,0
52,560,10628,1,0
52,561,10132,1,0
52,562,31477,1,0
52,563,12659,1,0
52,564,9356,1,0
52,565,9342,1,0
52,566,8976,1,0
52,567,86756,1,0
52,568,8933,1,0
52,569,9177,1,0
52,570,9450,1,0
52,571,9075,1,0
52,572,52776,1,0
52,573,11415,1,0
52,574,10938,1,0
52,575,11632,1,0
52,576,11247,1,0
52,577,80772,1,0
52,578,18270,1,0
52,579,11765,1,0
52,580,9340,1,0
52,581,11709,1,0
52,582,73538,1,0
52,583,9458,1,0
52,584,11965,1,0
52,585,11859,1,0
52,586,11599,1,0
52,587,275605,1,0
52,588,27491,1,0
52,589,11683,1,0
52,590,9418,1,0
52,591,12941,1,0
52,592,267917,1,0
52,593,91944,1,0
52,594,8795,1,0
52,595,9032,1,0
52,596,9107,1,0
52,597,99779,1,0
52,598,8769,1,0
52,599,11488,1,0
53,0,13650,1,0
53,1,24895,1,0
53,2,12742,1,0
53,3,14721,1,0
53,4,13515,1,0
53,5,35335,1,0
53,6,13794,1,0
53,7,63727,1,0
53,8,14547,1,0
53,9,11804,1,0
53,10,11813,1,0
53,11,12503,1,0
53,12,18390,1,0
53,13,11582,1,0
53,14,12015,1,0
53,15,12075,1,0
53,16,12476,1,0
53,17,11712,1,0
53,18,16686,1,0
53,19,12140,1,0
53,20,17103,1,0
53,21,13246,1,0
53,22,12577,1,0
53,23,11576,1,0
53,24,12579,1,0
53,25,10846,1,0
53,26,27455,1,0
53,27,13734,1,0
53,28,11785,1,0
53,29,12434,1,0
53,30,11239,1,0
53,31,11522,1,0
53,32,12570,1,0
53,33,11970,1,0
53,34,169539,1,0
53,35,140929,1,0
53,36,19464,1,0
53,37,18819,1,0
53,38,12039,1,0
53,39,41236,1,0
53,40,96814,1,0
53,41,12131,1,0
53,42,11086,1,0
53,43,12025,1,0
53,44,62096,1,0
53,45,239217,1,0
53,46,184684,1,0
53,47,136467,1,0
53,48,44316,1,0
53,49,10922,1,0
53,50,14976,1,0
53,51,13857,1,0
53,52,11734,1,0
53,53,12635,1,0
53,54,11927,1,0
53,55,15759,1,0
53,56,168462,1,0
53,57,228189,1,0
53,58,211702,1,0
53,59,131517,1,0
53,60,11574,1,0
53,61,27000,1,0
53,62,68277,1,0
53,63,29123,1,0
53,64,32386,1,0
53,65,512764,1,0
53,66,735481,1,0
53,67,956722,1,0
53,68,901176,1,0
53,69,824884,1,0
53,70,771903,1,0
53,71,714797,1,0
53,72,748172,1,0
53,73,651697,1,0
53,74,583803,1,0
53,75,486940,1,0
53,76,477420,1,0
53,77,982068,1,0
53,78,831825,1,0
53,79,652214,1,0
53,80,467610,1,0
53,81,268695,1,0
53,82,220618,1,0
53,83,275964,1,0
53,84,175742,1,0
53,85,11340,1,0
53,86,11270,1,0
53,87,11227,1,0
53,88,90291,1,0
53,89,11808,1,0
53,90,10724,1,0
53,91,10894,1,0
53,92,12152,1,0
53,93,320825,1,0
53,94,230494,1,0
53,95,78853,1,0
53,96,13104,1,0
53,97,11743,1,0
53,98,85678,1,0
53,99,11266,1,0
53,100,12122,1,0
53,101,11393,1,0
53,102,10765,1,0
53,103,54222,1,0
53,104,40177,1,0
53,105,14709,1,0
53,106,10151,1,0
53,107,12438,1,0
53,108,25576,1,0
53,109,55041,1,0
53,110,11697,1,0
53,111,484337,1,0
53,112,572886,1,0
53,113,582186,1,0
53,114,467342,1,0
53,115,384284,1,0
53,116,418441,1,0
53,117,463668,1,0
53,118,345053,1,0
53,119,179845,1,0
53,120,15655,1,0
53,121,10206,1,0
53,122,78840,1,0
53,123,11155,1,0
53,124,12618,1,0
53,125,14029,1,0
53,126,11580,1,0
53,127,78198,1,0
53,128,10752,1,0
53,129,10987,1,0
53,130,10503,1,0
53,131,11038,1,0
53,132,58878,1,0
53,133,12950,1,0
53,134,10493,1,0
53,135,11823,1,0
53,136,10622,1,0
53,137,25680,1,0
53,138,16072,1,0
53,139,12041,1,0
53,140,10483,1,0
53,141,11383,1,0
53,142,14771,1,0
53,143,162262,1,0
53,144,153753,1,0
53,145,11710,1,0
53,146,10833,1,0
53,147,11063,1,0
53,148,29823,1,0
53,149,67111,1,0
53,150,13239,1,0
53,151,11298,1,0
53,152,11690,1,0
53,153,10089,1,0
53,154,56212,1,0
53,155,9759,1,0
53,156,11360,1,0
53,157,10169,1,0
53,158,10510,1,0
53,159,87521,1,0
53,160,11079,1,0
53,161,11884,1,0
53,162,12424,1,0
53,163,11164,1,0
53,164,52787,1,0
53,165,11227,1,0
53,166,11614,1,0
53,167,12292,1,0
53,168,10976,1,0
53,169,44824,1,0
53,170,11494,1,0
53,171,10830,1,0
53,172,10571,1,0
53,173,11102,1,0
53,174,59641,1,0
53,175,11865,1,0
53,176,11581,1,0
53,177,11143,1,0
53,178,11512,1,0
53,179,22940,1,0
53,180,55115,1,0
53,181,11095,1,0
53,182,11809,1,0
53,183,10348,1,0
53,184,15478,1,0
53,185,36567,1,0
53,186,10281,1,0
53,187,14383,1,0
53,188,11001,1,0
53,189,10266,1,0
53,190,56636,1,0
53,191,12320,1,0
53,192,13598,1,0
53,193,11734,1,0
53,194,11137,1,0
53,195,27435,1,0
53,196,10566,1,0
53,197,10569,1,0
53,198,14195,1,0
53,199,11460,1,0
53,200,41795,1,0
53,201,10449,1,0
53,202,11293,1,0
53,203,11662,1,0
53,204,11613,1,0
53,205,65744,1,0
53,206,10902,1,0
53,207,12454,1,0
53,208,10296,1,0
53,209,10133,1,0
53,210,39313,1,0
53,211,11919,1,0
53,212,10794,1,0
53,213,12031,1,0
53,214,11106,1,0
53,215,32364,1,0
53,216,11384,1,0
53,217,11805,1,0
53,218,11405,1,0
53,219,12482,1,0
53,220,87245,1,0
53,221,10144,1,0
53,222,10816,1,0
53,223,26180,1,0
53,224,11780,1,0
53,225,190190,1,0
53,226,264791,1,0
53,227,189399,1,0
53,228,68270,1,0
53,229,11031,1,0
53,230,14698,1,0
53,231,9644,1,0
53,232,9915,1,0
53,233,14446,1,0
53,234,12051,1,0
53,235,15958,1,0
53,236,220436,1,0
53,237,102775,1,0
53,238,10545,1,0
53,239,11638,1,0
53,240,10630,1,0
53,241,24049,1,0
53,242,10072,1,0
53,243,10244,1,0
53,244,11445,1,0
53,245,12390,1,0
53,246,17647,1,0
53,247,11274,1,0
53,248,9870,1,0
53,249,11792,1,0
53,250,10751,1,0
53,251,10276,1,0
53,252,11690,1,0
53,253,11417,1,0
53,254,11215,1,0
53,255,11660,1,0
53,256,20086,1,0
53,257,19381,1,0
53,258,33199,1,0
53,259,10448,1,0
53,260,35940,1,0
53,261,59261,1,0
53,262,387174,1,0
53,263,177632,1,0
53,264,11295,1,0
53,265,11206,1,0
53,266,11249,1,0
53,267,79302,1,0
53,268,9782,1,0
53,269,8645,1,0
53,270,10819,1,0
53,271,9771,1,0
53,272,88583,1,0
53,273,9756,1,0
53,274,11881,1,0
53,275,10234,1,0
53,276,12414,1,0
53,277,96860,1,0
53,278,10601,1,0
53,279,9819,1,0
53,280,10921,1,0
53,281,11003,1,0
53,282,9482,1,0
53,283,10477,1,0
53,284,10538,1,0
53,285,11334,1,0
53,286,31113,1,0
53,287,50563,1,0
53,288,28460,1,0
53,289,12021,1,0
53,290,11385,1,0
53,291,10683,1,0
53,292,191280,1,0
53,293,12043,1,0
53,294,12640,1,0
53,295,10791,1,0
53,296,12227,1,0
53,297,79294,1,0
53,298,11109,1,0
53,299,11748,1,0
53,300,10066,1,0
53,301,11158,1,0
53,302,54915,1,0
53,303,11035,1,0
53,304,10897,1,0
53,305,11049,1,0
53,306,161268,1,0
53,307,509669,1,0
53,308,634781,1,0
53,309,580351,1,0
53,310,970828,1,0
53,311,759312,1,0
53,312,560508,1,0
53,313,547519,1,0
53,314,388275,1,0
53,315,291382,1,0
53,316,375908,1,0
53,317,277296,1,0
53,318,111845,1,0
53,319,11260,1,0
53,320,9688,1,0
53,321,10510,1,0
53,322,10883,1,0
53,323,17167,1,0
53,324,22959,1,0
53,325,94446,1,0
53,326,12469,1,0
53,327,12813,1,0
53,328,13039,1,0
53,329,113803,1,0
53,330,11635,1,0
53,331,156523,1,0
53,332,12030,1,0
53,333,10920,1,0
53,334,10628,1,0
53,335,19600,1,0
53,336,40397,1,0
53,337,12422,1,0
53,338,11817,1,0
53,339,12410,1,0
53,340,11184,1,0
53,341,13079,1,0
53,342,12794,1,0
53,343,9786,1,0
53,344,11776,1,0
53,345,15017,1,0
53,346,25720,1,0
53,347,18002,1,0
53,348,11802,1,0
53,349,17903,1,0
53,350,96767,1,0
53,351,186521,1,0
53,352,92562,1,0
53,353,10634,1,0
53,354,11501,1,0
53,355,11120,1,0
53,356,68692,1,0
53,357,10623,1,0
53,358,10177,1,0
53,359,9952,1,0
53,360,10428,1,0
53,361,30824,1,0
53,362,10077,1,0
53,363,9290,1,0
53,364,10356,1,0
53,365,12966,1,0
53,366,62505,1,0
53,367,10743,1,0
53,368,10952,1,0
53,369,11416,1,0
53,370,10874,1,0
53,371,9591,1,0
53,372,9745,1,0
53,373,10576,1,0
53,374,10752,1,0
53,375,11567,1,0
53,376,14975,1,0
53,377,135086,1,0
53,378,10342,1,0
53,379,10508,1,0
53,380,10157,1,0
53,381,9526,1,0
53,382,48792,1,0
53,383,11506,1,0
53,384,13601,1,0
53,385,11959,1,0
53,386,11253,1,0
53,387,66833,1,0
53,388,12565,1,0
53,389,9861,1,0
53,390,10222,1,0
53,391,11715,1,0
53,392,57640,1,0
53,393,39651,1,0
53,394,10750,1,0
53,395,9732,1,0
53,396,11742,1,0
53,397,11451,1,0
53,398,11090,1,0
53,399,11040,1,0
53,400,11414,1,0
53,401,56151,1,0
53,402,11436,1,0
53,403,23971,1,0
53,404,10925,1,0
53,405,11764,1,0
53,406,12013,1,0
53,407,9723,1,0
53,408,28475,1,0
53,409,12600,1,0
53,410,11748,1,0
53,411,11078,1,0
53,412,10904,1,0
53,413,10830,1,0
53,414,11627,1,0
53,415,11585,1,0
53,416,11639,1,0
53,417,10166,1,0
53,418,10564,1,0
53,419,9871,1,0
53,420,12104,1,0
53,421,10480,1,0
53,422,10911,1,0
53,423,10302,1,0
53,424,12028,1,0
53,425,11285,1,0
53,426,11016,1,0
53,427,13126,1,0
53,428,48509,1,0
53,429,12793,1,0
53,430,11142,1,0
53,431,10992,1,0
53,432,10325,1,0
53,433,53752,1,0
53,434,367628,1,0
53,435,203596,1,0
53,436,10680,1,0
53,437,10202,1,0
53,438,10293,1,0
53,439,107193,1,0
53,440,9768,1,0
53,441,11606,1,0
53,442,12787,1,0
53,443,12430,1,0
53,444,24182,1,0
53,445,10371,1,0
53,446,10421,1,0
53,447,11108,1,0
53,448,10402,1,0
53,449,66808,1,0
53,450,10981,1,0
53,451,13140,1,0
53,452,11199,1,0
53,453,11617,1,0
53,454,11189,1,0
53,455,10968,1,0
53,456,12005,1,0
53,457,10113,1,0
53,458,11594,1,0
53,459,151377,1,0
53,460,10985,1,0
53,461,10812,1,0
53,462,11844,1,0
53,463,10115,1,0
53,464,44103,1,0
53,465,10594,1,0
53,466,11935,1,0
53,467,10542,1,0
53,468,10508,1,0
53,469,11643,1,0
53,470,179494,1,0
53,471,203826,1,0
53,472,10658,1,0
53,473,11450,1,0
53,474,9964,1,0
53,475,11280,1,0
53,476,45481,1,0
53,477,11145,1,0
53,478,9851,1,0
53,479,11987,1,0
53,480,10106,1,0
53,481,11063,1,0
53,482,11499,1,0
53,483,12180,1,0
53,484,11118,1,0
53,485,10858,1,0
53,486,22115,1,0
53,487,10192,1,0
53,488,28747,1,0
53,489,29154,1,0
53,490,12593,1,0
53,491,44926,1,0
53,492,12072,1,0
53,493,11155,1,0
53,494,10818,1,0
53,495,11039,1,0
53,496,10903,1,0
53,497,11922,1,0
53,498,12776,1,0
53,499,11391,1,0
53,500,12674,1,0
53,501,158385,1,0
53,502,12266,1,0
53,503,11475,1,0
53,504,10106,1,0
53,505,12752,1,0
53,506,11831,1,0
53,507,19306,1,0
53,508,10082,1,0
53,509,9565,1,0
53,510,11354,1,0
53,511,87147,1,0
53,512,11882,1,0
53,513,12487,1,0
53,514,14424,1,0
53,515,24095,1,0
53,516,31653,1,0
53,517,68137,1,0
53,518,10653,1,0
53,519,12422,1,0
53,520,14283,1,0
53,521,38158,1,0
53,522,12219,1,0
53,523,10378,1,0
53,524,10798,1,0
53,525,11155,1,0
53,526,31094,1,0
53,527,10369,1,0
53,528,9909,1,0
53,529,12065,1,0
53,530,9772,1,0
53,531,14074,1,0
53,532,28462,1,0
53,533,10533,1,0
53,534,10926,1,0
53,535,22907,1,0
53,536,22555,1,0
53,537,162780,1,0
53,538,11495,1,0
53,539,11417,1,0
53,540,10873,1,0
53,541,10312,1,0
53,542,70572,1,0
53,543,11840,1,0
53,544,12252,1,0
53,545,11191,1,0
53,546,11921,1,0
53,547,90787,1,0
53,548,22152,1,0
53,549,46910,1,0
53,550,13577,1,0
53,551,20198,1,0
53,552,10095,1,0
53,553,10743,1,0
53,554,11053,1,0
53,555,10629,1,0
53,556,16093,1,0
53,557,81678,1,0
53,558,11677,1,0
53,559,11266,1,0
53,560,12999,1,0
53,561,9435,1,0
53,562,28992,1,0
53,563,9904,1,0
53,564,10529,1,0
53,565,9783,1,0
53,566,11482,1,0
53,567,82961,1,0
53,568,10149,1,0
53,569,10629,1,0
53,570,11017,1,0
53,571,10317,1,0
53,572,50218,1,0
53,573,10448,1,0
53,574,9644,1,0
53,575,12000,1,0
53,576,12795,1,0
53,577,90670,1,0
53,578,15297,1,0
53,579,9304,1,0
53,580,10974,1,0
53,581,10158,1,0
53,582,70331,1,0
53,583,9478,1,0
53,584,11163,1,0
53,585,10393,1,0
53,586,11328,1,0
53,587,271164,1,0
53,588,24138,1,0
53,589,11090,1,0
53,590,10171,1,0
53,591,11943,1,0
53,592,277357,1,0
53,593,89003,1,0
53,594,11209,1,0
53,595,10005,1,0
53,596,11342,1,0
53,597,96644,1,0
53,598,11697,1,0
53,599,10120,1,0
54,0,105289,1,0
54,1,24509,1,0
54,2,12184,1,0
54,3,13896,1,0
54,4,14336,1,0
54,5,33056,1,0
54,6,13737,1,0
54,7,61729,1,0
54,8,13784,1,0
54,9,12793,1,0
54,10,12525,1,0
54,11,12543,1,0
54,12,15632,1,0
54,13,14135,1,0
54,14,12288,1,0
54,15,12994,1,0
54,16,12889,1,0
54,17,13960,1,0
54,18,13971,1,0
54,19,11055,1,0
54,20,15965,1,0
54,21,12793,1,0
54,22,10243,1,0
54,23,12873,1,0
54,24,10438,1,0
54,25,12070,1,0
54,26,25177,1,0
54,27,13751,1,0
54,28,12760,1,0
54,29,10681,1,0
54,30,12165,1,0
54,31,14647,1,0
54,32,12833,1,0
54,33,12550,1,0
54,34,167013,1,0
54,35,137974,1,0
54,36,16565,1,0
54,37,15531,1,0
54,38,10335,1,0
54,39,85593,1,0
54,40,95807,1,0
54,41,12533,1,0
54,42,12773,1,0
54,43,12354,1,0
54,44,58869,1,0
54,45,237555,1,0
54,46,182263,1,0
54,47,133411,1,0
54,48,42241,1,0
54,49,12343,1,0
54,50,12434,1,0
54,51,12216,1,0
54,52,11154,1,0
54,53,12600,1,0
54,54,10297,1,0
54,55,13832,1,0
54,56,182599,1,0
54,57,494384,1,0
54,58,208481,1,0
54,59,128372,1,0
54,60,14075,1,0
54,61,25079,1,0
54,62,70495,1,0
54,63,25960,1,0
54,64,31223,1,0
54,65,518373,1,0
54,66,733868,1,0
54,67,957054,1,0
54,68,897493,1,0
54,69,824990,1,0
54,70,770165,1,0
54,71,712692,1,0
54,72,746207,1,0
54,73,649463,1,0
54,74,582732,1,0
54,75,483130,1,0
54,76,477983,1,0
54,77,977790,1,0
54,78,828976,1,0
54,79,649169,1,0
54,80,463099,1,0
54,81,264620,1,0
54,82,217197,1,0
54,83,272080,1,0
54,84,172212,1,0
54,85,9842,1,0
54,86,12028,1,0
54,87,11454,1,0
54,88,87163,1,0
54,89,9993,1,0
54,90,13384,1,0
54,91,12452,1,0
54,92,12624,1,0
54,93,319610,1,0
54,94,227722,1,0
54,95,74363,1,0
54,96,12972,1,0
54,97,13649,1,0
54,98,83567,1,0
54,99,13356,1,0
54,100,12829,1,0
54,101,11939,1,0
54,102,12859,1,0
54,103,50572,1,0
54,104,36845,1,0
54,105,12947,1,0
54,106,11267,1,0
54,107,9973,1,0
54,108,21238,1,0
54,109,52167,1,0
54,110,18097,1,0
54,111,481321,1,0
54,112,570285,1,0
54,113,589216,1,0
54,114,466337,1,0
54,115,382823,1,0
54,116,417018,1,0
54,117,462242,1,0
54,118,340690,1,0
54,119,174909,1,0
54,120,13063,1,0
54,121,10442,1,0
54,122,76013,1,0
54,123,12607,1,0
54,124,14152,1,0
54,125,10388,1,0
54,126,10477,1,0
54,127,78448,1,0
54,128,11837,1,0
54,129,9764,1,0
54,130,11314,1,0
54,131,10525,1,0
54,132,69559,1,0
54,133,10777,1,0
54,134,10033,1,0
54,135,10663,1,0
54,136,10367,1,0
54,137,22335,1,0
54,138,13301,1,0
54,139,9263,1,0
54,140,9965,1,0
54,141,10405,1,0
54,142,13209,1,0
54,143,172861,1,0
54,144,150590,1,0
54,145,11423,1,0
54,146,11310,1,0
54,147,12632,1,0
54,148,29905,1,0
54,149,64537,1,0
54,150,13317,1,0
54,151,11811,1,0
54,152,10302,1,0
54,153,10194,1,0
54,154,53426,1,0
54,155,10924,1,0
54,156,12061,1,0
54,157,10509,1,0
54,158,11856,1,0
54,159,83541,1,0
54,160,9470,1,0
54,161,13197,1,0
54,162,10508,1,0
54,163,10408,1,0
54,164,61359,1,0
54,165,9815,1,0
54,166,10603,1,0
54,167,11897,1,0
54,168,11205,1,0
54,169,41091,1,0
54,170,10747,1,0
54,171,10904,1,0
54,172,9688,1,0
54,173,10068,1,0
54,174,55707,1,0
54,175,13540,1,0
54,176,9963,1,0
54,177,11736,1,0
54,178,12550,1,0
54,179,20292,1,0
54,180,68338,1,0
54,181,9787,1,0
54,182,10140,1,0
54,183,12075,1,0
54,184,11704,1,0
54,185,32352,1,0
54,186,11706,1,0
54,187,10515,1,0
54,188,10142,1,0
54,189,10802,1,0
54,190,53000,1,0
54,191,12212,1,0
54,192,11763,1,0
54,193,9532,1,0
54,194,10781,1,0
54,195,22550,1,0
54,196,9269,1,0
54,197,10131,1,0
54,198,14391,1,0
54,199,10760,1,0
54,200,39116,1,0
54,201,11799,1,0
54,202,9736,1,0
54,203,11975,1,0
54,204,9948,1,0
54,205,61768,1,0
54,206,10285,1,0
54,207,13634,1,0
54,208,11036,1,0
54,209,10648,1,0
54,210,55839,1,0
54,211,10222,1,0
54,212,14332,1,0
54,213,12336,1,0
54,214,10022,1,0
54,215,29591,1,0
54,216,10283,1,0
54,217,11736,1,0
54,218,10468,1,0
54,219,9700,1,0
54,220,83697,1,0
54,221,10105,1,0
54,222,9869,1,0
54,223,27499,1,0
54,224,10049,1,0
54,225,200791,1,0
54,226,262934,1,0
54,227,187291,1,0
54,228,66104,1,0
54,229,10343,1,0
54,230,11619,1,0
54,231,10173,1,0
54,232,10722,1,0
54,233,9835,1,0
54,234,12126,1,0
54,235,15633,1,0
54,236,216937,1,0
54,237,97929,1,0
54,238,10385,1,0
54,239,10940,1,0
54,240,9099,1,0
54,241,32934,1,0
54,242,9999,1,0
54,243,12590,1,0
54,244,10425,1,0
54,245,13795,1,0
54,246,25620,1,0
54,247,11840,1,0
54,248,12239,1,0
54,249,9647,1,0
54,250,10505,1,0
54,251,12752,1,0
54,252,9499,1,0
54,253,9970,1,0
54,254,10512,1,0
54,255,13253,1,0
54,256,30288,1,0
54,257,15728,1,0
54,258,31803,1,0
54,259,11717,1,0
54,260,32295,1,0
54,261,57074,1,0
54,262,382725,1,0
54,263,173765,1,0
54,264,11369,1,0
54,265,9409,1,0
54,266,9911,1,0
54,267,75721,1,0
54,268,9681,1,0
54,269,10231,1,0
54,270,9359,1,0
54,271,12364,1,0
54,272,84351,1,0
54,273,11906,1,0
54,274,12782,1,0
54,275,11596,1,0
54,276,12196,1,0
54,277,93678,1,0
54,278,10264,1,0
54,279,9848,1,0
54,280,10328,1,0
54,281,10128,1,0
54,282,9188,1,0
54,283,10376,1,0
54,284,9507,1,0
54,285,11646,1,0
54,286,28536,1,0
54,287,46217,1,0
54,288,27759,1,0
54,289,12721,1,0
54,290,12066,1,0
54,291,12954,1,0
54,292,187985,1,0
54,293,10268,1,0
54,294,9355,1,0
54,295,11335,1,0
54,296,12340,1,0
54,297,75794,1,0
54,298,9917,1,0
54,299,13637,1,0
54,300,11663,1,0
54,301,11781,1,0
54,302,82784,1,0
54,303,12233,1,0
54,304,13093,1,0
54,305,13628,1,0
54,306,163865,1,0
54,307,534371,1,0
54,308,632673,1,0
54,309,577654,1,0
54,310,965519,1,0
54,311,756042,1,0
54,312,558062,1,0
54,313,545697,1,0
54,314,391856,1,0
54,315,290080,1,0
54,316,374539,1,0
54,317,273325,1,0
54,318,109182,1,0
54,319,11962,1,0
54,320,9979,1,0
54,321,9891,1,0
54,322,11252,1,0
54,323,13801,1,0
54,324,18895,1,0
54,325,90307,1,0
54,326,13288,1,0
54,327,13671,1,0
54,328,12473,1,0
54,329,111002,1,0
54,330,10756,1,0
54,331,154529,1,0
54,332,10237,1,0
54,333,12760,1,0
54,334,11105,1,0
54,335,16815,1,0
54,336,37011,1,0
54,337,12155,1,0
54,338,11918,1,0
54,339,11326,1,0
54,340,18477,1,0
54,341,10360,1,0
54,342,12076,1,0
54,343,9879,1,0
54,344,11605,1,0
54,345,12034,1,0
54,346,22871,1,0
54,347,16508,1,0
54,348,12732,1,0
54,349,16405,1,0
54,350,94741,1,0
54,351,185100,1,0
54,352,88799,1,0
54,353,10495,1,0
54,354,9867,1,0
54,355,10211,1,0
54,356,65962,1,0
54,357,10425,1,0
54,358,10012,1,0
54,359,11511,1,0
54,360,9430,1,0
54,361,27727,1,0
54,362,11061,1,0
54,363,11803,1,0
54,364,13431,1,0
54,365,11957,1,0
54,366,75591,1,0
54,367,8784,1,0
54,368,10041,1,0
54,369,9454,1,0
54,370,10676,1,0
54,371,10246,1,0
54,372,13763,1,0
54,373,10518,1,0
54,374,13400,1,0
54,375,10585,1,0
54,376,13640,1,0
54,377,132572,1,0
54,378,10291,1,0
54,379,12945,1,0
54,380,10448,1,0
54,381,12387,1,0
54,382,57916,1,0
54,383,9977,1,0
54,384,12593,1,0
54,385,12397,1,0
54,386,15863,1,0
54,387,62942,1,0
54,388,10307,1,0
54,389,11752,1,0
54,390,10021,1,0
54,391,10701,1,0
54,392,68069,1,0
54,393,36328,1,0
54,394,9476,1,0
54,395,10606,1,0
54,396,14082,1,0
54,397,10238,1,0
54,398,9580,1,0
54,399,10029,1,0
54,400,9741,1,0
54,401,54385,1,0
54,402,10121,1,0
54,403,18259,1,0
54,404,11761,1,0
54,405,11484,1,0
54,406,11458,1,0
54,407,10374,1,0
54,408,24954,1,0
54,409,12193,1,0
54,410,10776,1,0
54,411,13366,1,0
54,412,10799,1,0
54,413,10223,1,0
54,414,9702,1,0
54,415,13304,1,0
54,416,13021,1,0
54,417,13329,1,0
54,418,12151,1,0
54,419,11144,1,0
54,420,10488,1,0
54,421,11256,1,0
54,422,11625,1,0
54,423,11707,1,0
54,424,11646,1,0
54,425,11781,1,0
54,426,13038,1,0
54,427,10707,1,0
54,428,44755,1,0
54,429,10586,1,0
54,430,12266,1,0
54,431,12825,1,0
54,432,13305,1,0
54,433,50804,1,0
54,434,365470,1,0
54,435,198626,1,0
54,436,11749,1,0
54,437,10354,1,0
54,438,12916,1,0
54,439,101943,1,0
54,440,9234,1,0
54,441,11125,1,0
54,442,11765,1,0
54,443,10193,1,0
54,444,20344,1,0
54,445,10551,1,0
54,446,10297,1,0
54,447,11952,1,0
54,448,11981,1,0
54,449,62178,1,0
54,450,10653,1,0
54,451,11514,1,0
54,452,19741,1,0
54,453,10442,1,0
54,454,13588,1,0
54,455,14411,1,0
54,456,13303,1,0
54,457,16649,1,0
54,458,13817,1,0
54,459,147220,1,0
54,460,8864,1,0
54,461,13024,1,0
54,462,9724,1,0
54,463,9782,1,0
54,464,53919,1,0
54,465,13627,1,0
54,466,12944,1,0
54,467,9966,1,0
54,468,10090,1,0
54,469,10455,1,0
54,470,176366,1,0
54,471,200005,1,0
54,472,10451,1,0
54,473,9290,1,0
54,474,9885,1,0
54,475,10067,1,0
54,476,41687,1,0
54,477,9944,1,0
54,478,10225,1,0
54,479,12221,1,0
54,480,12627,1,0
54,481,11794,1,0
54,482,9010,1,0
54,483,10580,1,0
54,484,11040,1,0
54,485,9428,1,0
54,486,19273,1,0
54,487,10193,1,0
54,488,28281,1,0
54,489,27486,1,0
54,490,10233,1,0
54,491,40413,1,0
54,492,10909,1,0
54,493,10466,1,0
54,494,11967,1,0
54,495,9594,1,0
54,496,10228,1,0
54,497,12792,1,0
54,498,12172,1,0
54,499,12490,1,0
54,500,11557,1,0
54,501,154655,1,0
54,502,9686,1,0
54,503,11336,1,0
54,504,9763,1,0
54,505,9609,1,0
54,506,10301,1,0
54,507,14125,1,0
54,508,11774,1,0
54,509,11791,1,0
54,510,9381,1,0
54,511,82163,1,0
54,512,13009,1,0
54,513,10399,1,0
54,514,12472,1,0
54,515,21789,1,0
54,516,28464,1,0
54,517,65733,1,0
54,518,11048,1,0
54,519,11016,1,0
54,520,10117,1,0
54,521,35408,1,0
54,522,9949,1,0
54,523,11750,1,0
54,524,9420,1,0
54,525,9081,1,0
54,526,25775,1,0
54,527,13441,1,0
54,528,9814,1,0
54,529,11890,1,0
54,530,10627,1,0
54,531,10579,1,0
54,532,27277,1,0
54,533,12468,1,0
54,534,12425,1,0
54,535,19694,1,0
54,536,19570,1,0
54,537,161101,1,0
54,538,13264,1,0
54,539,13516,1,0
54,540,10884,1,0
54,541,10392,1,0
54,542,66953,1,0
54,543,9866,1,0
54,544,11135,1,0
54,545,9709,1,0
54,546,13441,1,0
54,547,87234,1,0
54,548,21305,1,0
54,549,44636,1,0
54,550,10630,1,0
54,551,30978,1,0
54,552,9820,1,0
54,553,10830,1,0
54,554,10423,1,0
54,555,9062,1,0
54,556,28735,1,0
54,557,78291,1,0
54,558,11963,1,0
54,559,9963,1,0
54,560,9625,1,0
54,561,9287,1,0
54,562,24369,1,0
54,563,11611,1,0
54,564,11931,1,0
54,565,9902,1,0
54,566,9955,1,0
54,567,77920,1,0
54,568,9508,1,0
54,569,14718,1,0
54,570,11617,1,0
54,571,10356,1,0
54,572,46004,1,0
54,573,10399,1,0
54,574,11147,1,0
54,575,10130,1,0
54,576,10755,1,0
54,577,85017,1,0
54,578,10362,1,0
54,579,10542,1,0
54,580,9167,1,0
54,581,9732,1,0
54,582,65050,1,0
54,583,9772,1,0
54,584,12094,1,0
54,585,13022,1,0
54,586,10051,1,0
54,587,267762,1,0
54,588,21226,1,0
54,589,12828,1,0
54,590,9457,1,0
54,591,13681,1,0
54,592,274484,1,0
54,593,85962,1,0
54,594,11658,1,0
54,595,10749,1,0
54,596,10259,1,0
54,597,93100,1,0
54,598,9777,1,0
54,599,10593,1,0
55,0,110376,1,0
55,1,27276,1,0
55,2,25401,1,0
55,3,13353,1,0
55,4,15002,1,0
55,5,32060,1,0
55,6,12450,1,0
55,7,60065,1,0
55,8,12596,1,0
55,9,10488,1,0
55,10,9797,1,0
55,11,10022,1,0
55,12,13881,1,0
55,13,14527,1,0
55,14,11353,1,0
55,15,10903,1,0
55,16,11955,1,0
55,17,11556,1,0
55,18,12232,1,0
55,19,13075,1,0
55,20,13855,1,0
55,21,11014,1,0
55,22,14692,1,0
55,23,12756,1,0
55,24,11408,1,0
55,25,12034,1,0
55,26,25563,1,0
55,27,13486,1,0
55,28,13347,1,0
55,29,12717,1,0
55,30,14771,1,0
55,31,12894,1,0
55,32,14249,1,0
55,33,14639,1,0
55,34,166606,1,0
55,35,136544,1,0
55,36,15251,1,0
55,37,14075,1,0
55,38,12813,1,0
55,39,40832,1,0
55,40,95653,1,0
55,41,11793,1,0
55,42,11131,1,0
55,43,12001,1,0
55,44,71965,1,0
55,45,237131,1,0
55,46,179373,1,0
55,47,133966,1,0
55,48,42460,1,0
55,49,12192,1,0
55,50,11274,1,0
55,51,14632,1,0
55,52,12916,1,0
55,53,12463,1,0
55,54,12073,1,0
55,55,11655,1,0
55,56,180397,1,0
55,57,264044,1,0
55,58,209306,1,0
55,59,125963,1,0
55,60,13535,1,0
55,61,24686,1,0
55,62,71188,1,0
55,63,26205,1,0
55,64,31817,1,0
55,65,520490,1,0
55,66,734220,1,0
55,67,960307,1,0
55,68,895437,1,0
55,69,824483,1,0
55,70,769037,1,0
55,71,709211,1,0
55,72,744902,1,0
55,73,647964,1,0
55,74,581420,1,0
55,75,483593,1,0
55,76,482276,1,0
55,77,975648,1,0
55,78,827331,1,0
55,79,647625,1,0
55,80,460589,1,0
55,81,261809,1,0
55,82,223125,1,0
55,83,268796,1,0
55,84,11077,1,0
55,85,12848,1,0
55,86,13022,1,0
55,87,12153,1,0
55,88,86816,1,0
55,89,10717,1,0
55,90,13748,1,0
55,91,11096,1,0
55,92,13040,1,0
55,93,320121,1,0
55,94,224967,1,0
55,95,71573,1,0
55,96,12196,1,0
55,97,12670,1,0
55,98,82364,1,0
55,99,11486,1,0
55,100,9535,1,0
55,101,12294,1,0
55,102,13494,1,0
55,103,63456,1,0
55,104,35102,1,0
55,105,12133,1,0
55,106,11787,1,0
55,107,12280,1,0
55,108,18488,1,0
55,109,49519,1,0
55,110,16628,1,0
55,111,478950,1,0
55,112,569822,1,0
55,113,587685,1,0
55,114,464466,1,0
55,115,382292,1,0
55,116,435590,1,0
55,117,461470,1,0
55,118,337775,1,0
55,119,172608,1,0
55,120,11344,1,0
55,121,11327,1,0
55,122,73996,1,0
55,123,10327,1,0
55,124,12457,1,0
55,125,12266,1,0
55,126,11365,1,0
55,127,77754,1,0
55,128,11938,1,0
55,129,10850,1,0
55,130,10867,1,0
55,131,11658,1,0
55,132,66867,1,0
55,133,11568,1,0
55,134,10667,1,0
55,135,12075,1,0
55,136,10282,1,0
55,137,21599,1,0
55,138,10961,1,0
55,139,11200,1,0
55,140,10428,1,0
55,141,11722,1,0
55,142,13557,1,0
55,143,171953,1,0
55,144,148269,1,0
55,145,10600,1,0
55,146,11130,1,0
55,147,12382,1,0
55,148,29623,1,0
55,149,63114,1,0
55,150,13401,1,0
55,151,11859,1,0
55,152,11618,1,0
55,153,9293,1,0
55,154,51927,1,0
55,155,9305,1,0
55,156,11549,1,0
55,157,10526,1,0
55,158,10974,1,0
55,159,81977,1,0
55,160,11980,1,0
55,161,14659,1,0
55,162,11742,1,0
55,163,10834,1,0
55,164,58896,1,0
55,165,10989,1,0
55,166,12439,1,0
55,167,12184,1,0
55,168,12589,1,0
55,169,38384,1,0
55,170,10850,1,0
55,171,10615,1,0
55,172,8609,1,0
55,173,9273,1,0
55,174,68427,1,0
55,175,11642,1,0
55,176,10920,1,0
55,177,12042,1,0
55,178,13012,1,0
55,179,17119,1,0
55,180,64809,1,0
55,181,9007,1,0
55,182,8900,1,0
55,183,9374,1,0
55,184,11551,1,0
55,185,44131,1,0
55,186,11035,1,0
55,187,11778,1,0
55,188,10529,1,0
55,189,12643,1,0
55,190,63501,1,0
55,191,10387,1,0
55,192,10937,1,0
55,193,10853,1,0
55,194,12231,1,0
55,195,34003,1,0
55,196,11634,1,0
55,197,11263,1,0
55,198,13007,1,0
55,199,11325,1,0
55,200,36702,1,0
55,201,11579,1,0
55,202,10791,1,0
55,203,10727,1,0
55,204,9495,1,0
55,205,59725,1,0
55,206,11302,1,0
55,207,12721,1,0
55,208,14384,1,0
55,209,10851,1,0
55,210,52256,1,0
55,211,10982,1,0
55,212,12904,1,0
55,213,9512,1,0
55,214,11168,1,0
55,215,27029,1,0
55,216,11825,1,0
55,217,12168,1,0
55,218,9936,1,0
55,219,12258,1,0
55,220,82646,1,0
55,221,9454,1,0
55,222,11984,1,0
55,223,27128,1,0
55,224,12434,1,0
55,225,198689,1,0
55,226,265074,1,0
55,227,186432,1,0
55,228,64528,1,0
55,229,12974,1,0
55,230,12740,1,0
55,231,9710,1,0
55,232,10362,1,0
55,233,10833,1,0
55,234,8978,1,0
55,235,11840,1,0
55,236,213693,1,0
55,237,95323,1,0
55,238,11537,1,0
55,239,11470,1,0
55,240,12475,1,0
55,241,30794,1,0
55,242,11262,1,0
55,243,9006,1,0
55,244,11605,1,0
55,245,12962,1,0
55,246,25896,1,0
55,247,12600,1,0
55,248,11085,1,0
55,249,9578,1,0
55,250,10044,1,0
55,251,9540,1,0
55,252,11303,1,0
55,253,11410,1,0
55,254,10990,1,0
55,255,11202,1,0
55,256,27087,1,0
55,257,12989,1,0
55,258,29089,1,0
55,259,12239,1,0
55,260,29258,1,0
55,261,71801,1,0
55,262,380753,1,0
55,263,172281,1,0
55,264,11913,1,0
55,265,9317,1,0
55,266,10792,1,0
55,267,86877,1,0
55,268,11060,1,0
55,269,11417,1,0
55,270,11908,1,0
55,271,9457,1,0
55,272,80620,1,0
55,273,12680,1,0
55,274,10977,1,0
55,275,11305,1,0
55,276,14393,1,0
55,277,89388,1,0
55,278,12050,1,0
55,279,9687,1,0
55,280,9333,1,0
55,281,10871,1,0
55,282,10787,1,0
55,283,10493,1,0
55,284,11390,1,0
55,285,11297,1,0
55,286,29231,1,0
55,287,45804,1,0
55,288,33692,1,0
55,289,10896,1,0
55,290,12484,1,0
55,291,12549,1,0
55,292,184782,1,0
55,293,11361,1,0
55,294,11422,1,0
55,295,10949,1,0
55,296,13590,1,0
55,297,73657,1,0
55,298,12064,1,0
55,299,12142,1,0
55,300,11761,1,0
55,301,11145,1,0
55,302,50727,1,0
55,303,11288,1,0
55,304,9926,1,0
55,305,12768,1,0
55,306,167374,1,0
55,307,537865,1,0
55,308,632316,1,0
55,309,573632,1,0
55,310,961679,1,0
55,311,753057,1,0
55,312,556909,1,0
55,313,543852,1,0
55,314,393347,1,0
55,315,287889,1,0
55,316,373023,1,0
55,317,271600,1,0
55,318,107392,1,0
55,319,11480,1,0
55,320,10677,1,0
55,321,11325,1,0
55,322,10655,1,0
55,323,12202,1,0
55,324,31733,1,0
55,325,87006,1,0
55,326,11797,1,0
55,327,14171,1,0
55,328,10059,1,0
55,329,108697,1,0
55,330,13483,1,0
55,331,152574,1,0
55,332,11881,1,0
55,333,9715,1,0
55,334,11507,1,0
55,335,21111,1,0
55,336,33636,1,0
55,337,13959,1,0
55,338,11846,1,0
55,339,12740,1,0
55,340,17001,1,0
55,341,10974,1,0
55,342,11633,1,0
55,343,11129,1,0
55,344,9252,1,0
55,345,12413,1,0
55,346,25620,1,0
55,347,13800,1,0
55,348,8790,1,0
55,349,20754,1,0
55,350,93589,1,0
55,351,183989,1,0
55,352,85722,1,0
55,353,11401,1,0
55,354,11104,1,0
55,355,12191,1,0
55,356,77140,1,0
55,357,11513,1,0
55,358,11846,1,0
55,359,11876,1,0
55,360,10291,1,0
55,361,25456,1,0
55,362,10286,1,0
55,363,10901,1,0
55,364,10563,1,0
55,365,10531,1,0
55,366,73365,1,0
55,367,9174,1,0
55,368,13017,1,0
55,369,16928,1,0
55,370,8976,1,0
55,371,13283,1,0
55,372,11167,1,0
55,373,11517,1,0
55,374,8905,1,0
55,375,11786,1,0
55,376,13024,1,0
55,377,140704,1,0
55,378,10288,1,0
55,379,11421,1,0
55,380,8927,1,0
55,381,8617,1,0
55,382,57769,1,0
55,383,10888,1,0
55,384,11409,1,0
55,385,11216,1,0
55,386,15772,1,0
55,387,75227,1,0
55,388,14796,1,0
55,389,10076,1,0
55,390,9447,1,0
55,391,11178,1,0
55,392,69149,1,0
55,393,33391,1,0
55,394,11284,1,0
55,395,7574,1,0
55,396,12746,1,0
55,397,10935,1,0
55,398,9460,1,0
55,399,8743,1,0
55,400,11214,1,0
55,401,54285,1,0
55,402,11339,1,0
55,403,16814,1,0
55,404,11963,1,0
55,405,10753,1,0
55,406,11380,1,0
55,407,11515,1,0
55,408,21720,1,0
55,409,13151,1,0
55,410,13064,1,0
55,411,8836,1,0
55,412,11727,1,0
55,413,12047,1,0
55,414,12260,1,0
55,415,11659,1,0
55,416,11466,1,0
55,417,9812,1,0
55,418,14212,1,0
55,419,10626,1,0
55,420,11656,1,0
55,421,11532,1,0
55,422,11568,1,0
55,423,12335,1,0
55,424,13797,1,0
55,425,11217,1,0
55,426,11798,1,0
55,427,11852,1,0
55,428,40650,1,0
55,429,10866,1,0
55,430,11538,1,0
55,431,12589,1,0
55,432,12309,1,0
55,433,47529,1,0
55,434,364202,1,0
55,435,196299,1,0
55,436,12656,1,0
55,437,13056,1,0
55,438,9089,1,0
55,439,100317,1,0
55,440,10676,1,0
55,441,11905,1,0
55,442,11486,1,0
55,443,10500,1,0
55,444,16662,1,0
55,445,9473,1,0
55,446,11420,1,0
55,447,10945,1,0
55,448,11214,1,0
55,449,58342,1,0
55,450,12239,1,0
55,451,9672,1,0
55,452,22334,1,0
55,453,10428,1,0
55,454,10425,1,0
55,455,12177,1,0
55,456,11729,1,0
55,457,13544,1,0
55,458,12465,1,0
55,459,143871,1,0
55,460,10698,1,0
55,461,11087,1,0
55,462,10740,1,0
55,463,9825,1,0
55,464,52064,1,0
55,465,12793,1,0
55,466,12505,1,0
55,467,12177,1,0
55,468,11089,1,0
55,469,11528,1,0
55,470,172740,1,0
55,471,196487,1,0
55,472,11291,1,0
55,473,9569,1,0
55,474,11454,1,0
55,475,11537,1,0
55,476,40607,1,0
55,477,10557,1,0
55,478,10418,1,0
55,479,11736,1,0
55,480,10928,1,0
55,481,13792,1,0
55,482,9146,1,0
55,483,9432,1,0
55,484,11269,1,0
55,485,11883,1,0
55,486,17880,1,0
55,487,11352,1,0
55,488,25512,1,0
55,489,25109,1,0
55,490,11551,1,0
55,491,37448,1,0
55,492,11712,1,0
55,493,12479,1,0
55,494,11212,1,0
55,495,11468,1,0
55,496,11532,1,0
55,497,12663,1,0
55,498,13882,1,0
55,499,8951,1,0
55,500,11443,1,0
55,501,151244,1,0
55,502,9601,1,0
55,503,11101,1,0
55,504,11167,1,0
55,505,12062,1,0
55,506,11364,1,0
55,507,13799,1,0
55,508,11098,1,0
55,509,10810,1,0
55,510,11163,1,0
55,511,78708,1,0
55,512,9762,1,0
55,513,12028,1,0
55,514,12580,1,0
55,515,21006,1,0
55,516,25358,1,0
55,517,63141,1,0
55,518,11145,1,0
55,519,12373,1,0
55,520,12661,1,0
55,521,47005,1,0
55,522,10552,1,0
55,523,13318,1,0
55,524,11297,1,0
55,525,11146,1,0
55,526,23698,1,0
55,527,12416,1,0
55,528,11702,1,0
55,529,12578,1,0
55,530,11766,1,0
55,531,9391,1,0
55,532,25293,1,0
55,533,10463,1,0
55,534,9517,1,0
55,535,16714,1,0
55,536,29747,1,0
55,537,159825,1,0
55,538,12451,1,0
55,539,11583,1,0
55,540,12468,1,0
55,541,10759,1,0
55,542,66659,1,0
55,543,11643,1,0
55,544,13641,1,0
55,545,12817,1,0
55,546,12756,1,0
55,547,84315,1,0
55,548,21746,1,0
55,549,41629,1,0
55,550,11484,1,0
55,551,27647,1,0
55,552,11788,1,0
55,553,10905,1,0
55,554,11970,1,0
55,555,11192,1,0
55,556,25352,1,0
55,557,74710,1,0
55,558,11172,1,0
55,559,11286,1,0
55,560,9667,1,0
55,561,9158,1,0
55,562,20873,1,0
55,563,11335,1,0
55,564,9773,1,0
55,565,11622,1,0
55,566,10698,1,0
55,567,75963,1,0
55,568,11543,1,0
55,569,13293,1,0
55,570,11480,1,0
55,571,9228,1,0
55,572,41738,1,0
55,573,11639,1,0
55,574,9294,1,0
55,575,11277,1,0
55,576,12051,1,0
55,577,80414,1,0
55,578,13611,1,0
55,579,10556,1,0
55,580,11526,1,0
55,581,11732,1,0
55,582,62661,1,0
55,583,11485,1,0
55,584,11674,1,0
55,585,11236,1,0
55,586,11899,1,0
55,587,264288,1,0
55,588,17021,1,0
55,589,12472,1,0
55,590,11826,1,0
55,591,15399,1,0
55,592,272645,1,0
55,593,83893,1,0
55,594,9401,1,0
55,595,8984,1,0
55,596,10596,1,0
55,597,88627,1,0
55,598,10207,1,0
55,599,10907,1,0
56,0,212600,1,0
56,1,27162,1,0
56,2,23579,1,0
56,3,11835,1,0
56,4,14902,1,0
56,5,29969,1,0
56,6,10674,1,0
56,7,58109,1,0
56,8,11603,1,0
56,9,12635,1,0
56,10,12880,1,0
56,11,10604,1,0
56,12,11770,1,0
56,13,12048,1,0
56,14,11690,1,0
56,15,11418,1,0
56,16,12035,1,0
56,17,10757,1,0
56,18,10939,1,0
56,19,12633,1,0
56,20,13590,1,0
56,21,12100,1,0
56,22,12621,1,0
56,23,15718,1,0
56,24,12188,1,0
56,25,12713,1,0
56,26,24062,1,0
56,27,14913,1,0
56,28,13441,1,0
56,29,11983,1,0
56,30,12600,1,0
56,31,11357,1,0
56,32,13182,1,0
56,33,13572,1,0
56,34,179399,1,0
56,35,136138,1,0
56,36,11602,1,0
56,37,10912,1,0
56,38,12197,1,0
56,39,14421,1,0
56,40,94050,1,0
56,41,12846,1,0
56,42,13064,1,0
56,43,15280,1,0
56,44,69663,1,0
56,45,236299,1,0
56,46,178835,1,0
56,47,134784,1,0
56,48,42369,1,0
56,49,11950,1,0
56,50,11804,1,0
56,51,16282,1,0
56,52,12174,1,0
56,53,11692,1,0
56,54,11512,1,0
56,55,11472,1,0
56,56,180504,1,0
56,57,269456,1,0
56,58,208783,1,0
56,59,123669,1,0
56,60,12610,1,0
56,61,23051,1,0
56,62,71772,1,0
56,63,22691,1,0
56,64,31738,1,0
56,65,522587,1,0
56,66,734824,1,0
56,67,964025,1,0
56,68,892763,1,0
56,69,824850,1,0
56,70,769632,1,0
56,71,707481,1,0
56,72,745235,1,0
56,73,645229,1,0
56,74,581654,1,0
56,75,480920,1,0
56,76,490620,1,0
56,77,971770,1,0
56,78,823855,1,0
56,79,647181,1,0
56,80,459243,1,0
56,81,258682,1,0
56,82,220618,1,0
56,83,267609,1,0
56,84,167315,1,0
56,85,11122,1,0
56,86,13537,1,0
56,87,11687,1,0
56,88,84918,1,0
56,89,10607,1,0
56,90,13332,1,0
56,91,10799,1,0
56,92,12891,1,0
56,93,334792,1,0
56,94,223776,1,0
56,95,70029,1,0
56,96,11059,1,0
56,97,12386,1,0
56,98,82887,1,0
56,99,12469,1,0
56,100,11738,1,0
56,101,11925,1,0
56,102,11987,1,0
56,103,62701,1,0
56,104,31280,1,0
56,105,14673,1,0
56,106,10169,1,0
56,107,10427,1,0
56,108,26434,1,0
56,109,46993,1,0
56,110,15955,1,0
56,111,476740,1,0
56,112,568936,1,0
56,113,589194,1,0
56,114,464415,1,0
56,115,380627,1,0
56,116,434117,1,0
56,117,458619,1,0
56,118,334007,1,0
56,119,171388,1,0
56,120,10177,1,0
56,121,11725,1,0
56,122,71970,1,0
56,123,11535,1,0
56,124,10504,1,0
56,125,13486,1,0
56,126,11830,1,0
56,127,75137,1,0
56,128,10203,1,0
56,129,14391,1,0
56,130,11132,1,0
56,131,12348,1,0
56,132,66449,1,0
56,133,9899,1,0
56,134,11174,1,0
56,135,10313,1,0
56,136,11847,1,0
56,137,18739,1,0
56,138,10575,1,0
56,139,11117,1,0
56,140,8177,1,0
56,141,10650,1,0
56,142,11901,1,0
56,143,168928,1,0
56,144,146566,1,0
56,145,10901,1,0
56,146,9990,1,0
56,147,12809,1,0
56,148,28450,1,0
56,149,60678,1,0
56,150,11713,1,0
56,151,10166,1,0
56,152,10429,1,0
56,153,11821,1,0
56,154,51020,1,0
56,155,11641,1,0
56,156,11170,1,0
56,157,10971,1,0
56,158,11047,1,0
56,159,94978,1,0
56,160,10432,1,0
56,161,13139,1,0
56,162,11668,1,0
56,163,11646,1,0
56,164,55608,1,0
56,165,12445,1,0
56,166,10764,1,0
56,167,11916,1,0
56,168,11585,1,0
56,169,49594,1,0
56,170,11573,1,0
56,171,10860,1,0
56,172,10438,1,0
56,173,11035,1,0
56,174,65553,1,0
56,175,12270,1,0
56,176,12642,1,0
56,177,11113,1,0
56,178,10669,1,0
56,179,28683,1,0
56,180,61420,1,0
56,181,11163,1,0
56,182,11345,1,0
56,183,11242,1,0
56,184,11670,1,0
56,185,41157,1,0
56,186,10173,1,0
56,187,10234,1,0
56,188,10604,1,0
56,189,11146,1,0
56,190,59826,1,0
56,191,10654,1,0
56,192,11417,1,0
56,193,10911,1,0
56,194,12114,1,0
56,195,32598,1,0
56,196,9966,1,0
56,197,9895,1,0
56,198,11118,1,0
56,199,13029,1,0
56,200,35823,1,0
56,201,9812,1,0
56,202,10021,1,0
56,203,12458,1,0
56,204,10289,1,0
56,205,56622,1,0
56,206,10231,1,0
56,207,11555,1,0
56,208,16299,1,0
56,209,9896,1,0
56,210,49882,1,0
56,211,10345,1,0
56,212,12261,1,0
56,213,11468,1,0
56,214,12778,1,0
56,215,22940,1,0
56,216,10688,1,0
56,217,10775,1,0
56,218,10515,1,0
56,219,10433,1,0
56,220,79617,1,0
56,221,11598,1,0
56,222,10149,1,0
56,223,28840,1,0
56,224,10241,1,0
56,225,195352,1,0
56,226,267057,1,0
56,227,186293,1,0
56,228,61733,1,0
56,229,12037,1,0
56,230,11801,1,0
56,231,11622,1,0
56,232,11500,1,0
56,233,9943,1,0
56,234,11415,1,0
56,235,11450,1,0
56,236,220586,1,0
56,237,93388,1,0
56,238,14980,1,0
56,239,10383,1,0
56,240,10382,1,0
56,241,26633,1,0
56,242,11190,1,0
56,243,10993,1,0
56,244,11202,1,0
56,245,11648,1,0
56,246,23096,1,0
56,247,11955,1,0
56,248,9953,1,0
56,249,10653,1,0
56,250,10271,1,0
56,251,10937,1,0
56,252,10011,1,0
56,253,10185,1,0
56,254,9158,1,0
56,255,11258,1,0
56,256,23663,1,0
56,257,10413,1,0
56,258,27491,1,0
56,259,11519,1,0
56,260,28127,1,0
56,261,69754,1,0
56,262,377941,1,0
56,263,170858,1,0
56,264,10995,1,0
56,265,10456,1,0
56,266,10621,1,0
56,267,83826,1,0
56,268,13679,1,0
56,269,12266,1,0
56,270,9820,1,0
56,271,11085,1,0
56,272,76326,1,0
56,273,11864,1,0
56,274,11262,1,0
56,275,10407,1,0
56,276,15265,1,0
56,277,87080,1,0
56,278,10795,1,0
56,279,11703,1,0
56,280,10471,1,0
56,281,9841,1,0
56,282,11132,1,0
56,283,11830,1,0
56,284,10908,1,0
56,285,10200,1,0
56,286,32492,1,0
56,287,43291,1,0
56,288,32131,1,0
56,289,12156,1,0
56,290,10320,1,0
56,291,11789,1,0
56,292,183291,1,0
56,293,10399,1,0
56,294,9983,1,0
56,295,11595,1,0
56,296,11920,1,0
56,297,71023,1,0
56,298,10156,1,0
56,299,10085,1,0
56,300,10829,1,0
56,301,10298,1,0
56,302,46853,1,0
56,303,11254,1,0
56,304,11551,1,0
56,305,11316,1,0
56,306,169261,1,0
56,307,543516,1,0
56,308,631155,1,0
56,309,571079,1,0
56,310,959024,1,0
56,311,750848,1,0
56,312,554820,1,0
56,313,540873,1,0
56,314,394464,1,0
56,315,286606,1,0
56,316,371721,1,0
56,317,268393,1,0
56,318,104701,1,0
56,319,12160,1,0
56,320,11679,1,0
56,321,11339,1,0
56,322,11641,1,0
56,323,10772,1,0
56,324,29547,1,0
56,325,84286,1,0
56,326,10641,1,0
56,327,16410,1,0
56,328,10981,1,0
56,329,105992,1,0
56,330,11133,1,0
56,331,151841,1,0
56,332,10032,1,0
56,333,13824,1,0
56,334,14536,1,0
56,335,19221,1,0
56,336,30343,1,0
56,337,15788,1,0
56,338,15957,1,0
56,339,11810,1,0
56,340,19598,1,0
56,341,9976,1,0
56,342,11252,1,0
56,343,12349,1,0
56,344,10685,1,0
56,345,10487,1,0
56,346,23705,1,0
56,347,11270,1,0
56,348,11719,1,0
56,349,19640,1,0
56,350,92024,1,0
56,351,181879,1,0
56,352,84531,1,0
56,353,11370,1,0
56,354,9134,1,0
56,355,11376,1,0
56,356,75894,1,0
56,357,9496,1,0
56,358,9990,1,0
56,359,10157,1,0
56,360,10195,1,0
56,361,36583,1,0
56,362,11090,1,0
56,363,10151,1,0
56,364,11129,1,0
56,365,9908,1,0
56,366,73050,1,0
56,367,12577,1,0
56,368,11592,1,0
56,369,13741,1,0
56,370,10425,1,0
56,371,11112,1,0
56,372,9170,1,0
56,373,10208,1,0
56,374,10515,1,0
56,375,11335,1,0
56,376,11156,1,0
56,377,137881,1,0
56,378,10819,1,0
56,379,10861,1,0
56,380,10638,1,0
56,381,10768,1,0
56,382,55069,1,0
56,383,11756,1,0
56,384,11393,1,0
56,385,11737,1,0
56,386,12575,1,0
56,387,71978,1,0
56,388,15587,1,0
56,389,16346,1,0
56,390,11360,1,0
56,391,12763,1,0
56,392,68761,1,0
56,393,30312,1,0
56,394,10101,1,0
56,395,10138,1,0
56,396,12773,1,0
56,397,9766,1,0
56,398,11486,1,0
56,399,10604,1,0
56,400,11160,1,0
56,401,55703,1,0
56,402,11130,1,0
56,403,14775,1,0
56,404,10630,1,0
56,405,11575,1,0
56,406,12950,1,0
56,407,9735,1,0
56,408,20060,1,0
56,409,12188,1,0
56,410,10986,1,0
56,411,10977,1,0
56,412,12243,1,0
56,413,9931,1,0
56,414,10604,1,0
56,415,12116,1,0
56,416,11306,1,0
56,417,9853,1,0
56,418,11633,1,0
56,419,12204,1,0
56,420,10989,1,0
56,421,11586,1,0
56,422,11279,1,0
56,423,11083,1,0
56,424,11428,1,0
56,425,9993,1,0
56,426,10755,1,0
56,427,11676,1,0
56,428,51652,1,0
56,429,10136,1,0
56,430,10219,1,0
56,431,10759,1,0
56,432,10779,1,0
56,433,57925,1,0
56,434,363184,1,0
56,435,192628,1,0
56,436,13781,1,0
56,437,11051,1,0
56,438,11979,1,0
56,439,97717,1,0
56,440,12777,1,0
56,441,10447,1,0
56,442,11641,1,0
56,443,10960,1,0
56,444,15204,1,0
56,445,13349,1,0
56,446,10304,1,0
56,447,10471,1,0
56,448,10517,1,0
56,449,55113,1,0
56,450,10514,1,0
56,451,11717,1,0
56,452,21823,1,0
56,453,13269,1,0
56,454,10966,1,0
56,455,11711,1,0
56,456,12276,1,0
56,457,11523,1,0
56,458,10378,1,0
56,459,158380,1,0
56,460,11187,1,0
56,461,9711,1,0
56,462,10477,1,0
56,463,11900,1,0
56,464,48890,1,0
56,465,10987,1,0
56,466,13206,1,0
56,467,9469,1,0
56,468,10848,1,0
56,469,10558,1,0
56,470,183965,1,0
56,471,194020,1,0
56,472,10541,1,0
56,473,9832,1,0
56,474,10836,1,0
56,475,10639,1,0
56,476,39737,1,0
56,477,10075,1,0
56,478,11036,1,0
56,479,12653,1,0
56,480,11705,1,0
56,481,13046,1,0
56,482,10944,1,0
56,483,11318,1,0
56,484,11960,1,0
56,485,11951,1,0
56,486,16107,1,0
56,487,9757,1,0
56,488,24583,1,0
56,489,23222,1,0
56,490,9978,1,0
56,491,35441,1,0
56,492,10113,1,0
56,493,11814,1,0
56,494,10739,1,0
56,495,11497,1,0
56,496,10298,1,0
56,497,10273,1,0
56,498,13769,1,0
56,499,11586,1,0
56,500,10630,1,0
56,501,147335,1,0
56,502,10205,1,0
56,503,12304,1,0
56,504,10759,1,0
56,505,10702,1,0
56,506,10916,1,0
56,507,12004,1,0
56,508,12424,1,0
56,509,9782,1,0
56,510,9595,1,0
56,511,74434,1,0
56,512,11139,1,0
56,513,10379,1,0
56,514,10034,1,0
56,515,20434,1,0
56,516,36993,1,0
56,517,60170,1,0
56,518,11350,1,0
56,519,10423,1,0
56,520,11916,1,0
56,521,47290,1,0
56,522,10019,1,0
56,523,10732,1,0
56,524,12580,1,0
56,525,9768,1,0
56,526,36155,1,0
56,527,11000,1,0
56,528,11322,1,0
56,529,9905,1,0
56,530,10557,1,0
56,531,11451,1,0
56,532,23662,1,0
56,533,11426,1,0
56,534,11602,1,0
56,535,13985,1,0
56,536,27918,1,0
56,537,156228,1,0
56,538,11865,1,0
56,539,14156,1,0
56,540,11657,1,0
56,541,11469,1,0
56,542,64047,1,0
56,543,10468,1,0
56,544,11934,1,0
56,545,9957,1,0
56,546,11733,1,0
56,547,80214,1,0
56,548,20834,1,0
56,549,38723,1,0
56,550,10397,1,0
56,551,26197,1,0
56,552,11601,1,0
56,553,11703,1,0
56,554,10560,1,0
56,555,8237,1,0
56,556,23142,1,0
56,557,71643,1,0
56,558,10843,1,0
56,559,10124,1,0
56,560,9492,1,0
56,561,10247,1,0
56,562,17446,1,0
56,563,10836,1,0
56,564,14707,1,0
56,565,9802,1,0
56,566,10518,1,0
56,567,71918,1,0
56,568,9711,1,0
56,569,11747,1,0
56,570,9820,1,0
56,571,10259,1,0
56,572,39581,1,0
56,573,9966,1,0
56,574,11696,1,0
56,575,9891,1,0
56,576,12473,1,0
56,577,76033,1,0
56,578,12122,1,0
56,579,11992,1,0
56,580,10563,1,0
56,581,9817,1,0
56,582,58846,1,0
56,583,11216,1,0
56,584,10098,1,0
56,585,9439,1,0
56,586,11626,1,0
56,587,262448,1,0
56,588,15987,1,0
56,589,11362,1,0
56,590,10151,1,0
56,591,14871,1,0
56,592,285536,1,0
56,593,81467,1,0
56,594,10450,1,0
56,595,10149,1,0
56,596,10126,1,0
56,597,99394,1,0
56,598,10775,1,0
56,599,12852,1,0
57,0,113115,1,0
57,1,26559,1,0
57,2,21276,1,0
57,3,12815,1,0
57,4,13551,1,0
57,5,27676,1,0
57,6,11745,1,0
57,7,58738,1,0
57,8,10830,1,0
57,9,10999,1,0
57,10,10306,1,0
57,11,13024,1,0
57,12,12676,1,0
57,13,12454,1,0
57,14,10251,1,0
57,15,13770,1,0
57,16,13711,1,0
57,17,12313,1,0
57,18,12760,1,0
57,19,11764,1,0
57,20,13469,1,0
57,21,13328,1,0
57,22,10490,1,0
57,23,13157,1,0
57,24,11188,1,0
57,25,12824,1,0
57,26,21331,1,0
57,27,12902,1,0
57,28,12246,1,0
57,29,11907,1,0
57,30,10523,1,0
57,31,11597,1,0
57,32,15018,1,0
57,33,12319,1,0
57,34,176849,1,0
57,35,134063,1,0
57,36,10910,1,0
57,37,11755,1,0
57,38,10777,1,0
57,39,58442,1,0
57,40,91069,1,0
57,41,13087,1,0
57,42,10129,1,0
57,43,13058,1,0
57,44,66522,1,0
57,45,235626,1,0
57,46,175149,1,0
57,47,131534,1,0
57,48,41322,1,0
57,49,12426,1,0
57,50,13959,1,0
57,51,16209,1,0
57,52,12089,1,0
57,53,10350,1,0
57,54,11625,1,0
57,55,11904,1,0
57,56,177783,1,0
57,57,270728,1,0
57,58,206528,1,0
57,59,120359,1,0
57,60,10297,1,0
57,61,36384,1,0
57,62,70015,1,0
57,63,18686,1,0
57,64,30698,1,0
57,65,523098,1,0
57,66,733261,1,0
57,67,962692,1,0
57,68,890673,1,0
57,69,826521,1,0
57,70,769569,1,0
57,71,705065,1,0
57,72,742976,1,0
57,73,643028,1,0
57,74,577961,1,0
57,75,478702,1,0
57,76,496836,1,0
57,77,969921,1,0
57,78,822848,1,0
57,79,643060,1,0
57,80,456298,1,0
57,81,255857,1,0
57,82,219379,1,0
57,83,266342,1,0
57,84,164000,1,0
57,85,12484,1,0
57,86,13167,1,0
57,87,13112,1,0
57,88,84869,1,0
57,89,11941,1,0
57,90,12231,1,0
57,91,11725,1,0
57,92,15031,1,0
57,93,332687,1,0
57,94,220430,1,0
57,95,67831,1,0
57,96,15328,1,0
57,97,11647,1,0
57,98,96874,1,0
57,99,12149,1,0
57,100,12312,1,0
57,101,11843,1,0
57,102,12288,1,0
57,103,61676,1,0
57,104,28462,1,0
57,105,11727,1,0
57,106,10570,1,0
57,107,12202,1,0
57,108,22508,1,0
57,109,42298,1,0
57,110,13654,1,0
57,111,473966,1,0
57,112,570090,1,0
57,113,588540,1,0
57,114,464939,1,0
57,115,377910,1,0
57,116,432592,1,0
57,117,454307,1,0
57,118,328790,1,0
57,119,168129,1,0
57,120,10528,1,0
57,121,26766,1,0
57,122,68617,1,0
57,123,10133,1,0
57,124,10547,1,0
57,125,12729,1,0
57,126,10816,1,0
57,127,86520,1,0
57,128,10557,1,0
57,129,11916,1,0
57,130,11383,1,0
57,131,10438,1,0
57,132,61908,1,0
57,133,10543,1,0
57,134,12209,1,0
57,135,12591,1,0
57,136,11452,1,0
57,137,29155,1,0
57,138,12341,1,0
57,139,9000,1,0
57,140,10370,1,0
57,141,11629,1,0
57,142,13584,1,0
57,143,165271,1,0
57,144,142568,1,0
57,145,9441,1,0
57,146,10204,1,0
57,147,13048,1,0
57,148,25952,1,0
57,149,58082,1,0
57,150,12458,1,0
57,151,9903,1,0
57,152,11549,1,0
57,153,12548,1,0
57,154,48425,1,0
57,155,11791,1,0
57,156,10768,1,0
57,157,11662,1,0
57,158,10094,1,0
57,159,158286,1,0
57,160,10303,1,0
57,161,9504,1,0
57,162,11965,1,0
57,163,12199,1,0
57,164,51522,1,0
57,165,9032,1,0
57,166,10256,1,0
57,167,10915,1,0
57,168,10910,1,0
57,169,44830,1,0
57,170,10109,1,0
57,171,10697,1,0
57,172,9771,1,0
57,173,10375,1,0
57,174,61537,1,0
57,175,11670,1,0
57,176,10632,1,0
57,177,11618,1,0
57,178,11732,1,0
57,179,25900,1,0
57,180,57317,1,0
57,181,10196,1,0
57,182,10880,1,0
57,183,10284,1,0
57,184,12645,1,0
57,185,37559,1,0
57,186,10999,1,0
57,187,12172,1,0
57,188,12430,1,0
57,189,10487,1,0
57,190,56742,1,0
57,191,9310,1,0
57,192,9900,1,0
57,193,12128,1,0
57,194,12927,1,0
57,195,29041,1,0
57,196,9729,1,0
57,197,10343,1,0
57,198,12125,1,0
57,199,10666,1,0
57,200,33177,1,0
57,201,10099,1,0
57,202,11768,1,0
57,203,9269,1,0
57,204,9511,1,0
57,205,67094,1,0
57,206,9939,1,0
57,207,10534,1,0
57,208,16782,1,0
57,209,9771,1,0
57,210,45654,1,0
57,211,12253,1,0
57,212,10158,1,0
57,213,10743,1,0
57,214,9885,1,0
57,215,20801,1,0
57,216,9881,1,0
57,217,12443,1,0
57,218,9712,1,0
57,219,12185,1,0
57,220,77565,1,0
57,221,9662,1,0
57,222,10516,1,0
57,223,26959,1,0
57,224,10511,1,0
57,225,192238,1,0
57,226,267807,1,0
57,227,182636,1,0
57,228,59020,1,0
57,229,10554,1,0
57,230,12693,1,0
57,231,11292,1,0
57,232,9637,1,0
57,233,9368,1,0
57,234,11650,1,0
57,235,17547,1,0
57,236,223095,1,0
57,237,89426,1,0
57,238,15460,1,0
57,239,13114,1,0
57,240,11695,1,0
57,241,39246,1,0
57,242,9408,1,0
57,243,10116,1,0
57,244,11949,1,0
57,245,12908,1,0
57,246,19880,1,0
57,247,9811,1,0
57,248,10384,1,0
57,249,11626,1,0
57,250,11588,1,0
57,251,13010,1,0
57,252,11376,1,0
57,253,13304,1,0
57,254,10115,1,0
57,255,12983,1,0
57,256,34547,1,0
57,257,13326,1,0
57,258,25316,1,0
57,259,11717,1,0
57,260,25976,1,0
57,261,65107,1,0
57,262,373438,1,0
57,263,166395,1,0
57,264,12775,1,0
57,265,9822,1,0
57,266,11114,1,0
57,267,82040,1,0
57,268,9987,1,0
57,269,9819,1,0
57,270,10386,1,0
57,271,9957,1,0
57,272,73127,1,0
57,273,10652,1,0
57,274,11797,1,0
57,275,10522,1,0
57,276,11636,1,0
57,277,84333,1,0
57,278,10755,1,0
57,279,9780,1,0
57,280,14505,1,0
57,281,9926,1,0
57,282,9641,1,0
57,283,10207,1,0
57,284,11419,1,0
57,285,11837,1,0
57,286,30956,1,0
57,287,37853,1,0
57,288,29312,1,0
57,289,12388,1,0
57,290,12500,1,0
57,291,13338,1,0
57,292,180136,1,0
57,293,14323,1,0
57,294,12215,1,0
57,295,10990,1,0
57,296,12574,1,0
57,297,67855,1,0
57,298,10159,1,0
57,299,13849,1,0
57,300,10680,1,0
57,301,12035,1,0
57,302,13172,1,0
57,303,11409,1,0
57,304,12283,1,0
57,305,13139,1,0
57,306,170343,1,0
57,307,544758,1,0
57,308,629960,1,0
57,309,566243,1,0
57,310,955770,1,0
57,311,748960,1,0
57,312,551729,1,0
57,313,537877,1,0
57,314,392032,1,0
57,315,283719,1,0
57,316,368538,1,0
57,317,265193,1,0
57,318,101146,1,0
57,319,12111,1,0
57,320,9550,1,0
57,321,9792,1,0
57,322,11840,1,0
57,323,12295,1,0
57,324,25114,1,0
57,325,80109,1,0
57,326,10483,1,0
57,327,12958,1,0
57,328,11369,1,0
57,329,101349,1,0
57,330,11554,1,0
57,331,149330,1,0
57,332,12384,1,0
57,333,12143,1,0
57,334,12378,1,0
57,335,14681,1,0
57,336,26095,1,0
57,337,13500,1,0
57,338,20928,1,0
57,339,10921,1,0
57,340,16646,1,0
57,341,10132,1,0
57,342,10797,1,0
57,343,11530,1,0
57,344,10656,1,0
57,345,26344,1,0
57,346,23206,1,0
57,347,13298,1,0
57,348,14668,1,0
57,349,16118,1,0
57,350,94237,1,0
57,351,180122,1,0
57,352,82130,1,0
57,353,11996,1,0
57,354,9604,1,0
57,355,10649,1,0
57,356,73240,1,0
57,357,9038,1,0
57,358,10451,1,0
57,359,10637,1,0
57,360,9459,1,0
57,361,47407,1,0
57,362,10358,1,0
57,363,9418,1,0
57,364,10179,1,0
57,365,9670,1,0
57,366,71310,1,0
57,367,11278,1,0
57,368,9347,1,0
57,369,8830,1,0
57,370,10478,1,0
57,371,10643,1,0
57,372,9631,1,0
57,373,10044,1,0
57,374,9609,1,0
57,375,12319,1,0
57,376,15012,1,0
57,377,133659,1,0
57,378,10017,1,0
57,379,12578,1,0
57,380,9190,1,0
57,381,10537,1,0
57,382,51005,1,0
57,383,11474,1,0
57,384,13261,1,0
57,385,12634,1,0
57,386,12837,1,0
57,387,67069,1,0
57,388,14430,1,0
57,389,13672,1,0
57,390,10333,1,0
57,391,10131,1,0
57,392,81992,1,0
57,393,25426,1,0
57,394,9407,1,0
57,395,11517,1,0
57,396,12762,1,0
57,397,10514,1,0
57,398,11770,1,0
57,399,12709,1,0
57,400,11514,1,0
57,401,61577,1,0
57,402,9825,1,0
57,403,8945,1,0
57,404,13062,1,0
57,405,10466,1,0
57,406,12725,1,0
57,407,12252,1,0
57,408,17122,1,0
57,409,11727,1,0
57,410,12044,1,0
57,411,9941,1,0
57,412,9947,1,0
57,413,9980,1,0
57,414,9690,1,0
57,415,11940,1,0
57,416,13176,1,0
57,417,10064,1,0
57,418,13988,1,0
57,419,9914,1,0
57,420,13378,1,0
57,421,12451,1,0
57,422,10907,1,0
57,423,11848,1,0
57,424,10292,1,0
57,425,11712,1,0
57,426,12624,1,0
57,427,12081,1,0
57,428,46163,1,0
57,429,10565,1,0
57,430,13344,1,0
57,431,12001,1,0
57,432,12321,1,0
57,433,54285,1,0
57,434,360367,1,0
57,435,193674,1,0
57,436,12860,1,0
57,437,13670,1,0
57,438,12257,1,0
57,439,93231,1,0
57,440,10519,1,0
57,441,10756,1,0
57,442,10976,1,0
57,443,11950,1,0
57,444,12247,1,0
57,445,11728,1,0
57,446,9841,1,0
57,447,10518,1,0
57,448,12524,1,0
57,449,62170,1,0
57,450,10569,1,0
57,451,10614,1,0
57,452,21213,1,0
57,453,9927,1,0
57,454,11793,1,0
57,455,9375,1,0
57,456,9391,1,0
57,457,12715,1,0
57,458,12950,1,0
57,459,154358,1,0
57,460,10304,1,0
57,461,10016,1,0
57,462,11774,1,0
57,463,9828,1,0
57,464,44646,1,0
57,465,12106,1,0
57,466,11653,1,0
57,467,9190,1,0
57,468,9308,1,0
57,469,10488,1,0
57,470,180362,1,0
57,471,188360,1,0
57,472,12054,1,0
57,473,11381,1,0
57,474,9724,1,0
57,475,10962,1,0
57,476,37055,1,0
57,477,11930,1,0
57,478,11910,1,0
57,479,11778,1,0
57,480,12380,1,0
57,481,10271,1,0
57,482,10502,1,0
57,483,11606,1,0
57,484,11854,1,0
57,485,11423,1,0
57,486,13952,1,0
57,487,11800,1,0
57,488,22127,1,0
57,489,22311,1,0
57,490,10488,1,0
57,491,33800,1,0
57,492,13086,1,0
57,493,11567,1,0
57,494,10595,1,0
57,495,9456,1,0
57,496,10821,1,0
57,497,10550,1,0
57,498,12191,1,0
57,499,10177,1,0
57,500,10601,1,0
57,501,142307,1,0
57,502,10460,1,0
57,503,13034,1,0
57,504,9440,1,0
57,505,12003,1,0
57,506,11764,1,0
57,507,9810,1,0
57,508,10358,1,0
57,509,10084,1,0
57,510,10590,1,0
57,511,83793,1,0
57,512,10275,1,0
57,513,12284,1,0
57,514,11562,1,0
57,515,19868,1,0
57,516,35167,1,0
57,517,56621,1,0
57,518,12219,1,0
57,519,13832,1,0
57,520,11680,1,0
57,521,44218,1,0
57,522,10566,1,0
57,523,9642,1,0
57,524,10393,1,0
57,525,10483,1,0
57,526,32944,1,0
57,527,10433,1,0
57,528,10324,1,0
57,529,13786,1,0
57,530,11863,1,0
57,531,9759,1,0
57,532,20133,1,0
57,533,12446,1,0
57,534,11438,1,0
57,535,11809,1,0
57,536,36808,1,0
57,537,154199,1,0
57,538,19840,1,0
57,539,13808,1,0
57,540,11769,1,0
57,541,10272,1,0
57,542,59764,1,0
57,543,10586,1,0
57,544,11805,1,0
57,545,10379,1,0
57,546,11672,1,0
57,547,76639,1,0
57,548,21641,1,0
57,549,37247,1,0
57,550,11604,1,0
57,551,22207,1,0
57,552,10299,1,0
57,553,11172,1,0
57,554,10220,1,0
57,555,9638,1,0
57,556,18109,1,0
57,557,66635,1,0
57,558,12032,1,0
57,559,11416,1,0
57,560,10365,1,0
57,561,10050,1,0
57,562,14420,1,0
57,563,9960,1,0
57,564,11088,1,0
57,565,9531,1,0
57,566,8577,1,0
57,567,66583,1,0
57,568,9046,1,0
57,569,11545,1,0
57,570,16024,1,0
57,571,9207,1,0
57,572,34386,1,0
57,573,9395,1,0
57,574,9842,1,0
57,575,11712,1,0
57,576,13462,1,0
57,577,88171,1,0
57,578,19195,1,0
57,579,9782,1,0
57,580,9559,1,0
57,581,10258,1,0
57,582,53394,1,0
57,583,10891,1,0
57,584,9718,1,0
57,585,9213,1,0
57,586,10707,1,0
57,587,257530,1,0
57,588,13381,1,0
57,589,12352,1,0
57,590,12006,1,0
57,591,13106,1,0
57,592,281878,1,0
57,593,76148,1,0
57,594,10130,1,0
57,595,9609,1,0
57,596,9034,1,0
57,597,95524,1,0
57,598,10881,1,0
57,599,10695,1,0
58,0,113360,1,0
58,1,25171,1,0
58,2,18687,1,0
58,3,14550,1,0
58,4,17163,1,0
58,5,27626,1,0
58,6,12643,1,0
58,7,58201,1,0
58,8,13025,1,0
58,9,11294,1,0
58,10,12527,1,0
58,11,10667,1,0
58,12,12922,1,0
58,13,13302,1,0
58,14,13192,1,0
58,15,11581,1,0
58,16,13273,1,0
58,17,14341,1,0
58,18,11310,1,0
58,19,11189,1,0
58,20,14160,1,0
58,21,13367,1,0
58,22,12607,1,0
58,23,12891,1,0
58,24,13929,1,0
58,25,10524,1,0
58,26,19290,1,0
58,27,12463,1,0
58,28,13726,1,0
58,29,13471,1,0
58,30,12380,1,0
58,31,11405,1,0
58,32,14977,1,0
58,33,11826,1,0
58,34,176211,1,0
58,35,132607,1,0
58,36,14444,1,0
58,37,11529,1,0
58,38,12012,1,0
58,39,56778,1,0
58,40,89950,1,0
58,41,15763,1,0
58,42,11971,1,0
58,43,12417,1,0
58,44,79034,1,0
58,45,234948,1,0
58,46,174470,1,0
58,47,130980,1,0
58,48,40149,1,0
58,49,11813,1,0
58,50,15886,1,0
58,51,19605,1,0
58,52,13146,1,0
58,53,13275,1,0
58,54,14162,1,0
58,55,14044,1,0
58,56,191724,1,0
58,57,274540,1,0
58,58,205473,1,0
58,59,116910,1,0
58,60,11693,1,0
58,61,35995,1,0
58,62,67689,1,0
58,63,17415,1,0
58,64,31305,1,0
58,65,523029,1,0
58,66,733007,1,0
58,67,961121,1,0
58,68,889325,1,0
58,69,827241,1,0
58,70,782232,1,0
58,71,705701,1,0
58,72,743194,1,0
58,73,643876,1,0
58,74,576427,1,0
58,75,477737,1,0
58,76,503354,1,0
58,77,968042,1,0
58,78,820801,1,0
58,79,642268,1,0
58,80,455124,1,0
58,81,252282,1,0
58,82,232486,1,0
58,83,264278,1,0
58,84,161379,1,0
58,85,11631,1,0
58,86,11952,1,0
58,87,10947,1,0
58,88,82447,1,0
58,89,11417,1,0
58,90,11581,1,0
58,91,13096,1,0
58,92,14231,1,0
58,93,331857,1,0
58,94,217012,1,0
58,95,64613,1,0
58,96,14327,1,0
58,97,13604,1,0
58,98,96667,1,0
58,99,12852,1,0
58,100,11533,1,0
58,101,12095,1,0
58,102,11168,1,0
58,103,59025,1,0
58,104,25476,1,0
58,105,12250,1,0
58,106,12220,1,0
58,107,12925,1,0
58,108,20799,1,0
58,109,39285,1,0
58,110,11960,1,0
58,111,470407,1,0
58,112,567467,1,0
58,113,589735,1,0
58,114,464367,1,0
58,115,376297,1,0
58,116,449386,1,0
58,117,454938,1,0
58,118,327107,1,0
58,119,169134,1,0
58,120,12304,1,0
58,121,25250,1,0
58,122,65555,1,0
58,123,12420,1,0
58,124,12687,1,0
58,125,13343,1,0
58,126,12386,1,0
58,127,84182,1,0
58,128,16715,1,0
58,129,13004,1,0
58,130,10744,1,0
58,131,9499,1,0
58,132,60815,1,0
58,133,12061,1,0
58,134,11591,1,0
58,135,11725,1,0
58,136,11340,1,0
58,137,27443,1,0
58,138,15492,1,0
58,139,11898,1,0
58,140,11478,1,0
58,141,14628,1,0
58,142,12786,1,0
58,143,177098,1,0
58,144,141263,1,0
58,145,11593,1,0
58,146,12179,1,0
58,147,12339,1,0
58,148,23721,1,0
58,149,56100,1,0
58,150,12553,1,0
58,151,11026,1,0
58,152,12708,1,0
58,153,9063,1,0
58,154,45883,1,0
58,155,10523,1,0
58,156,12294,1,0
58,157,12846,1,0
58,158,11339,1,0
58,159,90998,1,0
58,160,11106,1,0
58,161,10397,1,0
58,162,10908,1,0
58,163,10218,1,0
58,164,61439,1,0
58,165,10853,1,0
58,166,10194,1,0
58,167,11335,1,0
58,168,11955,1,0
58,169,41037,1,0
58,170,10208,1,0
58,171,11911,1,0
58,172,11508,1,0
58,173,10366,1,0
58,174,58928,1,0
58,175,10850,1,0
58,176,12047,1,0
58,177,10759,1,0
58,178,10969,1,0
58,179,22341,1,0
58,180,53251,1,0
58,181,11274,1,0
58,182,11579,1,0
58,183,10891,1,0
58,184,11222,1,0
58,185,35600,1,0
58,186,12094,1,0
58,187,11658,1,0
58,188,8801,1,0
58,189,11173,1,0
58,190,54983,1,0
58,191,12601,1,0
58,192,13277,1,0
58,193,10579,1,0
58,194,11330,1,0
58,195,25768,1,0
58,196,10531,1,0
58,197,11279,1,0
58,198,12025,1,0
58,199,12793,1,0
58,200,45417,1,0
58,201,10257,1,0
58,202,9347,1,0
58,203,11286,1,0
58,204,11782,1,0
58,205,64693,1,0
58,206,11254,1,0
58,207,13621,1,0
58,208,17833,1,0
58,209,11760,1,0
58,210,61265,1,0
58,211,9635,1,0
58,212,13619,1,0
58,213,14063,1,0
58,214,11290,1,0
58,215,16976,1,0
58,216,10585,1,0
58,217,9227,1,0
58,218,11196,1,0
58,219,12769,1,0
58,220,75727,1,0
58,221,9359,1,0
58,222,11576,1,0
58,223,26480,1,0
58,224,10879,1,0
58,225,206104,1,0
58,226,268614,1,0
58,227,180389,1,0
58,228,56325,1,0
58,229,12062,1,0
58,230,13650,1,0
58,231,11332,1,0
58,232,9227,1,0
58,233,9556,1,0
58,234,10682,1,0
58,235,21223,1,0
58,236,220465,1,0
58,237,87336,1,0
58,238,15323,1,0
58,239,11209,1,0
58,240,11576,1,0
58,241,36121,1,0
58,242,9925,1,0
58,243,12088,1,0
58,244,11562,1,0
58,245,12056,1,0
58,246,29973,1,0
58,247,10613,1,0
58,248,10897,1,0
58,249,10394,1,0
58,250,9578,1,0
58,251,11886,1,0
58,252,10318,1,0
58,253,10612,1,0
58,254,10540,1,0
58,255,11896,1,0
58,256,31683,1,0
58,257,11733,1,0
58,258,22037,1,0
58,259,12329,1,0
58,260,24393,1,0
58,261,78024,1,0
58,262,369641,1,0
58,263,164701,1,0
58,264,11908,1,0
58,265,11157,1,0
58,266,11017,1,0
58,267,80060,1,0
58,268,10928,1,0
58,269,11100,1,0
58,270,10900,1,0
58,271,12528,1,0
58,272,69624,1,0
58,273,10912,1,0
58,274,10690,1,0
58,275,11200,1,0
58,276,12508,1,0
58,277,80659,1,0
58,278,11708,1,0
58,279,10762,1,0
58,280,13405,1,0
58,281,11068,1,0
58,282,11096,1,0
58,283,10234,1,0
58,284,10358,1,0
58,285,10688,1,0
58,286,30557,1,0
58,287,36113,1,0
58,288,27119,1,0
58,289,11252,1,0
58,290,15142,1,0
58,291,12957,1,0
58,292,178826,1,0
58,293,12363,1,0
58,294,10719,1,0
58,295,10879,1,0
58,296,13282,1,0
58,297,64709,1,0
58,298,11020,1,0
58,299,12025,1,0
58,300,9288,1,0
58,301,12183,1,0
58,302,40776,1,0
58,303,12378,1,0
58,304,12631,1,0
58,305,11516,1,0
58,306,175222,1,0
58,307,545420,1,0
58,308,631201,1,0
58,309,564718,1,0
58,310,953170,1,0
58,311,745549,1,0
58,312,547797,1,0
58,313,533532,1,0
58,314,391053,1,0
58,315,282225,1,0
58,316,368163,1,0
58,317,264352,1,0
58,318,100603,1,0
58,319,12791,1,0
58,320,11155,1,0
58,321,11158,1,0
58,322,14034,1,0
58,323,11609,1,0
58,324,37739,1,0
58,325,75995,1,0
58,326,11727,1,0
58,327,12090,1,0
58,328,11905,1,0
58,329,100579,1,0
58,330,13385,1,0
58,331,147565,1,0
58,332,9377,1,0
58,333,11028,1,0
58,334,11592,1,0
58,335,14246,1,0
58,336,23216,1,0
58,337,11985,1,0
58,338,23127,1,0
58,339,11498,1,0
58,340,14351,1,0
58,341,11079,1,0
58,342,13887,1,0
58,343,13280,1,0
58,344,12077,1,0
58,345,24473,1,0
58,346,21741,1,0
58,347,12631,1,0
58,348,14692,1,0
58,349,16479,1,0
58,350,92367,1,0
58,351,177049,1,0
58,352,80110,1,0
58,353,11915,1,0
58,354,10321,1,0
58,355,11695,1,0
58,356,69929,1,0
58,357,9631,1,0
58,358,9931,1,0
58,359,10832,1,0
58,360,9478,1,0
58,361,45776,1,0
58,362,12235,1,0
58,363,11262,1,0
58,364,11601,1,0
58,365,11168,1,0
58,366,81352,1,0
58,367,11983,1,0
58,368,11290,1,0
58,369,10936,1,0
58,370,9313,1,0
58,371,12750,1,0
58,372,10471,1,0
58,373,11245,1,0
58,374,13565,1,0
58,375,11591,1,0
58,376,13011,1,0
58,377,131855,1,0
58,378,11738,1,0
58,379,10842,1,0
58,380,10313,1,0
58,381,11724,1,0
58,382,63651,1,0
58,383,11468,1,0
58,384,11568,1,0
58,385,10264,1,0
58,386,12835,1,0
58,387,64435,1,0
58,388,13813,1,0
58,389,9874,1,0
58,390,10453,1,0
58,391,10759,1,0
58,392,83857,1,0
58,393,20904,1,0
58,394,10321,1,0
58,395,11499,1,0
58,396,14136,1,0
58,397,11465,1,0
58,398,12337,1,0
58,399,11040,1,0
58,400,11142,1,0
58,401,61289,1,0
58,402,11986,1,0
58,403,11603,1,0
58,404,12419,1,0
58,405,11942,1,0
58,406,12287,1,0
58,407,10247,1,0
58,408,12864,1,0
58,409,12219,1,0
58,410,12151,1,0
58,411,11624,1,0
58,412,12498,1,0
58,413,9781,1,0
58,414,11196,1,0
58,415,11125,1,0
58,416,14263,1,0
58,417,10769,1,0
58,418,12353,1,0
58,419,10683,1,0
58,420,11479,1,0
58,421,11243,1,0
58,422,11417,1,0
58,423,10721,1,0
58,424,11264,1,0
58,425,11320,1,0
58,426,12503,1,0
58,427,12609,1,0
58,428,44949,1,0
58,429,11249,1,0
58,430,10542,1,0
58,431,10849,1,0
58,432,10281,1,0
58,433,51718,1,0
58,434,357132,1,0
58,435,191517,1,0
58,436,10902,1,0
58,437,11138,1,0
58,438,12106,1,0
58,439,92553,1,0
58,440,11456,1,0
58,441,11335,1,0
58,442,10832,1,0
58,443,10808,1,0
58,444,11387,1,0
58,445,11494,1,0
58,446,12112,1,0
58,447,12108,1,0
58,448,9368,1,0
58,449,69834,1,0
58,450,12960,1,0
58,451,12195,1,0
58,452,22130,1,0
58,453,11331,1,0
58,454,10363,1,0
58,455,10849,1,0
58,456,12697,1,0
58,457,11276,1,0
58,458,11774,1,0
58,459,150586,1,0
58,460,10446,1,0
58,461,12107,1,0
58,462,10336,1,0
58,463,12259,1,0
58,464,54418,1,0
58,465,11900,1,0
58,466,12123,1,0
58,467,10197,1,0
58,468,11566,1,0
58,469,11234,1,0
58,470,190837,1,0
58,471,185679,1,0
58,472,11656,1,0
58,473,9434,1,0
58,474,10791,1,0
58,475,9610,1,0
58,476,37869,1,0
58,477,9643,1,0
58,478,9506,1,0
58,479,11665,1,0
58,480,11898,1,0
58,481,11375,1,0
58,482,11386,1,0
58,483,9703,1,0
58,484,10865,1,0
58,485,9868,1,0
58,486,11897,1,0
58,487,11857,1,0
58,488,21191,1,0
58,489,25201,1,0
58,490,12321,1,0
58,491,31751,1,0
58,492,10877,1,0
58,493,12714,1,0
58,494,11467,1,0
58,495,11498,1,0
58,496,10612,1,0
58,497,11887,1,0
58,498,12144,1,0
58,499,13187,1,0
58,500,12083,1,0
58,501,140383,1,0
58,502,10633,1,0
58,503,10916,1,0
58,504,10269,1,0
58,505,11649,1,0
58,506,13277,1,0
58,507,11541,1,0
58,508,11075,1,0
58,509,11702,1,0
58,510,11758,1,0
58,511,80749,1,0
58,512,11377,1,0
58,513,13298,1,0
58,514,11461,1,0
58,515,19264,1,0
58,516,32121,1,0
58,517,53347,1,0
58,518,11066,1,0
58,519,12296,1,0
58,520,11388,1,0
58,521,56304,1,0
58,522,10737,1,0
58,523,10775,1,0
58,524,12062,1,0
58,525,11600,1,0
58,526,31294,1,0
58,527,10617,1,0
58,528,11487,1,0
58,529,18994,1,0
58,530,11237,1,0
58,531,9343,1,0
58,532,18675,1,0
58,533,12706,1,0
58,534,15349,1,0
58,535,9655,1,0
58,536,38369,1,0
58,537,152924,1,0
58,538,16512,1,0
58,539,14575,1,0
58,540,11277,1,0
58,541,10945,1,0
58,542,56437,1,0
58,543,10206,1,0
58,544,11415,1,0
58,545,11079,1,0
58,546,11705,1,0
58,547,76519,1,0
58,548,23398,1,0
58,549,35752,1,0
58,550,12343,1,0
58,551,34927,1,0
58,552,9588,1,0
58,553,10642,1,0
58,554,10755,1,0
58,555,10388,1,0
58,556,29650,1,0
58,557,65282,1,0
58,558,12113,1,0
58,559,10809,1,0
58,560,9253,1,0
58,561,9150,1,0
58,562,11139,1,0
58,563,11140,1,0
58,564,10647,1,0
58,565,11355,1,0
58,566,9307,1,0
58,567,63192,1,0
58,568,10117,1,0
58,569,9330,1,0
58,570,13204,1,0
58,571,10133,1,0
58,572,30522,1,0
58,573,11369,1,0
58,574,10766,1,0
58,575,9601,1,0
58,576,12407,1,0
58,577,84740,1,0
58,578,18535,1,0
58,579,10093,1,0
58,580,11183,1,0
58,581,11185,1,0
58,582,50898,1,0
58,583,11281,1,0
58,584,10259,1,0
58,585,9527,1,0
58,586,10204,1,0
58,587,253213,1,0
58,588,10668,1,0
58,589,9818,1,0
58,590,11084,1,0
58,591,13604,1,0
58,592,280438,1,0
58,593,73134,1,0
58,594,12574,1,0
58,595,11506,1,0
58,596,11379,1,0
58,597,92471,1,0
58,598,9034,1,0
58,599,11199,1,0
59,0,112868,1,0
59,1,25232,1,0
59,2,18141,1,0
59,3,13098,1,0
59,4,15803,1,0
59,5,26853,1,0
59,6,12662,1,0
59,7,58455,1,0
59,8,11777,1,0
59,9,11692,1,0
59,10,12516,1,0
59,11,12646,1,0
59,12,11555,1,0
59,13,12477,1,0
59,14,12433,1,0
59,15,11645,1,0
59,16,12844,1,0
59,17,12306,1,0
59,18,11530,1,0
59,19,10994,1,0
59,20,17196,1,0
59,21,13523,1,0
59,22,11609,1,0
59,23,12062,1,0
59,24,12218,1,0
59,25,12467,1,0
59,26,16393,1,0
59,27,13319,1,0
59,28,13500,1,0
59,29,11961,1,0
59,30,11077,1,0
59,31,11300,1,0
59,32,16490,1,0
59,33,14564,1,0
59,34,175023,1,0
59,35,130903,1,0
59,36,12715,1,0
59,37,11599,1,0
59,38,12065,1,0
59,39,71188,1,0
59,40,87835,1,0
59,41,15161,1,0
59,42,11251,1,0
59,43,11453,1,0
59,44,80804,1,0
59,45,232632,1,0
59,46,172537,1,0
59,47,128777,1,0
59,48,39734,1,0
59,49,10736,1,0
59,50,15199,1,0
59,51,22103,1,0
59,52,11374,1,0
59,53,11308,1,0
59,54,12365,1,0
59,55,12868,1,0
59,56,192904,1,0
59,57,277086,1,0
59,58,206184,1,0
59,59,115635,1,0
59,60,11902,1,0
59,61,34195,1,0
59,62,68529,1,0
59,63,14421,1,0
59,64,30614,1,0
59,65,522320,1,0
59,66,732476,1,0
59,67,960491,1,0
59,68,887920,1,0
59,69,826178,1,0
59,70,781227,1,0
59,71,703984,1,0
59,72,742161,1,0
59,73,642660,1,0
59,74,575014,1,0
59,75,475952,1,0
59,76,517467,1,0
59,77,966134,1,0
59,78,818688,1,0
59,79,640189,1,0
59,80,451393,1,0
59,81,250372,1,0
59,82,233942,1,0
59,83,262751,1,0
59,84,159699,1,0
59,85,10176,1,0
59,86,11883,1,0
59,87,10921,1,0
59,88,80983,1,0
59,89,10888,1,0
59,90,12068,1,0
59,91,11892,1,0
59,92,14769,1,0
59,93,345112,1,0
59,94,216240,1,0
59,95,62764,1,0
59,96,12139,1,0
59,97,12314,1,0
59,98,96205,1,0
59,99,12073,1,0
59,100,11799,1,0
59,101,11181,1,0
59,102,12364,1,0
59,103,70534,1,0
59,104,24421,1,0
59,105,12346,1,0
59,106,11517,1,0
59,107,10202,1,0
59,108,31713,1,0
59,109,37614,1,0
59,110,11205,1,0
59,111,469099,1,0
59,112,567577,1,0
59,113,588669,1,0
59,114,463843,1,0
59,115,372619,1,0
59,116,451857,1,0
59,117,452353,1,0
59,118,324029,1,0
59,119,166533,1,0
59,120,11376,1,0
59,121,33557,1,0
59,122,64259,1,0
59,123,11451,1,0
59,124,9643,1,0
59,125,12049,1,0
59,126,11274,1,0
59,127,93990,1,0
59,128,16557,1,0
59,129,11713,1,0
59,130,11133,1,0
59,131,11336,1,0
59,132,72134,1,0
59,133,11835,1,0
59,134,10289,1,0
59,135,11806,1,0
59,136,10888,1,0
59,137,23762,1,0
59,138,11570,1,0
59,139,10490,1,0
59,140,11937,1,0
59,141,11173,1,0
59,142,13159,1,0
59,143,175465,1,0
59,144,138613,1,0
59,145,9702,1,0
59,146,9882,1,0
59,147,10399,1,0
59,148,24557,1,0
59,149,54402,1,0
59,150,11824,1,0
59,151,9313,1,0
59,152,11287,1,0
59,153,10405,1,0
59,154,43924,1,0
59,155,10966,1,0
59,156,10163,1,0
59,157,12475,1,0
59,158,11219,1,0
59,159,88851,1,0
59,160,12492,1,0
59,161,11746,1,0
59,162,12148,1,0
59,163,11174,1,0
59,164,60051,1,0
59,165,10417,1,0
59,166,11930,1,0
59,167,11807,1,0
59,168,12092,1,0
59,169,37230,1,0
59,170,12092,1,0
59,171,10307,1,0
59,172,9425,1,0
59,173,10920,1,0
59,174,54190,1,0
59,175,12220,1,0
59,176,12914,1,0
59,177,11259,1,0
59,178,10444,1,0
59,179,19997,1,0
59,180,53946,1,0
59,181,9791,1,0
59,182,11247,1,0
59,183,11064,1,0
59,184,12337,1,0
59,185,70232,1,0
59,186,10008,1,0
59,187,10826,1,0
59,188,10650,1,0
59,189,10026,1,0
59,190,67125,1,0
59,191,9917,1,0
59,192,11750,1,0
59,193,10617,1,0
59,194,11530,1,0
59,195,36505,1,0
59,196,11640,1,0
59,197,12084,1,0
59,198,9991,1,0
59,199,11811,1,0
59,200,44563,1,0
59,201,11969,1,0
59,202,10942,1,0
59,203,10807,1,0
59,204,9806,1,0
59,205,61259,1,0
59,206,11175,1,0
59,207,11924,1,0
59,208,16346,1,0
59,209,11249,1,0
59,210,59117,1,0
59,211,9641,1,0
59,212,11547,1,0
59,213,11928,1,0
59,214,10553,1,0
59,215,14676,1,0
59,216,11665,1,0
59,217,11537,1,0
59,218,11520,1,0
59,219,9966,1,0
59,220,73716,1,0
59,221,10469,1,0
59,222,11493,1,0
59,223,24985,1,0
59,224,11854,1,0
59,225,203887,1,0
59,226,270291,1,0
59,227,179538,1,0
59,228,54689,1,0
59,229,16803,1,0
59,230,13238,1,0
59,231,11118,1,0
59,232,10850,1,0
59,233,12623,1,0
59,234,15700,1,0
59,235,21850,1,0
59,236,219401,1,0
59,237,83085,1,0
59,238,15096,1,0
59,239,10640,1,0
59,240,11217,1,0
59,241,32506,1,0
59,242,11458,1,0
59,243,10668,1,0
59,244,10961,1,0
59,245,11316,1,0
59,246,27813,1,0
59,247,11908,1,0
59,248,12693,1,0
59,249,11866,1,0
59,250,10003,1,0
59,251,15206,1,0
59,252,10933,1,0
59,253,11858,1,0
59,254,10308,1,0
59,255,11360,1,0
59,256,27612,1,0
59,257,11397,1,0
59,258,20356,1,0
59,259,11856,1,0
59,260,23706,1,0
59,261,76486,1,0
59,262,368451,1,0
59,263,163016,1,0
59,264,10643,1,0
59,265,8261,1,0
59,266,10287,1,0
59,267,88165,1,0
59,268,11652,1,0
59,269,9959,1,0
59,270,12307,1,0
59,271,11147,1,0
59,272,66580,1,0
59,273,10804,1,0
59,274,10821,1,0
59,275,10366,1,0
59,276,13748,1,0
59,277,78571,1,0
59,278,9154,1,0
59,279,10599,1,0
59,280,9926,1,0
59,281,10737,1,0
59,282,8309,1,0
59,283,9827,1,0
59,284,11461,1,0
59,285,10686,1,0
59,286,29950,1,0
59,287,33884,1,0
59,288,26572,1,0
59,289,12403,1,0
59,290,16445,1,0
59,291,11641,1,0
59,292,175835,1,0
59,293,10291,1,0
59,294,10297,1,0
59,295,12169,1,0
59,296,11305,1,0
59,297,63595,1,0
59,298,11693,1,0
59,299,11694,1,0
59,300,12544,1,0
59,301,10766,1,0
59,302,60864,1,0
59,303,11182,1,0
59,304,11872,1,0
59,305,13161,1,0
59,306,177685,1,0
59,307,547095,1,0
59,308,628321,1,0
59,309,563726,1,0
59,310,952626,1,0
59,311,743568,1,0
59,312,545830,1,0
59,313,531128,1,0
59,314,389107,1,0
59,315,280418,1,0
59,316,366009,1,0
59,317,262331,1,0
59,318,97447,1,0
59,319,12022,1,0
59,320,9806,1,0
59,321,11030,1,0
59,322,12151,1,0
59,323,11056,1,0
59,324,36563,1,0
59,325,74739,1,0
59,326,13060,1,0
59,327,11213,1,0
59,328,11773,1,0
59,329,98367,1,0
59,330,11950,1,0
59,331,148395,1,0
59,332,12562,1,0
59,333,13081,1,0
59,334,10502,1,0
59,335,12302,1,0
59,336,19596,1,0
59,337,12049,1,0
59,338,23395,1,0
59,339,10537,1,0
59,340,13994,1,0
59,341,11485,1,0
59,342,11620,1,0
59,343,11291,1,0
59,344,10551,1,0
59,345,21840,1,0
59,346,20487,1,0
59,347,11814,1,0
59,348,12318,1,0
59,349,15883,1,0
59,350,88065,1,0
59,351,174854,1,0
59,352,78742,1,0
59,353,10945,1,0
59,354,9844,1,0
59,355,10618,1,0
59,356,83540,1,0
59,357,9633,1,0
59,358,10166,1,0
59,359,12748,1,0
59,360,10540,1,0
59,361,45529,1,0
59,362,10709,1,0
59,363,9423,1,0
59,364,10473,1,0
59,365,10901,1,0
59,366,79596,1,0
59,367,11167,1,0
59,368,10319,1,0
59,369,14379,1,0
59,370,11635,1,0
59,371,10951,1,0
59,372,10322,1,0
59,373,12385,1,0
59,374,12476,1,0
59,375,12302,1,0
59,376,11803,1,0
59,377,130118,1,0
59,378,10185,1,0
59,379,12220,1,0
59,380,10377,1,0
59,381,10781,1,0
59,382,60127,1,0
59,383,10128,1,0
59,384,12561,1,0
59,385,11256,1,0
59,386,13164,1,0
59,387,61850,1,0
59,388,12079,1,0
59,389,11136,1,0
59,390,10693,1,0
59,391,11829,1,0
59,392,96839,1,0
59,393,19961,1,0
59,394,10854,1,0
59,395,10885,1,0
59,396,12233,1,0
59,397,8290,1,0
59,398,10996,1,0
59,399,10285,1,0
59,400,10976,1,0
59,401,60590,1,0
59,402,10333,1,0
59,403,10185,1,0
59,404,12242,1,0
59,405,8819,1,0
59,406,11190,1,0
59,407,12298,1,0
59,408,10460,1,0
59,409,11883,1,0
59,410,12186,1,0
59,411,10644,1,0
59,412,11844,1,0
59,413,11212,1,0
59,414,10842,1,0
59,415,12820,1,0
59,416,13383,1,0
59,417,10572,1,0
59,418,10708,1,0
59,419,10797,1,0
59,420,11578,1,0
59,421,12871,1,0
59,422,10857,1,0
59,423,11322,1,0
59,424,11820,1,0
59,425,11745,1,0
59,426,12202,1,0
59,427,10426,1,0
59,428,42556,1,0
59,429,10238,1,0
59,430,10420,1,0
59,431,9798,1,0
59,432,11327,1,0
59,433,48765,1,0
59,434,356673,1,0
59,435,187627,1,0
59,436,13728,1,0
59,437,12284,1,0
59,438,11912,1,0
59,439,90556,1,0
59,440,11182,1,0
59,441,12936,1,0
59,442,16470,1,0
59,443,10579,1,0
59,444,10913,1,0
59,445,9569,1,0
59,446,17279,1,0
59,447,10140,1,0
59,448,11524,1,0
59,449,67482,1,0
59,450,12910,1,0
59,451,11889,1,0
59,452,22864,1,0
59,453,10389,1,0
59,454,10744,1,0
59,455,10524,1,0
59,456,11884,1,0
59,457,12123,1,0
59,458,10241,1,0
59,459,147123,1,0
59,460,11833,1,0
59,461,10848,1,0
59,462,9737,1,0
59,463,10730,1,0
59,464,53104,1,0
59,465,11694,1,0
59,466,10903,1,0
59,467,11260,1,0
59,468,10978,1,0
59,469,11945,1,0
59,470,187476,1,0
59,471,185080,1,0
59,472,10760,1,0
59,473,10444,1,0
59,474,10133,1,0
59,475,10522,1,0
59,476,36488,1,0
59,477,10192,1,0
59,478,9926,1,0
59,479,12089,1,0
59,480,9831,1,0
59,481,11010,1,0
59,482,9943,1,0
59,483,11390,1,0
59,484,12046,1,0
59,485,10288,1,0
59,486,11612,1,0
59,487,11676,1,0
59,488,21112,1,0
59,489,25270,1,0
59,490,9816,1,0
59,491,28808,1,0
59,492,9742,1,0
59,493,10731,1,0
59,494,9853,1,0
59,495,9559,1,0
59,496,10738,1,0
59,497,11416,1,0
59,498,12302,1,0
59,499,11713,1,0
59,500,10758,1,0
59,501,138750,1,0
59,502,10512,1,0
59,503,12506,1,0
59,504,9987,1,0
59,505,11379,1,0
59,506,12974,1,0
59,507,11667,1,0
59,508,11379,1,0
59,509,10161,1,0
59,510,8327,1,0
59,511,76569,1,0
59,512,10457,1,0
59,513,10775,1,0
59,514,11177,1,0
59,515,16428,1,0
59,516,31292,1,0
59,517,50925,1,0
59,518,12161,1,0
59,519,10617,1,0
59,520,11071,1,0
59,521,54626,1,0
59,522,11135,1,0
59,523,10475,1,0
59,524,11283,1,0
59,525,12793,1,0
59,526,28854,1,0
59,527,12166,1,0
59,528,9283,1,0
59,529,16529,1,0
59,530,11468,1,0
59,531,12149,1,0
59,532,16649,1,0
59,533,12433,1,0
59,534,11582,1,0
59,535,11482,1,0
59,536,36197,1,0
59,537,151137,1,0
59,538,13386,1,0
59,539,14692,1,0
59,540,11874,1,0
59,541,11920,1,0
59,542,54687,1,0
59,543,10359,1,0
59,544,13087,1,0
59,545,10602,1,0
59,546,13775,1,0
59,547,74309,1,0
59,548,20721,1,0
59,549,33955,1,0
59,550,8546,1,0
59,551,31880,1,0
59,552,11174,1,0
59,553,12518,1,0
59,554,10871,1,0
59,555,11102,1,0
59,556,26425,1,0
59,557,62175,1,0
59,558,10007,1,0
59,559,10819,1,0
59,560,11383,1,0
59,561,9814,1,0
59,562,10892,1,0
59,563,10601,1,0
59,564,12016,1,0
59,565,9577,1,0
59,566,10930,1,0
59,567,60818,1,0
59,568,10566,1,0
59,569,10659,1,0
59,570,11161,1,0
59,571,11572,1,0
59,572,27663,1,0
59,573,10933,1,0
59,574,10772,1,0
59,575,10912,1,0
59,576,12560,1,0
59,577,81733,1,0
59,578,17793,1,0
59,579,10890,1,0
59,580,12397,1,0
59,581,9764,1,0
59,582,47399,1,0
59,583,12594,1,0
59,584,10653,1,0
59,585,12886,1,0
59,586,10711,1,0
59,587,253218,1,0
59,588,11593,1,0
59,589,13043,1,0
59,590,11402,1,0
59,591,14684,1,0
59,592,277822,1,0
59,593,69762,1,0
59,594,12127,1,0
59,595,8241,1,0
59,596,9152,1,0
59,597,88034,1,0
59,598,10574,1,0
59,599,10177,1,0
60,0,111049,1,0
60,1,24586,1,0
60,2,13704,1,0
60,3,12105,1,0
60,4,16275,1,0
60,5,31467,1,0
60,6,14191,1,0
60,7,63847,1,0
60,8,11290,1,0
60,9,11953,1,0
60,10,9759,1,0
60,11,12529,1,0
60,12,12387,1,0
60,13,14012,1,0
60,14,10693,1,0
60,15,10556,1,0
60,16,11688,1,0
60,17,11466,1,0
60,18,10738,1,0
60,19,11648,1,0
60,20,17233,1,0
60,21,11931,1,0
60,22,13934,1,0
60,23,12681,1,0
60,24,13175,1,0
60,25,13387,1,0
60,26,13155,1,0
60,27,11944,1,0
60,28,13166,1,0
60,29,12832,1,0
60,30,12243,1,0
60,31,12697,1,0
60,32,12589,1,0
60,33,12626,1,0
60,34,172558,1,0
60,35,128993,1,0
60,36,13590,1,0
60,37,10504,1,0
60,38,13172,1,0
60,39,69302,1,0
60,40,84734,1,0
60,41,12418,1,0
60,42,11149,1,0
60,43,11228,1,0
60,44,88797,1,0
60,45,231319,1,0
60,46,170191,1,0
60,47,127155,1,0
60,48,39962,1,0
60,49,16865,1,0
60,50,13172,1,0
60,51,20745,1,0
60,52,15830,1,0
60,53,12662,1,0
60,54,13168,1,0
60,55,11390,1,0
60,56,191224,1,0
60,57,277755,1,0
60,58,224169,1,0
60,59,111942,1,0
60,60,12456,1,0
60,61,30158,1,0
60,62,68081,1,0
60,63,12695,1,0
60,64,28841,1,0
60,65,522596,1,0
60,66,744726,1,0
60,67,959391,1,0
60,68,886852,1,0
60,69,823222,1,0
60,70,779717,1,0
60,71,701005,1,0
60,72,740636,1,0
60,73,639869,1,0
60,74,573134,1,0
60,75,473637,1,0
60,76,519490,1,0
60,77,961490,1,0
60,78,813986,1,0
60,79,638687,1,0
60,80,446470,1,0
60,81,245789,1,0
60,82,244236,1,0
60,83,258790,1,0
60,84,157895,1,0
60,85,9822,1,0
60,86,11782,1,0
60,87,13354,1,0
60,88,79787,1,0
60,89,11361,1,0
60,90,23707,1,0
60,91,12235,1,0
60,92,13986,1,0
60,93,344465,1,0
60,94,214749,1,0
60,95,59466,1,0
60,96,13404,1,0
60,97,11664,1,0
60,98,105326,1,0
60,99,12532,1,0
60,100,11680,1,0
60,101,13663,1,0
60,102,12406,1,0
60,103,68521,1,0
60,104,22626,1,0
60,105,13292,1,0
60,106,10884,1,0
60,107,12037,1,0
60,108,28531,1,0
60,109,33059,1,0
60,110,12949,1,0
60,111,466650,1,0
60,112,566146,1,0
60,113,585729,1,0
60,114,462573,1,0
60,115,368505,1,0
60,116,451882,1,0
60,117,448971,1,0
60,118,320808,1,0
60,119,162182,1,0
60,120,10709,1,0
60,121,33427,1,0
60,122,60944,1,0
60,123,10803,1,0
60,124,10667,1,0
60,125,12709,1,0
60,126,12697,1,0
60,127,92535,1,0
60,128,14731,1,0
60,129,13736,1,0
60,130,9893,1,0
60,131,11980,1,0
60,132,70632,1,0
60,133,13137,1,0
60,134,12451,1,0
60,135,12807,1,0
60,136,13931,1,0
60,137,20291,1,0
60,138,12464,1,0
60,139,11464,1,0
60,140,11874,1,0
60,141,10064,1,0
60,142,11149,1,0
60,143,172641,1,0
60,144,136164,1,0
60,145,9160,1,0
60,146,9974,1,0
60,147,11075,1,0
60,148,22449,1,0
60,149,51913,1,0
60,150,13709,1,0
60,151,10250,1,0
60,152,12774,1,0
60,153,10019,1,0
60,154,43356,1,0
60,155,10179,1,0
60,156,12105,1,0
60,157,12144,1,0
60,158,9244,1,0
60,159,86039,1,0
60,160,9871,1,0
60,161,9483,1,0
60,162,10607,1,0
60,163,10696,1,0
60,164,57573,1,0
60,165,10100,1,0
60,166,12903,1,0
60,167,14293,1,0
60,168,13734,1,0
60,169,47450,1,0
60,170,9737,1,0
60,171,10288,1,0
60,172,10323,1,0
60,173,9920,1,0
60,174,64437,1,0
60,175,10763,1,0
60,176,12444,1,0
60,177,10897,1,0
60,178,13286,1,0
60,179,30914,1,0
60,180,49371,1,0
60,181,9807,1,0
60,182,9995,1,0
60,183,9913,1,0
60,184,12972,1,0
60,185,78275,1,0
60,186,12304,1,0
60,187,9738,1,0
60,188,9873,1,0
60,189,11868,1,0
60,190,64191,1,0
60,191,9946,1,0
60,192,12231,1,0
60,193,11670,1,0
60,194,12708,1,0
60,195,34289,1,0
60,196,9797,1,0
60,197,10515,1,0
60,198,9667,1,0
60,199,10141,1,0
60,200,43006,1,0
60,201,10651,1,0
60,202,9565,1,0
60,203,13431,1,0
60,204,9970,1,0
60,205,55855,1,0
60,206,10700,1,0
60,207,10204,1,0
60,208,13941,1,0
60,209,14069,1,0
60,210,55872,1,0
60,211,10114,1,0
60,212,13712,1,0
60,213,12593,1,0
60,214,12428,1,0
60,215,9587,1,0
60,216,10336,1,0
60,217,9788,1,0
60,218,9792,1,0
60,219,11831,1,0
60,220,68800,1,0
60,221,11586,1,0
60,222,10503,1,0
60,223,22148,1,0
60,224,8977,1,0
60,225,200364,1,0
60,226,270082,1,0
60,227,178464,1,0
60,228,52415,1,0
60,229,13393,1,0
60,230,11857,1,0
60,231,10438,1,0
60,232,9095,1,0
60,233,9861,1,0
60,234,13466,1,0
60,235,21637,1,0
60,236,217332,1,0
60,237,83654,1,0
60,238,12260,1,0
60,239,10683,1,0
60,240,11208,1,0
60,241,29498,1,0
60,242,12949,1,0
60,243,10020,1,0
60,244,10118,1,0
60,245,12009,1,0
60,246,24949,1,0
60,247,10244,1,0
60,248,9819,1,0
60,249,10337,1,0
60,250,10169,1,0
60,251,14067,1,0
60,252,11770,1,0
60,253,10134,1,0
60,254,10667,1,0
60,255,10840,1,0
60,256,23123,1,0
60,257,11641,1,0
60,258,18566,1,0
60,259,10678,1,0
60,260,22910,1,0
60,261,87829,1,0
60,262,364709,1,0
60,263,158802,1,0
60,264,10367,1,0
60,265,10325,1,0
60,266,11604,1,0
60,267,84801,1,0
60,268,10569,1,0
60,269,10439,1,0
60,270,9889,1,0
60,271,10115,1,0
60,272,61854,1,0
60,273,10147,1,0
60,274,10244,1,0
60,275,10707,1,0
60,276,13799,1,0
60,277,75369,1,0
60,278,10217,1,0
60,279,11559,1,0
60,280,11491,1,0
60,281,10363,1,0
60,282,10649,1,0
60,283,10133,1,0
60,284,12219,1,0
60,285,12176,1,0
60,286,29630,1,0
60,287,29147,1,0
60,288,24507,1,0
60,289,10214,1,0
60,290,13561,1,0
60,291,13188,1,0
60,292,171050,1,0
60,293,12382,1,0
60,294,9718,1,0
60,295,10647,1,0
60,296,12677,1,0
60,297,61272,1,0
60,298,9899,1,0
60,299,10758,1,0
60,300,10846,1,0
60,301,9865,1,0
60,302,35875,1,0
60,303,14436,1,0
60,304,11154,1,0
60,305,12940,1,0
60,306,177121,1,0
60,307,548218,1,0
60,308,626258,1,0
60,309,560735,1,0
60,310,947416,1,0
60,311,740807,1,0
60,312,542144,1,0
60,313,528313,1,0
60,314,387405,1,0
60,315,278542,1,0
60,316,362097,1,0
60,317,258715,1,0
60,318,93731,1,0
60,319,13772,1,0
60,320,10291,1,0
60,321,11500,1,0
60,322,10800,1,0
60,323,9675,1,0
60,324,33300,1,0
60,325,70912,1,0
60,326,12148,1,0
60,327,10341,1,0
60,328,11515,1,0
60,329,94138,1,0
60,330,10690,1,0
60,331,146728,1,0
60,332,11798,1,0
60,333,11906,1,0
60,334,10483,1,0
60,335,33297,1,0
60,336,15559,1,0
60,337,12972,1,0
60,338,24472,1,0
60,339,13153,1,0
60,340,10938,1,0
60,341,10273,1,0
60,342,11342,1,0
60,343,9619,1,0
60,344,10538,1,0
60,345,17872,1,0
60,346,16909,1,0
60,347,11840,1,0
60,348,13663,1,0
60,349,14338,1,0
60,350,85022,1,0
60,351,170392,1,0
60,352,75374,1,0
60,353,10653,1,0
60,354,11672,1,0
60,355,11400,1,0
60,356,81209,1,0
60,357,11777,1,0
60,358,11434,1,0
60,359,10524,1,0
60,360,10193,1,0
60,361,42485,1,0
60,362,9757,1,0
60,363,9653,1,0
60,364,10306,1,0
60,365,10291,1,0
60,366,77334,1,0
60,367,11529,1,0
60,368,12022,1,0
60,369,11577,1,0
60,370,9904,1,0
60,371,9668,1,0
60,372,9577,1,0
60,373,9941,1,0
60,374,10389,1,0
60,375,13772,1,0
60,376,11860,1,0
60,377,125591,1,0
60,378,10737,1,0
60,379,11013,1,0
60,380,12264,1,0
60,381,10771,1,0
60,382,56685,1,0
60,383,10396,1,0
60,384,11211,1,0
60,385,10223,1,0
60,386,10360,1,0
60,387,70883,1,0
60,388,12636,1,0
60,389,11127,1,0
60,390,11141,1,0
60,391,14111,1,0
60,392,102279,1,0
60,393,16781,1,0
60,394,9954,1,0
60,395,10098,1,0
60,396,11283,1,0
60,397,21061,1,0
60,398,10475,1,0
60,399,8945,1,0
60,400,10155,1,0
60,401,57984,1,0
60,402,10729,1,0
60,403,12101,1,0
60,404,10814,1,0
60,405,10393,1,0
60,406,13681,1,0
60,407,9550,1,0
60,408,12310,1,0
60,409,16581,1,0
60,410,13417,1,0
60,411,11165,1,0
60,412,12197,1,0
60,413,10540,1,0
60,414,9751,1,0
60,415,10196,1,0
60,416,15301,1,0
60,417,9567,1,0
60,418,12390,1,0
60,419,10935,1,0
60,420,10993,1,0
60,421,13687,1,0
60,422,13295,1,0
60,423,9994,1,0
60,424,11031,1,0
60,425,11005,1,0
60,426,12661,1,0
60,427,10794,1,0
60,428,52182,1,0
60,429,9322,1,0
60,430,10352,1,0
60,431,10931,1,0
60,432,11747,1,0
60,433,45330,1,0
60,434,354173,1,0
60,435,183487,1,0
60,436,13966,1,0
60,437,11844,1,0
60,438,10668,1,0
60,439,86592,1,0
60,440,12332,1,0
60,441,11299,1,0
60,442,13373,1,0
60,443,9635,1,0
60,444,10836,1,0
60,445,10969,1,0
60,446,14334,1,0
60,447,10328,1,0
60,448,9097,1,0
60,449,66058,1,0
60,450,10808,1,0
60,451,11683,1,0
60,452,21554,1,0
60,453,9208,1,0
60,454,9546,1,0
60,455,10155,1,0
60,456,13389,1,0
60,457,10924,1,0
60,458,12369,1,0
60,459,156882,1,0
60,460,12262,1,0
60,461,9834,1,0
60,462,10572,1,0
60,463,12539,1,0
60,464,50019,1,0
60,465,11929,1,0
60,466,14484,1,0
60,467,9546,1,0
60,468,10311,1,0
60,469,10665,1,0
60,470,196557,1,0
60,471,181176,1,0
60,472,10871,1,0
60,473,10191,1,0
60,474,11426,1,0
60,475,9383,1,0
60,476,33941,1,0
60,477,9911,1,0
60,478,10418,1,0
60,479,13895,1,0
60,480,11558,1,0
60,481,12827,1,0
60,482,10623,1,0
60,483,10040,1,0
60,484,11458,1,0
60,485,12455,1,0
60,486,12603,1,0
60,487,10446,1,0
60,488,18783,1,0
60,489,22264,1,0
60,490,10484,1,0
60,491,26654,1,0
60,492,10567,1,0
60,493,11790,1,0
60,494,11471,1,0
60,495,10985,1,0
60,496,11890,1,0
60,497,9954,1,0
60,498,9923,1,0
60,499,12858,1,0
60,500,9421,1,0
60,501,133434,1,0
60,502,10973,1,0
60,503,12474,1,0
60,504,8971,1,0
60,505,10094,1,0
60,506,11994,1,0
60,507,9489,1,0
60,508,10443,1,0
60,509,10604,1,0
60,510,11821,1,0
60,511,72669,1,0
60,512,10023,1,0
60,513,12635,1,0
60,514,14873,1,0
60,515,12583,1,0
60,516,28012,1,0
60,517,47789,1,0
60,518,10089,1,0
60,519,11366,1,0
60,520,11719,1,0
60,521,53592,1,0
60,522,11900,1,0
60,523,11808,1,0
60,524,12563,1,0
60,525,10906,1,0
60,526,40715,1,0
60,527,10709,1,0
60,528,11132,1,0
60,529,12495,1,0
60,530,11613,1,0
60,531,9885,1,0
60,532,13517,1,0
60,533,11718,1,0
60,534,10392,1,0
60,535,11698,1,0
60,536,43681,1,0
60,537,147595,1,0
60,538,10837,1,0
60,539,13015,1,0
60,540,12313,1,0
60,541,13468,1,0
60,542,86002,1,0
60,543,12616,1,0
60,544,9693,1,0
60,545,9956,1,0
60,546,13111,1,0
60,547,69923,1,0
60,548,20091,1,0
60,549,30630,1,0
60,550,12213,1,0
60,551,40629,1,0
60,552,14055,1,0
60,553,14555,1,0
60,554,11927,1,0
60,555,10609,1,0
60,556,21867,1,0
60,557,57874,1,0
60,558,9623,1,0
60,559,9625,1,0
60,560,9472,1,0
60,561,8436,1,0
60,562,10761,1,0
60,563,10459,1,0
60,564,13128,1,0
60,565,10264,1,0
60,566,9329,1,0
60,567,55943,1,0
60,568,11424,1,0
60,569,11670,1,0
60,570,9910,1,0
60,571,8996,1,0
60,572,22206,1,0
60,573,9995,1,0
60,574,10211,1,0
60,575,9965,1,0
60,576,10675,1,0
60,577,77386,1,0
60,578,16207,1,0
60,579,9929,1,0
60,580,11615,1,0
60,581,11225,1,0
60,582,44536,1,0
60,583,13655,1,0
60,584,9573,1,0
60,585,10464,1,0
60,586,10321,1,0
60,587,251418,1,0
60,588,12752,1,0
60,589,12871,1,0
60,590,10012,1,0
60,591,13472,1,0
60,592,273871,1,0
60,593,64711,1,0
60,594,11931,1,0
60,595,9469,1,0
60,596,10126,1,0
60,597,98544,1,0
60,598,9473,1,0
60,599,11682,1,0
61,0,111613,1,0
61,1,23525,1,0
61,2,11558,1,0
61,3,13415,1,0
61,4,19322,1,0
61,5,29940,1,0
61,6,14854,1,0
61,7,61870,1,0
61,8,19177,1,0
61,9,11366,1,0
61,10,12632,1,0
61,11,11017,1,0
61,12,16025,1,0
61,13,13596,1,0
61,14,11797,1,0
61,15,12750,1,0
61,16,15060,1,0
61,17,11816,1,0
61,18,12181,1,0
61,19,15429,1,0
61,20,19157,1,0
61,21,12055,1,0
61,22,12699,1,0
61,23,11111,1,0
61,24,12102,1,0
61,25,12799,1,0
61,26,12663,1,0
61,27,13421,1,0
61,28,10764,1,0
61,29,11601,1,0
61,30,11608,1,0
61,31,10917,1,0
61,32,13360,1,0
61,33,11254,1,0
61,34,185792,1,0
61,35,126872,1,0
61,36,12412,1,0
61,37,11204,1,0
61,38,11499,1,0
61,39,69484,1,0
61,40,83217,1,0
61,41,12323,1,0
61,42,12675,1,0
61,43,11906,1,0
61,44,92419,1,0
61,45,244717,1,0
61,46,168596,1,0
61,47,125655,1,0
61,48,40377,1,0
61,49,15028,1,0
61,50,11667,1,0
61,51,19986,1,0
61,52,13712,1,0
61,53,11155,1,0
61,54,10019,1,0
61,55,11056,1,0
61,56,204429,1,0
61,57,280134,1,0
61,58,241863,1,0
61,59,108918,1,0
61,60,11559,1,0
61,61,44657,1,0
61,62,68274,1,0
61,63,11594,1,0
61,64,28063,1,0
61,65,523037,1,0
61,66,753438,1,0
61,67,960667,1,0
61,68,886692,1,0
61,69,824597,1,0
61,70,778599,1,0
61,71,707634,1,0
61,72,740444,1,0
61,73,639576,1,0
61,74,572515,1,0
61,75,473734,1,0
61,76,522359,1,0
61,77,960072,1,0
61,78,811446,1,0
61,79,637765,1,0
61,80,444757,1,0
61,81,245271,1,0
61,82,244553,1,0
61,83,257873,1,0
61,84,155800,1,0
61,85,13513,1,0
61,86,11610,1,0
61,87,11583,1,0
61,88,78060,1,0
61,89,11591,1,0
61,90,27922,1,0
61,91,11773,1,0
61,92,13947,1,0
61,93,342021,1,0
61,94,213391,1,0
61,95,57283,1,0
61,96,11749,1,0
61,97,13544,1,0
61,98,106620,1,0
61,99,11568,1,0
61,100,12633,1,0
61,101,11747,1,0
61,102,11783,1,0
61,103,67075,1,0
61,104,20642,1,0
61,105,12413,1,0
61,106,10903,1,0
61,107,11935,1,0
61,108,24513,1,0
61,109,28753,1,0
61,110,10656,1,0
61,111,464653,1,0
61,112,565891,1,0
61,113,584454,1,0
61,114,462793,1,0
61,115,364438,1,0
61,116,453754,1,0
61,117,445906,1,0
61,118,316987,1,0
61,119,162283,1,0
61,120,11522,1,0
61,121,32884,1,0
61,122,58343,1,0
61,123,10648,1,0
61,124,11761,1,0
61,125,13433,1,0
61,126,10241,1,0
61,127,89082,1,0
61,128,13518,1,0
61,129,13125,1,0
61,130,11734,1,0
61,131,12009,1,0
61,132,68385,1,0
61,133,11486,1,0
61,134,10450,1,0
61,135,10902,1,0
61,136,12487,1,0
61,137,16861,1,0
61,138,9111,1,0
61,139,11551,1,0
61,140,11228,1,0
61,141,11228,1,0
61,142,13769,1,0
61,143,182364,1,0
61,144,133603,1,0
61,145,11098,1,0
61,146,10806,1,0
61,147,12001,1,0
61,148,21000,1,0
61,149,48502,1,0
61,150,11314,1,0
61,151,12225,1,0
61,152,13268,1,0
61,153,12661,1,0
61,154,43413,1,0
61,155,12801,1,0
61,156,12727,1,0
61,157,15290,1,0
61,158,11518,1,0
61,159,83789,1,0
61,160,11090,1,0
61,161,9702,1,0
61,162,11144,1,0
61,163,10966,1,0
61,164,53762,1,0
61,165,9060,1,0
61,166,12713,1,0
61,167,13205,1,0
61,168,11501,1,0
61,169,43610,1,0
61,170,11038,1,0
61,171,10235,1,0
61,172,10954,1,0
61,173,10716,1,0
61,174,60751,1,0
61,175,12415,1,0
61,176,14694,1,0
61,177,10464,1,0
61,178,11494,1,0
61,179,28211,1,0
61,180,44676,1,0
61,181,11479,1,0
61,182,11014,1,0
61,183,10736,1,0
61,184,10428,1,0
61,185,74874,1,0
61,186,9321,1,0
61,187,12298,1,0
61,188,11408,1,0
61,189,10441,1,0
61,190,61679,1,0
61,191,10991,1,0
61,192,11631,1,0
61,193,10890,1,0
61,194,10426,1,0
61,195,31017,1,0
61,196,11212,1,0
61,197,11459,1,0
61,198,11348,1,0
61,199,13251,1,0
61,200,41073,1,0
61,201,11211,1,0
61,202,11339,1,0
61,203,9433,1,0
61,204,11422,1,0
61,205,67261,1,0
61,206,11196,1,0
61,207,11185,1,0
61,208,11942,1,0
61,209,13671,1,0
61,210,53202,1,0
61,211,11065,1,0
61,212,12185,1,0
61,213,9977,1,0
61,214,9655,1,0
61,215,10318,1,0
61,216,11585,1,0
61,217,12175,1,0
61,218,10777,1,0
61,219,12061,1,0
61,220,65577,1,0
61,221,11108,1,0
61,222,11479,1,0
61,223,19171,1,0
61,224,10754,1,0
61,225,213718,1,0
61,226,271049,1,0
61,227,177073,1,0
61,228,53279,1,0
61,229,10857,1,0
61,230,11193,1,0
61,231,10005,1,0
61,232,14924,1,0
61,233,10926,1,0
61,234,11656,1,0
61,235,26863,1,0
61,236,227077,1,0
61,237,81858,1,0
61,238,11868,1,0
61,239,11530,1,0
61,240,11085,1,0
61,241,42309,1,0
61,242,11541,1,0
61,243,11792,1,0
61,244,11673,1,0
61,245,11997,1,0
61,246,21727,1,0
61,247,11030,1,0
61,248,10706,1,0
61,249,9249,1,0
61,250,9881,1,0
61,251,18018,1,0
61,252,9349,1,0
61,253,12750,1,0
61,254,9759,1,0
61,255,13400,1,0
61,256,35078,1,0
61,257,11804,1,0
61,258,19593,1,0
61,259,12753,1,0
61,260,22669,1,0
61,261,84574,1,0
61,262,361088,1,0
61,263,155529,1,0
61,264,11472,1,0
61,265,10875,1,0
61,266,9051,1,0
61,267,83789,1,0
61,268,12789,1,0
61,269,8980,1,0
61,270,10282,1,0
61,271,9914,1,0
61,272,60178,1,0
61,273,14337,1,0
61,274,11743,1,0
61,275,11318,1,0
61,276,12264,1,0
61,277,72503,1,0
61,278,11831,1,0
61,279,9581,1,0
61,280,13560,1,0
61,281,9729,1,0
61,282,11729,1,0
61,283,11105,1,0
61,284,12391,1,0
61,285,11142,1,0
61,286,28235,1,0
61,287,25068,1,0
61,288,23210,1,0
61,289,12107,1,0
61,290,11146,1,0
61,291,12820,1,0
61,292,168608,1,0
61,293,11236,1,0
61,294,12187,1,0
61,295,11914,1,0
61,296,12626,1,0
61,297,59637,1,0
61,298,11822,1,0
61,299,10580,1,0
61,300,11668,1,0
61,301,12216,1,0
61,302,11737,1,0
61,303,12473,1,0
61,304,10609,1,0
61,305,11561,1,0
61,306,177787,1,0
61,307,548728,1,0
61,308,625117,1,0
61,309,565966,1,0
61,310,943385,1,0
61,311,737130,1,0
61,312,539932,1,0
61,313,525199,1,0
61,314,386427,1,0
61,315,276610,1,0
61,316,360130,1,0
61,317,256433,1,0
61,318,90735,1,0
61,319,12947,1,0
61,320,11027,1,0
61,321,11644,1,0
61,322,12500,1,0
61,323,10619,1,0
61,324,43770,1,0
61,325,67847,1,0
61,326,12443,1,0
61,327,9448,1,0
61,328,11673,1,0
61,329,93335,1,0
61,330,11204,1,0
61,331,145736,1,0
61,332,12491,1,0
61,333,13276,1,0
61,334,11091,1,0
61,335,29372,1,0
61,336,12326,1,0
61,337,12435,1,0
61,338,23252,1,0
61,339,12939,1,0
61,340,24286,1,0
61,341,11017,1,0
61,342,11356,1,0
61,343,17188,1,0
61,344,12155,1,0
61,345,26827,1,0
61,346,16293,1,0
61,347,12251,1,0
61,348,12406,1,0
61,349,12012,1,0
61,350,81972,1,0
61,351,168670,1,0
61,352,73416,1,0
61,353,11044,1,0
61,354,11867,1,0
61,355,11317,1,0
61,356,78153,1,0
61,357,8866,1,0
61,358,10936,1,0
61,359,11211,1,0
61,360,8777,1,0
61,361,51316,1,0
61,362,11828,1,0
61,363,11729,1,0
61,364,9585,1,0
61,365,10651,1,0
61,366,73275,1,0
61,367,10473,1,0
61,368,11719,1,0
61,369,11324,1,0
61,370,11452,1,0
61,371,9635,1,0
61,372,10666,1,0
61,373,8901,1,0
61,374,11094,1,0
61,375,10714,1,0
61,376,11447,1,0
61,377,121580,1,0
61,378,10147,1,0
61,379,10742,1,0
61,380,8605,1,0
61,381,11039,1,0
61,382,52734,1,0
61,383,11150,1,0
61,384,11779,1,0
61,385,12254,1,0
61,386,11564,1,0
61,387,67779,1,0
61,388,12466,1,0
61,389,12508,1,0
61,390,9020,1,0
61,391,11547,1,0
61,392,99996,1,0
61,393,13598,1,0
61,394,8537,1,0
61,395,10551,1,0
61,396,10730,1,0
61,397,24080,1,0
61,398,11423,1,0
61,399,11935,1,0
61,400,13003,1,0
61,401,58004,1,0
61,402,10201,1,0
61,403,9818,1,0
61,404,11895,1,0
61,405,10510,1,0
61,406,11270,1,0
61,407,12402,1,0
61,408,11557,1,0
61,409,15959,1,0
61,410,12493,1,0
61,411,11210,1,0
61,412,11234,1,0
61,413,11338,1,0
61,414,10677,1,0
61,415,13296,1,0
61,416,14900,1,0
61,417,10467,1,0
61,418,11448,1,0
61,419,12782,1,0
61,420,11709,1,0
61,421,11638,1,0
61,422,11053,1,0
61,423,10492,1,0
61,424,10181,1,0
61,425,11972,1,0
61,426,9573,1,0
61,427,11162,1,0
61,428,48798,1,0
61,429,10352,1,0
61,430,12134,1,0
61,431,10764,1,0
61,432,11942,1,0
61,433,50199,1,0
61,434,352673,1,0
61,435,181420,1,0
61,436,11216,1,0
61,437,11336,1,0
61,438,11597,1,0
61,439,84344,1,0
61,440,12193,1,0
61,441,11614,1,0
61,442,11126,1,0
61,443,10846,1,0
61,444,11108,1,0
61,445,10372,1,0
61,446,12488,1,0
61,447,11659,1,0
61,448,13622,1,0
61,449,64119,1,0
61,450,11327,1,0
61,451,11548,1,0
61,452,20478,1,0
61,453,10665,1,0
61,454,11638,1,0
61,455,12439,1,0
61,456,11233,1,0
61,457,11027,1,0
61,458,11412,1,0
61,459,155015,1,0
61,460,12575,1,0
61,461,9256,1,0
61,462,11274,1,0
61,463,12728,1,0
61,464,47159,1,0
61,465,12233,1,0
61,466,12525,1,0
61,467,10692,1,0
61,468,9633,1,0
61,469,11477,1,0
61,470,196900,1,0
61,471,177307,1,0
61,472,12564,1,0
61,473,10474,1,0
61,474,12643,1,0
61,475,9354,1,0
61,476,33462,1,0
61,477,10230,1,0
61,478,12216,1,0
61,479,12296,1,0
61,480,11378,1,0
61,481,10920,1,0
61,482,10763,1,0
61,483,13258,1,0
61,484,11853,1,0
61,485,10928,1,0
61,486,13155,1,0
61,487,10774,1,0
61,488,17286,1,0
61,489,19608,1,0
61,490,11501,1,0
61,491,24426,1,0
61,492,10177,1,0
61,493,13181,1,0
61,494,9571,1,0
61,495,10942,1,0
61,496,11633,1,0
61,497,17107,1,0
61,498,11937,1,0
61,499,9225,1,0
61,500,11618,1,0
61,501,128979,1,0
61,502,10888,1,0
61,503,12542,1,0
61,504,12034,1,0
61,505,12488,1,0
61,506,11285,1,0
61,507,11339,1,0
61,508,12122,1,0
61,509,11885,1,0
61,510,9606,1,0
61,511,68457,1,0
61,512,10938,1,0
61,513,9462,1,0
61,514,14007,1,0
61,515,10821,1,0
61,516,41409,1,0
61,517,45530,1,0
61,518,10745,1,0
61,519,12282,1,0
61,520,12612,1,0
61,521,64537,1,0
61,522,8946,1,0
61,523,8506,1,0
61,524,11095,1,0
61,525,11072,1,0
61,526,36762,1,0
61,527,10488,1,0
61,528,10866,1,0
61,529,9217,1,0
61,530,11500,1,0
61,531,12211,1,0
61,532,12509,1,0
61,533,12335,1,0
61,534,11521,1,0
61,535,16373,1,0
61,536,43704,1,0
61,537,145706,1,0
61,538,12681,1,0
61,539,12706,1,0
61,540,11623,1,0
61,541,12801,1,0
61,542,49807,1,0
61,543,10894,1,0
61,544,11278,1,0
61,545,10515,1,0
61,546,11056,1,0
61,547,65791,1,0
61,548,16927,1,0
61,549,28300,1,0
61,550,11202,1,0
61,551,37500,1,0
61,552,12454,1,0
61,553,12681,1,0
61,554,10623,1,0
61,555,9758,1,0
61,556,32881,1,0
61,557,55236,1,0
61,558,11103,1,0
61,559,11284,1,0
61,560,9337,1,0
61,561,11488,1,0
61,562,12973,1,0
61,563,12077,1,0
61,564,9621,1,0
61,565,10500,1,0
61,566,10577,1,0
61,567,52167,1,0
61,568,9302,1,0
61,569,11507,1,0
61,570,10598,1,0
61,571,10936,1,0
61,572,18862,1,0
61,573,10935,1,0
61,574,11373,1,0
61,575,11512,1,0
61,576,12266,1,0
61,577,73917,1,0
61,578,14381,1,0
61,579,10851,1,0
61,580,11169,1,0
61,581,10464,1,0
61,582,40698,1,0
61,583,10486,1,0
61,584,10633,1,0
61,585,11968,1,0
61,586,11822,1,0
61,587,248132,1,0
61,588,8110,1,0
61,589,11640,1,0
61,590,9423,1,0
61,591,13074,1,0
61,592,270911,1,0
61,593,60714,1,0
61,594,11433,1,0
61,595,8797,1,0
61,596,10462,1,0
61,597,96654,1,0
61,598,9021,1,0
61,599,11173,1,0
62,0,115744,1,0
62,1,23127,1,0
62,2,10639,1,0
62,3,14685,1,0
62,4,21099,1,0
62,5,28933,1,0
62,6,15582,1,0
62,7,62593,1,0
62,8,20874,1,0
62,9,11434,1,0
62,10,13893,1,0
62,11,10506,1,0
62,12,15167,1,0
62,13,13140,1,0
62,14,11179,1,0
62,15,10649,1,0
62,16,13302,1,0
62,17,11502,1,0
62,18,17460,1,0
62,19,12572,1,0
62,20,21647,1,0
62,21,14184,1,0
62,22,12117,1,0
62,23,12316,1,0
62,24,12362,1,0
62,25,11936,1,0
62,26,10250,1,0
62,27,12472,1,0
62,28,12083,1,0
62,29,13444,1,0
62,30,11268,1,0
62,31,12062,1,0
62,32,14478,1,0
62,33,12823,1,0
62,34,183232,1,0
62,35,123955,1,0
62,36,11942,1,0
62,37,10781,1,0
62,38,12332,1,0
62,39,68695,1,0
62,40,82810,1,0
62,41,10800,1,0
62,42,11916,1,0
62,43,11406,1,0
62,44,91233,1,0
62,45,245949,1,0
62,46,168027,1,0
62,47,125348,1,0
62,48,39874,1,0
62,49,14658,1,0
62,50,13938,1,0
62,51,18609,1,0
62,52,11048,1,0
62,53,12098,1,0
62,54,13637,1,0
62,55,13918,1,0
62,56,202637,1,0
62,57,281574,1,0
62,58,241311,1,0
62,59,106934,1,0
62,60,10339,1,0
62,61,46987,1,0
62,62,66846,1,0
62,63,10619,1,0
62,64,27047,1,0
62,65,523212,1,0
62,66,756719,1,0
62,67,960927,1,0
62,68,885344,1,0
62,69,823929,1,0
62,70,777952,1,0
62,71,14868,1,0
62,72,740234,1,0
62,73,637624,1,0
62,74,571274,1,0
62,75,472310,1,0
62,76,530320,1,0
62,77,958366,1,0
62,78,810424,1,0
62,79,635817,1,0
62,80,444090,1,0
62,81,242839,1,0
62,82,243378,1,0
62,83,256254,1,0
62,84,153704,1,0
62,85,13735,1,0
62,86,10307,1,0
62,87,12472,1,0
62,88,76493,1,0
62,89,10916,1,0
62,90,30478,1,0
62,91,11775,1,0
62,92,13273,1,0
62,93,352924,1,0
62,94,211695,1,0
62,95,55351,1,0
62,96,12255,1,0
62,97,11848,1,0
62,98,107491,1,0
62,99,9958,1,0
62,100,12966,1,0
62,101,11091,1,0
62,102,11910,1,0
62,103,80953,1,0
62,104,20268,1,0
62,105,10633,1,0
62,106,10719,1,0
62,107,12449,1,0
62,108,34592,1,0
62,109,26658,1,0
62,110,11401,1,0
62,111,462681,1,0
62,112,566062,1,0
62,113,584425,1,0
62,114,462908,1,0
62,115,361783,1,0
62,116,454135,1,0
62,117,443798,1,0
62,118,315739,1,0
62,119,162413,1,0
62,120,11069,1,0
62,121,30660,1,0
62,122,55323,1,0
62,123,11022,1,0
62,124,11596,1,0
62,125,12226,1,0
62,126,15307,1,0
62,127,93238,1,0
62,128,12042,1,0
62,129,13544,1,0
62,130,10775,1,0
62,131,10322,1,0
62,132,64908,1,0
62,133,10464,1,0
62,134,10889,1,0
62,135,11666,1,0
62,136,11171,1,0
62,137,87556,1,0
62,138,10357,1,0
62,139,13356,1,0
62,140,10616,1,0
62,141,9622,1,0
62,142,12307,1,0
62,143,183042,1,0
62,144,131788,1,0
62,145,12479,1,0
62,146,12246,1,0
62,147,11802,1,0
62,148,19495,1,0
62,149,44525,1,0
62,150,10837,1,0
62,151,10147,1,0
62,152,12156,1,0
62,153,10471,1,0
62,154,40650,1,0
62,155,10127,1,0
62,156,10711,1,0
62,157,14863,1,0
62,158,9923,1,0
62,159,81765,1,0
62,160,10768,1,0
62,161,9745,1,0
62,162,11079,1,0
62,163,10823,1,0
62,164,57060,1,0
62,165,12134,1,0
62,166,11249,1,0
62,167,13664,1,0
62,168,9706,1,0
62,169,40064,1,0
62,170,9607,1,0
62,171,11026,1,0
62,172,11266,1,0
62,173,10483,1,0
62,174,58859,1,0
62,175,10150,1,0
62,176,13662,1,0
62,177,11674,1,0
62,178,10995,1,0
62,179,25754,1,0
62,180,40886,1,0
62,181,9977,1,0
62,182,12571,1,0
62,183,12211,1,0
62,184,10782,1,0
62,185,71966,1,0
62,186,10949,1,0
62,187,11844,1,0
62,188,10529,1,0
62,189,11503,1,0
62,190,60773,1,0
62,191,13156,1,0
62,192,12535,1,0
62,193,11022,1,0
62,194,10769,1,0
62,195,27834,1,0
62,196,11322,1,0
62,197,9989,1,0
62,198,9805,1,0
62,199,12697,1,0
62,200,39824,1,0
62,201,11141,1,0
62,202,11988,1,0
62,203,10963,1,0
62,204,9737,1,0
62,205,63953,1,0
62,206,11300,1,0
62,207,10917,1,0
62,208,10511,1,0
62,209,11774,1,0
62,210,51403,1,0
62,211,9487,1,0
62,212,10890,1,0
62,213,12511,1,0
62,214,11715,1,0
62,215,11784,1,0
62,216,9932,1,0
62,217,9790,1,0
62,218,10140,1,0
62,219,13243,1,0
62,220,63945,1,0
62,221,10084,1,0
62,222,11151,1,0
62,223,17445,1,0
62,224,11684,1,0
62,225,212769,1,0
62,226,270998,1,0
62,227,175366,1,0
62,228,52605,1,0
62,229,11494,1,0
62,230,11055,1,0
62,231,10898,1,0
62,232,11532,1,0
62,233,9871,1,0
62,234,10928,1,0
62,235,34663,1,0
62,236,226577,1,0
62,237,78712,1,0
62,238,11691,1,0
62,239,11270,1,0
62,240,11105,1,0
62,241,38771,1,0
62,242,11282,1,0
62,243,17514,1,0
62,244,9565,1,0
62,245,12147,1,0
62,246,35446,1,0
62,247,10543,1,0
62,248,10725,1,0
62,249,12830,1,0
62,250,9957,1,0
62,251,16594,1,0
62,252,10241,1,0
62,253,11724,1,0
62,254,12552,1,0
62,255,13258,1,0
62,256,31387,1,0
62,257,12684,1,0
62,258,20018,1,0
62,259,10146,1,0
62,260,21559,1,0
62,261,82162,1,0
62,262,357845,1,0
62,263,151851,1,0
62,264,10738,1,0
62,265,11451,1,0
62,266,11884,1,0
62,267,79864,1,0
62,268,10018,1,0
62,269,9583,1,0
62,270,10825,1,0
62,271,9969,1,0
62,272,56380,1,0
62,273,13070,1,0
62,274,10677,1,0
62,275,10427,1,0
62,276,11427,1,0
62,277,69859,1,0
62,278,9422,1,0
62,279,12046,1,0
62,280,11720,1,0
62,281,9640,1,0
62,282,9864,1,0
62,283,11327,1,0
62,284,10337,1,0
62,285,11094,1,0
62,286,27343,1,0
62,287,22275,1,0
62,288,20184,1,0
62,289,10151,1,0
62,290,10930,1,0
62,291,12692,1,0
62,292,166828,1,0
62,293,11900,1,0
62,294,11266,1,0
62,295,10517,1,0
62,296,14796,1,0
62,297,56396,1,0
62,298,9806,1,0
62,299,11519,1,0
62,300,10384,1,0
62,301,11464,1,0
62,302,32138,1,0
62,303,11654,1,0
62,304,11453,1,0
62,305,12255,1,0
62,306,180765,1,0
62,307,550489,1,0
62,308,624413,1,0
62,309,564653,1,0
62,310,940565,1,0
62,311,739805,1,0
62,312,539644,1,0
62,313,521753,1,0
62,314,386213,1,0
62,315,274394,1,0
62,316,361197,1,0
62,317,255453,1,0
62,318,90707,1,0
62,319,12550,1,0
62,320,10390,1,0
62,321,10202,1,0
62,322,11596,1,0
62,323,10859,1,0
62,324,40432,1,0
62,325,65078,1,0
62,326,11037,1,0
62,327,13097,1,0
62,328,10026,1,0
62,329,92564,1,0
62,330,12184,1,0
62,331,144937,1,0
62,332,10762,1,0
62,333,12040,1,0
62,334,11072,1,0
62,335,27378,1,0
62,336,9681,1,0
62,337,10682,1,0
62,338,21341,1,0
62,339,12224,1,0
62,340,22299,1,0
62,341,11136,1,0
62,342,9849,1,0
62,343,15796,1,0
62,344,10669,1,0
62,345,23564,1,0
62,346,16694,1,0
62,347,13234,1,0
62,348,15516,1,0
62,349,19056,1,0
62,350,79996,1,0
62,351,166004,1,0
62,352,71397,1,0
62,353,10517,1,0
62,354,9492,1,0
62,355,10031,1,0
62,356,74319,1,0
62,357,9549,1,0
62,358,10322,1,0
62,359,11177,1,0
62,360,9699,1,0
62,361,51270,1,0
62,362,11386,1,0
62,363,10784,1,0
62,364,11472,1,0
62,365,11281,1,0
62,366,85087,1,0
62,367,12030,1,0
62,368,11092,1,0
62,369,11068,1,0
62,370,10789,1,0
62,371,9798,1,0
62,372,10637,1,0
62,373,10274,1,0
62,374,10716,1,0
62,375,12219,1,0
62,376,10258,1,0
62,377,118640,1,0
62,378,9893,1,0
62,379,10638,1,0
62,380,10621,1,0
62,381,10624,1,0
62,382,49730,1,0
62,383,11516,1,0
62,384,10910,1,0
62,385,10134,1,0
62,386,9674,1,0
62,387,67720,1,0
62,388,12078,1,0
62,389,10288,1,0
62,390,10635,1,0
62,391,10749,1,0
62,392,95791,1,0
62,393,10822,1,0
62,394,10268,1,0
62,395,9718,1,0
62,396,10844,1,0
62,397,21798,1,0
62,398,11871,1,0
62,399,9788,1,0
62,400,10399,1,0
62,401,55372,1,0
62,402,11022,1,0
62,403,11085,1,0
62,404,11678,1,0
62,405,11664,1,0
62,406,11899,1,0
62,407,9724,1,0
62,408,9693,1,0
62,409,13610,1,0
62,410,11910,1,0
62,411,12456,1,0
62,412,11677,1,0
62,413,11099,1,0
62,414,9994,1,0
62,415,18226,1,0
62,416,13460,1,0
62,417,11536,1,0
62,418,11930,1,0
62,419,11536,1,0
62,420,11766,1,0
62,421,12519,1,0
62,422,12165,1,0
62,423,10743,1,0
62,424,11591,1,0
62,425,11626,1,0
62,426,12533,1,0
62,427,11309,1,0
62,428,44642,1,0
62,429,11558,1,0
62,430,9897,1,0
62,431,11925,1,0
62,432,12712,1,0
62,433,48200,1,0
62,434,351284,1,0
62,435,180232,1,0
62,436,13035,1,0
62,437,11817,1,0
62,438,12197,1,0
62,439,84039,1,0
62,440,10878,1,0
62,441,11699,1,0
62,442,12579,1,0
62,443,11760,1,0
62,444,11482,1,0
62,445,11213,1,0
62,446,11890,1,0
62,447,10962,1,0
62,448,14807,1,0
62,449,62395,1,0
62,450,10241,1,0
62,451,9937,1,0
62,452,18092,1,0
62,453,11060,1,0
62,454,8537,1,0
62,455,10257,1,0
62,456,9876,1,0
62,457,12055,1,0
62,458,16072,1,0
62,459,152263,1,0
62,460,10539,1,0
62,461,10132,1,0
62,462,10486,1,0
62,463,9578,1,0
62,464,57010,1,0
62,465,10870,1,0
62,466,10868,1,0
62,467,11395,1,0
62,468,9894,1,0
62,469,10287,1,0
62,470,205965,1,0
62,471,175300,1,0
62,472,12540,1,0
62,473,12391,1,0
62,474,10601,1,0
62,475,10910,1,0
62,476,30860,1,0
62,477,9808,1,0
62,478,9899,1,0
62,479,10585,1,0
62,480,11194,1,0
62,481,11369,1,0
62,482,12132,1,0
62,483,10676,1,0
62,484,11184,1,0
62,485,10789,1,0
62,486,12623,1,0
62,487,11091,1,0
62,488,15783,1,0
62,489,19264,1,0
62,490,11008,1,0
62,491,22694,1,0
62,492,11202,1,0
62,493,10585,1,0
62,494,10368,1,0
62,495,10020,1,0
62,496,11192,1,0
62,497,16756,1,0
62,498,10516,1,0
62,499,10528,1,0
62,500,11894,1,0
62,501,126777,1,0
62,502,10631,1,0
62,503,12165,1,0
62,504,9974,1,0
62,505,10915,1,0
62,506,12264,1,0
62,507,10747,1,0
62,508,11498,1,0
62,509,12341,1,0
62,510,11616,1,0
62,511,81010,1,0
62,512,11679,1,0
62,513,12377,1,0
62,514,12367,1,0
62,515,11481,1,0
62,516,41990,1,0
62,517,42611,1,0
62,518,11217,1,0
62,519,11372,1,0
62,520,10798,1,0
62,521,65239,1,0
62,522,10886,1,0
62,523,10607,1,0
62,524,12070,1,0
62,525,9920,1,0
62,526,32365,1,0
62,527,10924,1,0
62,528,11113,1,0
62,529,11151,1,0
62,530,12832,1,0
62,531,11782,1,0
62,532,12576,1,0
62,533,14759,1,0
62,534,11225,1,0
62,535,18242,1,0
62,536,42441,1,0
62,537,143487,1,0
62,538,11139,1,0
62,539,13054,1,0
62,540,10579,1,0
62,541,11006,1,0
62,542,48176,1,0
62,543,12225,1,0
62,544,11362,1,0
62,545,10896,1,0
62,546,12599,1,0
62,547,63103,1,0
62,548,14929,1,0
62,549,27044,1,0
62,550,11679,1,0
62,551,34933,1,0
62,552,11166,1,0
62,553,10756,1,0
62,554,11221,1,0
62,555,10197,1,0
62,556,30827,1,0
62,557,53732,1,0
62,558,12451,1,0
62,559,10541,1,0
62,560,10739,1,0
62,561,9429,1,0
62,562,9951,1,0
62,563,10482,1,0
62,564,11322,1,0
62,565,9976,1,0
62,566,10470,1,0
62,567,47750,1,0
62,568,11288,1,0
62,569,10932,1,0
62,570,10550,1,0
62,571,9672,1,0
62,572,15301,1,0
62,573,10501,1,0
62,574,9681,1,0
62,575,11608,1,0
62,576,10397,1,0
62,577,69990,1,0
62,578,15235,1,0
62,579,10580,1,0
62,580,10802,1,0
62,581,11698,1,0
62,582,36101,1,0
62,583,10939,1,0
62,584,10515,1,0
62,585,11659,1,0
62,586,9798,1,0
62,587,244646,1,0
62,588,10516,1,0
62,589,10721,1,0
62,590,10625,1,0
62,591,12044,1,0
62,592,267377,1,0
62,593,56990,1,0
62,594,9797,1,0
62,595,11890,1,0
62,596,11095,1,0
62,597,96074,1,0
62,598,11070,1,0
62,599,11079,1,0
63,0,18250,1,0
63,1,21728,1,0
63,2,11795,1,0
63,3,13894,1,0
63,4,19442,1,0
63,5,27190,1,0
63,6,12263,1,0
63,7,60865,1,0
63,8,21943,1,0
63,9,10901,1,0
63,10,11577,1,0
63,11,12272,1,0
63,12,10724,1,0
63,13,13268,1,0
63,14,12489,1,0
63,15,12664,1,0
63,16,11949,1,0
63,17,11655,1,0
63,18,13179,1,0
63,19,12455,1,0
63,20,20668,1,0
63,21,12685,1,0
63,22,12545,1,0
63,23,12991,1,0
63,24,11928,1,0
63,25,10582,1,0
63,26,10792,1,0
63,27,12689,1,0
63,28,12566,1,0
63,29,13157,1,0
63,30,11582,1,0
63,31,14851,1,0
63,32,13265,1,0
63,33,12833,1,0
63,34,180368,1,0
63,35,121213,1,0
63,36,11040,1,0
63,37,11651,1,0
63,38,12792,1,0
63,39,83264,1,0
63,40,79790,1,0
63,41,11961,1,0
63,42,12578,1,0
63,43,11880,1,0
63,44,105227,1,0
63,45,252450,1,0
63,46,165291,1,0
63,47,122458,1,0
63,48,36769,1,0
63,49,12752,1,0
63,50,13376,1,0
63,51,16081,1,0
63,52,12925,1,0
63,53,13163,1,0
63,54,14416,1,0
63,55,13412,1,0
63,56,200702,1,0
63,57,282412,1,0
63,58,239082,1,0
63,59,103983,1,0
63,60,11560,1,0
63,61,48661,1,0
63,62,64095,1,0
63,63,11987,1,0
63,64,25070,1,0
63,65,522157,1,0
63,66,754789,1,0
63,67,959719,1,0
63,68,882301,1,0
63,69,821588,1,0
63,70,775395,1,0
63,71,10576,1,0
63,72,739825,1,0
63,73,639421,1,0
63,74,568382,1,0
63,75,471706,1,0
63,76,541970,1,0
63,77,953871,1,0
63,78,805832,1,0
63,79,632426,1,0
63,80,442846,1,0
63,81,238871,1,0
63,82,257177,1,0
63,83,254499,1,0
63,84,149797,1,0
63,85,12486,1,0
63,86,10550,1,0
63,87,11954,1,0
63,88,74114,1,0
63,89,11296,1,0
63,90,31442,1,0
63,91,11486,1,0
63,92,13710,1,0
63,93,350681,1,0
63,94,209489,1,0
63,95,52925,1,0
63,96,10953,1,0
63,97,14463,1,0
63,98,106041,1,0
63,99,10636,1,0
63,100,11722,1,0
63,101,11833,1,0
63,102,12256,1,0
63,103,78494,1,0
63,104,17944,1,0
63,105,13431,1,0
63,106,12863,1,0
63,107,12183,1,0
63,108,30373,1,0
63,109,22513,1,0
63,110,11930,1,0
63,111,459818,1,0
63,112,562697,1,0
63,113,581344,1,0
63,114,462491,1,0
63,115,357715,1,0
63,116,466491,1,0
63,117,440668,1,0
63,118,311979,1,0
63,119,161770,1,0
63,120,13333,1,0
63,121,39735,1,0
63,122,51677,1,0
63,123,10630,1,0
63,124,10447,1,0
63,125,11828,1,0
63,126,13393,1,0
63,127,89396,1,0
63,128,13286,1,0
63,129,12536,1,0
63,130,9579,1,0
63,131,10296,1,0
63,132,76080,1,0
63,133,10432,1,0
63,134,9933,1,0
63,135,10961,1,0
63,136,12293,1,0
63,137,82737,1,0
63,138,10718,1,0
63,139,10119,1,0
63,140,10374,1,0
63,141,10357,1,0
63,142,13514,1,0
63,143,178435,1,0
63,144,129491,1,0
63,145,9492,1,0
63,146,10527,1,0
63,147,15083,1,0
63,148,17545,1,0
63,149,40645,1,0
63,150,10868,1,0
63,151,12468,1,0
63,152,13539,1,0
63,153,13185,1,0
63,154,38657,1,0
63,155,12168,1,0
63,156,12228,1,0
63,157,12432,1,0
63,158,10078,1,0
63,159,12417,1,0
63,160,9852,1,0
63,161,10566,1,0
63,162,11736,1,0
63,163,9970,1,0
63,164,53127,1,0
63,165,10577,1,0
63,166,9839,1,0
63,167,12996,1,0
63,168,10574,1,0
63,169,38214,1,0
63,170,9579,1,0
63,171,9874,1,0
63,172,9434,1,0
63,173,9748,1,0
63,174,54784,1,0
63,175,9637,1,0
63,176,10441,1,0
63,177,9602,1,0
63,178,11822,1,0
63,179,21174,1,0
63,180,36036,1,0
63,181,9666,1,0
63,182,9798,1,0
63,183,10289,1,0
63,184,12759,1,0
63,185,67797,1,0
63,186,11595,1,0
63,187,9938,1,0
63,188,9841,1,0
63,189,9876,1,0
63,190,72574,1,0
63,191,10068,1,0
63,192,12341,1,0
63,193,13852,1,0
63,194,10323,1,0
63,195,24255,1,0
63,196,9798,1,0
63,197,13055,1,0
63,198,10501,1,0
63,199,11904,1,0
63,200,52420,1,0
63,201,11045,1,0
63,202,12502,1,0
63,203,11035,1,0
63,204,10368,1,0
63,205,59592,1,0
63,206,13148,1,0
63,207,11953,1,0
63,208,12025,1,0
63,209,13269,1,0
63,210,48969,1,0
63,211,9936,1,0
63,212,9951,1,0
63,213,11784,1,0
63,214,11595,1,0
63,215,10641,1,0
63,216,9924,1,0
63,217,10778,1,0
63,218,12012,1,0
63,219,11615,1,0
63,220,61185,1,0
63,221,10512,1,0
63,222,14512,1,0
63,223,15212,1,0
63,224,12132,1,0
63,225,223526,1,0
63,226,269242,1,0
63,227,172566,1,0
63,228,50383,1,0
63,229,11439,1,0
63,230,11253,1,0
63,231,10025,1,0
63,232,9727,1,0
63,233,10983,1,0
63,234,12740,1,0
63,235,41481,1,0
63,236,224632,1,0
63,237,73946,1,0
63,238,10533,1,0
63,239,11973,1,0
63,240,10715,1,0
63,241,33913,1,0
63,242,11004,1,0
63,243,13075,1,0
63,244,10698,1,0
63,245,10549,1,0
63,246,33282,1,0
63,247,9907,1,0
63,248,14025,1,0
63,249,10111,1,0
63,250,11041,1,0
63,251,13668,1,0
63,252,9690,1,0
63,253,10399,1,0
63,254,10124,1,0
63,255,10880,1,0
63,256,27939,1,0
63,257,12827,1,0
63,258,16432,1,0
63,259,15323,1,0
63,260,20008,1,0
63,261,78101,1,0
63,262,353659,1,0
63,263,147941,1,0
63,264,9884,1,0
63,265,9430,1,0
63,266,10142,1,0
63,267,77003,1,0
63,268,9700,1,0
63,269,9952,1,0
63,270,10395,1,0
63,271,10844,1,0
63,272,51568,1,0
63,273,12765,1,0
63,274,9991,1,0
63,275,9179,1,0
63,276,11894,1,0
63,277,66576,1,0
63,278,10520,1,0
63,279,10325,1,0
63,280,13424,1,0
63,281,9831,1,0
63,282,9958,1,0
63,283,9841,1,0
63,284,10399,1,0
63,285,9921,1,0
63,286,35584,1,0
63,287,18215,1,0
63,288,17470,1,0
63,289,11622,1,0
63,290,13208,1,0
63,291,12220,1,0
63,292,12477,1,0
63,293,11773,1,0
63,294,9675,1,0
63,295,11478,1,0
63,296,14928,1,0
63,297,53292,1,0
63,298,10521,1,0
63,299,11457,1,0
63,300,10942,1,0
63,301,11493,1,0
63,302,30120,1,0
63,303,10408,1,0
63,304,12811,1,0
63,305,9941,1,0
63,306,181494,1,0
63,307,550099,1,0
63,308,622260,1,0
63,309,562179,1,0
63,310,936186,1,0
63,311,737220,1,0
63,312,534828,1,0
63,313,518204,1,0
63,314,383187,1,0
63,315,273144,1,0
63,316,359274,1,0
63,317,252883,1,0
63,318,89772,1,0
63,319,12660,1,0
63,320,10202,1,0
63,321,11647,1,0
63,322,12148,1,0
63,323,9922,1,0
63,324,35998,1,0
63,325,62265,1,0
63,326,13731,1,0
63,327,12946,1,0
63,328,12760,1,0
63,329,90023,1,0
63,330,12609,1,0
63,331,142639,1,0
63,332,10097,1,0
63,333,10972,1,0
63,334,9429,1,0
63,335,22064,1,0
63,336,12279,1,0
63,337,12874,1,0
63,338,19555,1,0
63,339,12208,1,0
63,340,18136,1,0
63,341,11202,1,0
63,342,11873,1,0
63,343,12066,1,0
63,344,10479,1,0
63,345,19961,1,0
63,346,15348,1,0
63,347,17040,1,0
63,348,13127,1,0
63,349,16185,1,0
63,350,77192,1,0
63,351,161784,1,0
63,352,69441,1,0
63,353,11511,1,0
63,354,9541,1,0
63,355,10111,1,0
63,356,68926,1,0
63,357,9850,1,0
63,358,12121,1,0
63,359,10158,1,0
63,360,9639,1,0
63,361,49025,1,0
63,362,10082,1,0
63,363,9783,1,0
63,364,9872,1,0
63,365,8635,1,0
63,366,80648,1,0
63,367,11402,1,0
63,368,11957,1,0
63,369,10082,1,0
63,370,9555,1,0
63,371,11736,1,0
63,372,9336,1,0
63,373,10405,1,0
63,374,10922,1,0
63,375,11815,1,0
63,376,10121,1,0
63,377,116319,1,0
63,378,12222,1,0
63,379,12735,1,0
63,380,11579,1,0
63,381,9969,1,0
63,382,61135,1,0
63,383,9287,1,0
63,384,9642,1,0
63,385,9877,1,0
63,386,11922,1,0
63,387,113192,1,0
63,388,12931,1,0
63,389,10940,1,0
63,390,10439,1,0
63,391,12283,1,0
63,392,92003,1,0
63,393,11862,1,0
63,394,10082,1,0
63,395,10648,1,0
63,396,12358,1,0
63,397,16946,1,0
63,398,10506,1,0
63,399,9908,1,0
63,400,10454,1,0
63,401,53033,1,0
63,402,9676,1,0
63,403,10510,1,0
63,404,11799,1,0
63,405,12888,1,0
63,406,12605,1,0
63,407,10293,1,0
63,408,12608,1,0
63,409,9785,1,0
63,410,12990,1,0
63,411,12831,1,0
63,412,12244,1,0
63,413,9422,1,0
63,414,11015,1,0
63,415,16458,1,0
63,416,14292,1,0
63,417,9060,1,0
63,418,10667,1,0
63,419,9866,1,0
63,420,10296,1,0
63,421,12537,1,0
63,422,10780,1,0
63,423,9462,1,0
63,424,11420,1,0
63,425,12413,1,0
63,426,13838,1,0
63,427,9488,1,0
63,428,39655,1,0
63,429,9536,1,0
63,430,10408,1,0
63,431,12485,1,0
63,432,11811,1,0
63,433,43982,1,0
63,434,349801,1,0
63,435,176530,1,0
63,436,11299,1,0
63,437,12535,1,0
63,438,12787,1,0
63,439,80627,1,0
63,440,11760,1,0
63,441,13033,1,0
63,442,10539,1,0
63,443,10334,1,0
63,444,9835,1,0
63,445,9695,1,0
63,446,12872,1,0
63,447,9410,1,0
63,448,13472,1,0
63,449,57525,1,0
63,450,11513,1,0
63,451,13391,1,0
63,452,13419,1,0
63,453,9763,1,0
63,454,10052,1,0
63,455,11728,1,0
63,456,11994,1,0
63,457,13773,1,0
63,458,12286,1,0
63,459,149095,1,0
63,460,10763,1,0
63,461,12442,1,0
63,462,10445,1,0
63,463,11637,1,0
63,464,53837,1,0
63,465,11363,1,0
63,466,13004,1,0
63,467,9355,1,0
63,468,9777,1,0
63,469,11767,1,0
63,470,207864,1,0
63,471,170289,1,0
63,472,11553,1,0
63,473,9058,1,0
63,474,11678,1,0
63,475,9530,1,0
63,476,26458,1,0
63,477,9773,1,0
63,478,10252,1,0
63,479,12097,1,0
63,480,13411,1,0
63,481,13820,1,0
63,482,10714,1,0
63,483,10006,1,0
63,484,9580,1,0
63,485,10177,1,0
63,486,13709,1,0
63,487,11220,1,0
63,488,14474,1,0
63,489,14802,1,0
63,490,12598,1,0
63,491,18607,1,0
63,492,11266,1,0
63,493,12083,1,0
63,494,9888,1,0
63,495,10403,1,0
63,496,13042,1,0
63,497,12488,1,0
63,498,12369,1,0
63,499,12658,1,0
63,500,9897,1,0
63,501,121519,1,0
63,502,9708,1,0
63,503,11920,1,0
63,504,10820,1,0
63,505,10903,1,0
63,506,12839,1,0
63,507,10649,1,0
63,508,12275,1,0
63,509,12637,1,0
63,510,10061,1,0
63,511,77129,1,0
63,512,10813,1,0
63,513,10718,1,0
63,514,10052,1,0
63,515,10492,1,0
63,516,41571,1,0
63,517,38464,1,0
63,518,12383,1,0
63,519,13478,1,0
63,520,10887,1,0
63,521,62468,1,0
63,522,10002,1,0
63,523,9819,1,0
63,524,12674,1,0
63,525,9828,1,0
63,526,31228,1,0
63,527,12152,1,0
63,528,12302,1,0
63,529,9747,1,0
63,530,14712,1,0
63,531,11770,1,0
63,532,12862,1,0
63,533,16780,1,0
63,534,11452,1,0
63,535,14421,1,0
63,536,38505,1,0
63,537,139532,1,0
63,538,10679,1,0
63,539,10743,1,0
63,540,12552,1,0
63,541,9769,1,0
63,542,12890,1,0
63,543,10270,1,0
63,544,11998,1,0
63,545,11212,1,0
63,546,15476,1,0
63,547,59459,1,0
63,548,13113,1,0
63,549,22623,1,0
63,550,11905,1,0
63,551,29827,1,0
63,552,9923,1,0
63,553,13802,1,0
63,554,10111,1,0
63,555,10808,1,0
63,556,28804,1,0
63,557,49864,1,0
63,558,10925,1,0
63,559,9645,1,0
63,560,8604,1,0
63,561,9704,1,0
63,562,10788,1,0
63,563,9696,1,0
63,564,11793,1,0
63,565,10513,1,0
63,566,10433,1,0
63,567,43404,1,0
63,568,10460,1,0
63,569,9882,1,0
63,570,10540,1,0
63,571,10692,1,0
63,572,13218,1,0
63,573,11439,1,0
63,574,12549,1,0
63,575,9280,1,0
63,576,12676,1,0
63,577,64394,1,0
63,578,12180,1,0
63,579,10393,1,0
63,580,9678,1,0
63,581,11553,1,0
63,582,32445,1,0
63,583,12722,1,0
63,584,10419,1,0
63,585,11953,1,0
63,586,13633,1,0
63,587,241122,1,0
63,588,10349,1,0
63,589,12202,1,0
63,590,9686,1,0
63,591,12465,1,0
63,592,265853,1,0
63,593,54186,1,0
63,594,12953,1,0
63,595,9516,1,0
63,596,9024,1,0
63,597,103695,1,0
63,598,9580,1,0
63,599,17787,1,0
64,0,116964,1,0
64,1,21283,1,0
64,2,12334,1,0
64,3,15631,1,0
64,4,18620,1,0
64,5,26516,1,0
64,6,15562,1,0
64,7,63040,1,0
64,8,22874,1,0
64,9,14861,1,0
64,10,13163,1,0
64,11,12617,1,0
64,12,11368,1,0
64,13,14589,1,0
64,14,9253,1,0
64,15,11605,1,0
64,16,12154,1,0
64,17,12005,1,0
64,18,12127,1,0
64,19,9349,1,0
64,20,21157,1,0
64,21,16808,1,0
64,22,9661,1,0
64,23,13095,1,0
64,24,11124,1,0
64,25,11684,1,0
64,26,12463,1,0
64,27,13751,1,0
64,28,13271,1,0
64,29,42444,1,0
64,30,10615,1,0
64,31,13392,1,0
64,32,13185,1,0
64,33,11107,1,0
64,34,189868,1,0
64,35,118819,1,0
64,36,12604,1,0
64,37,14682,1,0
64,38,12760,1,0
64,39,81056,1,0
64,40,77558,1,0
64,41,12172,1,0
64,42,12749,1,0
64,43,11109,1,0
64,44,103738,1,0
64,45,251523,1,0
64,46,162912,1,0
64,47,122715,1,0
64,48,33872,1,0
64,49,10750,1,0
64,50,13454,1,0
64,51,15157,1,0
64,52,11784,1,0
64,53,11790,1,0
64,54,11742,1,0
64,55,13509,1,0
64,56,200822,1,0
64,57,281427,1,0
64,58,237997,1,0
64,59,101591,1,0
64,60,11250,1,0
64,61,50173,1,0
64,62,61926,1,0
64,63,12929,1,0
64,64,24294,1,0
64,65,523167,1,0
64,66,754798,1,0
64,67,959663,1,0
64,68,881048,1,0
64,69,819906,1,0
64,70,775342,1,0
64,71,714164,1,0
64,72,738501,1,0
64,73,637541,1,0
64,74,566894,1,0
64,75,471356,1,0
64,76,551007,1,0
64,77,951911,1,0
64,78,803565,1,0
64,79,629770,1,0
64,80,440832,1,0
64,81,236627,1,0
64,82,257600,1,0
64,83,252408,1,0
64,84,147677,1,0
64,85,9539,1,0
64,86,11848,1,0
64,87,12425,1,0
64,88,73873,1,0
64,89,12404,1,0
64,90,31558,1,0
64,91,12700,1,0
64,92,13062,1,0
64,93,349613,1,0
64,94,208079,1,0
64,95,49025,1,0
64,96,11801,1,0
64,97,12709,1,0
64,98,105561,1,0
64,99,12211,1,0
64,100,12261,1,0
64,101,11817,1,0
64,102,14066,1,0
64,103,76985,1,0
64,104,16542,1,0
64,105,12809,1,0
64,106,11995,1,0
64,107,11856,1,0
64,108,29442,1,0
64,109,18633,1,0
64,110,12998,1,0
64,111,457889,1,0
64,112,562079,1,0
64,113,580124,1,0
64,114,461332,1,0
64,115,355860,1,0
64,116,465968,1,0
64,117,437417,1,0
64,118,308322,1,0
64,119,162085,1,0
64,120,10967,1,0
64,121,37852,1,0
64,122,49423,1,0
64,123,11331,1,0
64,124,12015,1,0
64,125,12368,1,0
64,126,12394,1,0
64,127,88123,1,0
64,128,11362,1,0
64,129,11088,1,0
64,130,11253,1,0
64,131,9831,1,0
64,132,73294,1,0
64,133,11913,1,0
64,134,15385,1,0
64,135,11045,1,0
64,136,12163,1,0
64,137,81112,1,0
64,138,11686,1,0
64,139,11279,1,0
64,140,12069,1,0
64,141,12446,1,0
64,142,13565,1,0
64,143,176803,1,0
64,144,127161,1,0
64,145,11087,1,0
64,146,9148,1,0
64,147,13793,1,0
64,148,17071,1,0
64,149,59696,1,0
64,150,12194,1,0
64,151,9137,1,0
64,152,13123,1,0
64,153,10938,1,0
64,154,36916,1,0
64,155,11334,1,0
64,156,11043,1,0
64,157,13664,1,0
64,158,11631,1,0
64,159,78338,1,0
64,160,12468,1,0
64,161,9028,1,0
64,162,10676,1,0
64,163,12304,1,0
64,164,52314,1,0
64,165,10391,1,0
64,166,12292,1,0
64,167,11824,1,0
64,168,12555,1,0
64,169,35052,1,0
64,170,12332,1,0
64,171,10887,1,0
64,172,9760,1,0
64,173,9262,1,0
64,174,52384,1,0
64,175,11093,1,0
64,176,11392,1,0
64,177,11834,1,0
64,178,12900,1,0
64,179,33552,1,0
64,180,31538,1,0
64,181,11884,1,0
64,182,11143,1,0
64,183,12115,1,0
64,184,9375,1,0
64,185,81652,1,0
64,186,10886,1,0
64,187,11423,1,0
64,188,8744,1,0
64,189,11668,1,0
64,190,71061,1,0
64,191,11093,1,0
64,192,10118,1,0
64,193,11231,1,0
64,194,11081,1,0
64,195,37636,1,0
64,196,11377,1,0
64,197,11366,1,0
64,198,11462,1,0
64,199,11918,1,0
64,200,49717,1,0
64,201,11054,1,0
64,202,13311,1,0
64,203,10804,1,0
64,204,10804,1,0
64,205,55781,1,0
64,206,11521,1,0
64,207,13269,1,0
64,208,12384,1,0
64,209,11652,1,0
64,210,45864,1,0
64,211,8697,1,0
64,212,11783,1,0
64,213,11447,1,0
64,214,13052,1,0
64,215,9218,1,0
64,216,11187,1,0
64,217,10102,1,0
64,218,8819,1,0
64,219,11784,1,0
64,220,59708,1,0
64,221,11622,1,0
64,222,13536,1,0
64,223,11609,1,0
64,224,12468,1,0
64,225,221261,1,0
64,226,267463,1,0
64,227,171328,1,0
64,228,48849,1,0
64,229,16501,1,0
64,230,10816,1,0
64,231,11504,1,0
64,232,11609,1,0
64,233,11444,1,0
64,234,9688,1,0
64,235,45937,1,0
64,236,231903,1,0
64,237,71101,1,0
64,238,11313,1,0
64,239,11312,1,0
64,240,10131,1,0
64,241,32329,1,0
64,242,11087,1,0
64,243,9015,1,0
64,244,11218,1,0
64,245,12122,1,0
64,246,31733,1,0
64,247,9145,1,0
64,248,11941,1,0
64,249,11610,1,0
64,250,11141,1,0
64,251,11068,1,0
64,252,10726,1,0
64,253,13848,1,0
64,254,11204,1,0
64,255,12037,1,0
64,256,25429,1,0
64,257,13669,1,0
64,258,12999,1,0
64,259,12545,1,0
64,260,18843,1,0
64,261,92461,1,0
64,262,351405,1,0
64,263,143695,1,0
64,264,11341,1,0
64,265,11387,1,0
64,266,10413,1,0
64,267,73622,1,0
64,268,10334,1,0
64,269,10527,1,0
64,270,13076,1,0
64,271,10489,1,0
64,272,47732,1,0
64,273,12208,1,0
64,274,11034,1,0
64,275,9990,1,0
64,276,12892,1,0
64,277,66119,1,0
64,278,10333,1,0
64,279,11097,1,0
64,280,11197,1,0
64,281,11622,1,0
64,282,9692,1,0
64,283,10988,1,0
64,284,11595,1,0
64,285,10746,1,0
64,286,41617,1,0
64,287,16624,1,0
64,288,15964,1,0
64,289,8873,1,0
64,290,9689,1,0
64,291,12361,1,0
64,292,160373,1,0
64,293,11701,1,0
64,294,10897,1,0
64,295,11723,1,0
64,296,14532,1,0
64,297,51413,1,0
64,298,9433,1,0
64,299,10754,1,0
64,300,12460,1,0
64,301,11985,1,0
64,302,28229,1,0
64,303,11824,1,0
64,304,9995,1,0
64,305,13133,1,0
64,306,183250,1,0
64,307,552759,1,0
64,308,620518,1,0
64,309,560420,1,0
64,310,933135,1,0
64,311,737077,1,0
64,312,531439,1,0
64,313,516826,1,0
64,314,381680,1,0
64,315,269695,1,0
64,316,357200,1,0
64,317,250639,1,0
64,318,88443,1,0
64,319,12074,1,0
64,320,12175,1,0
64,321,11594,1,0
64,322,13341,1,0
64,323,12203,1,0
64,324,47640,1,0
64,325,59931,1,0
64,326,12748,1,0
64,327,13527,1,0
64,328,12743,1,0
64,329,88956,1,0
64,330,9966,1,0
64,331,141113,1,0
64,332,11559,1,0
64,333,12258,1,0
64,334,11490,1,0
64,335,19885,1,0
64,336,12846,1,0
64,337,13709,1,0
64,338,18241,1,0
64,339,13000,1,0
64,340,15875,1,0
64,341,11555,1,0
64,342,10329,1,0
64,343,11985,1,0
64,344,11251,1,0
64,345,15804,1,0
64,346,12535,1,0
64,347,23752,1,0
64,348,11095,1,0
64,349,19492,1,0
64,350,75506,1,0
64,351,159786,1,0
64,352,67822,1,0
64,353,11393,1,0
64,354,9332,1,0
64,355,8944,1,0
64,356,65539,1,0
64,357,10578,1,0
64,358,12116,1,0
64,359,12261,1,0
64,360,11053,1,0
64,361,47428,1,0
64,362,11653,1,0
64,363,11287,1,0
64,364,11885,1,0
64,365,10882,1,0
64,366,163118,1,0
64,367,11123,1,0
64,368,11980,1,0
64,369,11895,1,0
64,370,12339,1,0
64,371,10597,1,0
64,372,10281,1,0
64,373,8850,1,0
64,374,19732,1,0
64,375,10557,1,0
64,376,11124,1,0
64,377,112293,1,0
64,378,10644,1,0
64,379,9375,1,0
64,380,9270,1,0
64,381,9556,1,0
64,382,57000,1,0
64,383,10887,1,0
64,384,10658,1,0
64,385,11126,1,0
64,386,9033,1,0
64,387,71473,1,0
64,388,11288,1,0
64,389,9487,1,0
64,390,9224,1,0
64,391,12513,1,0
64,392,89796,1,0
64,393,11508,1,0
64,394,12633,1,0
64,395,8781,1,0
64,396,10005,1,0
64,397,28296,1,0
64,398,9373,1,0
64,399,10935,1,0
64,400,11670,1,0
64,401,52345,1,0
64,402,12025,1,0
64,403,11184,1,0
64,404,11182,1,0
64,405,9417,1,0
64,406,9259,1,0
64,407,10787,1,0
64,408,11501,1,0
64,409,10520,1,0
64,410,12642,1,0
64,411,9300,1,0
64,412,12417,1,0
64,413,14266,1,0
64,414,10894,1,0
64,415,16913,1,0
64,416,12563,1,0
64,417,10851,1,0
64,418,10284,1,0
64,419,11609,1,0
64,420,10876,1,0
64,421,13654,1,0
64,422,13050,1,0
64,423,11776,1,0
64,424,10629,1,0
64,425,9855,1,0
64,426,13515,1,0
64,427,11506,1,0
64,428,35794,1,0
64,429,10135,1,0
64,430,10698,1,0
64,431,13529,1,0
64,432,11439,1,0
64,433,46613,1,0
64,434,348704,1,0
64,435,172467,1,0
64,436,13081,1,0
64,437,13045,1,0
64,438,9666,1,0
64,439,76353,1,0
64,440,11209,1,0
64,441,12140,1,0
64,442,10487,1,0
64,443,10564,1,0
64,444,11930,1,0
64,445,11376,1,0
64,446,10451,1,0
64,447,10777,1,0
64,448,14066,1,0
64,449,55376,1,0
64,450,12627,1,0
64,451,11107,1,0
64,452,10612,1,0
64,453,11171,1,0
64,454,10912,1,0
64,455,11517,1,0
64,456,13012,1,0
64,457,12114,1,0
64,458,9089,1,0
64,459,153218,1,0
64,460,12361,1,0
64,461,8787,1,0
64,462,9269,1,0
64,463,11858,1,0
64,464,52661,1,0
64,465,11322,1,0
64,466,13339,1,0
64,467,11851,1,0
64,468,11793,1,0
64,469,10663,1,0
64,470,204833,1,0
64,471,168114,1,0
64,472,11665,1,0
64,473,11389,1,0
64,474,12351,1,0
64,475,10770,1,0
64,476,23145,1,0
64,477,10815,1,0
64,478,10824,1,0
64,479,12167,1,0
64,480,12192,1,0
64,481,11498,1,0
64,482,11634,1,0
64,483,11578,1,0
64,484,11654,1,0
64,485,11959,1,0
64,486,14725,1,0
64,487,11834,1,0
64,488,12888,1,0
64,489,11646,1,0
64,490,12325,1,0
64,491,14940,1,0
64,492,8965,1,0
64,493,9306,1,0
64,494,11070,1,0
64,495,11734,1,0
64,496,12035,1,0
64,497,11415,1,0
64,498,12544,1,0
64,499,11329,1,0
64,500,11256,1,0
64,501,119359,1,0
64,502,10878,1,0
64,503,13084,1,0
64,504,9226,1,0
64,505,12191,1,0
64,506,13694,1,0
64,507,11560,1,0
64,508,9143,1,0
64,509,10357,1,0
64,510,9439,1,0
64,511,72560,1,0
64,512,11094,1,0
64,513,10574,1,0
64,514,11675,1,0
64,515,10437,1,0
64,516,42934,1,0
64,517,35617,1,0
64,518,12239,1,0
64,519,14967,1,0
64,520,10427,1,0
64,521,60644,1,0
64,522,10836,1,0
64,523,10331,1,0
64,524,13389,1,0
64,525,10888,1,0
64,526,41546,1,0
64,527,9386,1,0
64,528,8915,1,0
64,529,11888,1,0
64,530,12313,1,0
64,531,10444,1,0
64,532,10806,1,0
64,533,17231,1,0
64,534,11268,1,0
64,535,11966,1,0
64,536,53194,1,0
64,537,137814,1,0
64,538,11503,1,0
64,539,11484,1,0
64,540,12009,1,0
64,541,11679,1,0
64,542,44186,1,0
64,543,13088,1,0
64,544,12159,1,0
64,545,11453,1,0
64,546,14347,1,0
64,547,62510,1,0
64,548,11757,1,0
64,549,18845,1,0
64,550,10941,1,0
64,551,40499,1,0
64,552,11944,1,0
64,553,13664,1,0
64,554,11978,1,0
64,555,9177,1,0
64,556,25650,1,0
64,557,46770,1,0
64,558,11116,1,0
64,559,9556,1,0
64,560,10663,1,0
64,561,9358,1,0
64,562,11326,1,0
64,563,11816,1,0
64,564,12412,1,0
64,565,12936,1,0
64,566,12081,1,0
64,567,40533,1,0
64,568,12854,1,0
64,569,12161,1,0
64,570,10727,1,0
64,571,10758,1,0
64,572,10869,1,0
64,573,10637,1,0
64,574,9534,1,0
64,575,10262,1,0
64,576,10097,1,0
64,577,60237,1,0
64,578,13210,1,0
64,579,10608,1,0
64,580,11185,1,0
64,581,13285,1,0
64,582,29702,1,0
64,583,11613,1,0
64,584,11280,1,0
64,585,11752,1,0
64,586,11859,1,0
64,587,237313,1,0
64,588,13317,1,0
64,589,13368,1,0
64,590,11429,1,0
64,591,13280,1,0
64,592,262508,1,0
64,593,50714,1,0
64,594,8892,1,0
64,595,10962,1,0
64,596,10687,1,0
64,597,101191,1,0
64,598,10123,1,0
64,599,15289,1,0
65,0,116066,1,0
65,1,20404,1,0
65,2,11879,1,0
65,3,14059,1,0
65,4,17978,1,0
65,5,25427,1,0
65,6,15083,1,0
65,7,62490,1,0
65,8,22359,1,0
65,9,13482,1,0
65,10,19555,1,0
65,11,10650,1,0
65,12,11665,1,0
65,13,14170,1,0
65,14,11717,1,0
65,15,10858,1,0
65,16,11893,1,0
65,17,10397,1,0
65,18,11439,1,0
65,19,12938,1,0
65,20,20753,1,0
65,21,15604,1,0
65,22,13817,1,0
65,23,10778,1,0
65,24,12035,1,0
65,25,12871,1,0
65,26,11468,1,0
65,27,12611,1,0
65,28,11599,1,0
65,29,73903,1,0
65,30,12441,1,0
65,31,12316,1,0
65,32,12837,1,0
65,33,10975,1,0
65,34,191164,1,0
65,35,118271,1,0
65,36,11146,1,0
65,37,17718,1,0
65,38,11321,1,0
65,39,79928,1,0
65,40,75130,1,0
65,41,11696,1,0
65,42,10843,1,0
65,43,11646,1,0
65,44,118228,1,0
65,45,251224,1,0
65,46,160229,1,0
65,47,120971,1,0
65,48,34830,1,0
65,49,13842,1,0
65,50,12381,1,0
65,51,12202,1,0
65,52,10938,1,0
65,53,11563,1,0
65,54,12540,1,0
65,55,11896,1,0
65,56,217110,1,0
65,57,283901,1,0
65,58,236728,1,0
65,59,100656,1,0
65,60,10445,1,0
65,61,62433,1,0
65,62,59984,1,0
65,63,10677,1,0
65,64,22137,1,0
65,65,524541,1,0
65,66,780628,1,0
65,67,960402,1,0
65,68,879921,1,0
65,69,821650,1,0
65,70,12299,1,0
65,71,713421,1,0
65,72,736669,1,0
65,73,635045,1,0
65,74,565800,1,0
65,75,468298,1,0
65,76,554169,1,0
65,77,955986,1,0
65,78,800175,1,0
65,79,628209,1,0
65,80,439095,1,0
65,81,235455,1,0
65,82,259897,1,0
65,83,253129,1,0
65,84,147040,1,0
65,85,13232,1,0
65,86,12518,1,0
65,87,13235,1,0
65,88,72770,1,0
65,89,12908,1,0
65,90,30289,1,0
65,91,13630,1,0
65,92,12972,1,0
65,93,349404,1,0
65,94,207092,1,0
65,95,46563,1,0
65,96,11241,1,0
65,97,12119,1,0
65,98,119990,1,0
65,99,11410,1,0
65,100,11592,1,0
65,101,11724,1,0
65,102,12975,1,0
65,103,77121,1,0
65,104,15348,1,0
65,105,13048,1,0
65,106,10651,1,0
65,107,11399,1,0
65,108,26231,1,0
65,109,15702,1,0
65,110,12153,1,0
65,111,455478,1,0
65,112,563780,1,0
65,113,583191,1,0
65,114,460398,1,0
65,115,353545,1,0
65,116,465374,1,0
65,117,434357,1,0
65,118,305953,1,0
65,119,161432,1,0
65,120,11213,1,0
65,121,49833,1,0
65,122,48045,1,0
65,123,10923,1,0
65,124,11667,1,0
65,125,14455,1,0
65,126,10176,1,0
65,127,85858,1,0
65,128,12369,1,0
65,129,11282,1,0
65,130,9442,1,0
65,131,11456,1,0
65,132,72580,1,0
65,133,11304,1,0
65,134,12132,1,0
65,135,11690,1,0
65,136,11880,1,0
65,137,78789,1,0
65,138,10819,1,0
65,139,10520,1,0
65,140,9859,1,0
65,141,11396,1,0
65,142,12194,1,0
65,143,174562,1,0
65,144,124313,1,0
65,145,12014,1,0
65,146,12055,1,0
65,147,13217,1,0
65,148,15779,1,0
65,149,35781,1,0
65,150,13248,1,0
65,151,11170,1,0
65,152,12488,1,0
65,153,11625,1,0
65,154,36064,1,0
65,155,11783,1,0
65,156,10752,1,0
65,157,12303,1,0
65,158,10118,1,0
65,159,77231,1,0
65,160,11383,1,0
65,161,10513,1,0
65,162,10830,1,0
65,163,10194,1,0
65,164,50249,1,0
65,165,11341,1,0
65,166,12444,1,0
65,167,13311,1,0
65,168,11419,1,0
65,169,31287,1,0
65,170,9964,1,0
65,171,10703,1,0
65,172,11122,1,0
65,173,10135,1,0
65,174,62914,1,0
65,175,10844,1,0
65,176,11634,1,0
65,177,10467,1,0
65,178,11678,1,0
65,179,31178,1,0
65,180,27654,1,0
65,181,10065,1,0
65,182,10603,1,0
65,183,10338,1,0
65,184,13051,1,0
65,185,78119,1,0
65,186,11494,1,0
65,187,10695,1,0
65,188,11653,1,0
65,189,10817,1,0
65,190,67582,1,0
65,191,9898,1,0
65,192,11756,1,0
65,193,11119,1,0
65,194,11414,1,0
65,195,35544,1,0
65,196,10574,1,0
65,197,10516,1,0
65,198,9943,1,0
65,199,11561,1,0
65,200,49099,1,0
65,201,10778,1,0
65,202,11638,1,0
65,203,9984,1,0
65,204,9754,1,0
65,205,67394,1,0
65,206,10649,1,0
65,207,12377,1,0
65,208,11254,1,0
65,209,9901,1,0
65,210,45375,1,0
65,211,12317,1,0
65,212,10453,1,0
65,213,10379,1,0
65,214,11546,1,0
65,215,11580,1,0
65,216,10316,1,0
65,217,11850,1,0
65,218,11454,1,0
65,219,10323,1,0
65,220,56784,1,0
65,221,10751,1,0
65,222,11726,1,0
65,223,10645,1,0
65,224,10777,1,0
65,225,218664,1,0
65,226,264826,1,0
65,227,170763,1,0
65,228,46146,1,0
65,229,14420,1,0
65,230,10527,1,0
65,231,9922,1,0
65,232,10911,1,0
65,233,9609,1,0
65,234,11549,1,0
65,235,43666,1,0
65,236,234995,1,0
65,237,69016,1,0
65,238,10134,1,0
65,239,11817,1,0
65,240,12894,1,0
65,241,42071,1,0
65,242,11616,1,0
65,243,11748,1,0
65,244,10997,1,0
65,245,10443,1,0
65,246,28985,1,0
65,247,10361,1,0
65,248,10260,1,0
65,249,9915,1,0
65,250,9576,1,0
65,251,25904,1,0
65,252,10551,1,0
65,253,11794,1,0
65,254,10886,1,0
65,255,12496,1,0
65,256,40208,1,0
65,257,12465,1,0
65,258,14303,1,0
65,259,11702,1,0
65,260,20061,1,0
65,261,90899,1,0
65,262,347641,1,0
65,263,140128,1,0
65,264,11178,1,0
65,265,10141,1,0
65,266,10519,1,0
65,267,71102,1,0
65,268,11383,1,0
65,269,10617,1,0
65,270,12163,1,0
65,271,10129,1,0
65,272,44603,1,0
65,273,10564,1,0
65,274,11621,1,0
65,275,11645,1,0
65,276,13461,1,0
65,277,63405,1,0
65,278,11475,1,0
65,279,14564,1,0
65,280,14763,1,0
65,281,9567,1,0
65,282,10617,1,0
65,283,10960,1,0
65,284,11449,1,0
65,285,11885,1,0
65,286,40212,1,0
65,287,14492,1,0
65,288,14564,1,0
65,289,11791,1,0
65,290,10774,1,0
65,291,12445,1,0
65,292,156434,1,0
65,293,10969,1,0
65,294,11582,1,0
65,295,10816,1,0
65,296,14435,1,0
65,297,49982,1,0
65,298,10759,1,0
65,299,11513,1,0
65,300,11984,1,0
65,301,11181,1,0
65,302,26239,1,0
65,303,10654,1,0
65,304,12871,1,0
65,305,15729,1,0
65,306,182262,1,0
65,307,552783,1,0
65,308,618401,1,0
65,309,558579,1,0
65,310,929693,1,0
65,311,735264,1,0
65,312,529106,1,0
65,313,515469,1,0
65,314,381113,1,0
65,315,268178,1,0
65,316,355815,1,0
65,317,247580,1,0
65,318,87423,1,0
65,319,12328,1,0
65,320,10364,1,0
65,321,12457,1,0
65,322,13004,1,0
65,323,9728,1,0
65,324,44478,1,0
65,325,56694,1,0
65,326,12812,1,0
65,327,12323,1,0
65,328,10392,1,0
65,329,87383,1,0
65,330,13462,1,0
65,331,140101,1,0
65,332,10158,1,0
65,333,10939,1,0
65,334,12580,1,0
65,335,30886,1,0
65,336,11523,1,0
65,337,12491,1,0
65,338,17394,1,0
65,339,10291,1,0
65,340,27587,1,0
65,341,9479,1,0
65,342,11594,1,0
65,343,11875,1,0
65,344,12192,1,0
65,345,27318,1,0
65,346,11774,1,0
65,347,22272,1,0
65,348,10437,1,0
65,349,18175,1,0
65,350,72281,1,0
65,351,157224,1,0
65,352,66156,1,0
65,353,11844,1,0
65,354,11404,1,0
65,355,11605,1,0
65,356,62505,1,0
65,357,9886,1,0
65,358,10786,1,0
65,359,8460,1,0
65,360,9778,1,0
65,361,44517,1,0
65,362,11212,1,0
65,363,11100,1,0
65,364,10479,1,0
65,365,9844,1,0
65,366,91019,1,0
65,367,13962,1,0
65,368,10867,1,0
65,369,10806,1,0
65,370,10495,1,0
65,371,12119,1,0
65,372,12003,1,0
65,373,10057,1,0
65,374,16672,1,0
65,375,11696,1,0
65,376,9867,1,0
65,377,110401,1,0
65,378,10504,1,0
65,379,10183,1,0
65,380,10467,1,0
65,381,9546,1,0
65,382,54573,1,0
65,383,12513,1,0
65,384,10078,1,0
65,385,10973,1,0
65,386,11080,1,0
65,387,67533,1,0
65,388,10441,1,0
65,389,11688,1,0
65,390,12371,1,0
65,391,11334,1,0
65,392,102505,1,0
65,393,10322,1,0
65,394,10989,1,0
65,395,9661,1,0
65,396,12604,1,0
65,397,25422,1,0
65,398,10743,1,0
65,399,9584,1,0
65,400,9947,1,0
65,401,50482,1,0
65,402,10653,1,0
65,403,9442,1,0
65,404,10765,1,0
65,405,11852,1,0
65,406,10328,1,0
65,407,12490,1,0
65,408,11596,1,0
65,409,11548,1,0
65,410,11496,1,0
65,411,10888,1,0
65,412,12205,1,0
65,413,11672,1,0
65,414,9754,1,0
65,415,14681,1,0
65,416,11982,1,0
65,417,10450,1,0
65,418,10383,1,0
65,419,12605,1,0
65,420,11054,1,0
65,421,14303,1,0
65,422,11619,1,0
65,423,9201,1,0
65,424,11835,1,0
65,425,9841,1,0
65,426,11787,1,0
65,427,10216,1,0
65,428,39957,1,0
65,429,10407,1,0
65,430,11878,1,0
65,431,12209,1,0
65,432,10287,1,0
65,433,44402,1,0
65,434,346960,1,0
65,435,171102,1,0
65,436,11667,1,0
65,437,9891,1,0
65,438,12768,1,0
65,439,74040,1,0
65,440,12651,1,0
65,441,10180,1,0
65,442,12401,1,0
65,443,10817,1,0
65,444,11675,1,0
65,445,11238,1,0
65,446,12211,1,0
65,447,10769,1,0
65,448,13814,1,0
65,449,51905,1,0
65,450,11046,1,0
65,451,12021,1,0
65,452,11194,1,0
65,453,10299,1,0
65,454,10810,1,0
65,455,11170,1,0
65,456,11091,1,0
65,457,10878,1,0
65,458,11474,1,0
65,459,151523,1,0
65,460,10415,1,0
65,461,11967,1,0
65,462,10799,1,0
65,463,11216,1,0
65,464,50603,1,0
65,465,11642,1,0
65,466,11683,1,0
65,467,10223,1,0
65,468,9814,1,0
65,469,10158,1,0
65,470,201964,1,0
65,471,166714,1,0
65,472,10172,1,0
65,473,10284,1,0
65,474,12129,1,0
65,475,9621,1,0
65,476,20007,1,0
65,477,10930,1,0
65,478,11666,1,0
65,479,12717,1,0
65,480,10380,1,0
65,481,10615,1,0
65,482,9594,1,0
65,483,10235,1,0
65,484,12216,1,0
65,485,10272,1,0
65,486,15293,1,0
65,487,9862,1,0
65,488,11029,1,0
65,489,10494,1,0
65,490,10808,1,0
65,491,13962,1,0
65,492,12479,1,0
65,493,12294,1,0
65,494,11967,1,0
65,495,10883,1,0
65,496,11536,1,0
65,497,10674,1,0
65,498,9980,1,0
65,499,11466,1,0
65,500,9761,1,0
65,501,116667,1,0
65,502,9725,1,0
65,503,10689,1,0
65,504,12133,1,0
65,505,10681,1,0
65,506,13342,1,0
65,507,9998,1,0
65,508,12189,1,0
65,509,11789,1,0
65,510,11558,1,0
65,511,68154,1,0
65,512,12034,1,0
65,513,12049,1,0
65,514,10801,1,0
65,515,12061,1,0
65,516,57952,1,0
65,517,34129,1,0
65,518,11034,1,0
65,519,17614,1,0
65,520,12527,1,0
65,521,73959,1,0
65,522,11783,1,0
65,523,10899,1,0
65,524,12340,1,0
65,525,9395,1,0
65,526,42855,1,0
65,527,14532,1,0
65,528,19671,1,0
65,529,13212,1,0
65,530,9995,1,0
65,531,11345,1,0
65,532,12385,1,0
65,533,16127,1,0
65,534,13310,1,0
65,535,12947,1,0
65,536,52462,1,0
65,537,135210,1,0
65,538,12162,1,0
65,539,11525,1,0
65,540,12436,1,0
65,541,11643,1,0
65,542,42110,1,0
65,543,11835,1,0
65,544,11315,1,0
65,545,10342,1,0
65,546,15173,1,0
65,547,59988,1,0
65,548,11060,1,0
65,549,15361,1,0
65,550,10337,1,0
65,551,39044,1,0
65,552,11758,1,0
65,553,10794,1,0
65,554,10496,1,0
65,555,10099,1,0
65,556,24505,1,0
65,557,43388,1,0
65,558,11921,1,0
65,559,9420,1,0
65,560,9554,1,0
65,561,9792,1,0
65,562,12962,1,0
65,563,11772,1,0
65,564,11325,1,0
65,565,9259,1,0
65,566,9796,1,0
65,567,35749,1,0
65,568,11189,1,0
65,569,9798,1,0
65,570,10671,1,0
65,571,9650,1,0
65,572,10505,1,0
65,573,11124,1,0
65,574,10530,1,0
65,575,9908,1,0
65,576,10965,1,0
65,577,55048,1,0
65,578,14945,1,0
65,579,11826,1,0
65,580,12198,1,0
65,581,13132,1,0
65,582,27185,1,0
65,583,10668,1,0
65,584,10193,1,0
65,585,10584,1,0
65,586,12023,1,0
65,587,235356,1,0
65,588,10980,1,0
65,589,11107,1,0
65,590,8939,1,0
65,591,12554,1,0
65,592,258803,1,0
65,593,46868,1,0
65,594,10062,1,0
65,595,9671,1,0
65,596,11303,1,0
65,597,98644,1,0
65,598,8599,1,0
65,599,14372,1,0
66,0,113738,1,0
66,1,18360,1,0
66,2,10972,1,0
66,3,14952,1,0
66,4,16534,1,0
66,5,22589,1,0
66,6,16203,1,0
66,7,60585,1,0
66,8,21185,1,0
66,9,13272,1,0
66,10,16376,1,0
66,11,12939,1,0
66,12,13043,1,0
66,13,12623,1,0
66,14,12312,1,0
66,15,13970,1,0
66,16,14859,1,0
66,17,12296,1,0
66,18,13389,1,0
66,19,10536,1,0
66,20,20309,1,0
66,21,13565,1,0
66,22,13308,1,0
66,23,10707,1,0
66,24,11907,1,0
66,25,13156,1,0
66,26,11386,1,0
66,27,12325,1,0
66,28,12952,1,0
66,29,71058,1,0
66,30,10458,1,0
66,31,13624,1,0
66,32,12347,1,0
66,33,12623,1,0
66,34,186541,1,0
66,35,116446,1,0
66,36,12599,1,0
66,37,18457,1,0
66,38,11177,1,0
66,39,90605,1,0
66,40,72036,1,0
66,41,12964,1,0
66,42,12457,1,0
66,43,12655,1,0
66,44,116101,1,0
66,45,246226,1,0
66,46,158115,1,0
66,47,118304,1,0
66,48,32155,1,0
66,49,10968,1,0
66,50,16806,1,0
66,51,12082,1,0
66,52,12673,1,0
66,53,10975,1,0
66,54,12419,1,0
66,55,14378,1,0
66,56,216792,1,0
66,57,282191,1,0
66,58,234587,1,0
66,59,97715,1,0
66,60,11620,1,0
66,61,58142,1,0
66,62,56677,1,0
66,63,13458,1,0
66,64,22097,1,0
66,65,524801,1,0
66,66,781142,1,0
66,67,957928,1,0
66,68,879973,1,0
66,69,823725,1,0
66,70,773518,1,0
66,71,711615,1,0
66,72,734912,1,0
66,73,634599,1,0
66,74,561705,1,0
66,75,465837,1,0
66,76,564959,1,0
66,77,955461,1,0
66,78,798277,1,0
66,79,625436,1,0
66,80,437093,1,0
66,81,233007,1,0
66,82,260516,1,0
66,83,250955,1,0
66,84,143791,1,0
66,85,10418,1,0
66,86,12465,1,0
66,87,12523,1,0
66,88,70867,1,0
66,89,11448,1,0
66,90,33839,1,0
66,91,14918,1,0
66,92,13314,1,0
66,93,347030,1,0
66,94,205029,1,0
66,95,41704,1,0
66,96,11054,1,0
66,97,12278,1,0
66,98,115884,1,0
66,99,10566,1,0
66,100,10065,1,0
66,101,13466,1,0
66,102,13206,1,0
66,103,76259,1,0
66,104,15457,1,0
66,105,12751,1,0
66,106,10544,1,0
66,107,11592,1,0
66,108,23461,1,0
66,109,12351,1,0
66,110,12515,1,0
66,111,452828,1,0
66,112,562571,1,0
66,113,582151,1,0
66,114,458757,1,0
66,115,349163,1,0
66,116,463907,1,0
66,117,429835,1,0
66,118,301189,1,0
66,119,160787,1,0
66,120,11192,1,0
66,121,46936,1,0
66,122,44102,1,0
66,123,9876,1,0
66,124,10117,1,0
66,125,11586,1,0
66,126,12346,1,0
66,127,81620,1,0
66,128,11996,1,0
66,129,12181,1,0
66,130,12521,1,0
66,131,10526,1,0
66,132,82076,1,0
66,133,10456,1,0
66,134,12902,1,0
66,135,10486,1,0
66,136,11952,1,0
66,137,75909,1,0
66,138,11284,1,0
66,139,11716,1,0
66,140,9570,1,0
66,141,11870,1,0
66,142,9915,1,0
66,143,184855,1,0
66,144,120830,1,0
66,145,10888,1,0
66,146,9724,1,0
66,147,13164,1,0
66,148,13226,1,0
66,149,11576,1,0
66,150,12526,1,0
66,151,11964,1,0
66,152,11977,1,0
66,153,10687,1,0
66,154,33279,1,0
66,155,10084,1,0
66,156,17136,1,0
66,157,11897,1,0
66,158,10427,1,0
66,159,74583,1,0
66,160,9940,1,0
66,161,9873,1,0
66,162,9955,1,0
66,163,10006,1,0
66,164,44324,1,0
66,165,10742,1,0
66,166,11108,1,0
66,167,9946,1,0
66,168,9825,1,0
66,169,42041,1,0
66,170,9515,1,0
66,171,9800,1,0
66,172,10142,1,0
66,173,11400,1,0
66,174,59515,1,0
66,175,12459,1,0
66,176,9956,1,0
66,177,11658,1,0
66,178,11756,1,0
66,179,29219,1,0
66,180,23165,1,0
66,181,10725,1,0
66,182,12870,1,0
66,183,13042,1,0
66,184,10910,1,0
66,185,73732,1,0
66,186,10670,1,0
66,187,11996,1,0
66,188,9568,1,0
66,189,8678,1,0
66,190,63619,1,0
66,191,10300,1,0
66,192,11466,1,0
66,193,12672,1,0
66,194,10471,1,0
66,195,45738,1,0
66,196,9542,1,0
66,197,9864,1,0
66,198,13527,1,0
66,199,10928,1,0
66,200,45967,1,0
66,201,12885,1,0
66,202,13170,1,0
66,203,11492,1,0
66,204,11857,1,0
66,205,61835,1,0
66,206,10368,1,0
66,207,11701,1,0
66,208,12090,1,0
66,209,12149,1,0
66,210,44352,1,0
66,211,9530,1,0
66,212,11629,1,0
66,213,12400,1,0
66,214,10108,1,0
66,215,11708,1,0
66,216,12556,1,0
66,217,10048,1,0
66,218,9523,1,0
66,219,11183,1,0
66,220,53310,1,0
66,221,10837,1,0
66,222,12723,1,0
66,223,13149,1,0
66,224,12958,1,0
66,225,215704,1,0
66,226,262389,1,0
66,227,172917,1,0
66,228,44174,1,0
66,229,9018,1,0
66,230,11344,1,0
66,231,11041,1,0
66,232,9663,1,0
66,233,9824,1,0
66,234,11040,1,0
66,235,52554,1,0
66,236,232988,1,0
66,237,65561,1,0
66,238,10594,1,0
66,239,12576,1,0
66,240,9658,1,0
66,241,41276,1,0
66,242,10980,1,0
66,243,11458,1,0
66,244,12133,1,0
66,245,12145,1,0
66,246,26062,1,0
66,247,9937,1,0
66,248,10020,1,0
66,249,11771,1,0
66,250,10423,1,0
66,251,22704,1,0
66,252,11035,1,0
66,253,10562,1,0
66,254,13303,1,0
66,255,15608,1,0
66,256,38551,1,0
66,257,11974,1,0
66,258,12583,1,0
66,259,12639,1,0
66,260,18090,1,0
66,261,88620,1,0
66,262,602514,1,0
66,263,135223,1,0
66,264,8909,1,0
66,265,11183,1,0
66,266,10284,1,0
66,267,68401,1,0
66,268,9993,1,0
66,269,9306,1,0
66,270,10825,1,0
66,271,9482,1,0
66,272,40986,1,0
66,273,12097,1,0
66,274,9620,1,0
66,275,9969,1,0
66,276,10557,1,0
66,277,62270,1,0
66,278,9537,1,0
66,279,10515,1,0
66,280,10123,1,0
66,281,10309,1,0
66,282,10177,1,0
66,283,9559,1,0
66,284,10071,1,0
66,285,9780,1,0
66,286,39672,1,0
66,287,10869,1,0
66,288,12083,1,0
66,289,10099,1,0
66,290,14538,1,0
66,291,13889,1,0
66,292,152747,1,0
66,293,11666,1,0
66,294,12316,1,0
66,295,10569,1,0
66,296,16760,1,0
66,297,45735,1,0
66,298,11425,1,0
66,299,11495,1,0
66,300,10227,1,0
66,301,10525,1,0
66,302,22200,1,0
66,303,11649,1,0
66,304,10461,1,0
66,305,15925,1,0
66,306,183900,1,0
66,307,552809,1,0
66,308,615623,1,0
66,309,554916,1,0
66,310,927296,1,0
66,311,734256,1,0
66,312,527687,1,0
66,313,512439,1,0
66,314,378997,1,0
66,315,264807,1,0
66,316,353109,1,0
66,317,244555,1,0
66,318,86365,1,0
66,319,12339,1,0
66,320,10667,1,0
66,321,11880,1,0
66,322,10038,1,0
66,323,10130,1,0
66,324,41400,1,0
66,325,53736,1,0
66,326,12324,1,0
66,327,11782,1,0
66,328,11524,1,0
66,329,82692,1,0
66,330,12821,1,0
66,331,138658,1,0
66,332,12497,1,0
66,333,12714,1,0
66,334,12763,1,0
66,335,27069,1,0
66,336,12767,1,0
66,337,12145,1,0
66,338,15418,1,0
66,339,10582,1,0
66,340,24906,1,0
66,341,10416,1,0
66,342,10881,1,0
66,343,12273,1,0
66,344,11102,1,0
66,345,23708,1,0
66,346,12449,1,0
66,347,22622,1,0
66,348,11716,1,0
66,349,16964,1,0
66,350,70760,1,0
66,351,156392,1,0
66,352,64548,1,0
66,353,9996,1,0
66,354,9791,1,0
66,355,14183,1,0
66,356,56481,1,0
66,357,10413,1,0
66,358,12452,1,0
66,359,9089,1,0
66,360,8912,1,0
66,361,41726,1,0
66,362,11125,1,0
66,363,9953,1,0
66,364,12114,1,0
66,365,10373,1,0
66,366,88932,1,0
66,367,10828,1,0
66,368,10865,1,0
66,369,11703,1,0
66,370,12407,1,0
66,371,10028,1,0
66,372,9789,1,0
66,373,9591,1,0
66,374,13071,1,0
66,375,9541,1,0
66,376,18146,1,0
66,377,106820,1,0
66,378,21484,1,0
66,379,10689,1,0
66,380,9368,1,0
66,381,9368,1,0
66,382,66989,1,0
66,383,13560,1,0
66,384,11670,1,0
66,385,9643,1,0
66,386,9785,1,0
66,387,63859,1,0
66,388,10365,1,0
66,389,10059,1,0
66,390,9750,1,0
66,391,10651,1,0
66,392,98243,1,0
66,393,12001,1,0
66,394,11893,1,0
66,395,10024,1,0
66,396,13633,1,0
66,397,20742,1,0
66,398,11641,1,0
66,399,11471,1,0
66,400,12329,1,0
66,401,46244,1,0
66,402,10108,1,0
66,403,11084,1,0
66,404,11441,1,0
66,405,12154,1,0
66,406,11388,1,0
66,407,11512,1,0
66,408,12733,1,0
66,409,11259,1,0
66,410,10803,1,0
66,411,9838,1,0
66,412,10576,1,0
66,413,10497,1,0
66,414,12047,1,0
66,415,12844,1,0
66,416,10568,1,0
66,417,10022,1,0
66,418,11610,1,0
66,419,9737,1,0
66,420,10625,1,0
66,421,10616,1,0
66,422,10148,1,0
66,423,10957,1,0
66,424,9720,1,0
66,425,12115,1,0
66,426,11103,1,0
66,427,10404,1,0
66,428,36683,1,0
66,429,10507,1,0
66,430,9688,1,0
66,431,11307,1,0
66,432,10693,1,0
66,433,45711,1,0
66,434,343765,1,0
66,435,165753,1,0
66,436,11558,1,0
66,437,11651,1,0
66,438,11517,1,0
66,439,71825,1,0
66,440,11919,1,0
66,441,13295,1,0
66,442,11414,1,0
66,443,11645,1,0
66,444,12198,1,0
66,445,10010,1,0
66,446,9941,1,0
66,447,11333,1,0
66,448,13631,1,0
66,449,49077,1,0
66,450,10233,1,0
66,451,16308,1,0
66,452,11100,1,0
66,453,11972,1,0
66,454,9953,1,0
66,455,11730,1,0
66,456,10387,1,0
66,457,11749,1,0
66,458,11903,1,0
66,459,148948,1,0
66,460,10325,1,0
66,461,9367,1,0
66,462,10967,1,0
66,463,10272,1,0
66,464,56736,1,0
66,465,10763,1,0
66,466,11736,1,0
66,467,12620,1,0
66,468,10833,1,0
66,469,17367,1,0
66,470,197939,1,0
66,471,161758,1,0
66,472,11952,1,0
66,473,12164,1,0
66,474,10937,1,0
66,475,10318,1,0
66,476,18761,1,0
66,477,12397,1,0
66,478,10313,1,0
66,479,12291,1,0
66,480,19251,1,0
66,481,11729,1,0
66,482,12130,1,0
66,483,11896,1,0
66,484,9867,1,0
66,485,11200,1,0
66,486,12971,1,0
66,487,10353,1,0
66,488,12839,1,0
66,489,11203,1,0
66,490,12246,1,0
66,491,10893,1,0
66,492,12032,1,0
66,493,10580,1,0
66,494,11120,1,0
66,495,9312,1,0
66,496,11425,1,0
66,497,11886,1,0
66,498,11797,1,0
66,499,10883,1,0
66,500,12214,1,0
66,501,115320,1,0
66,502,13042,1,0
66,503,13667,1,0
66,504,9914,1,0
66,505,11335,1,0
66,506,12806,1,0
66,507,10467,1,0
66,508,10903,1,0
66,509,10474,1,0
66,510,9518,1,0
66,511,79522,1,0
66,512,9876,1,0
66,513,13683,1,0
66,514,11567,1,0
66,515,10468,1,0
66,516,57616,1,0
66,517,34137,1,0
66,518,14027,1,0
66,519,14160,1,0
66,520,10285,1,0
66,521,70307,1,0
66,522,9077,1,0
66,523,9821,1,0
66,524,11668,1,0
66,525,10015,1,0
66,526,40514,1,0
66,527,13629,1,0
66,528,18814,1,0
66,529,10564,1,0
66,530,10449,1,0
66,531,9684,1,0
66,532,10388,1,0
66,533,16748,1,0
66,534,12256,1,0
66,535,13886,1,0
66,536,64017,1,0
66,537,133779,1,0
66,538,11963,1,0
66,539,9126,1,0
66,540,10541,1,0
66,541,10314,1,0
66,542,38599,1,0
66,543,9602,1,0
66,544,11149,1,0
66,545,11224,1,0
66,546,13900,1,0
66,547,56450,1,0
66,548,13994,1,0
66,549,12821,1,0
66,550,13068,1,0
66,551,35955,1,0
66,552,9481,1,0
66,553,12676,1,0
66,554,9499,1,0
66,555,9926,1,0
66,556,39613,1,0
66,557,37980,1,0
66,558,11678,1,0
66,559,10711,1,0
66,560,11915,1,0
66,561,11732,1,0
66,562,13884,1,0
66,563,11859,1,0
66,564,11788,1,0
66,565,10408,1,0
66,566,12186,1,0
66,567,30116,1,0
66,568,11385,1,0
66,569,9813,1,0
66,570,9518,1,0
66,571,10778,1,0
66,572,9950,1,0
66,573,9976,1,0
66,574,12115,1,0
66,575,11498,1,0
66,576,12486,1,0
66,577,51561,1,0
66,578,11667,1,0
66,579,10964,1,0
66,580,10613,1,0
66,581,12357,1,0
66,582,22361,1,0
66,583,9727,1,0
66,584,9584,1,0
66,585,10769,1,0
66,586,12157,1,0
66,587,230046,1,0
66,588,10440,1,0
66,589,12372,1,0
66,590,9861,1,0
66,591,11430,1,0
66,592,256375,1,0
66,593,42734,1,0
66,594,9615,1,0
66,595,9407,1,0
66,596,11202,1,0
66,597,94724,1,0
66,598,11419,1,0
66,599,10106,1,0
67,0,113352,1,0
67,1,18638,1,0
67,2,16904,1,0
67,3,13776,1,0
67,4,14891,1,0
67,5,21590,1,0
67,6,16572,1,0
67,7,60890,1,0
67,8,24104,1,0
67,9,12716,1,0
67,10,13743,1,0
67,11,12685,1,0
67,12,12507,1,0
67,13,13032,1,0
67,14,12260,1,0
67,15,13609,1,0
67,16,13059,1,0
67,17,11220,1,0
67,18,12101,1,0
67,19,11828,1,0
67,20,23663,1,0
67,21,11507,1,0
67,22,11565,1,0
67,23,10849,1,0
67,24,10970,1,0
67,25,12194,1,0
67,26,11198,1,0
67,27,11573,1,0
67,28,11363,1,0
67,29,70103,1,0
67,30,12576,1,0
67,31,16960,1,0
67,32,12283,1,0
67,33,9774,1,0
67,34,183796,1,0
67,35,113886,1,0
67,36,11935,1,0
67,37,17677,1,0
67,38,13783,1,0
67,39,98244,1,0
67,40,68986,1,0
67,41,12580,1,0
67,42,11955,1,0
67,43,12284,1,0
67,44,135544,1,0
67,45,244042,1,0
67,46,157168,1,0
67,47,118130,1,0
67,48,29834,1,0
67,49,13261,1,0
67,50,14671,1,0
67,51,11590,1,0
67,52,11190,1,0
67,53,11905,1,0
67,54,12805,1,0
67,55,13553,1,0
67,56,220977,1,0
67,57,281596,1,0
67,58,13152,1,0
67,59,95930,1,0
67,60,11370,1,0
67,61,56498,1,0
67,62,55283,1,0
67,63,11365,1,0
67,64,21554,1,0
67,65,530880,1,0
67,66,794787,1,0
67,67,957133,1,0
67,68,878360,1,0
67,69,822077,1,0
67,70,773095,1,0
67,71,711029,1,0
67,72,734459,1,0
67,73,635074,1,0
67,74,560249,1,0
67,75,464160,1,0
67,76,568577,1,0
67,77,953507,1,0
67,78,795107,1,0
67,79,623556,1,0
67,80,435207,1,0
67,81,230363,1,0
67,82,265891,1,0
67,83,253243,1,0
67,84,141024,1,0
67,85,11031,1,0
67,86,12451,1,0
67,87,11656,1,0
67,88,69702,1,0
67,89,12320,1,0
67,90,33608,1,0
67,91,12830,1,0
67,92,13082,1,0
67,93,345548,1,0
67,94,201722,1,0
67,95,39518,1,0
67,96,12548,1,0
67,97,14242,1,0
67,98,114982,1,0
67,99,11830,1,0
67,100,13093,1,0
67,101,12496,1,0
67,102,12411,1,0
67,103,88840,1,0
67,104,15208,1,0
67,105,12363,1,0
67,106,11238,1,0
67,107,13000,1,0
67,108,37180,1,0
67,109,12209,1,0
67,110,10787,1,0
67,111,451382,1,0
67,112,559423,1,0
67,113,583312,1,0
67,114,459297,1,0
67,115,347179,1,0
67,116,477227,1,0
67,117,428623,1,0
67,118,301228,1,0
67,119,161474,1,0
67,120,13804,1,0
67,121,45297,1,0
67,122,40581,1,0
67,123,10749,1,0
67,124,13041,1,0
67,125,12068,1,0
67,126,11312,1,0
67,127,78942,1,0
67,128,12203,1,0
67,129,11231,1,0
67,130,11714,1,0
67,131,12604,1,0
67,132,82433,1,0
67,133,11570,1,0
67,134,11358,1,0
67,135,10021,1,0
67,136,10934,1,0
67,137,86663,1,0
67,138,9343,1,0
67,139,10398,1,0
67,140,10897,1,0
67,141,13472,1,0
67,142,10206,1,0
67,143,183666,1,0
67,144,120079,1,0
67,145,13574,1,0
67,146,12546,1,0
67,147,16666,1,0
67,148,12475,1,0
67,149,29599,1,0
67,150,13158,1,0
67,151,10859,1,0
67,152,12097,1,0
67,153,11994,1,0
67,154,32597,1,0
67,155,10681,1,0
67,156,15266,1,0
67,157,12541,1,0
67,158,10316,1,0
67,159,71190,1,0
67,160,11426,1,0
67,161,9096,1,0
67,162,14755,1,0
67,163,11504,1,0
67,164,40350,1,0
67,165,10569,1,0
67,166,11920,1,0
67,167,10147,1,0
67,168,11227,1,0
67,169,38896,1,0
67,170,11805,1,0
67,171,12258,1,0
67,172,12278,1,0
67,173,10413,1,0
67,174,55913,1,0
67,175,11307,1,0
67,176,11247,1,0
67,177,10980,1,0
67,178,18081,1,0
67,179,27758,1,0
67,180,23463,1,0
67,181,9806,1,0
67,182,10701,1,0
67,183,11380,1,0
67,184,11161,1,0
67,185,72023,1,0
67,186,14000,1,0
67,187,10692,1,0
67,188,9440,1,0
67,189,12279,1,0
67,190,75612,1,0
67,191,12018,1,0
67,192,11271,1,0
67,193,11209,1,0
67,194,11568,1,0
67,195,42710,1,0
67,196,11400,1,0
67,197,10853,1,0
67,198,10634,1,0
67,199,12155,1,0
67,200,44831,1,0
67,201,11928,1,0
67,202,11427,1,0
67,203,11231,1,0
67,204,10924,1,0
67,205,57156,1,0
67,206,11622,1,0
67,207,9913,1,0
67,208,11322,1,0
67,209,11202,1,0
67,210,40802,1,0
67,211,11211,1,0
67,212,11892,1,0
67,213,11919,1,0
67,214,11409,1,0
67,215,11443,1,0
67,216,13855,1,0
67,217,11079,1,0
67,218,12217,1,0
67,219,11194,1,0
67,220,49420,1,0
67,221,11180,1,0
67,222,11733,1,0
67,223,10745,1,0
67,224,11738,1,0
67,225,229152,1,0
67,226,260797,1,0
67,227,174345,1,0
67,228,40505,1,0
67,229,11785,1,0
67,230,9372,1,0
67,231,9388,1,0
67,232,9540,1,0
67,233,9943,1,0
67,234,12144,1,0
67,235,53906,1,0
67,236,230865,1,0
67,237,61457,1,0
67,238,12065,1,0
67,239,10129,1,0
67,240,11337,1,0
67,241,37115,1,0
67,242,9376,1,0
67,243,10213,1,0
67,244,11160,1,0
67,245,12413,1,0
67,246,38848,1,0
67,247,11359,1,0
67,248,11889,1,0
67,249,11141,1,0
67,250,9911,1,0
67,251,20785,1,0
67,252,10949,1,0
67,253,12547,1,0
67,254,10710,1,0
67,255,13362,1,0
67,256,37008,1,0
67,257,11955,1,0
67,258,11908,1,0
67,259,10647,1,0
67,260,16189,1,0
67,261,93005,1,0
67,262,340261,1,0
67,263,132318,1,0
67,264,11205,1,0
67,265,11302,1,0
67,266,8569,1,0
67,267,67096,1,0
67,268,10344,1,0
67,269,9485,1,0
67,270,11806,1,0
67,271,10366,1,0
67,272,36599,1,0
67,273,13419,1,0
67,274,9645,1,0
67,275,9696,1,0
67,276,11219,1,0
67,277,61404,1,0
67,278,11587,1,0
67,279,9229,1,0
67,280,11065,1,0
67,281,9405,1,0
67,282,10600,1,0
67,283,10635,1,0
67,284,12713,1,0
67,285,10621,1,0
67,286,50765,1,0
67,287,11107,1,0
67,288,11015,1,0
67,289,11443,1,0
67,290,14929,1,0
67,291,13852,1,0
67,292,151056,1,0
67,293,12354,1,0
67,294,11586,1,0
67,295,10171,1,0
67,296,18105,1,0
67,297,43735,1,0
67,298,10540,1,0
67,299,11142,1,0
67,300,10921,1,0
67,301,12125,1,0
67,302,21551,1,0
67,303,11754,1,0
67,304,14969,1,0
67,305,20322,1,0
67,306,184092,1,0
67,307,553089,1,0
67,308,614473,1,0
67,309,554540,1,0
67,310,925321,1,0
67,311,732835,1,0
67,312,524361,1,0
67,313,512658,1,0
67,314,379948,1,0
67,315,264690,1,0
67,316,353392,1,0
67,317,243182,1,0
67,318,83855,1,0
67,319,13191,1,0
67,320,11517,1,0
67,321,11315,1,0
67,322,11298,1,0
67,323,10769,1,0
67,324,52477,1,0
67,325,50005,1,0
67,326,11737,1,0
67,327,14440,1,0
67,328,11950,1,0
67,329,81179,1,0
67,330,11906,1,0
67,331,137118,1,0
67,332,11561,1,0
67,333,13105,1,0
67,334,9634,1,0
67,335,26028,1,0
67,336,9662,1,0
67,337,12103,1,0
67,338,14145,1,0
67,339,10906,1,0
67,340,23545,1,0
67,341,11597,1,0
67,342,11875,1,0
67,343,11960,1,0
67,344,10207,1,0
67,345,20286,1,0
67,346,13845,1,0
67,347,24511,1,0
67,348,15433,1,0
67,349,18112,1,0
67,350,68973,1,0
67,351,155572,1,0
67,352,61593,1,0
67,353,10963,1,0
67,354,10670,1,0
67,355,11647,1,0
67,356,52267,1,0
67,357,9463,1,0
67,358,8717,1,0
67,359,10854,1,0
67,360,9570,1,0
67,361,54861,1,0
67,362,12558,1,0
67,363,11753,1,0
67,364,13280,1,0
67,365,10330,1,0
67,366,85756,1,0
67,367,11469,1,0
67,368,11565,1,0
67,369,9646,1,0
67,370,9618,1,0
67,371,10433,1,0
67,372,10729,1,0
67,373,12819,1,0
67,374,11091,1,0
67,375,11304,1,0
67,376,22801,1,0
67,377,105556,1,0
67,378,19007,1,0
67,379,11774,1,0
67,380,10861,1,0
67,381,10831,1,0
67,382,101592,1,0
67,383,11280,1,0
67,384,12122,1,0
67,385,9858,1,0
67,386,11635,1,0
67,387,10211,1,0
67,388,10533,1,0
67,389,10077,1,0
67,390,11315,1,0
67,391,10975,1,0
67,392,95850,1,0
67,393,10900,1,0
67,394,10636,1,0
67,395,9167,1,0
67,396,14334,1,0
67,397,16192,1,0
67,398,9409,1,0
67,399,9201,1,0
67,400,9791,1,0
67,401,43470,1,0
67,402,18261,1,0
67,403,10655,1,0
67,404,11622,1,0
67,405,12381,1,0
67,406,10491,1,0
67,407,10535,1,0
67,408,11667,1,0
67,409,10650,1,0
67,410,12226,1,0
67,411,12356,1,0
67,412,12693,1,0
67,413,12917,1,0
67,414,10887,1,0
67,415,12672,1,0
67,416,13919,1,0
67,417,12523,1,0
67,418,11107,1,0
67,419,12265,1,0
67,420,12870,1,0
67,421,11864,1,0
67,422,12374,1,0
67,423,11883,1,0
67,424,11663,1,0
67,425,13284,1,0
67,426,13336,1,0
67,427,11022,1,0
67,428,32448,1,0
67,429,10907,1,0
67,430,10829,1,0
67,431,10874,1,0
67,432,11120,1,0
67,433,43569,1,0
67,434,341207,1,0
67,435,161155,1,0
67,436,11527,1,0
67,437,12208,1,0
67,438,13101,1,0
67,439,68877,1,0
67,440,11636,1,0
67,441,12898,1,0
67,442,11710,1,0
67,443,11142,1,0
67,444,11486,1,0
67,445,11408,1,0
67,446,14657,1,0
67,447,9407,1,0
67,448,11513,1,0
67,449,46042,1,0
67,450,9420,1,0
67,451,15154,1,0
67,452,10976,1,0
67,453,8871,1,0
67,454,10631,1,0
67,455,11288,1,0
67,456,13443,1,0
67,457,12349,1,0
67,458,11511,1,0
67,459,147588,1,0
67,460,11717,1,0
67,461,12781,1,0
67,462,10502,1,0
67,463,12224,1,0
67,464,53668,1,0
67,465,11510,1,0
67,466,11679,1,0
67,467,9644,1,0
67,468,9158,1,0
67,469,16663,1,0
67,470,198003,1,0
67,471,159845,1,0
67,472,11432,1,0
67,473,9462,1,0
67,474,12018,1,0
67,475,10236,1,0
67,476,17439,1,0
67,477,11157,1,0
67,478,11544,1,0
67,479,13361,1,0
67,480,17754,1,0
67,481,11895,1,0
67,482,8985,1,0
67,483,11182,1,0
67,484,11657,1,0
67,485,10891,1,0
67,486,11577,1,0
67,487,13421,1,0
67,488,12228,1,0
67,489,12203,1,0
67,490,11544,1,0
67,491,10913,1,0
67,492,9728,1,0
67,493,10613,1,0
67,494,11232,1,0
67,495,11590,1,0
67,496,11584,1,0
67,497,11222,1,0
67,498,11746,1,0
67,499,10421,1,0
67,500,12378,1,0
67,501,112361,1,0
67,502,9653,1,0
67,503,12564,1,0
67,504,10705,1,0
67,505,10960,1,0
67,506,12892,1,0
67,507,11323,1,0
67,508,13955,1,0
67,509,13083,1,0
67,510,11451,1,0
67,511,76205,1,0
67,512,13201,1,0
67,513,11774,1,0
67,514,12583,1,0
67,515,11005,1,0
67,516,56548,1,0
67,517,37560,1,0
67,518,11888,1,0
67,519,11650,1,0
67,520,11516,1,0
67,521,67448,1,0
67,522,9698,1,0
67,523,10048,1,0
67,524,10701,1,0
67,525,8812,1,0
67,526,36956,1,0
67,527,10434,1,0
67,528,17864,1,0
67,529,12379,1,0
67,530,11944,1,0
67,531,11592,1,0
67,532,12670,1,0
67,533,17907,1,0
67,534,13819,1,0
67,535,13570,1,0
67,536,61140,1,0
67,537,132108,1,0
67,538,13100,1,0
67,539,10740,1,0
67,540,12115,1,0
67,541,10656,1,0
67,542,36501,1,0
67,543,11655,1,0
67,544,12154,1,0
67,545,10478,1,0
67,546,16069,1,0
67,547,55325,1,0
67,548,14793,1,0
67,549,11654,1,0
67,550,11373,1,0
67,551,32580,1,0
67,552,10935,1,0
67,553,11437,1,0
67,554,11951,1,0
67,555,9262,1,0
67,556,40411,1,0
67,557,35874,1,0
67,558,10474,1,0
67,559,10612,1,0
67,560,9599,1,0
67,561,8714,1,0
67,562,11388,1,0
67,563,11629,1,0
67,564,15547,1,0
67,565,11957,1,0
67,566,11412,1,0
67,567,26943,1,0
67,568,9104,1,0
67,569,10256,1,0
67,570,10623,1,0
67,571,10759,1,0
67,572,10270,1,0
67,573,9550,1,0
67,574,11206,1,0
67,575,9612,1,0
67,576,9197,1,0
67,577,47066,1,0
67,578,11819,1,0
67,579,10471,1,0
67,580,9496,1,0
67,581,10857,1,0
67,582,23478,1,0
67,583,10357,1,0
67,584,8844,1,0
67,585,12011,1,0
67,586,11666,1,0
67,587,227279,1,0
67,588,17031,1,0
67,589,9342,1,0
67,590,10533,1,0
67,591,11395,1,0
67,592,252856,1,0
67,593,41471,1,0
67,594,11439,1,0
67,595,10844,1,0
67,596,11917,1,0
67,597,92687,1,0
67,598,9569,1,0
67,599,11540,1,0
68,0,111999,1,0
68,1,18141,1,0
68,2,24852,1,0
68,3,11775,1,0
68,4,15681,1,0
68,5,20874,1,0
68,6,18110,1,0
68,7,60074,1,0
68,8,25086,1,0
68,9,12519,1,0
68,10,11388,1,0
68,11,12335,1,0
68,12,11871,1,0
68,13,12032,1,0
68,14,12003,1,0
68,15,13347,1,0
68,16,11544,1,0
68,17,10558,1,0
68,18,11007,1,0
68,19,11232,1,0
68,20,23321,1,0
68,21,13100,1,0
68,22,11068,1,0
68,23,11712,1,0
68,24,12036,1,0
68,25,11564,1,0
68,26,11694,1,0
68,27,13146,1,0
68,28,11959,1,0
68,29,85731,1,0
68,30,11887,1,0
68,31,15715,1,0
68,32,12625,1,0
68,33,12259,1,0
68,34,197955,1,0
68,35,112018,1,0
68,36,12131,1,0
68,37,18475,1,0
68,38,12940,1,0
68,39,99817,1,0
68,40,66883,1,0
68,41,10832,1,0
68,42,11842,1,0
68,43,11584,1,0
68,44,132172,1,0
68,45,242820,1,0
68,46,156174,1,0
68,47,116242,1,0
68,48,28823,1,0
68,49,11725,1,0
68,50,11728,1,0
68,51,12113,1,0
68,52,12284,1,0
68,53,13515,1,0
68,54,11745,1,0
68,55,13343,1,0
68,56,221152,1,0
68,57,280853,1,0
68,58,233503,1,0
68,59,93436,1,0
68,60,13529,1,0
68,61,56314,1,0
68,62,54289,1,0
68,63,12377,1,0
68,64,21270,1,0
68,65,536432,1,0
68,66,800992,1,0
68,67,955718,1,0
68,68,877450,1,0
68,69,823483,1,0
68,70,772350,1,0
68,71,725110,1,0
68,72,734546,1,0
68,73,638408,1,0
68,74,557815,1,0
68,75,464103,1,0
68,76,569109,1,0
68,77,952139,1,0
68,78,791974,1,0
68,79,620926,1,0
68,80,432474,1,0
68,81,226792,1,0
68,82,266380,1,0
68,83,252123,1,0
68,84,138330,1,0
68,85,9537,1,0
68,86,11186,1,0
68,87,11129,1,0
68,88,69258,1,0
68,89,10307,1,0
68,90,34082,1,0
68,91,13337,1,0
68,92,11522,1,0
68,93,343514,1,0
68,94,199761,1,0
68,95,37370,1,0
68,96,10974,1,0
68,97,12954,1,0
68,98,112990,1,0
68,99,10981,1,0
68,100,11421,1,0
68,101,10960,1,0
68,102,13243,1,0
68,103,86672,1,0
68,104,14488,1,0
68,105,14531,1,0
68,106,13304,1,0
68,107,10715,1,0
68,108,36698,1,0
68,109,11404,1,0
68,110,12198,1,0
68,111,452646,1,0
68,112,555881,1,0
68,113,582016,1,0
68,114,457427,1,0
68,115,344104,1,0
68,116,474825,1,0
68,117,427779,1,0
68,118,300394,1,0
68,119,159227,1,0
68,120,12641,1,0
68,121,44746,1,0
68,122,38690,1,0
68,123,11871,1,0
68,124,11746,1,0
68,125,11918,1,0
68,126,11404,1,0
68,127,76747,1,0
68,128,12969,1,0
68,129,9908,1,0
68,130,11501,1,0
68,131,10801,1,0
68,132,78849,1,0
68,133,12104,1,0
68,134,11991,1,0
68,135,11378,1,0
68,136,12799,1,0
68,137,84021,1,0
68,138,19078,1,0
68,139,12415,1,0
68,140,8547,1,0
68,141,12348,1,0
68,142,17596,1,0
68,143,182398,1,0
68,144,117049,1,0
68,145,12254,1,0
68,146,10120,1,0
68,147,16164,1,0
68,148,13318,1,0
68,149,27504,1,0
68,150,12680,1,0
68,151,11652,1,0
68,152,12717,1,0
68,153,12091,1,0
68,154,30475,1,0
68,155,12576,1,0
68,156,12024,1,0
68,157,10785,1,0
68,158,11484,1,0
68,159,70157,1,0
68,160,12094,1,0
68,161,11023,1,0
68,162,17359,1,0
68,163,10323,1,0
68,164,38575,1,0
68,165,12093,1,0
68,166,10970,1,0
68,167,10583,1,0
68,168,12352,1,0
68,169,35555,1,0
68,170,11608,1,0
68,171,10273,1,0
68,172,9629,1,0
68,173,10013,1,0
68,174,68170,1,0
68,175,10082,1,0
68,176,10533,1,0
68,177,11595,1,0
68,178,14445,1,0
68,179,39426,1,0
68,180,20070,1,0
68,181,11396,1,0
68,182,11179,1,0
68,183,11428,1,0
68,184,10973,1,0
68,185,84589,1,0
68,186,10834,1,0
68,187,10998,1,0
68,188,10806,1,0
68,189,11106,1,0
68,190,73275,1,0
68,191,9775,1,0
68,192,11246,1,0
68,193,18878,1,0
68,194,11132,1,0
68,195,39685,1,0
68,196,11235,1,0
68,197,11676,1,0
68,198,11733,1,0
68,199,10445,1,0
68,200,58595,1,0
68,201,11051,1,0
68,202,11004,1,0
68,203,11561,1,0
68,204,9099,1,0
68,205,66648,1,0
68,206,11807,1,0
68,207,12662,1,0
68,208,11642,1,0
68,209,12151,1,0
68,210,39560,1,0
68,211,10261,1,0
68,212,14362,1,0
68,213,11171,1,0
68,214,11836,1,0
68,215,9947,1,0
68,216,11680,1,0
68,217,11494,1,0
68,218,10977,1,0
68,219,10430,1,0
68,220,47105,1,0
68,221,11565,1,0
68,222,13367,1,0
68,223,10981,1,0
68,224,13051,1,0
68,225,226711,1,0
68,226,260882,1,0
68,227,173014,1,0
68,228,38999,1,0
68,229,13036,1,0
68,230,10823,1,0
68,231,13773,1,0
68,232,11338,1,0
68,233,16117,1,0
68,234,10500,1,0
68,235,52994,1,0
68,236,228728,1,0
68,237,59290,1,0
68,238,9923,1,0
68,239,11111,1,0
68,240,12305,1,0
68,241,33497,1,0
68,242,11794,1,0
68,243,11541,1,0
68,244,11518,1,0
68,245,11220,1,0
68,246,36026,1,0
68,247,10607,1,0
68,248,11883,1,0
68,249,11660,1,0
68,250,9921,1,0
68,251,17778,1,0
68,252,10653,1,0
68,253,10288,1,0
68,254,11219,1,0
68,255,11432,1,0
68,256,47194,1,0
68,257,11556,1,0
68,258,18670,1,0
68,259,12338,1,0
68,260,14751,1,0
68,261,100121,1,0
68,262,338758,1,0
68,263,129968,1,0
68,264,9370,1,0
68,265,9801,1,0
68,266,10982,1,0
68,267,63329,1,0
68,268,9234,1,0
68,269,10388,1,0
68,270,13144,1,0
68,271,10164,1,0
68,272,32501,1,0
68,273,10894,1,0
68,274,10253,1,0
68,275,10229,1,0
68,276,11141,1,0
68,277,62405,1,0
68,278,10524,1,0
68,279,11575,1,0
68,280,12237,1,0
68,281,10722,1,0
68,282,10311,1,0
68,283,10233,1,0
68,284,11800,1,0
68,285,11041,1,0
68,286,52948,1,0
68,287,11466,1,0
68,288,12220,1,0
68,289,11341,1,0
68,290,11848,1,0
68,291,13531,1,0
68,292,148247,1,0
68,293,10260,1,0
68,294,11085,1,0
68,295,11466,1,0
68,296,16824,1,0
68,297,41500,1,0
68,298,13456,1,0
68,299,11279,1,0
68,300,11851,1,0
68,301,9809,1,0
68,302,18943,1,0
68,303,11172,1,0
68,304,12233,1,0
68,305,37490,1,0
68,306,183318,1,0
68,307,552936,1,0
68,308,617145,1,0
68,309,553080,1,0
68,310,921296,1,0
68,311,730890,1,0
68,312,520194,1,0
68,313,509434,1,0
68,314,378759,1,0
68,315,262950,1,0
68,316,351669,1,0
68,317,239427,1,0
68,318,82591,1,0
68,319,11972,1,0
68,320,10859,1,0
68,321,11642,1,0
68,322,10721,1,0
68,323,10026,1,0
68,324,50599,1,0
68,325,48673,1,0
68,326,12532,1,0
68,327,11541,1,0
68,328,9805,1,0
68,329,81805,1,0
68,330,10645,1,0
68,331,135747,1,0
68,332,10323,1,0
68,333,12871,1,0
68,334,11645,1,0
68,335,37901,1,0
68,336,11607,1,0
68,337,10633,1,0
68,338,11679,1,0
68,339,10075,1,0
68,340,23488,1,0
68,341,11445,1,0
68,342,9833,1,0
68,343,10879,1,0
68,344,10323,1,0
68,345,16802,1,0
68,346,13946,1,0
68,347,24871,1,0
68,348,12225,1,0
68,349,16178,1,0
68,350,67990,1,0
68,351,151900,1,0
68,352,59733,1,0
68,353,11868,1,0
68,354,10469,1,0
68,355,10822,1,0
68,356,47646,1,0
68,357,10573,1,0
68,358,15169,1,0
68,359,10821,1,0
68,360,10860,1,0
68,361,51845,1,0
68,362,10121,1,0
68,363,10566,1,0
68,364,10406,1,0
68,365,10806,1,0
68,366,98853,1,0
68,367,10178,1,0
68,368,11638,1,0
68,369,10891,1,0
68,370,12792,1,0
68,371,12060,1,0
68,372,9971,1,0
68,373,10000,1,0
68,374,11559,1,0
68,375,11959,1,0
68,376,28112,1,0
68,377,102475,1,0
68,378,16142,1,0
68,379,10353,1,0
68,380,10137,1,0
68,381,10659,1,0
68,382,59852,1,0
68,383,11325,1,0
68,384,10522,1,0
68,385,11476,1,0
68,386,9547,1,0
68,387,55432,1,0
68,388,10775,1,0
68,389,9696,1,0
68,390,10443,1,0
68,391,10956,1,0
68,392,104210,1,0
68,393,12346,1,0
68,394,11456,1,0
68,395,11294,1,0
68,396,14491,1,0
68,397,28468,1,0
68,398,10616,1,0
68,399,11502,1,0
68,400,11473,1,0
68,401,41672,1,0
68,402,16091,1,0
68,403,12259,1,0
68,404,12376,1,0
68,405,10348,1,0
68,406,10992,1,0
68,407,11393,1,0
68,408,11199,1,0
68,409,10857,1,0
68,410,13003,1,0
68,411,10826,1,0
68,412,11683,1,0
68,413,11279,1,0
68,414,10843,1,0
68,415,11449,1,0
68,416,12028,1,0
68,417,9480,1,0
68,418,9965,1,0
68,419,11749,1,0
68,420,10884,1,0
68,421,10735,1,0
68,422,11515,1,0
68,423,11234,1,0
68,424,12328,1,0
68,425,11185,1,0
68,426,12037,1,0
68,427,9876,1,0
68,428,30487,1,0
68,429,10382,1,0
68,430,11525,1,0
68,431,11191,1,0
68,432,9889,1,0
68,433,49176,1,0
68,434,340300,1,0
68,435,158573,1,0
68,436,9488,1,0
68,437,13189,1,0
68,438,11389,1,0
68,439,66079,1,0
68,440,10012,1,0
68,441,10741,1,0
68,442,11209,1,0
68,443,11342,1,0
68,444,10876,1,0
68,445,8366,1,0
68,446,11728,1,0
68,447,10976,1,0
68,448,10856,1,0
68,449,44504,1,0
68,450,10662,1,0
68,451,13744,1,0
68,452,10423,1,0
68,453,10175,1,0
68,454,11148,1,0
68,455,11713,1,0
68,456,10485,1,0
68,457,11631,1,0
68,458,9918,1,0
68,459,146456,1,0
68,460,11164,1,0
68,461,10458,1,0
68,462,11516,1,0
68,463,11673,1,0
68,464,51898,1,0
68,465,12134,1,0
68,466,10293,1,0
68,467,11936,1,0
68,468,11643,1,0
68,469,20663,1,0
68,470,208090,1,0
68,471,159139,1,0
68,472,10237,1,0
68,473,10082,1,0
68,474,11565,1,0
68,475,10981,1,0
68,476,16016,1,0
68,477,10031,1,0
68,478,10598,1,0
68,479,13125,1,0
68,480,21551,1,0
68,481,12673,1,0
68,482,11476,1,0
68,483,11377,1,0
68,484,10912,1,0
68,485,11163,1,0
68,486,17395,1,0
68,487,12407,1,0
68,488,22189,1,0
68,489,10882,1,0
68,490,11428,1,0
68,491,11845,1,0
68,492,10976,1,0
68,493,11040,1,0
68,494,11307,1,0
68,495,10120,1,0
68,496,11738,1,0
68,497,11722,1,0
68,498,12906,1,0
68,499,12060,1,0
68,500,10114,1,0
68,501,110866,1,0
68,502,11197,1,0
68,503,10687,1,0
68,504,11963,1,0
68,505,11975,1,0
68,506,12997,1,0
68,507,10697,1,0
68,508,9860,1,0
68,509,11635,1,0
68,510,9589,1,0
68,511,72206,1,0
68,512,12458,1,0
68,513,11117,1,0
68,514,10733,1,0
68,515,10663,1,0
68,516,54483,1,0
68,517,38216,1,0
68,518,11158,1,0
68,519,11561,1,0
68,520,10140,1,0
68,521,63765,1,0
68,522,9567,1,0
68,523,11057,1,0
68,524,14850,1,0
68,525,11615,1,0
68,526,48231,1,0
68,527,11684,1,0
68,528,16722,1,0
68,529,11666,1,0
68,530,12808,1,0
68,531,10376,1,0
68,532,11344,1,0
68,533,17454,1,0
68,534,11502,1,0
68,535,12532,1,0
68,536,58273,1,0
68,537,128694,1,0
68,538,10450,1,0
68,539,11129,1,0
68,540,10714,1,0
68,541,10503,1,0
68,542,32710,1,0
68,543,12246,1,0
68,544,11111,1,0
68,545,12388,1,0
68,546,16978,1,0
68,547,52607,1,0
68,548,13809,1,0
68,549,10256,1,0
68,550,9380,1,0
68,551,29499,1,0
68,552,9713,1,0
68,553,10592,1,0
68,554,11051,1,0
68,555,10715,1,0
68,556,39591,1,0
68,557,32101,1,0
68,558,10130,1,0
68,559,11720,1,0
68,560,9811,1,0
68,561,10422,1,0
68,562,10768,1,0
68,563,10133,1,0
68,564,12083,1,0
68,565,11800,1,0
68,566,13884,1,0
68,567,23118,1,0
68,568,10544,1,0
68,569,10704,1,0
68,570,10846,1,0
68,571,11114,1,0
68,572,10276,1,0
68,573,12702,1,0
68,574,11714,1,0
68,575,10148,1,0
68,576,13704,1,0
68,577,42689,1,0
68,578,10458,1,0
68,579,11351,1,0
68,580,12116,1,0
68,581,14793,1,0
68,582,22433,1,0
68,583,10718,1,0
68,584,11873,1,0
68,585,11899,1,0
68,586,11444,1,0
68,587,225389,1,0
68,588,13389,1,0
68,589,13742,1,0
68,590,11264,1,0
68,591,11759,1,0
68,592,250324,1,0
68,593,39110,1,0
68,594,9078,1,0
68,595,10607,1,0
68,596,10350,1,0
68,597,89291,1,0
68,598,9960,1,0
68,599,10551,1,0
69,0,109815,1,0
69,1,16768,1,0
69,2,21068,1,0
69,3,12114,1,0
69,4,14888,1,0
69,5,17911,1,0
69,6,18042,1,0
69,7,56660,1,0
69,8,23279,1,0
69,9,12593,1,0
69,10,13376,1,0
69,11,12968,1,0
69,12,11873,1,0
69,13,13245,1,0
69,14,13659,1,0
69,15,12412,1,0
69,16,12671,1,0
69,17,10600,1,0
69,18,10471,1,0
69,19,10581,1,0
69,20,23540,1,0
69,21,17624,1,0
69,22,12660,1,0
69,23,12520,1,0
69,24,13722,1,0
69,25,11933,1,0
69,26,12581,1,0
69,27,13401,1,0
69,28,12538,1,0
69,29,84292,1,0
69,30,13640,1,0
69,31,13898,1,0
69,32,13495,1,0
69,33,13240,1,0
69,34,194259,1,0
69,35,111058,1,0
69,36,12697,1,0
69,37,17024,1,0
69,38,13225,1,0
69,39,100744,1,0
69,40,64887,1,0
69,41,13194,1,0
69,42,12672,1,0
69,43,10786,1,0
69,44,129909,1,0
69,45,241177,1,0
69,46,154717,1,0
69,47,114104,1,0
69,48,29306,1,0
69,49,11684,1,0
69,50,12495,1,0
69,51,13294,1,0
69,52,12737,1,0
69,53,10213,1,0
69,54,13048,1,0
69,55,13285,1,0
69,56,231083,1,0
69,57,280556,1,0
69,58,231554,1,0
69,59,90506,1,0
69,60,13382,1,0
69,61,67699,1,0
69,62,50478,1,0
69,63,11849,1,0
69,64,20256,1,0
69,65,540685,1,0
69,66,806624,1,0
69,67,954671,1,0
69,68,874621,1,0
69,69,822462,1,0
69,70,771677,1,0
69,71,722846,1,0
69,72,733218,1,0
69,73,637629,1,0
69,74,554165,1,0
69,75,463808,1,0
69,76,567981,1,0
69,77,949846,1,0
69,78,787536,1,0
69,79,617810,1,0
69,80,430128,1,0
69,81,222825,1,0
69,82,262255,1,0
69,83,252732,1,0
69,84,135046,1,0
69,85,10610,1,0
69,86,11662,1,0
69,87,13584,1,0
69,88,68318,1,0
69,89,12604,1,0
69,90,31719,1,0
69,91,12785,1,0
69,92,13948,1,0
69,93,342342,1,0
69,94,197630,1,0
69,95,33114,1,0
69,96,12074,1,0
69,97,11643,1,0
69,98,111973,1,0
69,99,11944,1,0
69,100,11523,1,0
69,101,12267,1,0
69,102,12026,1,0
69,103,84503,1,0
69,104,11792,1,0
69,105,12471,1,0
69,106,12905,1,0
69,107,14745,1,0
69,108,36526,1,0
69,109,10321,1,0
69,110,13473,1,0
69,111,476885,1,0
69,112,554517,1,0
69,113,581187,1,0
69,114,457486,1,0
69,115,340629,1,0
69,116,472173,1,0
69,117,820615,1,0
69,118,297378,1,0
69,119,156142,1,0
69,120,10086,1,0
69,121,57066,1,0
69,122,33762,1,0
69,123,10426,1,0
69,124,10488,1,0
69,125,13616,1,0
69,126,14205,1,0
69,127,72203,1,0
69,128,11785,1,0
69,129,10653,1,0
69,130,12007,1,0
69,131,11265,1,0
69,132,75913,1,0
69,133,10479,1,0
69,134,9908,1,0
69,135,9678,1,0
69,136,12789,1,0
69,137,81234,1,0
69,138,16346,1,0
69,139,9690,1,0
69,140,14568,1,0
69,141,10286,1,0
69,142,15743,1,0
69,143,193386,1,0
69,144,114552,1,0
69,145,11934,1,0
69,146,9271,1,0
69,147,13264,1,0
69,148,12418,1,0
69,149,26347,1,0
69,150,11996,1,0
69,151,10787,1,0
69,152,12281,1,0
69,153,12518,1,0
69,154,27465,1,0
69,155,11555,1,0
69,156,11987,1,0
69,157,10858,1,0
69,158,9926,1,0
69,159,66218,1,0
69,160,10539,1,0
69,161,9493,1,0
69,162,19566,1,0
69,163,12187,1,0
69,164,35900,1,0
69,165,12117,1,0
69,166,10674,1,0
69,167,12772,1,0
69,168,10834,1,0
69,169,33197,1,0
69,170,10060,1,0
69,171,10406,1,0
69,172,10661,1,0
69,173,9633,1,0
69,174,65254,1,0
69,175,11173,1,0
69,176,13486,1,0
69,177,12444,1,0
69,178,12644,1,0
69,179,36369,1,0
69,180,16454,1,0
69,181,10492,1,0
69,182,11568,1,0
69,183,12067,1,0
69,184,11499,1,0
69,185,81411,1,0
69,186,9532,1,0
69,187,10314,1,0
69,188,10957,1,0
69,189,9633,1,0
69,190,70417,1,0
69,191,10114,1,0
69,192,10606,1,0
69,193,13714,1,0
69,194,10922,1,0
69,195,35550,1,0
69,196,10205,1,0
69,197,10134,1,0
69,198,10735,1,0
69,199,11639,1,0
69,200,57273,1,0
69,201,10642,1,0
69,202,10593,1,0
69,203,10328,1,0
69,204,9832,1,0
69,205,64155,1,0
69,206,9813,1,0
69,207,12258,1,0
69,208,11742,1,0
69,209,13281,1,0
69,210,36068,1,0
69,211,9557,1,0
69,212,12639,1,0
69,213,12031,1,0
69,214,12920,1,0
69,215,9965,1,0
69,216,9547,1,0
69,217,10448,1,0
69,218,10831,1,0
69,219,9571,1,0
69,220,43559,1,0
69,221,10277,1,0
69,222,13181,1,0
69,223,12616,1,0
69,224,13314,1,0
69,225,222885,1,0
69,226,260306,1,0
69,227,172709,1,0
69,228,36053,1,0
69,229,9531,1,0
69,230,11634,1,0
69,231,9663,1,0
69,232,12892,1,0
69,233,13752,1,0
69,234,12356,1,0
69,235,60362,1,0
69,236,225397,1,0
69,237,55902,1,0
69,238,11726,1,0
69,239,10740,1,0
69,240,10023,1,0
69,241,29065,1,0
69,242,12325,1,0
69,243,9814,1,0
69,244,12335,1,0
69,245,17858,1,0
69,246,31388,1,0
69,247,10535,1,0
69,248,12226,1,0
69,249,11857,1,0
69,250,9718,1,0
69,251,15555,1,0
69,252,11711,1,0
69,253,12237,1,0
69,254,9909,1,0
69,255,11599,1,0
69,256,48432,1,0
69,257,10548,1,0
69,258,16039,1,0
69,259,13819,1,0
69,260,13764,1,0
69,261,98222,1,0
69,262,334342,1,0
69,263,125126,1,0
69,264,9689,1,0
69,265,10855,1,0
69,266,12185,1,0
69,267,58079,1,0
69,268,11634,1,0
69,269,10388,1,0
69,270,10248,1,0
69,271,8948,1,0
69,272,28362,1,0
69,273,11386,1,0
69,274,11567,1,0
69,275,10452,1,0
69,276,10571,1,0
69,277,62544,1,0
69,278,9404,1,0
69,279,10913,1,0
69,280,12775,1,0
69,281,9612,1,0
69,282,9830,1,0
69,283,12503,1,0
69,284,13427,1,0
69,285,12965,1,0
69,286,50715,1,0
69,287,10542,1,0
69,288,12548,1,0
69,289,10675,1,0
69,290,12155,1,0
69,291,13284,1,0
69,292,143756,1,0
69,293,18163,1,0
69,294,10204,1,0
69,295,10648,1,0
69,296,13935,1,0
69,297,37756,1,0
69,298,10241,1,0
69,299,10825,1,0
69,300,13177,1,0
69,301,11891,1,0
69,302,16858,1,0
69,303,12237,1,0
69,304,13160,1,0
69,305,38067,1,0
69,306,183518,1,0
69,307,551949,1,0
69,308,617342,1,0
69,309,552888,1,0
69,310,917199,1,0
69,311,728306,1,0
69,312,516662,1,0
69,313,504669,1,0
69,314,376222,1,0
69,315,258413,1,0
69,316,348501,1,0
69,317,234076,1,0
69,318,77765,1,0
69,319,14025,1,0
69,320,13383,1,0
69,321,10537,1,0
69,322,12649,1,0
69,323,9946,1,0
69,324,47817,1,0
69,325,45747,1,0
69,326,13134,1,0
69,327,14108,1,0
69,328,12081,1,0
69,329,79309,1,0
69,330,11804,1,0
69,331,133053,1,0
69,332,9759,1,0
69,333,13852,1,0
69,334,17106,1,0
69,335,34494,1,0
69,336,12903,1,0
69,337,14539,1,0
69,338,13232,1,0
69,339,10554,1,0
69,340,20415,1,0
69,341,9842,1,0
69,342,11704,1,0
69,343,12286,1,0
69,344,10827,1,0
69,345,27616,1,0
69,346,11794,1,0
69,347,25112,1,0
69,348,13790,1,0
69,349,13753,1,0
69,350,64531,1,0
69,351,146935,1,0
69,352,57591,1,0
69,353,10473,1,0
69,354,11367,1,0
69,355,11751,1,0
69,356,43878,1,0
69,357,10056,1,0
69,358,12287,1,0
69,359,9658,1,0
69,360,9529,1,0
69,361,48043,1,0
69,362,11070,1,0
69,363,9511,1,0
69,364,10434,1,0
69,365,11873,1,0
69,366,11932,1,0
69,367,12396,1,0
69,368,13574,1,0
69,369,12619,1,0
69,370,10937,1,0
69,371,9654,1,0
69,372,13890,1,0
69,373,10639,1,0
69,374,10516,1,0
69,375,9501,1,0
69,376,24239,1,0
69,377,97765,1,0
69,378,12167,1,0
69,379,9766,1,0
69,380,9537,1,0
69,381,8810,1,0
69,382,55427,1,0
69,383,10505,1,0
69,384,11870,1,0
69,385,10209,1,0
69,386,9650,1,0
69,387,52932,1,0
69,388,10535,1,0
69,389,10585,1,0
69,390,11695,1,0
69,391,12008,1,0
69,392,105018,1,0
69,393,10029,1,0
69,394,12424,1,0
69,395,9348,1,0
69,396,12295,1,0
69,397,24268,1,0
69,398,10133,1,0
69,399,10231,1,0
69,400,11700,1,0
69,401,37774,1,0
69,402,18967,1,0
69,403,10861,1,0
69,404,11999,1,0
69,405,11682,1,0
69,406,10286,1,0
69,407,9730,1,0
69,408,13091,1,0
69,409,12630,1,0
69,410,9249,1,0
69,411,9835,1,0
69,412,20079,1,0
69,413,14967,1,0
69,414,10559,1,0
69,415,12179,1,0
69,416,12060,1,0
69,417,9620,1,0
69,418,11478,1,0
69,419,11726,1,0
69,420,9897,1,0
69,421,11492,1,0
69,422,14687,1,0
69,423,9977,1,0
69,424,11239,1,0
69,425,11405,1,0
69,426,9347,1,0
69,427,10352,1,0
69,428,25556,1,0
69,429,10159,1,0
69,430,10375,1,0
69,431,9912,1,0
69,432,10377,1,0
69,433,46244,1,0
69,434,337446,1,0
69,435,154631,1,0
69,436,12035,1,0
69,437,12212,1,0
69,438,10112,1,0
69,439,61393,1,0
69,440,12782,1,0
69,441,10256,1,0
69,442,9962,1,0
69,443,18509,1,0
69,444,13212,1,0
69,445,11204,1,0
69,446,9926,1,0
69,447,9630,1,0
69,448,12581,1,0
69,449,40595,1,0
69,450,10038,1,0
69,451,13256,1,0
69,452,9831,1,0
69,453,9495,1,0
69,454,12755,1,0
69,455,12627,1,0
69,456,12683,1,0
69,457,12075,1,0
69,458,10430,1,0
69,459,143603,1,0
69,460,10645,1,0
69,461,10735,1,0
69,462,11795,1,0
69,463,12209,1,0
69,464,48331,1,0
69,465,11565,1,0
69,466,13397,1,0
69,467,10621,1,0
69,468,10194,1,0
69,469,18350,1,0
69,470,203480,1,0
69,471,156033,1,0
69,472,11893,1,0
69,473,9884,1,0
69,474,12268,1,0
69,475,9674,1,0
69,476,13260,1,0
69,477,9503,1,0
69,478,9746,1,0
69,479,12547,1,0
69,480,17825,1,0
69,481,9639,1,0
69,482,9332,1,0
69,483,10105,1,0
69,484,12334,1,0
69,485,11675,1,0
69,486,13812,1,0
69,487,9839,1,0
69,488,18811,1,0
69,489,9995,1,0
69,490,12447,1,0
69,491,10040,1,0
69,492,9507,1,0
69,493,10690,1,0
69,494,11792,1,0
69,495,11888,1,0
69,496,10061,1,0
69,497,12045,1,0
69,498,15497,1,0
69,499,10648,1,0
69,500,10474,1,0
69,501,107494,1,0
69,502,12489,1,0
69,503,10513,1,0
69,504,10701,1,0
69,505,10031,1,0
69,506,10679,1,0
69,507,10794,1,0
69,508,11092,1,0
69,509,10345,1,0
69,510,9341,1,0
69,511,67839,1,0
69,512,11383,1,0
69,513,10821,1,0
69,514,11624,1,0
69,515,11767,1,0
69,516,71800,1,0
69,517,37467,1,0
69,518,12728,1,0
69,519,11982,1,0
69,520,12129,1,0
69,521,75789,1,0
69,522,10007,1,0
69,523,11224,1,0
69,524,11066,1,0
69,525,8982,1,0
69,526,46106,1,0
69,527,8878,1,0
69,528,15515,1,0
69,529,11786,1,0
69,530,11154,1,0
69,531,8901,1,0
69,532,11765,1,0
69,533,15367,1,0
69,534,11296,1,0
69,535,13746,1,0
69,536,67855,1,0
69,537,124573,1,0
69,538,11761,1,0
69,539,12237,1,0
69,540,15035,1,0
69,541,12898,1,0
69,542,29658,1,0
69,543,10040,1,0
69,544,11807,1,0
69,545,11500,1,0
69,546,17003,1,0
69,547,49031,1,0
69,548,13755,1,0
69,549,10561,1,0
69,550,10800,1,0
69,551,39797,1,0
69,552,11774,1,0
69,553,13860,1,0
69,554,9854,1,0
69,555,9614,1,0
69,556,37237,1,0
69,557,27840,1,0
69,558,9541,1,0
69,559,10243,1,0
69,560,9979,1,0
69,561,9658,1,0
69,562,13232,1,0
69,563,11350,1,0
69,564,11869,1,0
69,565,10657,1,0
69,566,15418,1,0
69,567,18815,1,0
69,568,11713,1,0
69,569,9614,1,0
69,570,9621,1,0
69,571,11794,1,0
69,572,9452,1,0
69,573,10344,1,0
69,574,10424,1,0
69,575,9635,1,0
69,576,14425,1,0
69,577,37571,1,0
69,578,11777,1,0
69,579,10802,1,0
69,580,10981,1,0
69,581,12110,1,0
69,582,17471,1,0
69,583,9441,1,0
69,584,8588,1,0
69,585,11664,1,0
69,586,13594,1,0
69,587,220507,1,0
69,588,13214,1,0
69,589,13042,1,0
69,590,11853,1,0
69,591,10248,1,0
69,592,246417,1,0
69,593,33272,1,0
69,594,10268,1,0
69,595,9958,1,0
69,596,10217,1,0
69,597,83843,1,0
69,598,10171,1,0
69,599,11709,1,0
70,0,107779,1,0
70,1,15620,1,0
70,2,21913,1,0
70,3,11952,1,0
70,4,16573,1,0
70,5,17175,1,0
70,6,16192,1,0
70,7,55895,1,0
70,8,23841,1,0
70,9,12508,1,0
70,10,12421,1,0
70,11,11952,1,0
70,12,11767,1,0
70,13,13018,1,0
70,14,17386,1,0
70,15,14681,1,0
70,16,11845,1,0
70,17,10958,1,0
70,18,11876,1,0
70,19,14733,1,0
70,20,25725,1,0
70,21,16560,1,0
70,22,11970,1,0
70,23,17213,1,0
70,24,15192,1,0
70,25,11505,1,0
70,26,9012,1,0
70,27,11455,1,0
70,28,11871,1,0
70,29,83802,1,0
70,30,12958,1,0
70,31,12882,1,0
70,32,12255,1,0
70,33,11086,1,0
70,34,191895,1,0
70,35,108711,1,0
70,36,11487,1,0
70,37,14924,1,0
70,38,13363,1,0
70,39,101713,1,0
70,40,65089,1,0
70,41,11873,1,0
70,42,12317,1,0
70,43,13618,1,0
70,44,147499,1,0
70,45,240486,1,0
70,46,155303,1,0
70,47,112169,1,0
70,48,32724,1,0
70,49,11548,1,0
70,50,11268,1,0
70,51,11708,1,0
70,52,9413,1,0
70,53,12487,1,0
70,54,9603,1,0
70,55,14023,1,0
70,56,230856,1,0
70,57,45945,1,0
70,58,229620,1,0
70,59,87877,1,0
70,60,11337,1,0
70,61,65451,1,0
70,62,49454,1,0
70,63,11503,1,0
70,64,20479,1,0
70,65,544775,1,0
70,66,809160,1,0
70,67,953418,1,0
70,68,873082,1,0
70,69,823560,1,0
70,70,771083,1,0
70,71,721709,1,0
70,72,731983,1,0
70,73,638512,1,0
70,74,553765,1,0
70,75,463780,1,0
70,76,570981,1,0
70,77,947530,1,0
70,78,785697,1,0
70,79,619954,1,0
70,80,428621,1,0
70,81,221243,1,0
70,82,276217,1,0
70,83,253413,1,0
70,84,132707,1,0
70,85,11273,1,0
70,86,11820,1,0
70,87,12170,1,0
70,88,70622,1,0
70,89,9097,1,0
70,90,30314,1,0
70,91,14684,1,0
70,92,16874,1,0
70,93,340950,1,0
70,94,195449,1,0
70,95,30043,1,0
70,96,13726,1,0
70,97,11656,1,0
70,98,108966,1,0
70,99,13113,1,0
70,100,11885,1,0
70,101,12264,1,0
70,102,12246,1,0
70,103,82273,1,0
70,104,14750,1,0
70,105,12745,1,0
70,106,11427,1,0
70,107,14005,1,0
70,108,35164,1,0
70,109,11010,1,0
70,110,12446,1,0
70,111,499377,1,0
70,112,557709,1,0
70,113,581573,1,0
70,114,456176,1,0
70,115,337997,1,0
70,116,499682,1,0
70,117,423299,1,0
70,118,297045,1,0
70,119,155774,1,0
70,120,11747,1,0
70,121,56522,1,0
70,122,31614,1,0
70,123,11336,1,0
70,124,11643,1,0
70,125,11819,1,0
70,126,11697,1,0
70,127,69260,1,0
70,128,11842,1,0
70,129,9078,1,0
70,130,9850,1,0
70,131,12160,1,0
70,132,87082,1,0
70,133,11251,1,0
70,134,12591,1,0
70,135,12656,1,0
70,136,9655,1,0
70,137,78979,1,0
70,138,13584,1,0
70,139,11659,1,0
70,140,12000,1,0
70,141,11442,1,0
70,142,12605,1,0
70,143,189673,1,0
70,144,112405,1,0
70,145,11651,1,0
70,146,10843,1,0
70,147,12574,1,0
70,148,11118,1,0
70,149,23872,1,0
70,150,13745,1,0
70,151,12399,1,0
70,152,11071,1,0
70,153,12123,1,0
70,154,36558,1,0
70,155,11308,1,0
70,156,11308,1,0
70,157,11682,1,0
70,158,11766,1,0
70,159,63791,1,0
70,160,11560,1,0
70,161,9340,1,0
70,162,20503,1,0
70,163,11186,1,0
70,164,33071,1,0
70,165,9045,1,0
70,166,11959,1,0
70,167,9798,1,0
70,168,10444,1,0
70,169,31002,1,0
70,170,10685,1,0
70,171,8791,1,0
70,172,10640,1,0
70,173,9883,1,0
70,174,63684,1,0
70,175,11303,1,0
70,176,11121,1,0
70,177,8716,1,0
70,178,9300,1,0
70,179,33008,1,0
70,180,13436,1,0
70,181,8782,1,0
70,182,10982,1,0
70,183,10729,1,0
70,184,13183,1,0
70,185,79171,1,0
70,186,10740,1,0
70,187,12400,1,0
70,188,10644,1,0
70,189,9507,1,0
70,190,67803,1,0
70,191,11427,1,0
70,192,11328,1,0
70,193,11895,1,0
70,194,10958,1,0
70,195,35202,1,0
70,196,10757,1,0
70,197,11050,1,0
70,198,10897,1,0
70,199,12094,1,0
70,200,55118,1,0
70,201,11756,1,0
70,202,17802,1,0
70,203,9355,1,0
70,204,10669,1,0
70,205,59421,1,0
70,206,11454,1,0
70,207,13050,1,0
70,208,11174,1,0
70,209,10905,1,0
70,210,33099,1,0
70,211,11135,1,0
70,212,11389,1,0
70,213,11761,1,0
70,214,11878,1,0
70,215,11969,1,0
70,216,9360,1,0
70,217,12075,1,0
70,218,11936,1,0
70,219,11472,1,0
70,220,44762,1,0
70,221,11452,1,0
70,222,11147,1,0
70,223,11533,1,0
70,224,12026,1,0
70,225,220794,1,0
70,226,262392,1,0
70,227,169436,1,0
70,228,33874,1,0
70,229,10376,1,0
70,230,11090,1,0
70,231,10752,1,0
70,232,10890,1,0
70,233,10488,1,0
70,234,11711,1,0
70,235,60469,1,0
70,236,222409,1,0
70,237,52455,1,0
70,238,11845,1,0
70,239,12605,1,0
70,240,11538,1,0
70,241,26730,1,0
70,242,11364,1,0
70,243,11554,1,0
70,244,12592,1,0
70,245,16533,1,0
70,246,28517,1,0
70,247,11706,1,0
70,248,11619,1,0
70,249,12504,1,0
70,250,11012,1,0
70,251,26239,1,0
70,252,11917,1,0
70,253,11867,1,0
70,254,10822,1,0
70,255,13034,1,0
70,256,50097,1,0
70,257,12716,1,0
70,258,15817,1,0
70,259,12476,1,0
70,260,12900,1,0
70,261,107567,1,0
70,262,332965,1,0
70,263,123146,1,0
70,264,9521,1,0
70,265,10720,1,0
70,266,9503,1,0
70,267,56671,1,0
70,268,11168,1,0
70,269,10029,1,0
70,270,12020,1,0
70,271,9354,1,0
70,272,25397,1,0
70,273,12392,1,0
70,274,10826,1,0
70,275,11725,1,0
70,276,10825,1,0
70,277,60231,1,0
70,278,11667,1,0
70,279,11263,1,0
70,280,13279,1,0
70,281,9771,1,0
70,282,11386,1,0
70,283,10870,1,0
70,284,10414,1,0
70,285,9259,1,0
70,286,48809,1,0
70,287,11051,1,0
70,288,11231,1,0
70,289,11318,1,0
70,290,12707,1,0
70,291,12679,1,0
70,292,140485,1,0
70,293,18045,1,0
70,294,12147,1,0
70,295,12271,1,0
70,296,12671,1,0
70,297,35329,1,0
70,298,10661,1,0
70,299,11722,1,0
70,300,12756,1,0
70,301,11640,1,0
70,302,14809,1,0
70,303,14084,1,0
70,304,11734,1,0
70,305,38540,1,0
70,306,183337,1,0
70,307,550075,1,0
70,308,617009,1,0
70,309,551626,1,0
70,310,913912,1,0
70,311,726202,1,0
70,312,513951,1,0
70,313,503461,1,0
70,314,373955,1,0
70,315,256984,1,0
70,316,349245,1,0
70,317,231872,1,0
70,318,74646,1,0
70,319,13281,1,0
70,320,11121,1,0
70,321,11274,1,0
70,322,9656,1,0
70,323,11169,1,0
70,324,59064,1,0
70,325,43428,1,0
70,326,11787,1,0
70,327,11836,1,0
70,328,11165,1,0
70,329,76602,1,0
70,330,12082,1,0
70,331,132256,1,0
70,332,10338,1,0
70,333,12303,1,0
70,334,13772,1,0
70,335,31914,1,0
70,336,10994,1,0
70,337,14027,1,0
70,338,9546,1,0
70,339,11595,1,0
70,340,31864,1,0
70,341,10594,1,0
70,342,11729,1,0
70,343,9019,1,0
70,344,9466,1,0
70,345,24017,1,0
70,346,11901,1,0
70,347,23937,1,0
70,348,12655,1,0
70,349,11415,1,0
70,350,62240,1,0
70,351,144026,1,0
70,352,56880,1,0
70,353,12385,1,0
70,354,9409,1,0
70,355,11232,1,0
70,356,39793,1,0
70,357,8869,1,0
70,358,9493,1,0
70,359,11274,1,0
70,360,9220,1,0
70,361,55881,1,0
70,362,11259,1,0
70,363,9344,1,0
70,364,12386,1,0
70,365,15716,1,0
70,366,93126,1,0
70,367,11664,1,0
70,368,11668,1,0
70,369,9089,1,0
70,370,9659,1,0
70,371,9097,1,0
70,372,10745,1,0
70,373,11240,1,0
70,374,12030,1,0
70,375,9691,1,0
70,376,34790,1,0
70,377,95413,1,0
70,378,11138,1,0
70,379,11736,1,0
70,380,9355,1,0
70,381,8835,1,0
70,382,51858,1,0
70,383,9339,1,0
70,384,12396,1,0
70,385,10815,1,0
70,386,11397,1,0
70,387,50701,1,0
70,388,10970,1,0
70,389,9354,1,0
70,390,10684,1,0
70,391,9460,1,0
70,392,100606,1,0
70,393,11021,1,0
70,394,12706,1,0
70,395,10592,1,0
70,396,12444,1,0
70,397,20475,1,0
70,398,9161,1,0
70,399,10279,1,0
70,400,12091,1,0
70,401,37441,1,0
70,402,17595,1,0
70,403,10412,1,0
70,404,11141,1,0
70,405,12310,1,0
70,406,11519,1,0
70,407,12832,1,0
70,408,10165,1,0
70,409,8879,1,0
70,410,11191,1,0
70,411,11520,1,0
70,412,18002,1,0
70,413,12797,1,0
70,414,9406,1,0
70,415,11802,1,0
70,416,13022,1,0
70,417,11415,1,0
70,418,12356,1,0
70,419,13584,1,0
70,420,12450,1,0
70,421,11930,1,0
70,422,19623,1,0
70,423,11396,1,0
70,424,11684,1,0
70,425,11944,1,0
70,426,11623,1,0
70,427,11138,1,0
70,428,20591,1,0
70,429,10463,1,0
70,430,11561,1,0
70,431,9761,1,0
70,432,10695,1,0
70,433,42708,1,0
70,434,335297,1,0
70,435,151426,1,0
70,436,9107,1,0
70,437,11289,1,0
70,438,12448,1,0
70,439,57383,1,0
70,440,9857,1,0
70,441,10887,1,0
70,442,12345,1,0
70,443,18197,1,0
70,444,11602,1,0
70,445,9258,1,0
70,446,10752,1,0
70,447,9074,1,0
70,448,12604,1,0
70,449,39387,1,0
70,450,9043,1,0
70,451,9738,1,0
70,452,10555,1,0
70,453,11996,1,0
70,454,10383,1,0
70,455,11233,1,0
70,456,11617,1,0
70,457,11959,1,0
70,458,11200,1,0
70,459,141285,1,0
70,460,11638,1,0
70,461,12625,1,0
70,462,11786,1,0
70,463,10705,1,0
70,464,59393,1,0
70,465,10480,1,0
70,466,12121,1,0
70,467,11090,1,0
70,468,10841,1,0
70,469,15375,1,0
70,470,200046,1,0
70,471,153030,1,0
70,472,11086,1,0
70,473,8936,1,0
70,474,13721,1,0
70,475,11437,1,0
70,476,14125,1,0
70,477,12029,1,0
70,478,12379,1,0
70,479,11514,1,0
70,480,15276,1,0
70,481,10755,1,0
70,482,10855,1,0
70,483,13599,1,0
70,484,12304,1,0
70,485,10410,1,0
70,486,11633,1,0
70,487,11616,1,0
70,488,18959,1,0
70,489,11504,1,0
70,490,12261,1,0
70,491,11198,1,0
70,492,12178,1,0
70,493,11117,1,0
70,494,10904,1,0
70,495,10849,1,0
70,496,11599,1,0
70,497,10586,1,0
70,498,13715,1,0
70,499,11433,1,0
70,500,10438,1,0
70,501,105269,1,0
70,502,11830,1,0
70,503,12829,1,0
70,504,11324,1,0
70,505,11284,1,0
70,506,12028,1,0
70,507,11206,1,0
70,508,10755,1,0
70,509,11903,1,0
70,510,9224,1,0
70,511,63979,1,0
70,512,11873,1,0
70,513,12122,1,0
70,514,11679,1,0
70,515,12639,1,0
70,516,70616,1,0
70,517,40390,1,0
70,518,10880,1,0
70,519,13272,1,0
70,520,13164,1,0
70,521,73233,1,0
70,522,9015,1,0
70,523,12614,1,0
70,524,11387,1,0
70,525,8764,1,0
70,526,42847,1,0
70,527,10848,1,0
70,528,16079,1,0
70,529,11284,1,0
70,530,13068,1,0
70,531,8817,1,0
70,532,12620,1,0
70,533,13620,1,0
70,534,12299,1,0
70,535,13201,1,0
70,536,65580,1,0
70,537,122317,1,0
70,538,11985,1,0
70,539,13264,1,0
70,540,13094,1,0
70,541,9371,1,0
70,542,27595,1,0
70,543,11429,1,0
70,544,11785,1,0
70,545,11482,1,0
70,546,19361,1,0
70,547,47461,1,0
70,548,13222,1,0
70,549,11134,1,0
70,550,11532,1,0
70,551,37906,1,0
70,552,9668,1,0
70,553,13617,1,0
70,554,11624,1,0
70,555,13524,1,0
70,556,50202,1,0
70,557,24976,1,0
70,558,11698,1,0
70,559,10560,1,0
70,560,9753,1,0
70,561,11355,1,0
70,562,14370,1,0
70,563,10664,1,0
70,564,10326,1,0
70,565,10559,1,0
70,566,16769,1,0
70,567,16166,1,0
70,568,10344,1,0
70,569,10711,1,0
70,570,9145,1,0
70,571,11240,1,0
70,572,10320,1,0
70,573,8994,1,0
70,574,10531,1,0
70,575,10213,1,0
70,576,19554,1,0
70,577,34864,1,0
70,578,11208,1,0
70,579,11590,1,0
70,580,11338,1,0
70,581,11173,1,0
70,582,13274,1,0
70,583,11539,1,0
70,584,10798,1,0
70,585,11000,1,0
70,586,12578,1,0
70,587,216683,1,0
70,588,11998,1,0
70,589,11271,1,0
70,590,10766,1,0
70,591,11781,1,0
70,592,243580,1,0
70,593,29536,1,0
70,594,10937,1,0
70,595,9756,1,0
70,596,11457,1,0
70,597,79931,1,0
70,598,11631,1,0
70,599,9786,1,0
71,0,106396,1,0
71,1,16061,1,0
71,2,20031,1,0
71,3,14315,1,0
71,4,20463,1,0
71,5,16460,1,0
71,6,14733,1,0
71,7,55636,1,0
71,8,24007,1,0
71,9,10828,1,0
71,10,13613,1,0
71,11,11996,1,0
71,12,12506,1,0
71,13,12087,1,0
71,14,14290,1,0
71,15,12529,1,0
71,16,17081,1,0
71,17,11593,1,0
71,18,11934,1,0
71,19,12834,1,0
71,20,26993,1,0
71,21,14708,1,0
71,22,12213,1,0
71,23,15439,1,0
71,24,14144,1,0
71,25,10288,1,0
71,26,12678,1,0
71,27,11569,1,0
71,28,12554,1,0
71,29,96176,1,0
71,30,10117,1,0
71,31,10957,1,0
71,32,12854,1,0
71,33,11515,1,0
71,34,187865,1,0
71,35,107225,1,0
71,36,12272,1,0
71,37,16208,1,0
71,38,11911,1,0
71,39,112621,1,0
71,40,63574,1,0
71,41,11829,1,0
71,42,10787,1,0
71,43,10990,1,0
71,44,145025,1,0
71,45,239111,1,0
71,46,155333,1,0
71,47,109741,1,0
71,48,31246,1,0
71,49,11356,1,0
71,50,12993,1,0
71,51,12552,1,0
71,52,11674,1,0
71,53,11643,1,0
71,54,12231,1,0
71,55,13751,1,0
71,56,235559,1,0
71,57,280158,1,0
71,58,227560,1,0
71,59,85770,1,0
71,60,13206,1,0
71,61,63930,1,0
71,62,47609,1,0
71,63,13167,1,0
71,64,20319,1,0
71,65,547115,1,0
71,66,813914,1,0
71,67,951790,1,0
71,68,870886,1,0
71,69,835574,1,0
71,70,771784,1,0
71,71,719905,1,0
71,72,730495,1,0
71,73,638679,1,0
71,74,550694,1,0
71,75,463230,1,0
71,76,574087,1,0
71,77,946549,1,0
71,78,782932,1,0
71,79,620036,1,0
71,80,427525,1,0
71,81,218693,1,0
71,82,273118,1,0
71,83,254458,1,0
71,84,130633,1,0
71,85,10726,1,0
71,86,10686,1,0
71,87,9927,1,0
71,88,70334,1,0
71,89,11040,1,0
71,90,28660,1,0
71,91,15334,1,0
71,92,16602,1,0
71,93,339356,1,0
71,94,193961,1,0
71,95,27066,1,0
71,96,12148,1,0
71,97,10215,1,0
71,98,106711,1,0
71,99,10379,1,0
71,100,11325,1,0
71,101,12589,1,0
71,102,10647,1,0
71,103,93985,1,0
71,104,13005,1,0
71,105,12398,1,0
71,106,10339,1,0
71,107,16554,1,0
71,108,47904,1,0
71,109,13085,1,0
71,110,11527,1,0
71,111,499236,1,0
71,112,559661,1,0
71,113,581649,1,0
71,114,462954,1,0
71,115,334966,1,0
71,116,499936,1,0
71,117,426116,1,0
71,118,296453,1,0
71,119,153604,1,0
71,120,12468,1,0
71,121,54808,1,0
71,122,28612,1,0
71,123,12568,1,0
71,124,11708,1,0
71,125,10313,1,0
71,126,10613,1,0
71,127,66378,1,0
71,128,11059,1,0
71,129,11657,1,0
71,130,12987,1,0
71,131,10891,1,0
71,132,86151,1,0
71,133,11009,1,0
71,134,11818,1,0
71,135,10786,1,0
71,136,11465,1,0
71,137,90518,1,0
71,138,11144,1,0
71,139,10547,1,0
71,140,9941,1,0
71,141,11431,1,0
71,142,10355,1,0
71,143,187627,1,0
71,144,110771,1,0
71,145,11758,1,0
71,146,11405,1,0
71,147,11037,1,0
71,148,12274,1,0
71,149,19991,1,0
71,150,12256,1,0
71,151,11247,1,0
71,152,13076,1,0
71,153,11181,1,0
71,154,13625,1,0
71,155,10040,1,0
71,156,11833,1,0
71,157,11190,1,0
71,158,10709,1,0
71,159,60184,1,0
71,160,10264,1,0
71,161,10511,1,0
71,162,17609,1,0
71,163,10100,1,0
71,164,29924,1,0
71,165,11794,1,0
71,166,11617,1,0
71,167,10012,1,0
71,168,11489,1,0
71,169,26864,1,0
71,170,10446,1,0
71,171,11907,1,0
71,172,12731,1,0
71,173,10094,1,0
71,174,60083,1,0
71,175,10501,1,0
71,176,10976,1,0
71,177,10374,1,0
71,178,12505,1,0
71,179,45495,1,0
71,180,10700,1,0
71,181,11772,1,0
71,182,11852,1,0
71,183,11439,1,0
71,184,12208,1,0
71,185,76267,1,0
71,186,9594,1,0
71,187,10547,1,0
71,188,9758,1,0
71,189,9242,1,0
71,190,66017,1,0
71,191,10693,1,0
71,192,10334,1,0
71,193,9928,1,0
71,194,10875,1,0
71,195,29997,1,0
71,196,10579,1,0
71,197,10479,1,0
71,198,11457,1,0
71,199,10970,1,0
71,200,54040,1,0
71,201,10531,1,0
71,202,16090,1,0
71,203,10967,1,0
71,204,11966,1,0
71,205,55333,1,0
71,206,10149,1,0
71,207,11838,1,0
71,208,11245,1,0
71,209,12283,1,0
71,210,32246,1,0
71,211,10791,1,0
71,212,11381,1,0
71,213,12376,1,0
71,214,11058,1,0
71,215,10301,1,0
71,216,11130,1,0
71,217,10539,1,0
71,218,10400,1,0
71,219,11141,1,0
71,220,42703,1,0
71,221,10015,1,0
71,222,12843,1,0
71,223,12835,1,0
71,224,11679,1,0
71,225,219213,1,0
71,226,260328,1,0
71,227,168357,1,0
71,228,31640,1,0
71,229,12518,1,0
71,230,10978,1,0
71,231,9934,1,0
71,232,10372,1,0
71,233,11818,1,0
71,234,11605,1,0
71,235,69321,1,0
71,236,218542,1,0
71,237,49586,1,0
71,238,11699,1,0
71,239,12692,1,0
71,240,9643,1,0
71,241,35387,1,0
71,242,12107,1,0
71,243,11237,1,0
71,244,11017,1,0
71,245,12587,1,0
71,246,40577,1,0
71,247,9828,1,0
71,248,12711,1,0
71,249,11514,1,0
71,250,9410,1,0
71,251,24486,1,0
71,252,11178,1,0
71,253,10921,1,0
71,254,12031,1,0
71,255,13106,1,0
71,256,47802,1,0
71,257,12949,1,0
71,258,12154,1,0
71,259,10800,1,0
71,260,11637,1,0
71,261,110335,1,0
71,262,328875,1,0
71,263,119913,1,0
71,264,11403,1,0
71,265,11625,1,0
71,266,11193,1,0
71,267,52714,1,0
71,268,13405,1,0
71,269,9546,1,0
71,270,10689,1,0
71,271,9976,1,0
71,272,22622,1,0
71,273,10227,1,0
71,274,10037,1,0
71,275,9183,1,0
71,276,11387,1,0
71,277,55566,1,0
71,278,10689,1,0
71,279,10072,1,0
71,280,10919,1,0
71,281,10880,1,0
71,282,9470,1,0
71,283,9997,1,0
71,284,11769,1,0
71,285,10517,1,0
71,286,63032,1,0
71,287,11398,1,0
71,288,12141,1,0
71,289,10371,1,0
71,290,12333,1,0
71,291,12051,1,0
71,292,138968,1,0
71,293,17135,1,0
71,294,10282,1,0
71,295,11741,1,0
71,296,12968,1,0
71,297,31199,1,0
71,298,10350,1,0
71,299,10380,1,0
71,300,11802,1,0
71,301,9417,1,0
71,302,13296,1,0
71,303,15012,1,0
71,304,11860,1,0
71,305,37096,1,0
71,306,183864,1,0
71,307,548888,1,0
71,308,618011,1,0
71,309,549570,1,0
71,310,911173,1,0
71,311,724713,1,0
71,312,517730,1,0
71,313,499813,1,0
71,314,372077,1,0
71,315,254805,1,0
71,316,348451,1,0
71,317,231428,1,0
71,318,71899,1,0
71,319,11912,1,0
71,320,10478,1,0
71,321,10366,1,0
71,322,11501,1,0
71,323,10272,1,0
71,324,55780,1,0
71,325,39950,1,0
71,326,11161,1,0
71,327,11452,1,0
71,328,13411,1,0
71,329,75699,1,0
71,330,13160,1,0
71,331,130057,1,0
71,332,10490,1,0
71,333,10528,1,0
71,334,10448,1,0
71,335,28442,1,0
71,336,13152,1,0
71,337,11972,1,0
71,338,11957,1,0
71,339,10251,1,0
71,340,30642,1,0
71,341,10258,1,0
71,342,16067,1,0
71,343,14076,1,0
71,344,11863,1,0
71,345,20235,1,0
71,346,15200,1,0
71,347,23269,1,0
71,348,13791,1,0
71,349,11768,1,0
71,350,61527,1,0
71,351,141783,1,0
71,352,54557,1,0
71,353,10238,1,0
71,354,10399,1,0
71,355,10427,1,0
71,356,35912,1,0
71,357,10912,1,0
71,358,10394,1,0
71,359,9174,1,0
71,360,10455,1,0
71,361,60000,1,0
71,362,9595,1,0
71,363,10941,1,0
71,364,10554,1,0
71,365,13774,1,0
71,366,91647,1,0
71,367,11992,1,0
71,368,11622,1,0
71,369,10351,1,0
71,370,11075,1,0
71,371,11268,1,0
71,372,9900,1,0
71,373,10133,1,0
71,374,11768,1,0
71,375,12269,1,0
71,376,31800,1,0
71,377,91939,1,0
71,378,11804,1,0
71,379,8794,1,0
71,380,11840,1,0
71,381,11481,1,0
71,382,10554,1,0
71,383,11929,1,0
71,384,11807,1,0
71,385,9846,1,0
71,386,11567,1,0
71,387,48175,1,0
71,388,13255,1,0
71,389,9734,1,0
71,390,10732,1,0
71,391,12308,1,0
71,392,98344,1,0
71,393,10554,1,0
71,394,12283,1,0
71,395,11696,1,0
71,396,12221,1,0
71,397,34064,1,0
71,398,11073,1,0
71,399,10102,1,0
71,400,10538,1,0
71,401,34827,1,0
71,402,15033,1,0
71,403,10876,1,0
71,404,11510,1,0
71,405,12543,1,0
71,406,10789,1,0
71,407,10495,1,0
71,408,11682,1,0
71,409,11839,1,0
71,410,10695,1,0
71,411,11113,1,0
71,412,22263,1,0
71,413,10091,1,0
71,414,11969,1,0
71,415,9717,1,0
71,416,12359,1,0
71,417,10930,1,0
71,418,9460,1,0
71,419,10991,1,0
71,420,10478,1,0
71,421,10704,1,0
71,422,21266,1,0
71,423,9963,1,0
71,424,10392,1,0
71,425,11948,1,0
71,426,10908,1,0
71,427,9736,1,0
71,428,16133,1,0
71,429,11041,1,0
71,430,10573,1,0
71,431,10412,1,0
71,432,11092,1,0
71,433,51665,1,0
71,434,331887,1,0
71,435,147979,1,0
71,436,12189,1,0
71,437,12113,1,0
71,438,12116,1,0
71,439,54446,1,0
71,440,12037,1,0
71,441,10579,1,0
71,442,11222,1,0
71,443,21635,1,0
71,444,10464,1,0
71,445,9919,1,0
71,446,11329,1,0
71,447,11842,1,0
71,448,12119,1,0
71,449,35789,1,0
71,450,12951,1,0
71,451,12169,1,0
71,452,11839,1,0
71,453,10831,1,0
71,454,10937,1,0
71,455,12031,1,0
71,456,10182,1,0
71,457,11486,1,0
71,458,11131,1,0
71,459,138422,1,0
71,460,10700,1,0
71,461,10386,1,0
71,462,9992,1,0
71,463,11399,1,0
71,464,55487,1,0
71,465,10959,1,0
71,466,12205,1,0
71,467,11585,1,0
71,468,10631,1,0
71,469,12183,1,0
71,470,196681,1,0
71,471,153210,1,0
71,472,10811,1,0
71,473,11631,1,0
71,474,10199,1,0
71,475,11386,1,0
71,476,13508,1,0
71,477,10939,1,0
71,478,10485,1,0
71,479,10706,1,0
71,480,11435,1,0
71,481,11999,1,0
71,482,11495,1,0
71,483,11755,1,0
71,484,10559,1,0
71,485,10349,1,0
71,486,10213,1,0
71,487,9929,1,0
71,488,18286,1,0
71,489,11868,1,0
71,490,12632,1,0
71,491,11244,1,0
71,492,10846,1,0
71,493,11015,1,0
71,494,10993,1,0
71,495,10988,1,0
71,496,9976,1,0
71,497,11691,1,0
71,498,12001,1,0
71,499,12623,1,0
71,500,12332,1,0
71,501,104651,1,0
71,502,12056,1,0
71,503,11404,1,0
71,504,10442,1,0
71,505,19777,1,0
71,506,16018,1,0
71,507,11506,1,0
71,508,11483,1,0
71,509,11159,1,0
71,510,11116,1,0
71,511,75788,1,0
71,512,11172,1,0
71,513,12994,1,0
71,514,11817,1,0
71,515,12761,1,0
71,516,68903,1,0
71,517,40285,1,0
71,518,11151,1,0
71,519,10031,1,0
71,520,11297,1,0
71,521,71685,1,0
71,522,10709,1,0
71,523,9232,1,0
71,524,11904,1,0
71,525,10681,1,0
71,526,41143,1,0
71,527,9317,1,0
71,528,12751,1,0
71,529,9670,1,0
71,530,12095,1,0
71,531,9871,1,0
71,532,11062,1,0
71,533,12861,1,0
71,534,12474,1,0
71,535,14733,1,0
71,536,62400,1,0
71,537,120272,1,0
71,538,9903,1,0
71,539,10520,1,0
71,540,10490,1,0
71,541,10666,1,0
71,542,24744,1,0
71,543,10043,1,0
71,544,10209,1,0
71,545,10902,1,0
71,546,18154,1,0
71,547,45961,1,0
71,548,13302,1,0
71,549,12394,1,0
71,550,11744,1,0
71,551,35588,1,0
71,552,10664,1,0
71,553,11452,1,0
71,554,9983,1,0
71,555,11255,1,0
71,556,49776,1,0
71,557,23460,1,0
71,558,12409,1,0
71,559,11834,1,0
71,560,11021,1,0
71,561,9786,1,0
71,562,11473,1,0
71,563,11111,1,0
71,564,13235,1,0
71,565,11133,1,0
71,566,18468,1,0
71,567,13479,1,0
71,568,11218,1,0
71,569,9644,1,0
71,570,9980,1,0
71,571,11438,1,0
71,572,10618,1,0
71,573,11652,1,0
71,574,11155,1,0
71,575,10018,1,0
71,576,20057,1,0
71,577,30624,1,0
71,578,10621,1,0
71,579,16758,1,0
71,580,10546,1,0
71,581,11987,1,0
71,582,9157,1,0
71,583,10170,1,0
71,584,10133,1,0
71,585,12123,1,0
71,586,16150,1,0
71,587,213606,1,0
71,588,11696,1,0
71,589,10956,1,0
71,590,9645,1,0
71,591,10921,1,0
71,592,240054,1,0
71,593,26721,1,0
71,594,12206,1,0
71,595,11445,1,0
71,596,14455,1,0
71,597,78015,1,0
71,598,9896,1,0
71,599,10495,1,0
72,0,102895,1,0
72,1,13964,1,0
72,2,17546,1,0
72,3,10721,1,0
72,4,20063,1,0
72,5,14106,1,0
72,6,12811,1,0
72,7,53628,1,0
72,8,23440,1,0
72,9,13820,1,0
72,10,12671,1,0
72,11,14227,1,0
72,12,13414,1,0
72,13,14310,1,0
72,14,12266,1,0
72,15,13316,1,0
72,16,15958,1,0
72,17,10460,1,0
72,18,10439,1,0
72,19,11644,1,0
72,20,27418,1,0
72,21,11968,1,0
72,22,13650,1,0
72,23,13480,1,0
72,24,11922,1,0
72,25,12104,1,0
72,26,10476,1,0
72,27,11784,1,0
72,28,12449,1,0
72,29,93781,1,0
72,30,12277,1,0
72,31,15407,1,0
72,32,13502,1,0
72,33,10824,1,0
72,34,199242,1,0
72,35,105768,1,0
72,36,12037,1,0
72,37,13681,1,0
72,38,14296,1,0
72,39,113056,1,0
72,40,61281,1,0
72,41,12540,1,0
72,42,12835,1,0
72,43,12799,1,0
72,44,157646,1,0
72,45,237613,1,0
72,46,154769,1,0
72,47,107263,1,0
72,48,28648,1,0
72,49,11661,1,0
72,50,12445,1,0
72,51,15606,1,0
72,52,11422,1,0
72,53,15708,1,0
72,54,10753,1,0
72,55,13506,1,0
72,56,241542,1,0
72,57,279771,1,0
72,58,225578,1,0
72,59,81471,1,0
72,60,10015,1,0
72,61,61538,1,0
72,62,45830,1,0
72,63,12951,1,0
72,64,18269,1,0
72,65,549698,1,0
72,66,861749,1,0
72,67,951507,1,0
72,68,867962,1,0
72,69,833974,1,0
72,70,769539,1,0
72,71,731477,1,0
72,72,730152,1,0
72,73,639800,1,0
72,74,548528,1,0
72,75,463833,1,0
72,76,580562,1,0
72,77,944524,1,0
72,78,780325,1,0
72,79,620469,1,0
72,80,424875,1,0
72,81,213940,1,0
72,82,268725,1,0
72,83,252809,1,0
72,84,125791,1,0
72,85,10109,1,0
72,86,11955,1,0
72,87,13775,1,0
72,88,69722,1,0
72,89,10919,1,0
72,90,26449,1,0
72,91,14770,1,0
72,92,15982,1,0
72,93,336510,1,0
72,94,190657,1,0
72,95,23684,1,0
72,96,12305,1,0
72,97,12955,1,0
72,98,103141,1,0
72,99,13218,1,0
72,100,12916,1,0
72,101,11927,1,0
72,102,10793,1,0
72,103,90764,1,0
72,104,12932,1,0
72,105,12574,1,0
72,106,11863,1,0
72,107,13885,1,0
72,108,44287,1,0
72,109,15759,1,0
72,110,10730,1,0
72,111,498211,1,0
72,112,564797,1,0
72,113,586196,1,0
72,114,461974,1,0
72,115,332266,1,0
72,116,497226,1,0
72,117,425020,1,0
72,118,294088,1,0
72,119,152425,1,0
72,120,10586,1,0
72,121,66983,1,0
72,122,25522,1,0
72,123,11718,1,0
72,124,10373,1,0
72,125,13192,1,0
72,126,10059,1,0
72,127,61967,1,0
72,128,11964,1,0
72,129,10432,1,0
72,130,12290,1,0
72,131,12859,1,0
72,132,82814,1,0
72,133,10755,1,0
72,134,10585,1,0
72,135,12312,1,0
72,136,12252,1,0
72,137,86575,1,0
72,138,9793,1,0
72,139,12465,1,0
72,140,10009,1,0
72,141,10542,1,0
72,142,12919,1,0
72,143,404672,1,0
72,144,107967,1,0
72,145,10206,1,0
72,146,9615,1,0
72,147,15706,1,0
72,148,17114,1,0
72,149,17386,1,0
72,150,10417,1,0
72,151,10611,1,0
72,152,43546,1,0
72,153,10948,1,0
72,154,21145,1,0
72,155,12365,1,0
72,156,13602,1,0
72,157,11546,1,0
72,158,10722,1,0
72,159,59546,1,0
72,160,10894,1,0
72,161,9542,1,0
72,162,16154,1,0
72,163,9953,1,0
72,164,25864,1,0
72,165,11733,1,0
72,166,10551,1,0
72,167,10354,1,0
72,168,11720,1,0
72,169,24170,1,0
72,170,10784,1,0
72,171,12822,1,0
72,172,10609,1,0
72,173,10522,1,0
72,174,71646,1,0
72,175,11463,1,0
72,176,10838,1,0
72,177,10355,1,0
72,178,10941,1,0
72,179,42550,1,0
72,180,10464,1,0
72,181,9859,1,0
72,182,10419,1,0
72,183,9635,1,0
72,184,20206,1,0
72,185,72647,1,0
72,186,12054,1,0
72,187,12452,1,0
72,188,10576,1,0
72,189,9755,1,0
72,190,73163,1,0
72,191,9136,1,0
72,192,9995,1,0
72,193,11744,1,0
72,194,9132,1,0
72,195,40592,1,0
72,196,9807,1,0
72,197,12004,1,0
72,198,10046,1,0
72,199,10864,1,0
72,200,65674,1,0
72,201,11456,1,0
72,202,12130,1,0
72,203,9746,1,0
72,204,9127,1,0
72,205,57929,1,0
72,206,12039,1,0
72,207,10801,1,0
72,208,11485,1,0
72,209,13412,1,0
72,210,28870,1,0
72,211,8793,1,0
72,212,9802,1,0
72,213,10720,1,0
72,214,12166,1,0
72,215,9303,1,0
72,216,10794,1,0
72,217,11628,1,0
72,218,10081,1,0
72,219,9018,1,0
72,220,38166,1,0
72,221,11877,1,0
72,222,14581,1,0
72,223,13835,1,0
72,224,14250,1,0
72,225,232272,1,0
72,226,258592,1,0
72,227,166531,1,0
72,228,28589,1,0
72,229,12459,1,0
72,230,10836,1,0
72,231,10264,1,0
72,232,12562,1,0
72,233,10372,1,0
72,234,12189,1,0
72,235,67528,1,0
72,236,214675,1,0
72,237,45199,1,0
72,238,9892,1,0
72,239,13256,1,0
72,240,12043,1,0
72,241,31190,1,0
72,242,10732,1,0
72,243,10131,1,0
72,244,11929,1,0
72,245,12015,1,0
72,246,36788,1,0
72,247,11540,1,0
72,248,13333,1,0
72,249,12179,1,0
72,250,9025,1,0
72,251,21935,1,0
72,252,11590,1,0
72,253,12382,1,0
72,254,10006,1,0
72,255,12198,1,0
72,256,61545,1,0
72,257,10862,1,0
72,258,12133,1,0
72,259,10757,1,0
72,260,11983,1,0
72,261,106708,1,0
72,262,325898,1,0
72,263,117892,1,0
72,264,9835,1,0
72,265,10047,1,0
72,266,9136,1,0
72,267,49300,1,0
72,268,12407,1,0
72,269,9934,1,0
72,270,14992,1,0
72,271,12151,1,0
72,272,18857,1,0
72,273,12780,1,0
72,274,12209,1,0
72,275,10641,1,0
72,276,9684,1,0
72,277,52022,1,0
72,278,12291,1,0
72,279,10481,1,0
72,280,10380,1,0
72,281,8474,1,0
72,282,10293,1,0
72,283,10308,1,0
72,284,9947,1,0
72,285,10753,1,0
72,286,60267,1,0
72,287,10754,1,0
72,288,12569,1,0
72,289,12135,1,0
72,290,13811,1,0
72,291,12317,1,0
72,292,134206,1,0
72,293,14593,1,0
72,294,10105,1,0
72,295,9995,1,0
72,296,12162,1,0
72,297,27762,1,0
72,298,10831,1,0
72,299,12353,1,0
72,300,13113,1,0
72,301,13183,1,0
72,302,12924,1,0
72,303,14928,1,0
72,304,12829,1,0
72,305,38277,1,0
72,306,182110,1,0
72,307,546941,1,0
72,308,618692,1,0
72,309,547039,1,0
72,310,908033,1,0
72,311,722517,1,0
72,312,520091,1,0
72,313,499280,1,0
72,314,371063,1,0
72,315,253666,1,0
72,316,346920,1,0
72,317,229118,1,0
72,318,68557,1,0
72,319,13091,1,0
72,320,12607,1,0
72,321,10713,1,0
72,322,11842,1,0
72,323,10362,1,0
72,324,54031,1,0
72,325,38281,1,0
72,326,13316,1,0
72,327,13017,1,0
72,328,12724,1,0
72,329,72003,1,0
72,330,11983,1,0
72,331,126424,1,0
72,332,30018,1,0
72,333,12515,1,0
72,334,10682,1,0
72,335,39584,1,0
72,336,11735,1,0
72,337,10386,1,0
72,338,12041,1,0
72,339,10604,1,0
72,340,28247,1,0
72,341,11671,1,0
72,342,14106,1,0
72,343,10420,1,0
72,344,9703,1,0
72,345,30959,1,0
72,346,13054,1,0
72,347,22063,1,0
72,348,10302,1,0
72,349,11570,1,0
72,350,58874,1,0
72,351,138426,1,0
72,352,52616,1,0
72,353,11494,1,0
72,354,9185,1,0
72,355,12235,1,0
72,356,31556,1,0
72,357,8530,1,0
72,358,9825,1,0
72,359,9930,1,0
72,360,10311,1,0
72,361,57653,1,0
72,362,12102,1,0
72,363,10020,1,0
72,364,9256,1,0
72,365,10052,1,0
72,366,92545,1,0
72,367,12235,1,0
72,368,14993,1,0
72,369,9911,1,0
72,370,11805,1,0
72,371,11998,1,0
72,372,10524,1,0
72,373,12311,1,0
72,374,10133,1,0
72,375,10791,1,0
72,376,29543,1,0
72,377,90460,1,0
72,378,12024,1,0
72,379,12924,1,0
72,380,9890,1,0
72,381,8757,1,0
72,382,44371,1,0
72,383,10612,1,0
72,384,12117,1,0
72,385,11780,1,0
72,386,9867,1,0
72,387,45081,1,0
72,388,9391,1,0
72,389,10100,1,0
72,390,10301,1,0
72,391,10809,1,0
72,392,108302,1,0
72,393,9567,1,0
72,394,12949,1,0
72,395,10336,1,0
72,396,10479,1,0
72,397,29493,1,0
72,398,9871,1,0
72,399,9807,1,0
72,400,11915,1,0
72,401,30136,1,0
72,402,10634,1,0
72,403,10929,1,0
72,404,11677,1,0
72,405,12494,1,0
72,406,9817,1,0
72,407,9906,1,0
72,408,12636,1,0
72,409,10633,1,0
72,410,9153,1,0
72,411,9984,1,0
72,412,20451,1,0
72,413,10785,1,0
72,414,11190,1,0
72,415,12595,1,0
72,416,12760,1,0
72,417,9780,1,0
72,418,10948,1,0
72,419,12264,1,0
72,420,11743,1,0
72,421,10192,1,0
72,422,16964,1,0
72,423,11423,1,0
72,424,12321,1,0
72,425,13950,1,0
72,426,11905,1,0
72,427,10330,1,0
72,428,13619,1,0
72,429,10385,1,0
72,430,9759,1,0
72,431,11023,1,0
72,432,10021,1,0
72,433,49079,1,0
72,434,329517,1,0
72,435,145920,1,0
72,436,12697,1,0
72,437,11353,1,0
72,438,10704,1,0
72,439,50554,1,0
72,440,11843,1,0
72,441,12893,1,0
72,442,11441,1,0
72,443,18177,1,0
72,444,10917,1,0
72,445,13122,1,0
72,446,12624,1,0
72,447,11287,1,0
72,448,12095,1,0
72,449,30667,1,0
72,450,10237,1,0
72,451,12008,1,0
72,452,10507,1,0
72,453,9469,1,0
72,454,10264,1,0
72,455,11757,1,0
72,456,9716,1,0
72,457,12813,1,0
72,458,20973,1,0
72,459,134656,1,0
72,460,11512,1,0
72,461,10596,1,0
72,462,10749,1,0
72,463,11769,1,0
72,464,53665,1,0
72,465,12534,1,0
72,466,10515,1,0
72,467,10656,1,0
72,468,11524,1,0
72,469,25447,1,0
72,470,192351,1,0
72,471,150806,1,0
72,472,11311,1,0
72,473,10194,1,0
72,474,11702,1,0
72,475,9574,1,0
72,476,13074,1,0
72,477,13755,1,0
72,478,10735,1,0
72,479,10920,1,0
72,480,21975,1,0
72,481,10426,1,0
72,482,10405,1,0
72,483,10741,1,0
72,484,10531,1,0
72,485,8890,1,0
72,486,11758,1,0
72,487,11918,1,0
72,488,17702,1,0
72,489,12032,1,0
72,490,11886,1,0
72,491,12396,1,0
72,492,9361,1,0
72,493,10239,1,0
72,494,9975,1,0
72,495,19124,1,0
72,496,11943,1,0
72,497,10024,1,0
72,498,13329,1,0
72,499,10380,1,0
72,500,9872,1,0
72,501,102186,1,0
72,502,13422,1,0
72,503,10661,1,0
72,504,9790,1,0
72,505,17599,1,0
72,506,15060,1,0
72,507,12503,1,0
72,508,12379,1,0
72,509,9825,1,0
72,510,9817,1,0
72,511,89136,1,0
72,512,41659,1,0
72,513,12800,1,0
72,514,11319,1,0
72,515,10456,1,0
72,516,67216,1,0
72,517,39766,1,0
72,518,12076,1,0
72,519,11794,1,0
72,520,12218,1,0
72,521,83504,1,0
72,522,9621,1,0
72,523,10204,1,0
72,524,13680,1,0
72,525,9666,1,0
72,526,38942,1,0
72,527,10682,1,0
72,528,13484,1,0
72,529,14327,1,0
72,530,11752,1,0
72,531,11696,1,0
72,532,12974,1,0
72,533,11985,1,0
72,534,11611,1,0
72,535,11559,1,0
72,536,71258,1,0
72,537,118354,1,0
72,538,10664,1,0
72,539,11984,1,0
72,540,12608,1,0
72,541,11464,1,0
72,542,20807,1,0
72,543,12413,1,0
72,544,13674,1,0
72,545,12472,1,0
72,546,18772,1,0
72,547,43772,1,0
72,548,12645,1,0
72,549,12080,1,0
72,550,12730,1,0
72,551,32676,1,0
72,552,11894,1,0
72,553,10789,1,0
72,554,10285,1,0
72,555,12438,1,0
72,556,46466,1,0
72,557,20390,1,0
72,558,12295,1,0
72,559,9884,1,0
72,560,9638,1,0
72,561,8992,1,0
72,562,12387,1,0
72,563,10541,1,0
72,564,13441,1,0
72,565,10078,1,0
72,566,19243,1,0
72,567,10427,1,0
72,568,10630,1,0
72,569,10239,1,0
72,570,11211,1,0
72,571,10152,1,0
72,572,10233,1,0
72,573,10554,1,0
72,574,10178,1,0
72,575,9975,1,0
72,576,20108,1,0
72,577,25582,1,0
72,578,10588,1,0
72,579,13255,1,0
72,580,12293,1,0
72,581,10471,1,0
72,582,8662,1,0
72,583,9852,1,0
72,584,13717,1,0
72,585,12591,1,0
72,586,14478,1,0
72,587,209222,1,0
72,588,12849,1,0
72,589,12167,1,0
72,590,10573,1,0
72,591,13409,1,0
72,592,237469,1,0
72,593,23953,1,0
72,594,9574,1,0
72,595,9298,1,0
72,596,13419,1,0
72,597,73570,1,0
72,598,8564,1,0
72,599,10324,1,0
73,0,101552,1,0
73,1,13310,1,0
73,2,14233,1,0
73,3,13868,1,0
73,4,21194,1,0
73,5,13952,1,0
73,6,11956,1,0
73,7,53469,1,0
73,8,23871,1,0
73,9,11294,1,0
73,10,10522,1,0
73,11,15555,1,0
73,12,11416,1,0
73,13,13222,1,0
73,14,11783,1,0
73,15,11832,1,0
73,16,16062,1,0
73,17,13895,1,0
73,18,11836,1,0
73,19,11911,1,0
73,20,26509,1,0
73,21,12979,1,0
73,22,12933,1,0
73,23,12527,1,0
73,24,12869,1,0
73,25,11647,1,0
73,26,12712,1,0
73,27,13575,1,0
73,28,13204,1,0
73,29,92656,1,0
73,30,13675,1,0
73,31,13001,1,0
73,32,13090,1,0
73,33,12917,1,0
73,34,199733,1,0
73,35,104170,1,0
73,36,14813,1,0
73,37,12712,1,0
73,38,12920,1,0
73,39,110030,1,0
73,40,59625,1,0
73,41,11584,1,0
73,42,11423,1,0
73,43,9356,1,0
73,44,157745,1,0
73,45,236641,1,0
73,46,158223,1,0
73,47,105623,1,0
73,48,30826,1,0
73,49,12124,1,0
73,50,10280,1,0
73,51,14962,1,0
73,52,13729,1,0
73,53,13195,1,0
73,54,13215,1,0
73,55,13180,1,0
73,56,247981,1,0
73,57,277776,1,0
73,58,231569,1,0
73,59,79198,1,0
73,60,13275,1,0
73,61,76350,1,0
73,62,45061,1,0
73,63,13586,1,0
73,64,19704,1,0
73,65,564913,1,0
73,66,866485,1,0
73,67,952237,1,0
73,68,865481,1,0
73,69,834126,1,0
73,70,769617,1,0
73,71,729840,1,0
73,72,730051,1,0
73,73,641529,1,0
73,74,547839,1,0
73,75,463978,1,0
73,76,580242,1,0
73,77,944491,1,0
73,78,776599,1,0
73,79,618844,1,0
73,80,421375,1,0
73,81,211371,1,0
73,82,265416,1,0
73,83,254634,1,0
73,84,123432,1,0
73,85,12639,1,0
73,86,11952,1,0
73,87,12358,1,0
73,88,71458,1,0
73,89,12873,1,0
73,90,25900,1,0
73,91,14000,1,0
73,92,20139,1,0
73,93,333942,1,0
73,94,187542,1,0
73,95,21893,1,0
73,96,11294,1,0
73,97,10393,1,0
73,98,101489,1,0
73,99,12085,1,0
73,100,9396,1,0
73,101,12005,1,0
73,102,13086,1,0
73,103,89752,1,0
73,104,12161,1,0
73,105,13634,1,0
73,106,10809,1,0
73,107,12962,1,0
73,108,41389,1,0
73,109,15356,1,0
73,110,12457,1,0
73,111,497584,1,0
73,112,564901,1,0
73,113,584843,1,0
73,114,461438,1,0
73,115,329244,1,0
73,116,528129,1,0
73,117,426033,1,0
73,118,291896,1,0
73,119,149237,1,0
73,120,12395,1,0
73,121,65633,1,0
73,122,22889,1,0
73,123,11632,1,0
73,124,11566,1,0
73,125,11927,1,0
73,126,13211,1,0
73,127,60612,1,0
73,128,12366,1,0
73,129,11612,1,0
73,130,11681,1,0
73,131,12979,1,0
73,132,80625,1,0
73,133,10922,1,0
73,134,13775,1,0
73,135,12110,1,0
73,136,14701,1,0
73,137,84635,1,0
73,138,12038,1,0
73,139,15387,1,0
73,140,11995,1,0
73,141,12393,1,0
73,142,12437,1,0
73,143,197068,1,0
73,144,104737,1,0
73,145,13279,1,0
73,146,10997,1,0
73,147,13649,1,0
73,148,15284,1,0
73,149,16232,1,0
73,150,11784,1,0
73,151,12234,1,0
73,152,42120,1,0
73,153,12343,1,0
73,154,18796,1,0
73,155,11829,1,0
73,156,12779,1,0
73,157,14763,1,0
73,158,13392,1,0
73,159,57695,1,0
73,160,11322,1,0
73,161,12182,1,0
73,162,13762,1,0
73,163,9586,1,0
73,164,24440,1,0
73,165,11653,1,0
73,166,9187,1,0
73,167,10985,1,0
73,168,12695,1,0
73,169,20203,1,0
73,170,11236,1,0
73,171,10715,1,0
73,172,11003,1,0
73,173,11482,1,0
73,174,68471,1,0
73,175,11812,1,0
73,176,10706,1,0
73,177,10065,1,0
73,178,10804,1,0
73,179,40890,1,0
73,180,10562,1,0
73,181,10828,1,0
73,182,11473,1,0
73,183,10728,1,0
73,184,17520,1,0
73,185,70931,1,0
73,186,9035,1,0
73,187,10917,1,0
73,188,11658,1,0
73,189,11693,1,0
73,190,72047,1,0
73,191,11689,1,0
73,192,10750,1,0
73,193,11204,1,0
73,194,10495,1,0
73,195,53362,1,0
73,196,11840,1,0
73,197,10404,1,0
73,198,11644,1,0
73,199,10573,1,0
73,200,63998,1,0
73,201,10964,1,0
73,202,11807,1,0
73,203,11138,1,0
73,204,9078,1,0
73,205,53413,1,0
73,206,9209,1,0
73,207,12755,1,0
73,208,12024,1,0
73,209,12964,1,0
73,210,26660,1,0
73,211,10595,1,0
73,212,13643,1,0
73,213,11966,1,0
73,214,12663,1,0
73,215,11062,1,0
73,216,10942,1,0
73,217,12614,1,0
73,218,11596,1,0
73,219,10636,1,0
73,220,37624,1,0
73,221,11146,1,0
73,222,12758,1,0
73,223,12946,1,0
73,224,13741,1,0
73,225,228403,1,0
73,226,256270,1,0
73,227,166085,1,0
73,228,26631,1,0
73,229,14266,1,0
73,230,10196,1,0
73,231,10680,1,0
73,232,9383,1,0
73,233,10750,1,0
73,234,13817,1,0
73,235,66713,1,0
73,236,213413,1,0
73,237,44049,1,0
73,238,12519,1,0
73,239,13619,1,0
73,240,10918,1,0
73,241,27853,1,0
73,242,12600,1,0
73,243,11284,1,0
73,244,11523,1,0
73,245,9053,1,0
73,246,35557,1,0
73,247,11311,1,0
73,248,11853,1,0
73,249,10780,1,0
73,250,9601,1,0
73,251,32231,1,0
73,252,9606,1,0
73,253,10909,1,0
73,254,11362,1,0
73,255,9131,1,0
73,256,58540,1,0
73,257,11201,1,0
73,258,12220,1,0
73,259,11851,1,0
73,260,12651,1,0
73,261,105529,1,0
73,262,324460,1,0
73,263,114296,1,0
73,264,10667,1,0
73,265,10462,1,0
73,266,11446,1,0
73,267,47644,1,0
73,268,12477,1,0
73,269,10093,1,0
73,270,13791,1,0
73,271,8753,1,0
73,272,15168,1,0
73,273,12330,1,0
73,274,11493,1,0
73,275,10644,1,0
73,276,12368,1,0
73,277,49924,1,0
73,278,11329,1,0
73,279,11023,1,0
73,280,12513,1,0
73,281,11931,1,0
73,282,10578,1,0
73,283,11797,1,0
73,284,12778,1,0
73,285,11485,1,0
73,286,59397,1,0
73,287,13257,1,0
73,288,10866,1,0
73,289,10632,1,0
73,290,12366,1,0
73,291,17577,1,0
73,292,130949,1,0
73,293,13677,1,0
73,294,10694,1,0
73,295,11614,1,0
73,296,13134,1,0
73,297,24778,1,0
73,298,11775,1,0
73,299,11155,1,0
73,300,10712,1,0
73,301,9076,1,0
73,302,12442,1,0
73,303,16928,1,0
73,304,12104,1,0
73,305,38739,1,0
73,306,182280,1,0
73,307,547758,1,0
73,308,621420,1,0
73,309,545564,1,0
73,310,904188,1,0
73,311,719500,1,0
73,312,515814,1,0
73,313,497647,1,0
73,314,369515,1,0
73,315,251456,1,0
73,316,346170,1,0
73,317,227406,1,0
73,318,65124,1,0
73,319,11203,1,0
73,320,11257,1,0
73,321,14547,1,0
73,322,11958,1,0
73,323,15664,1,0
73,324,66155,1,0
73,325,36971,1,0
73,326,12058,1,0
73,327,11629,1,0
73,328,12259,1,0
73,329,66928,1,0
73,330,12314,1,0
73,331,125073,1,0
73,332,46421,1,0
73,333,11427,1,0
73,334,10807,1,0
73,335,38558,1,0
73,336,14583,1,0
73,337,12586,1,0
73,338,12177,1,0
73,339,13161,1,0
73,340,42274,1,0
73,341,11356,1,0
73,342,12316,1,0
73,343,12349,1,0
73,344,11441,1,0
73,345,28421,1,0
73,346,11766,1,0
73,347,22921,1,0
73,348,12344,1,0
73,349,10328,1,0
73,350,57122,1,0
73,351,136094,1,0
73,352,50082,1,0
73,353,11360,1,0
73,354,10909,1,0
73,355,11763,1,0
73,356,28729,1,0
73,357,9529,1,0
73,358,10714,1,0
73,359,11265,1,0
73,360,10923,1,0
73,361,55450,1,0
73,362,9653,1,0
73,363,8869,1,0
73,364,11681,1,0
73,365,11787,1,0
73,366,89309,1,0
73,367,9170,1,0
73,368,13367,1,0
73,369,11714,1,0
73,370,11623,1,0
73,371,11698,1,0
73,372,10701,1,0
73,373,9538,1,0
73,374,12467,1,0
73,375,10546,1,0
73,376,39938,1,0
73,377,88419,1,0
73,378,12454,1,0
73,379,8543,1,0
73,380,9280,1,0
73,381,10790,1,0
73,382,40620,1,0
73,383,9680,1,0
73,384,11352,1,0
73,385,11617,1,0
73,386,11165,1,0
73,387,43151,1,0
73,388,11424,1,0
73,389,9619,1,0
73,390,12073,1,0
73,391,13082,1,0
73,392,107097,1,0
73,393,13474,1,0
73,394,9658,1,0
73,395,10423,1,0
73,396,11063,1,0
73,397,24625,1,0
73,398,10846,1,0
73,399,10944,1,0
73,400,13968,1,0
73,401,26651,1,0
73,402,26700,1,0
73,403,11351,1,0
73,404,9570,1,0
73,405,11521,1,0
73,406,11234,1,0
73,407,11670,1,0
73,408,13289,1,0
73,409,11511,1,0
73,410,12655,1,0
73,411,11677,1,0
73,412,18305,1,0
73,413,11860,1,0
73,414,10846,1,0
73,415,9368,1,0
73,416,10932,1,0
73,417,10294,1,0
73,418,11434,1,0
73,419,11354,1,0
73,420,11324,1,0
73,421,11727,1,0
73,422,15469,1,0
73,423,11796,1,0
73,424,11532,1,0
73,425,12413,1,0
73,426,11203,1,0
73,427,11022,1,0
73,428,9655,1,0
73,429,10633,1,0
73,430,9451,1,0
73,431,10770,1,0
73,432,11249,1,0
73,433,58480,1,0
73,434,327260,1,0
73,435,143659,1,0
73,436,12105,1,0
73,437,9373,1,0
73,438,11218,1,0
73,439,47456,1,0
73,440,11304,1,0
73,441,10898,1,0
73,442,12874,1,0
73,443,15865,1,0
73,444,11332,1,0
73,445,11218,1,0
73,446,10653,1,0
73,447,9659,1,0
73,448,20063,1,0
73,449,29256,1,0
73,450,9091,1,0
73,451,9942,1,0
73,452,11650,1,0
73,453,9298,1,0
73,454,10930,1,0
73,455,13280,1,0
73,456,11679,1,0
73,457,9497,1,0
73,458,19246,1,0
73,459,132134,1,0
73,460,11042,1,0
73,461,10193,1,0
73,462,10373,1,0
73,463,12900,1,0
73,464,51597,1,0
73,465,8893,1,0
73,466,13246,1,0
73,467,12119,1,0
73,468,11358,1,0
73,469,24741,1,0
73,470,205589,1,0
73,471,149108,1,0
73,472,10834,1,0
73,473,9687,1,0
73,474,11308,1,0
73,475,11278,1,0
73,476,11249,1,0
73,477,13026,1,0
73,478,13304,1,0
73,479,10855,1,0
73,480,19809,1,0
73,481,11767,1,0
73,482,11257,1,0
73,483,11967,1,0
73,484,11625,1,0
73,485,18653,1,0
73,486,12910,1,0
73,487,11089,1,0
73,488,15997,1,0
73,489,11508,1,0
73,490,11195,1,0
73,491,11317,1,0
73,492,11365,1,0
73,493,11410,1,0
73,494,11360,1,0
73,495,16048,1,0
73,496,13061,1,0
73,497,12305,1,0
73,498,12383,1,0
73,499,11609,1,0
73,500,12537,1,0
73,501,99400,1,0
73,502,12667,1,0
73,503,10733,1,0
73,504,11357,1,0
73,505,22059,1,0
73,506,13600,1,0
73,507,9553,1,0
73,508,11596,1,0
73,509,10452,1,0
73,510,18568,1,0
73,511,87290,1,0
73,512,39231,1,0
73,513,11558,1,0
73,514,11250,1,0
73,515,14365,1,0
73,516,80659,1,0
73,517,40355,1,0
73,518,12353,1,0
73,519,10709,1,0
73,520,11755,1,0
73,521,81868,1,0
73,522,11704,1,0
73,523,11885,1,0
73,524,12312,1,0
73,525,11544,1,0
73,526,52060,1,0
73,527,8818,1,0
73,528,15261,1,0
73,529,11652,1,0
73,530,12730,1,0
73,531,11391,1,0
73,532,9354,1,0
73,533,14200,1,0
73,534,11433,1,0
73,535,11764,1,0
73,536,69481,1,0
73,537,115077,1,0
73,538,10741,1,0
73,539,11984,1,0
73,540,11167,1,0
73,541,12746,1,0
73,542,20426,1,0
73,543,11203,1,0
73,544,11941,1,0
73,545,10983,1,0
73,546,15596,1,0
73,547,41120,1,0
73,548,12644,1,0
73,549,11228,1,0
73,550,10740,1,0
73,551,43494,1,0
73,552,11670,1,0
73,553,12350,1,0
73,554,11905,1,0
73,555,9243,1,0
73,556,50706,1,0
73,557,16845,1,0
73,558,17798,1,0
73,559,9289,1,0
73,560,9869,1,0
73,561,9116,1,0
73,562,11568,1,0
73,563,10923,1,0
73,564,11552,1,0
73,565,12241,1,0
73,566,17258,1,0
73,567,9453,1,0
73,568,12365,1,0
73,569,10547,1,0
73,570,9770,1,0
73,571,11262,1,0
73,572,10822,1,0
73,573,9421,1,0
73,574,10888,1,0
73,575,9572,1,0
73,576,19214,1,0
73,577,20609,1,0
73,578,10143,1,0
73,579,11486,1,0
73,580,12536,1,0
73,581,12379,1,0
73,582,11587,1,0
73,583,13616,1,0
73,584,12230,1,0
73,585,9574,1,0
73,586,14217,1,0
73,587,207786,1,0
73,588,17975,1,0
73,589,11827,1,0
73,590,11499,1,0
73,591,11467,1,0
73,592,235265,1,0
73,593,20179,1,0
73,594,10476,1,0
73,595,9098,1,0
73,596,11883,1,0
73,597,70724,1,0
73,598,10765,1,0
73,599,13263,1,0
74,0,101558,1,0
74,1,12095,1,0
74,2,12263,1,0
74,3,12707,1,0
74,4,21233,1,0
74,5,12573,1,0
74,6,14900,1,0
74,7,52195,1,0
74,8,25410,1,0
74,9,14979,1,0
74,10,13148,1,0
74,11,15601,1,0
74,12,12796,1,0
74,13,12693,1,0
74,14,11420,1,0
74,15,10898,1,0
74,16,15886,1,0
74,17,11842,1,0
74,18,10677,1,0
74,19,11706,1,0
74,20,23779,1,0
74,21,11534,1,0
74,22,12708,1,0
74,23,12115,1,0
74,24,11463,1,0
74,25,11369,1,0
74,26,14014,1,0
74,27,11349,1,0
74,28,13549,1,0
74,29,90878,1,0
74,30,12189,1,0
74,31,11040,1,0
74,32,12588,1,0
74,33,10762,1,0
74,34,197975,1,0
74,35,102675,1,0
74,36,12679,1,0
74,37,10058,1,0
74,38,12622,1,0
74,39,109009,1,0
74,40,58775,1,0
74,41,11601,1,0
74,42,11939,1,0
74,43,13570,1,0
74,44,156113,1,0
74,45,234438,1,0
74,46,163111,1,0
74,47,106608,1,0
74,48,30312,1,0
74,49,11868,1,0
74,50,14936,1,0
74,51,14235,1,0
74,52,12029,1,0
74,53,12189,1,0
74,54,12198,1,0
74,55,11714,1,0
74,56,252706,1,0
74,57,277077,1,0
74,58,230747,1,0
74,59,75932,1,0
74,60,10995,1,0
74,61,75355,1,0
74,62,43103,1,0
74,63,12684,1,0
74,64,25601,1,0
74,65,576487,1,0
74,66,867451,1,0
74,67,951986,1,0
74,68,864265,1,0
74,69,833440,1,0
74,70,768075,1,0
74,71,727716,1,0
74,72,728486,1,0
74,73,644306,1,0
74,74,546702,1,0
74,75,464356,1,0
74,76,580377,1,0
74,77,942547,1,0
74,78,775528,1,0
74,79,615498,1,0
74,80,419455,1,0
74,81,208303,1,0
74,82,279034,1,0
74,83,256561,1,0
74,84,122080,1,0
74,85,12625,1,0
74,86,12377,1,0
74,87,12169,1,0
74,88,70957,1,0
74,89,11897,1,0
74,90,24112,1,0
74,91,13144,1,0
74,92,26338,1,0
74,93,332637,1,0
74,94,186173,1,0
74,95,18837,1,0
74,96,12090,1,0
74,97,11914,1,0
74,98,99018,1,0
74,99,11047,1,0
74,100,12057,1,0
74,101,11800,1,0
74,102,10822,1,0
74,103,101355,1,0
74,104,12007,1,0
74,105,13436,1,0
74,106,11813,1,0
74,107,11924,1,0
74,108,54046,1,0
74,109,12312,1,0
74,110,11759,1,0
74,111,496576,1,0
74,112,568513,1,0
74,113,583247,1,0
74,114,462178,1,0
74,115,328731,1,0
74,116,532182,1,0
74,117,425442,1,0
74,118,291920,1,0
74,119,146557,1,0
74,120,11717,1,0
74,121,63926,1,0
74,122,20015,1,0
74,123,10187,1,0
74,124,11298,1,0
74,125,11190,1,0
74,126,9739,1,0
74,127,56090,1,0
74,128,11389,1,0
74,129,10407,1,0
74,130,9965,1,0
74,131,14676,1,0
74,132,135404,1,0
74,133,10085,1,0
74,134,11553,1,0
74,135,12321,1,0
74,136,12619,1,0
74,137,82002,1,0
74,138,10136,1,0
74,139,11614,1,0
74,140,10195,1,0
74,141,10921,1,0
74,142,11548,1,0
74,143,195358,1,0
74,144,103050,1,0
74,145,10301,1,0
74,146,9663,1,0
74,147,13749,1,0
74,148,12442,1,0
74,149,12092,1,0
74,150,11500,1,0
74,151,12803,1,0
74,152,41334,1,0
74,153,12929,1,0
74,154,17265,1,0
74,155,12550,1,0
74,156,13484,1,0
74,157,12675,1,0
74,158,13815,1,0
74,159,55509,1,0
74,160,11559,1,0
74,161,10131,1,0
74,162,11921,1,0
74,163,10499,1,0
74,164,20444,1,0
74,165,10311,1,0
74,166,12449,1,0
74,167,11597,1,0
74,168,10472,1,0
74,169,16973,1,0
74,170,10856,1,0
74,171,11306,1,0
74,172,10537,1,0
74,173,10647,1,0
74,174,67593,1,0
74,175,11138,1,0
74,176,11832,1,0
74,177,10872,1,0
74,178,10365,1,0
74,179,38888,1,0
74,180,10284,1,0
74,181,10627,1,0
74,182,10020,1,0
74,183,10039,1,0
74,184,22565,1,0
74,185,67379,1,0
74,186,10796,1,0
74,187,12069,1,0
74,188,10015,1,0
74,189,9769,1,0
74,190,70433,1,0
74,191,10401,1,0
74,192,10207,1,0
74,193,11461,1,0
74,194,11269,1,0
74,195,51464,1,0
74,196,10512,1,0
74,197,12192,1,0
74,198,11144,1,0
74,199,11740,1,0
74,200,60700,1,0
74,201,12572,1,0
74,202,9251,1,0
74,203,10161,1,0
74,204,10736,1,0
74,205,50529,1,0
74,206,11198,1,0
74,207,10034,1,0
74,208,11533,1,0
74,209,11300,1,0
74,210,24025,1,0
74,211,10783,1,0
74,212,12360,1,0
74,213,12486,1,0
74,214,11173,1,0
74,215,9742,1,0
74,216,10473,1,0
74,217,10541,1,0
74,218,11258,1,0
74,219,10919,1,0
74,220,36253,1,0
74,221,11229,1,0
74,222,10112,1,0
74,223,12275,1,0
74,224,12114,1,0
74,225,225660,1,0
74,226,257596,1,0
74,227,166137,1,0
74,228,26202,1,0
74,229,12030,1,0
74,230,11415,1,0
74,231,11818,1,0
74,232,11150,1,0
74,233,11893,1,0
74,234,13133,1,0
74,235,75034,1,0
74,236,211218,1,0
74,237,41282,1,0
74,238,11882,1,0
74,239,15172,1,0
74,240,10999,1,0
74,241,26356,1,0
74,242,11175,1,0
74,243,9785,1,0
74,244,12207,1,0
74,245,10941,1,0
74,246,32183,1,0
74,247,10974,1,0
74,248,11173,1,0
74,249,10751,1,0
74,250,11595,1,0
74,251,33076,1,0
74,252,11233,1,0
74,253,12095,1,0
74,254,11278,1,0
74,255,11763,1,0
74,256,55013,1,0
74,257,19797,1,0
74,258,11389,1,0
74,259,12146,1,0
74,260,10059,1,0
74,261,119198,1,0
74,262,320490,1,0
74,263,111028,1,0
74,264,10629,1,0
74,265,11475,1,0
74,266,9418,1,0
74,267,43889,1,0
74,268,11470,1,0
74,269,9499,1,0
74,270,11696,1,0
74,271,9668,1,0
74,272,12956,1,0
74,273,12477,1,0
74,274,11190,1,0
74,275,11592,1,0
74,276,10775,1,0
74,277,47695,1,0
74,278,11278,1,0
74,279,11754,1,0
74,280,10006,1,0
74,281,16457,1,0
74,282,10927,1,0
74,283,11615,1,0
74,284,11128,1,0
74,285,10417,1,0
74,286,66601,1,0
74,287,9843,1,0
74,288,11249,1,0
74,289,11708,1,0
74,290,11840,1,0
74,291,21624,1,0
74,292,127388,1,0
74,293,11111,1,0
74,294,11295,1,0
74,295,15222,1,0
74,296,13613,1,0
74,297,23023,1,0
74,298,10462,1,0
74,299,11852,1,0
74,300,12684,1,0
74,301,11528,1,0
74,302,12115,1,0
74,303,15336,1,0
74,304,11240,1,0
74,305,36247,1,0
74,306,181949,1,0
74,307,546595,1,0
74,308,625399,1,0
74,309,543911,1,0
74,310,901497,1,0
74,311,716396,1,0
74,312,511731,1,0
74,313,495411,1,0
74,314,367999,1,0
74,315,248678,1,0
74,316,345157,1,0
74,317,223969,1,0
74,318,62635,1,0
74,319,14320,1,0
74,320,11534,1,0
74,321,12330,1,0
74,322,10357,1,0
74,323,11618,1,0
74,324,63101,1,0
74,325,35748,1,0
74,326,11449,1,0
74,327,12774,1,0
74,328,14092,1,0
74,329,63387,1,0
74,330,12086,1,0
74,331,123299,1,0
74,332,43971,1,0
74,333,12052,1,0
74,334,13350,1,0
74,335,37137,1,0
74,336,12818,1,0
74,337,11541,1,0
74,338,10835,1,0
74,339,11269,1,0
74,340,40623,1,0
74,341,10295,1,0
74,342,11297,1,0
74,343,11081,1,0
74,344,10169,1,0
74,345,23817,1,0
74,346,11511,1,0
74,347,23212,1,0
74,348,11664,1,0
74,349,12637,1,0
74,350,56791,1,0
74,351,131685,1,0
74,352,49059,1,0
74,353,11000,1,0
74,354,10728,1,0
74,355,9564,1,0
74,356,25417,1,0
74,357,9936,1,0
74,358,10334,1,0
74,359,9817,1,0
74,360,11560,1,0
74,361,51987,1,0
74,362,9997,1,0
74,363,10990,1,0
74,364,10580,1,0
74,365,10101,1,0
74,366,86560,1,0
74,367,12867,1,0
74,368,11513,1,0
74,369,9241,1,0
74,370,11325,1,0
74,371,10787,1,0
74,372,9298,1,0
74,373,10609,1,0
74,374,9804,1,0
74,375,10937,1,0
74,376,36571,1,0
74,377,85934,1,0
74,378,10461,1,0
74,379,9965,1,0
74,380,11665,1,0
74,381,9577,1,0
74,382,37561,1,0
74,383,11214,1,0
74,384,11324,1,0
74,385,9569,1,0
74,386,9556,1,0
74,387,39196,1,0
74,388,10901,1,0
74,389,10637,1,0
74,390,10677,1,0
74,391,10565,1,0
74,392,103603,1,0
74,393,10963,1,0
74,394,11712,1,0
74,395,10089,1,0
74,396,11188,1,0
74,397,23611,1,0
74,398,10945,1,0
74,399,10578,1,0
74,400,13710,1,0
74,401,24569,1,0
74,402,26789,1,0
74,403,10974,1,0
74,404,11015,1,0
74,405,12338,1,0
74,406,11067,1,0
74,407,11366,1,0
74,408,11519,1,0
74,409,9699,1,0
74,410,10411,1,0
74,411,10714,1,0
74,412,15753,1,0
74,413,10757,1,0
74,414,11383,1,0
74,415,11467,1,0
74,416,12555,1,0
74,417,11482,1,0
74,418,11381,1,0
74,419,11065,1,0
74,420,11770,1,0
74,421,11692,1,0
74,422,12090,1,0
74,423,10153,1,0
74,424,11295,1,0
74,425,10331,1,0
74,426,10759,1,0
74,427,9894,1,0
74,428,10098,1,0
74,429,9913,1,0
74,430,11149,1,0
74,431,14127,1,0
74,432,11413,1,0
74,433,57556,1,0
74,434,323982,1,0
74,435,142875,1,0
74,436,11312,1,0
74,437,11347,1,0
74,438,10605,1,0
74,439,43832,1,0
74,440,11650,1,0
74,441,11342,1,0
74,442,11380,1,0
74,443,27429,1,0
74,444,13590,1,0
74,445,8589,1,0
74,446,11502,1,0
74,447,11941,1,0
74,448,16975,1,0
74,449,31944,1,0
74,450,10756,1,0
74,451,10406,1,0
74,452,13460,1,0
74,453,10855,1,0
74,454,11199,1,0
74,455,11935,1,0
74,456,9840,1,0
74,457,13806,1,0
74,458,24831,1,0
74,459,129745,1,0
74,460,11117,1,0
74,461,9706,1,0
74,462,11464,1,0
74,463,10386,1,0
74,464,59649,1,0
74,465,11871,1,0
74,466,11134,1,0
74,467,10571,1,0
74,468,10273,1,0
74,469,22961,1,0
74,470,201703,1,0
74,471,147114,1,0
74,472,11857,1,0
74,473,10305,1,0
74,474,12587,1,0
74,475,10228,1,0
74,476,10443,1,0
74,477,12969,1,0
74,478,14806,1,0
74,479,12021,1,0
74,480,15498,1,0
74,481,11191,1,0
74,482,11820,1,0
74,483,11844,1,0
74,484,11791,1,0
74,485,20415,1,0
74,486,11571,1,0
74,487,11628,1,0
74,488,14267,1,0
74,489,10489,1,0
74,490,17710,1,0
74,491,12653,1,0
74,492,10902,1,0
74,493,11614,1,0
74,494,11021,1,0
74,495,18242,1,0
74,496,12757,1,0
74,497,10058,1,0
74,498,10285,1,0
74,499,10688,1,0
74,500,10344,1,0
74,501,96931,1,0
74,502,11935,1,0
74,503,12781,1,0
74,504,10531,1,0
74,505,19573,1,0
74,506,11921,1,0
74,507,12547,1,0
74,508,10328,1,0
74,509,10843,1,0
74,510,14185,1,0
74,511,83606,1,0
74,512,35617,1,0
74,513,9998,1,0
74,514,9505,1,0
74,515,12962,1,0
74,516,79899,1,0
74,517,39618,1,0
74,518,12637,1,0
74,519,10995,1,0
74,520,11196,1,0
74,521,98781,1,0
74,522,10895,1,0
74,523,9728,1,0
74,524,10705,1,0
74,525,8950,1,0
74,526,49664,1,0
74,527,10667,1,0
74,528,13154,1,0
74,529,10482,1,0
74,530,10052,1,0
74,531,11580,1,0
74,532,11725,1,0
74,533,12891,1,0
74,534,10145,1,0
74,535,11060,1,0
74,536,77903,1,0
74,537,115330,1,0
74,538,11773,1,0
74,539,12263,1,0
74,540,14561,1,0
74,541,10676,1,0
74,542,17162,1,0
74,543,10265,1,0
74,544,11471,1,0
74,545,10436,1,0
74,546,11494,1,0
74,547,38804,1,0
74,548,10561,1,0
74,549,11724,1,0
74,550,10369,1,0
74,551,39440,1,0
74,552,8374,1,0
74,553,11366,1,0
74,554,10548,1,0
74,555,9784,1,0
74,556,48702,1,0
74,557,13465,1,0
74,558,19871,1,0
74,559,10456,1,0
74,560,9794,1,0
74,561,11353,1,0
74,562,11821,1,0
74,563,11707,1,0
74,564,10665,1,0
74,565,11615,1,0
74,566,16060,1,0
74,567,10859,1,0
74,568,9935,1,0
74,569,12004,1,0
74,570,10004,1,0
74,571,11536,1,0
74,572,11613,1,0
74,573,11028,1,0
74,574,10155,1,0
74,575,13118,1,0
74,576,18327,1,0
74,577,17177,1,0
74,578,11375,1,0
74,579,12847,1,0
74,580,11060,1,0
74,581,9768,1,0
74,582,7894,1,0
74,583,10412,1,0
74,584,10036,1,0
74,585,12456,1,0
74,586,11714,1,0
74,587,203973,1,0
74,588,15894,1,0
74,589,10292,1,0
74,590,8953,1,0
74,591,10340,1,0
74,592,231713,1,0
74,593,17277,1,0
74,594,10275,1,0
74,595,9891,1,0
74,596,10886,1,0
74,597,66948,1,0
74,598,9506,1,0
74,599,11687,1,0
