worker_id,sequence,latency_us,success,status_code
0,0,17798,1,0
0,1,678,1,0
0,2,629,1,0
0,3,621,1,0
0,4,690,1,0
0,5,669,1,0
0,6,660,1,0
0,7,752,1,0
0,8,639,1,0
0,9,658,1,0
0,10,608,1,0
0,11,710,1,0
0,12,651,1,0
0,13,640,1,0
0,14,800,1,0
0,15,693,1,0
0,16,793,1,0
0,17,654,1,0
0,18,600,1,0
0,19,609,1,0
0,20,646,1,0
0,21,678,1,0
0,22,623,1,0
0,23,733,1,0
0,24,604,1,0
0,25,805,1,0
0,26,1156,1,0
0,27,941,1,0
0,28,1089,1,0
0,29,993,1,0
0,30,871,1,0
0,31,1122,1,0
0,32,707,1,0
0,33,603,1,0
0,34,738,1,0
0,35,951,1,0
0,36,667,1,0
0,37,700,1,0
0,38,722,1,0
0,39,755,1,0
0,40,733,1,0
0,41,1005,1,0
0,42,838,1,0
0,43,766,1,0
0,44,925,1,0
0,45,791,1,0
0,46,864,1,0
0,47,760,1,0
0,48,677,1,0
0,49,858,1,0
0,50,783,1,0
0,51,722,1,0
0,52,607,1,0
0,53,664,1,0
0,54,600,1,0
0,55,864,1,0
0,56,785,1,0
0,57,991,1,0
0,58,596,1,0
0,59,1093,1,0
0,60,630,1,0
0,61,599,1,0
0,62,628,1,0
0,63,613,1,0
0,64,600,1,0
0,65,588,1,0
0,66,625,1,0
0,67,734,1,0
0,68,823,1,0
0,69,873,1,0
0,70,1113,1,0
0,71,1948,1,0
0,72,717,1,0
0,73,1372,1,0
0,74,681,1,0
0,75,1019,1,0
0,76,820,1,0
0,77,1316,1,0
0,78,664,1,0
0,79,621,1,0
0,80,692,1,0
0,81,660,1,0
0,82,650,1,0
0,83,555,1,0
0,84,696,1,0
0,85,638,1,0
0,86,652,1,0
0,87,630,1,0
0,88,608,1,0
0,89,672,1,0
0,90,607,1,0
0,91,641,1,0
0,92,660,1,0
0,93,681,1,0
0,94,582,1,0
0,95,670,1,0
0,96,625,1,0
0,97,685,1,0
0,98,639,1,0
0,99,698,1,0
0,100,695,1,0
0,101,613,1,0
0,102,706,1,0
0,103,624,1,0
0,104,631,1,0
0,105,747,1,0
0,106,579,1,0
0,107,739,1,0
0,108,786,1,0
0,109,759,1,0
0,110,849,1,0
0,111,768,1,0
0,112,806,1,0
0,113,950,1,0
0,114,875,1,0
0,115,1010,1,0
0,116,1265,1,0
0,117,826,1,0
0,118,933,1,0
0,119,816,1,0
0,120,762,1,0
0,121,829,1,0
0,122,872,1,0
0,123,1110,1,0
0,124,1032,1,0
0,125,939,1,0
0,126,782,1,0
0,127,711,1,0
0,128,638,1,0
0,129,1012,1,0
0,130,928,1,0
0,131,947,1,0
0,132,915,1,0
0,133,1013,1,0
0,134,768,1,0
0,135,795,1,0
0,136,927,1,0
0,137,1042,1,0
0,138,733,1,0
0,139,1187,1,0
0,140,596,1,0
0,141,1269,1,0
0,142,864,1,0
0,143,905,1,0
0,144,636,1,0
0,145,681,1,0
0,146,866,1,0
0,147,920,1,0
0,148,815,1,0
0,149,1196,1,0
0,150,907,1,0
0,151,601,1,0
0,152,747,1,0
0,153,568,1,0
0,154,663,1,0
0,155,600,1,0
0,156,689,1,0
0,157,641,1,0
0,158,576,1,0
0,159,918,1,0
0,160,591,1,0
0,161,661,1,0
0,162,661,1,0
0,163,625,1,0
0,164,660,1,0
0,165,741,1,0
0,166,687,1,0
0,167,670,1,0
0,168,773,1,0
0,169,916,1,0
0,170,564,1,0
0,171,665,1,0
0,172,715,1,0
0,173,676,1,0
0,174,863,1,0
0,175,728,1,0
0,176,792,1,0
0,177,794,1,0
0,178,674,1,0
0,179,853,1,0
0,180,613,1,0
0,181,689,1,0
0,182,728,1,0
0,183,703,1,0
0,184,651,1,0
0,185,663,1,0
0,186,651,1,0
0,187,667,1,0
0,188,688,1,0
0,189,1199,1,0
0,190,803,1,0
0,191,633,1,0
0,192,674,1,0
0,193,604,1,0
0,194,630,1,0
0,195,813,1,0
0,196,965,1,0
0,197,1450,1,0
0,198,999,1,0
0,199,779,1,0
0,200,710,1,0
0,201,738,1,0
0,202,626,1,0
0,203,670,1,0
0,204,721,1,0
0,205,743,1,0
0,206,740,1,0
0,207,808,1,0
0,208,613,1,0
0,209,752,1,0
0,210,630,1,0
0,211,625,1,0
0,212,609,1,0
0,213,637,1,0
0,214,727,1,0
0,215,607,1,0
0,216,615,1,0
0,217,618,1,0
0,218,585,1,0
0,219,1004,1,0
0,220,690,1,0
0,221,691,1,0
0,222,806,1,0
0,223,733,1,0
0,224,735,1,0
0,225,956,1,0
0,226,857,1,0
0,227,662,1,0
0,228,777,1,0
0,229,1368,1,0
0,230,649,1,0
0,231,700,1,0
0,232,871,1,0
0,233,576,1,0
0,234,627,1,0
0,235,560,1,0
0,236,668,1,0
0,237,637,1,0
0,238,607,1,0
0,239,764,1,0
0,240,588,1,0
0,241,630,1,0
0,242,622,1,0
0,243,850,1,0
0,244,662,1,0
0,245,648,1,0
0,246,666,1,0
0,247,662,1,0
0,248,536,1,0
0,249,622,1,0
0,250,596,1,0
0,251,594,1,0
0,252,696,1,0
0,253,595,1,0
0,254,590,1,0
0,255,666,1,0
0,256,610,1,0
0,257,1076,1,0
0,258,683,1,0
0,259,741,1,0
0,260,643,1,0
0,261,662,1,0
0,262,631,1,0
0,263,689,1,0
0,264,783,1,0
0,265,693,1,0
0,266,643,1,0
0,267,619,1,0
0,268,653,1,0
0,269,685,1,0
0,270,625,1,0
0,271,682,1,0
0,272,614,1,0
0,273,721,1,0
0,274,666,1,0
0,275,675,1,0
0,276,634,1,0
0,277,630,1,0
0,278,663,1,0
0,279,705,1,0
0,280,721,1,0
0,281,688,1,0
0,282,612,1,0
0,283,699,1,0
0,284,569,1,0
0,285,661,1,0
0,286,786,1,0
0,287,633,1,0
0,288,631,1,0
0,289,711,1,0
0,290,686,1,0
0,291,657,1,0
0,292,660,1,0
0,293,714,1,0
0,294,676,1,0
0,295,674,1,0
0,296,615,1,0
0,297,726,1,0
0,298,662,1,0
0,299,1108,1,0
0,300,736,1,0
0,301,699,1,0
0,302,645,1,0
0,303,736,1,0
0,304,680,1,0
0,305,864,1,0
0,306,756,1,0
0,307,760,1,0
0,308,699,1,0
0,309,988,1,0
0,310,881,1,0
0,311,1014,1,0
0,312,862,1,0
0,313,865,1,0
0,314,762,1,0
0,315,714,1,0
0,316,617,1,0
0,317,674,1,0
0,318,650,1,0
0,319,1042,1,0
0,320,1663,1,0
0,321,721,1,0
0,322,1051,1,0
0,323,1145,1,0
0,324,987,1,0
0,325,922,1,0
0,326,853,1,0
0,327,748,1,0
0,328,872,1,0
0,329,871,1,0
0,330,682,1,0
0,331,719,1,0
0,332,582,1,0
0,333,625,1,0
0,334,929,1,0
0,335,646,1,0
0,336,620,1,0
0,337,620,1,0
0,338,631,1,0
0,339,752,1,0
0,340,688,1,0
0,341,771,1,0
0,342,697,1,0
0,343,646,1,0
0,344,685,1,0
0,345,601,1,0
0,346,621,1,0
0,347,639,1,0
0,348,653,1,0
0,349,563,1,0
0,350,640,1,0
0,351,705,1,0
0,352,663,1,0
0,353,843,1,0
0,354,655,1,0
0,355,679,1,0
0,356,688,1,0
0,357,678,1,0
0,358,684,1,0
0,359,666,1,0
0,360,643,1,0
0,361,595,1,0
0,362,673,1,0
0,363,675,1,0
0,364,628,1,0
0,365,664,1,0
0,366,734,1,0
0,367,730,1,0
0,368,713,1,0
0,369,871,1,0
0,370,674,1,0
0,371,652,1,0
0,372,668,1,0
0,373,641,1,0
0,374,720,1,0
0,375,641,1,0
0,376,646,1,0
0,377,576,1,0
0,378,689,1,0
0,379,835,1,0
0,380,720,1,0
0,381,1126,1,0
0,382,659,1,0
0,383,648,1,0
0,384,716,1,0
0,385,633,1,0
0,386,674,1,0
0,387,737,1,0
0,388,761,1,0
0,389,1019,1,0
0,390,581,1,0
0,391,813,1,0
0,392,633,1,0
0,393,640,1,0
0,394,664,1,0
0,395,710,1,0
0,396,667,1,0
0,397,694,1,0
0,398,718,1,0
0,399,722,1,0
0,400,776,1,0
0,401,823,1,0
0,402,733,1,0
0,403,711,1,0
0,404,669,1,0
0,405,639,1,0
0,406,753,1,0
0,407,971,1,0
0,408,772,1,0
0,409,935,1,0
0,410,983,1,0
0,411,1048,1,0
0,412,757,1,0
0,413,772,1,0
0,414,693,1,0
0,415,782,1,0
0,416,1057,1,0
0,417,1078,1,0
0,418,761,1,0
0,419,606,1,0
0,420,668,1,0
0,421,935,1,0
0,422,798,1,0
0,423,722,1,0
0,424,674,1,0
0,425,723,1,0
0,426,616,1,0
0,427,605,1,0
0,428,609,1,0
0,429,653,1,0
0,430,590,1,0
0,431,636,1,0
0,432,660,1,0
0,433,713,1,0
0,434,649,1,0
0,435,666,1,0
0,436,638,1,0
0,437,611,1,0
0,438,669,1,0
0,439,603,1,0
0,440,654,1,0
0,441,657,1,0
0,442,624,1,0
0,443,797,1,0
0,444,732,1,0
0,445,692,1,0
0,446,669,1,0
0,447,638,1,0
0,448,747,1,0
0,449,678,1,0
0,450,598,1,0
0,451,649,1,0
0,452,599,1,0
0,453,617,1,0
0,454,588,1,0
0,455,596,1,0
0,456,699,1,0
0,457,672,1,0
0,458,615,1,0
0,459,677,1,0
0,460,596,1,0
0,461,610,1,0
0,462,645,1,0
0,463,643,1,0
0,464,612,1,0
0,465,682,1,0
0,466,743,1,0
0,467,661,1,0
0,468,686,1,0
0,469,652,1,0
0,470,659,1,0
0,471,691,1,0
0,472,695,1,0
0,473,667,1,0
0,474,675,1,0
0,475,679,1,0
0,476,690,1,0
0,477,829,1,0
0,478,628,1,0
0,479,840,1,0
0,480,624,1,0
0,481,725,1,0
0,482,930,1,0
0,483,1020,1,0
0,484,681,1,0
0,485,702,1,0
0,486,707,1,0
0,487,1108,1,0
0,488,926,1,0
0,489,1279,1,0
0,490,988,1,0
0,491,873,1,0
0,492,769,1,0
0,493,672,1,0
0,494,849,1,0
0,495,754,1,0
0,496,697,1,0
0,497,670,1,0
0,498,693,1,0
0,499,633,1,0
0,500,578,1,0
0,501,736,1,0
0,502,845,1,0
0,503,1195,1,0
0,504,862,1,0
0,505,904,1,0
0,506,989,1,0
0,507,870,1,0
0,508,641,1,0
0,509,814,1,0
0,510,604,1,0
0,511,1518,1,0
0,512,650,1,0
0,513,692,1,0
0,514,585,1,0
0,515,595,1,0
0,516,654,1,0
0,517,628,1,0
0,518,669,1,0
0,519,847,1,0
0,520,1686,1,0
0,521,1052,1,0
0,522,735,1,0
0,523,780,1,0
0,524,610,1,0
0,525,631,1,0
0,526,662,1,0
0,527,611,1,0
0,528,666,1,0
0,529,672,1,0
0,530,569,1,0
0,531,657,1,0
0,532,632,1,0
0,533,732,1,0
0,534,673,1,0
0,535,625,1,0
0,536,660,1,0
0,537,667,1,0
0,538,663,1,0
0,539,707,1,0
0,540,591,1,0
0,541,637,1,0
0,542,636,1,0
0,543,676,1,0
0,544,757,1,0
0,545,660,1,0
0,546,635,1,0
0,547,675,1,0
0,548,667,1,0
0,549,671,1,0
0,550,698,1,0
0,551,644,1,0
0,552,677,1,0
0,553,638,1,0
0,554,630,1,0
0,555,621,1,0
0,556,739,1,0
0,557,698,1,0
0,558,664,1,0
0,559,649,1,0
0,560,596,1,0
0,561,669,1,0
0,562,641,1,0
0,563,673,1,0
0,564,1298,1,0
0,565,632,1,0
0,566,690,1,0
0,567,1948,1,0
0,568,834,1,0
0,569,695,1,0
0,570,807,1,0
0,571,671,1,0
0,572,676,1,0
0,573,960,1,0
0,574,641,1,0
0,575,740,1,0
0,576,715,1,0
0,577,1062,1,0
0,578,679,1,0
0,579,797,1,0
0,580,955,1,0
0,581,798,1,0
0,582,667,1,0
0,583,1046,1,0
0,584,872,1,0
0,585,997,1,0
0,586,1061,1,0
0,587,968,1,0
0,588,988,1,0
0,589,783,1,0
0,590,775,1,0
0,591,938,1,0
0,592,720,1,0
0,593,842,1,0
0,594,664,1,0
0,595,622,1,0
0,596,904,1,0
0,597,703,1,0
0,598,1617,1,0
0,599,829,1,0
1,0,5418,1,0
1,1,901,1,0
1,2,777,1,0
1,3,882,1,0
1,4,862,1,0
1,5,1088,1,0
1,6,775,1,0
1,7,1219,1,0
1,8,940,1,0
1,9,1365,1,0
1,10,904,1,0
1,11,788,1,0
1,12,882,1,0
1,13,939,1,0
1,14,1279,1,0
1,15,1061,1,0
1,16,621,1,0
1,17,602,1,0
1,18,627,1,0
1,19,615,1,0
1,20,601,1,0
1,21,615,1,0
1,22,587,1,0
1,23,609,1,0
1,24,692,1,0
1,25,631,1,0
1,26,591,1,0
1,27,617,1,0
1,28,692,1,0
1,29,593,1,0
1,30,603,1,0
1,31,634,1,0
1,32,601,1,0
1,33,547,1,0
1,34,636,1,0
1,35,682,1,0
1,36,670,1,0
1,37,652,1,0
1,38,603,1,0
1,39,624,1,0
1,40,645,1,0
1,41,955,1,0
1,42,576,1,0
1,43,586,1,0
1,44,712,1,0
1,45,550,1,0
1,46,736,1,0
1,47,544,1,0
1,48,651,1,0
1,49,634,1,0
1,50,625,1,0
1,51,766,1,0
1,52,649,1,0
1,53,600,1,0
1,54,630,1,0
1,55,598,1,0
1,56,647,1,0
1,57,647,1,0
1,58,637,1,0
1,59,891,1,0
1,60,671,1,0
1,61,614,1,0
1,62,1415,1,0
1,63,594,1,0
1,64,632,1,0
1,65,668,1,0
1,66,568,1,0
1,67,622,1,0
1,68,780,1,0
1,69,1080,1,0
1,70,1387,1,0
1,71,906,1,0
1,72,903,1,0
1,73,959,1,0
1,74,1606,1,0
1,75,1271,1,0
1,76,1393,1,0
1,77,1533,1,0
1,78,601,1,0
1,79,658,1,0
1,80,659,1,0
1,81,644,1,0
1,82,877,1,0
1,83,1057,1,0
1,84,875,1,0
1,85,760,1,0
1,86,945,1,0
1,87,721,1,0
1,88,647,1,0
1,89,706,1,0
1,90,707,1,0
1,91,741,1,0
1,92,696,1,0
1,93,678,1,0
1,94,641,1,0
1,95,626,1,0
1,96,834,1,0
1,97,627,1,0
1,98,646,1,0
1,99,672,1,0
1,100,646,1,0
1,101,578,1,0
1,102,618,1,0
1,103,656,1,0
1,104,610,1,0
1,105,626,1,0
1,106,587,1,0
1,107,569,1,0
1,108,636,1,0
1,109,589,1,0
1,110,630,1,0
1,111,614,1,0
1,112,600,1,0
1,113,605,1,0
1,114,616,1,0
1,115,590,1,0
1,116,695,1,0
1,117,637,1,0
1,118,607,1,0
1,119,578,1,0
1,120,656,1,0
1,121,619,1,0
1,122,608,1,0
1,123,568,1,0
1,124,604,1,0
1,125,681,1,0
1,126,691,1,0
1,127,625,1,0
1,128,593,1,0
1,129,633,1,0
1,130,709,1,0
1,131,604,1,0
1,132,593,1,0
1,133,578,1,0
1,134,617,1,0
1,135,641,1,0
1,136,660,1,0
1,137,614,1,0
1,138,617,1,0
1,139,1037,1,0
1,140,599,1,0
1,141,699,1,0
1,142,643,1,0
1,143,795,1,0
1,144,813,1,0
1,145,650,1,0
1,146,690,1,0
1,147,662,1,0
1,148,673,1,0
1,149,1538,1,0
1,150,1492,1,0
1,151,1093,1,0
1,152,1441,1,0
1,153,634,1,0
1,154,1368,1,0
1,155,811,1,0
1,156,610,1,0
1,157,947,1,0
1,158,668,1,0
1,159,1080,1,0
1,160,821,1,0
1,161,1080,1,0
1,162,1064,1,0
1,163,1004,1,0
1,164,616,1,0
1,165,1174,1,0
1,166,764,1,0
1,167,898,1,0
1,168,947,1,0
1,169,1097,1,0
1,170,776,1,0
1,171,978,1,0
1,172,703,1,0
1,173,771,1,0
1,174,969,1,0
1,175,611,1,0
1,176,887,1,0
1,177,845,1,0
1,178,973,1,0
1,179,981,1,0
1,180,829,1,0
1,181,657,1,0
1,182,733,1,0
1,183,717,1,0
1,184,670,1,0
1,185,762,1,0
1,186,665,1,0
1,187,669,1,0
1,188,701,1,0
1,189,699,1,0
1,190,604,1,0
1,191,664,1,0
1,192,579,1,0
1,193,544,1,0
1,194,594,1,0
1,195,612,1,0
1,196,691,1,0
1,197,869,1,0
1,198,706,1,0
1,199,926,1,0
1,200,599,1,0
1,201,652,1,0
1,202,626,1,0
1,203,590,1,0
1,204,655,1,0
1,205,605,1,0
1,206,594,1,0
1,207,560,1,0
1,208,584,1,0
1,209,733,1,0
1,210,615,1,0
1,211,528,1,0
1,212,569,1,0
1,213,725,1,0
1,214,598,1,0
1,215,736,1,0
1,216,590,1,0
1,217,569,1,0
1,218,574,1,0
1,219,1294,1,0
1,220,604,1,0
1,221,719,1,0
1,222,609,1,0
1,223,643,1,0
1,224,541,1,0
1,225,648,1,0
1,226,574,1,0
1,227,587,1,0
1,228,646,1,0
1,229,723,1,0
1,230,804,1,0
1,231,687,1,0
1,232,608,1,0
1,233,616,1,0
1,234,611,1,0
1,235,634,1,0
1,236,708,1,0
1,237,584,1,0
1,238,593,1,0
1,239,875,1,0
1,240,576,1,0
1,241,607,1,0
1,242,589,1,0
1,243,672,1,0
1,244,567,1,0
1,245,702,1,0
1,246,673,1,0
1,247,791,1,0
1,248,1191,1,0
1,249,674,1,0
1,250,604,1,0
1,251,631,1,0
1,252,690,1,0
1,253,680,1,0
1,254,626,1,0
1,255,705,1,0
1,256,561,1,0
1,257,756,1,0
1,258,599,1,0
1,259,776,1,0
1,260,644,1,0
1,261,637,1,0
1,262,729,1,0
1,263,677,1,0
1,264,708,1,0
1,265,861,1,0
1,266,704,1,0
1,267,670,1,0
1,268,707,1,0
1,269,811,1,0
1,270,704,1,0
1,271,686,1,0
1,272,655,1,0
1,273,725,1,0
1,274,934,1,0
1,275,748,1,0
1,276,845,1,0
1,277,717,1,0
1,278,903,1,0
1,279,669,1,0
1,280,624,1,0
1,281,650,1,0
1,282,580,1,0
1,283,553,1,0
1,284,598,1,0
1,285,615,1,0
1,286,549,1,0
1,287,577,1,0
1,288,557,1,0
1,289,836,1,0
1,290,626,1,0
1,291,601,1,0
1,292,613,1,0
1,293,694,1,0
1,294,593,1,0
1,295,626,1,0
1,296,606,1,0
1,297,782,1,0
1,298,575,1,0
1,299,799,1,0
1,300,579,1,0
1,301,605,1,0
1,302,568,1,0
1,303,587,1,0
1,304,540,1,0
1,305,648,1,0
1,306,632,1,0
1,307,635,1,0
1,308,692,1,0
1,309,650,1,0
1,310,626,1,0
1,311,710,1,0
1,312,583,1,0
1,313,658,1,0
1,314,566,1,0
1,315,571,1,0
1,316,629,1,0
1,317,622,1,0
1,318,621,1,0
1,319,654,1,0
1,320,732,1,0
1,321,641,1,0
1,322,627,1,0
1,323,688,1,0
1,324,629,1,0
1,325,594,1,0
1,326,625,1,0
1,327,598,1,0
1,328,591,1,0
1,329,726,1,0
1,330,615,1,0
1,331,632,1,0
1,332,610,1,0
1,333,806,1,0
1,334,979,1,0
1,335,642,1,0
1,336,724,1,0
1,337,662,1,0
1,338,617,1,0
1,339,881,1,0
1,340,684,1,0
1,341,605,1,0
1,342,946,1,0
1,343,675,1,0
1,344,682,1,0
1,345,634,1,0
1,346,1022,1,0
1,347,1119,1,0
1,348,752,1,0
1,349,832,1,0
1,350,724,1,0
1,351,1262,1,0
1,352,968,1,0
1,353,848,1,0
1,354,743,1,0
1,355,886,1,0
1,356,731,1,0
1,357,863,1,0
1,358,670,1,0
1,359,843,1,0
1,360,827,1,0
1,361,700,1,0
1,362,852,1,0
1,363,717,1,0
1,364,724,1,0
1,365,704,1,0
1,366,707,1,0
1,367,693,1,0
1,368,702,1,0
1,369,725,1,0
1,370,692,1,0
1,371,799,1,0
1,372,628,1,0
1,373,953,1,0
1,374,627,1,0
1,375,630,1,0
1,376,597,1,0
1,377,588,1,0
1,378,591,1,0
1,379,611,1,0
1,380,542,1,0
1,381,786,1,0
1,382,565,1,0
1,383,641,1,0
1,384,582,1,0
1,385,683,1,0
1,386,701,1,0
1,387,1074,1,0
1,388,890,1,0
1,389,804,1,0
1,390,622,1,0
1,391,657,1,0
1,392,628,1,0
1,393,758,1,0
1,394,587,1,0
1,395,575,1,0
1,396,611,1,0
1,397,538,1,0
1,398,557,1,0
1,399,620,1,0
1,400,593,1,0
1,401,627,1,0
1,402,712,1,0
1,403,643,1,0
1,404,591,1,0
1,405,598,1,0
1,406,666,1,0
1,407,615,1,0
1,408,607,1,0
1,409,690,1,0
1,410,687,1,0
1,411,670,1,0
1,412,705,1,0
1,413,687,1,0
1,414,759,1,0
1,415,654,1,0
1,416,582,1,0
1,417,626,1,0
1,418,602,1,0
1,419,624,1,0
1,420,860,1,0
1,421,741,1,0
1,422,648,1,0
1,423,758,1,0
1,424,620,1,0
1,425,604,1,0
1,426,668,1,0
1,427,578,1,0
1,428,692,1,0
1,429,625,1,0
1,430,606,1,0
1,431,702,1,0
1,432,665,1,0
1,433,670,1,0
1,434,650,1,0
1,435,643,1,0
1,436,617,1,0
1,437,832,1,0
1,438,832,1,0
1,439,1206,1,0
1,440,769,1,0
1,441,1283,1,0
1,442,1006,1,0
1,443,1057,1,0
1,444,1024,1,0
1,445,803,1,0
1,446,919,1,0
1,447,926,1,0
1,448,1037,1,0
1,449,1089,1,0
1,450,909,1,0
1,451,946,1,0
1,452,898,1,0
1,453,836,1,0
1,454,674,1,0
1,455,697,1,0
1,456,875,1,0
1,457,749,1,0
1,458,729,1,0
1,459,807,1,0
1,460,714,1,0
1,461,733,1,0
1,462,753,1,0
1,463,903,1,0
1,464,731,1,0
1,465,685,1,0
1,466,832,1,0
1,467,800,1,0
1,468,1054,1,0
1,469,836,1,0
1,470,554,1,0
1,471,607,1,0
1,472,641,1,0
1,473,1252,1,0
1,474,593,1,0
1,475,586,1,0
1,476,623,1,0
1,477,646,1,0
1,478,623,1,0
1,479,629,1,0
1,480,590,1,0
1,481,632,1,0
1,482,691,1,0
1,483,588,1,0
1,484,631,1,0
1,485,606,1,0
1,486,656,1,0
1,487,808,1,0
1,488,787,1,0
1,489,633,1,0
1,490,686,1,0
1,491,677,1,0
1,492,706,1,0
1,493,551,1,0
1,494,727,1,0
1,495,579,1,0
1,496,657,1,0
1,497,615,1,0
1,498,676,1,0
1,499,556,1,0
1,500,555,1,0
1,501,643,1,0
1,502,651,1,0
1,503,1056,1,0
1,504,627,1,0
1,505,595,1,0
1,506,593,1,0
1,507,578,1,0
1,508,592,1,0
1,509,620,1,0
1,510,625,1,0
1,511,875,1,0
1,512,826,1,0
1,513,626,1,0
1,514,863,1,0
1,515,667,1,0
1,516,561,1,0
1,517,643,1,0
1,518,663,1,0
1,519,646,1,0
1,520,805,1,0
1,521,723,1,0
1,522,666,1,0
1,523,814,1,0
1,524,700,1,0
1,525,582,1,0
1,526,1028,1,0
1,527,683,1,0
1,528,734,1,0
1,529,617,1,0
1,530,646,1,0
1,531,1125,1,0
1,532,747,1,0
1,533,1010,1,0
1,534,633,1,0
1,535,740,1,0
1,536,757,1,0
1,537,863,1,0
1,538,727,1,0
1,539,899,1,0
1,540,824,1,0
1,541,869,1,0
1,542,861,1,0
1,543,894,1,0
1,544,939,1,0
1,545,983,1,0
1,546,956,1,0
1,547,1017,1,0
1,548,757,1,0
1,549,796,1,0
1,550,761,1,0
1,551,871,1,0
1,552,797,1,0
1,553,712,1,0
1,554,784,1,0
1,555,816,1,0
1,556,832,1,0
1,557,705,1,0
1,558,707,1,0
1,559,765,1,0
1,560,1079,1,0
1,561,1185,1,0
1,562,723,1,0
1,563,856,1,0
1,564,831,1,0
1,565,567,1,0
1,566,582,1,0
1,567,792,1,0
1,568,647,1,0
1,569,638,1,0
1,570,654,1,0
1,571,636,1,0
1,572,640,1,0
1,573,635,1,0
1,574,583,1,0
1,575,621,1,0
1,576,584,1,0
1,577,626,1,0
1,578,631,1,0
1,579,587,1,0
1,580,742,1,0
1,581,571,1,0
1,582,584,1,0
1,583,595,1,0
1,584,689,1,0
1,585,636,1,0
1,586,643,1,0
1,587,621,1,0
1,588,620,1,0
1,589,660,1,0
1,590,592,1,0
1,591,634,1,0
1,592,624,1,0
1,593,681,1,0
1,594,626,1,0
1,595,678,1,0
1,596,651,1,0
1,597,602,1,0
1,598,659,1,0
1,599,1943,1,0
2,0,2458,1,0
2,1,780,1,0
2,2,660,1,0
2,3,691,1,0
2,4,670,1,0
2,5,670,1,0
2,6,631,1,0
2,7,759,1,0
2,8,632,1,0
2,9,667,1,0
2,10,606,1,0
2,11,660,1,0
2,12,662,1,0
2,13,605,1,0
2,14,802,1,0
2,15,698,1,0
2,16,701,1,0
2,17,558,1,0
2,18,597,1,0
2,19,654,1,0
2,20,646,1,0
2,21,667,1,0
2,22,656,1,0
2,23,653,1,0
2,24,725,1,0
2,25,750,1,0
2,26,697,1,0
2,27,728,1,0
2,28,778,1,0
2,29,640,1,0
2,30,620,1,0
2,31,676,1,0
2,32,679,1,0
2,33,711,1,0
2,34,826,1,0
2,35,714,1,0
2,36,695,1,0
2,37,575,1,0
2,38,684,1,0
2,39,599,1,0
2,40,714,1,0
2,41,666,1,0
2,42,587,1,0
2,43,667,1,0
2,44,594,1,0
2,45,655,1,0
2,46,628,1,0
2,47,769,1,0
2,48,673,1,0
2,49,699,1,0
2,50,778,1,0
2,51,790,1,0
2,52,764,1,0
2,53,803,1,0
2,54,798,1,0
2,55,674,1,0
2,56,665,1,0
2,57,921,1,0
2,58,896,1,0
2,59,937,1,0
2,60,852,1,0
2,61,709,1,0
2,62,622,1,0
2,63,702,1,0
2,64,622,1,0
2,65,775,1,0
2,66,612,1,0
2,67,617,1,0
2,68,674,1,0
2,69,855,1,0
2,70,967,1,0
2,71,672,1,0
2,72,620,1,0
2,73,583,1,0
2,74,601,1,0
2,75,614,1,0
2,76,727,1,0
2,77,787,1,0
2,78,653,1,0
2,79,716,1,0
2,80,583,1,0
2,81,553,1,0
2,82,638,1,0
2,83,640,1,0
2,84,591,1,0
2,85,608,1,0
2,86,595,1,0
2,87,542,1,0
2,88,665,1,0
2,89,547,1,0
2,90,644,1,0
2,91,704,1,0
2,92,681,1,0
2,93,623,1,0
2,94,637,1,0
2,95,599,1,0
2,96,590,1,0
2,97,635,1,0
2,98,687,1,0
2,99,607,1,0
2,100,659,1,0
2,101,701,1,0
2,102,659,1,0
2,103,926,1,0
2,104,651,1,0
2,105,640,1,0
2,106,805,1,0
2,107,597,1,0
2,108,626,1,0
2,109,703,1,0
2,110,906,1,0
2,111,668,1,0
2,112,657,1,0
2,113,677,1,0
2,114,674,1,0
2,115,692,1,0
2,116,682,1,0
2,117,1252,1,0
2,118,661,1,0
2,119,744,1,0
2,120,629,1,0
2,121,679,1,0
2,122,976,1,0
2,123,646,1,0
2,124,1211,1,0
2,125,986,1,0
2,126,1209,1,0
2,127,1115,1,0
2,128,1149,1,0
2,129,791,1,0
2,130,947,1,0
2,131,764,1,0
2,132,1143,1,0
2,133,955,1,0
2,134,750,1,0
2,135,744,1,0
2,136,1126,1,0
2,137,1109,1,0
2,138,908,1,0
2,139,870,1,0
2,140,825,1,0
2,141,835,1,0
2,142,786,1,0
2,143,882,1,0
2,144,915,1,0
2,145,952,1,0
2,146,706,1,0
2,147,785,1,0
2,148,662,1,0
2,149,953,1,0
2,150,1188,1,0
2,151,688,1,0
2,152,715,1,0
2,153,746,1,0
2,154,674,1,0
2,155,652,1,0
2,156,852,1,0
2,157,689,1,0
2,158,701,1,0
2,159,808,1,0
2,160,618,1,0
2,161,646,1,0
2,162,549,1,0
2,163,672,1,0
2,164,636,1,0
2,165,823,1,0
2,166,661,1,0
2,167,653,1,0
2,168,646,1,0
2,169,645,1,0
2,170,626,1,0
2,171,752,1,0
2,172,677,1,0
2,173,589,1,0
2,174,653,1,0
2,175,700,1,0
2,176,671,1,0
2,177,671,1,0
2,178,620,1,0
2,179,791,1,0
2,180,613,1,0
2,181,639,1,0
2,182,638,1,0
2,183,692,1,0
2,184,677,1,0
2,185,630,1,0
2,186,644,1,0
2,187,656,1,0
2,188,656,1,0
2,189,920,1,0
2,190,658,1,0
2,191,649,1,0
2,192,662,1,0
2,193,733,1,0
2,194,706,1,0
2,195,649,1,0
2,196,691,1,0
2,197,698,1,0
2,198,1062,1,0
2,199,1464,1,0
2,200,715,1,0
2,201,667,1,0
2,202,668,1,0
2,203,705,1,0
2,204,1168,1,0
2,205,761,1,0
2,206,625,1,0
2,207,609,1,0
2,208,622,1,0
2,209,644,1,0
2,210,617,1,0
2,211,872,1,0
2,212,749,1,0
2,213,616,1,0
2,214,622,1,0
2,215,708,1,0
2,216,631,1,0
2,217,592,1,0
2,218,587,1,0
2,219,696,1,0
2,220,606,1,0
2,221,755,1,0
2,222,612,1,0
2,223,555,1,0
2,224,537,1,0
2,225,612,1,0
2,226,630,1,0
2,227,704,1,0
2,228,897,1,0
2,229,1009,1,0
2,230,937,1,0
2,231,831,1,0
2,232,968,1,0
2,233,849,1,0
2,234,841,1,0
2,235,1079,1,0
2,236,936,1,0
2,237,709,1,0
2,238,762,1,0
2,239,1677,1,0
2,240,746,1,0
2,241,1085,1,0
2,242,728,1,0
2,243,827,1,0
2,244,612,1,0
2,245,610,1,0
2,246,632,1,0
2,247,573,1,0
2,248,584,1,0
2,249,949,1,0
2,250,605,1,0
2,251,639,1,0
2,252,679,1,0
2,253,597,1,0
2,254,597,1,0
2,255,592,1,0
2,256,573,1,0
2,257,819,1,0
2,258,625,1,0
2,259,803,1,0
2,260,589,1,0
2,261,664,1,0
2,262,607,1,0
2,263,618,1,0
2,264,710,1,0
2,265,628,1,0
2,266,585,1,0
2,267,596,1,0
2,268,585,1,0
2,269,703,1,0
2,270,590,1,0
2,271,661,1,0
2,272,889,1,0
2,273,566,1,0
2,274,617,1,0
2,275,597,1,0
2,276,576,1,0
2,277,645,1,0
2,278,638,1,0
2,279,668,1,0
2,280,642,1,0
2,281,688,1,0
2,282,603,1,0
2,283,692,1,0
2,284,605,1,0
2,285,624,1,0
2,286,603,1,0
2,287,684,1,0
2,288,594,1,0
2,289,656,1,0
2,290,609,1,0
2,291,670,1,0
2,292,616,1,0
2,293,638,1,0
2,294,607,1,0
2,295,626,1,0
2,296,638,1,0
2,297,724,1,0
2,298,713,1,0
2,299,860,1,0
2,300,625,1,0
2,301,586,1,0
2,302,663,1,0
2,303,602,1,0
2,304,681,1,0
2,305,630,1,0
2,306,611,1,0
2,307,821,1,0
2,308,649,1,0
2,309,890,1,0
2,310,601,1,0
2,311,757,1,0
2,312,650,1,0
2,313,662,1,0
2,314,732,1,0
2,315,656,1,0
2,316,615,1,0
2,317,625,1,0
2,318,744,1,0
2,319,996,1,0
2,320,1148,1,0
2,321,975,1,0
2,322,697,1,0
2,323,803,1,0
2,324,817,1,0
2,325,783,1,0
2,326,752,1,0
2,327,761,1,0
2,328,692,1,0
2,329,856,1,0
2,330,668,1,0
2,331,647,1,0
2,332,662,1,0
2,333,710,1,0
2,334,740,1,0
2,335,665,1,0
2,336,651,1,0
2,337,778,1,0
2,338,620,1,0
2,339,685,1,0
2,340,626,1,0
2,341,613,1,0
2,342,698,1,0
2,343,734,1,0
2,344,613,1,0
2,345,583,1,0
2,346,660,1,0
2,347,661,1,0
2,348,625,1,0
2,349,670,1,0
2,350,619,1,0
2,351,692,1,0
2,352,570,1,0
2,353,640,1,0
2,354,624,1,0
2,355,615,1,0
2,356,745,1,0
2,357,723,1,0
2,358,627,1,0
2,359,679,1,0
2,360,637,1,0
2,361,647,1,0
2,362,716,1,0
2,363,817,1,0
2,364,638,1,0
2,365,633,1,0
2,366,683,1,0
2,367,623,1,0
2,368,640,1,0
2,369,645,1,0
2,370,635,1,0
2,371,653,1,0
2,372,661,1,0
2,373,670,1,0
2,374,702,1,0
2,375,595,1,0
2,376,666,1,0
2,377,617,1,0
2,378,650,1,0
2,379,632,1,0
2,380,648,1,0
2,381,946,1,0
2,382,678,1,0
2,383,584,1,0
2,384,642,1,0
2,385,622,1,0
2,386,758,1,0
2,387,1090,1,0
2,388,765,1,0
2,389,694,1,0
2,390,606,1,0
2,391,670,1,0
2,392,1845,1,0
2,393,890,1,0
2,394,630,1,0
2,395,629,1,0
2,396,637,1,0
2,397,645,1,0
2,398,728,1,0
2,399,683,1,0
2,400,611,1,0
2,401,699,1,0
2,402,713,1,0
2,403,730,1,0
2,404,580,1,0
2,405,669,1,0
2,406,690,1,0
2,407,728,1,0
2,408,666,1,0
2,409,837,1,0
2,410,731,1,0
2,411,962,1,0
2,412,711,1,0
2,413,807,1,0
2,414,778,1,0
2,415,937,1,0
2,416,945,1,0
2,417,956,1,0
2,418,711,1,0
2,419,722,1,0
2,420,1673,1,0
2,421,867,1,0
2,422,756,1,0
2,423,653,1,0
2,424,662,1,0
2,425,917,1,0
2,426,654,1,0
2,427,738,1,0
2,428,657,1,0
2,429,619,1,0
2,430,892,1,0
2,431,617,1,0
2,432,617,1,0
2,433,603,1,0
2,434,608,1,0
2,435,690,1,0
2,436,608,1,0
2,437,736,1,0
2,438,646,1,0
2,439,737,1,0
2,440,745,1,0
2,441,731,1,0
2,442,628,1,0
2,443,629,1,0
2,444,732,1,0
2,445,642,1,0
2,446,667,1,0
2,447,611,1,0
2,448,642,1,0
2,449,618,1,0
2,450,655,1,0
2,451,634,1,0
2,452,645,1,0
2,453,589,1,0
2,454,649,1,0
2,455,649,1,0
2,456,669,1,0
2,457,673,1,0
2,458,651,1,0
2,459,599,1,0
2,460,617,1,0
2,461,993,1,0
2,462,645,1,0
2,463,668,1,0
2,464,659,1,0
2,465,643,1,0
2,466,816,1,0
2,467,651,1,0
2,468,645,1,0
2,469,666,1,0
2,470,601,1,0
2,471,658,1,0
2,472,670,1,0
2,473,677,1,0
2,474,660,1,0
2,475,624,1,0
2,476,636,1,0
2,477,710,1,0
2,478,641,1,0
2,479,636,1,0
2,480,685,1,0
2,481,665,1,0
2,482,658,1,0
2,483,806,1,0
2,484,688,1,0
2,485,721,1,0
2,486,844,1,0
2,487,1151,1,0
2,488,1012,1,0
2,489,642,1,0
2,490,831,1,0
2,491,656,1,0
2,492,797,1,0
2,493,858,1,0
2,494,738,1,0
2,495,688,1,0
2,496,683,1,0
2,497,683,1,0
2,498,710,1,0
2,499,593,1,0
2,500,678,1,0
2,501,716,1,0
2,502,844,1,0
2,503,963,1,0
2,504,711,1,0
2,505,769,1,0
2,506,695,1,0
2,507,670,1,0
2,508,689,1,0
2,509,699,1,0
2,510,662,1,0
2,511,739,1,0
2,512,819,1,0
2,513,828,1,0
2,514,846,1,0
2,515,758,1,0
2,516,905,1,0
2,517,878,1,0
2,518,944,1,0
2,519,772,1,0
2,520,956,1,0
2,521,719,1,0
2,522,735,1,0
2,523,786,1,0
2,524,1038,1,0
2,525,605,1,0
2,526,955,1,0
2,527,616,1,0
2,528,898,1,0
2,529,570,1,0
2,530,575,1,0
2,531,636,1,0
2,532,637,1,0
2,533,732,1,0
2,534,628,1,0
2,535,786,1,0
2,536,612,1,0
2,537,578,1,0
2,538,701,1,0
2,539,691,1,0
2,540,651,1,0
2,541,706,1,0
2,542,678,1,0
2,543,1022,1,0
2,544,647,1,0
2,545,658,1,0
2,546,648,1,0
2,547,602,1,0
2,548,590,1,0
2,549,748,1,0
2,550,682,1,0
2,551,707,1,0
2,552,658,1,0
2,553,630,1,0
2,554,684,1,0
2,555,606,1,0
2,556,660,1,0
2,557,617,1,0
2,558,599,1,0
2,559,617,1,0
2,560,648,1,0
2,561,780,1,0
2,562,610,1,0
2,563,679,1,0
2,564,772,1,0
2,565,747,1,0
2,566,602,1,0
2,567,636,1,0
2,568,744,1,0
2,569,614,1,0
2,570,621,1,0
2,571,641,1,0
2,572,623,1,0
2,573,652,1,0
2,574,707,1,0
2,575,654,1,0
2,576,563,1,0
2,577,645,1,0
2,578,632,1,0
2,579,624,1,0
2,580,692,1,0
2,581,630,1,0
2,582,654,1,0
2,583,795,1,0
2,584,627,1,0
2,585,696,1,0
2,586,756,1,0
2,587,664,1,0
2,588,651,1,0
2,589,1156,1,0
2,590,654,1,0
2,591,825,1,0
2,592,765,1,0
2,593,1038,1,0
2,594,796,1,0
2,595,849,1,0
2,596,1001,1,0
2,597,1253,1,0
2,598,770,1,0
2,599,1045,1,0
3,0,2124,1,0
3,1,689,1,0
3,2,699,1,0
3,3,645,1,0
3,4,748,1,0
3,5,977,1,0
3,6,1039,1,0
3,7,843,1,0
3,8,667,1,0
3,9,1127,1,0
3,10,1013,1,0
3,11,1035,1,0
3,12,978,1,0
3,13,1020,1,0
3,14,1138,1,0
3,15,1141,1,0
3,16,743,1,0
3,17,920,1,0
3,18,842,1,0
3,19,711,1,0
3,20,752,1,0
3,21,728,1,0
3,22,795,1,0
3,23,748,1,0
3,24,785,1,0
3,25,975,1,0
3,26,810,1,0
3,27,810,1,0
3,28,899,1,0
3,29,772,1,0
3,30,902,1,0
3,31,761,1,0
3,32,891,1,0
3,33,681,1,0
3,34,639,1,0
3,35,624,1,0
3,36,1005,1,0
3,37,670,1,0
3,38,563,1,0
3,39,621,1,0
3,40,646,1,0
3,41,687,1,0
3,42,571,1,0
3,43,625,1,0
3,44,645,1,0
3,45,588,1,0
3,46,576,1,0
3,47,632,1,0
3,48,646,1,0
3,49,686,1,0
3,50,666,1,0
3,51,702,1,0
3,52,614,1,0
3,53,602,1,0
3,54,593,1,0
3,55,643,1,0
3,56,600,1,0
3,57,740,1,0
3,58,680,1,0
3,59,638,1,0
3,60,693,1,0
3,61,610,1,0
3,62,618,1,0
3,63,613,1,0
3,64,620,1,0
3,65,646,1,0
3,66,619,1,0
3,67,625,1,0
3,68,1052,1,0
3,69,1229,1,0
3,70,2038,1,0
3,71,1305,1,0
3,72,1288,1,0
3,73,1301,1,0
3,74,790,1,0
3,75,718,1,0
3,76,1126,1,0
3,77,721,1,0
3,78,685,1,0
3,79,587,1,0
3,80,572,1,0
3,81,725,1,0
3,82,742,1,0
3,83,629,1,0
3,84,630,1,0
3,85,699,1,0
3,86,606,1,0
3,87,713,1,0
3,88,710,1,0
3,89,719,1,0
3,90,725,1,0
3,91,680,1,0
3,92,653,1,0
3,93,679,1,0
3,94,589,1,0
3,95,702,1,0
3,96,641,1,0
3,97,637,1,0
3,98,629,1,0
3,99,599,1,0
3,100,708,1,0
3,101,678,1,0
3,102,819,1,0
3,103,765,1,0
3,104,926,1,0
3,105,937,1,0
3,106,830,1,0
3,107,817,1,0
3,108,662,1,0
3,109,807,1,0
3,110,807,1,0
3,111,840,1,0
3,112,1045,1,0
3,113,803,1,0
3,114,806,1,0
3,115,771,1,0
3,116,804,1,0
3,117,822,1,0
3,118,909,1,0
3,119,929,1,0
3,120,829,1,0
3,121,950,1,0
3,122,772,1,0
3,123,1037,1,0
3,124,839,1,0
3,125,778,1,0
3,126,654,1,0
3,127,641,1,0
3,128,702,1,0
3,129,898,1,0
3,130,594,1,0
3,131,797,1,0
3,132,604,1,0
3,133,554,1,0
3,134,633,1,0
3,135,671,1,0
3,136,696,1,0
3,137,656,1,0
3,138,586,1,0
3,139,1017,1,0
3,140,611,1,0
3,141,622,1,0
3,142,591,1,0
3,143,889,1,0
3,144,797,1,0
3,145,696,1,0
3,146,643,1,0
3,147,763,1,0
3,148,661,1,0
3,149,1227,1,0
3,150,658,1,0
3,151,667,1,0
3,152,712,1,0
3,153,644,1,0
3,154,654,1,0
3,155,732,1,0
3,156,753,1,0
3,157,647,1,0
3,158,669,1,0
3,159,832,1,0
3,160,611,1,0
3,161,725,1,0
3,162,629,1,0
3,163,661,1,0
3,164,639,1,0
3,165,710,1,0
3,166,1153,1,0
3,167,696,1,0
3,168,689,1,0
3,169,1078,1,0
3,170,620,1,0
3,171,943,1,0
3,172,636,1,0
3,173,786,1,0
3,174,802,1,0
3,175,778,1,0
3,176,1423,1,0
3,177,659,1,0
3,178,813,1,0
3,179,1399,1,0
3,180,864,1,0
3,181,716,1,0
3,182,742,1,0
3,183,811,1,0
3,184,892,1,0
3,185,680,1,0
3,186,733,1,0
3,187,966,1,0
3,188,861,1,0
3,189,1093,1,0
3,190,915,1,0
3,191,908,1,0
3,192,853,1,0
3,193,776,1,0
3,194,706,1,0
3,195,933,1,0
3,196,890,1,0
3,197,917,1,0
3,198,1004,1,0
3,199,1221,1,0
3,200,1957,1,0
3,201,914,1,0
3,202,723,1,0
3,203,844,1,0
3,204,826,1,0
3,205,668,1,0
3,206,657,1,0
3,207,680,1,0
3,208,650,1,0
3,209,766,1,0
3,210,568,1,0
3,211,566,1,0
3,212,596,1,0
3,213,627,1,0
3,214,629,1,0
3,215,588,1,0
3,216,538,1,0
3,217,553,1,0
3,218,581,1,0
3,219,831,1,0
3,220,618,1,0
3,221,679,1,0
3,222,582,1,0
3,223,614,1,0
3,224,611,1,0
3,225,630,1,0
3,226,667,1,0
3,227,619,1,0
3,228,607,1,0
3,229,878,1,0
3,230,643,1,0
3,231,714,1,0
3,232,652,1,0
3,233,684,1,0
3,234,628,1,0
3,235,622,1,0
3,236,554,1,0
3,237,610,1,0
3,238,596,1,0
3,239,727,1,0
3,240,691,1,0
3,241,634,1,0
3,242,576,1,0
3,243,557,1,0
3,244,587,1,0
3,245,693,1,0
3,246,607,1,0
3,247,572,1,0
3,248,630,1,0
3,249,656,1,0
3,250,637,1,0
3,251,603,1,0
3,252,673,1,0
3,253,646,1,0
3,254,577,1,0
3,255,586,1,0
3,256,672,1,0
3,257,793,1,0
3,258,782,1,0
3,259,853,1,0
3,260,597,1,0
3,261,952,1,0
3,262,664,1,0
3,263,715,1,0
3,264,679,1,0
3,265,839,1,0
3,266,645,1,0
3,267,723,1,0
3,268,771,1,0
3,269,1429,1,0
3,270,656,1,0
3,271,684,1,0
3,272,654,1,0
3,273,740,1,0
3,274,726,1,0
3,275,694,1,0
3,276,646,1,0
3,277,682,1,0
3,278,612,1,0
3,279,926,1,0
3,280,747,1,0
3,281,773,1,0
3,282,725,1,0
3,283,644,1,0
3,284,668,1,0
3,285,737,1,0
3,286,597,1,0
3,287,615,1,0
3,288,613,1,0
3,289,828,1,0
3,290,660,1,0
3,291,586,1,0
3,292,674,1,0
3,293,686,1,0
3,294,936,1,0
3,295,886,1,0
3,296,708,1,0
3,297,736,1,0
3,298,679,1,0
3,299,961,1,0
3,300,767,1,0
3,301,617,1,0
3,302,694,1,0
3,303,634,1,0
3,304,658,1,0
3,305,569,1,0
3,306,604,1,0
3,307,657,1,0
3,308,585,1,0
3,309,727,1,0
3,310,865,1,0
3,311,704,1,0
3,312,804,1,0
3,313,659,1,0
3,314,620,1,0
3,315,667,1,0
3,316,646,1,0
3,317,566,1,0
3,318,596,1,0
3,319,748,1,0
3,320,684,1,0
3,321,649,1,0
3,322,745,1,0
3,323,757,1,0
3,324,670,1,0
3,325,647,1,0
3,326,626,1,0
3,327,656,1,0
3,328,703,1,0
3,329,885,1,0
3,330,700,1,0
3,331,585,1,0
3,332,655,1,0
3,333,669,1,0
3,334,1073,1,0
3,335,605,1,0
3,336,569,1,0
3,337,728,1,0
3,338,613,1,0
3,339,793,1,0
3,340,604,1,0
3,341,741,1,0
3,342,637,1,0
3,343,605,1,0
3,344,689,1,0
3,345,620,1,0
3,346,692,1,0
3,347,652,1,0
3,348,643,1,0
3,349,629,1,0
3,350,645,1,0
3,351,755,1,0
3,352,717,1,0
3,353,676,1,0
3,354,644,1,0
3,355,636,1,0
3,356,685,1,0
3,357,895,1,0
3,358,666,1,0
3,359,983,1,0
3,360,662,1,0
3,361,690,1,0
3,362,780,1,0
3,363,752,1,0
3,364,667,1,0
3,365,679,1,0
3,366,985,1,0
3,367,638,1,0
3,368,798,1,0
3,369,923,1,0
3,370,801,1,0
3,371,1028,1,0
3,372,893,1,0
3,373,1023,1,0
3,374,898,1,0
3,375,956,1,0
3,376,852,1,0
3,377,903,1,0
3,378,929,1,0
3,379,807,1,0
3,380,729,1,0
3,381,1057,1,0
3,382,683,1,0
3,383,741,1,0
3,384,674,1,0
3,385,823,1,0
3,386,936,1,0
3,387,1476,1,0
3,388,1305,1,0
3,389,1176,1,0
3,390,614,1,0
3,391,808,1,0
3,392,783,1,0
3,393,771,1,0
3,394,644,1,0
3,395,710,1,0
3,396,661,1,0
3,397,643,1,0
3,398,561,1,0
3,399,648,1,0
3,400,657,1,0
3,401,626,1,0
3,402,648,1,0
3,403,625,1,0
3,404,570,1,0
3,405,632,1,0
3,406,638,1,0
3,407,840,1,0
3,408,733,1,0
3,409,677,1,0
3,410,676,1,0
3,411,573,1,0
3,412,569,1,0
3,413,649,1,0
3,414,706,1,0
3,415,685,1,0
3,416,684,1,0
3,417,680,1,0
3,418,629,1,0
3,419,573,1,0
3,420,787,1,0
3,421,714,1,0
3,422,632,1,0
3,423,584,1,0
3,424,661,1,0
3,425,588,1,0
3,426,608,1,0
3,427,676,1,0
3,428,594,1,0
3,429,693,1,0
3,430,660,1,0
3,431,660,1,0
3,432,704,1,0
3,433,667,1,0
3,434,634,1,0
3,435,625,1,0
3,436,685,1,0
3,437,707,1,0
3,438,633,1,0
3,439,682,1,0
3,440,703,1,0
3,441,811,1,0
3,442,700,1,0
3,443,642,1,0
3,444,721,1,0
3,445,699,1,0
3,446,638,1,0
3,447,632,1,0
3,448,658,1,0
3,449,695,1,0
3,450,709,1,0
3,451,689,1,0
3,452,614,1,0
3,453,694,1,0
3,454,997,1,0
3,455,685,1,0
3,456,1101,1,0
3,457,923,1,0
3,458,719,1,0
3,459,621,1,0
3,460,691,1,0
3,461,1028,1,0
3,462,635,1,0
3,463,757,1,0
3,464,840,1,0
3,465,1126,1,0
3,466,651,1,0
3,467,1049,1,0
3,468,1209,1,0
3,469,1189,1,0
3,470,766,1,0
3,471,895,1,0
3,472,1016,1,0
3,473,830,1,0
3,474,815,1,0
3,475,656,1,0
3,476,703,1,0
3,477,752,1,0
3,478,801,1,0
3,479,964,1,0
3,480,769,1,0
3,481,772,1,0
3,482,709,1,0
3,483,741,1,0
3,484,970,1,0
3,485,822,1,0
3,486,1265,1,0
3,487,1068,1,0
3,488,1541,1,0
3,489,811,1,0
3,490,834,1,0
3,491,819,1,0
3,492,756,1,0
3,493,636,1,0
3,494,617,1,0
3,495,610,1,0
3,496,544,1,0
3,497,618,1,0
3,498,728,1,0
3,499,579,1,0
3,500,613,1,0
3,501,649,1,0
3,502,694,1,0
3,503,757,1,0
3,504,679,1,0
3,505,645,1,0
3,506,605,1,0
3,507,962,1,0
3,508,648,1,0
3,509,641,1,0
3,510,620,1,0
3,511,621,1,0
3,512,710,1,0
3,513,635,1,0
3,514,675,1,0
3,515,642,1,0
3,516,654,1,0
3,517,690,1,0
3,518,787,1,0
3,519,639,1,0
3,520,965,1,0
3,521,740,1,0
3,522,632,1,0
3,523,694,1,0
3,524,675,1,0
3,525,642,1,0
3,526,734,1,0
3,527,665,1,0
3,528,648,1,0
3,529,640,1,0
3,530,656,1,0
3,531,662,1,0
3,532,774,1,0
3,533,894,1,0
3,534,724,1,0
3,535,658,1,0
3,536,617,1,0
3,537,639,1,0
3,538,589,1,0
3,539,649,1,0
3,540,676,1,0
3,541,693,1,0
3,542,624,1,0
3,543,573,1,0
3,544,854,1,0
3,545,686,1,0
3,546,645,1,0
3,547,641,1,0
3,548,766,1,0
3,549,668,1,0
3,550,712,1,0
3,551,655,1,0
3,552,715,1,0
3,553,728,1,0
3,554,773,1,0
3,555,986,1,0
3,556,734,1,0
3,557,630,1,0
3,558,634,1,0
3,559,1043,1,0
3,560,914,1,0
3,561,1084,1,0
3,562,850,1,0
3,563,1153,1,0
3,564,864,1,0
3,565,999,1,0
3,566,801,1,0
3,567,890,1,0
3,568,652,1,0
3,569,760,1,0
3,570,924,1,0
3,571,885,1,0
3,572,713,1,0
3,573,682,1,0
3,574,865,1,0
3,575,1245,1,0
3,576,690,1,0
3,577,845,1,0
3,578,687,1,0
3,579,778,1,0
3,580,845,1,0
3,581,959,1,0
3,582,736,1,0
3,583,718,1,0
3,584,719,1,0
3,585,886,1,0
3,586,648,1,0
3,587,653,1,0
3,588,697,1,0
3,589,649,1,0
3,590,860,1,0
3,591,912,1,0
3,592,608,1,0
3,593,703,1,0
3,594,651,1,0
3,595,657,1,0
3,596,689,1,0
3,597,626,1,0
3,598,610,1,0
3,599,813,1,0
4,0,2092,1,0
4,1,1201,1,0
4,2,709,1,0
4,3,651,1,0
4,4,1075,1,0
4,5,679,1,0
4,6,573,1,0
4,7,771,1,0
4,8,710,1,0
4,9,651,1,0
4,10,695,1,0
4,11,657,1,0
4,12,661,1,0
4,13,691,1,0
4,14,780,1,0
4,15,602,1,0
4,16,614,1,0
4,17,745,1,0
4,18,624,1,0
4,19,701,1,0
4,20,610,1,0
4,21,647,1,0
4,22,657,1,0
4,23,706,1,0
4,24,801,1,0
4,25,670,1,0
4,26,733,1,0
4,27,643,1,0
4,28,743,1,0
4,29,690,1,0
4,30,681,1,0
4,31,640,1,0
4,32,682,1,0
4,33,2017,1,0
4,34,683,1,0
4,35,668,1,0
4,36,639,1,0
4,37,736,1,0
4,38,647,1,0
4,39,640,1,0
4,40,733,1,0
4,41,609,1,0
4,42,626,1,0
4,43,592,1,0
4,44,732,1,0
4,45,598,1,0
4,46,656,1,0
4,47,592,1,0
4,48,627,1,0
4,49,597,1,0
4,50,638,1,0
4,51,709,1,0
4,52,644,1,0
4,53,666,1,0
4,54,589,1,0
4,55,781,1,0
4,56,691,1,0
4,57,725,1,0
4,58,786,1,0
4,59,731,1,0
4,60,731,1,0
4,61,979,1,0
4,62,741,1,0
4,63,688,1,0
4,64,713,1,0
4,65,1079,1,0
4,66,678,1,0
4,67,717,1,0
4,68,776,1,0
4,69,827,1,0
4,70,1129,1,0
4,71,875,1,0
4,72,870,1,0
4,73,890,1,0
4,74,834,1,0
4,75,1629,1,0
4,76,837,1,0
4,77,1548,1,0
4,78,904,1,0
4,79,745,1,0
4,80,612,1,0
4,81,658,1,0
4,82,798,1,0
4,83,883,1,0
4,84,927,1,0
4,85,834,1,0
4,86,578,1,0
4,87,565,1,0
4,88,626,1,0
4,89,596,1,0
4,90,656,1,0
4,91,837,1,0
4,92,791,1,0
4,93,605,1,0
4,94,581,1,0
4,95,793,1,0
4,96,822,1,0
4,97,621,1,0
4,98,906,1,0
4,99,621,1,0
4,100,607,1,0
4,101,552,1,0
4,102,734,1,0
4,103,659,1,0
4,104,929,1,0
4,105,676,1,0
4,106,599,1,0
4,107,613,1,0
4,108,628,1,0
4,109,969,1,0
4,110,640,1,0
4,111,625,1,0
4,112,678,1,0
4,113,608,1,0
4,114,641,1,0
4,115,670,1,0
4,116,796,1,0
4,117,625,1,0
4,118,881,1,0
4,119,638,1,0
4,120,604,1,0
4,121,652,1,0
4,122,622,1,0
4,123,602,1,0
4,124,707,1,0
4,125,664,1,0
4,126,688,1,0
4,127,806,1,0
4,128,795,1,0
4,129,651,1,0
4,130,600,1,0
4,131,683,1,0
4,132,616,1,0
4,133,682,1,0
4,134,658,1,0
4,135,692,1,0
4,136,1154,1,0
4,137,708,1,0
4,138,676,1,0
4,139,1023,1,0
4,140,1041,1,0
4,141,1115,1,0
4,142,633,1,0
4,143,1043,1,0
4,144,1020,1,0
4,145,1133,1,0
4,146,801,1,0
4,147,951,1,0
4,148,707,1,0
4,149,1066,1,0
4,150,1061,1,0
4,151,900,1,0
4,152,827,1,0
4,153,793,1,0
4,154,1075,1,0
4,155,847,1,0
4,156,1193,1,0
4,157,716,1,0
4,158,755,1,0
4,159,1135,1,0
4,160,741,1,0
4,161,748,1,0
4,162,773,1,0
4,163,1167,1,0
4,164,754,1,0
4,165,784,1,0
4,166,857,1,0
4,167,736,1,0
4,168,669,1,0
4,169,1213,1,0
4,170,919,1,0
4,171,892,1,0
4,172,817,1,0
4,173,887,1,0
4,174,583,1,0
4,175,730,1,0
4,176,814,1,0
4,177,618,1,0
4,178,661,1,0
4,179,728,1,0
4,180,877,1,0
4,181,613,1,0
4,182,775,1,0
4,183,655,1,0
4,184,652,1,0
4,185,614,1,0
4,186,574,1,0
4,187,601,1,0
4,188,600,1,0
4,189,769,1,0
4,190,606,1,0
4,191,610,1,0
4,192,599,1,0
4,193,571,1,0
4,194,618,1,0
4,195,584,1,0
4,196,715,1,0
4,197,856,1,0
4,198,731,1,0
4,199,801,1,0
4,200,908,1,0
4,201,731,1,0
4,202,535,1,0
4,203,610,1,0
4,204,662,1,0
4,205,610,1,0
4,206,646,1,0
4,207,703,1,0
4,208,582,1,0
4,209,989,1,0
4,210,723,1,0
4,211,625,1,0
4,212,626,1,0
4,213,604,1,0
4,214,614,1,0
4,215,632,1,0
4,216,629,1,0
4,217,626,1,0
4,218,593,1,0
4,219,634,1,0
4,220,689,1,0
4,221,684,1,0
4,222,661,1,0
4,223,596,1,0
4,224,650,1,0
4,225,646,1,0
4,226,572,1,0
4,227,621,1,0
4,228,881,1,0
4,229,706,1,0
4,230,738,1,0
4,231,770,1,0
4,232,656,1,0
4,233,621,1,0
4,234,796,1,0
4,235,732,1,0
4,236,604,1,0
4,237,603,1,0
4,238,606,1,0
4,239,769,1,0
4,240,962,1,0
4,241,944,1,0
4,242,659,1,0
4,243,649,1,0
4,244,670,1,0
4,245,574,1,0
4,246,685,1,0
4,247,622,1,0
4,248,620,1,0
4,249,1064,1,0
4,250,934,1,0
4,251,691,1,0
4,252,717,1,0
4,253,623,1,0
4,254,688,1,0
4,255,662,1,0
4,256,661,1,0
4,257,731,1,0
4,258,791,1,0
4,259,1344,1,0
4,260,609,1,0
4,261,698,1,0
4,262,703,1,0
4,263,676,1,0
4,264,862,1,0
4,265,689,1,0
4,266,609,1,0
4,267,988,1,0
4,268,856,1,0
4,269,768,1,0
4,270,764,1,0
4,271,572,1,0
4,272,564,1,0
4,273,637,1,0
4,274,634,1,0
4,275,632,1,0
4,276,622,1,0
4,277,684,1,0
4,278,628,1,0
4,279,778,1,0
4,280,669,1,0
4,281,703,1,0
4,282,579,1,0
4,283,566,1,0
4,284,587,1,0
4,285,727,1,0
4,286,636,1,0
4,287,625,1,0
4,288,734,1,0
4,289,653,1,0
4,290,620,1,0
4,291,576,1,0
4,292,668,1,0
4,293,725,1,0
4,294,574,1,0
4,295,628,1,0
4,296,601,1,0
4,297,715,1,0
4,298,634,1,0
4,299,996,1,0
4,300,625,1,0
4,301,596,1,0
4,302,585,1,0
4,303,583,1,0
4,304,598,1,0
4,305,658,1,0
4,306,659,1,0
4,307,683,1,0
4,308,618,1,0
4,309,752,1,0
4,310,703,1,0
4,311,707,1,0
4,312,616,1,0
4,313,676,1,0
4,314,599,1,0
4,315,608,1,0
4,316,596,1,0
4,317,593,1,0
4,318,660,1,0
4,319,625,1,0
4,320,692,1,0
4,321,768,1,0
4,322,818,1,0
4,323,883,1,0
4,324,708,1,0
4,325,629,1,0
4,326,654,1,0
4,327,694,1,0
4,328,672,1,0
4,329,804,1,0
4,330,821,1,0
4,331,622,1,0
4,332,615,1,0
4,333,736,1,0
4,334,1183,1,0
4,335,871,1,0
4,336,971,1,0
4,337,938,1,0
4,338,982,1,0
4,339,893,1,0
4,340,888,1,0
4,341,1082,1,0
4,342,997,1,0
4,343,804,1,0
4,344,693,1,0
4,345,871,1,0
4,346,977,1,0
4,347,648,1,0
4,348,731,1,0
4,349,947,1,0
4,350,745,1,0
4,351,1131,1,0
4,352,830,1,0
4,353,655,1,0
4,354,755,1,0
4,355,651,1,0
4,356,625,1,0
4,357,666,1,0
4,358,623,1,0
4,359,634,1,0
4,360,623,1,0
4,361,616,1,0
4,362,735,1,0
4,363,698,1,0
4,364,674,1,0
4,365,631,1,0
4,366,644,1,0
4,367,604,1,0
4,368,717,1,0
4,369,613,1,0
4,370,613,1,0
4,371,623,1,0
4,372,595,1,0
4,373,661,1,0
4,374,605,1,0
4,375,585,1,0
4,376,664,1,0
4,377,673,1,0
4,378,623,1,0
4,379,613,1,0
4,380,671,1,0
4,381,1469,1,0
4,382,588,1,0
4,383,624,1,0
4,384,611,1,0
4,385,647,1,0
4,386,680,1,0
4,387,1130,1,0
4,388,871,1,0
4,389,1636,1,0
4,390,616,1,0
4,391,689,1,0
4,392,602,1,0
4,393,619,1,0
4,394,623,1,0
4,395,665,1,0
4,396,575,1,0
4,397,657,1,0
4,398,644,1,0
4,399,652,1,0
4,400,608,1,0
4,401,655,1,0
4,402,644,1,0
4,403,617,1,0
4,404,641,1,0
4,405,689,1,0
4,406,643,1,0
4,407,675,1,0
4,408,625,1,0
4,409,614,1,0
4,410,656,1,0
4,411,809,1,0
4,412,650,1,0
4,413,621,1,0
4,414,769,1,0
4,415,1004,1,0
4,416,735,1,0
4,417,735,1,0
4,418,897,1,0
4,419,967,1,0
4,420,1328,1,0
4,421,687,1,0
4,422,713,1,0
4,423,952,1,0
4,424,889,1,0
4,425,785,1,0
4,426,941,1,0
4,427,930,1,0
4,428,965,1,0
4,429,937,1,0
4,430,1107,1,0
4,431,1355,1,0
4,432,940,1,0
4,433,800,1,0
4,434,1070,1,0
4,435,755,1,0
4,436,883,1,0
4,437,969,1,0
4,438,784,1,0
4,439,997,1,0
4,440,862,1,0
4,441,989,1,0
4,442,913,1,0
4,443,875,1,0
4,444,781,1,0
4,445,757,1,0
4,446,719,1,0
4,447,639,1,0
4,448,677,1,0
4,449,785,1,0
4,450,721,1,0
4,451,593,1,0
4,452,575,1,0
4,453,616,1,0
4,454,635,1,0
4,455,588,1,0
4,456,850,1,0
4,457,599,1,0
4,458,676,1,0
4,459,685,1,0
4,460,625,1,0
4,461,627,1,0
4,462,629,1,0
4,463,619,1,0
4,464,626,1,0
4,465,633,1,0
4,466,639,1,0
4,467,741,1,0
4,468,606,1,0
4,469,679,1,0
4,470,581,1,0
4,471,606,1,0
4,472,638,1,0
4,473,729,1,0
4,474,626,1,0
4,475,613,1,0
4,476,641,1,0
4,477,612,1,0
4,478,588,1,0
4,479,737,1,0
4,480,675,1,0
4,481,590,1,0
4,482,637,1,0
4,483,577,1,0
4,484,680,1,0
4,485,649,1,0
4,486,774,1,0
4,487,863,1,0
4,488,803,1,0
4,489,633,1,0
4,490,690,1,0
4,491,1137,1,0
4,492,765,1,0
4,493,670,1,0
4,494,632,1,0
4,495,571,1,0
4,496,623,1,0
4,497,655,1,0
4,498,759,1,0
4,499,677,1,0
4,500,861,1,0
4,501,613,1,0
4,502,596,1,0
4,503,667,1,0
4,504,599,1,0
4,505,640,1,0
4,506,789,1,0
4,507,700,1,0
4,508,701,1,0
4,509,637,1,0
4,510,630,1,0
4,511,771,1,0
4,512,725,1,0
4,513,658,1,0
4,514,687,1,0
4,515,631,1,0
4,516,646,1,0
4,517,658,1,0
4,518,599,1,0
4,519,745,1,0
4,520,878,1,0
4,521,685,1,0
4,522,1022,1,0
4,523,964,1,0
4,524,1021,1,0
4,525,1143,1,0
4,526,954,1,0
4,527,829,1,0
4,528,1194,1,0
4,529,1011,1,0
4,530,754,1,0
4,531,777,1,0
4,532,747,1,0
4,533,887,1,0
4,534,804,1,0
4,535,851,1,0
4,536,934,1,0
4,537,803,1,0
4,538,879,1,0
4,539,838,1,0
4,540,1366,1,0
4,541,809,1,0
4,542,718,1,0
4,543,647,1,0
4,544,726,1,0
4,545,781,1,0
4,546,612,1,0
4,547,858,1,0
4,548,614,1,0
4,549,647,1,0
4,550,688,1,0
4,551,734,1,0
4,552,897,1,0
4,553,603,1,0
4,554,773,1,0
4,555,642,1,0
4,556,649,1,0
4,557,607,1,0
4,558,646,1,0
4,559,612,1,0
4,560,597,1,0
4,561,615,1,0
4,562,617,1,0
4,563,671,1,0
4,564,623,1,0
4,565,570,1,0
4,566,615,1,0
4,567,667,1,0
4,568,587,1,0
4,569,606,1,0
4,570,604,1,0
4,571,619,1,0
4,572,590,1,0
4,573,648,1,0
4,574,596,1,0
4,575,577,1,0
4,576,635,1,0
4,577,611,1,0
4,578,611,1,0
4,579,662,1,0
4,580,703,1,0
4,581,650,1,0
4,582,665,1,0
4,583,620,1,0
4,584,604,1,0
4,585,794,1,0
4,586,656,1,0
4,587,664,1,0
4,588,772,1,0
4,589,688,1,0
4,590,661,1,0
4,591,613,1,0
4,592,606,1,0
4,593,661,1,0
4,594,664,1,0
4,595,626,1,0
4,596,593,1,0
4,597,618,1,0
4,598,831,1,0
4,599,738,1,0
5,0,2218,1,0
5,1,763,1,0
5,2,643,1,0
5,3,708,1,0
5,4,606,1,0
5,5,668,1,0
5,6,585,1,0
5,7,760,1,0
5,8,762,1,0
5,9,641,1,0
5,10,699,1,0
5,11,770,1,0
5,12,677,1,0
5,13,576,1,0
5,14,709,1,0
5,15,793,1,0
5,16,606,1,0
5,17,680,1,0
5,18,1269,1,0
5,19,1179,1,0
5,20,665,1,0
5,21,921,1,0
5,22,1035,1,0
5,23,933,1,0
5,24,974,1,0
5,25,828,1,0
5,26,765,1,0
5,27,663,1,0
5,28,884,1,0
5,29,736,1,0
5,30,842,1,0
5,31,837,1,0
5,32,858,1,0
5,33,656,1,0
5,34,786,1,0
5,35,755,1,0
5,36,817,1,0
5,37,994,1,0
5,38,1032,1,0
5,39,785,1,0
5,40,836,1,0
5,41,667,1,0
5,42,681,1,0
5,43,645,1,0
5,44,816,1,0
5,45,620,1,0
5,46,630,1,0
5,47,667,1,0
5,48,636,1,0
5,49,653,1,0
5,50,605,1,0
5,51,583,1,0
5,52,605,1,0
5,53,606,1,0
5,54,611,1,0
5,55,666,1,0
5,56,792,1,0
5,57,749,1,0
5,58,624,1,0
5,59,1041,1,0
5,60,624,1,0
5,61,674,1,0
5,62,792,1,0
5,63,624,1,0
5,64,672,1,0
5,65,652,1,0
5,66,622,1,0
5,67,677,1,0
5,68,716,1,0
5,69,730,1,0
5,70,1594,1,0
5,71,1279,1,0
5,72,1067,1,0
5,73,1213,1,0
5,74,1181,1,0
5,75,671,1,0
5,76,1403,1,0
5,77,1517,1,0
5,78,802,1,0
5,79,696,1,0
5,80,666,1,0
5,81,666,1,0
5,82,622,1,0
5,83,708,1,0
5,84,663,1,0
5,85,650,1,0
5,86,587,1,0
5,87,636,1,0
5,88,638,1,0
5,89,575,1,0
5,90,603,1,0
5,91,768,1,0
5,92,585,1,0
5,93,615,1,0
5,94,610,1,0
5,95,669,1,0
5,96,799,1,0
5,97,594,1,0
5,98,613,1,0
5,99,652,1,0
5,100,852,1,0
5,101,700,1,0
5,102,689,1,0
5,103,792,1,0
5,104,767,1,0
5,105,781,1,0
5,106,807,1,0
5,107,956,1,0
5,108,1133,1,0
5,109,873,1,0
5,110,874,1,0
5,111,1066,1,0
5,112,1103,1,0
5,113,743,1,0
5,114,909,1,0
5,115,687,1,0
5,116,1036,1,0
5,117,805,1,0
5,118,726,1,0
5,119,778,1,0
5,120,724,1,0
5,121,914,1,0
5,122,927,1,0
5,123,912,1,0
5,124,922,1,0
5,125,854,1,0
5,126,1009,1,0
5,127,903,1,0
5,128,932,1,0
5,129,690,1,0
5,130,689,1,0
5,131,700,1,0
5,132,587,1,0
5,133,825,1,0
5,134,681,1,0
5,135,710,1,0
5,136,1080,1,0
5,137,867,1,0
5,138,1126,1,0
5,139,678,1,0
5,140,602,1,0
5,141,673,1,0
5,142,842,1,0
5,143,743,1,0
5,144,672,1,0
5,145,584,1,0
5,146,670,1,0
5,147,739,1,0
5,148,654,1,0
5,149,1002,1,0
5,150,719,1,0
5,151,653,1,0
5,152,631,1,0
5,153,619,1,0
5,154,729,1,0
5,155,664,1,0
5,156,672,1,0
5,157,635,1,0
5,158,588,1,0
5,159,742,1,0
5,160,683,1,0
5,161,565,1,0
5,162,642,1,0
5,163,727,1,0
5,164,575,1,0
5,165,693,1,0
5,166,1027,1,0
5,167,648,1,0
5,168,740,1,0
5,169,812,1,0
5,170,795,1,0
5,171,663,1,0
5,172,673,1,0
5,173,566,1,0
5,174,618,1,0
5,175,677,1,0
5,176,653,1,0
5,177,741,1,0
5,178,852,1,0
5,179,741,1,0
5,180,1135,1,0
5,181,711,1,0
5,182,792,1,0
5,183,951,1,0
5,184,585,1,0
5,185,628,1,0
5,186,711,1,0
5,187,688,1,0
5,188,933,1,0
5,189,851,1,0
5,190,866,1,0
5,191,673,1,0
5,192,933,1,0
5,193,719,1,0
5,194,766,1,0
5,195,718,1,0
5,196,1745,1,0
5,197,971,1,0
5,198,738,1,0
5,199,1132,1,0
5,200,737,1,0
5,201,740,1,0
5,202,726,1,0
5,203,578,1,0
5,204,866,1,0
5,205,820,1,0
5,206,832,1,0
5,207,759,1,0
5,208,729,1,0
5,209,711,1,0
5,210,633,1,0
5,211,710,1,0
5,212,770,1,0
5,213,743,1,0
5,214,750,1,0
5,215,779,1,0
5,216,861,1,0
5,217,710,1,0
5,218,962,1,0
5,219,839,1,0
5,220,775,1,0
5,221,777,1,0
5,222,818,1,0
5,223,697,1,0
5,224,673,1,0
5,225,601,1,0
5,226,599,1,0
5,227,603,1,0
5,228,595,1,0
5,229,715,1,0
5,230,607,1,0
5,231,585,1,0
5,232,667,1,0
5,233,613,1,0
5,234,607,1,0
5,235,613,1,0
5,236,550,1,0
5,237,618,1,0
5,238,619,1,0
5,239,685,1,0
5,240,618,1,0
5,241,690,1,0
5,242,625,1,0
5,243,634,1,0
5,244,642,1,0
5,245,665,1,0
5,246,549,1,0
5,247,607,1,0
5,248,558,1,0
5,249,931,1,0
5,250,636,1,0
5,251,593,1,0
5,252,695,1,0
5,253,589,1,0
5,254,579,1,0
5,255,614,1,0
5,256,667,1,0
5,257,721,1,0
5,258,1402,1,0
5,259,741,1,0
5,260,643,1,0
5,261,598,1,0
5,262,626,1,0
5,263,585,1,0
5,264,661,1,0
5,265,564,1,0
5,266,641,1,0
5,267,573,1,0
5,268,644,1,0
5,269,811,1,0
5,270,708,1,0
5,271,618,1,0
5,272,654,1,0
5,273,697,1,0
5,274,769,1,0
5,275,801,1,0
5,276,673,1,0
5,277,606,1,0
5,278,696,1,0
5,279,629,1,0
5,280,649,1,0
5,281,622,1,0
5,282,675,1,0
5,283,636,1,0
5,284,580,1,0
5,285,733,1,0
5,286,636,1,0
5,287,628,1,0
5,288,648,1,0
5,289,783,1,0
5,290,656,1,0
5,291,665,1,0
5,292,737,1,0
5,293,649,1,0
5,294,599,1,0
5,295,887,1,0
5,296,810,1,0
5,297,744,1,0
5,298,743,1,0
5,299,1708,1,0
5,300,759,1,0
5,301,754,1,0
5,302,756,1,0
5,303,732,1,0
5,304,1482,1,0
5,305,692,1,0
5,306,972,1,0
5,307,803,1,0
5,308,729,1,0
5,309,1266,1,0
5,310,786,1,0
5,311,1065,1,0
5,312,622,1,0
5,313,671,1,0
5,314,660,1,0
5,315,650,1,0
5,316,539,1,0
5,317,559,1,0
5,318,598,1,0
5,319,980,1,0
5,320,821,1,0
5,321,849,1,0
5,322,745,1,0
5,323,833,1,0
5,324,941,1,0
5,325,652,1,0
5,326,660,1,0
5,327,644,1,0
5,328,647,1,0
5,329,773,1,0
5,330,609,1,0
5,331,604,1,0
5,332,616,1,0
5,333,630,1,0
5,334,636,1,0
5,335,620,1,0
5,336,644,1,0
5,337,630,1,0
5,338,719,1,0
5,339,797,1,0
5,340,794,1,0
5,341,673,1,0
5,342,591,1,0
5,343,727,1,0
5,344,608,1,0
5,345,642,1,0
5,346,709,1,0
5,347,643,1,0
5,348,675,1,0
5,349,728,1,0
5,350,612,1,0
5,351,766,1,0
5,352,631,1,0
5,353,662,1,0
5,354,1001,1,0
5,355,757,1,0
5,356,634,1,0
5,357,833,1,0
5,358,660,1,0
5,359,758,1,0
5,360,632,1,0
5,361,694,1,0
5,362,581,1,0
5,363,682,1,0
5,364,596,1,0
5,365,685,1,0
5,366,576,1,0
5,367,632,1,0
5,368,608,1,0
5,369,737,1,0
5,370,626,1,0
5,371,570,1,0
5,372,601,1,0
5,373,604,1,0
5,374,596,1,0
5,375,593,1,0
5,376,684,1,0
5,377,660,1,0
5,378,731,1,0
5,379,843,1,0
5,380,793,1,0
5,381,983,1,0
5,382,601,1,0
5,383,821,1,0
5,384,682,1,0
5,385,883,1,0
5,386,771,1,0
5,387,1015,1,0
5,388,1369,1,0
5,389,724,1,0
5,390,676,1,0
5,391,787,1,0
5,392,724,1,0
5,393,853,1,0
5,394,725,1,0
5,395,833,1,0
5,396,781,1,0
5,397,764,1,0
5,398,822,1,0
5,399,772,1,0
5,400,759,1,0
5,401,724,1,0
5,402,735,1,0
5,403,698,1,0
5,404,651,1,0
5,405,645,1,0
5,406,586,1,0
5,407,711,1,0
5,408,591,1,0
5,409,651,1,0
5,410,641,1,0
5,411,1013,1,0
5,412,617,1,0
5,413,664,1,0
5,414,632,1,0
5,415,799,1,0
5,416,732,1,0
5,417,661,1,0
5,418,721,1,0
5,419,662,1,0
5,420,630,1,0
5,421,646,1,0
5,422,689,1,0
5,423,723,1,0
5,424,654,1,0
5,425,668,1,0
5,426,681,1,0
5,427,641,1,0
5,428,591,1,0
5,429,641,1,0
5,430,654,1,0
5,431,709,1,0
5,432,614,1,0
5,433,710,1,0
5,434,659,1,0
5,435,667,1,0
5,436,645,1,0
5,437,737,1,0
5,438,632,1,0
5,439,703,1,0
5,440,680,1,0
5,441,678,1,0
5,442,663,1,0
5,443,806,1,0
5,444,687,1,0
5,445,603,1,0
5,446,651,1,0
5,447,613,1,0
5,448,585,1,0
5,449,702,1,0
5,450,628,1,0
5,451,669,1,0
5,452,634,1,0
5,453,603,1,0
5,454,696,1,0
5,455,686,1,0
5,456,1039,1,0
5,457,714,1,0
5,458,705,1,0
5,459,615,1,0
5,460,624,1,0
5,461,616,1,0
5,462,650,1,0
5,463,671,1,0
5,464,1344,1,0
5,465,632,1,0
5,466,645,1,0
5,467,1013,1,0
5,468,630,1,0
5,469,640,1,0
5,470,686,1,0
5,471,634,1,0
5,472,917,1,0
5,473,1323,1,0
5,474,805,1,0
5,475,931,1,0
5,476,913,1,0
5,477,743,1,0
5,478,997,1,0
5,479,1088,1,0
5,480,955,1,0
5,481,1024,1,0
5,482,947,1,0
5,483,1007,1,0
5,484,920,1,0
5,485,715,1,0
5,486,1001,1,0
5,487,967,1,0
5,488,1143,1,0
5,489,734,1,0
5,490,925,1,0
5,491,1053,1,0
5,492,1582,1,0
5,493,1085,1,0
5,494,773,1,0
5,495,696,1,0
5,496,639,1,0
5,497,712,1,0
5,498,799,1,0
5,499,660,1,0
5,500,610,1,0
5,501,638,1,0
5,502,608,1,0
5,503,777,1,0
5,504,693,1,0
5,505,654,1,0
5,506,647,1,0
5,507,646,1,0
5,508,677,1,0
5,509,566,1,0
5,510,657,1,0
5,511,636,1,0
5,512,610,1,0
5,513,791,1,0
5,514,577,1,0
5,515,593,1,0
5,516,605,1,0
5,517,624,1,0
5,518,683,1,0
5,519,711,1,0
5,520,877,1,0
5,521,695,1,0
5,522,624,1,0
5,523,651,1,0
5,524,609,1,0
5,525,828,1,0
5,526,745,1,0
5,527,712,1,0
5,528,625,1,0
5,529,680,1,0
5,530,578,1,0
5,531,649,1,0
5,532,613,1,0
5,533,710,1,0
5,534,634,1,0
5,535,589,1,0
5,536,681,1,0
5,537,663,1,0
5,538,586,1,0
5,539,701,1,0
5,540,609,1,0
5,541,582,1,0
5,542,593,1,0
5,543,669,1,0
5,544,710,1,0
5,545,747,1,0
5,546,620,1,0
5,547,610,1,0
5,548,597,1,0
5,549,732,1,0
5,550,685,1,0
5,551,605,1,0
5,552,658,1,0
5,553,637,1,0
5,554,726,1,0
5,555,963,1,0
5,556,634,1,0
5,557,640,1,0
5,558,669,1,0
5,559,599,1,0
5,560,604,1,0
5,561,890,1,0
5,562,718,1,0
5,563,701,1,0
5,564,838,1,0
5,565,924,1,0
5,566,723,1,0
5,567,747,1,0
5,568,803,1,0
5,569,824,1,0
5,570,1204,1,0
5,571,711,1,0
5,572,973,1,0
5,573,716,1,0
5,574,749,1,0
5,575,1237,1,0
5,576,985,1,0
5,577,1045,1,0
5,578,973,1,0
5,579,858,1,0
5,580,874,1,0
5,581,736,1,0
5,582,634,1,0
5,583,745,1,0
5,584,651,1,0
5,585,882,1,0
5,586,722,1,0
5,587,795,1,0
5,588,783,1,0
5,589,869,1,0
5,590,946,1,0
5,591,1198,1,0
5,592,922,1,0
5,593,671,1,0
5,594,1281,1,0
5,595,776,1,0
5,596,849,1,0
5,597,904,1,0
5,598,564,1,0
5,599,616,1,0
6,0,2210,1,0
6,1,910,1,0
6,2,1403,1,0
6,3,886,1,0
6,4,866,1,0
6,5,831,1,0
6,6,742,1,0
6,7,1114,1,0
6,8,898,1,0
6,9,966,1,0
6,10,1194,1,0
6,11,939,1,0
6,12,902,1,0
6,13,757,1,0
6,14,991,1,0
6,15,1036,1,0
6,16,715,1,0
6,17,692,1,0
6,18,740,1,0
6,19,881,1,0
6,20,615,1,0
6,21,632,1,0
6,22,720,1,0
6,23,685,1,0
6,24,669,1,0
6,25,656,1,0
6,26,642,1,0
6,27,618,1,0
6,28,707,1,0
6,29,782,1,0
6,30,685,1,0
6,31,647,1,0
6,32,580,1,0
6,33,691,1,0
6,34,614,1,0
6,35,669,1,0
6,36,595,1,0
6,37,667,1,0
6,38,617,1,0
6,39,700,1,0
6,40,615,1,0
6,41,706,1,0
6,42,605,1,0
6,43,630,1,0
6,44,641,1,0
6,45,695,1,0
6,46,659,1,0
6,47,600,1,0
6,48,604,1,0
6,49,611,1,0
6,50,796,1,0
6,51,668,1,0
6,52,640,1,0
6,53,694,1,0
6,54,716,1,0
6,55,654,1,0
6,56,626,1,0
6,57,844,1,0
6,58,720,1,0
6,59,605,1,0
6,60,680,1,0
6,61,679,1,0
6,62,621,1,0
6,63,634,1,0
6,64,755,1,0
6,65,599,1,0
6,66,683,1,0
6,67,684,1,0
6,68,740,1,0
6,69,733,1,0
6,70,1556,1,0
6,71,865,1,0
6,72,1394,1,0
6,73,1274,1,0
6,74,1166,1,0
6,75,1261,1,0
6,76,1415,1,0
6,77,743,1,0
6,78,610,1,0
6,79,613,1,0
6,80,606,1,0
6,81,687,1,0
6,82,632,1,0
6,83,713,1,0
6,84,747,1,0
6,85,661,1,0
6,86,756,1,0
6,87,621,1,0
6,88,742,1,0
6,89,746,1,0
6,90,745,1,0
6,91,1007,1,0
6,92,816,1,0
6,93,656,1,0
6,94,730,1,0
6,95,716,1,0
6,96,790,1,0
6,97,798,1,0
6,98,710,1,0
6,99,643,1,0
6,100,625,1,0
6,101,816,1,0
6,102,632,1,0
6,103,641,1,0
6,104,655,1,0
6,105,755,1,0
6,106,599,1,0
6,107,653,1,0
6,108,660,1,0
6,109,632,1,0
6,110,695,1,0
6,111,645,1,0
6,112,719,1,0
6,113,696,1,0
6,114,673,1,0
6,115,637,1,0
6,116,674,1,0
6,117,676,1,0
6,118,626,1,0
6,119,608,1,0
6,120,762,1,0
6,121,661,1,0
6,122,683,1,0
6,123,692,1,0
6,124,671,1,0
6,125,670,1,0
6,126,608,1,0
6,127,857,1,0
6,128,713,1,0
6,129,873,1,0
6,130,629,1,0
6,131,660,1,0
6,132,753,1,0
6,133,668,1,0
6,134,675,1,0
6,135,639,1,0
6,136,756,1,0
6,137,683,1,0
6,138,712,1,0
6,139,735,1,0
6,140,606,1,0
6,141,750,1,0
6,142,682,1,0
6,143,805,1,0
6,144,685,1,0
6,145,708,1,0
6,146,645,1,0
6,147,835,1,0
6,148,615,1,0
6,149,994,1,0
6,150,1074,1,0
6,151,723,1,0
6,152,709,1,0
6,153,692,1,0
6,154,725,1,0
6,155,652,1,0
6,156,670,1,0
6,157,612,1,0
6,158,667,1,0
6,159,822,1,0
6,160,675,1,0
6,161,862,1,0
6,162,717,1,0
6,163,674,1,0
6,164,718,1,0
6,165,1070,1,0
6,166,882,1,0
6,167,605,1,0
6,168,712,1,0
6,169,1296,1,0
6,170,864,1,0
6,171,789,1,0
6,172,717,1,0
6,173,950,1,0
6,174,793,1,0
6,175,663,1,0
6,176,929,1,0
6,177,760,1,0
6,178,783,1,0
6,179,935,1,0
6,180,734,1,0
6,181,1220,1,0
6,182,1145,1,0
6,183,737,1,0
6,184,727,1,0
6,185,770,1,0
6,186,697,1,0
6,187,940,1,0
6,188,1009,1,0
6,189,764,1,0
6,190,941,1,0
6,191,693,1,0
6,192,623,1,0
6,193,586,1,0
6,194,755,1,0
6,195,603,1,0
6,196,848,1,0
6,197,900,1,0
6,198,841,1,0
6,199,647,1,0
6,200,633,1,0
6,201,689,1,0
6,202,599,1,0
6,203,575,1,0
6,204,863,1,0
6,205,784,1,0
6,206,663,1,0
6,207,617,1,0
6,208,635,1,0
6,209,589,1,0
6,210,633,1,0
6,211,601,1,0
6,212,593,1,0
6,213,647,1,0
6,214,629,1,0
6,215,635,1,0
6,216,646,1,0
6,217,602,1,0
6,218,568,1,0
6,219,657,1,0
6,220,639,1,0
6,221,648,1,0
6,222,600,1,0
6,223,538,1,0
6,224,602,1,0
6,225,546,1,0
6,226,662,1,0
6,227,606,1,0
6,228,610,1,0
6,229,747,1,0
6,230,627,1,0
6,231,720,1,0
6,232,603,1,0
6,233,590,1,0
6,234,637,1,0
6,235,666,1,0
6,236,606,1,0
6,237,649,1,0
6,238,576,1,0
6,239,686,1,0
6,240,608,1,0
6,241,654,1,0
6,242,585,1,0
6,243,682,1,0
6,244,710,1,0
6,245,604,1,0
6,246,667,1,0
6,247,768,1,0
6,248,721,1,0
6,249,677,1,0
6,250,665,1,0
6,251,688,1,0
6,252,669,1,0
6,253,661,1,0
6,254,661,1,0
6,255,655,1,0
6,256,838,1,0
6,257,692,1,0
6,258,608,1,0
6,259,1040,1,0
6,260,630,1,0
6,261,627,1,0
6,262,793,1,0
6,263,616,1,0
6,264,947,1,0
6,265,1128,1,0
6,266,989,1,0
6,267,638,1,0
6,268,726,1,0
6,269,1086,1,0
6,270,785,1,0
6,271,739,1,0
6,272,665,1,0
6,273,648,1,0
6,274,673,1,0
6,275,717,1,0
6,276,772,1,0
6,277,869,1,0
6,278,810,1,0
6,279,940,1,0
6,280,791,1,0
6,281,904,1,0
6,282,656,1,0
6,283,755,1,0
6,284,645,1,0
6,285,763,1,0
6,286,600,1,0
6,287,597,1,0
6,288,592,1,0
6,289,884,1,0
6,290,646,1,0
6,291,583,1,0
6,292,632,1,0
6,293,591,1,0
6,294,661,1,0
6,295,694,1,0
6,296,586,1,0
6,297,682,1,0
6,298,554,1,0
6,299,1046,1,0
6,300,604,1,0
6,301,584,1,0
6,302,594,1,0
6,303,746,1,0
6,304,610,1,0
6,305,630,1,0
6,306,650,1,0
6,307,635,1,0
6,308,619,1,0
6,309,975,1,0
6,310,583,1,0
6,311,582,1,0
6,312,655,1,0
6,313,710,1,0
6,314,696,1,0
6,315,610,1,0
6,316,548,1,0
6,317,657,1,0
6,318,662,1,0
6,319,713,1,0
6,320,638,1,0
6,321,654,1,0
6,322,702,1,0
6,323,695,1,0
6,324,647,1,0
6,325,600,1,0
6,326,652,1,0
6,327,682,1,0
6,328,661,1,0
6,329,766,1,0
6,330,739,1,0
6,331,677,1,0
6,332,684,1,0
6,333,743,1,0
6,334,645,1,0
6,335,614,1,0
6,336,612,1,0
6,337,646,1,0
6,338,576,1,0
6,339,992,1,0
6,340,662,1,0
6,341,871,1,0
6,342,695,1,0
6,343,1396,1,0
6,344,645,1,0
6,345,648,1,0
6,346,632,1,0
6,347,603,1,0
6,348,693,1,0
6,349,1156,1,0
6,350,667,1,0
6,351,774,1,0
6,352,881,1,0
6,353,764,1,0
6,354,946,1,0
6,355,891,1,0
6,356,997,1,0
6,357,943,1,0
6,358,661,1,0
6,359,1261,1,0
6,360,768,1,0
6,361,971,1,0
6,362,842,1,0
6,363,798,1,0
6,364,759,1,0
6,365,701,1,0
6,366,702,1,0
6,367,745,1,0
6,368,837,1,0
6,369,998,1,0
6,370,821,1,0
6,371,713,1,0
6,372,739,1,0
6,373,705,1,0
6,374,737,1,0
6,375,687,1,0
6,376,648,1,0
6,377,665,1,0
6,378,650,1,0
6,379,768,1,0
6,380,640,1,0
6,381,864,1,0
6,382,639,1,0
6,383,613,1,0
6,384,705,1,0
6,385,643,1,0
6,386,601,1,0
6,387,880,1,0
6,388,791,1,0
6,389,1066,1,0
6,390,646,1,0
6,391,735,1,0
6,392,618,1,0
6,393,600,1,0
6,394,558,1,0
6,395,658,1,0
6,396,606,1,0
6,397,558,1,0
6,398,626,1,0
6,399,604,1,0
6,400,570,1,0
6,401,703,1,0
6,402,673,1,0
6,403,630,1,0
6,404,705,1,0
6,405,700,1,0
6,406,602,1,0
6,407,708,1,0
6,408,718,1,0
6,409,758,1,0
6,410,648,1,0
6,411,670,1,0
6,412,590,1,0
6,413,736,1,0
6,414,643,1,0
6,415,646,1,0
6,416,890,1,0
6,417,695,1,0
6,418,683,1,0
6,419,643,1,0
6,420,669,1,0
6,421,612,1,0
6,422,623,1,0
6,423,668,1,0
6,424,786,1,0
6,425,731,1,0
6,426,748,1,0
6,427,602,1,0
6,428,583,1,0
6,429,801,1,0
6,430,633,1,0
6,431,647,1,0
6,432,613,1,0
6,433,686,1,0
6,434,669,1,0
6,435,647,1,0
6,436,622,1,0
6,437,670,1,0
6,438,690,1,0
6,439,951,1,0
6,440,647,1,0
6,441,853,1,0
6,442,799,1,0
6,443,1401,1,0
6,444,1049,1,0
6,445,854,1,0
6,446,704,1,0
6,447,974,1,0
6,448,975,1,0
6,449,1145,1,0
6,450,828,1,0
6,451,833,1,0
6,452,692,1,0
6,453,953,1,0
6,454,814,1,0
6,455,788,1,0
6,456,1112,1,0
6,457,978,1,0
6,458,736,1,0
6,459,803,1,0
6,460,692,1,0
6,461,901,1,0
6,462,734,1,0
6,463,753,1,0
6,464,989,1,0
6,465,837,1,0
6,466,682,1,0
6,467,1005,1,0
6,468,1140,1,0
6,469,951,1,0
6,470,742,1,0
6,471,639,1,0
6,472,733,1,0
6,473,653,1,0
6,474,644,1,0
6,475,649,1,0
6,476,635,1,0
6,477,613,1,0
6,478,615,1,0
6,479,588,1,0
6,480,638,1,0
6,481,620,1,0
6,482,638,1,0
6,483,561,1,0
6,484,590,1,0
6,485,629,1,0
6,486,754,1,0
6,487,708,1,0
6,488,735,1,0
6,489,705,1,0
6,490,741,1,0
6,491,763,1,0
6,492,774,1,0
6,493,577,1,0
6,494,646,1,0
6,495,656,1,0
6,496,686,1,0
6,497,705,1,0
6,498,651,1,0
6,499,608,1,0
6,500,682,1,0
6,501,671,1,0
6,502,733,1,0
6,503,659,1,0
6,504,682,1,0
6,505,650,1,0
6,506,668,1,0
6,507,633,1,0
6,508,672,1,0
6,509,640,1,0
6,510,801,1,0
6,511,636,1,0
6,512,765,1,0
6,513,820,1,0
6,514,806,1,0
6,515,742,1,0
6,516,656,1,0
6,517,679,1,0
6,518,734,1,0
6,519,646,1,0
6,520,680,1,0
6,521,1105,1,0
6,522,686,1,0
6,523,739,1,0
6,524,721,1,0
6,525,628,1,0
6,526,684,1,0
6,527,658,1,0
6,528,705,1,0
6,529,691,1,0
6,530,695,1,0
6,531,686,1,0
6,532,648,1,0
6,533,791,1,0
6,534,676,1,0
6,535,618,1,0
6,536,685,1,0
6,537,612,1,0
6,538,1310,1,0
6,539,863,1,0
6,540,957,1,0
6,541,990,1,0
6,542,915,1,0
6,543,804,1,0
6,544,997,1,0
6,545,1057,1,0
6,546,922,1,0
6,547,1153,1,0
6,548,1012,1,0
6,549,902,1,0
6,550,859,1,0
6,551,938,1,0
6,552,1018,1,0
6,553,881,1,0
6,554,947,1,0
6,555,1052,1,0
6,556,823,1,0
6,557,706,1,0
6,558,713,1,0
6,559,798,1,0
6,560,789,1,0
6,561,1270,1,0
6,562,794,1,0
6,563,673,1,0
6,564,906,1,0
6,565,664,1,0
6,566,729,1,0
6,567,697,1,0
6,568,570,1,0
6,569,605,1,0
6,570,616,1,0
6,571,667,1,0
6,572,631,1,0
6,573,654,1,0
6,574,634,1,0
6,575,588,1,0
6,576,617,1,0
6,577,766,1,0
6,578,626,1,0
6,579,561,1,0
6,580,618,1,0
6,581,668,1,0
6,582,601,1,0
6,583,730,1,0
6,584,582,1,0
6,585,606,1,0
6,586,669,1,0
6,587,647,1,0
6,588,1193,1,0
6,589,620,1,0
6,590,639,1,0
6,591,602,1,0
6,592,669,1,0
6,593,607,1,0
6,594,672,1,0
6,595,672,1,0
6,596,689,1,0
6,597,691,1,0
6,598,653,1,0
6,599,584,1,0
7,0,1961,1,0
7,1,667,1,0
7,2,624,1,0
7,3,679,1,0
7,4,641,1,0
7,5,645,1,0
7,6,675,1,0
7,7,779,1,0
7,8,735,1,0
7,9,633,1,0
7,10,695,1,0
7,11,618,1,0
7,12,600,1,0
7,13,598,1,0
7,14,775,1,0
7,15,664,1,0
7,16,596,1,0
7,17,575,1,0
7,18,677,1,0
7,19,664,1,0
7,20,612,1,0
7,21,698,1,0
7,22,677,1,0
7,23,702,1,0
7,24,680,1,0
7,25,695,1,0
7,26,809,1,0
7,27,605,1,0
7,28,686,1,0
7,29,737,1,0
7,30,607,1,0
7,31,718,1,0
7,32,754,1,0
7,33,618,1,0
7,34,614,1,0
7,35,662,1,0
7,36,597,1,0
7,37,699,1,0
7,38,598,1,0
7,39,619,1,0
7,40,582,1,0
7,41,591,1,0
7,42,906,1,0
7,43,609,1,0
7,44,720,1,0
7,45,664,1,0
7,46,656,1,0
7,47,708,1,0
7,48,607,1,0
7,49,606,1,0
7,50,732,1,0
7,51,620,1,0
7,52,604,1,0
7,53,861,1,0
7,54,707,1,0
7,55,719,1,0
7,56,737,1,0
7,57,908,1,0
7,58,858,1,0
7,59,811,1,0
7,60,715,1,0
7,61,743,1,0
7,62,712,1,0
7,63,712,1,0
7,64,631,1,0
7,65,629,1,0
7,66,568,1,0
7,67,579,1,0
7,68,718,1,0
7,69,903,1,0
7,70,801,1,0
7,71,672,1,0
7,72,661,1,0
7,73,704,1,0
7,74,621,1,0
7,75,719,1,0
7,76,895,1,0
7,77,598,1,0
7,78,622,1,0
7,79,601,1,0
7,80,657,1,0
7,81,723,1,0
7,82,669,1,0
7,83,683,1,0
7,84,697,1,0
7,85,640,1,0
7,86,625,1,0
7,87,628,1,0
7,88,613,1,0
7,89,735,1,0
7,90,564,1,0
7,91,712,1,0
7,92,582,1,0
7,93,796,1,0
7,94,650,1,0
7,95,633,1,0
7,96,719,1,0
7,97,702,1,0
7,98,736,1,0
7,99,599,1,0
7,100,868,1,0
7,101,643,1,0
7,102,612,1,0
7,103,705,1,0
7,104,670,1,0
7,105,654,1,0
7,106,669,1,0
7,107,589,1,0
7,108,657,1,0
7,109,642,1,0
7,110,641,1,0
7,111,628,1,0
7,112,686,1,0
7,113,629,1,0
7,114,600,1,0
7,115,740,1,0
7,116,709,1,0
7,117,850,1,0
7,118,627,1,0
7,119,661,1,0
7,120,709,1,0
7,121,641,1,0
7,122,583,1,0
7,123,794,1,0
7,124,769,1,0
7,125,921,1,0
7,126,971,1,0
7,127,1462,1,0
7,128,909,1,0
7,129,682,1,0
7,130,733,1,0
7,131,783,1,0
7,132,975,1,0
7,133,958,1,0
7,134,1005,1,0
7,135,679,1,0
7,136,1219,1,0
7,137,1123,1,0
7,138,1145,1,0
7,139,1017,1,0
7,140,722,1,0
7,141,1030,1,0
7,142,875,1,0
7,143,8898,1,0
7,144,828,1,0
7,145,953,1,0
7,146,923,1,0
7,147,1040,1,0
7,148,763,1,0
7,149,1156,1,0
7,150,760,1,0
7,151,750,1,0
7,152,700,1,0
7,153,773,1,0
7,154,684,1,0
7,155,1182,1,0
7,156,612,1,0
7,157,647,1,0
7,158,582,1,0
7,159,822,1,0
7,160,630,1,0
7,161,662,1,0
7,162,638,1,0
7,163,607,1,0
7,164,738,1,0
7,165,636,1,0
7,166,698,1,0
7,167,662,1,0
7,168,657,1,0
7,169,678,1,0
7,170,634,1,0
7,171,671,1,0
7,172,643,1,0
7,173,576,1,0
7,174,621,1,0
7,175,626,1,0
7,176,573,1,0
7,177,634,1,0
7,178,616,1,0
7,179,613,1,0
7,180,727,1,0
7,181,623,1,0
7,182,624,1,0
7,183,677,1,0
7,184,698,1,0
7,185,645,1,0
7,186,747,1,0
7,187,714,1,0
7,188,732,1,0
7,189,572,1,0
7,190,687,1,0
7,191,620,1,0
7,192,578,1,0
7,193,664,1,0
7,194,591,1,0
7,195,633,1,0
7,196,746,1,0
7,197,714,1,0
7,198,962,1,0
7,199,787,1,0
7,200,709,1,0
7,201,697,1,0
7,202,771,1,0
7,203,664,1,0
7,204,667,1,0
7,205,580,1,0
7,206,647,1,0
7,207,715,1,0
7,208,625,1,0
7,209,741,1,0
7,210,673,1,0
7,211,674,1,0
7,212,673,1,0
7,213,704,1,0
7,214,705,1,0
7,215,640,1,0
7,216,575,1,0
7,217,563,1,0
7,218,595,1,0
7,219,983,1,0
7,220,734,1,0
7,221,634,1,0
7,222,577,1,0
7,223,637,1,0
7,224,714,1,0
7,225,602,1,0
7,226,674,1,0
7,227,623,1,0
7,228,890,1,0
7,229,780,1,0
7,230,700,1,0
7,231,961,1,0
7,232,608,1,0
7,233,632,1,0
7,234,848,1,0
7,235,668,1,0
7,236,849,1,0
7,237,706,1,0
7,238,720,1,0
7,239,948,1,0
7,240,920,1,0
7,241,922,1,0
7,242,706,1,0
7,243,1107,1,0
7,244,759,1,0
7,245,657,1,0
7,246,564,1,0
7,247,600,1,0
7,248,592,1,0
7,249,643,1,0
7,250,661,1,0
7,251,568,1,0
7,252,720,1,0
7,253,724,1,0
7,254,614,1,0
7,255,580,1,0
7,256,626,1,0
7,257,594,1,0
7,258,652,1,0
7,259,830,1,0
7,260,643,1,0
7,261,628,1,0
7,262,637,1,0
7,263,632,1,0
7,264,640,1,0
7,265,786,1,0
7,266,644,1,0
7,267,597,1,0
7,268,656,1,0
7,269,849,1,0
7,270,618,1,0
7,271,695,1,0
7,272,635,1,0
7,273,587,1,0
7,274,563,1,0
7,275,707,1,0
7,276,605,1,0
7,277,593,1,0
7,278,601,1,0
7,279,713,1,0
7,280,685,1,0
7,281,640,1,0
7,282,601,1,0
7,283,570,1,0
7,284,579,1,0
7,285,618,1,0
7,286,599,1,0
7,287,581,1,0
7,288,591,1,0
7,289,672,1,0
7,290,654,1,0
7,291,628,1,0
7,292,775,1,0
7,293,600,1,0
7,294,785,1,0
7,295,666,1,0
7,296,611,1,0
7,297,736,1,0
7,298,690,1,0
7,299,1398,1,0
7,300,554,1,0
7,301,641,1,0
7,302,640,1,0
7,303,651,1,0
7,304,691,1,0
7,305,574,1,0
7,306,685,1,0
7,307,600,1,0
7,308,685,1,0
7,309,863,1,0
7,310,657,1,0
7,311,860,1,0
7,312,649,1,0
7,313,671,1,0
7,314,648,1,0
7,315,584,1,0
7,316,605,1,0
7,317,598,1,0
7,318,586,1,0
7,319,1032,1,0
7,320,864,1,0
7,321,730,1,0
7,322,811,1,0
7,323,808,1,0
7,324,876,1,0
7,325,768,1,0
7,326,855,1,0
7,327,929,1,0
7,328,739,1,0
7,329,1097,1,0
7,330,660,1,0
7,331,816,1,0
7,332,665,1,0
7,333,662,1,0
7,334,749,1,0
7,335,617,1,0
7,336,630,1,0
7,337,942,1,0
7,338,725,1,0
7,339,736,1,0
7,340,724,1,0
7,341,925,1,0
7,342,593,1,0
7,343,662,1,0
7,344,686,1,0
7,345,578,1,0
7,346,565,1,0
7,347,664,1,0
7,348,634,1,0
7,349,726,1,0
7,350,644,1,0
7,351,647,1,0
7,352,627,1,0
7,353,611,1,0
7,354,662,1,0
7,355,698,1,0
7,356,598,1,0
7,357,679,1,0
7,358,628,1,0
7,359,615,1,0
7,360,583,1,0
7,361,669,1,0
7,362,637,1,0
7,363,615,1,0
7,364,695,1,0
7,365,652,1,0
7,366,698,1,0
7,367,588,1,0
7,368,617,1,0
7,369,961,1,0
7,370,600,1,0
7,371,643,1,0
7,372,602,1,0
7,373,642,1,0
7,374,595,1,0
7,375,568,1,0
7,376,618,1,0
7,377,654,1,0
7,378,639,1,0
7,379,852,1,0
7,380,673,1,0
7,381,781,1,0
7,382,628,1,0
7,383,569,1,0
7,384,653,1,0
7,385,672,1,0
7,386,651,1,0
7,387,1100,1,0
7,388,993,1,0
7,389,657,1,0
7,390,777,1,0
7,391,1021,1,0
7,392,669,1,0
7,393,669,1,0
7,394,640,1,0
7,395,651,1,0
7,396,585,1,0
7,397,680,1,0
7,398,674,1,0
7,399,701,1,0
7,400,587,1,0
7,401,627,1,0
7,402,594,1,0
7,403,701,1,0
7,404,672,1,0
7,405,669,1,0
7,406,601,1,0
7,407,1105,1,0
7,408,652,1,0
7,409,752,1,0
7,410,934,1,0
7,411,737,1,0
7,412,892,1,0
7,413,985,1,0
7,414,802,1,0
7,415,981,1,0
7,416,830,1,0
7,417,886,1,0
7,418,798,1,0
7,419,861,1,0
7,420,1032,1,0
7,421,1010,1,0
7,422,873,1,0
7,423,758,1,0
7,424,741,1,0
7,425,748,1,0
7,426,1197,1,0
7,427,773,1,0
7,428,858,1,0
7,429,748,1,0
7,430,764,1,0
7,431,722,1,0
7,432,638,1,0
7,433,649,1,0
7,434,574,1,0
7,435,626,1,0
7,436,655,1,0
7,437,587,1,0
7,438,630,1,0
7,439,695,1,0
7,440,787,1,0
7,441,883,1,0
7,442,709,1,0
7,443,665,1,0
7,444,695,1,0
7,445,764,1,0
7,446,712,1,0
7,447,697,1,0
7,448,706,1,0
7,449,654,1,0
7,450,612,1,0
7,451,659,1,0
7,452,602,1,0
7,453,648,1,0
7,454,607,1,0
7,455,630,1,0
7,456,616,1,0
7,457,610,1,0
7,458,622,1,0
7,459,690,1,0
7,460,620,1,0
7,461,873,1,0
7,462,750,1,0
7,463,684,1,0
7,464,650,1,0
7,465,658,1,0
7,466,607,1,0
7,467,661,1,0
7,468,619,1,0
7,469,601,1,0
7,470,675,1,0
7,471,638,1,0
7,472,794,1,0
7,473,619,1,0
7,474,733,1,0
7,475,586,1,0
7,476,584,1,0
7,477,659,1,0
7,478,606,1,0
7,479,706,1,0
7,480,646,1,0
7,481,623,1,0
7,482,908,1,0
7,483,545,1,0
7,484,724,1,0
7,485,667,1,0
7,486,756,1,0
7,487,806,1,0
7,488,881,1,0
7,489,644,1,0
7,490,825,1,0
7,491,725,1,0
7,492,743,1,0
7,493,598,1,0
7,494,671,1,0
7,495,632,1,0
7,496,604,1,0
7,497,620,1,0
7,498,657,1,0
7,499,612,1,0
7,500,639,1,0
7,501,620,1,0
7,502,716,1,0
7,503,656,1,0
7,504,687,1,0
7,505,677,1,0
7,506,638,1,0
7,507,756,1,0
7,508,663,1,0
7,509,608,1,0
7,510,656,1,0
7,511,624,1,0
7,512,748,1,0
7,513,1030,1,0
7,514,1005,1,0
7,515,693,1,0
7,516,653,1,0
7,517,899,1,0
7,518,1096,1,0
7,519,754,1,0
7,520,1238,1,0
7,521,912,1,0
7,522,787,1,0
7,523,1000,1,0
7,524,1142,1,0
7,525,606,1,0
7,526,812,1,0
7,527,690,1,0
7,528,608,1,0
7,529,634,1,0
7,530,617,1,0
7,531,809,1,0
7,532,638,1,0
7,533,1222,1,0
7,534,875,1,0
7,535,699,1,0
7,536,643,1,0
7,537,657,1,0
7,538,753,1,0
7,539,624,1,0
7,540,607,1,0
7,541,684,1,0
7,542,676,1,0
7,543,578,1,0
7,544,804,1,0
7,545,629,1,0
7,546,523,1,0
7,547,663,1,0
7,548,620,1,0
7,549,660,1,0
7,550,745,1,0
7,551,605,1,0
7,552,598,1,0
7,553,682,1,0
7,554,599,1,0
7,555,638,1,0
7,556,664,1,0
7,557,622,1,0
7,558,635,1,0
7,559,601,1,0
7,560,593,1,0
7,561,1627,1,0
7,562,648,1,0
7,563,598,1,0
7,564,666,1,0
7,565,646,1,0
7,566,664,1,0
7,567,699,1,0
7,568,619,1,0
7,569,620,1,0
7,570,703,1,0
7,571,789,1,0
7,572,706,1,0
7,573,657,1,0
7,574,644,1,0
7,575,663,1,0
7,576,582,1,0
7,577,631,1,0
7,578,598,1,0
7,579,669,1,0
7,580,848,1,0
7,581,584,1,0
7,582,630,1,0
7,583,729,1,0
7,584,720,1,0
7,585,809,1,0
7,586,584,1,0
7,587,638,1,0
7,588,963,1,0
7,589,676,1,0
7,590,718,1,0
7,591,708,1,0
7,592,577,1,0
7,593,690,1,0
7,594,1197,1,0
7,595,884,1,0
7,596,1060,1,0
7,597,1140,1,0
7,598,1041,1,0
7,599,1080,1,0
8,0,2278,1,0
8,1,895,1,0
8,2,1483,1,0
8,3,691,1,0
8,4,992,1,0
8,5,1237,1,0
8,6,981,1,0
8,7,989,1,0
8,8,838,1,0
8,9,1102,1,0
8,10,1253,1,0
8,11,839,1,0
8,12,1005,1,0
8,13,877,1,0
8,14,1098,1,0
8,15,833,1,0
8,16,730,1,0
8,17,734,1,0
8,18,812,1,0
8,19,810,1,0
8,20,1031,1,0
8,21,878,1,0
8,22,751,1,0
8,23,778,1,0
8,24,1260,1,0
8,25,683,1,0
8,26,723,1,0
8,27,800,1,0
8,28,717,1,0
8,29,732,1,0
8,30,596,1,0
8,31,598,1,0
8,32,618,1,0
8,33,616,1,0
8,34,569,1,0
8,35,641,1,0
8,36,671,1,0
8,37,606,1,0
8,38,617,1,0
8,39,780,1,0
8,40,627,1,0
8,41,581,1,0
8,42,605,1,0
8,43,586,1,0
8,44,614,1,0
8,45,647,1,0
8,46,608,1,0
8,47,603,1,0
8,48,627,1,0
8,49,630,1,0
8,50,805,1,0
8,51,675,1,0
8,52,685,1,0
8,53,572,1,0
8,54,834,1,0
8,55,647,1,0
8,56,615,1,0
8,57,963,1,0
8,58,678,1,0
8,59,645,1,0
8,60,734,1,0
8,61,602,1,0
8,62,652,1,0
8,63,631,1,0
8,64,592,1,0
8,65,657,1,0
8,66,684,1,0
8,67,664,1,0
8,68,668,1,0
8,69,873,1,0
8,70,1096,1,0
8,71,1428,1,0
8,72,1482,1,0
8,73,816,1,0
8,74,764,1,0
8,75,1079,1,0
8,76,687,1,0
8,77,631,1,0
8,78,689,1,0
8,79,628,1,0
8,80,750,1,0
8,81,686,1,0
8,82,673,1,0
8,83,664,1,0
8,84,655,1,0
8,85,576,1,0
8,86,918,1,0
8,87,658,1,0
8,88,609,1,0
8,89,630,1,0
8,90,651,1,0
8,91,635,1,0
8,92,578,1,0
8,93,748,1,0
8,94,649,1,0
8,95,633,1,0
8,96,641,1,0
8,97,704,1,0
8,98,785,1,0
8,99,671,1,0
8,100,927,1,0
8,101,692,1,0
8,102,779,1,0
8,103,819,1,0
8,104,748,1,0
8,105,930,1,0
8,106,950,1,0
8,107,747,1,0
8,108,752,1,0
8,109,727,1,0
8,110,842,1,0
8,111,900,1,0
8,112,730,1,0
8,113,618,1,0
8,114,655,1,0
8,115,582,1,0
8,116,982,1,0
8,117,867,1,0
8,118,913,1,0
8,119,723,1,0
8,120,777,1,0
8,121,651,1,0
8,122,828,1,0
8,123,630,1,0
8,124,786,1,0
8,125,594,1,0
8,126,629,1,0
8,127,659,1,0
8,128,719,1,0
8,129,598,1,0
8,130,667,1,0
8,131,736,1,0
8,132,641,1,0
8,133,623,1,0
8,134,637,1,0
8,135,640,1,0
8,136,628,1,0
8,137,599,1,0
8,138,608,1,0
8,139,627,1,0
8,140,588,1,0
8,141,779,1,0
8,142,618,1,0
8,143,607,1,0
8,144,705,1,0
8,145,683,1,0
8,146,735,1,0
8,147,977,1,0
8,148,632,1,0
8,149,1273,1,0
8,150,733,1,0
8,151,670,1,0
8,152,624,1,0
8,153,624,1,0
8,154,708,1,0
8,155,715,1,0
8,156,638,1,0
8,157,637,1,0
8,158,850,1,0
8,159,1236,1,0
8,160,803,1,0
8,161,630,1,0
8,162,692,1,0
8,163,622,1,0
8,164,631,1,0
8,165,793,1,0
8,166,676,1,0
8,167,601,1,0
8,168,793,1,0
8,169,862,1,0
8,170,627,1,0
8,171,834,1,0
8,172,842,1,0
8,173,655,1,0
8,174,733,1,0
8,175,665,1,0
8,176,881,1,0
8,177,701,1,0
8,178,1251,1,0
8,179,1243,1,0
8,180,1138,1,0
8,181,1068,1,0
8,182,838,1,0
8,183,1018,1,0
8,184,912,1,0
8,185,902,1,0
8,186,941,1,0
8,187,853,1,0
8,188,778,1,0
8,189,754,1,0
8,190,679,1,0
8,191,699,1,0
8,192,706,1,0
8,193,817,1,0
8,194,747,1,0
8,195,1018,1,0
8,196,717,1,0
8,197,874,1,0
8,198,848,1,0
8,199,949,1,0
8,200,807,1,0
8,201,802,1,0
8,202,659,1,0
8,203,591,1,0
8,204,604,1,0
8,205,615,1,0
8,206,664,1,0
8,207,616,1,0
8,208,587,1,0
8,209,665,1,0
8,210,752,1,0
8,211,801,1,0
8,212,598,1,0
8,213,677,1,0
8,214,596,1,0
8,215,581,1,0
8,216,581,1,0
8,217,575,1,0
8,218,622,1,0
8,219,572,1,0
8,220,516,1,0
8,221,601,1,0
8,222,628,1,0
8,223,594,1,0
8,224,600,1,0
8,225,645,1,0
8,226,605,1,0
8,227,570,1,0
8,228,678,1,0
8,229,752,1,0
8,230,644,1,0
8,231,617,1,0
8,232,622,1,0
8,233,635,1,0
8,234,573,1,0
8,235,611,1,0
8,236,647,1,0
8,237,566,1,0
8,238,603,1,0
8,239,571,1,0
8,240,611,1,0
8,241,817,1,0
8,242,624,1,0
8,243,624,1,0
8,244,641,1,0
8,245,634,1,0
8,246,606,1,0
8,247,575,1,0
8,248,544,1,0
8,249,692,1,0
8,250,670,1,0
8,251,608,1,0
8,252,830,1,0
8,253,697,1,0
8,254,604,1,0
8,255,570,1,0
8,256,686,1,0
8,257,641,1,0
8,258,689,1,0
8,259,1016,1,0
8,260,622,1,0
8,261,669,1,0
8,262,685,1,0
8,263,604,1,0
8,264,681,1,0
8,265,691,1,0
8,266,929,1,0
8,267,780,1,0
8,268,593,1,0
8,269,637,1,0
8,270,807,1,0
8,271,599,1,0
8,272,593,1,0
8,273,670,1,0
8,274,646,1,0
8,275,614,1,0
8,276,676,1,0
8,277,857,1,0
8,278,688,1,0
8,279,684,1,0
8,280,625,1,0
8,281,713,1,0
8,282,588,1,0
8,283,641,1,0
8,284,614,1,0
8,285,754,1,0
8,286,998,1,0
8,287,657,1,0
8,288,621,1,0
8,289,1110,1,0
8,290,690,1,0
8,291,713,1,0
8,292,987,1,0
8,293,618,1,0
8,294,652,1,0
8,295,692,1,0
8,296,604,1,0
8,297,666,1,0
8,298,595,1,0
8,299,919,1,0
8,300,846,1,0
8,301,662,1,0
8,302,575,1,0
8,303,819,1,0
8,304,588,1,0
8,305,641,1,0
8,306,584,1,0
8,307,653,1,0
8,308,574,1,0
8,309,883,1,0
8,310,627,1,0
8,311,749,1,0
8,312,631,1,0
8,313,601,1,0
8,314,620,1,0
8,315,619,1,0
8,316,629,1,0
8,317,586,1,0
8,318,586,1,0
8,319,704,1,0
8,320,756,1,0
8,321,632,1,0
8,322,591,1,0
8,323,693,1,0
8,324,641,1,0
8,325,596,1,0
8,326,716,1,0
8,327,697,1,0
8,328,624,1,0
8,329,869,1,0
8,330,618,1,0
8,331,697,1,0
8,332,632,1,0
8,333,657,1,0
8,334,669,1,0
8,335,648,1,0
8,336,597,1,0
8,337,648,1,0
8,338,642,1,0
8,339,1249,1,0
8,340,719,1,0
8,341,641,1,0
8,342,671,1,0
8,343,609,1,0
8,344,601,1,0
8,345,598,1,0
8,346,586,1,0
8,347,698,1,0
8,348,620,1,0
8,349,1067,1,0
8,350,730,1,0
8,351,1017,1,0
8,352,746,1,0
8,353,817,1,0
8,354,659,1,0
8,355,682,1,0
8,356,589,1,0
8,357,800,1,0
8,358,595,1,0
8,359,998,1,0
8,360,744,1,0
8,361,667,1,0
8,362,797,1,0
8,363,642,1,0
8,364,978,1,0
8,365,874,1,0
8,366,979,1,0
8,367,1025,1,0
8,368,996,1,0
8,369,1339,1,0
8,370,963,1,0
8,371,813,1,0
8,372,783,1,0
8,373,781,1,0
8,374,863,1,0
8,375,853,1,0
8,376,756,1,0
8,377,744,1,0
8,378,713,1,0
8,379,822,1,0
8,380,653,1,0
8,381,1203,1,0
8,382,745,1,0
8,383,667,1,0
8,384,903,1,0
8,385,938,1,0
8,386,785,1,0
8,387,1842,1,0
8,388,1536,1,0
8,389,755,1,0
8,390,686,1,0
8,391,933,1,0
8,392,586,1,0
8,393,600,1,0
8,394,592,1,0
8,395,598,1,0
8,396,820,1,0
8,397,632,1,0
8,398,560,1,0
8,399,651,1,0
8,400,633,1,0
8,401,802,1,0
8,402,619,1,0
8,403,603,1,0
8,404,607,1,0
8,405,637,1,0
8,406,581,1,0
8,407,668,1,0
8,408,630,1,0
8,409,670,1,0
8,410,671,1,0
8,411,659,1,0
8,412,680,1,0
8,413,609,1,0
8,414,604,1,0
8,415,694,1,0
8,416,600,1,0
8,417,664,1,0
8,418,833,1,0
8,419,653,1,0
8,420,628,1,0
8,421,724,1,0
8,422,657,1,0
8,423,609,1,0
8,424,607,1,0
8,425,750,1,0
8,426,728,1,0
8,427,645,1,0
8,428,657,1,0
8,429,705,1,0
8,430,694,1,0
8,431,607,1,0
8,432,638,1,0
8,433,680,1,0
8,434,693,1,0
8,435,640,1,0
8,436,645,1,0
8,437,692,1,0
8,438,736,1,0
8,439,664,1,0
8,440,680,1,0
8,441,1025,1,0
8,442,684,1,0
8,443,738,1,0
8,444,960,1,0
8,445,657,1,0
8,446,904,1,0
8,447,656,1,0
8,448,640,1,0
8,449,1004,1,0
8,450,738,1,0
8,451,1385,1,0
8,452,1368,1,0
8,453,1276,1,0
8,454,829,1,0
8,455,875,1,0
8,456,1019,1,0
8,457,1337,1,0
8,458,1421,1,0
8,459,655,1,0
8,460,653,1,0
8,461,1296,1,0
8,462,1065,1,0
8,463,988,1,0
8,464,872,1,0
8,465,1137,1,0
8,466,803,1,0
8,467,771,1,0
8,468,937,1,0
8,469,899,1,0
8,470,766,1,0
8,471,901,1,0
8,472,831,1,0
8,473,740,1,0
8,474,810,1,0
8,475,753,1,0
8,476,724,1,0
8,477,1019,1,0
8,478,723,1,0
8,479,1065,1,0
8,480,805,1,0
8,481,884,1,0
8,482,910,1,0
8,483,738,1,0
8,484,1001,1,0
8,485,932,1,0
8,486,1295,1,0
8,487,1032,1,0
8,488,1020,1,0
8,489,690,1,0
8,490,930,1,0
8,491,579,1,0
8,492,794,1,0
8,493,618,1,0
8,494,732,1,0
8,495,566,1,0
8,496,634,1,0
8,497,628,1,0
8,498,616,1,0
8,499,610,1,0
8,500,644,1,0
8,501,580,1,0
8,502,615,1,0
8,503,765,1,0
8,504,728,1,0
8,505,655,1,0
8,506,643,1,0
8,507,676,1,0
8,508,608,1,0
8,509,608,1,0
8,510,650,1,0
8,511,587,1,0
8,512,707,1,0
8,513,653,1,0
8,514,626,1,0
8,515,572,1,0
8,516,659,1,0
8,517,607,1,0
8,518,1071,1,0
8,519,718,1,0
8,520,902,1,0
8,521,630,1,0
8,522,665,1,0
8,523,776,1,0
8,524,611,1,0
8,525,626,1,0
8,526,674,1,0
8,527,694,1,0
8,528,740,1,0
8,529,649,1,0
8,530,632,1,0
8,531,1034,1,0
8,532,643,1,0
8,533,776,1,0
8,534,585,1,0
8,535,584,1,0
8,536,616,1,0
8,537,585,1,0
8,538,897,1,0
8,539,657,1,0
8,540,681,1,0
8,541,613,1,0
8,542,589,1,0
8,543,606,1,0
8,544,705,1,0
8,545,688,1,0
8,546,662,1,0
8,547,743,1,0
8,548,631,1,0
8,549,769,1,0
8,550,1386,1,0
8,551,1193,1,0
8,552,707,1,0
8,553,889,1,0
8,554,917,1,0
8,555,938,1,0
8,556,818,1,0
8,557,956,1,0
8,558,851,1,0
8,559,932,1,0
8,560,808,1,0
8,561,951,1,0
8,562,855,1,0
8,563,730,1,0
8,564,800,1,0
8,565,922,1,0
8,566,698,1,0
8,567,817,1,0
8,568,763,1,0
8,569,763,1,0
8,570,749,1,0
8,571,985,1,0
8,572,806,1,0
8,573,820,1,0
8,574,730,1,0
8,575,866,1,0
8,576,918,1,0
8,577,619,1,0
8,578,650,1,0
8,579,626,1,0
8,580,666,1,0
8,581,999,1,0
8,582,637,1,0
8,583,607,1,0
8,584,631,1,0
8,585,626,1,0
8,586,630,1,0
8,587,655,1,0
8,588,845,1,0
8,589,625,1,0
8,590,609,1,0
8,591,666,1,0
8,592,599,1,0
8,593,600,1,0
8,594,631,1,0
8,595,821,1,0
8,596,624,1,0
8,597,695,1,0
8,598,630,1,0
8,599,564,1,0
9,0,2564,1,0
9,1,816,1,0
9,2,1039,1,0
9,3,897,1,0
9,4,921,1,0
9,5,662,1,0
9,6,830,1,0
9,7,821,1,0
9,8,667,1,0
9,9,719,1,0
9,10,632,1,0
9,11,753,1,0
9,12,634,1,0
9,13,649,1,0
9,14,651,1,0
9,15,645,1,0
9,16,640,1,0
9,17,599,1,0
9,18,625,1,0
9,19,653,1,0
9,20,1011,1,0
9,21,667,1,0
9,22,594,1,0
9,23,696,1,0
9,24,639,1,0
9,25,567,1,0
9,26,609,1,0
9,27,594,1,0
9,28,637,1,0
9,29,698,1,0
9,30,600,1,0
9,31,674,1,0
9,32,631,1,0
9,33,672,1,0
9,34,598,1,0
9,35,697,1,0
9,36,604,1,0
9,37,641,1,0
9,38,613,1,0
9,39,692,1,0
9,40,691,1,0
9,41,583,1,0
9,42,658,1,0
9,43,660,1,0
9,44,642,1,0
9,45,654,1,0
9,46,651,1,0
9,47,927,1,0
9,48,736,1,0
9,49,573,1,0
9,50,611,1,0
9,51,623,1,0
9,52,699,1,0
9,53,723,1,0
9,54,659,1,0
9,55,702,1,0
9,56,694,1,0
9,57,1295,1,0
9,58,696,1,0
9,59,914,1,0
9,60,659,1,0
9,61,676,1,0
9,62,873,1,0
9,63,634,1,0
9,64,708,1,0
9,65,702,1,0
9,66,731,1,0
9,67,745,1,0
9,68,949,1,0
9,69,2604,1,0
9,70,1296,1,0
9,71,960,1,0
9,72,824,1,0
9,73,803,1,0
9,74,896,1,0
9,75,1515,1,0
9,76,1051,1,0
9,77,778,1,0
9,78,679,1,0
9,79,691,1,0
9,80,676,1,0
9,81,711,1,0
9,82,813,1,0
9,83,801,1,0
9,84,699,1,0
9,85,732,1,0
9,86,794,1,0
9,87,625,1,0
9,88,591,1,0
9,89,567,1,0
9,90,641,1,0
9,91,952,1,0
9,92,914,1,0
9,93,664,1,0
9,94,553,1,0
9,95,613,1,0
9,96,612,1,0
9,97,593,1,0
9,98,608,1,0
9,99,738,1,0
9,100,625,1,0
9,101,694,1,0
9,102,672,1,0
9,103,632,1,0
9,104,607,1,0
9,105,649,1,0
9,106,617,1,0
9,107,633,1,0
9,108,692,1,0
9,109,620,1,0
9,110,732,1,0
9,111,618,1,0
9,112,627,1,0
9,113,655,1,0
9,114,679,1,0
9,115,626,1,0
9,116,645,1,0
9,117,583,1,0
9,118,657,1,0
9,119,607,1,0
9,120,626,1,0
9,121,636,1,0
9,122,704,1,0
9,123,762,1,0
9,124,708,1,0
9,125,734,1,0
9,126,656,1,0
9,127,698,1,0
9,128,650,1,0
9,129,668,1,0
9,130,876,1,0
9,131,648,1,0
9,132,679,1,0
9,133,669,1,0
9,134,592,1,0
9,135,718,1,0
9,136,767,1,0
9,137,718,1,0
9,138,711,1,0
9,139,687,1,0
9,140,644,1,0
9,141,766,1,0
9,142,646,1,0
9,143,891,1,0
9,144,965,1,0
9,145,708,1,0
9,146,953,1,0
9,147,818,1,0
9,148,683,1,0
9,149,1246,1,0
9,150,1038,1,0
9,151,885,1,0
9,152,762,1,0
9,153,883,1,0
9,154,796,1,0
9,155,947,1,0
9,156,765,1,0
9,157,774,1,0
9,158,889,1,0
9,159,861,1,0
9,160,804,1,0
9,161,831,1,0
9,162,925,1,0
9,163,921,1,0
9,164,803,1,0
9,165,1009,1,0
9,166,778,1,0
9,167,833,1,0
9,168,694,1,0
9,169,1901,1,0
9,170,630,1,0
9,171,823,1,0
9,172,998,1,0
9,173,1083,1,0
9,174,717,1,0
9,175,708,1,0
9,176,547,1,0
9,177,636,1,0
9,178,611,1,0
9,179,618,1,0
9,180,626,1,0
9,181,652,1,0
9,182,665,1,0
9,183,643,1,0
9,184,638,1,0
9,185,593,1,0
9,186,605,1,0
9,187,675,1,0
9,188,638,1,0
9,189,582,1,0
9,190,651,1,0
9,191,586,1,0
9,192,678,1,0
9,193,667,1,0
9,194,681,1,0
9,195,896,1,0
9,196,624,1,0
9,197,945,1,0
9,198,631,1,0
9,199,760,1,0
9,200,784,1,0
9,201,692,1,0
9,202,658,1,0
9,203,597,1,0
9,204,647,1,0
9,205,658,1,0
9,206,771,1,0
9,207,661,1,0
9,208,691,1,0
9,209,684,1,0
9,210,634,1,0
9,211,642,1,0
9,212,618,1,0
9,213,682,1,0
9,214,616,1,0
9,215,666,1,0
9,216,681,1,0
9,217,663,1,0
9,218,681,1,0
9,219,692,1,0
9,220,672,1,0
9,221,639,1,0
9,222,726,1,0
9,223,692,1,0
9,224,655,1,0
9,225,666,1,0
9,226,657,1,0
9,227,713,1,0
9,228,845,1,0
9,229,660,1,0
9,230,603,1,0
9,231,672,1,0
9,232,657,1,0
9,233,678,1,0
9,234,633,1,0
9,235,700,1,0
9,236,636,1,0
9,237,717,1,0
9,238,663,1,0
9,239,613,1,0
9,240,571,1,0
9,241,926,1,0
9,242,558,1,0
9,243,720,1,0
9,244,620,1,0
9,245,566,1,0
9,246,576,1,0
9,247,695,1,0
9,248,740,1,0
9,249,676,1,0
9,250,750,1,0
9,251,686,1,0
9,252,885,1,0
9,253,752,1,0
9,254,659,1,0
9,255,658,1,0
9,256,666,1,0
9,257,686,1,0
9,258,753,1,0
9,259,821,1,0
9,260,681,1,0
9,261,726,1,0
9,262,723,1,0
9,263,639,1,0
9,264,690,1,0
9,265,746,1,0
9,266,770,1,0
9,267,590,1,0
9,268,820,1,0
9,269,836,1,0
9,270,915,1,0
9,271,738,1,0
9,272,533,1,0
9,273,604,1,0
9,274,609,1,0
9,275,667,1,0
9,276,619,1,0
9,277,696,1,0
9,278,701,1,0
9,279,598,1,0
9,280,632,1,0
9,281,999,1,0
9,282,572,1,0
9,283,626,1,0
9,284,605,1,0
9,285,637,1,0
9,286,674,1,0
9,287,765,1,0
9,288,613,1,0
9,289,831,1,0
9,290,592,1,0
9,291,571,1,0
9,292,688,1,0
9,293,633,1,0
9,294,695,1,0
9,295,622,1,0
9,296,671,1,0
9,297,690,1,0
9,298,578,1,0
9,299,939,1,0
9,300,591,1,0
9,301,581,1,0
9,302,585,1,0
9,303,646,1,0
9,304,648,1,0
9,305,653,1,0
9,306,593,1,0
9,307,680,1,0
9,308,637,1,0
9,309,911,1,0
9,310,669,1,0
9,311,674,1,0
9,312,705,1,0
9,313,629,1,0
9,314,634,1,0
9,315,652,1,0
9,316,641,1,0
9,317,681,1,0
9,318,574,1,0
9,319,754,1,0
9,320,747,1,0
9,321,657,1,0
9,322,819,1,0
9,323,842,1,0
9,324,617,1,0
9,325,651,1,0
9,326,602,1,0
9,327,681,1,0
9,328,630,1,0
9,329,762,1,0
9,330,581,1,0
9,331,612,1,0
9,332,649,1,0
9,333,866,1,0
9,334,1035,1,0
9,335,1066,1,0
9,336,768,1,0
9,337,1291,1,0
9,338,950,1,0
9,339,1100,1,0
9,340,792,1,0
9,341,724,1,0
9,342,837,1,0
9,343,885,1,0
9,344,865,1,0
9,345,897,1,0
9,346,788,1,0
9,347,763,1,0
9,348,753,1,0
9,349,1055,1,0
9,350,1115,1,0
9,351,803,1,0
9,352,668,1,0
9,353,723,1,0
9,354,729,1,0
9,355,729,1,0
9,356,874,1,0
9,357,903,1,0
9,358,673,1,0
9,359,918,1,0
9,360,673,1,0
9,361,626,1,0
9,362,601,1,0
9,363,615,1,0
9,364,653,1,0
9,365,689,1,0
9,366,619,1,0
9,367,663,1,0
9,368,597,1,0
9,369,680,1,0
9,370,631,1,0
9,371,668,1,0
9,372,639,1,0
9,373,627,1,0
9,374,639,1,0
9,375,640,1,0
9,376,623,1,0
9,377,643,1,0
9,378,630,1,0
9,379,669,1,0
9,380,716,1,0
9,381,742,1,0
9,382,617,1,0
9,383,636,1,0
9,384,630,1,0
9,385,612,1,0
9,386,619,1,0
9,387,1096,1,0
9,388,849,1,0
9,389,807,1,0
9,390,672,1,0
9,391,937,1,0
9,392,732,1,0
9,393,586,1,0
9,394,655,1,0
9,395,599,1,0
9,396,566,1,0
9,397,616,1,0
9,398,641,1,0
9,399,682,1,0
9,400,607,1,0
9,401,599,1,0
9,402,672,1,0
9,403,619,1,0
9,404,635,1,0
9,405,677,1,0
9,406,718,1,0
9,407,584,1,0
9,408,602,1,0
9,409,725,1,0
9,410,1079,1,0
9,411,649,1,0
9,412,647,1,0
9,413,635,1,0
9,414,884,1,0
9,415,594,1,0
9,416,641,1,0
9,417,653,1,0
9,418,999,1,0
9,419,799,1,0
9,420,763,1,0
9,421,810,1,0
9,422,990,1,0
9,423,648,1,0
9,424,681,1,0
9,425,932,1,0
9,426,1178,1,0
9,427,887,1,0
9,428,912,1,0
9,429,871,1,0
9,430,1064,1,0
9,431,858,1,0
9,432,984,1,0
9,433,1006,1,0
9,434,1071,1,0
9,435,979,1,0
9,436,890,1,0
9,437,745,1,0
9,438,719,1,0
9,439,943,1,0
9,440,969,1,0
9,441,1013,1,0
9,442,848,1,0
9,443,883,1,0
9,444,901,1,0
9,445,926,1,0
9,446,806,1,0
9,447,773,1,0
9,448,760,1,0
9,449,948,1,0
9,450,651,1,0
9,451,793,1,0
9,452,685,1,0
9,453,684,1,0
9,454,583,1,0
9,455,594,1,0
9,456,617,1,0
9,457,638,1,0
9,458,593,1,0
9,459,779,1,0
9,460,588,1,0
9,461,698,1,0
9,462,657,1,0
9,463,573,1,0
9,464,614,1,0
9,465,638,1,0
9,466,584,1,0
9,467,616,1,0
9,468,655,1,0
9,469,723,1,0
9,470,626,1,0
9,471,641,1,0
9,472,662,1,0
9,473,614,1,0
9,474,723,1,0
9,475,608,1,0
9,476,606,1,0
9,477,642,1,0
9,478,650,1,0
9,479,635,1,0
9,480,672,1,0
9,481,651,1,0
9,482,742,1,0
9,483,623,1,0
9,484,668,1,0
9,485,628,1,0
9,486,674,1,0
9,487,676,1,0
9,488,1971,1,0
9,489,700,1,0
9,490,640,1,0
9,491,656,1,0
9,492,728,1,0
9,493,648,1,0
9,494,646,1,0
9,495,654,1,0
9,496,685,1,0
9,497,596,1,0
9,498,713,1,0
9,499,668,1,0
9,500,682,1,0
9,501,644,1,0
9,502,666,1,0
9,503,781,1,0
9,504,756,1,0
9,505,702,1,0
9,506,736,1,0
9,507,616,1,0
9,508,641,1,0
9,509,653,1,0
9,510,620,1,0
9,511,700,1,0
9,512,622,1,0
9,513,609,1,0
9,514,627,1,0
9,515,662,1,0
9,516,684,1,0
9,517,647,1,0
9,518,744,1,0
9,519,663,1,0
9,520,987,1,0
9,521,707,1,0
9,522,656,1,0
9,523,838,1,0
9,524,784,1,0
9,525,897,1,0
9,526,1199,1,0
9,527,826,1,0
9,528,870,1,0
9,529,1065,1,0
9,530,976,1,0
9,531,1076,1,0
9,532,738,1,0
9,533,1176,1,0
9,534,913,1,0
9,535,804,1,0
9,536,859,1,0
9,537,775,1,0
9,538,1087,1,0
9,539,839,1,0
9,540,810,1,0
9,541,912,1,0
9,542,696,1,0
9,543,910,1,0
9,544,841,1,0
9,545,817,1,0
9,546,621,1,0
9,547,721,1,0
9,548,816,1,0
9,549,586,1,0
9,550,686,1,0
9,551,648,1,0
9,552,809,1,0
9,553,608,1,0
9,554,960,1,0
9,555,838,1,0
9,556,783,1,0
9,557,633,1,0
9,558,617,1,0
9,559,612,1,0
9,560,626,1,0
9,561,789,1,0
9,562,595,1,0
9,563,618,1,0
9,564,664,1,0
9,565,662,1,0
9,566,704,1,0
9,567,637,1,0
9,568,672,1,0
9,569,590,1,0
9,570,622,1,0
9,571,609,1,0
9,572,643,1,0
9,573,649,1,0
9,574,608,1,0
9,575,634,1,0
9,576,677,1,0
9,577,654,1,0
9,578,616,1,0
9,579,666,1,0
9,580,705,1,0
9,581,764,1,0
9,582,749,1,0
9,583,640,1,0
9,584,646,1,0
9,585,672,1,0
9,586,624,1,0
9,587,669,1,0
9,588,834,1,0
9,589,675,1,0
9,590,696,1,0
9,591,692,1,0
9,592,641,1,0
9,593,651,1,0
9,594,808,1,0
9,595,932,1,0
9,596,672,1,0
9,597,613,1,0
9,598,576,1,0
9,599,603,1,0
10,0,1917,1,0
10,1,887,1,0
10,2,709,1,0
10,3,616,1,0
10,4,574,1,0
10,5,754,1,0
10,6,860,1,0
10,7,766,1,0
10,8,602,1,0
10,9,859,1,0
10,10,648,1,0
10,11,753,1,0
10,12,621,1,0
10,13,917,1,0
10,14,625,1,0
10,15,865,1,0
10,16,637,1,0
10,17,625,1,0
10,18,692,1,0
10,19,669,1,0
10,20,723,1,0
10,21,666,1,0
10,22,1114,1,0
10,23,900,1,0
10,24,997,1,0
10,25,746,1,0
10,26,806,1,0
10,27,907,1,0
10,28,860,1,0
10,29,1136,1,0
10,30,658,1,0
10,31,870,1,0
10,32,708,1,0
10,33,619,1,0
10,34,626,1,0
10,35,704,1,0
10,36,709,1,0
10,37,658,1,0
10,38,864,1,0
10,39,736,1,0
10,40,795,1,0
10,41,720,1,0
10,42,757,1,0
10,43,752,1,0
10,44,743,1,0
10,45,752,1,0
10,46,779,1,0
10,47,607,1,0
10,48,630,1,0
10,49,574,1,0
10,50,652,1,0
10,51,603,1,0
10,52,593,1,0
10,53,614,1,0
10,54,655,1,0
10,55,675,1,0
10,56,684,1,0
10,57,1427,1,0
10,58,630,1,0
10,59,770,1,0
10,60,776,1,0
10,61,619,1,0
10,62,873,1,0
10,63,736,1,0
10,64,621,1,0
10,65,666,1,0
10,66,651,1,0
10,67,644,1,0
10,68,1045,1,0
10,69,799,1,0
10,70,1405,1,0
10,71,1252,1,0
10,72,651,1,0
10,73,1242,1,0
10,74,1442,1,0
10,75,679,1,0
10,76,962,1,0
10,77,724,1,0
10,78,966,1,0
10,79,645,1,0
10,80,731,1,0
10,81,616,1,0
10,82,585,1,0
10,83,685,1,0
10,84,677,1,0
10,85,587,1,0
10,86,751,1,0
10,87,687,1,0
10,88,709,1,0
10,89,619,1,0
10,90,603,1,0
10,91,647,1,0
10,92,596,1,0
10,93,718,1,0
10,94,626,1,0
10,95,649,1,0
10,96,572,1,0
10,97,602,1,0
10,98,959,1,0
10,99,615,1,0
10,100,652,1,0
10,101,746,1,0
10,102,885,1,0
10,103,827,1,0
10,104,726,1,0
10,105,790,1,0
10,106,717,1,0
10,107,819,1,0
10,108,828,1,0
10,109,910,1,0
10,110,785,1,0
10,111,786,1,0
10,112,901,1,0
10,113,808,1,0
10,114,874,1,0
10,115,683,1,0
10,116,790,1,0
10,117,760,1,0
10,118,718,1,0
10,119,876,1,0
10,120,800,1,0
10,121,824,1,0
10,122,792,1,0
10,123,817,1,0
10,124,868,1,0
10,125,863,1,0
10,126,1099,1,0
10,127,1087,1,0
10,128,839,1,0
10,129,756,1,0
10,130,1109,1,0
10,131,831,1,0
10,132,677,1,0
10,133,1032,1,0
10,134,723,1,0
10,135,655,1,0
10,136,1245,1,0
10,137,913,1,0
10,138,870,1,0
10,139,678,1,0
10,140,688,1,0
10,141,881,1,0
10,142,787,1,0
10,143,965,1,0
10,144,690,1,0
10,145,877,1,0
10,146,683,1,0
10,147,666,1,0
10,148,729,1,0
10,149,1019,1,0
10,150,653,1,0
10,151,605,1,0
10,152,652,1,0
10,153,631,1,0
10,154,655,1,0
10,155,598,1,0
10,156,585,1,0
10,157,624,1,0
10,158,653,1,0
10,159,607,1,0
10,160,606,1,0
10,161,1014,1,0
10,162,684,1,0
10,163,630,1,0
10,164,636,1,0
10,165,791,1,0
10,166,732,1,0
10,167,785,1,0
10,168,784,1,0
10,169,734,1,0
10,170,679,1,0
10,171,680,1,0
10,172,666,1,0
10,173,721,1,0
10,174,627,1,0
10,175,623,1,0
10,176,663,1,0
10,177,690,1,0
10,178,711,1,0
10,179,692,1,0
10,180,682,1,0
10,181,1424,1,0
10,182,611,1,0
10,183,608,1,0
10,184,572,1,0
10,185,640,1,0
10,186,576,1,0
10,187,575,1,0
10,188,674,1,0
10,189,842,1,0
10,190,929,1,0
10,191,643,1,0
10,192,883,1,0
10,193,789,1,0
10,194,730,1,0
10,195,1108,1,0
10,196,994,1,0
10,197,705,1,0
10,198,698,1,0
10,199,690,1,0
10,200,699,1,0
10,201,681,1,0
10,202,652,1,0
10,203,582,1,0
10,204,874,1,0
10,205,1102,1,0
10,206,881,1,0
10,207,641,1,0
10,208,719,1,0
10,209,755,1,0
10,210,674,1,0
10,211,658,1,0
10,212,664,1,0
10,213,746,1,0
10,214,730,1,0
10,215,799,1,0
10,216,686,1,0
10,217,590,1,0
10,218,665,1,0
10,219,663,1,0
10,220,744,1,0
10,221,745,1,0
10,222,890,1,0
10,223,840,1,0
10,224,713,1,0
10,225,722,1,0
10,226,648,1,0
10,227,603,1,0
10,228,876,1,0
10,229,633,1,0
10,230,603,1,0
10,231,583,1,0
10,232,566,1,0
10,233,629,1,0
10,234,619,1,0
10,235,664,1,0
10,236,622,1,0
10,237,566,1,0
10,238,594,1,0
10,239,613,1,0
10,240,579,1,0
10,241,877,1,0
10,242,595,1,0
10,243,608,1,0
10,244,604,1,0
10,245,714,1,0
10,246,607,1,0
10,247,591,1,0
10,248,588,1,0
10,249,582,1,0
10,250,627,1,0
10,251,582,1,0
10,252,662,1,0
10,253,654,1,0
10,254,621,1,0
10,255,617,1,0
10,256,617,1,0
10,257,762,1,0
10,258,588,1,0
10,259,1001,1,0
10,260,622,1,0
10,261,625,1,0
10,262,736,1,0
10,263,721,1,0
10,264,578,1,0
10,265,749,1,0
10,266,725,1,0
10,267,600,1,0
10,268,658,1,0
10,269,612,1,0
10,270,783,1,0
10,271,677,1,0
10,272,647,1,0
10,273,616,1,0
10,274,668,1,0
10,275,730,1,0
10,276,741,1,0
10,277,671,1,0
10,278,560,1,0
10,279,582,1,0
10,280,673,1,0
10,281,631,1,0
10,282,613,1,0
10,283,622,1,0
10,284,696,1,0
10,285,622,1,0
10,286,601,1,0
10,287,591,1,0
10,288,628,1,0
10,289,657,1,0
10,290,584,1,0
10,291,608,1,0
10,292,949,1,0
10,293,731,1,0
10,294,678,1,0
10,295,824,1,0
10,296,761,1,0
10,297,1012,1,0
10,298,671,1,0
10,299,1100,1,0
10,300,738,1,0
10,301,667,1,0
10,302,672,1,0
10,303,679,1,0
10,304,751,1,0
10,305,656,1,0
10,306,987,1,0
10,307,793,1,0
10,308,721,1,0
10,309,1102,1,0
10,310,728,1,0
10,311,879,1,0
10,312,718,1,0
10,313,836,1,0
10,314,592,1,0
10,315,626,1,0
10,316,822,1,0
10,317,561,1,0
10,318,518,1,0
10,319,712,1,0
10,320,1397,1,0
10,321,868,1,0
10,322,919,1,0
10,323,1022,1,0
10,324,705,1,0
10,325,931,1,0
10,326,758,1,0
10,327,633,1,0
10,328,627,1,0
10,329,734,1,0
10,330,595,1,0
10,331,1312,1,0
10,332,604,1,0
10,333,643,1,0
10,334,622,1,0
10,335,619,1,0
10,336,563,1,0
10,337,591,1,0
10,338,708,1,0
10,339,705,1,0
10,340,786,1,0
10,341,641,1,0
10,342,629,1,0
10,343,674,1,0
10,344,667,1,0
10,345,623,1,0
10,346,565,1,0
10,347,558,1,0
10,348,708,1,0
10,349,702,1,0
10,350,754,1,0
10,351,694,1,0
10,352,664,1,0
10,353,615,1,0
10,354,678,1,0
10,355,781,1,0
10,356,665,1,0
10,357,709,1,0
10,358,584,1,0
10,359,823,1,0
10,360,632,1,0
10,361,626,1,0
10,362,660,1,0
10,363,646,1,0
10,364,654,1,0
10,365,877,1,0
10,366,629,1,0
10,367,710,1,0
10,368,597,1,0
10,369,1143,1,0
10,370,686,1,0
10,371,720,1,0
10,372,689,1,0
10,373,698,1,0
10,374,639,1,0
10,375,646,1,0
10,376,858,1,0
10,377,556,1,0
10,378,830,1,0
10,379,1089,1,0
10,380,936,1,0
10,381,731,1,0
10,382,639,1,0
10,383,631,1,0
10,384,664,1,0
10,385,767,1,0
10,386,634,1,0
10,387,1107,1,0
10,388,895,1,0
10,389,904,1,0
10,390,699,1,0
10,391,996,1,0
10,392,798,1,0
10,393,620,1,0
10,394,661,1,0
10,395,814,1,0
10,396,694,1,0
10,397,741,1,0
10,398,783,1,0
10,399,1079,1,0
10,400,667,1,0
10,401,677,1,0
10,402,623,1,0
10,403,642,1,0
10,404,710,1,0
10,405,718,1,0
10,406,757,1,0
10,407,807,1,0
10,408,758,1,0
10,409,725,1,0
10,410,929,1,0
10,411,772,1,0
10,412,623,1,0
10,413,629,1,0
10,414,596,1,0
10,415,723,1,0
10,416,975,1,0
10,417,630,1,0
10,418,769,1,0
10,419,790,1,0
10,420,645,1,0
10,421,771,1,0
10,422,849,1,0
10,423,610,1,0
10,424,672,1,0
10,425,658,1,0
10,426,708,1,0
10,427,764,1,0
10,428,621,1,0
10,429,869,1,0
10,430,591,1,0
10,431,623,1,0
10,432,595,1,0
10,433,652,1,0
10,434,660,1,0
10,435,563,1,0
10,436,591,1,0
10,437,634,1,0
10,438,688,1,0
10,439,670,1,0
10,440,637,1,0
10,441,741,1,0
10,442,627,1,0
10,443,595,1,0
10,444,703,1,0
10,445,694,1,0
10,446,623,1,0
10,447,688,1,0
10,448,599,1,0
10,449,709,1,0
10,450,577,1,0
10,451,693,1,0
10,452,665,1,0
10,453,636,1,0
10,454,616,1,0
10,455,646,1,0
10,456,702,1,0
10,457,581,1,0
10,458,674,1,0
10,459,649,1,0
10,460,625,1,0
10,461,665,1,0
10,462,649,1,0
10,463,638,1,0
10,464,686,1,0
10,465,672,1,0
10,466,629,1,0
10,467,872,1,0
10,468,694,1,0
10,469,1082,1,0
10,470,864,1,0
10,471,655,1,0
10,472,1042,1,0
10,473,885,1,0
10,474,620,1,0
10,475,673,1,0
10,476,658,1,0
10,477,734,1,0
10,478,789,1,0
10,479,1404,1,0
10,480,706,1,0
10,481,991,1,0
10,482,961,1,0
10,483,970,1,0
10,484,859,1,0
10,485,723,1,0
10,486,874,1,0
10,487,780,1,0
10,488,1054,1,0
10,489,872,1,0
10,490,723,1,0
10,491,675,1,0
10,492,740,1,0
10,493,891,1,0
10,494,791,1,0
10,495,748,1,0
10,496,754,1,0
10,497,870,1,0
10,498,610,1,0
10,499,719,1,0
10,500,657,1,0
10,501,701,1,0
10,502,988,1,0
10,503,906,1,0
10,504,733,1,0
10,505,688,1,0
10,506,636,1,0
10,507,716,1,0
10,508,591,1,0
10,509,586,1,0
10,510,579,1,0
10,511,545,1,0
10,512,703,1,0
10,513,580,1,0
10,514,531,1,0
10,515,730,1,0
10,516,632,1,0
10,517,638,1,0
10,518,635,1,0
10,519,657,1,0
10,520,650,1,0
10,521,681,1,0
10,522,682,1,0
10,523,645,1,0
10,524,733,1,0
10,525,657,1,0
10,526,637,1,0
10,527,622,1,0
10,528,714,1,0
10,529,619,1,0
10,530,618,1,0
10,531,751,1,0
10,532,601,1,0
10,533,709,1,0
10,534,623,1,0
10,535,601,1,0
10,536,657,1,0
10,537,750,1,0
10,538,796,1,0
10,539,604,1,0
10,540,599,1,0
10,541,688,1,0
10,542,599,1,0
10,543,641,1,0
10,544,694,1,0
10,545,664,1,0
10,546,667,1,0
10,547,701,1,0
10,548,767,1,0
10,549,625,1,0
10,550,822,1,0
10,551,669,1,0
10,552,610,1,0
10,553,771,1,0
10,554,720,1,0
10,555,638,1,0
10,556,588,1,0
10,557,672,1,0
10,558,667,1,0
10,559,606,1,0
10,560,669,1,0
10,561,947,1,0
10,562,634,1,0
10,563,620,1,0
10,564,713,1,0
10,565,781,1,0
10,566,562,1,0
10,567,669,1,0
10,568,717,1,0
10,569,715,1,0
10,570,698,1,0
10,571,902,1,0
10,572,751,1,0
10,573,836,1,0
10,574,698,1,0
10,575,1133,1,0
10,576,951,1,0
10,577,960,1,0
10,578,986,1,0
10,579,886,1,0
10,580,1030,1,0
10,581,670,1,0
10,582,650,1,0
10,583,771,1,0
10,584,849,1,0
10,585,1054,1,0
10,586,739,1,0
10,587,770,1,0
10,588,993,1,0
10,589,891,1,0
10,590,804,1,0
10,591,850,1,0
10,592,706,1,0
10,593,772,1,0
10,594,754,1,0
10,595,880,1,0
10,596,769,1,0
10,597,1137,1,0
10,598,804,1,0
10,599,806,1,0
11,0,2155,1,0
11,1,879,1,0
11,2,726,1,0
11,3,1193,1,0
11,4,852,1,0
11,5,901,1,0
11,6,1675,1,0
11,7,933,1,0
11,8,862,1,0
11,9,1762,1,0
11,10,632,1,0
11,11,607,1,0
11,12,669,1,0
11,13,615,1,0
11,14,647,1,0
11,15,661,1,0
11,16,629,1,0
11,17,599,1,0
11,18,591,1,0
11,19,600,1,0
11,20,629,1,0
11,21,628,1,0
11,22,656,1,0
11,23,599,1,0
11,24,911,1,0
11,25,683,1,0
11,26,1006,1,0
11,27,633,1,0
11,28,698,1,0
11,29,645,1,0
11,30,581,1,0
11,31,672,1,0
11,32,641,1,0
11,33,583,1,0
11,34,560,1,0
11,35,621,1,0
11,36,663,1,0
11,37,573,1,0
11,38,680,1,0
11,39,572,1,0
11,40,651,1,0
11,41,580,1,0
11,42,682,1,0
11,43,607,1,0
11,44,590,1,0
11,45,599,1,0
11,46,638,1,0
11,47,613,1,0
11,48,632,1,0
11,49,587,1,0
11,50,775,1,0
11,51,653,1,0
11,52,679,1,0
11,53,664,1,0
11,54,627,1,0
11,55,615,1,0
11,56,648,1,0
11,57,725,1,0
11,58,806,1,0
11,59,781,1,0
11,60,630,1,0
11,61,789,1,0
11,62,633,1,0
11,63,602,1,0
11,64,721,1,0
11,65,717,1,0
11,66,643,1,0
11,67,658,1,0
11,68,1015,1,0
11,69,1008,1,0
11,70,1333,1,0
11,71,953,1,0
11,72,770,1,0
11,73,1403,1,0
11,74,1050,1,0
11,75,1025,1,0
11,76,887,1,0
11,77,828,1,0
11,78,729,1,0
11,79,633,1,0
11,80,632,1,0
11,81,709,1,0
11,82,786,1,0
11,83,868,1,0
11,84,888,1,0
11,85,887,1,0
11,86,734,1,0
11,87,678,1,0
11,88,816,1,0
11,89,806,1,0
11,90,846,1,0
11,91,867,1,0
11,92,656,1,0
11,93,716,1,0
11,94,681,1,0
11,95,664,1,0
11,96,566,1,0
11,97,735,1,0
11,98,684,1,0
11,99,603,1,0
11,100,643,1,0
11,101,789,1,0
11,102,612,1,0
11,103,646,1,0
11,104,611,1,0
11,105,591,1,0
11,106,636,1,0
11,107,600,1,0
11,108,656,1,0
11,109,623,1,0
11,110,634,1,0
11,111,589,1,0
11,112,695,1,0
11,113,684,1,0
11,114,698,1,0
11,115,620,1,0
11,116,613,1,0
11,117,624,1,0
11,118,562,1,0
11,119,620,1,0
11,120,632,1,0
11,121,722,1,0
11,122,692,1,0
11,123,610,1,0
11,124,657,1,0
11,125,611,1,0
11,126,611,1,0
11,127,682,1,0
11,128,605,1,0
11,129,607,1,0
11,130,644,1,0
11,131,600,1,0
11,132,669,1,0
11,133,577,1,0
11,134,605,1,0
11,135,614,1,0
11,136,696,1,0
11,137,653,1,0
11,138,654,1,0
11,139,617,1,0
11,140,662,1,0
11,141,719,1,0
11,142,634,1,0
11,143,652,1,0
11,144,693,1,0
11,145,703,1,0
11,146,667,1,0
11,147,643,1,0
11,148,595,1,0
11,149,1042,1,0
11,150,831,1,0
11,151,676,1,0
11,152,750,1,0
11,153,887,1,0
11,154,847,1,0
11,155,758,1,0
11,156,718,1,0
11,157,822,1,0
11,158,802,1,0
11,159,852,1,0
11,160,933,1,0
11,161,1261,1,0
11,162,1149,1,0
11,163,1133,1,0
11,164,1039,1,0
11,165,1494,1,0
11,166,761,1,0
11,167,662,1,0
11,168,762,1,0
11,169,1529,1,0
11,170,758,1,0
11,171,718,1,0
11,172,695,1,0
11,173,888,1,0
11,174,697,1,0
11,175,642,1,0
11,176,710,1,0
11,177,878,1,0
11,178,968,1,0
11,179,897,1,0
11,180,963,1,0
11,181,733,1,0
11,182,694,1,0
11,183,699,1,0
11,184,639,1,0
11,185,616,1,0
11,186,601,1,0
11,187,671,1,0
11,188,609,1,0
11,189,600,1,0
11,190,665,1,0
11,191,625,1,0
11,192,607,1,0
11,193,592,1,0
11,194,646,1,0
11,195,727,1,0
11,196,581,1,0
11,197,815,1,0
11,198,670,1,0
11,199,650,1,0
11,200,786,1,0
11,201,723,1,0
11,202,611,1,0
11,203,633,1,0
11,204,658,1,0
11,205,622,1,0
11,206,750,1,0
11,207,587,1,0
11,208,737,1,0
11,209,597,1,0
11,210,638,1,0
11,211,578,1,0
11,212,543,1,0
11,213,598,1,0
11,214,570,1,0
11,215,625,1,0
11,216,648,1,0
11,217,633,1,0
11,218,798,1,0
11,219,589,1,0
11,220,601,1,0
11,221,580,1,0
11,222,661,1,0
11,223,567,1,0
11,224,615,1,0
11,225,567,1,0
11,226,590,1,0
11,227,595,1,0
11,228,639,1,0
11,229,660,1,0
11,230,630,1,0
11,231,624,1,0
11,232,622,1,0
11,233,634,1,0
11,234,575,1,0
11,235,590,1,0
11,236,650,1,0
11,237,629,1,0
11,238,653,1,0
11,239,704,1,0
11,240,606,1,0
11,241,874,1,0
11,242,594,1,0
11,243,645,1,0
11,244,607,1,0
11,245,607,1,0
11,246,593,1,0
11,247,610,1,0
11,248,643,1,0
11,249,643,1,0
11,250,709,1,0
11,251,778,1,0
11,252,636,1,0
11,253,771,1,0
11,254,694,1,0
11,255,605,1,0
11,256,661,1,0
11,257,641,1,0
11,258,683,1,0
11,259,1250,1,0
11,260,1034,1,0
11,261,676,1,0
11,262,706,1,0
11,263,966,1,0
11,264,805,1,0
11,265,808,1,0
11,266,723,1,0
11,267,782,1,0
11,268,722,1,0
11,269,773,1,0
11,270,774,1,0
11,271,750,1,0
11,272,666,1,0
11,273,639,1,0
11,274,632,1,0
11,275,622,1,0
11,276,591,1,0
11,277,635,1,0
11,278,696,1,0
11,279,679,1,0
11,280,778,1,0
11,281,646,1,0
11,282,607,1,0
11,283,566,1,0
11,284,597,1,0
11,285,567,1,0
11,286,590,1,0
11,287,579,1,0
11,288,643,1,0
11,289,575,1,0
11,290,635,1,0
11,291,582,1,0
11,292,731,1,0
11,293,616,1,0
11,294,629,1,0
11,295,639,1,0
11,296,602,1,0
11,297,619,1,0
11,298,611,1,0
11,299,665,1,0
11,300,567,1,0
11,301,624,1,0
11,302,615,1,0
11,303,669,1,0
11,304,671,1,0
11,305,750,1,0
11,306,628,1,0
11,307,602,1,0
11,308,610,1,0
11,309,1007,1,0
11,310,615,1,0
11,311,677,1,0
11,312,656,1,0
11,313,629,1,0
11,314,627,1,0
11,315,634,1,0
11,316,687,1,0
11,317,633,1,0
11,318,659,1,0
11,319,666,1,0
11,320,840,1,0
11,321,586,1,0
11,322,841,1,0
11,323,700,1,0
11,324,720,1,0
11,325,691,1,0
11,326,686,1,0
11,327,700,1,0
11,328,743,1,0
11,329,915,1,0
11,330,589,1,0
11,331,712,1,0
11,332,642,1,0
11,333,853,1,0
11,334,979,1,0
11,335,603,1,0
11,336,812,1,0
11,337,730,1,0
11,338,697,1,0
11,339,1226,1,0
11,340,644,1,0
11,341,905,1,0
11,342,860,1,0
11,343,617,1,0
11,344,658,1,0
11,345,758,1,0
11,346,938,1,0
11,347,820,1,0
11,348,748,1,0
11,349,1125,1,0
11,350,865,1,0
11,351,1195,1,0
11,352,935,1,0
11,353,1013,1,0
11,354,905,1,0
11,355,798,1,0
11,356,694,1,0
11,357,809,1,0
11,358,684,1,0
11,359,964,1,0
11,360,716,1,0
11,361,794,1,0
11,362,781,1,0
11,363,642,1,0
11,364,788,1,0
11,365,801,1,0
11,366,646,1,0
11,367,675,1,0
11,368,597,1,0
11,369,870,1,0
11,370,634,1,0
11,371,622,1,0
11,372,580,1,0
11,373,618,1,0
11,374,605,1,0
11,375,607,1,0
11,376,635,1,0
11,377,588,1,0
11,378,603,1,0
11,379,640,1,0
11,380,600,1,0
11,381,680,1,0
11,382,602,1,0
11,383,534,1,0
11,384,665,1,0
11,385,631,1,0
11,386,576,1,0
11,387,1072,1,0
11,388,741,1,0
11,389,1056,1,0
11,390,646,1,0
11,391,1029,1,0
11,392,683,1,0
11,393,621,1,0
11,394,653,1,0
11,395,601,1,0
11,396,636,1,0
11,397,612,1,0
11,398,567,1,0
11,399,750,1,0
11,400,621,1,0
11,401,617,1,0
11,402,662,1,0
11,403,621,1,0
11,404,1043,1,0
11,405,634,1,0
11,406,616,1,0
11,407,622,1,0
11,408,543,1,0
11,409,673,1,0
11,410,728,1,0
11,411,631,1,0
11,412,687,1,0
11,413,648,1,0
11,414,682,1,0
11,415,696,1,0
11,416,614,1,0
11,417,794,1,0
11,418,714,1,0
11,419,844,1,0
11,420,611,1,0
11,421,714,1,0
11,422,673,1,0
11,423,726,1,0
11,424,670,1,0
11,425,670,1,0
11,426,860,1,0
11,427,673,1,0
11,428,653,1,0
11,429,1250,1,0
11,430,652,1,0
11,431,695,1,0
11,432,589,1,0
11,433,675,1,0
11,434,773,1,0
11,435,631,1,0
11,436,789,1,0
11,437,1041,1,0
11,438,906,1,0
11,439,1314,1,0
11,440,1094,1,0
11,441,973,1,0
11,442,1070,1,0
11,443,897,1,0
11,444,1016,1,0
11,445,1288,1,0
11,446,832,1,0
11,447,978,1,0
11,448,868,1,0
11,449,1035,1,0
11,450,772,1,0
11,451,910,1,0
11,452,803,1,0
11,453,756,1,0
11,454,708,1,0
11,455,846,1,0
11,456,727,1,0
11,457,925,1,0
11,458,1122,1,0
11,459,1251,1,0
11,460,920,1,0
11,461,817,1,0
11,462,832,1,0
11,463,693,1,0
11,464,709,1,0
11,465,717,1,0
11,466,636,1,0
11,467,649,1,0
11,468,1008,1,0
11,469,966,1,0
11,470,893,1,0
11,471,759,1,0
11,472,602,1,0
11,473,661,1,0
11,474,620,1,0
11,475,569,1,0
11,476,623,1,0
11,477,591,1,0
11,478,620,1,0
11,479,763,1,0
11,480,580,1,0
11,481,630,1,0
11,482,626,1,0
11,483,596,1,0
11,484,588,1,0
11,485,659,1,0
11,486,617,1,0
11,487,614,1,0
11,488,845,1,0
11,489,720,1,0
11,490,626,1,0
11,491,657,1,0
11,492,668,1,0
11,493,619,1,0
11,494,665,1,0
11,495,662,1,0
11,496,732,1,0
11,497,597,1,0
11,498,609,1,0
11,499,611,1,0
11,500,629,1,0
11,501,602,1,0
11,502,706,1,0
11,503,672,1,0
11,504,633,1,0
11,505,682,1,0
11,506,630,1,0
11,507,698,1,0
11,508,632,1,0
11,509,670,1,0
11,510,638,1,0
11,511,609,1,0
11,512,1042,1,0
11,513,623,1,0
11,514,677,1,0
11,515,699,1,0
11,516,651,1,0
11,517,572,1,0
11,518,640,1,0
11,519,591,1,0
11,520,673,1,0
11,521,861,1,0
11,522,620,1,0
11,523,617,1,0
11,524,873,1,0
11,525,911,1,0
11,526,657,1,0
11,527,656,1,0
11,528,833,1,0
11,529,629,1,0
11,530,618,1,0
11,531,938,1,0
11,532,734,1,0
11,533,740,1,0
11,534,831,1,0
11,535,958,1,0
11,536,911,1,0
11,537,842,1,0
11,538,971,1,0
11,539,930,1,0
11,540,1177,1,0
11,541,816,1,0
11,542,749,1,0
11,543,774,1,0
11,544,792,1,0
11,545,886,1,0
11,546,686,1,0
11,547,806,1,0
11,548,874,1,0
11,549,749,1,0
11,550,1071,1,0
11,551,885,1,0
11,552,867,1,0
11,553,914,1,0
11,554,905,1,0
11,555,748,1,0
11,556,766,1,0
11,557,677,1,0
11,558,802,1,0
11,559,917,1,0
11,560,998,1,0
11,561,676,1,0
11,562,638,1,0
11,563,621,1,0
11,564,617,1,0
11,565,638,1,0
11,566,604,1,0
11,567,654,1,0
11,568,602,1,0
11,569,644,1,0
11,570,667,1,0
11,571,690,1,0
11,572,604,1,0
11,573,607,1,0
11,574,668,1,0
11,575,628,1,0
11,576,623,1,0
11,577,621,1,0
11,578,641,1,0
11,579,562,1,0
11,580,749,1,0
11,581,662,1,0
11,582,772,1,0
11,583,615,1,0
11,584,576,1,0
11,585,655,1,0
11,586,731,1,0
11,587,611,1,0
11,588,713,1,0
11,589,974,1,0
11,590,606,1,0
11,591,649,1,0
11,592,637,1,0
11,593,589,1,0
11,594,604,1,0
11,595,711,1,0
11,596,702,1,0
11,597,651,1,0
11,598,829,1,0
11,599,638,1,0
12,0,1599,1,0
12,1,699,1,0
12,2,635,1,0
12,3,661,1,0
12,4,690,1,0
12,5,683,1,0
12,6,876,1,0
12,7,758,1,0
12,8,931,1,0
12,9,715,1,0
12,10,601,1,0
12,11,1313,1,0
12,12,644,1,0
12,13,666,1,0
12,14,637,1,0
12,15,680,1,0
12,16,611,1,0
12,17,552,1,0
12,18,599,1,0
12,19,687,1,0
12,20,696,1,0
12,21,620,1,0
12,22,832,1,0
12,23,691,1,0
12,24,1298,1,0
12,25,999,1,0
12,26,770,1,0
12,27,662,1,0
12,28,722,1,0
12,29,645,1,0
12,30,1101,1,0
12,31,690,1,0
12,32,1126,1,0
12,33,677,1,0
12,34,689,1,0
12,35,715,1,0
12,36,657,1,0
12,37,686,1,0
12,38,678,1,0
12,39,666,1,0
12,40,659,1,0
12,41,634,1,0
12,42,672,1,0
12,43,640,1,0
12,44,703,1,0
12,45,681,1,0
12,46,700,1,0
12,47,657,1,0
12,48,730,1,0
12,49,678,1,0
12,50,969,1,0
12,51,654,1,0
12,52,621,1,0
12,53,896,1,0
12,54,681,1,0
12,55,706,1,0
12,56,870,1,0
12,57,1080,1,0
12,58,1102,1,0
12,59,745,1,0
12,60,745,1,0
12,61,813,1,0
12,62,736,1,0
12,63,842,1,0
12,64,830,1,0
12,65,940,1,0
12,66,670,1,0
12,67,692,1,0
12,68,956,1,0
12,69,779,1,0
12,70,899,1,0
12,71,592,1,0
12,72,630,1,0
12,73,746,1,0
12,74,595,1,0
12,75,1439,1,0
12,76,705,1,0
12,77,743,1,0
12,78,660,1,0
12,79,603,1,0
12,80,670,1,0
12,81,569,1,0
12,82,653,1,0
12,83,620,1,0
12,84,587,1,0
12,85,650,1,0
12,86,644,1,0
12,87,612,1,0
12,88,653,1,0
12,89,598,1,0
12,90,756,1,0
12,91,604,1,0
12,92,668,1,0
12,93,722,1,0
12,94,633,1,0
12,95,722,1,0
12,96,605,1,0
12,97,659,1,0
12,98,791,1,0
12,99,658,1,0
12,100,860,1,0
12,101,845,1,0
12,102,698,1,0
12,103,750,1,0
12,104,610,1,0
12,105,703,1,0
12,106,826,1,0
12,107,633,1,0
12,108,761,1,0
12,109,788,1,0
12,110,652,1,0
12,111,663,1,0
12,112,735,1,0
12,113,718,1,0
12,114,641,1,0
12,115,850,1,0
12,116,600,1,0
12,117,847,1,0
12,118,645,1,0
12,119,583,1,0
12,120,685,1,0
12,121,709,1,0
12,122,901,1,0
12,123,684,1,0
12,124,664,1,0
12,125,747,1,0
12,126,892,1,0
12,127,924,1,0
12,128,776,1,0
12,129,951,1,0
12,130,1153,1,0
12,131,677,1,0
12,132,893,1,0
12,133,1188,1,0
12,134,968,1,0
12,135,1011,1,0
12,136,1202,1,0
12,137,1133,1,0
12,138,1177,1,0
12,139,908,1,0
12,140,1159,1,0
12,141,1170,1,0
12,142,840,1,0
12,143,1211,1,0
12,144,904,1,0
12,145,752,1,0
12,146,805,1,0
12,147,1052,1,0
12,148,788,1,0
12,149,1064,1,0
12,150,695,1,0
12,151,786,1,0
12,152,743,1,0
12,153,852,1,0
12,154,1243,1,0
12,155,1056,1,0
12,156,636,1,0
12,157,765,1,0
12,158,608,1,0
12,159,631,1,0
12,160,742,1,0
12,161,860,1,0
12,162,613,1,0
12,163,904,1,0
12,164,736,1,0
12,165,826,1,0
12,166,714,1,0
12,167,633,1,0
12,168,617,1,0
12,169,1070,1,0
12,170,650,1,0
12,171,610,1,0
12,172,604,1,0
12,173,667,1,0
12,174,641,1,0
12,175,612,1,0
12,176,629,1,0
12,177,739,1,0
12,178,613,1,0
12,179,626,1,0
12,180,711,1,0
12,181,675,1,0
12,182,628,1,0
12,183,654,1,0
12,184,705,1,0
12,185,619,1,0
12,186,635,1,0
12,187,708,1,0
12,188,728,1,0
12,189,709,1,0
12,190,782,1,0
12,191,767,1,0
12,192,720,1,0
12,193,1336,1,0
12,194,680,1,0
12,195,885,1,0
12,196,790,1,0
12,197,809,1,0
12,198,926,1,0
12,199,663,1,0
12,200,717,1,0
12,201,1326,1,0
12,202,629,1,0
12,203,693,1,0
12,204,587,1,0
12,205,607,1,0
12,206,651,1,0
12,207,661,1,0
12,208,666,1,0
12,209,679,1,0
12,210,576,1,0
12,211,631,1,0
12,212,643,1,0
12,213,693,1,0
12,214,690,1,0
12,215,718,1,0
12,216,688,1,0
12,217,648,1,0
12,218,670,1,0
12,219,621,1,0
12,220,617,1,0
12,221,718,1,0
12,222,752,1,0
12,223,727,1,0
12,224,635,1,0
12,225,650,1,0
12,226,740,1,0
12,227,671,1,0
12,228,713,1,0
12,229,615,1,0
12,230,600,1,0
12,231,681,1,0
12,232,603,1,0
12,233,626,1,0
12,234,698,1,0
12,235,891,1,0
12,236,988,1,0
12,237,696,1,0
12,238,729,1,0
12,239,834,1,0
12,240,900,1,0
12,241,996,1,0
12,242,901,1,0
12,243,763,1,0
12,244,839,1,0
12,245,706,1,0
12,246,678,1,0
12,247,710,1,0
12,248,640,1,0
12,249,673,1,0
12,250,610,1,0
12,251,604,1,0
12,252,641,1,0
12,253,639,1,0
12,254,669,1,0
12,255,609,1,0
12,256,593,1,0
12,257,898,1,0
12,258,597,1,0
12,259,626,1,0
12,260,1030,1,0
12,261,632,1,0
12,262,650,1,0
12,263,707,1,0
12,264,627,1,0
12,265,683,1,0
12,266,628,1,0
12,267,556,1,0
12,268,629,1,0
12,269,588,1,0
12,270,678,1,0
12,271,673,1,0
12,272,620,1,0
12,273,568,1,0
12,274,620,1,0
12,275,628,1,0
12,276,645,1,0
12,277,683,1,0
12,278,607,1,0
12,279,623,1,0
12,280,604,1,0
12,281,804,1,0
12,282,615,1,0
12,283,632,1,0
12,284,588,1,0
12,285,674,1,0
12,286,610,1,0
12,287,662,1,0
12,288,685,1,0
12,289,687,1,0
12,290,739,1,0
12,291,635,1,0
12,292,704,1,0
12,293,657,1,0
12,294,570,1,0
12,295,772,1,0
12,296,628,1,0
12,297,679,1,0
12,298,682,1,0
12,299,1112,1,0
12,300,662,1,0
12,301,619,1,0
12,302,1320,1,0
12,303,668,1,0
12,304,667,1,0
12,305,649,1,0
12,306,735,1,0
12,307,683,1,0
12,308,627,1,0
12,309,768,1,0
12,310,556,1,0
12,311,687,1,0
12,312,693,1,0
12,313,714,1,0
12,314,673,1,0
12,315,611,1,0
12,316,566,1,0
12,317,623,1,0
12,318,600,1,0
12,319,744,1,0
12,320,884,1,0
12,321,693,1,0
12,322,926,1,0
12,323,951,1,0
12,324,1008,1,0
12,325,889,1,0
12,326,864,1,0
12,327,906,1,0
12,328,814,1,0
12,329,865,1,0
12,330,858,1,0
12,331,825,1,0
12,332,817,1,0
12,333,747,1,0
12,334,931,1,0
12,335,728,1,0
12,336,724,1,0
12,337,745,1,0
12,338,766,1,0
12,339,975,1,0
12,340,933,1,0
12,341,767,1,0
12,342,745,1,0
12,343,664,1,0
12,344,565,1,0
12,345,828,1,0
12,346,627,1,0
12,347,664,1,0
12,348,652,1,0
12,349,691,1,0
12,350,719,1,0
12,351,562,1,0
12,352,634,1,0
12,353,624,1,0
12,354,619,1,0
12,355,700,1,0
12,356,554,1,0
12,357,663,1,0
12,358,724,1,0
12,359,685,1,0
12,360,691,1,0
12,361,653,1,0
12,362,632,1,0
12,363,647,1,0
12,364,679,1,0
12,365,782,1,0
12,366,656,1,0
12,367,631,1,0
12,368,612,1,0
12,369,1318,1,0
12,370,655,1,0
12,371,712,1,0
12,372,675,1,0
12,373,640,1,0
12,374,613,1,0
12,375,655,1,0
12,376,720,1,0
12,377,644,1,0
12,378,705,1,0
12,379,809,1,0
12,380,654,1,0
12,381,626,1,0
12,382,631,1,0
12,383,630,1,0
12,384,709,1,0
12,385,645,1,0
12,386,595,1,0
12,387,1146,1,0
12,388,646,1,0
12,389,758,1,0
12,390,607,1,0
12,391,910,1,0
12,392,677,1,0
12,393,705,1,0
12,394,637,1,0
12,395,953,1,0
12,396,639,1,0
12,397,623,1,0
12,398,611,1,0
12,399,924,1,0
12,400,674,1,0
12,401,588,1,0
12,402,610,1,0
12,403,605,1,0
12,404,729,1,0
12,405,641,1,0
12,406,638,1,0
12,407,731,1,0
12,408,917,1,0
12,409,985,1,0
12,410,610,1,0
12,411,882,1,0
12,412,923,1,0
12,413,1021,1,0
12,414,982,1,0
12,415,897,1,0
12,416,1083,1,0
12,417,807,1,0
12,418,812,1,0
12,419,920,1,0
12,420,852,1,0
12,421,1024,1,0
12,422,890,1,0
12,423,895,1,0
12,424,898,1,0
12,425,735,1,0
12,426,811,1,0
12,427,723,1,0
12,428,773,1,0
12,429,1036,1,0
12,430,952,1,0
12,431,903,1,0
12,432,759,1,0
12,433,686,1,0
12,434,629,1,0
12,435,639,1,0
12,436,591,1,0
12,437,698,1,0
12,438,605,1,0
12,439,702,1,0
12,440,1070,1,0
12,441,1031,1,0
12,442,769,1,0
12,443,589,1,0
12,444,825,1,0
12,445,590,1,0
12,446,576,1,0
12,447,658,1,0
12,448,602,1,0
12,449,615,1,0
12,450,585,1,0
12,451,748,1,0
12,452,644,1,0
12,453,607,1,0
12,454,625,1,0
12,455,605,1,0
12,456,685,1,0
12,457,735,1,0
12,458,681,1,0
12,459,686,1,0
12,460,589,1,0
12,461,647,1,0
12,462,697,1,0
12,463,617,1,0
12,464,587,1,0
12,465,726,1,0
12,466,633,1,0
12,467,716,1,0
12,468,585,1,0
12,469,639,1,0
12,470,806,1,0
12,471,686,1,0
12,472,659,1,0
12,473,627,1,0
12,474,671,1,0
12,475,635,1,0
12,476,688,1,0
12,477,681,1,0
12,478,1060,1,0
12,479,806,1,0
12,480,701,1,0
12,481,770,1,0
12,482,673,1,0
12,483,663,1,0
12,484,688,1,0
12,485,720,1,0
12,486,896,1,0
12,487,834,1,0
12,488,738,1,0
12,489,663,1,0
12,490,746,1,0
12,491,677,1,0
12,492,1104,1,0
12,493,665,1,0
12,494,634,1,0
12,495,662,1,0
12,496,670,1,0
12,497,648,1,0
12,498,667,1,0
12,499,732,1,0
12,500,684,1,0
12,501,708,1,0
12,502,765,1,0
12,503,698,1,0
12,504,732,1,0
12,505,714,1,0
12,506,633,1,0
12,507,667,1,0
12,508,591,1,0
12,509,752,1,0
12,510,797,1,0
12,511,711,1,0
12,512,681,1,0
12,513,749,1,0
12,514,758,1,0
12,515,639,1,0
12,516,774,1,0
12,517,681,1,0
12,518,770,1,0
12,519,1073,1,0
12,520,910,1,0
12,521,1125,1,0
12,522,752,1,0
12,523,836,1,0
12,524,786,1,0
12,525,1204,1,0
12,526,975,1,0
12,527,738,1,0
12,528,671,1,0
12,529,720,1,0
12,530,746,1,0
12,531,1007,1,0
12,532,612,1,0
12,533,890,1,0
12,534,811,1,0
12,535,823,1,0
12,536,623,1,0
12,537,647,1,0
12,538,704,1,0
12,539,556,1,0
12,540,644,1,0
12,541,605,1,0
12,542,888,1,0
12,543,634,1,0
12,544,767,1,0
12,545,570,1,0
12,546,656,1,0
12,547,646,1,0
12,548,698,1,0
12,549,704,1,0
12,550,650,1,0
12,551,663,1,0
12,552,671,1,0
12,553,910,1,0
12,554,629,1,0
12,555,701,1,0
12,556,608,1,0
12,557,571,1,0
12,558,695,1,0
12,559,692,1,0
12,560,627,1,0
12,561,632,1,0
12,562,755,1,0
12,563,619,1,0
12,564,654,1,0
12,565,602,1,0
12,566,681,1,0
12,567,595,1,0
12,568,689,1,0
12,569,619,1,0
12,570,676,1,0
12,571,683,1,0
12,572,678,1,0
12,573,682,1,0
12,574,679,1,0
12,575,834,1,0
12,576,657,1,0
12,577,717,1,0
12,578,588,1,0
12,579,631,1,0
12,580,721,1,0
12,581,607,1,0
12,582,623,1,0
12,583,659,1,0
12,584,605,1,0
12,585,676,1,0
12,586,659,1,0
12,587,639,1,0
12,588,695,1,0
12,589,868,1,0
12,590,682,1,0
12,591,762,1,0
12,592,659,1,0
12,593,784,1,0
12,594,801,1,0
12,595,795,1,0
12,596,865,1,0
12,597,973,1,0
12,598,1099,1,0
12,599,794,1,0
13,0,2569,1,0
13,1,727,1,0
13,2,693,1,0
13,3,756,1,0
13,4,696,1,0
13,5,899,1,0
13,6,1119,1,0
13,7,1151,1,0
13,8,1096,1,0
13,9,1148,1,0
13,10,883,1,0
13,11,1352,1,0
13,12,1044,1,0
13,13,973,1,0
13,14,899,1,0
13,15,1113,1,0
13,16,862,1,0
13,17,1072,1,0
13,18,907,1,0
13,19,798,1,0
13,20,1067,1,0
13,21,796,1,0
13,22,1002,1,0
13,23,1071,1,0
13,24,1795,1,0
13,25,1228,1,0
13,26,999,1,0
13,27,804,1,0
13,28,905,1,0
13,29,906,1,0
13,30,636,1,0
13,31,656,1,0
13,32,897,1,0
13,33,565,1,0
13,34,594,1,0
13,35,559,1,0
13,36,622,1,0
13,37,553,1,0
13,38,627,1,0
13,39,655,1,0
13,40,735,1,0
13,41,598,1,0
13,42,682,1,0
13,43,611,1,0
13,44,597,1,0
13,45,612,1,0
13,46,738,1,0
13,47,593,1,0
13,48,679,1,0
13,49,732,1,0
13,50,698,1,0
13,51,641,1,0
13,52,629,1,0
13,53,640,1,0
13,54,550,1,0
13,55,593,1,0
13,56,638,1,0
13,57,717,1,0
13,58,655,1,0
13,59,672,1,0
13,60,598,1,0
13,61,584,1,0
13,62,662,1,0
13,63,631,1,0
13,64,620,1,0
13,65,652,1,0
13,66,637,1,0
13,67,751,1,0
13,68,756,1,0
13,69,759,1,0
13,70,1858,1,0
13,71,1384,1,0
13,72,1185,1,0
13,73,704,1,0
13,74,737,1,0
13,75,1148,1,0
13,76,884,1,0
13,77,640,1,0
13,78,799,1,0
13,79,611,1,0
13,80,658,1,0
13,81,708,1,0
13,82,696,1,0
13,83,651,1,0
13,84,640,1,0
13,85,729,1,0
13,86,571,1,0
13,87,557,1,0
13,88,623,1,0
13,89,590,1,0
13,90,650,1,0
13,91,606,1,0
13,92,619,1,0
13,93,573,1,0
13,94,731,1,0
13,95,572,1,0
13,96,621,1,0
13,97,619,1,0
13,98,755,1,0
13,99,588,1,0
13,100,784,1,0
13,101,710,1,0
13,102,858,1,0
13,103,674,1,0
13,104,711,1,0
13,105,840,1,0
13,106,758,1,0
13,107,790,1,0
13,108,987,1,0
13,109,757,1,0
13,110,842,1,0
13,111,849,1,0
13,112,1071,1,0
13,113,1050,1,0
13,114,721,1,0
13,115,662,1,0
13,116,822,1,0
13,117,938,1,0
13,118,877,1,0
13,119,997,1,0
13,120,574,1,0
13,121,672,1,0
13,122,608,1,0
13,123,671,1,0
13,124,666,1,0
13,125,625,1,0
13,126,681,1,0
13,127,629,1,0
13,128,751,1,0
13,129,701,1,0
13,130,935,1,0
13,131,646,1,0
13,132,582,1,0
13,133,666,1,0
13,134,625,1,0
13,135,631,1,0
13,136,661,1,0
13,137,636,1,0
13,138,713,1,0
13,139,684,1,0
13,140,858,1,0
13,141,729,1,0
13,142,651,1,0
13,143,586,1,0
13,144,775,1,0
13,145,648,1,0
13,146,633,1,0
13,147,839,1,0
13,148,631,1,0
13,149,756,1,0
13,150,660,1,0
13,151,658,1,0
13,152,646,1,0
13,153,621,1,0
13,154,863,1,0
13,155,810,1,0
13,156,735,1,0
13,157,647,1,0
13,158,823,1,0
13,159,623,1,0
13,160,727,1,0
13,161,659,1,0
13,162,643,1,0
13,163,742,1,0
13,164,615,1,0
13,165,726,1,0
13,166,875,1,0
13,167,610,1,0
13,168,648,1,0
13,169,1139,1,0
13,170,619,1,0
13,171,646,1,0
13,172,698,1,0
13,173,835,1,0
13,174,801,1,0
13,175,552,1,0
13,176,834,1,0
13,177,935,1,0
13,178,1098,1,0
13,179,951,1,0
13,180,1072,1,0
13,181,1263,1,0
13,182,603,1,0
13,183,926,1,0
13,184,823,1,0
13,185,933,1,0
13,186,1004,1,0
13,187,943,1,0
13,188,936,1,0
13,189,895,1,0
13,190,916,1,0
13,191,731,1,0
13,192,1037,1,0
13,193,1048,1,0
13,194,718,1,0
13,195,1104,1,0
13,196,1022,1,0
13,197,785,1,0
13,198,909,1,0
13,199,905,1,0
13,200,807,1,0
13,201,766,1,0
13,202,687,1,0
13,203,868,1,0
13,204,813,1,0
13,205,658,1,0
13,206,686,1,0
13,207,634,1,0
13,208,692,1,0
13,209,605,1,0
13,210,629,1,0
13,211,601,1,0
13,212,636,1,0
13,213,631,1,0
13,214,590,1,0
13,215,647,1,0
13,216,638,1,0
13,217,540,1,0
13,218,650,1,0
13,219,634,1,0
13,220,560,1,0
13,221,626,1,0
13,222,696,1,0
13,223,563,1,0
13,224,668,1,0
13,225,593,1,0
13,226,603,1,0
13,227,659,1,0
13,228,751,1,0
13,229,690,1,0
13,230,584,1,0
13,231,654,1,0
13,232,606,1,0
13,233,779,1,0
13,234,575,1,0
13,235,625,1,0
13,236,777,1,0
13,237,613,1,0
13,238,588,1,0
13,239,655,1,0
13,240,692,1,0
13,241,791,1,0
13,242,645,1,0
13,243,600,1,0
13,244,656,1,0
13,245,603,1,0
13,246,617,1,0
13,247,620,1,0
13,248,642,1,0
13,249,617,1,0
13,250,623,1,0
13,251,605,1,0
13,252,621,1,0
13,253,602,1,0
13,254,598,1,0
13,255,586,1,0
13,256,619,1,0
13,257,641,1,0
13,258,705,1,0
13,259,656,1,0
13,260,751,1,0
13,261,605,1,0
13,262,654,1,0
13,263,619,1,0
13,264,597,1,0
13,265,782,1,0
13,266,668,1,0
13,267,631,1,0
13,268,567,1,0
13,269,631,1,0
13,270,822,1,0
13,271,610,1,0
13,272,612,1,0
13,273,639,1,0
13,274,601,1,0
13,275,652,1,0
13,276,627,1,0
13,277,811,1,0
13,278,650,1,0
13,279,680,1,0
13,280,638,1,0
13,281,697,1,0
13,282,603,1,0
13,283,645,1,0
13,284,599,1,0
13,285,585,1,0
13,286,684,1,0
13,287,672,1,0
13,288,760,1,0
13,289,873,1,0
13,290,794,1,0
13,291,728,1,0
13,292,760,1,0
13,293,791,1,0
13,294,699,1,0
13,295,791,1,0
13,296,713,1,0
13,297,1187,1,0
13,298,681,1,0
13,299,747,1,0
13,300,775,1,0
13,301,569,1,0
13,302,619,1,0
13,303,920,1,0
13,304,600,1,0
13,305,680,1,0
13,306,593,1,0
13,307,644,1,0
13,308,595,1,0
13,309,712,1,0
13,310,684,1,0
13,311,727,1,0
13,312,745,1,0
13,313,697,1,0
13,314,622,1,0
13,315,725,1,0
13,316,644,1,0
13,317,570,1,0
13,318,628,1,0
13,319,622,1,0
13,320,576,1,0
13,321,655,1,0
13,322,638,1,0
13,323,701,1,0
13,324,634,1,0
13,325,623,1,0
13,326,620,1,0
13,327,704,1,0
13,328,604,1,0
13,329,623,1,0
13,330,616,1,0
13,331,649,1,0
13,332,608,1,0
13,333,664,1,0
13,334,700,1,0
13,335,708,1,0
13,336,610,1,0
13,337,556,1,0
13,338,602,1,0
13,339,749,1,0
13,340,633,1,0
13,341,909,1,0
13,342,686,1,0
13,343,618,1,0
13,344,689,1,0
13,345,680,1,0
13,346,574,1,0
13,347,601,1,0
13,348,715,1,0
13,349,736,1,0
13,350,795,1,0
13,351,625,1,0
13,352,654,1,0
13,353,747,1,0
13,354,589,1,0
13,355,693,1,0
13,356,798,1,0
13,357,742,1,0
13,358,663,1,0
13,359,1522,1,0
13,360,700,1,0
13,361,719,1,0
13,362,625,1,0
13,363,837,1,0
13,364,699,1,0
13,365,687,1,0
13,366,644,1,0
13,367,769,1,0
13,368,851,1,0
13,369,976,1,0
13,370,682,1,0
13,371,817,1,0
13,372,921,1,0
13,373,853,1,0
13,374,1090,1,0
13,375,909,1,0
13,376,1150,1,0
13,377,956,1,0
13,378,1097,1,0
13,379,1083,1,0
13,380,739,1,0
13,381,867,1,0
13,382,696,1,0
13,383,546,1,0
13,384,965,1,0
13,385,828,1,0
13,386,806,1,0
13,387,1827,1,0
13,388,955,1,0
13,389,974,1,0
13,390,691,1,0
13,391,914,1,0
13,392,885,1,0
13,393,667,1,0
13,394,738,1,0
13,395,594,1,0
13,396,899,1,0
13,397,633,1,0
13,398,571,1,0
13,399,656,1,0
13,400,793,1,0
13,401,615,1,0
13,402,684,1,0
13,403,617,1,0
13,404,837,1,0
13,405,568,1,0
13,406,580,1,0
13,407,638,1,0
13,408,727,1,0
13,409,1017,1,0
13,410,610,1,0
13,411,637,1,0
13,412,591,1,0
13,413,634,1,0
13,414,615,1,0
13,415,613,1,0
13,416,638,1,0
13,417,710,1,0
13,418,635,1,0
13,419,653,1,0
13,420,633,1,0
13,421,724,1,0
13,422,624,1,0
13,423,691,1,0
13,424,683,1,0
13,425,580,1,0
13,426,693,1,0
13,427,649,1,0
13,428,712,1,0
13,429,694,1,0
13,430,600,1,0
13,431,703,1,0
13,432,684,1,0
13,433,579,1,0
13,434,737,1,0
13,435,669,1,0
13,436,653,1,0
13,437,726,1,0
13,438,621,1,0
13,439,867,1,0
13,440,709,1,0
13,441,719,1,0
13,442,696,1,0
13,443,626,1,0
13,444,671,1,0
13,445,685,1,0
13,446,625,1,0
13,447,703,1,0
13,448,664,1,0
13,449,766,1,0
13,450,625,1,0
13,451,900,1,0
13,452,649,1,0
13,453,840,1,0
13,454,750,1,0
13,455,671,1,0
13,456,762,1,0
13,457,648,1,0
13,458,1208,1,0
13,459,784,1,0
13,460,606,1,0
13,461,582,1,0
13,462,877,1,0
13,463,785,1,0
13,464,863,1,0
13,465,860,1,0
13,466,799,1,0
13,467,1247,1,0
13,468,1179,1,0
13,469,1342,1,0
13,470,1074,1,0
13,471,1002,1,0
13,472,696,1,0
13,473,885,1,0
13,474,715,1,0
13,475,747,1,0
13,476,722,1,0
13,477,688,1,0
13,478,1276,1,0
13,479,1107,1,0
13,480,848,1,0
13,481,716,1,0
13,482,811,1,0
13,483,820,1,0
13,484,739,1,0
13,485,788,1,0
13,486,1420,1,0
13,487,803,1,0
13,488,1228,1,0
13,489,721,1,0
13,490,665,1,0
13,491,570,1,0
13,492,642,1,0
13,493,627,1,0
13,494,821,1,0
13,495,555,1,0
13,496,635,1,0
13,497,615,1,0
13,498,629,1,0
13,499,577,1,0
13,500,613,1,0
13,501,624,1,0
13,502,880,1,0
13,503,703,1,0
13,504,809,1,0
13,505,753,1,0
13,506,635,1,0
13,507,605,1,0
13,508,633,1,0
13,509,642,1,0
13,510,733,1,0
13,511,640,1,0
13,512,579,1,0
13,513,602,1,0
13,514,642,1,0
13,515,613,1,0
13,516,592,1,0
13,517,564,1,0
13,518,599,1,0
13,519,671,1,0
13,520,702,1,0
13,521,1604,1,0
13,522,668,1,0
13,523,692,1,0
13,524,668,1,0
13,525,630,1,0
13,526,709,1,0
13,527,598,1,0
13,528,717,1,0
13,529,693,1,0
13,530,607,1,0
13,531,670,1,0
13,532,621,1,0
13,533,627,1,0
13,534,608,1,0
13,535,615,1,0
13,536,645,1,0
13,537,662,1,0
13,538,682,1,0
13,539,666,1,0
13,540,616,1,0
13,541,979,1,0
13,542,614,1,0
13,543,629,1,0
13,544,749,1,0
13,545,589,1,0
13,546,648,1,0
13,547,831,1,0
13,548,724,1,0
13,549,634,1,0
13,550,1005,1,0
13,551,753,1,0
13,552,697,1,0
13,553,717,1,0
13,554,661,1,0
13,555,1103,1,0
13,556,774,1,0
13,557,903,1,0
13,558,819,1,0
13,559,1036,1,0
13,560,981,1,0
13,561,727,1,0
13,562,889,1,0
13,563,944,1,0
13,564,865,1,0
13,565,903,1,0
13,566,690,1,0
13,567,857,1,0
13,568,755,1,0
13,569,842,1,0
13,570,904,1,0
13,571,760,1,0
13,572,770,1,0
13,573,805,1,0
13,574,781,1,0
13,575,853,1,0
13,576,730,1,0
13,577,841,1,0
13,578,750,1,0
13,579,787,1,0
13,580,802,1,0
13,581,648,1,0
13,582,674,1,0
13,583,661,1,0
13,584,641,1,0
13,585,578,1,0
13,586,572,1,0
13,587,607,1,0
13,588,727,1,0
13,589,567,1,0
13,590,618,1,0
13,591,651,1,0
13,592,585,1,0
13,593,612,1,0
13,594,638,1,0
13,595,622,1,0
13,596,678,1,0
13,597,584,1,0
13,598,686,1,0
13,599,599,1,0
14,0,1642,1,0
14,1,880,1,0
14,2,944,1,0
14,3,699,1,0
14,4,655,1,0
14,5,626,1,0
14,6,991,1,0
14,7,736,1,0
14,8,700,1,0
14,9,937,1,0
14,10,657,1,0
14,11,632,1,0
14,12,837,1,0
14,13,860,1,0
14,14,581,1,0
14,15,655,1,0
14,16,682,1,0
14,17,601,1,0
14,18,742,1,0
14,19,634,1,0
14,20,863,1,0
14,21,639,1,0
14,22,663,1,0
14,23,729,1,0
14,24,929,1,0
14,25,823,1,0
14,26,1004,1,0
14,27,651,1,0
14,28,705,1,0
14,29,608,1,0
14,30,701,1,0
14,31,621,1,0
14,32,852,1,0
14,33,678,1,0
14,34,636,1,0
14,35,635,1,0
14,36,706,1,0
14,37,647,1,0
14,38,681,1,0
14,39,545,1,0
14,40,625,1,0
14,41,628,1,0
14,42,593,1,0
14,43,763,1,0
14,44,676,1,0
14,45,636,1,0
14,46,647,1,0
14,47,583,1,0
14,48,667,1,0
14,49,626,1,0
14,50,695,1,0
14,51,779,1,0
14,52,652,1,0
14,53,671,1,0
14,54,759,1,0
14,55,626,1,0
14,56,597,1,0
14,57,854,1,0
14,58,1058,1,0
14,59,845,1,0
14,60,804,1,0
14,61,710,1,0
14,62,1249,1,0
14,63,860,1,0
14,64,838,1,0
14,65,733,1,0
14,66,858,1,0
14,67,836,1,0
14,68,907,1,0
14,69,690,1,0
14,70,1250,1,0
14,71,987,1,0
14,72,998,1,0
14,73,809,1,0
14,74,785,1,0
14,75,1193,1,0
14,76,797,1,0
14,77,693,1,0
14,78,694,1,0
14,79,646,1,0
14,80,637,1,0
14,81,599,1,0
14,82,812,1,0
14,83,898,1,0
14,84,754,1,0
14,85,715,1,0
14,86,618,1,0
14,87,719,1,0
14,88,646,1,0
14,89,680,1,0
14,90,751,1,0
14,91,738,1,0
14,92,628,1,0
14,93,633,1,0
14,94,612,1,0
14,95,584,1,0
14,96,614,1,0
14,97,556,1,0
14,98,699,1,0
14,99,592,1,0
14,100,616,1,0
14,101,726,1,0
14,102,587,1,0
14,103,745,1,0
14,104,634,1,0
14,105,632,1,0
14,106,622,1,0
14,107,677,1,0
14,108,1011,1,0
14,109,647,1,0
14,110,681,1,0
14,111,639,1,0
14,112,635,1,0
14,113,603,1,0
14,114,698,1,0
14,115,654,1,0
14,116,778,1,0
14,117,633,1,0
14,118,702,1,0
14,119,703,1,0
14,120,638,1,0
14,121,615,1,0
14,122,736,1,0
14,123,656,1,0
14,124,673,1,0
14,125,640,1,0
14,126,1075,1,0
14,127,713,1,0
14,128,653,1,0
14,129,633,1,0
14,130,941,1,0
14,131,624,1,0
14,132,880,1,0
14,133,1201,1,0
14,134,717,1,0
14,135,616,1,0
14,136,721,1,0
14,137,590,1,0
14,138,1201,1,0
14,139,894,1,0
14,140,1287,1,0
14,141,1259,1,0
14,142,711,1,0
14,143,819,1,0
14,144,971,1,0
14,145,941,1,0
14,146,823,1,0
14,147,906,1,0
14,148,1070,1,0
14,149,1037,1,0
14,150,783,1,0
14,151,753,1,0
14,152,810,1,0
14,153,860,1,0
14,154,1136,1,0
14,155,753,1,0
14,156,917,1,0
14,157,912,1,0
14,158,1113,1,0
14,159,801,1,0
14,160,776,1,0
14,161,1006,1,0
14,162,822,1,0
14,163,737,1,0
14,164,621,1,0
14,165,752,1,0
14,166,720,1,0
14,167,634,1,0
14,168,588,1,0
14,169,1181,1,0
14,170,976,1,0
14,171,903,1,0
14,172,737,1,0
14,173,777,1,0
14,174,619,1,0
14,175,620,1,0
14,176,612,1,0
14,177,596,1,0
14,178,866,1,0
14,179,625,1,0
14,180,637,1,0
14,181,637,1,0
14,182,675,1,0
14,183,630,1,0
14,184,642,1,0
14,185,591,1,0
14,186,629,1,0
14,187,630,1,0
14,188,612,1,0
14,189,610,1,0
14,190,631,1,0
14,191,627,1,0
14,192,656,1,0
14,193,599,1,0
14,194,690,1,0
14,195,705,1,0
14,196,572,1,0
14,197,763,1,0
14,198,767,1,0
14,199,667,1,0
14,200,696,1,0
14,201,739,1,0
14,202,632,1,0
14,203,639,1,0
14,204,663,1,0
14,205,692,1,0
14,206,687,1,0
14,207,732,1,0
14,208,869,1,0
14,209,663,1,0
14,210,668,1,0
14,211,703,1,0
14,212,628,1,0
14,213,633,1,0
14,214,618,1,0
14,215,616,1,0
14,216,653,1,0
14,217,638,1,0
14,218,627,1,0
14,219,657,1,0
14,220,644,1,0
14,221,730,1,0
14,222,704,1,0
14,223,714,1,0
14,224,722,1,0
14,225,1434,1,0
14,226,630,1,0
14,227,559,1,0
14,228,672,1,0
14,229,690,1,0
14,230,622,1,0
14,231,691,1,0
14,232,618,1,0
14,233,652,1,0
14,234,697,1,0
14,235,707,1,0
14,236,811,1,0
14,237,629,1,0
14,238,693,1,0
14,239,647,1,0
14,240,931,1,0
14,241,865,1,0
14,242,727,1,0
14,243,772,1,0
14,244,631,1,0
14,245,633,1,0
14,246,640,1,0
14,247,722,1,0
14,248,650,1,0
14,249,862,1,0
14,250,867,1,0
14,251,810,1,0
14,252,992,1,0
14,253,781,1,0
14,254,730,1,0
14,255,719,1,0
14,256,661,1,0
14,257,813,1,0
14,258,650,1,0
14,259,745,1,0
14,260,675,1,0
14,261,598,1,0
14,262,691,1,0
14,263,676,1,0
14,264,595,1,0
14,265,747,1,0
14,266,616,1,0
14,267,592,1,0
14,268,814,1,0
14,269,696,1,0
14,270,612,1,0
14,271,674,1,0
14,272,848,1,0
14,273,520,1,0
14,274,673,1,0
14,275,609,1,0
14,276,593,1,0
14,277,594,1,0
14,278,626,1,0
14,279,808,1,0
14,280,708,1,0
14,281,681,1,0
14,282,620,1,0
14,283,613,1,0
14,284,618,1,0
14,285,675,1,0
14,286,665,1,0
14,287,591,1,0
14,288,840,1,0
14,289,778,1,0
14,290,699,1,0
14,291,604,1,0
14,292,650,1,0
14,293,649,1,0
14,294,704,1,0
14,295,616,1,0
14,296,632,1,0
14,297,972,1,0
14,298,601,1,0
14,299,781,1,0
14,300,640,1,0
14,301,633,1,0
14,302,577,1,0
14,303,651,1,0
14,304,657,1,0
14,305,675,1,0
14,306,600,1,0
14,307,632,1,0
14,308,632,1,0
14,309,664,1,0
14,310,642,1,0
14,311,725,1,0
14,312,585,1,0
14,313,585,1,0
14,314,632,1,0
14,315,602,1,0
14,316,643,1,0
14,317,709,1,0
14,318,620,1,0
14,319,637,1,0
14,320,953,1,0
14,321,686,1,0
14,322,919,1,0
14,323,718,1,0
14,324,641,1,0
14,325,578,1,0
14,326,641,1,0
14,327,744,1,0
14,328,653,1,0
14,329,683,1,0
14,330,590,1,0
14,331,603,1,0
14,332,678,1,0
14,333,684,1,0
14,334,1051,1,0
14,335,741,1,0
14,336,807,1,0
14,337,975,1,0
14,338,860,1,0
14,339,881,1,0
14,340,715,1,0
14,341,926,1,0
14,342,844,1,0
14,343,695,1,0
14,344,1035,1,0
14,345,700,1,0
14,346,760,1,0
14,347,709,1,0
14,348,915,1,0
14,349,622,1,0
14,350,829,1,0
14,351,672,1,0
14,352,626,1,0
14,353,626,1,0
14,354,626,1,0
14,355,589,1,0
14,356,623,1,0
14,357,700,1,0
14,358,601,1,0
14,359,636,1,0
14,360,707,1,0
14,361,609,1,0
14,362,687,1,0
14,363,664,1,0
14,364,602,1,0
14,365,667,1,0
14,366,599,1,0
14,367,566,1,0
14,368,625,1,0
14,369,749,1,0
14,370,600,1,0
14,371,624,1,0
14,372,555,1,0
14,373,619,1,0
14,374,654,1,0
14,375,643,1,0
14,376,1014,1,0
14,377,648,1,0
14,378,619,1,0
14,379,628,1,0
14,380,1016,1,0
14,381,791,1,0
14,382,615,1,0
14,383,566,1,0
14,384,645,1,0
14,385,590,1,0
14,386,717,1,0
14,387,1296,1,0
14,388,598,1,0
14,389,857,1,0
14,390,658,1,0
14,391,676,1,0
14,392,710,1,0
14,393,627,1,0
14,394,621,1,0
14,395,611,1,0
14,396,622,1,0
14,397,584,1,0
14,398,584,1,0
14,399,802,1,0
14,400,683,1,0
14,401,561,1,0
14,402,644,1,0
14,403,608,1,0
14,404,672,1,0
14,405,633,1,0
14,406,739,1,0
14,407,594,1,0
14,408,589,1,0
14,409,728,1,0
14,410,971,1,0
14,411,846,1,0
14,412,803,1,0
14,413,780,1,0
14,414,785,1,0
14,415,762,1,0
14,416,826,1,0
14,417,909,1,0
14,418,1097,1,0
14,419,1174,1,0
14,420,1101,1,0
14,421,1179,1,0
14,422,1345,1,0
14,423,875,1,0
14,424,887,1,0
14,425,995,1,0
14,426,1306,1,0
14,427,923,1,0
14,428,752,1,0
14,429,993,1,0
14,430,874,1,0
14,431,671,1,0
14,432,772,1,0
14,433,872,1,0
14,434,781,1,0
14,435,817,1,0
14,436,663,1,0
14,437,785,1,0
14,438,802,1,0
14,439,1010,1,0
14,440,825,1,0
14,441,757,1,0
14,442,729,1,0
14,443,735,1,0
14,444,722,1,0
14,445,1331,1,0
14,446,617,1,0
14,447,870,1,0
14,448,571,1,0
14,449,696,1,0
14,450,686,1,0
14,451,639,1,0
14,452,643,1,0
14,453,719,1,0
14,454,603,1,0
14,455,627,1,0
14,456,572,1,0
14,457,660,1,0
14,458,779,1,0
14,459,771,1,0
14,460,655,1,0
14,461,583,1,0
14,462,744,1,0
14,463,782,1,0
14,464,700,1,0
14,465,732,1,0
14,466,611,1,0
14,467,691,1,0
14,468,633,1,0
14,469,695,1,0
14,470,587,1,0
14,471,639,1,0
14,472,671,1,0
14,473,759,1,0
14,474,624,1,0
14,475,621,1,0
14,476,611,1,0
14,477,579,1,0
14,478,749,1,0
14,479,780,1,0
14,480,630,1,0
14,481,634,1,0
14,482,630,1,0
14,483,580,1,0
14,484,694,1,0
14,485,595,1,0
14,486,792,1,0
14,487,701,1,0
14,488,972,1,0
14,489,757,1,0
14,490,775,1,0
14,491,648,1,0
14,492,688,1,0
14,493,641,1,0
14,494,616,1,0
14,495,586,1,0
14,496,675,1,0
14,497,643,1,0
14,498,766,1,0
14,499,704,1,0
14,500,695,1,0
14,501,654,1,0
14,502,1468,1,0
14,503,809,1,0
14,504,676,1,0
14,505,615,1,0
14,506,630,1,0
14,507,668,1,0
14,508,642,1,0
14,509,657,1,0
14,510,629,1,0
14,511,576,1,0
14,512,696,1,0
14,513,653,1,0
14,514,669,1,0
14,515,619,1,0
14,516,638,1,0
14,517,661,1,0
14,518,643,1,0
14,519,679,1,0
14,520,658,1,0
14,521,884,1,0
14,522,853,1,0
14,523,1014,1,0
14,524,1026,1,0
14,525,774,1,0
14,526,905,1,0
14,527,816,1,0
14,528,835,1,0
14,529,1247,1,0
14,530,735,1,0
14,531,817,1,0
14,532,753,1,0
14,533,1126,1,0
14,534,816,1,0
14,535,720,1,0
14,536,1029,1,0
14,537,769,1,0
14,538,877,1,0
14,539,917,1,0
14,540,924,1,0
14,541,703,1,0
14,542,824,1,0
14,543,654,1,0
14,544,672,1,0
14,545,629,1,0
14,546,627,1,0
14,547,640,1,0
14,548,642,1,0
14,549,592,1,0
14,550,602,1,0
14,551,597,1,0
14,552,671,1,0
14,553,652,1,0
14,554,589,1,0
14,555,798,1,0
14,556,622,1,0
14,557,580,1,0
14,558,785,1,0
14,559,693,1,0
14,560,623,1,0
14,561,768,1,0
14,562,613,1,0
14,563,700,1,0
14,564,639,1,0
14,565,600,1,0
14,566,609,1,0
14,567,656,1,0
14,568,602,1,0
14,569,610,1,0
14,570,693,1,0
14,571,619,1,0
14,572,658,1,0
14,573,722,1,0
14,574,640,1,0
14,575,671,1,0
14,576,574,1,0
14,577,660,1,0
14,578,670,1,0
14,579,631,1,0
14,580,715,1,0
14,581,758,1,0
14,582,671,1,0
14,583,646,1,0
14,584,652,1,0
14,585,680,1,0
14,586,686,1,0
14,587,626,1,0
14,588,694,1,0
14,589,669,1,0
14,590,630,1,0
14,591,650,1,0
14,592,627,1,0
14,593,665,1,0
14,594,576,1,0
14,595,852,1,0
14,596,1326,1,0
14,597,655,1,0
14,598,621,1,0
14,599,611,1,0
15,0,2000,1,0
15,1,628,1,0
15,2,655,1,0
15,3,608,1,0
15,4,647,1,0
15,5,653,1,0
15,6,777,1,0
15,7,787,1,0
15,8,780,1,0
15,9,775,1,0
15,10,637,1,0
15,11,965,1,0
15,12,657,1,0
15,13,629,1,0
15,14,711,1,0
15,15,701,1,0
15,16,703,1,0
15,17,715,1,0
15,18,645,1,0
15,19,687,1,0
15,20,612,1,0
15,21,662,1,0
15,22,740,1,0
15,23,630,1,0
15,24,884,1,0
15,25,844,1,0
15,26,661,1,0
15,27,694,1,0
15,28,1280,1,0
15,29,633,1,0
15,30,767,1,0
15,31,742,1,0
15,32,726,1,0
15,33,656,1,0
15,34,656,1,0
15,35,635,1,0
15,36,667,1,0
15,37,642,1,0
15,38,688,1,0
15,39,646,1,0
15,40,630,1,0
15,41,691,1,0
15,42,641,1,0
15,43,762,1,0
15,44,684,1,0
15,45,719,1,0
15,46,677,1,0
15,47,742,1,0
15,48,723,1,0
15,49,707,1,0
15,50,708,1,0
15,51,679,1,0
15,52,902,1,0
15,53,700,1,0
15,54,667,1,0
15,55,686,1,0
15,56,634,1,0
15,57,836,1,0
15,58,904,1,0
15,59,598,1,0
15,60,682,1,0
15,61,604,1,0
15,62,631,1,0
15,63,663,1,0
15,64,693,1,0
15,65,644,1,0
15,66,740,1,0
15,67,1204,1,0
15,68,1127,1,0
15,69,796,1,0
15,70,1212,1,0
15,71,954,1,0
15,72,1085,1,0
15,73,945,1,0
15,74,977,1,0
15,75,2073,1,0
15,76,890,1,0
15,77,796,1,0
15,78,899,1,0
15,79,800,1,0
15,80,782,1,0
15,81,691,1,0
15,82,661,1,0
15,83,634,1,0
15,84,726,1,0
15,85,640,1,0
15,86,843,1,0
15,87,734,1,0
15,88,633,1,0
15,89,626,1,0
15,90,590,1,0
15,91,698,1,0
15,92,577,1,0
15,93,629,1,0
15,94,712,1,0
15,95,640,1,0
15,96,604,1,0
15,97,597,1,0
15,98,655,1,0
15,99,648,1,0
15,100,798,1,0
15,101,738,1,0
15,102,660,1,0
15,103,658,1,0
15,104,642,1,0
15,105,699,1,0
15,106,725,1,0
15,107,741,1,0
15,108,697,1,0
15,109,659,1,0
15,110,663,1,0
15,111,658,1,0
15,112,676,1,0
15,113,643,1,0
15,114,632,1,0
15,115,679,1,0
15,116,667,1,0
15,117,625,1,0
15,118,756,1,0
15,119,690,1,0
15,120,681,1,0
15,121,739,1,0
15,122,638,1,0
15,123,660,1,0
15,124,713,1,0
15,125,1040,1,0
15,126,807,1,0
15,127,682,1,0
15,128,788,1,0
15,129,688,1,0
15,130,934,1,0
15,131,844,1,0
15,132,822,1,0
15,133,695,1,0
15,134,601,1,0
15,135,686,1,0
15,136,1201,1,0
15,137,737,1,0
15,138,1231,1,0
15,139,781,1,0
15,140,785,1,0
15,141,926,1,0
15,142,614,1,0
15,143,994,1,0
15,144,977,1,0
15,145,721,1,0
15,146,756,1,0
15,147,1019,1,0
15,148,1059,1,0
15,149,818,1,0
15,150,1203,1,0
15,151,995,1,0
15,152,961,1,0
15,153,1064,1,0
15,154,865,1,0
15,155,1061,1,0
15,156,881,1,0
15,157,986,1,0
15,158,976,1,0
15,159,928,1,0
15,160,861,1,0
15,161,764,1,0
15,162,891,1,0
15,163,1049,1,0
15,164,824,1,0
15,165,788,1,0
15,166,816,1,0
15,167,790,1,0
15,168,905,1,0
15,169,1334,1,0
15,170,674,1,0
15,171,680,1,0
15,172,718,1,0
15,173,680,1,0
15,174,1183,1,0
15,175,883,1,0
15,176,885,1,0
15,177,870,1,0
15,178,818,1,0
15,179,659,1,0
15,180,634,1,0
15,181,626,1,0
15,182,616,1,0
15,183,616,1,0
15,184,605,1,0
15,185,660,1,0
15,186,668,1,0
15,187,640,1,0
15,188,631,1,0
15,189,625,1,0
15,190,636,1,0
15,191,650,1,0
15,192,642,1,0
15,193,619,1,0
15,194,658,1,0
15,195,878,1,0
15,196,712,1,0
15,197,717,1,0
15,198,878,1,0
15,199,608,1,0
15,200,759,1,0
15,201,778,1,0
15,202,678,1,0
15,203,683,1,0
15,204,801,1,0
15,205,668,1,0
15,206,675,1,0
15,207,687,1,0
15,208,773,1,0
15,209,632,1,0
15,210,645,1,0
15,211,714,1,0
15,212,627,1,0
15,213,712,1,0
15,214,678,1,0
15,215,757,1,0
15,216,617,1,0
15,217,615,1,0
15,218,600,1,0
15,219,667,1,0
15,220,778,1,0
15,221,701,1,0
15,222,724,1,0
15,223,704,1,0
15,224,587,1,0
15,225,702,1,0
15,226,616,1,0
15,227,657,1,0
15,228,604,1,0
15,229,624,1,0
15,230,713,1,0
15,231,716,1,0
15,232,711,1,0
15,233,618,1,0
15,234,595,1,0
15,235,610,1,0
15,236,712,1,0
15,237,715,1,0
15,238,716,1,0
15,239,615,1,0
15,240,704,1,0
15,241,922,1,0
15,242,616,1,0
15,243,758,1,0
15,244,620,1,0
15,245,612,1,0
15,246,598,1,0
15,247,681,1,0
15,248,718,1,0
15,249,627,1,0
15,250,745,1,0
15,251,630,1,0
15,252,774,1,0
15,253,611,1,0
15,254,602,1,0
15,255,670,1,0
15,256,756,1,0
15,257,1034,1,0
15,258,757,1,0
15,259,763,1,0
15,260,748,1,0
15,261,717,1,0
15,262,787,1,0
15,263,770,1,0
15,264,874,1,0
15,265,688,1,0
15,266,763,1,0
15,267,704,1,0
15,268,610,1,0
15,269,661,1,0
15,270,860,1,0
15,271,650,1,0
15,272,820,1,0
15,273,842,1,0
15,274,892,1,0
15,275,880,1,0
15,276,728,1,0
15,277,642,1,0
15,278,608,1,0
15,279,649,1,0
15,280,665,1,0
15,281,732,1,0
15,282,637,1,0
15,283,622,1,0
15,284,595,1,0
15,285,646,1,0
15,286,636,1,0
15,287,622,1,0
15,288,720,1,0
15,289,795,1,0
15,290,652,1,0
15,291,624,1,0
15,292,723,1,0
15,293,664,1,0
15,294,636,1,0
15,295,633,1,0
15,296,640,1,0
15,297,956,1,0
15,298,658,1,0
15,299,871,1,0
15,300,856,1,0
15,301,912,1,0
15,302,725,1,0
15,303,731,1,0
15,304,785,1,0
15,305,666,1,0
15,306,661,1,0
15,307,607,1,0
15,308,601,1,0
15,309,609,1,0
15,310,687,1,0
15,311,739,1,0
15,312,667,1,0
15,313,643,1,0
15,314,727,1,0
15,315,672,1,0
15,316,684,1,0
15,317,682,1,0
15,318,635,1,0
15,319,622,1,0
15,320,722,1,0
15,321,646,1,0
15,322,687,1,0
15,323,689,1,0
15,324,639,1,0
15,325,677,1,0
15,326,661,1,0
15,327,579,1,0
15,328,604,1,0
15,329,614,1,0
15,330,599,1,0
15,331,697,1,0
15,332,841,1,0
15,333,1164,1,0
15,334,1070,1,0
15,335,937,1,0
15,336,830,1,0
15,337,1160,1,0
15,338,927,1,0
15,339,789,1,0
15,340,851,1,0
15,341,1267,1,0
15,342,949,1,0
15,343,1152,1,0
15,344,1070,1,0
15,345,1222,1,0
15,346,1024,1,0
15,347,1010,1,0
15,348,879,1,0
15,349,845,1,0
15,350,806,1,0
15,351,995,1,0
15,352,747,1,0
15,353,1071,1,0
15,354,745,1,0
15,355,701,1,0
15,356,1081,1,0
15,357,913,1,0
15,358,673,1,0
15,359,910,1,0
15,360,1075,1,0
15,361,729,1,0
15,362,588,1,0
15,363,601,1,0
15,364,612,1,0
15,365,651,1,0
15,366,620,1,0
15,367,966,1,0
15,368,602,1,0
15,369,715,1,0
15,370,662,1,0
15,371,633,1,0
15,372,667,1,0
15,373,647,1,0
15,374,685,1,0
15,375,676,1,0
15,376,633,1,0
15,377,645,1,0
15,378,678,1,0
15,379,902,1,0
15,380,595,1,0
15,381,677,1,0
15,382,661,1,0
15,383,679,1,0
15,384,837,1,0
15,385,724,1,0
15,386,702,1,0
15,387,1178,1,0
15,388,685,1,0
15,389,773,1,0
15,390,560,1,0
15,391,622,1,0
15,392,707,1,0
15,393,569,1,0
15,394,789,1,0
15,395,664,1,0
15,396,642,1,0
15,397,587,1,0
15,398,674,1,0
15,399,916,1,0
15,400,678,1,0
15,401,637,1,0
15,402,650,1,0
15,403,644,1,0
15,404,706,1,0
15,405,627,1,0
15,406,682,1,0
15,407,669,1,0
15,408,711,1,0
15,409,827,1,0
15,410,910,1,0
15,411,873,1,0
15,412,683,1,0
15,413,621,1,0
15,414,747,1,0
15,415,655,1,0
15,416,626,1,0
15,417,708,1,0
15,418,754,1,0
15,419,795,1,0
15,420,670,1,0
15,421,721,1,0
15,422,1148,1,0
15,423,842,1,0
15,424,706,1,0
15,425,701,1,0
15,426,841,1,0
15,427,680,1,0
15,428,1084,1,0
15,429,1209,1,0
15,430,968,1,0
15,431,812,1,0
15,432,971,1,0
15,433,835,1,0
15,434,802,1,0
15,435,762,1,0
15,436,746,1,0
15,437,817,1,0
15,438,853,1,0
15,439,1072,1,0
15,440,730,1,0
15,441,789,1,0
15,442,855,1,0
15,443,853,1,0
15,444,810,1,0
15,445,792,1,0
15,446,930,1,0
15,447,840,1,0
15,448,928,1,0
15,449,821,1,0
15,450,729,1,0
15,451,832,1,0
15,452,738,1,0
15,453,770,1,0
15,454,712,1,0
15,455,671,1,0
15,456,627,1,0
15,457,690,1,0
15,458,695,1,0
15,459,653,1,0
15,460,642,1,0
15,461,1097,1,0
15,462,620,1,0
15,463,902,1,0
15,464,862,1,0
15,465,761,1,0
15,466,903,1,0
15,467,667,1,0
15,468,777,1,0
15,469,651,1,0
15,470,664,1,0
15,471,672,1,0
15,472,617,1,0
15,473,642,1,0
15,474,688,1,0
15,475,754,1,0
15,476,632,1,0
15,477,661,1,0
15,478,665,1,0
15,479,755,1,0
15,480,681,1,0
15,481,726,1,0
15,482,661,1,0
15,483,688,1,0
15,484,616,1,0
15,485,671,1,0
15,486,793,1,0
15,487,661,1,0
15,488,962,1,0
15,489,779,1,0
15,490,660,1,0
15,491,730,1,0
15,492,705,1,0
15,493,642,1,0
15,494,690,1,0
15,495,707,1,0
15,496,705,1,0
15,497,616,1,0
15,498,654,1,0
15,499,699,1,0
15,500,772,1,0
15,501,695,1,0
15,502,650,1,0
15,503,996,1,0
15,504,779,1,0
15,505,764,1,0
15,506,646,1,0
15,507,1392,1,0
15,508,699,1,0
15,509,708,1,0
15,510,682,1,0
15,511,625,1,0
15,512,649,1,0
15,513,584,1,0
15,514,643,1,0
15,515,616,1,0
15,516,637,1,0
15,517,650,1,0
15,518,614,1,0
15,519,685,1,0
15,520,677,1,0
15,521,899,1,0
15,522,1359,1,0
15,523,1290,1,0
15,524,841,1,0
15,525,740,1,0
15,526,1014,1,0
15,527,1008,1,0
15,528,1000,1,0
15,529,955,1,0
15,530,917,1,0
15,531,988,1,0
15,532,1073,1,0
15,533,822,1,0
15,534,801,1,0
15,535,937,1,0
15,536,689,1,0
15,537,909,1,0
15,538,895,1,0
15,539,953,1,0
15,540,862,1,0
15,541,1167,1,0
15,542,751,1,0
15,543,828,1,0
15,544,799,1,0
15,545,895,1,0
15,546,669,1,0
15,547,672,1,0
15,548,672,1,0
15,549,790,1,0
15,550,772,1,0
15,551,685,1,0
15,552,623,1,0
15,553,581,1,0
15,554,837,1,0
15,555,661,1,0
15,556,623,1,0
15,557,872,1,0
15,558,743,1,0
15,559,617,1,0
15,560,570,1,0
15,561,631,1,0
15,562,638,1,0
15,563,710,1,0
15,564,732,1,0
15,565,703,1,0
15,566,698,1,0
15,567,672,1,0
15,568,671,1,0
15,569,695,1,0
15,570,817,1,0
15,571,633,1,0
15,572,624,1,0
15,573,706,1,0
15,574,704,1,0
15,575,616,1,0
15,576,711,1,0
15,577,653,1,0
15,578,739,1,0
15,579,726,1,0
15,580,700,1,0
15,581,682,1,0
15,582,674,1,0
15,583,838,1,0
15,584,803,1,0
15,585,627,1,0
15,586,780,1,0
15,587,738,1,0
15,588,729,1,0
15,589,743,1,0
15,590,673,1,0
15,591,748,1,0
15,592,637,1,0
15,593,743,1,0
15,594,753,1,0
15,595,672,1,0
15,596,767,1,0
15,597,669,1,0
15,598,712,1,0
15,599,635,1,0
16,0,2510,1,0
16,1,857,1,0
16,2,695,1,0
16,3,956,1,0
16,4,1038,1,0
16,5,855,1,0
16,6,1433,1,0
16,7,1002,1,0
16,8,859,1,0
16,9,1730,1,0
16,10,981,1,0
16,11,853,1,0
16,12,1117,1,0
16,13,1423,1,0
16,14,1157,1,0
16,15,1026,1,0
16,16,639,1,0
16,17,639,1,0
16,18,655,1,0
16,19,641,1,0
16,20,619,1,0
16,21,593,1,0
16,22,645,1,0
16,23,694,1,0
16,24,593,1,0
16,25,704,1,0
16,26,788,1,0
16,27,658,1,0
16,28,660,1,0
16,29,738,1,0
16,30,616,1,0
16,31,548,1,0
16,32,1169,1,0
16,33,560,1,0
16,34,643,1,0
16,35,653,1,0
16,36,557,1,0
16,37,635,1,0
16,38,607,1,0
16,39,685,1,0
16,40,592,1,0
16,41,582,1,0
16,42,819,1,0
16,43,605,1,0
16,44,644,1,0
16,45,712,1,0
16,46,617,1,0
16,47,629,1,0
16,48,611,1,0
16,49,668,1,0
16,50,681,1,0
16,51,685,1,0
16,52,679,1,0
16,53,605,1,0
16,54,584,1,0
16,55,614,1,0
16,56,800,1,0
16,57,828,1,0
16,58,797,1,0
16,59,710,1,0
16,60,680,1,0
16,61,661,1,0
16,62,711,1,0
16,63,688,1,0
16,64,727,1,0
16,65,605,1,0
16,66,702,1,0
16,67,678,1,0
16,68,761,1,0
16,69,944,1,0
16,70,794,1,0
16,71,846,1,0
16,72,949,1,0
16,73,1286,1,0
16,74,1327,1,0
16,75,1632,1,0
16,76,1114,1,0
16,77,843,1,0
16,78,707,1,0
16,79,625,1,0
16,80,654,1,0
16,81,647,1,0
16,82,877,1,0
16,83,681,1,0
16,84,711,1,0
16,85,896,1,0
16,86,665,1,0
16,87,894,1,0
16,88,833,1,0
16,89,741,1,0
16,90,904,1,0
16,91,919,1,0
16,92,739,1,0
16,93,743,1,0
16,94,677,1,0
16,95,696,1,0
16,96,644,1,0
16,97,638,1,0
16,98,681,1,0
16,99,735,1,0
16,100,996,1,0
16,101,661,1,0
16,102,620,1,0
16,103,661,1,0
16,104,746,1,0
16,105,633,1,0
16,106,605,1,0
16,107,675,1,0
16,108,684,1,0
16,109,623,1,0
16,110,602,1,0
16,111,834,1,0
16,112,642,1,0
16,113,715,1,0
16,114,790,1,0
16,115,628,1,0
16,116,683,1,0
16,117,624,1,0
16,118,580,1,0
16,119,644,1,0
16,120,595,1,0
16,121,604,1,0
16,122,710,1,0
16,123,728,1,0
16,124,623,1,0
16,125,967,1,0
16,126,792,1,0
16,127,611,1,0
16,128,736,1,0
16,129,706,1,0
16,130,1037,1,0
16,131,857,1,0
16,132,670,1,0
16,133,662,1,0
16,134,611,1,0
16,135,598,1,0
16,136,758,1,0
16,137,619,1,0
16,138,739,1,0
16,139,719,1,0
16,140,703,1,0
16,141,677,1,0
16,142,665,1,0
16,143,694,1,0
16,144,596,1,0
16,145,673,1,0
16,146,664,1,0
16,147,611,1,0
16,148,894,1,0
16,149,728,1,0
16,150,1412,1,0
16,151,652,1,0
16,152,710,1,0
16,153,603,1,0
16,154,750,1,0
16,155,662,1,0
16,156,815,1,0
16,157,658,1,0
16,158,664,1,0
16,159,828,1,0
16,160,838,1,0
16,161,1127,1,0
16,162,1075,1,0
16,163,996,1,0
16,164,966,1,0
16,165,1330,1,0
16,166,726,1,0
16,167,693,1,0
16,168,929,1,0
16,169,1550,1,0
16,170,917,1,0
16,171,727,1,0
16,172,753,1,0
16,173,1258,1,0
16,174,851,1,0
16,175,807,1,0
16,176,784,1,0
16,177,798,1,0
16,178,1584,1,0
16,179,830,1,0
16,180,810,1,0
16,181,795,1,0
16,182,742,1,0
16,183,774,1,0
16,184,711,1,0
16,185,732,1,0
16,186,721,1,0
16,187,775,1,0
16,188,628,1,0
16,189,634,1,0
16,190,673,1,0
16,191,627,1,0
16,192,637,1,0
16,193,601,1,0
16,194,552,1,0
16,195,715,1,0
16,196,634,1,0
16,197,722,1,0
16,198,698,1,0
16,199,682,1,0
16,200,628,1,0
16,201,684,1,0
16,202,619,1,0
16,203,608,1,0
16,204,705,1,0
16,205,623,1,0
16,206,628,1,0
16,207,625,1,0
16,208,648,1,0
16,209,665,1,0
16,210,596,1,0
16,211,595,1,0
16,212,550,1,0
16,213,611,1,0
16,214,617,1,0
16,215,632,1,0
16,216,669,1,0
16,217,658,1,0
16,218,726,1,0
16,219,651,1,0
16,220,642,1,0
16,221,608,1,0
16,222,720,1,0
16,223,654,1,0
16,224,562,1,0
16,225,632,1,0
16,226,639,1,0
16,227,548,1,0
16,228,630,1,0
16,229,703,1,0
16,230,635,1,0
16,231,1287,1,0
16,232,563,1,0
16,233,596,1,0
16,234,604,1,0
16,235,616,1,0
16,236,675,1,0
16,237,648,1,0
16,238,545,1,0
16,239,606,1,0
16,240,676,1,0
16,241,865,1,0
16,242,570,1,0
16,243,742,1,0
16,244,691,1,0
16,245,628,1,0
16,246,568,1,0
16,247,619,1,0
16,248,604,1,0
16,249,683,1,0
16,250,641,1,0
16,251,629,1,0
16,252,815,1,0
16,253,685,1,0
16,254,616,1,0
16,255,633,1,0
16,256,566,1,0
16,257,767,1,0
16,258,627,1,0
16,259,736,1,0
16,260,770,1,0
16,261,834,1,0
16,262,747,1,0
16,263,780,1,0
16,264,848,1,0
16,265,685,1,0
16,266,863,1,0
16,267,725,1,0
16,268,785,1,0
16,269,679,1,0
16,270,735,1,0
16,271,707,1,0
16,272,868,1,0
16,273,641,1,0
16,274,987,1,0
16,275,836,1,0
16,276,705,1,0
16,277,698,1,0
16,278,544,1,0
16,279,763,1,0
16,280,709,1,0
16,281,601,1,0
16,282,602,1,0
16,283,596,1,0
16,284,648,1,0
16,285,559,1,0
16,286,604,1,0
16,287,611,1,0
16,288,596,1,0
16,289,579,1,0
16,290,653,1,0
16,291,593,1,0
16,292,658,1,0
16,293,680,1,0
16,294,626,1,0
16,295,554,1,0
16,296,593,1,0
16,297,945,1,0
16,298,603,1,0
16,299,718,1,0
16,300,594,1,0
16,301,730,1,0
16,302,563,1,0
16,303,582,1,0
16,304,615,1,0
16,305,666,1,0
16,306,598,1,0
16,307,653,1,0
16,308,649,1,0
16,309,760,1,0
16,310,590,1,0
16,311,635,1,0
16,312,590,1,0
16,313,652,1,0
16,314,623,1,0
16,315,600,1,0
16,316,654,1,0
16,317,624,1,0
16,318,634,1,0
16,319,569,1,0
16,320,602,1,0
16,321,690,1,0
16,322,673,1,0
16,323,701,1,0
16,324,683,1,0
16,325,682,1,0
16,326,653,1,0
16,327,655,1,0
16,328,616,1,0
16,329,636,1,0
16,330,612,1,0
16,331,594,1,0
16,332,647,1,0
16,333,676,1,0
16,334,820,1,0
16,335,635,1,0
16,336,769,1,0
16,337,791,1,0
16,338,616,1,0
16,339,590,1,0
16,340,639,1,0
16,341,1436,1,0
16,342,995,1,0
16,343,848,1,0
16,344,745,1,0
16,345,896,1,0
16,346,850,1,0
16,347,868,1,0
16,348,675,1,0
16,349,674,1,0
16,350,811,1,0
16,351,826,1,0
16,352,898,1,0
16,353,893,1,0
16,354,956,1,0
16,355,794,1,0
16,356,773,1,0
16,357,886,1,0
16,358,957,1,0
16,359,982,1,0
16,360,1164,1,0
16,361,765,1,0
16,362,742,1,0
16,363,772,1,0
16,364,711,1,0
16,365,716,1,0
16,366,725,1,0
16,367,898,1,0
16,368,722,1,0
16,369,970,1,0
16,370,821,1,0
16,371,678,1,0
16,372,670,1,0
16,373,662,1,0
16,374,613,1,0
16,375,649,1,0
16,376,638,1,0
16,377,625,1,0
16,378,646,1,0
16,379,764,1,0
16,380,609,1,0
16,381,693,1,0
16,382,776,1,0
16,383,590,1,0
16,384,654,1,0
16,385,648,1,0
16,386,637,1,0
16,387,1341,1,0
16,388,640,1,0
16,389,1014,1,0
16,390,602,1,0
16,391,806,1,0
16,392,629,1,0
16,393,539,1,0
16,394,697,1,0
16,395,571,1,0
16,396,588,1,0
16,397,585,1,0
16,398,557,1,0
16,399,658,1,0
16,400,561,1,0
16,401,542,1,0
16,402,766,1,0
16,403,609,1,0
16,404,714,1,0
16,405,604,1,0
16,406,654,1,0
16,407,628,1,0
16,408,640,1,0
16,409,960,1,0
16,410,619,1,0
16,411,682,1,0
16,412,779,1,0
16,413,626,1,0
16,414,748,1,0
16,415,617,1,0
16,416,597,1,0
16,417,604,1,0
16,418,627,1,0
16,419,835,1,0
16,420,835,1,0
16,421,632,1,0
16,422,663,1,0
16,423,598,1,0
16,424,637,1,0
16,425,636,1,0
16,426,1008,1,0
16,427,622,1,0
16,428,1069,1,0
16,429,1230,1,0
16,430,644,1,0
16,431,650,1,0
16,432,624,1,0
16,433,600,1,0
16,434,623,1,0
16,435,635,1,0
16,436,594,1,0
16,437,951,1,0
16,438,638,1,0
16,439,1248,1,0
16,440,680,1,0
16,441,1052,1,0
16,442,834,1,0
16,443,796,1,0
16,444,981,1,0
16,445,1005,1,0
16,446,1190,1,0
16,447,1013,1,0
16,448,978,1,0
16,449,1034,1,0
16,450,809,1,0
16,451,924,1,0
16,452,769,1,0
16,453,786,1,0
16,454,698,1,0
16,455,746,1,0
16,456,705,1,0
16,457,895,1,0
16,458,891,1,0
16,459,1047,1,0
16,460,704,1,0
16,461,889,1,0
16,462,758,1,0
16,463,800,1,0
16,464,768,1,0
16,465,836,1,0
16,466,721,1,0
16,467,723,1,0
16,468,995,1,0
16,469,1238,1,0
16,470,735,1,0
16,471,689,1,0
16,472,606,1,0
16,473,641,1,0
16,474,627,1,0
16,475,590,1,0
16,476,612,1,0
16,477,579,1,0
16,478,630,1,0
16,479,889,1,0
16,480,636,1,0
16,481,602,1,0
16,482,860,1,0
16,483,674,1,0
16,484,673,1,0
16,485,666,1,0
16,486,675,1,0
16,487,769,1,0
16,488,801,1,0
16,489,675,1,0
16,490,802,1,0
16,491,577,1,0
16,492,669,1,0
16,493,597,1,0
16,494,672,1,0
16,495,677,1,0
16,496,598,1,0
16,497,677,1,0
16,498,632,1,0
16,499,770,1,0
16,500,686,1,0
16,501,570,1,0
16,502,717,1,0
16,503,701,1,0
16,504,874,1,0
16,505,667,1,0
16,506,606,1,0
16,507,665,1,0
16,508,610,1,0
16,509,817,1,0
16,510,677,1,0
16,511,747,1,0
16,512,653,1,0
16,513,673,1,0
16,514,640,1,0
16,515,619,1,0
16,516,640,1,0
16,517,622,1,0
16,518,655,1,0
16,519,647,1,0
16,520,653,1,0
16,521,889,1,0
16,522,687,1,0
16,523,769,1,0
16,524,751,1,0
16,525,771,1,0
16,526,697,1,0
16,527,734,1,0
16,528,856,1,0
16,529,911,1,0
16,530,666,1,0
16,531,1093,1,0
16,532,927,1,0
16,533,649,1,0
16,534,726,1,0
16,535,618,1,0
16,536,723,1,0
16,537,1083,1,0
16,538,931,1,0
16,539,1050,1,0
16,540,1050,1,0
16,541,975,1,0
16,542,970,1,0
16,543,906,1,0
16,544,872,1,0
16,545,772,1,0
16,546,1110,1,0
16,547,940,1,0
16,548,757,1,0
16,549,970,1,0
16,550,978,1,0
16,551,967,1,0
16,552,862,1,0
16,553,699,1,0
16,554,1213,1,0
16,555,1119,1,0
16,556,801,1,0
16,557,751,1,0
16,558,899,1,0
16,559,930,1,0
16,560,910,1,0
16,561,970,1,0
16,562,631,1,0
16,563,665,1,0
16,564,796,1,0
16,565,643,1,0
16,566,710,1,0
16,567,596,1,0
16,568,689,1,0
16,569,644,1,0
16,570,642,1,0
16,571,681,1,0
16,572,633,1,0
16,573,643,1,0
16,574,606,1,0
16,575,697,1,0
16,576,602,1,0
16,577,637,1,0
16,578,717,1,0
16,579,671,1,0
16,580,781,1,0
16,581,597,1,0
16,582,610,1,0
16,583,643,1,0
16,584,638,1,0
16,585,662,1,0
16,586,648,1,0
16,587,701,1,0
16,588,610,1,0
16,589,664,1,0
16,590,655,1,0
16,591,658,1,0
16,592,655,1,0
16,593,944,1,0
16,594,701,1,0
16,595,596,1,0
16,596,667,1,0
16,597,551,1,0
16,598,731,1,0
16,599,680,1,0
17,0,1818,1,0
17,1,905,1,0
17,2,634,1,0
17,3,669,1,0
17,4,613,1,0
17,5,624,1,0
17,6,754,1,0
17,7,948,1,0
17,8,693,1,0
17,9,1656,1,0
17,10,694,1,0
17,11,702,1,0
17,12,685,1,0
17,13,624,1,0
17,14,642,1,0
17,15,688,1,0
17,16,640,1,0
17,17,631,1,0
17,18,649,1,0
17,19,933,1,0
17,20,706,1,0
17,21,726,1,0
17,22,635,1,0
17,23,742,1,0
17,24,672,1,0
17,25,727,1,0
17,26,866,1,0
17,27,737,1,0
17,28,667,1,0
17,29,622,1,0
17,30,763,1,0
17,31,652,1,0
17,32,956,1,0
17,33,666,1,0
17,34,614,1,0
17,35,574,1,0
17,36,587,1,0
17,37,592,1,0
17,38,720,1,0
17,39,720,1,0
17,40,715,1,0
17,41,642,1,0
17,42,721,1,0
17,43,773,1,0
17,44,660,1,0
17,45,773,1,0
17,46,759,1,0
17,47,677,1,0
17,48,794,1,0
17,49,686,1,0
17,50,840,1,0
17,51,657,1,0
17,52,950,1,0
17,53,1013,1,0
17,54,713,1,0
17,55,699,1,0
17,56,677,1,0
17,57,983,1,0
17,58,1513,1,0
17,59,745,1,0
17,60,753,1,0
17,61,898,1,0
17,62,710,1,0
17,63,660,1,0
17,64,690,1,0
17,65,666,1,0
17,66,594,1,0
17,67,600,1,0
17,68,722,1,0
17,69,737,1,0
17,70,653,1,0
17,71,722,1,0
17,72,703,1,0
17,73,587,1,0
17,74,638,1,0
17,75,1106,1,0
17,76,1179,1,0
17,77,627,1,0
17,78,661,1,0
17,79,550,1,0
17,80,609,1,0
17,81,638,1,0
17,82,600,1,0
17,83,633,1,0
17,84,617,1,0
17,85,558,1,0
17,86,665,1,0
17,87,615,1,0
17,88,771,1,0
17,89,570,1,0
17,90,576,1,0
17,91,678,1,0
17,92,563,1,0
17,93,650,1,0
17,94,610,1,0
17,95,628,1,0
17,96,662,1,0
17,97,602,1,0
17,98,678,1,0
17,99,633,1,0
17,100,1250,1,0
17,101,644,1,0
17,102,1005,1,0
17,103,791,1,0
17,104,1175,1,0
17,105,629,1,0
17,106,654,1,0
17,107,623,1,0
17,108,724,1,0
17,109,625,1,0
17,110,648,1,0
17,111,599,1,0
17,112,633,1,0
17,113,882,1,0
17,114,675,1,0
17,115,639,1,0
17,116,692,1,0
17,117,611,1,0
17,118,697,1,0
17,119,680,1,0
17,120,691,1,0
17,121,2199,1,0
17,122,946,1,0
17,123,833,1,0
17,124,670,1,0
17,125,1050,1,0
17,126,1048,1,0
17,127,1120,1,0
17,128,896,1,0
17,129,848,1,0
17,130,792,1,0
17,131,963,1,0
17,132,865,1,0
17,133,958,1,0
17,134,766,1,0
17,135,833,1,0
17,136,1005,1,0
17,137,803,1,0
17,138,946,1,0
17,139,926,1,0
17,140,1024,1,0
17,141,1010,1,0
17,142,846,1,0
17,143,904,1,0
17,144,909,1,0
17,145,701,1,0
17,146,747,1,0
17,147,959,1,0
17,148,761,1,0
17,149,928,1,0
17,150,672,1,0
17,151,657,1,0
17,152,603,1,0
17,153,667,1,0
17,154,751,1,0
17,155,632,1,0
17,156,594,1,0
17,157,633,1,0
17,158,679,1,0
17,159,592,1,0
17,160,622,1,0
17,161,622,1,0
17,162,646,1,0
17,163,690,1,0
17,164,666,1,0
17,165,744,1,0
17,166,827,1,0
17,167,591,1,0
17,168,615,1,0
17,169,789,1,0
17,170,613,1,0
17,171,628,1,0
17,172,580,1,0
17,173,890,1,0
17,174,662,1,0
17,175,617,1,0
17,176,624,1,0
17,177,722,1,0
17,178,690,1,0
17,179,663,1,0
17,180,606,1,0
17,181,662,1,0
17,182,640,1,0
17,183,738,1,0
17,184,650,1,0
17,185,683,1,0
17,186,602,1,0
17,187,621,1,0
17,188,737,1,0
17,189,698,1,0
17,190,697,1,0
17,191,627,1,0
17,192,631,1,0
17,193,663,1,0
17,194,609,1,0
17,195,717,1,0
17,196,676,1,0
17,197,685,1,0
17,198,1188,1,0
17,199,686,1,0
17,200,702,1,0
17,201,626,1,0
17,202,708,1,0
17,203,655,1,0
17,204,680,1,0
17,205,597,1,0
17,206,646,1,0
17,207,618,1,0
17,208,740,1,0
17,209,771,1,0
17,210,653,1,0
17,211,620,1,0
17,212,611,1,0
17,213,649,1,0
17,214,887,1,0
17,215,602,1,0
17,216,560,1,0
17,217,614,1,0
17,218,591,1,0
17,219,603,1,0
17,220,645,1,0
17,221,626,1,0
17,222,635,1,0
17,223,620,1,0
17,224,659,1,0
17,225,642,1,0
17,226,615,1,0
17,227,653,1,0
17,228,711,1,0
17,229,705,1,0
17,230,688,1,0
17,231,863,1,0
17,232,690,1,0
17,233,741,1,0
17,234,778,1,0
17,235,945,1,0
17,236,943,1,0
17,237,814,1,0
17,238,695,1,0
17,239,695,1,0
17,240,880,1,0
17,241,1329,1,0
17,242,871,1,0
17,243,862,1,0
17,244,564,1,0
17,245,637,1,0
17,246,554,1,0
17,247,564,1,0
17,248,570,1,0
17,249,640,1,0
17,250,593,1,0
17,251,561,1,0
17,252,730,1,0
17,253,561,1,0
17,254,635,1,0
17,255,686,1,0
17,256,555,1,0
17,257,726,1,0
17,258,571,1,0
17,259,666,1,0
17,260,775,1,0
17,261,637,1,0
17,262,666,1,0
17,263,657,1,0
17,264,788,1,0
17,265,657,1,0
17,266,615,1,0
17,267,564,1,0
17,268,620,1,0
17,269,615,1,0
17,270,794,1,0
17,271,631,1,0
17,272,685,1,0
17,273,686,1,0
17,274,601,1,0
17,275,576,1,0
17,276,603,1,0
17,277,632,1,0
17,278,628,1,0
17,279,569,1,0
17,280,672,1,0
17,281,722,1,0
17,282,658,1,0
17,283,640,1,0
17,284,580,1,0
17,285,622,1,0
17,286,619,1,0
17,287,664,1,0
17,288,613,1,0
17,289,947,1,0
17,290,618,1,0
17,291,592,1,0
17,292,678,1,0
17,293,799,1,0
17,294,666,1,0
17,295,607,1,0
17,296,626,1,0
17,297,975,1,0
17,298,674,1,0
17,299,793,1,0
17,300,622,1,0
17,301,732,1,0
17,302,569,1,0
17,303,682,1,0
17,304,716,1,0
17,305,577,1,0
17,306,634,1,0
17,307,559,1,0
17,308,685,1,0
17,309,648,1,0
17,310,573,1,0
17,311,952,1,0
17,312,617,1,0
17,313,641,1,0
17,314,631,1,0
17,315,626,1,0
17,316,720,1,0
17,317,655,1,0
17,318,740,1,0
17,319,816,1,0
17,320,954,1,0
17,321,1014,1,0
17,322,920,1,0
17,323,768,1,0
17,324,765,1,0
17,325,989,1,0
17,326,836,1,0
17,327,935,1,0
17,328,764,1,0
17,329,711,1,0
17,330,577,1,0
17,331,643,1,0
17,332,705,1,0
17,333,621,1,0
17,334,621,1,0
17,335,590,1,0
17,336,612,1,0
17,337,895,1,0
17,338,642,1,0
17,339,647,1,0
17,340,674,1,0
17,341,695,1,0
17,342,649,1,0
17,343,608,1,0
17,344,655,1,0
17,345,649,1,0
17,346,670,1,0
17,347,726,1,0
17,348,751,1,0
17,349,671,1,0
17,350,621,1,0
17,351,627,1,0
17,352,642,1,0
17,353,647,1,0
17,354,615,1,0
17,355,704,1,0
17,356,625,1,0
17,357,672,1,0
17,358,644,1,0
17,359,714,1,0
17,360,652,1,0
17,361,773,1,0
17,362,871,1,0
17,363,673,1,0
17,364,583,1,0
17,365,728,1,0
17,366,696,1,0
17,367,600,1,0
17,368,678,1,0
17,369,682,1,0
17,370,702,1,0
17,371,584,1,0
17,372,663,1,0
17,373,645,1,0
17,374,645,1,0
17,375,676,1,0
17,376,680,1,0
17,377,614,1,0
17,378,616,1,0
17,379,645,1,0
17,380,696,1,0
17,381,644,1,0
17,382,675,1,0
17,383,628,1,0
17,384,666,1,0
17,385,670,1,0
17,386,604,1,0
17,387,1284,1,0
17,388,1092,1,0
17,389,766,1,0
17,390,681,1,0
17,391,1289,1,0
17,392,798,1,0
17,393,605,1,0
17,394,832,1,0
17,395,591,1,0
17,396,680,1,0
17,397,677,1,0
17,398,613,1,0
17,399,703,1,0
17,400,685,1,0
17,401,576,1,0
17,402,645,1,0
17,403,652,1,0
17,404,660,1,0
17,405,710,1,0
17,406,599,1,0
17,407,637,1,0
17,408,661,1,0
17,409,1464,1,0
17,410,875,1,0
17,411,1020,1,0
17,412,795,1,0
17,413,653,1,0
17,414,663,1,0
17,415,805,1,0
17,416,857,1,0
17,417,736,1,0
17,418,669,1,0
17,419,1035,1,0
17,420,978,1,0
17,421,1284,1,0
17,422,711,1,0
17,423,703,1,0
17,424,614,1,0
17,425,721,1,0
17,426,665,1,0
17,427,607,1,0
17,428,886,1,0
17,429,1040,1,0
17,430,820,1,0
17,431,574,1,0
17,432,627,1,0
17,433,613,1,0
17,434,633,1,0
17,435,613,1,0
17,436,619,1,0
17,437,592,1,0
17,438,718,1,0
17,439,899,1,0
17,440,760,1,0
17,441,687,1,0
17,442,641,1,0
17,443,589,1,0
17,444,643,1,0
17,445,673,1,0
17,446,600,1,0
17,447,644,1,0
17,448,662,1,0
17,449,696,1,0
17,450,668,1,0
17,451,610,1,0
17,452,659,1,0
17,453,655,1,0
17,454,580,1,0
17,455,625,1,0
17,456,625,1,0
17,457,661,1,0
17,458,736,1,0
17,459,1624,1,0
17,460,634,1,0
17,461,740,1,0
17,462,633,1,0
17,463,659,1,0
17,464,646,1,0
17,465,711,1,0
17,466,583,1,0
17,467,589,1,0
17,468,696,1,0
17,469,817,1,0
17,470,666,1,0
17,471,601,1,0
17,472,656,1,0
17,473,689,1,0
17,474,639,1,0
17,475,637,1,0
17,476,659,1,0
17,477,679,1,0
17,478,632,1,0
17,479,1217,1,0
17,480,608,1,0
17,481,625,1,0
17,482,657,1,0
17,483,610,1,0
17,484,666,1,0
17,485,693,1,0
17,486,849,1,0
17,487,1305,1,0
17,488,1031,1,0
17,489,966,1,0
17,490,670,1,0
17,491,607,1,0
17,492,666,1,0
17,493,697,1,0
17,494,588,1,0
17,495,647,1,0
17,496,659,1,0
17,497,643,1,0
17,498,688,1,0
17,499,852,1,0
17,500,725,1,0
17,501,621,1,0
17,502,845,1,0
17,503,738,1,0
17,504,895,1,0
17,505,805,1,0
17,506,742,1,0
17,507,839,1,0
17,508,650,1,0
17,509,795,1,0
17,510,664,1,0
17,511,778,1,0
17,512,928,1,0
17,513,807,1,0
17,514,803,1,0
17,515,700,1,0
17,516,667,1,0
17,517,745,1,0
17,518,832,1,0
17,519,800,1,0
17,520,761,1,0
17,521,847,1,0
17,522,700,1,0
17,523,763,1,0
17,524,1357,1,0
17,525,604,1,0
17,526,831,1,0
17,527,689,1,0
17,528,686,1,0
17,529,705,1,0
17,530,637,1,0
17,531,683,1,0
17,532,628,1,0
17,533,657,1,0
17,534,675,1,0
17,535,622,1,0
17,536,639,1,0
17,537,618,1,0
17,538,674,1,0
17,539,631,1,0
17,540,672,1,0
17,541,720,1,0
17,542,802,1,0
17,543,609,1,0
17,544,604,1,0
17,545,592,1,0
17,546,605,1,0
17,547,640,1,0
17,548,659,1,0
17,549,795,1,0
17,550,769,1,0
17,551,656,1,0
17,552,647,1,0
17,553,646,1,0
17,554,656,1,0
17,555,590,1,0
17,556,673,1,0
17,557,644,1,0
17,558,620,1,0
17,559,688,1,0
17,560,673,1,0
17,561,644,1,0
17,562,595,1,0
17,563,629,1,0
17,564,624,1,0
17,565,602,1,0
17,566,667,1,0
17,567,590,1,0
17,568,642,1,0
17,569,642,1,0
17,570,695,1,0
17,571,792,1,0
17,572,642,1,0
17,573,680,1,0
17,574,618,1,0
17,575,606,1,0
17,576,635,1,0
17,577,683,1,0
17,578,660,1,0
17,579,942,1,0
17,580,961,1,0
17,581,665,1,0
17,582,637,1,0
17,583,1685,1,0
17,584,670,1,0
17,585,637,1,0
17,586,702,1,0
17,587,626,1,0
17,588,889,1,0
17,589,1018,1,0
17,590,649,1,0
17,591,1055,1,0
17,592,829,1,0
17,593,991,1,0
17,594,980,1,0
17,595,786,1,0
17,596,708,1,0
17,597,1085,1,0
17,598,844,1,0
17,599,1024,1,0
18,0,1586,1,0
18,1,646,1,0
18,2,618,1,0
18,3,606,1,0
18,4,707,1,0
18,5,695,1,0
18,6,1287,1,0
18,7,1328,1,0
18,8,816,1,0
18,9,1438,1,0
18,10,1098,1,0
18,11,883,1,0
18,12,1108,1,0
18,13,964,1,0
18,14,954,1,0
18,15,971,1,0
18,16,982,1,0
18,17,747,1,0
18,18,999,1,0
18,19,931,1,0
18,20,847,1,0
18,21,926,1,0
18,22,728,1,0
18,23,842,1,0
18,24,1221,1,0
18,25,1195,1,0
18,26,934,1,0
18,27,809,1,0
18,28,953,1,0
18,29,904,1,0
18,30,706,1,0
18,31,884,1,0
18,32,1097,1,0
18,33,615,1,0
18,34,730,1,0
18,35,568,1,0
18,36,724,1,0
18,37,681,1,0
18,38,576,1,0
18,39,651,1,0
18,40,589,1,0
18,41,648,1,0
18,42,666,1,0
18,43,557,1,0
18,44,612,1,0
18,45,655,1,0
18,46,622,1,0
18,47,645,1,0
18,48,757,1,0
18,49,664,1,0
18,50,612,1,0
18,51,702,1,0
18,52,699,1,0
18,53,587,1,0
18,54,654,1,0
18,55,788,1,0
18,56,651,1,0
18,57,659,1,0
18,58,956,1,0
18,59,610,1,0
18,60,577,1,0
18,61,633,1,0
18,62,623,1,0
18,63,633,1,0
18,64,595,1,0
18,65,664,1,0
18,66,654,1,0
18,67,718,1,0
18,68,1088,1,0
18,69,1284,1,0
18,70,1477,1,0
18,71,1149,1,0
18,72,973,1,0
18,73,1230,1,0
18,74,1098,1,0
18,75,1360,1,0
18,76,1137,1,0
18,77,642,1,0
18,78,674,1,0
18,79,667,1,0
18,80,703,1,0
18,81,686,1,0
18,82,685,1,0
18,83,635,1,0
18,84,767,1,0
18,85,603,1,0
18,86,685,1,0
18,87,662,1,0
18,88,756,1,0
18,89,698,1,0
18,90,628,1,0
18,91,620,1,0
18,92,584,1,0
18,93,610,1,0
18,94,594,1,0
18,95,586,1,0
18,96,568,1,0
18,97,618,1,0
18,98,870,1,0
18,99,667,1,0
18,100,853,1,0
18,101,676,1,0
18,102,864,1,0
18,103,1035,1,0
18,104,898,1,0
18,105,702,1,0
18,106,826,1,0
18,107,832,1,0
18,108,826,1,0
18,109,903,1,0
18,110,806,1,0
18,111,819,1,0
18,112,824,1,0
18,113,843,1,0
18,114,838,1,0
18,115,738,1,0
18,116,1405,1,0
18,117,962,1,0
18,118,894,1,0
18,119,976,1,0
18,120,883,1,0
18,121,816,1,0
18,122,924,1,0
18,123,1123,1,0
18,124,905,1,0
18,125,842,1,0
18,126,617,1,0
18,127,606,1,0
18,128,654,1,0
18,129,796,1,0
18,130,736,1,0
18,131,832,1,0
18,132,686,1,0
18,133,732,1,0
18,134,618,1,0
18,135,695,1,0
18,136,686,1,0
18,137,636,1,0
18,138,695,1,0
18,139,653,1,0
18,140,621,1,0
18,141,629,1,0
18,142,677,1,0
18,143,767,1,0
18,144,659,1,0
18,145,600,1,0
18,146,649,1,0
18,147,745,1,0
18,148,627,1,0
18,149,829,1,0
18,150,596,1,0
18,151,632,1,0
18,152,657,1,0
18,153,650,1,0
18,154,663,1,0
18,155,652,1,0
18,156,743,1,0
18,157,599,1,0
18,158,739,1,0
18,159,823,1,0
18,160,676,1,0
18,161,626,1,0
18,162,843,1,0
18,163,702,1,0
18,164,575,1,0
18,165,654,1,0
18,166,628,1,0
18,167,654,1,0
18,168,696,1,0
18,169,758,1,0
18,170,746,1,0
18,171,665,1,0
18,172,648,1,0
18,173,702,1,0
18,174,651,1,0
18,175,702,1,0
18,176,837,1,0
18,177,1056,1,0
18,178,837,1,0
18,179,1243,1,0
18,180,751,1,0
18,181,896,1,0
18,182,764,1,0
18,183,940,1,0
18,184,702,1,0
18,185,645,1,0
18,186,993,1,0
18,187,857,1,0
18,188,988,1,0
18,189,832,1,0
18,190,870,1,0
18,191,953,1,0
18,192,898,1,0
18,193,920,1,0
18,194,1047,1,0
18,195,876,1,0
18,196,929,1,0
18,197,1131,1,0
18,198,786,1,0
18,199,873,1,0
18,200,769,1,0
18,201,982,1,0
18,202,714,1,0
18,203,834,1,0
18,204,783,1,0
18,205,892,1,0
18,206,662,1,0
18,207,746,1,0
18,208,686,1,0
18,209,666,1,0
18,210,550,1,0
18,211,591,1,0
18,212,604,1,0
18,213,559,1,0
18,214,643,1,0
18,215,619,1,0
18,216,562,1,0
18,217,703,1,0
18,218,765,1,0
18,219,545,1,0
18,220,579,1,0
18,221,647,1,0
18,222,578,1,0
18,223,737,1,0
18,224,567,1,0
18,225,636,1,0
18,226,640,1,0
18,227,630,1,0
18,228,677,1,0
18,229,682,1,0
18,230,618,1,0
18,231,643,1,0
18,232,660,1,0
18,233,606,1,0
18,234,601,1,0
18,235,594,1,0
18,236,660,1,0
18,237,655,1,0
18,238,598,1,0
18,239,673,1,0
18,240,592,1,0
18,241,693,1,0
18,242,611,1,0
18,243,658,1,0
18,244,613,1,0
18,245,635,1,0
18,246,580,1,0
18,247,604,1,0
18,248,578,1,0
18,249,630,1,0
18,250,651,1,0
18,251,597,1,0
18,252,634,1,0
18,253,596,1,0
18,254,651,1,0
18,255,658,1,0
18,256,687,1,0
18,257,742,1,0
18,258,644,1,0
18,259,685,1,0
18,260,656,1,0
18,261,612,1,0
18,262,876,1,0
18,263,872,1,0
18,264,823,1,0
18,265,692,1,0
18,266,1369,1,0
18,267,701,1,0
18,268,753,1,0
18,269,686,1,0
18,270,658,1,0
18,271,612,1,0
18,272,740,1,0
18,273,627,1,0
18,274,621,1,0
18,275,633,1,0
18,276,670,1,0
18,277,584,1,0
18,278,688,1,0
18,279,661,1,0
18,280,658,1,0
18,281,647,1,0
18,282,677,1,0
18,283,560,1,0
18,284,636,1,0
18,285,595,1,0
18,286,689,1,0
18,287,812,1,0
18,288,642,1,0
18,289,782,1,0
18,290,943,1,0
18,291,660,1,0
18,292,737,1,0
18,293,859,1,0
18,294,856,1,0
18,295,669,1,0
18,296,742,1,0
18,297,1169,1,0
18,298,792,1,0
18,299,1202,1,0
18,300,809,1,0
18,301,843,1,0
18,302,592,1,0
18,303,616,1,0
18,304,735,1,0
18,305,608,1,0
18,306,614,1,0
18,307,565,1,0
18,308,652,1,0
18,309,811,1,0
18,310,832,1,0
18,311,1938,1,0
18,312,1005,1,0
18,313,725,1,0
18,314,783,1,0
18,315,708,1,0
18,316,581,1,0
18,317,648,1,0
18,318,628,1,0
18,319,701,1,0
18,320,595,1,0
18,321,600,1,0
18,322,575,1,0
18,323,686,1,0
18,324,650,1,0
18,325,699,1,0
18,326,699,1,0
18,327,696,1,0
18,328,673,1,0
18,329,647,1,0
18,330,621,1,0
18,331,769,1,0
18,332,696,1,0
18,333,696,1,0
18,334,691,1,0
18,335,653,1,0
18,336,621,1,0
18,337,575,1,0
18,338,672,1,0
18,339,696,1,0
18,340,580,1,0
18,341,758,1,0
18,342,738,1,0
18,343,702,1,0
18,344,692,1,0
18,345,574,1,0
18,346,695,1,0
18,347,692,1,0
18,348,712,1,0
18,349,668,1,0
18,350,694,1,0
18,351,790,1,0
18,352,664,1,0
18,353,697,1,0
18,354,739,1,0
18,355,672,1,0
18,356,663,1,0
18,357,860,1,0
18,358,679,1,0
18,359,724,1,0
18,360,763,1,0
18,361,916,1,0
18,362,731,1,0
18,363,651,1,0
18,364,724,1,0
18,365,650,1,0
18,366,773,1,0
18,367,713,1,0
18,368,929,1,0
18,369,1390,1,0
18,370,1124,1,0
18,371,690,1,0
18,372,1185,1,0
18,373,813,1,0
18,374,814,1,0
18,375,902,1,0
18,376,971,1,0
18,377,917,1,0
18,378,903,1,0
18,379,839,1,0
18,380,955,1,0
18,381,926,1,0
18,382,785,1,0
18,383,801,1,0
18,384,787,1,0
18,385,743,1,0
18,386,879,1,0
18,387,1421,1,0
18,388,766,1,0
18,389,874,1,0
18,390,633,1,0
18,391,976,1,0
18,392,723,1,0
18,393,718,1,0
18,394,1037,1,0
18,395,628,1,0
18,396,774,1,0
18,397,661,1,0
18,398,628,1,0
18,399,572,1,0
18,400,644,1,0
18,401,610,1,0
18,402,662,1,0
18,403,602,1,0
18,404,614,1,0
18,405,647,1,0
18,406,626,1,0
18,407,804,1,0
18,408,767,1,0
18,409,631,1,0
18,410,591,1,0
18,411,830,1,0
18,412,698,1,0
18,413,702,1,0
18,414,595,1,0
18,415,570,1,0
18,416,692,1,0
18,417,739,1,0
18,418,639,1,0
18,419,788,1,0
18,420,684,1,0
18,421,991,1,0
18,422,631,1,0
18,423,650,1,0
18,424,639,1,0
18,425,671,1,0
18,426,586,1,0
18,427,633,1,0
18,428,857,1,0
18,429,828,1,0
18,430,614,1,0
18,431,600,1,0
18,432,642,1,0
18,433,611,1,0
18,434,649,1,0
18,435,724,1,0
18,436,718,1,0
18,437,554,1,0
18,438,681,1,0
18,439,860,1,0
18,440,651,1,0
18,441,686,1,0
18,442,659,1,0
18,443,667,1,0
18,444,564,1,0
18,445,623,1,0
18,446,627,1,0
18,447,621,1,0
18,448,635,1,0
18,449,895,1,0
18,450,660,1,0
18,451,684,1,0
18,452,622,1,0
18,453,648,1,0
18,454,681,1,0
18,455,666,1,0
18,456,607,1,0
18,457,721,1,0
18,458,771,1,0
18,459,822,1,0
18,460,642,1,0
18,461,735,1,0
18,462,632,1,0
18,463,753,1,0
18,464,623,1,0
18,465,1106,1,0
18,466,662,1,0
18,467,865,1,0
18,468,985,1,0
18,469,1165,1,0
18,470,875,1,0
18,471,1041,1,0
18,472,956,1,0
18,473,880,1,0
18,474,988,1,0
18,475,772,1,0
18,476,816,1,0
18,477,939,1,0
18,478,705,1,0
18,479,1118,1,0
18,480,754,1,0
18,481,730,1,0
18,482,726,1,0
18,483,762,1,0
18,484,761,1,0
18,485,795,1,0
18,486,972,1,0
18,487,1137,1,0
18,488,931,1,0
18,489,998,1,0
18,490,945,1,0
18,491,709,1,0
18,492,649,1,0
18,493,718,1,0
18,494,582,1,0
18,495,640,1,0
18,496,587,1,0
18,497,614,1,0
18,498,700,1,0
18,499,763,1,0
18,500,651,1,0
18,501,742,1,0
18,502,652,1,0
18,503,736,1,0
18,504,652,1,0
18,505,606,1,0
18,506,664,1,0
18,507,794,1,0
18,508,643,1,0
18,509,624,1,0
18,510,628,1,0
18,511,713,1,0
18,512,659,1,0
18,513,612,1,0
18,514,642,1,0
18,515,662,1,0
18,516,606,1,0
18,517,721,1,0
18,518,622,1,0
18,519,708,1,0
18,520,803,1,0
18,521,1026,1,0
18,522,1059,1,0
18,523,655,1,0
18,524,748,1,0
18,525,678,1,0
18,526,613,1,0
18,527,644,1,0
18,528,711,1,0
18,529,654,1,0
18,530,731,1,0
18,531,697,1,0
18,532,707,1,0
18,533,656,1,0
18,534,646,1,0
18,535,704,1,0
18,536,676,1,0
18,537,744,1,0
18,538,702,1,0
18,539,784,1,0
18,540,764,1,0
18,541,661,1,0
18,542,763,1,0
18,543,696,1,0
18,544,652,1,0
18,545,989,1,0
18,546,704,1,0
18,547,647,1,0
18,548,739,1,0
18,549,1074,1,0
18,550,778,1,0
18,551,1043,1,0
18,552,651,1,0
18,553,653,1,0
18,554,658,1,0
18,555,698,1,0
18,556,763,1,0
18,557,627,1,0
18,558,781,1,0
18,559,1086,1,0
18,560,892,1,0
18,561,872,1,0
18,562,993,1,0
18,563,646,1,0
18,564,1107,1,0
18,565,922,1,0
18,566,987,1,0
18,567,931,1,0
18,568,941,1,0
18,569,1044,1,0
18,570,756,1,0
18,571,1100,1,0
18,572,762,1,0
18,573,815,1,0
18,574,721,1,0
18,575,1052,1,0
18,576,723,1,0
18,577,918,1,0
18,578,905,1,0
18,579,880,1,0
18,580,941,1,0
18,581,674,1,0
18,582,721,1,0
18,583,818,1,0
18,584,720,1,0
18,585,646,1,0
18,586,646,1,0
18,587,663,1,0
18,588,648,1,0
18,589,661,1,0
18,590,784,1,0
18,591,1147,1,0
18,592,648,1,0
18,593,690,1,0
18,594,604,1,0
18,595,619,1,0
18,596,627,1,0
18,597,655,1,0
18,598,713,1,0
18,599,722,1,0
19,0,2375,1,0
19,1,935,1,0
19,2,979,1,0
19,3,771,1,0
19,4,797,1,0
19,5,701,1,0
19,6,725,1,0
19,7,1134,1,0
19,8,666,1,0
19,9,753,1,0
19,10,685,1,0
19,11,599,1,0
19,12,818,1,0
19,13,689,1,0
19,14,591,1,0
19,15,718,1,0
19,16,618,1,0
19,17,695,1,0
19,18,669,1,0
19,19,648,1,0
19,20,664,1,0
19,21,694,1,0
19,22,612,1,0
19,23,776,1,0
19,24,851,1,0
19,25,821,1,0
19,26,679,1,0
19,27,924,1,0
19,28,612,1,0
19,29,858,1,0
19,30,676,1,0
19,31,678,1,0
19,32,999,1,0
19,33,646,1,0
19,34,681,1,0
19,35,686,1,0
19,36,750,1,0
19,37,614,1,0
19,38,638,1,0
19,39,699,1,0
19,40,606,1,0
19,41,641,1,0
19,42,799,1,0
19,43,812,1,0
19,44,677,1,0
19,45,610,1,0
19,46,690,1,0
19,47,661,1,0
19,48,594,1,0
19,49,613,1,0
19,50,684,1,0
19,51,622,1,0
19,52,654,1,0
19,53,632,1,0
19,54,688,1,0
19,55,701,1,0
19,56,659,1,0
19,57,1066,1,0
19,58,1516,1,0
19,59,632,1,0
19,60,718,1,0
19,61,707,1,0
19,62,717,1,0
19,63,651,1,0
19,64,781,1,0
19,65,710,1,0
19,66,683,1,0
19,67,770,1,0
19,68,981,1,0
19,69,782,1,0
19,70,1228,1,0
19,71,1011,1,0
19,72,837,1,0
19,73,778,1,0
19,74,748,1,0
19,75,884,1,0
19,76,960,1,0
19,77,762,1,0
19,78,853,1,0
19,79,808,1,0
19,80,697,1,0
19,81,664,1,0
19,82,775,1,0
19,83,758,1,0
19,84,922,1,0
19,85,781,1,0
19,86,646,1,0
19,87,624,1,0
19,88,658,1,0
19,89,687,1,0
19,90,584,1,0
19,91,773,1,0
19,92,658,1,0
19,93,652,1,0
19,94,670,1,0
19,95,617,1,0
19,96,594,1,0
19,97,642,1,0
19,98,695,1,0
19,99,522,1,0
19,100,725,1,0
19,101,586,1,0
19,102,585,1,0
19,103,1078,1,0
19,104,700,1,0
19,105,662,1,0
19,106,604,1,0
19,107,688,1,0
19,108,639,1,0
19,109,720,1,0
19,110,632,1,0
19,111,868,1,0
19,112,673,1,0
19,113,622,1,0
19,114,684,1,0
19,115,644,1,0
19,116,631,1,0
19,117,650,1,0
19,118,674,1,0
19,119,670,1,0
19,120,572,1,0
19,121,638,1,0
19,122,717,1,0
19,123,633,1,0
19,124,618,1,0
19,125,694,1,0
19,126,886,1,0
19,127,660,1,0
19,128,720,1,0
19,129,646,1,0
19,130,755,1,0
19,131,595,1,0
19,132,642,1,0
19,133,677,1,0
19,134,660,1,0
19,135,649,1,0
19,136,752,1,0
19,137,697,1,0
19,138,677,1,0
19,139,792,1,0
19,140,797,1,0
19,141,1006,1,0
19,142,983,1,0
19,143,1002,1,0
19,144,1083,1,0
19,145,1160,1,0
19,146,930,1,0
19,147,1039,1,0
19,148,1178,1,0
19,149,849,1,0
19,150,1243,1,0
19,151,1084,1,0
19,152,919,1,0
19,153,917,1,0
19,154,1145,1,0
19,155,810,1,0
19,156,798,1,0
19,157,793,1,0
19,158,782,1,0
19,159,776,1,0
19,160,950,1,0
19,161,885,1,0
19,162,1231,1,0
19,163,843,1,0
19,164,951,1,0
19,165,749,1,0
19,166,890,1,0
19,167,802,1,0
19,168,972,1,0
19,169,906,1,0
19,170,1420,1,0
19,171,900,1,0
19,172,1043,1,0
19,173,831,1,0
19,174,648,1,0
19,175,665,1,0
19,176,616,1,0
19,177,570,1,0
19,178,648,1,0
19,179,641,1,0
19,180,641,1,0
19,181,675,1,0
19,182,666,1,0
19,183,587,1,0
19,184,611,1,0
19,185,625,1,0
19,186,670,1,0
19,187,585,1,0
19,188,701,1,0
19,189,645,1,0
19,190,601,1,0
19,191,685,1,0
19,192,592,1,0
19,193,671,1,0
19,194,563,1,0
19,195,652,1,0
19,196,819,1,0
19,197,717,1,0
19,198,623,1,0
19,199,743,1,0
19,200,676,1,0
19,201,663,1,0
19,202,592,1,0
19,203,646,1,0
19,204,629,1,0
19,205,633,1,0
19,206,633,1,0
19,207,629,1,0
19,208,687,1,0
19,209,832,1,0
19,210,698,1,0
19,211,655,1,0
19,212,575,1,0
19,213,711,1,0
19,214,899,1,0
19,215,612,1,0
19,216,586,1,0
19,217,603,1,0
19,218,616,1,0
19,219,643,1,0
19,220,575,1,0
19,221,686,1,0
19,222,673,1,0
19,223,643,1,0
19,224,704,1,0
19,225,622,1,0
19,226,667,1,0
19,227,669,1,0
19,228,847,1,0
19,229,635,1,0
19,230,636,1,0
19,231,584,1,0
19,232,588,1,0
19,233,611,1,0
19,234,637,1,0
19,235,655,1,0
19,236,660,1,0
19,237,644,1,0
19,238,605,1,0
19,239,656,1,0
19,240,637,1,0
19,241,1213,1,0
19,242,589,1,0
19,243,714,1,0
19,244,641,1,0
19,245,622,1,0
19,246,656,1,0
19,247,597,1,0
19,248,600,1,0
19,249,643,1,0
19,250,739,1,0
19,251,692,1,0
19,252,857,1,0
19,253,663,1,0
19,254,968,1,0
19,255,741,1,0
19,256,700,1,0
19,257,786,1,0
19,258,736,1,0
19,259,758,1,0
19,260,1011,1,0
19,261,763,1,0
19,262,661,1,0
19,263,924,1,0
19,264,657,1,0
19,265,814,1,0
19,266,685,1,0
19,267,624,1,0
19,268,737,1,0
19,269,810,1,0
19,270,673,1,0
19,271,620,1,0
19,272,644,1,0
19,273,584,1,0
19,274,610,1,0
19,275,553,1,0
19,276,611,1,0
19,277,602,1,0
19,278,566,1,0
19,279,643,1,0
19,280,627,1,0
19,281,650,1,0
19,282,594,1,0
19,283,623,1,0
19,284,679,1,0
19,285,612,1,0
19,286,632,1,0
19,287,650,1,0
19,288,580,1,0
19,289,839,1,0
19,290,812,1,0
19,291,633,1,0
19,292,648,1,0
19,293,595,1,0
19,294,579,1,0
19,295,661,1,0
19,296,655,1,0
19,297,958,1,0
19,298,755,1,0
19,299,671,1,0
19,300,608,1,0
19,301,593,1,0
19,302,566,1,0
19,303,620,1,0
19,304,671,1,0
19,305,649,1,0
19,306,640,1,0
19,307,572,1,0
19,308,669,1,0
19,309,618,1,0
19,310,599,1,0
19,311,617,1,0
19,312,551,1,0
19,313,581,1,0
19,314,657,1,0
19,315,586,1,0
19,316,637,1,0
19,317,635,1,0
19,318,639,1,0
19,319,580,1,0
19,320,633,1,0
19,321,712,1,0
19,322,785,1,0
19,323,681,1,0
19,324,611,1,0
19,325,581,1,0
19,326,725,1,0
19,327,721,1,0
19,328,655,1,0
19,329,624,1,0
19,330,759,1,0
19,331,659,1,0
19,332,603,1,0
19,333,712,1,0
19,334,896,1,0
19,335,840,1,0
19,336,1401,1,0
19,337,1137,1,0
19,338,942,1,0
19,339,958,1,0
19,340,1254,1,0
19,341,727,1,0
19,342,901,1,0
19,343,734,1,0
19,344,1200,1,0
19,345,795,1,0
19,346,840,1,0
19,347,706,1,0
19,348,696,1,0
19,349,1243,1,0
19,350,760,1,0
19,351,749,1,0
19,352,714,1,0
19,353,858,1,0
19,354,741,1,0
19,355,733,1,0
19,356,600,1,0
19,357,620,1,0
19,358,583,1,0
19,359,637,1,0
19,360,743,1,0
19,361,668,1,0
19,362,602,1,0
19,363,606,1,0
19,364,605,1,0
19,365,630,1,0
19,366,643,1,0
19,367,637,1,0
19,368,633,1,0
19,369,622,1,0
19,370,746,1,0
19,371,601,1,0
19,372,634,1,0
19,373,678,1,0
19,374,652,1,0
19,375,609,1,0
19,376,604,1,0
19,377,623,1,0
19,378,656,1,0
19,379,610,1,0
19,380,660,1,0
19,381,4371,1,0
19,382,674,1,0
19,383,630,1,0
19,384,629,1,0
19,385,597,1,0
19,386,616,1,0
19,387,1125,1,0
19,388,697,1,0
19,389,713,1,0
19,390,613,1,0
19,391,768,1,0
19,392,589,1,0
19,393,649,1,0
19,394,563,1,0
19,395,603,1,0
19,396,594,1,0
19,397,566,1,0
19,398,583,1,0
19,399,614,1,0
19,400,638,1,0
19,401,711,1,0
19,402,625,1,0
19,403,637,1,0
19,404,632,1,0
19,405,568,1,0
19,406,657,1,0
19,407,705,1,0
19,408,639,1,0
19,409,677,1,0
19,410,811,1,0
19,411,947,1,0
19,412,663,1,0
19,413,645,1,0
19,414,621,1,0
19,415,663,1,0
19,416,612,1,0
19,417,759,1,0
19,418,664,1,0
19,419,1590,1,0
19,420,912,1,0
19,421,1017,1,0
19,422,636,1,0
19,423,941,1,0
19,424,688,1,0
19,425,738,1,0
19,426,900,1,0
19,427,923,1,0
19,428,1049,1,0
19,429,926,1,0
19,430,1040,1,0
19,431,992,1,0
19,432,982,1,0
19,433,936,1,0
19,434,764,1,0
19,435,728,1,0
19,436,872,1,0
19,437,726,1,0
19,438,749,1,0
19,439,1452,1,0
19,440,836,1,0
19,441,1246,1,0
19,442,693,1,0
19,443,930,1,0
19,444,699,1,0
19,445,792,1,0
19,446,756,1,0
19,447,716,1,0
19,448,752,1,0
19,449,685,1,0
19,450,657,1,0
19,451,774,1,0
19,452,609,1,0
19,453,568,1,0
19,454,543,1,0
19,455,625,1,0
19,456,634,1,0
19,457,651,1,0
19,458,660,1,0
19,459,737,1,0
19,460,606,1,0
19,461,643,1,0
19,462,573,1,0
19,463,616,1,0
19,464,660,1,0
19,465,633,1,0
19,466,597,1,0
19,467,704,1,0
19,468,622,1,0
19,469,728,1,0
19,470,605,1,0
19,471,607,1,0
19,472,690,1,0
19,473,1008,1,0
19,474,635,1,0
19,475,579,1,0
19,476,724,1,0
19,477,701,1,0
19,478,626,1,0
19,479,905,1,0
19,480,633,1,0
19,481,673,1,0
19,482,592,1,0
19,483,579,1,0
19,484,599,1,0
19,485,581,1,0
19,486,683,1,0
19,487,673,1,0
19,488,678,1,0
19,489,957,1,0
19,490,1521,1,0
19,491,587,1,0
19,492,684,1,0
19,493,590,1,0
19,494,625,1,0
19,495,577,1,0
19,496,658,1,0
19,497,618,1,0
19,498,646,1,0
19,499,1133,1,0
19,500,790,1,0
19,501,681,1,0
19,502,765,1,0
19,503,720,1,0
19,504,956,1,0
19,505,648,1,0
19,506,618,1,0
19,507,658,1,0
19,508,559,1,0
19,509,765,1,0
19,510,586,1,0
19,511,695,1,0
19,512,857,1,0
19,513,670,1,0
19,514,735,1,0
19,515,561,1,0
19,516,586,1,0
19,517,739,1,0
19,518,684,1,0
19,519,1039,1,0
19,520,641,1,0
19,521,800,1,0
19,522,946,1,0
19,523,813,1,0
19,524,961,1,0
19,525,732,1,0
19,526,855,1,0
19,527,1011,1,0
19,528,1310,1,0
19,529,1160,1,0
19,530,780,1,0
19,531,825,1,0
19,532,785,1,0
19,533,863,1,0
19,534,841,1,0
19,535,829,1,0
19,536,764,1,0
19,537,799,1,0
19,538,792,1,0
19,539,935,1,0
19,540,880,1,0
19,541,744,1,0
19,542,785,1,0
19,543,688,1,0
19,544,642,1,0
19,545,651,1,0
19,546,694,1,0
19,547,824,1,0
19,548,658,1,0
19,549,636,1,0
19,550,668,1,0
19,551,719,1,0
19,552,809,1,0
19,553,637,1,0
19,554,597,1,0
19,555,739,1,0
19,556,655,1,0
19,557,598,1,0
19,558,553,1,0
19,559,662,1,0
19,560,572,1,0
19,561,618,1,0
19,562,615,1,0
19,563,824,1,0
19,564,653,1,0
19,565,636,1,0
19,566,638,1,0
19,567,622,1,0
19,568,673,1,0
19,569,767,1,0
19,570,633,1,0
19,571,644,1,0
19,572,617,1,0
19,573,670,1,0
19,574,631,1,0
19,575,637,1,0
19,576,595,1,0
19,577,667,1,0
19,578,640,1,0
19,579,690,1,0
19,580,741,1,0
19,581,644,1,0
19,582,671,1,0
19,583,661,1,0
19,584,623,1,0
19,585,637,1,0
19,586,656,1,0
19,587,633,1,0
19,588,590,1,0
19,589,715,1,0
19,590,670,1,0
19,591,641,1,0
19,592,663,1,0
19,593,633,1,0
19,594,629,1,0
19,595,587,1,0
19,596,633,1,0
19,597,616,1,0
19,598,665,1,0
19,599,958,1,0
20,0,2141,1,0
20,1,679,1,0
20,2,630,1,0
20,3,626,1,0
20,4,637,1,0
20,5,614,1,0
20,6,870,1,0
20,7,1013,1,0
20,8,786,1,0
20,9,802,1,0
20,10,762,1,0
20,11,704,1,0
20,12,978,1,0
20,13,750,1,0
20,14,632,1,0
20,15,618,1,0
20,16,702,1,0
20,17,852,1,0
20,18,685,1,0
20,19,847,1,0
20,20,960,1,0
20,21,878,1,0
20,22,1044,1,0
20,23,857,1,0
20,24,1011,1,0
20,25,1335,1,0
20,26,795,1,0
20,27,833,1,0
20,28,763,1,0
20,29,760,1,0
20,30,971,1,0
20,31,899,1,0
20,32,1183,1,0
20,33,628,1,0
20,34,633,1,0
20,35,728,1,0
20,36,832,1,0
20,37,930,1,0
20,38,747,1,0
20,39,937,1,0
20,40,856,1,0
20,41,751,1,0
20,42,818,1,0
20,43,741,1,0
20,44,575,1,0
20,45,636,1,0
20,46,697,1,0
20,47,576,1,0
20,48,801,1,0
20,49,550,1,0
20,50,750,1,0
20,51,627,1,0
20,52,670,1,0
20,53,541,1,0
20,54,609,1,0
20,55,817,1,0
20,56,625,1,0
20,57,813,1,0
20,58,1271,1,0
20,59,670,1,0
20,60,604,1,0
20,61,613,1,0
20,62,675,1,0
20,63,629,1,0
20,64,711,1,0
20,65,675,1,0
20,66,639,1,0
20,67,745,1,0
20,68,854,1,0
20,69,887,1,0
20,70,1670,1,0
20,71,1589,1,0
20,72,880,1,0
20,73,1228,1,0
20,74,1241,1,0
20,75,1501,1,0
20,76,1427,1,0
20,77,672,1,0
20,78,968,1,0
20,79,723,1,0
20,80,622,1,0
20,81,627,1,0
20,82,610,1,0
20,83,616,1,0
20,84,653,1,0
20,85,574,1,0
20,86,610,1,0
20,87,592,1,0
20,88,728,1,0
20,89,723,1,0
20,90,632,1,0
20,91,702,1,0
20,92,612,1,0
20,93,608,1,0
20,94,650,1,0
20,95,663,1,0
20,96,629,1,0
20,97,597,1,0
20,98,691,1,0
20,99,723,1,0
20,100,651,1,0
20,101,710,1,0
20,102,1048,1,0
20,103,1113,1,0
20,104,757,1,0
20,105,682,1,0
20,106,907,1,0
20,107,916,1,0
20,108,1103,1,0
20,109,965,1,0
20,110,782,1,0
20,111,1058,1,0
20,112,875,1,0
20,113,725,1,0
20,114,759,1,0
20,115,882,1,0
20,116,946,1,0
20,117,760,1,0
20,118,1150,1,0
20,119,772,1,0
20,120,777,1,0
20,121,691,1,0
20,122,849,1,0
20,123,992,1,0
20,124,678,1,0
20,125,767,1,0
20,126,1630,1,0
20,127,799,1,0
20,128,1200,1,0
20,129,695,1,0
20,130,838,1,0
20,131,707,1,0
20,132,803,1,0
20,133,696,1,0
20,134,586,1,0
20,135,639,1,0
20,136,756,1,0
20,137,752,1,0
20,138,608,1,0
20,139,607,1,0
20,140,701,1,0
20,141,675,1,0
20,142,702,1,0
20,143,750,1,0
20,144,680,1,0
20,145,593,1,0
20,146,659,1,0
20,147,711,1,0
20,148,651,1,0
20,149,719,1,0
20,150,683,1,0
20,151,658,1,0
20,152,607,1,0
20,153,667,1,0
20,154,618,1,0
20,155,681,1,0
20,156,742,1,0
20,157,589,1,0
20,158,725,1,0
20,159,614,1,0
20,160,670,1,0
20,161,692,1,0
20,162,661,1,0
20,163,619,1,0
20,164,675,1,0
20,165,772,1,0
20,166,653,1,0
20,167,585,1,0
20,168,631,1,0
20,169,603,1,0
20,170,632,1,0
20,171,657,1,0
20,172,636,1,0
20,173,811,1,0
20,174,645,1,0
20,175,615,1,0
20,176,784,1,0
20,177,778,1,0
20,178,651,1,0
20,179,754,1,0
20,180,649,1,0
20,181,581,1,0
20,182,653,1,0
20,183,588,1,0
20,184,698,1,0
20,185,1085,1,0
20,186,861,1,0
20,187,675,1,0
20,188,1005,1,0
20,189,2080,1,0
20,190,904,1,0
20,191,660,1,0
20,192,975,1,0
20,193,632,1,0
20,194,644,1,0
20,195,954,1,0
20,196,925,1,0
20,197,960,1,0
20,198,721,1,0
20,199,697,1,0
20,200,719,1,0
20,201,860,1,0
20,202,648,1,0
20,203,624,1,0
20,204,794,1,0
20,205,902,1,0
20,206,780,1,0
20,207,721,1,0
20,208,813,1,0
20,209,988,1,0
20,210,956,1,0
20,211,773,1,0
20,212,768,1,0
20,213,784,1,0
20,214,768,1,0
20,215,687,1,0
20,216,751,1,0
20,217,707,1,0
20,218,733,1,0
20,219,697,1,0
20,220,736,1,0
20,221,804,1,0
20,222,764,1,0
20,223,653,1,0
20,224,774,1,0
20,225,671,1,0
20,226,639,1,0
20,227,716,1,0
20,228,554,1,0
20,229,622,1,0
20,230,554,1,0
20,231,628,1,0
20,232,582,1,0
20,233,635,1,0
20,234,635,1,0
20,235,639,1,0
20,236,667,1,0
20,237,610,1,0
20,238,598,1,0
20,239,638,1,0
20,240,569,1,0
20,241,703,1,0
20,242,620,1,0
20,243,608,1,0
20,244,593,1,0
20,245,592,1,0
20,246,613,1,0
20,247,555,1,0
20,248,545,1,0
20,249,574,1,0
20,250,628,1,0
20,251,650,1,0
20,252,627,1,0
20,253,622,1,0
20,254,656,1,0
20,255,687,1,0
20,256,643,1,0
20,257,652,1,0
20,258,616,1,0
20,259,655,1,0
20,260,762,1,0
20,261,667,1,0
20,262,682,1,0
20,263,808,1,0
20,264,615,1,0
20,265,659,1,0
20,266,699,1,0
20,267,582,1,0
20,268,703,1,0
20,269,634,1,0
20,270,692,1,0
20,271,740,1,0
20,272,619,1,0
20,273,674,1,0
20,274,648,1,0
20,275,660,1,0
20,276,637,1,0
20,277,618,1,0
20,278,600,1,0
20,279,555,1,0
20,280,694,1,0
20,281,771,1,0
20,282,797,1,0
20,283,647,1,0
20,284,630,1,0
20,285,627,1,0
20,286,625,1,0
20,287,590,1,0
20,288,674,1,0
20,289,641,1,0
20,290,674,1,0
20,291,587,1,0
20,292,738,1,0
20,293,678,1,0
20,294,653,1,0
20,295,685,1,0
20,296,622,1,0
20,297,1043,1,0
20,298,773,1,0
20,299,780,1,0
20,300,664,1,0
20,301,757,1,0
20,302,719,1,0
20,303,822,1,0
20,304,950,1,0
20,305,759,1,0
20,306,795,1,0
20,307,675,1,0
20,308,811,1,0
20,309,649,1,0
20,310,865,1,0
20,311,793,1,0
20,312,676,1,0
20,313,644,1,0
20,314,620,1,0
20,315,551,1,0
20,316,617,1,0
20,317,571,1,0
20,318,601,1,0
20,319,893,1,0
20,320,1298,1,0
20,321,1502,1,0
20,322,817,1,0
20,323,1056,1,0
20,324,793,1,0
20,325,669,1,0
20,326,663,1,0
20,327,626,1,0
20,328,675,1,0
20,329,646,1,0
20,330,589,1,0
20,331,583,1,0
20,332,643,1,0
20,333,614,1,0
20,334,635,1,0
20,335,602,1,0
20,336,663,1,0
20,337,628,1,0
20,338,641,1,0
20,339,671,1,0
20,340,771,1,0
20,341,682,1,0
20,342,584,1,0
20,343,683,1,0
20,344,639,1,0
20,345,634,1,0
20,346,633,1,0
20,347,596,1,0
20,348,576,1,0
20,349,645,1,0
20,350,740,1,0
20,351,685,1,0
20,352,692,1,0
20,353,663,1,0
20,354,665,1,0
20,355,674,1,0
20,356,677,1,0
20,357,706,1,0
20,358,610,1,0
20,359,673,1,0
20,360,660,1,0
20,361,725,1,0
20,362,636,1,0
20,363,598,1,0
20,364,621,1,0
20,365,716,1,0
20,366,782,1,0
20,367,700,1,0
20,368,644,1,0
20,369,676,1,0
20,370,774,1,0
20,371,649,1,0
20,372,618,1,0
20,373,715,1,0
20,374,609,1,0
20,375,711,1,0
20,376,722,1,0
20,377,677,1,0
20,378,657,1,0
20,379,1212,1,0
20,380,795,1,0
20,381,906,1,0
20,382,710,1,0
20,383,726,1,0
20,384,613,1,0
20,385,603,1,0
20,386,726,1,0
20,387,1272,1,0
20,388,798,1,0
20,389,680,1,0
20,390,691,1,0
20,391,909,1,0
20,392,698,1,0
20,393,705,1,0
20,394,882,1,0
20,395,666,1,0
20,396,1079,1,0
20,397,809,1,0
20,398,796,1,0
20,399,838,1,0
20,400,783,1,0
20,401,748,1,0
20,402,901,1,0
20,403,688,1,0
20,404,819,1,0
20,405,642,1,0
20,406,683,1,0
20,407,630,1,0
20,408,704,1,0
20,409,600,1,0
20,410,812,1,0
20,411,1322,1,0
20,412,608,1,0
20,413,624,1,0
20,414,623,1,0
20,415,740,1,0
20,416,675,1,0
20,417,619,1,0
20,418,631,1,0
20,419,737,1,0
20,420,664,1,0
20,421,762,1,0
20,422,797,1,0
20,423,617,1,0
20,424,625,1,0
20,425,601,1,0
20,426,653,1,0
20,427,741,1,0
20,428,663,1,0
20,429,732,1,0
20,430,631,1,0
20,431,622,1,0
20,432,683,1,0
20,433,660,1,0
20,434,681,1,0
20,435,617,1,0
20,436,638,1,0
20,437,627,1,0
20,438,688,1,0
20,439,770,1,0
20,440,682,1,0
20,441,675,1,0
20,442,678,1,0
20,443,613,1,0
20,444,717,1,0
20,445,643,1,0
20,446,703,1,0
20,447,678,1,0
20,448,702,1,0
20,449,623,1,0
20,450,624,1,0
20,451,657,1,0
20,452,651,1,0
20,453,659,1,0
20,454,674,1,0
20,455,658,1,0
20,456,625,1,0
20,457,600,1,0
20,458,580,1,0
20,459,913,1,0
20,460,560,1,0
20,461,656,1,0
20,462,878,1,0
20,463,628,1,0
20,464,628,1,0
20,465,661,1,0
20,466,725,1,0
20,467,983,1,0
20,468,634,1,0
20,469,1107,1,0
20,470,620,1,0
20,471,724,1,0
20,472,744,1,0
20,473,1030,1,0
20,474,904,1,0
20,475,1040,1,0
20,476,941,1,0
20,477,854,1,0
20,478,1510,1,0
20,479,1243,1,0
20,480,1011,1,0
20,481,1183,1,0
20,482,1085,1,0
20,483,1063,1,0
20,484,811,1,0
20,485,832,1,0
20,486,1006,1,0
20,487,904,1,0
20,488,1237,1,0
20,489,1104,1,0
20,490,1057,1,0
20,491,810,1,0
20,492,759,1,0
20,493,950,1,0
20,494,752,1,0
20,495,661,1,0
20,496,642,1,0
20,497,656,1,0
20,498,652,1,0
20,499,932,1,0
20,500,700,1,0
20,501,671,1,0
20,502,1059,1,0
20,503,678,1,0
20,504,654,1,0
20,505,621,1,0
20,506,601,1,0
20,507,730,1,0
20,508,550,1,0
20,509,723,1,0
20,510,560,1,0
20,511,607,1,0
20,512,618,1,0
20,513,575,1,0
20,514,628,1,0
20,515,582,1,0
20,516,584,1,0
20,517,733,1,0
20,518,707,1,0
20,519,763,1,0
20,520,879,1,0
20,521,647,1,0
20,522,675,1,0
20,523,654,1,0
20,524,642,1,0
20,525,661,1,0
20,526,645,1,0
20,527,646,1,0
20,528,679,1,0
20,529,657,1,0
20,530,639,1,0
20,531,680,1,0
20,532,594,1,0
20,533,617,1,0
20,534,688,1,0
20,535,688,1,0
20,536,662,1,0
20,537,668,1,0
20,538,649,1,0
20,539,686,1,0
20,540,634,1,0
20,541,627,1,0
20,542,661,1,0
20,543,595,1,0
20,544,627,1,0
20,545,693,1,0
20,546,609,1,0
20,547,672,1,0
20,548,680,1,0
20,549,746,1,0
20,550,636,1,0
20,551,721,1,0
20,552,597,1,0
20,553,624,1,0
20,554,578,1,0
20,555,613,1,0
20,556,649,1,0
20,557,680,1,0
20,558,683,1,0
20,559,812,1,0
20,560,658,1,0
20,561,1003,1,0
20,562,661,1,0
20,563,649,1,0
20,564,723,1,0
20,565,812,1,0
20,566,875,1,0
20,567,816,1,0
20,568,791,1,0
20,569,1195,1,0
20,570,1002,1,0
20,571,1294,1,0
20,572,813,1,0
20,573,781,1,0
20,574,745,1,0
20,575,1066,1,0
20,576,1096,1,0
20,577,1104,1,0
20,578,941,1,0
20,579,1013,1,0
20,580,1015,1,0
20,581,873,1,0
20,582,638,1,0
20,583,725,1,0
20,584,725,1,0
20,585,726,1,0
20,586,755,1,0
20,587,733,1,0
20,588,740,1,0
20,589,1086,1,0
20,590,687,1,0
20,591,747,1,0
20,592,735,1,0
20,593,815,1,0
20,594,673,1,0
20,595,791,1,0
20,596,820,1,0
20,597,807,1,0
20,598,631,1,0
20,599,920,1,0
21,0,2965,1,0
21,1,694,1,0
21,2,736,1,0
21,3,1052,1,0
21,4,832,1,0
21,5,924,1,0
21,6,954,1,0
21,7,1362,1,0
21,8,805,1,0
21,9,2024,1,0
21,10,766,1,0
21,11,909,1,0
21,12,1285,1,0
21,13,1663,1,0
21,14,725,1,0
21,15,853,1,0
21,16,687,1,0
21,17,1173,1,0
21,18,567,1,0
21,19,588,1,0
21,20,622,1,0
21,21,599,1,0
21,22,747,1,0
21,23,637,1,0
21,24,665,1,0
21,25,743,1,0
21,26,685,1,0
21,27,717,1,0
21,28,662,1,0
21,29,620,1,0
21,30,713,1,0
21,31,932,1,0
21,32,697,1,0
21,33,621,1,0
21,34,595,1,0
21,35,658,1,0
21,36,642,1,0
21,37,714,1,0
21,38,591,1,0
21,39,630,1,0
21,40,637,1,0
21,41,700,1,0
21,42,606,1,0
21,43,654,1,0
21,44,656,1,0
21,45,609,1,0
21,46,598,1,0
21,47,669,1,0
21,48,616,1,0
21,49,589,1,0
21,50,665,1,0
21,51,607,1,0
21,52,660,1,0
21,53,570,1,0
21,54,692,1,0
21,55,635,1,0
21,56,755,1,0
21,57,775,1,0
21,58,933,1,0
21,59,664,1,0
21,60,664,1,0
21,61,634,1,0
21,62,677,1,0
21,63,662,1,0
21,64,629,1,0
21,65,638,1,0
21,66,684,1,0
21,67,692,1,0
21,68,791,1,0
21,69,1199,1,0
21,70,848,1,0
21,71,1327,1,0
21,72,878,1,0
21,73,1114,1,0
21,74,1158,1,0
21,75,1536,1,0
21,76,819,1,0
21,77,1055,1,0
21,78,604,1,0
21,79,618,1,0
21,80,577,1,0
21,81,629,1,0
21,82,811,1,0
21,83,714,1,0
21,84,801,1,0
21,85,648,1,0
21,86,634,1,0
21,87,640,1,0
21,88,716,1,0
21,89,672,1,0
21,90,696,1,0
21,91,1566,1,0
21,92,804,1,0
21,93,646,1,0
21,94,657,1,0
21,95,735,1,0
21,96,602,1,0
21,97,622,1,0
21,98,766,1,0
21,99,663,1,0
21,100,692,1,0
21,101,657,1,0
21,102,680,1,0
21,103,646,1,0
21,104,838,1,0
21,105,616,1,0
21,106,648,1,0
21,107,628,1,0
21,108,782,1,0
21,109,646,1,0
21,110,634,1,0
21,111,718,1,0
21,112,862,1,0
21,113,644,1,0
21,114,629,1,0
21,115,745,1,0
21,116,727,1,0
21,117,593,1,0
21,118,1052,1,0
21,119,571,1,0
21,120,591,1,0
21,121,672,1,0
21,122,613,1,0
21,123,592,1,0
21,124,706,1,0
21,125,640,1,0
21,126,722,1,0
21,127,630,1,0
21,128,742,1,0
21,129,686,1,0
21,130,640,1,0
21,131,637,1,0
21,132,650,1,0
21,133,766,1,0
21,134,669,1,0
21,135,601,1,0
21,136,607,1,0
21,137,659,1,0
21,138,656,1,0
21,139,707,1,0
21,140,652,1,0
21,141,668,1,0
21,142,634,1,0
21,143,651,1,0
21,144,696,1,0
21,145,610,1,0
21,146,640,1,0
21,147,700,1,0
21,148,620,1,0
21,149,732,1,0
21,150,627,1,0
21,151,836,1,0
21,152,694,1,0
21,153,677,1,0
21,154,707,1,0
21,155,650,1,0
21,156,684,1,0
21,157,928,1,0
21,158,765,1,0
21,159,614,1,0
21,160,707,1,0
21,161,815,1,0
21,162,1084,1,0
21,163,843,1,0
21,164,913,1,0
21,165,680,1,0
21,166,647,1,0
21,167,629,1,0
21,168,882,1,0
21,169,1250,1,0
21,170,877,1,0
21,171,754,1,0
21,172,676,1,0
21,173,778,1,0
21,174,663,1,0
21,175,684,1,0
21,176,718,1,0
21,177,769,1,0
21,178,1080,1,0
21,179,971,1,0
21,180,649,1,0
21,181,812,1,0
21,182,811,1,0
21,183,767,1,0
21,184,717,1,0
21,185,700,1,0
21,186,1008,1,0
21,187,830,1,0
21,188,882,1,0
21,189,1213,1,0
21,190,712,1,0
21,191,712,1,0
21,192,644,1,0
21,193,641,1,0
21,194,652,1,0
21,195,831,1,0
21,196,615,1,0
21,197,817,1,0
21,198,654,1,0
21,199,802,1,0
21,200,667,1,0
21,201,729,1,0
21,202,535,1,0
21,203,612,1,0
21,204,573,1,0
21,205,678,1,0
21,206,678,1,0
21,207,643,1,0
21,208,662,1,0
21,209,629,1,0
21,210,650,1,0
21,211,605,1,0
21,212,630,1,0
21,213,654,1,0
21,214,650,1,0
21,215,623,1,0
21,216,610,1,0
21,217,610,1,0
21,218,701,1,0
21,219,592,1,0
21,220,602,1,0
21,221,610,1,0
21,222,666,1,0
21,223,636,1,0
21,224,643,1,0
21,225,661,1,0
21,226,596,1,0
21,227,643,1,0
21,228,651,1,0
21,229,675,1,0
21,230,632,1,0
21,231,659,1,0
21,232,671,1,0
21,233,687,1,0
21,234,601,1,0
21,235,607,1,0
21,236,715,1,0
21,237,626,1,0
21,238,676,1,0
21,239,726,1,0
21,240,577,1,0
21,241,827,1,0
21,242,674,1,0
21,243,661,1,0
21,244,661,1,0
21,245,604,1,0
21,246,676,1,0
21,247,683,1,0
21,248,822,1,0
21,249,857,1,0
21,250,631,1,0
21,251,877,1,0
21,252,676,1,0
21,253,616,1,0
21,254,709,1,0
21,255,567,1,0
21,256,561,1,0
21,257,747,1,0
21,258,645,1,0
21,259,768,1,0
21,260,666,1,0
21,261,698,1,0
21,262,731,1,0
21,263,1029,1,0
21,264,790,1,0
21,265,604,1,0
21,266,789,1,0
21,267,649,1,0
21,268,689,1,0
21,269,758,1,0
21,270,767,1,0
21,271,823,1,0
21,272,613,1,0
21,273,679,1,0
21,274,645,1,0
21,275,675,1,0
21,276,759,1,0
21,277,733,1,0
21,278,825,1,0
21,279,707,1,0
21,280,701,1,0
21,281,826,1,0
21,282,706,1,0
21,283,670,1,0
21,284,673,1,0
21,285,766,1,0
21,286,933,1,0
21,287,633,1,0
21,288,623,1,0
21,289,646,1,0
21,290,715,1,0
21,291,598,1,0
21,292,653,1,0
21,293,647,1,0
21,294,586,1,0
21,295,655,1,0
21,296,644,1,0
21,297,1183,1,0
21,298,680,1,0
21,299,713,1,0
21,300,596,1,0
21,301,596,1,0
21,302,541,1,0
21,303,666,1,0
21,304,659,1,0
21,305,622,1,0
21,306,755,1,0
21,307,732,1,0
21,308,781,1,0
21,309,590,1,0
21,310,616,1,0
21,311,669,1,0
21,312,712,1,0
21,313,623,1,0
21,314,639,1,0
21,315,629,1,0
21,316,600,1,0
21,317,637,1,0
21,318,702,1,0
21,319,637,1,0
21,320,681,1,0
21,321,690,1,0
21,322,764,1,0
21,323,661,1,0
21,324,636,1,0
21,325,730,1,0
21,326,762,1,0
21,327,611,1,0
21,328,669,1,0
21,329,610,1,0
21,330,665,1,0
21,331,651,1,0
21,332,656,1,0
21,333,853,1,0
21,334,661,1,0
21,335,594,1,0
21,336,574,1,0
21,337,646,1,0
21,338,617,1,0
21,339,596,1,0
21,340,683,1,0
21,341,704,1,0
21,342,616,1,0
21,343,690,1,0
21,344,612,1,0
21,345,726,1,0
21,346,651,1,0
21,347,648,1,0
21,348,614,1,0
21,349,708,1,0
21,350,923,1,0
21,351,740,1,0
21,352,945,1,0
21,353,1211,1,0
21,354,1022,1,0
21,355,883,1,0
21,356,952,1,0
21,357,852,1,0
21,358,1039,1,0
21,359,875,1,0
21,360,786,1,0
21,361,931,1,0
21,362,898,1,0
21,363,996,1,0
21,364,890,1,0
21,365,768,1,0
21,366,775,1,0
21,367,661,1,0
21,368,882,1,0
21,369,1020,1,0
21,370,864,1,0
21,371,751,1,0
21,372,682,1,0
21,373,734,1,0
21,374,671,1,0
21,375,766,1,0
21,376,830,1,0
21,377,638,1,0
21,378,595,1,0
21,379,1046,1,0
21,380,769,1,0
21,381,1036,1,0
21,382,638,1,0
21,383,583,1,0
21,384,605,1,0
21,385,616,1,0
21,386,663,1,0
21,387,1356,1,0
21,388,648,1,0
21,389,777,1,0
21,390,585,1,0
21,391,779,1,0
21,392,599,1,0
21,393,621,1,0
21,394,594,1,0
21,395,637,1,0
21,396,637,1,0
21,397,684,1,0
21,398,578,1,0
21,399,669,1,0
21,400,618,1,0
21,401,671,1,0
21,402,646,1,0
21,403,628,1,0
21,404,706,1,0
21,405,616,1,0
21,406,572,1,0
21,407,636,1,0
21,408,632,1,0
21,409,663,1,0
21,410,686,1,0
21,411,684,1,0
21,412,708,1,0
21,413,644,1,0
21,414,679,1,0
21,415,581,1,0
21,416,624,1,0
21,417,851,1,0
21,418,688,1,0
21,419,672,1,0
21,420,667,1,0
21,421,654,1,0
21,422,657,1,0
21,423,589,1,0
21,424,601,1,0
21,425,604,1,0
21,426,664,1,0
21,427,627,1,0
21,428,760,1,0
21,429,868,1,0
21,430,689,1,0
21,431,622,1,0
21,432,623,1,0
21,433,684,1,0
21,434,696,1,0
21,435,638,1,0
21,436,597,1,0
21,437,873,1,0
21,438,702,1,0
21,439,1045,1,0
21,440,596,1,0
21,441,1004,1,0
21,442,831,1,0
21,443,1062,1,0
21,444,691,1,0
21,445,721,1,0
21,446,1044,1,0
21,447,1173,1,0
21,448,896,1,0
21,449,781,1,0
21,450,704,1,0
21,451,853,1,0
21,452,788,1,0
21,453,900,1,0
21,454,697,1,0
21,455,794,1,0
21,456,812,1,0
21,457,690,1,0
21,458,729,1,0
21,459,934,1,0
21,460,736,1,0
21,461,712,1,0
21,462,792,1,0
21,463,643,1,0
21,464,681,1,0
21,465,699,1,0
21,466,826,1,0
21,467,760,1,0
21,468,967,1,0
21,469,1503,1,0
21,470,677,1,0
21,471,678,1,0
21,472,668,1,0
21,473,804,1,0
21,474,628,1,0
21,475,594,1,0
21,476,641,1,0
21,477,594,1,0
21,478,644,1,0
21,479,927,1,0
21,480,633,1,0
21,481,635,1,0
21,482,658,1,0
21,483,561,1,0
21,484,644,1,0
21,485,634,1,0
21,486,710,1,0
21,487,758,1,0
21,488,716,1,0
21,489,1480,1,0
21,490,740,1,0
21,491,625,1,0
21,492,585,1,0
21,493,682,1,0
21,494,623,1,0
21,495,632,1,0
21,496,673,1,0
21,497,601,1,0
21,498,721,1,0
21,499,893,1,0
21,500,668,1,0
21,501,636,1,0
21,502,687,1,0
21,503,633,1,0
21,504,896,1,0
21,505,597,1,0
21,506,733,1,0
21,507,592,1,0
21,508,590,1,0
21,509,691,1,0
21,510,634,1,0
21,511,702,1,0
21,512,708,1,0
21,513,600,1,0
21,514,733,1,0
21,515,727,1,0
21,516,678,1,0
21,517,658,1,0
21,518,630,1,0
21,519,576,1,0
21,520,613,1,0
21,521,1216,1,0
21,522,894,1,0
21,523,589,1,0
21,524,786,1,0
21,525,682,1,0
21,526,614,1,0
21,527,640,1,0
21,528,677,1,0
21,529,1328,1,0
21,530,709,1,0
21,531,645,1,0
21,532,753,1,0
21,533,701,1,0
21,534,681,1,0
21,535,672,1,0
21,536,703,1,0
21,537,1166,1,0
21,538,661,1,0
21,539,1065,1,0
21,540,775,1,0
21,541,978,1,0
21,542,947,1,0
21,543,972,1,0
21,544,1121,1,0
21,545,864,1,0
21,546,865,1,0
21,547,1003,1,0
21,548,796,1,0
21,549,1108,1,0
21,550,713,1,0
21,551,1036,1,0
21,552,937,1,0
21,553,856,1,0
21,554,794,1,0
21,555,971,1,0
21,556,1223,1,0
21,557,837,1,0
21,558,867,1,0
21,559,1182,1,0
21,560,932,1,0
21,561,1585,1,0
21,562,688,1,0
21,563,647,1,0
21,564,652,1,0
21,565,820,1,0
21,566,699,1,0
21,567,623,1,0
21,568,695,1,0
21,569,704,1,0
21,570,705,1,0
21,571,666,1,0
21,572,648,1,0
21,573,608,1,0
21,574,642,1,0
21,575,624,1,0
21,576,644,1,0
21,577,910,1,0
21,578,665,1,0
21,579,710,1,0
21,580,789,1,0
21,581,624,1,0
21,582,630,1,0
21,583,674,1,0
21,584,635,1,0
21,585,623,1,0
21,586,608,1,0
21,587,630,1,0
21,588,581,1,0
21,589,669,1,0
21,590,607,1,0
21,591,661,1,0
21,592,592,1,0
21,593,668,1,0
21,594,693,1,0
21,595,758,1,0
21,596,729,1,0
21,597,564,1,0
21,598,652,1,0
21,599,1053,1,0
22,0,2053,1,0
22,1,815,1,0
22,2,622,1,0
22,3,816,1,0
22,4,603,1,0
22,5,623,1,0
22,6,665,1,0
22,7,901,1,0
22,8,697,1,0
22,9,1378,1,0
22,10,669,1,0
22,11,694,1,0
22,12,732,1,0
22,13,934,1,0
22,14,632,1,0
22,15,642,1,0
22,16,620,1,0
22,17,587,1,0
22,18,651,1,0
22,19,640,1,0
22,20,685,1,0
22,21,647,1,0
22,22,613,1,0
22,23,655,1,0
22,24,734,1,0
22,25,1190,1,0
22,26,572,1,0
22,27,718,1,0
22,28,658,1,0
22,29,678,1,0
22,30,646,1,0
22,31,872,1,0
22,32,677,1,0
22,33,676,1,0
22,34,657,1,0
22,35,685,1,0
22,36,631,1,0
22,37,947,1,0
22,38,738,1,0
22,39,600,1,0
22,40,657,1,0
22,41,596,1,0
22,42,742,1,0
22,43,778,1,0
22,44,615,1,0
22,45,613,1,0
22,46,626,1,0
22,47,644,1,0
22,48,665,1,0
22,49,629,1,0
22,50,680,1,0
22,51,619,1,0
22,52,876,1,0
22,53,858,1,0
22,54,953,1,0
22,55,874,1,0
22,56,720,1,0
22,57,769,1,0
22,58,913,1,0
22,59,852,1,0
22,60,832,1,0
22,61,816,1,0
22,62,857,1,0
22,63,785,1,0
22,64,795,1,0
22,65,674,1,0
22,66,700,1,0
22,67,690,1,0
22,68,667,1,0
22,69,727,1,0
22,70,1135,1,0
22,71,2296,1,0
22,72,632,1,0
22,73,652,1,0
22,74,659,1,0
22,75,605,1,0
22,76,791,1,0
22,77,625,1,0
22,78,615,1,0
22,79,751,1,0
22,80,629,1,0
22,81,620,1,0
22,82,744,1,0
22,83,690,1,0
22,84,628,1,0
22,85,759,1,0
22,86,619,1,0
22,87,544,1,0
22,88,663,1,0
22,89,612,1,0
22,90,587,1,0
22,91,629,1,0
22,92,644,1,0
22,93,588,1,0
22,94,627,1,0
22,95,609,1,0
22,96,638,1,0
22,97,641,1,0
22,98,719,1,0
22,99,628,1,0
22,100,790,1,0
22,101,650,1,0
22,102,666,1,0
22,103,679,1,0
22,104,687,1,0
22,105,658,1,0
22,106,676,1,0
22,107,659,1,0
22,108,673,1,0
22,109,773,1,0
22,110,639,1,0
22,111,696,1,0
22,112,596,1,0
22,113,629,1,0
22,114,739,1,0
22,115,719,1,0
22,116,741,1,0
22,117,603,1,0
22,118,908,1,0
22,119,726,1,0
22,120,615,1,0
22,121,667,1,0
22,122,710,1,0
22,123,699,1,0
22,124,713,1,0
22,125,678,1,0
22,126,1042,1,0
22,127,1310,1,0
22,128,1088,1,0
22,129,966,1,0
22,130,990,1,0
22,131,1160,1,0
22,132,1026,1,0
22,133,872,1,0
22,134,1016,1,0
22,135,847,1,0
22,136,1247,1,0
22,137,1126,1,0
22,138,868,1,0
22,139,898,1,0
22,140,1520,1,0
22,141,782,1,0
22,142,900,1,0
22,143,951,1,0
22,144,816,1,0
22,145,891,1,0
22,146,753,1,0
22,147,878,1,0
22,148,891,1,0
22,149,918,1,0
22,150,820,1,0
22,151,802,1,0
22,152,750,1,0
22,153,652,1,0
22,154,989,1,0
22,155,867,1,0
22,156,648,1,0
22,157,578,1,0
22,158,955,1,0
22,159,557,1,0
22,160,649,1,0
22,161,642,1,0
22,162,614,1,0
22,163,665,1,0
22,164,738,1,0
22,165,700,1,0
22,166,695,1,0
22,167,631,1,0
22,168,689,1,0
22,169,607,1,0
22,170,652,1,0
22,171,581,1,0
22,172,601,1,0
22,173,755,1,0
22,174,590,1,0
22,175,612,1,0
22,176,583,1,0
22,177,639,1,0
22,178,1217,1,0
22,179,645,1,0
22,180,675,1,0
22,181,612,1,0
22,182,574,1,0
22,183,710,1,0
22,184,623,1,0
22,185,618,1,0
22,186,682,1,0
22,187,576,1,0
22,188,745,1,0
22,189,746,1,0
22,190,642,1,0
22,191,684,1,0
22,192,625,1,0
22,193,647,1,0
22,194,643,1,0
22,195,853,1,0
22,196,609,1,0
22,197,765,1,0
22,198,1106,1,0
22,199,1602,1,0
22,200,669,1,0
22,201,723,1,0
22,202,676,1,0
22,203,689,1,0
22,204,668,1,0
22,205,737,1,0
22,206,682,1,0
22,207,692,1,0
22,208,772,1,0
22,209,717,1,0
22,210,625,1,0
22,211,676,1,0
22,212,617,1,0
22,213,648,1,0
22,214,684,1,0
22,215,681,1,0
22,216,572,1,0
22,217,602,1,0
22,218,658,1,0
22,219,632,1,0
22,220,562,1,0
22,221,598,1,0
22,222,626,1,0
22,223,631,1,0
22,224,658,1,0
22,225,692,1,0
22,226,643,1,0
22,227,558,1,0
22,228,744,1,0
22,229,694,1,0
22,230,628,1,0
22,231,608,1,0
22,232,616,1,0
22,233,712,1,0
22,234,656,1,0
22,235,696,1,0
22,236,848,1,0
22,237,769,1,0
22,238,880,1,0
22,239,974,1,0
22,240,878,1,0
22,241,1146,1,0
22,242,947,1,0
22,243,806,1,0
22,244,742,1,0
22,245,669,1,0
22,246,622,1,0
22,247,678,1,0
22,248,610,1,0
22,249,633,1,0
22,250,623,1,0
22,251,630,1,0
22,252,640,1,0
22,253,614,1,0
22,254,677,1,0
22,255,852,1,0
22,256,686,1,0
22,257,631,1,0
22,258,599,1,0
22,259,639,1,0
22,260,719,1,0
22,261,664,1,0
22,262,623,1,0
22,263,708,1,0
22,264,600,1,0
22,265,765,1,0
22,266,650,1,0
22,267,561,1,0
22,268,655,1,0
22,269,618,1,0
22,270,691,1,0
22,271,678,1,0
22,272,644,1,0
22,273,572,1,0
22,274,582,1,0
22,275,627,1,0
22,276,559,1,0
22,277,606,1,0
22,278,665,1,0
22,279,525,1,0
22,280,634,1,0
22,281,788,1,0
22,282,661,1,0
22,283,611,1,0
22,284,608,1,0
22,285,644,1,0
22,286,595,1,0
22,287,621,1,0
22,288,621,1,0
22,289,658,1,0
22,290,755,1,0
22,291,689,1,0
22,292,709,1,0
22,293,707,1,0
22,294,638,1,0
22,295,680,1,0
22,296,747,1,0
22,297,878,1,0
22,298,704,1,0
22,299,855,1,0
22,300,617,1,0
22,301,623,1,0
22,302,594,1,0
22,303,667,1,0
22,304,654,1,0
22,305,618,1,0
22,306,615,1,0
22,307,707,1,0
22,308,615,1,0
22,309,636,1,0
22,310,586,1,0
22,311,587,1,0
22,312,657,1,0
22,313,595,1,0
22,314,710,1,0
22,315,633,1,0
22,316,597,1,0
22,317,550,1,0
22,318,629,1,0
22,319,701,1,0
22,320,865,1,0
22,321,785,1,0
22,322,1399,1,0
22,323,883,1,0
22,324,834,1,0
22,325,811,1,0
22,326,1041,1,0
22,327,778,1,0
22,328,867,1,0
22,329,844,1,0
22,330,840,1,0
22,331,741,1,0
22,332,742,1,0
22,333,773,1,0
22,334,1017,1,0
22,335,642,1,0
22,336,882,1,0
22,337,676,1,0
22,338,632,1,0
22,339,654,1,0
22,340,894,1,0
22,341,718,1,0
22,342,654,1,0
22,343,665,1,0
22,344,1260,1,0
22,345,568,1,0
22,346,635,1,0
22,347,575,1,0
22,348,639,1,0
22,349,890,1,0
22,350,628,1,0
22,351,620,1,0
22,352,610,1,0
22,353,625,1,0
22,354,655,1,0
22,355,605,1,0
22,356,633,1,0
22,357,668,1,0
22,358,600,1,0
22,359,619,1,0
22,360,783,1,0
22,361,650,1,0
22,362,634,1,0
22,363,620,1,0
22,364,652,1,0
22,365,699,1,0
22,366,753,1,0
22,367,632,1,0
22,368,662,1,0
22,369,709,1,0
22,370,892,1,0
22,371,756,1,0
22,372,993,1,0
22,373,639,1,0
22,374,664,1,0
22,375,730,1,0
22,376,641,1,0
22,377,651,1,0
22,378,658,1,0
22,379,607,1,0
22,380,838,1,0
22,381,1418,1,0
22,382,613,1,0
22,383,667,1,0
22,384,634,1,0
22,385,835,1,0
22,386,643,1,0
22,387,1807,1,0
22,388,637,1,0
22,389,677,1,0
22,390,760,1,0
22,391,868,1,0
22,392,646,1,0
22,393,577,1,0
22,394,669,1,0
22,395,663,1,0
22,396,626,1,0
22,397,737,1,0
22,398,656,1,0
22,399,652,1,0
22,400,626,1,0
22,401,661,1,0
22,402,690,1,0
22,403,637,1,0
22,404,670,1,0
22,405,606,1,0
22,406,654,1,0
22,407,632,1,0
22,408,574,1,0
22,409,681,1,0
22,410,705,1,0
22,411,868,1,0
22,412,988,1,0
22,413,940,1,0
22,414,1046,1,0
22,415,793,1,0
22,416,949,1,0
22,417,856,1,0
22,418,1059,1,0
22,419,861,1,0
22,420,891,1,0
22,421,932,1,0
22,422,864,1,0
22,423,789,1,0
22,424,758,1,0
22,425,820,1,0
22,426,815,1,0
22,427,788,1,0
22,428,806,1,0
22,429,789,1,0
22,430,668,1,0
22,431,641,1,0
22,432,598,1,0
22,433,662,1,0
22,434,643,1,0
22,435,603,1,0
22,436,604,1,0
22,437,613,1,0
22,438,662,1,0
22,439,712,1,0
22,440,691,1,0
22,441,912,1,0
22,442,667,1,0
22,443,776,1,0
22,444,754,1,0
22,445,575,1,0
22,446,575,1,0
22,447,653,1,0
22,448,586,1,0
22,449,675,1,0
22,450,681,1,0
22,451,696,1,0
22,452,571,1,0
22,453,595,1,0
22,454,741,1,0
22,455,612,1,0
22,456,619,1,0
22,457,572,1,0
22,458,731,1,0
22,459,893,1,0
22,460,571,1,0
22,461,696,1,0
22,462,646,1,0
22,463,584,1,0
22,464,655,1,0
22,465,580,1,0
22,466,583,1,0
22,467,559,1,0
22,468,605,1,0
22,469,646,1,0
22,470,673,1,0
22,471,656,1,0
22,472,604,1,0
22,473,852,1,0
22,474,577,1,0
22,475,671,1,0
22,476,577,1,0
22,477,630,1,0
22,478,575,1,0
22,479,1158,1,0
22,480,573,1,0
22,481,644,1,0
22,482,681,1,0
22,483,593,1,0
22,484,621,1,0
22,485,645,1,0
22,486,748,1,0
22,487,688,1,0
22,488,742,1,0
22,489,1032,1,0
22,490,672,1,0
22,491,624,1,0
22,492,652,1,0
22,493,674,1,0
22,494,706,1,0
22,495,593,1,0
22,496,592,1,0
22,497,583,1,0
22,498,670,1,0
22,499,801,1,0
22,500,678,1,0
22,501,660,1,0
22,502,618,1,0
22,503,653,1,0
22,504,603,1,0
22,505,782,1,0
22,506,713,1,0
22,507,696,1,0
22,508,601,1,0
22,509,1029,1,0
22,510,602,1,0
22,511,1018,1,0
22,512,883,1,0
22,513,655,1,0
22,514,854,1,0
22,515,696,1,0
22,516,676,1,0
22,517,776,1,0
22,518,694,1,0
22,519,919,1,0
22,520,654,1,0
22,521,919,1,0
22,522,1194,1,0
22,523,744,1,0
22,524,1072,1,0
22,525,713,1,0
22,526,938,1,0
22,527,596,1,0
22,528,693,1,0
22,529,793,1,0
22,530,642,1,0
22,531,657,1,0
22,532,586,1,0
22,533,740,1,0
22,534,635,1,0
22,535,694,1,0
22,536,644,1,0
22,537,611,1,0
22,538,605,1,0
22,539,793,1,0
22,540,615,1,0
22,541,765,1,0
22,542,668,1,0
22,543,625,1,0
22,544,625,1,0
22,545,617,1,0
22,546,636,1,0
22,547,590,1,0
22,548,589,1,0
22,549,956,1,0
22,550,629,1,0
22,551,592,1,0
22,552,623,1,0
22,553,691,1,0
22,554,629,1,0
22,555,703,1,0
22,556,601,1,0
22,557,607,1,0
22,558,630,1,0
22,559,704,1,0
22,560,592,1,0
22,561,1249,1,0
22,562,614,1,0
22,563,609,1,0
22,564,601,1,0
22,565,631,1,0
22,566,673,1,0
22,567,652,1,0
22,568,636,1,0
22,569,688,1,0
22,570,607,1,0
22,571,701,1,0
22,572,621,1,0
22,573,643,1,0
22,574,697,1,0
22,575,652,1,0
22,576,788,1,0
22,577,625,1,0
22,578,662,1,0
22,579,640,1,0
22,580,1080,1,0
22,581,639,1,0
22,582,612,1,0
22,583,968,1,0
22,584,680,1,0
22,585,681,1,0
22,586,763,1,0
22,587,651,1,0
22,588,677,1,0
22,589,1036,1,0
22,590,812,1,0
22,591,848,1,0
22,592,625,1,0
22,593,626,1,0
22,594,957,1,0
22,595,624,1,0
22,596,1245,1,0
22,597,883,1,0
22,598,679,1,0
22,599,805,1,0
23,0,1686,1,0
23,1,595,1,0
23,2,896,1,0
23,3,659,1,0
23,4,779,1,0
23,5,1310,1,0
23,6,1049,1,0
23,7,1213,1,0
23,8,1057,1,0
23,9,1353,1,0
23,10,1021,1,0
23,11,909,1,0
23,12,1276,1,0
23,13,931,1,0
23,14,881,1,0
23,15,827,1,0
23,16,785,1,0
23,17,740,1,0
23,18,932,1,0
23,19,872,1,0
23,20,777,1,0
23,21,888,1,0
23,22,924,1,0
23,23,805,1,0
23,24,981,1,0
23,25,884,1,0
23,26,795,1,0
23,27,689,1,0
23,28,639,1,0
23,29,634,1,0
23,30,602,1,0
23,31,605,1,0
23,32,685,1,0
23,33,567,1,0
23,34,601,1,0
23,35,625,1,0
23,36,669,1,0
23,37,652,1,0
23,38,560,1,0
23,39,616,1,0
23,40,696,1,0
23,41,589,1,0
23,42,799,1,0
23,43,593,1,0
23,44,663,1,0
23,45,592,1,0
23,46,605,1,0
23,47,1224,1,0
23,48,707,1,0
23,49,623,1,0
23,50,737,1,0
23,51,693,1,0
23,52,726,1,0
23,53,632,1,0
23,54,620,1,0
23,55,694,1,0
23,56,620,1,0
23,57,810,1,0
23,58,711,1,0
23,59,679,1,0
23,60,636,1,0
23,61,607,1,0
23,62,603,1,0
23,63,608,1,0
23,64,620,1,0
23,65,674,1,0
23,66,677,1,0
23,67,734,1,0
23,68,1310,1,0
23,69,1520,1,0
23,70,1296,1,0
23,71,1698,1,0
23,72,815,1,0
23,73,833,1,0
23,74,842,1,0
23,75,839,1,0
23,76,875,1,0
23,77,630,1,0
23,78,763,1,0
23,79,653,1,0
23,80,652,1,0
23,81,703,1,0
23,82,698,1,0
23,83,659,1,0
23,84,630,1,0
23,85,687,1,0
23,86,580,1,0
23,87,720,1,0
23,88,777,1,0
23,89,648,1,0
23,90,686,1,0
23,91,647,1,0
23,92,708,1,0
23,93,656,1,0
23,94,559,1,0
23,95,675,1,0
23,96,671,1,0
23,97,608,1,0
23,98,814,1,0
23,99,737,1,0
23,100,1002,1,0
23,101,837,1,0
23,102,871,1,0
23,103,1215,1,0
23,104,783,1,0
23,105,886,1,0
23,106,766,1,0
23,107,798,1,0
23,108,1000,1,0
23,109,815,1,0
23,110,656,1,0
23,111,1059,1,0
23,112,608,1,0
23,113,614,1,0
23,114,691,1,0
23,115,654,1,0
23,116,886,1,0
23,117,854,1,0
23,118,1433,1,0
23,119,784,1,0
23,120,937,1,0
23,121,658,1,0
23,122,682,1,0
23,123,640,1,0
23,124,696,1,0
23,125,656,1,0
23,126,549,1,0
23,127,733,1,0
23,128,778,1,0
23,129,659,1,0
23,130,722,1,0
23,131,897,1,0
23,132,634,1,0
23,133,600,1,0
23,134,589,1,0
23,135,641,1,0
23,136,693,1,0
23,137,611,1,0
23,138,820,1,0
23,139,612,1,0
23,140,744,1,0
23,141,700,1,0
23,142,627,1,0
23,143,711,1,0
23,144,669,1,0
23,145,621,1,0
23,146,658,1,0
23,147,798,1,0
23,148,668,1,0
23,149,647,1,0
23,150,676,1,0
23,151,755,1,0
23,152,609,1,0
23,153,687,1,0
23,154,704,1,0
23,155,708,1,0
23,156,757,1,0
23,157,686,1,0
23,158,973,1,0
23,159,636,1,0
23,160,788,1,0
23,161,663,1,0
23,162,643,1,0
23,163,619,1,0
23,164,727,1,0
23,165,658,1,0
23,166,796,1,0
23,167,721,1,0
23,168,975,1,0
23,169,599,1,0
23,170,627,1,0
23,171,619,1,0
23,172,623,1,0
23,173,1291,1,0
23,174,794,1,0
23,175,685,1,0
23,176,947,1,0
23,177,710,1,0
23,178,1206,1,0
23,179,1009,1,0
23,180,1098,1,0
23,181,1018,1,0
23,182,1068,1,0
23,183,1276,1,0
23,184,885,1,0
23,185,931,1,0
23,186,747,1,0
23,187,880,1,0
23,188,801,1,0
23,189,729,1,0
23,190,649,1,0
23,191,735,1,0
23,192,735,1,0
23,193,702,1,0
23,194,690,1,0
23,195,1084,1,0
23,196,845,1,0
23,197,950,1,0
23,198,832,1,0
23,199,1428,1,0
23,200,858,1,0
23,201,676,1,0
23,202,636,1,0
23,203,625,1,0
23,204,612,1,0
23,205,676,1,0
23,206,632,1,0
23,207,608,1,0
23,208,663,1,0
23,209,951,1,0
23,210,635,1,0
23,211,652,1,0
23,212,619,1,0
23,213,629,1,0
23,214,661,1,0
23,215,580,1,0
23,216,596,1,0
23,217,565,1,0
23,218,675,1,0
23,219,579,1,0
23,220,559,1,0
23,221,566,1,0
23,222,629,1,0
23,223,559,1,0
23,224,610,1,0
23,225,662,1,0
23,226,571,1,0
23,227,568,1,0
23,228,606,1,0
23,229,696,1,0
23,230,664,1,0
23,231,630,1,0
23,232,624,1,0
23,233,650,1,0
23,234,633,1,0
23,235,591,1,0
23,236,673,1,0
23,237,591,1,0
23,238,695,1,0
23,239,643,1,0
23,240,763,1,0
23,241,709,1,0
23,242,570,1,0
23,243,619,1,0
23,244,555,1,0
23,245,597,1,0
23,246,588,1,0
23,247,622,1,0
23,248,675,1,0
23,249,581,1,0
23,250,644,1,0
23,251,605,1,0
23,252,655,1,0
23,253,633,1,0
23,254,628,1,0
23,255,613,1,0
23,256,582,1,0
23,257,719,1,0
23,258,684,1,0
23,259,873,1,0
23,260,686,1,0
23,261,688,1,0
23,262,653,1,0
23,263,603,1,0
23,264,668,1,0
23,265,671,1,0
23,266,824,1,0
23,267,671,1,0
23,268,713,1,0
23,269,625,1,0
23,270,717,1,0
23,271,905,1,0
23,272,618,1,0
23,273,637,1,0
23,274,819,1,0
23,275,638,1,0
23,276,630,1,0
23,277,567,1,0
23,278,730,1,0
23,279,642,1,0
23,280,671,1,0
23,281,617,1,0
23,282,618,1,0
23,283,633,1,0
23,284,720,1,0
23,285,618,1,0
23,286,612,1,0
23,287,639,1,0
23,288,700,1,0
23,289,591,1,0
23,290,881,1,0
23,291,697,1,0
23,292,719,1,0
23,293,765,1,0
23,294,660,1,0
23,295,636,1,0
23,296,741,1,0
23,297,747,1,0
23,298,605,1,0
23,299,648,1,0
23,300,613,1,0
23,301,628,1,0
23,302,582,1,0
23,303,832,1,0
23,304,646,1,0
23,305,628,1,0
23,306,636,1,0
23,307,591,1,0
23,308,569,1,0
23,309,743,1,0
23,310,774,1,0
23,311,598,1,0
23,312,603,1,0
23,313,632,1,0
23,314,645,1,0
23,315,603,1,0
23,316,564,1,0
23,317,543,1,0
23,318,617,1,0
23,319,566,1,0
23,320,758,1,0
23,321,578,1,0
23,322,694,1,0
23,323,755,1,0
23,324,728,1,0
23,325,714,1,0
23,326,679,1,0
23,327,578,1,0
23,328,578,1,0
23,329,761,1,0
23,330,652,1,0
23,331,607,1,0
23,332,678,1,0
23,333,656,1,0
23,334,610,1,0
23,335,644,1,0
23,336,674,1,0
23,337,635,1,0
23,338,665,1,0
23,339,605,1,0
23,340,649,1,0
23,341,619,1,0
23,342,720,1,0
23,343,661,1,0
23,344,683,1,0
23,345,705,1,0
23,346,655,1,0
23,347,795,1,0
23,348,637,1,0
23,349,638,1,0
23,350,706,1,0
23,351,648,1,0
23,352,586,1,0
23,353,596,1,0
23,354,1539,1,0
23,355,680,1,0
23,356,686,1,0
23,357,771,1,0
23,358,780,1,0
23,359,1090,1,0
23,360,692,1,0
23,361,582,1,0
23,362,644,1,0
23,363,671,1,0
23,364,641,1,0
23,365,970,1,0
23,366,928,1,0
23,367,931,1,0
23,368,870,1,0
23,369,997,1,0
23,370,900,1,0
23,371,1055,1,0
23,372,931,1,0
23,373,994,1,0
23,374,939,1,0
23,375,889,1,0
23,376,957,1,0
23,377,707,1,0
23,378,766,1,0
23,379,785,1,0
23,380,953,1,0
23,381,1106,1,0
23,382,818,1,0
23,383,680,1,0
23,384,936,1,0
23,385,825,1,0
23,386,1039,1,0
23,387,1865,1,0
23,388,1014,1,0
23,389,863,1,0
23,390,679,1,0
23,391,726,1,0
23,392,588,1,0
23,393,561,1,0
23,394,646,1,0
23,395,571,1,0
23,396,916,1,0
23,397,625,1,0
23,398,645,1,0
23,399,669,1,0
23,400,638,1,0
23,401,824,1,0
23,402,677,1,0
23,403,564,1,0
23,404,705,1,0
23,405,580,1,0
23,406,590,1,0
23,407,663,1,0
23,408,611,1,0
23,409,632,1,0
23,410,614,1,0
23,411,697,1,0
23,412,814,1,0
23,413,678,1,0
23,414,591,1,0
23,415,570,1,0
23,416,689,1,0
23,417,738,1,0
23,418,704,1,0
23,419,677,1,0
23,420,627,1,0
23,421,671,1,0
23,422,617,1,0
23,423,602,1,0
23,424,637,1,0
23,425,613,1,0
23,426,597,1,0
23,427,642,1,0
23,428,624,1,0
23,429,743,1,0
23,430,671,1,0
23,431,615,1,0
23,432,668,1,0
23,433,669,1,0
23,434,649,1,0
23,435,619,1,0
23,436,637,1,0
23,437,637,1,0
23,438,785,1,0
23,439,686,1,0
23,440,648,1,0
23,441,692,1,0
23,442,648,1,0
23,443,695,1,0
23,444,624,1,0
23,445,609,1,0
23,446,624,1,0
23,447,626,1,0
23,448,686,1,0
23,449,716,1,0
23,450,642,1,0
23,451,696,1,0
23,452,778,1,0
23,453,689,1,0
23,454,1014,1,0
23,455,716,1,0
23,456,858,1,0
23,457,1070,1,0
23,458,901,1,0
23,459,1276,1,0
23,460,907,1,0
23,461,1030,1,0
23,462,779,1,0
23,463,736,1,0
23,464,991,1,0
23,465,846,1,0
23,466,915,1,0
23,467,710,1,0
23,468,870,1,0
23,469,911,1,0
23,470,817,1,0
23,471,705,1,0
23,472,699,1,0
23,473,766,1,0
23,474,745,1,0
23,475,835,1,0
23,476,671,1,0
23,477,722,1,0
23,478,750,1,0
23,479,1685,1,0
23,480,769,1,0
23,481,804,1,0
23,482,1001,1,0
23,483,646,1,0
23,484,985,1,0
23,485,682,1,0
23,486,1216,1,0
23,487,1204,1,0
23,488,693,1,0
23,489,861,1,0
23,490,834,1,0
23,491,519,1,0
23,492,635,1,0
23,493,754,1,0
23,494,656,1,0
23,495,608,1,0
23,496,703,1,0
23,497,702,1,0
23,498,613,1,0
23,499,706,1,0
23,500,630,1,0
23,501,600,1,0
23,502,626,1,0
23,503,644,1,0
23,504,662,1,0
23,505,563,1,0
23,506,783,1,0
23,507,662,1,0
23,508,660,1,0
23,509,966,1,0
23,510,600,1,0
23,511,588,1,0
23,512,655,1,0
23,513,668,1,0
23,514,630,1,0
23,515,653,1,0
23,516,639,1,0
23,517,689,1,0
23,518,671,1,0
23,519,975,1,0
23,520,742,1,0
23,521,645,1,0
23,522,685,1,0
23,523,691,1,0
23,524,737,1,0
23,525,675,1,0
23,526,805,1,0
23,527,681,1,0
23,528,711,1,0
23,529,801,1,0
23,530,710,1,0
23,531,692,1,0
23,532,653,1,0
23,533,656,1,0
23,534,648,1,0
23,535,655,1,0
23,536,619,1,0
23,537,872,1,0
23,538,654,1,0
23,539,1085,1,0
23,540,633,1,0
23,541,1710,1,0
23,542,595,1,0
23,543,705,1,0
23,544,620,1,0
23,545,587,1,0
23,546,666,1,0
23,547,759,1,0
23,548,1102,1,0
23,549,1278,1,0
23,550,1240,1,0
23,551,704,1,0
23,552,592,1,0
23,553,931,1,0
23,554,1009,1,0
23,555,1309,1,0
23,556,882,1,0
23,557,715,1,0
23,558,937,1,0
23,559,962,1,0
23,560,1020,1,0
23,561,1032,1,0
23,562,836,1,0
23,563,748,1,0
23,564,806,1,0
23,565,608,1,0
23,566,818,1,0
23,567,658,1,0
23,568,677,1,0
23,569,997,1,0
23,570,860,1,0
23,571,845,1,0
23,572,687,1,0
23,573,754,1,0
23,574,761,1,0
23,575,910,1,0
23,576,811,1,0
23,577,624,1,0
23,578,714,1,0
23,579,780,1,0
23,580,938,1,0
23,581,587,1,0
23,582,573,1,0
23,583,620,1,0
23,584,644,1,0
23,585,656,1,0
23,586,645,1,0
23,587,642,1,0
23,588,631,1,0
23,589,660,1,0
23,590,657,1,0
23,591,712,1,0
23,592,634,1,0
23,593,644,1,0
23,594,686,1,0
23,595,626,1,0
23,596,659,1,0
23,597,633,1,0
23,598,581,1,0
23,599,682,1,0
24,0,2295,1,0
24,1,667,1,0
24,2,775,1,0
24,3,1193,1,0
24,4,981,1,0
24,5,638,1,0
24,6,601,1,0
24,7,966,1,0
24,8,617,1,0
24,9,2033,1,0
24,10,637,1,0
24,11,596,1,0
24,12,645,1,0
24,13,650,1,0
24,14,622,1,0
24,15,725,1,0
24,16,630,1,0
24,17,657,1,0
24,18,643,1,0
24,19,644,1,0
24,20,705,1,0
24,21,640,1,0
24,22,688,1,0
24,23,719,1,0
24,24,592,1,0
24,25,748,1,0
24,26,827,1,0
24,27,833,1,0
24,28,653,1,0
24,29,686,1,0
24,30,690,1,0
24,31,710,1,0
24,32,765,1,0
24,33,715,1,0
24,34,756,1,0
24,35,686,1,0
24,36,616,1,0
24,37,716,1,0
24,38,641,1,0
24,39,616,1,0
24,40,667,1,0
24,41,716,1,0
24,42,820,1,0
24,43,690,1,0
24,44,655,1,0
24,45,674,1,0
24,46,692,1,0
24,47,831,1,0
24,48,658,1,0
24,49,703,1,0
24,50,733,1,0
24,51,714,1,0
24,52,820,1,0
24,53,675,1,0
24,54,601,1,0
24,55,732,1,0
24,56,592,1,0
24,57,748,1,0
24,58,839,1,0
24,59,616,1,0
24,60,721,1,0
24,61,691,1,0
24,62,673,1,0
24,63,703,1,0
24,64,763,1,0
24,65,681,1,0
24,66,681,1,0
24,67,742,1,0
24,68,700,1,0
24,69,1558,1,0
24,70,1588,1,0
24,71,1038,1,0
24,72,947,1,0
24,73,765,1,0
24,74,799,1,0
24,75,895,1,0
24,76,1019,1,0
24,77,717,1,0
24,78,810,1,0
24,79,741,1,0
24,80,687,1,0
24,81,757,1,0
24,82,830,1,0
24,83,776,1,0
24,84,821,1,0
24,85,715,1,0
24,86,814,1,0
24,87,696,1,0
24,88,641,1,0
24,89,615,1,0
24,90,604,1,0
24,91,802,1,0
24,92,803,1,0
24,93,607,1,0
24,94,646,1,0
24,95,607,1,0
24,96,595,1,0
24,97,669,1,0
24,98,632,1,0
24,99,599,1,0
24,100,830,1,0
24,101,670,1,0
24,102,669,1,0
24,103,614,1,0
24,104,671,1,0
24,105,612,1,0
24,106,689,1,0
24,107,591,1,0
24,108,706,1,0
24,109,678,1,0
24,110,691,1,0
24,111,645,1,0
24,112,730,1,0
24,113,665,1,0
24,114,676,1,0
24,115,657,1,0
24,116,803,1,0
24,117,566,1,0
24,118,822,1,0
24,119,683,1,0
24,120,714,1,0
24,121,666,1,0
24,122,756,1,0
24,123,651,1,0
24,124,624,1,0
24,125,704,1,0
24,126,607,1,0
24,127,688,1,0
24,128,627,1,0
24,129,684,1,0
24,130,695,1,0
24,131,635,1,0
24,132,776,1,0
24,133,777,1,0
24,134,698,1,0
24,135,862,1,0
24,136,688,1,0
24,137,761,1,0
24,138,834,1,0
24,139,716,1,0
24,140,948,1,0
24,141,661,1,0
24,142,640,1,0
24,143,661,1,0
24,144,1040,1,0
24,145,780,1,0
24,146,853,1,0
24,147,992,1,0
24,148,843,1,0
24,149,820,1,0
24,150,1237,1,0
24,151,709,1,0
24,152,773,1,0
24,153,859,1,0
24,154,1117,1,0
24,155,981,1,0
24,156,833,1,0
24,157,914,1,0
24,158,1150,1,0
24,159,685,1,0
24,160,809,1,0
24,161,1034,1,0
24,162,826,1,0
24,163,859,1,0
24,164,847,1,0
24,165,695,1,0
24,166,812,1,0
24,167,712,1,0
24,168,843,1,0
24,169,698,1,0
24,170,1036,1,0
24,171,913,1,0
24,172,1032,1,0
24,173,1209,1,0
24,174,603,1,0
24,175,663,1,0
24,176,628,1,0
24,177,604,1,0
24,178,695,1,0
24,179,679,1,0
24,180,634,1,0
24,181,637,1,0
24,182,688,1,0
24,183,611,1,0
24,184,605,1,0
24,185,639,1,0
24,186,602,1,0
24,187,623,1,0
24,188,742,1,0
24,189,881,1,0
24,190,631,1,0
24,191,556,1,0
24,192,657,1,0
24,193,652,1,0
24,194,628,1,0
24,195,886,1,0
24,196,864,1,0
24,197,613,1,0
24,198,770,1,0
24,199,645,1,0
24,200,673,1,0
24,201,786,1,0
24,202,611,1,0
24,203,593,1,0
24,204,639,1,0
24,205,680,1,0
24,206,658,1,0
24,207,678,1,0
24,208,690,1,0
24,209,928,1,0
24,210,653,1,0
24,211,635,1,0
24,212,700,1,0
24,213,641,1,0
24,214,599,1,0
24,215,682,1,0
24,216,649,1,0
24,217,748,1,0
24,218,697,1,0
24,219,646,1,0
24,220,639,1,0
24,221,718,1,0
24,222,750,1,0
24,223,622,1,0
24,224,678,1,0
24,225,859,1,0
24,226,1472,1,0
24,227,697,1,0
24,228,663,1,0
24,229,606,1,0
24,230,618,1,0
24,231,673,1,0
24,232,672,1,0
24,233,595,1,0
24,234,567,1,0
24,235,711,1,0
24,236,745,1,0
24,237,628,1,0
24,238,715,1,0
24,239,660,1,0
24,240,1260,1,0
24,241,826,1,0
24,242,628,1,0
24,243,651,1,0
24,244,713,1,0
24,245,576,1,0
24,246,647,1,0
24,247,687,1,0
24,248,760,1,0
24,249,650,1,0
24,250,675,1,0
24,251,659,1,0
24,252,719,1,0
24,253,716,1,0
24,254,778,1,0
24,255,700,1,0
24,256,726,1,0
24,257,710,1,0
24,258,741,1,0
24,259,726,1,0
24,260,769,1,0
24,261,758,1,0
24,262,672,1,0
24,263,756,1,0
24,264,621,1,0
24,265,676,1,0
24,266,851,1,0
24,267,595,1,0
24,268,931,1,0
24,269,843,1,0
24,270,590,1,0
24,271,758,1,0
24,272,640,1,0
24,273,585,1,0
24,274,548,1,0
24,275,560,1,0
24,276,753,1,0
24,277,726,1,0
24,278,780,1,0
24,279,666,1,0
24,280,700,1,0
24,281,619,1,0
24,282,631,1,0
24,283,728,1,0
24,284,627,1,0
24,285,762,1,0
24,286,615,1,0
24,287,635,1,0
24,288,629,1,0
24,289,595,1,0
24,290,656,1,0
24,291,635,1,0
24,292,590,1,0
24,293,634,1,0
24,294,708,1,0
24,295,627,1,0
24,296,730,1,0
24,297,699,1,0
24,298,735,1,0
24,299,714,1,0
24,300,633,1,0
24,301,662,1,0
24,302,554,1,0
24,303,668,1,0
24,304,664,1,0
24,305,629,1,0
24,306,681,1,0
24,307,679,1,0
24,308,672,1,0
24,309,679,1,0
24,310,681,1,0
24,311,689,1,0
24,312,687,1,0
24,313,690,1,0
24,314,687,1,0
24,315,678,1,0
24,316,592,1,0
24,317,700,1,0
24,318,767,1,0
24,319,675,1,0
24,320,761,1,0
24,321,654,1,0
24,322,986,1,0
24,323,683,1,0
24,324,656,1,0
24,325,628,1,0
24,326,747,1,0
24,327,755,1,0
24,328,673,1,0
24,329,626,1,0
24,330,604,1,0
24,331,600,1,0
24,332,650,1,0
24,333,854,1,0
24,334,993,1,0
24,335,1035,1,0
24,336,923,1,0
24,337,1069,1,0
24,338,775,1,0
24,339,908,1,0
24,340,830,1,0
24,341,833,1,0
24,342,722,1,0
24,343,788,1,0
24,344,1155,1,0
24,345,758,1,0
24,346,895,1,0
24,347,712,1,0
24,348,854,1,0
24,349,775,1,0
24,350,743,1,0
24,351,733,1,0
24,352,742,1,0
24,353,933,1,0
24,354,795,1,0
24,355,721,1,0
24,356,704,1,0
24,357,1222,1,0
24,358,636,1,0
24,359,596,1,0
24,360,790,1,0
24,361,621,1,0
24,362,676,1,0
24,363,539,1,0
24,364,571,1,0
24,365,583,1,0
24,366,651,1,0
24,367,617,1,0
24,368,758,1,0
24,369,653,1,0
24,370,684,1,0
24,371,612,1,0
24,372,680,1,0
24,373,677,1,0
24,374,629,1,0
24,375,699,1,0
24,376,672,1,0
24,377,648,1,0
24,378,674,1,0
24,379,630,1,0
24,380,760,1,0
24,381,891,1,0
24,382,597,1,0
24,383,653,1,0
24,384,614,1,0
24,385,577,1,0
24,386,700,1,0
24,387,1198,1,0
24,388,608,1,0
24,389,880,1,0
24,390,691,1,0
24,391,698,1,0
24,392,645,1,0
24,393,612,1,0
24,394,692,1,0
24,395,618,1,0
24,396,599,1,0
24,397,595,1,0
24,398,615,1,0
24,399,644,1,0
24,400,652,1,0
24,401,754,1,0
24,402,636,1,0
24,403,643,1,0
24,404,612,1,0
24,405,676,1,0
24,406,672,1,0
24,407,649,1,0
24,408,691,1,0
24,409,673,1,0
24,410,622,1,0
24,411,712,1,0
24,412,755,1,0
24,413,984,1,0
24,414,694,1,0
24,415,664,1,0
24,416,588,1,0
24,417,1164,1,0
24,418,663,1,0
24,419,754,1,0
24,420,764,1,0
24,421,943,1,0
24,422,1104,1,0
24,423,636,1,0
24,424,830,1,0
24,425,1078,1,0
24,426,642,1,0
24,427,1020,1,0
24,428,740,1,0
24,429,855,1,0
24,430,933,1,0
24,431,972,1,0
24,432,1043,1,0
24,433,991,1,0
24,434,1055,1,0
24,435,891,1,0
24,436,875,1,0
24,437,953,1,0
24,438,721,1,0
24,439,984,1,0
24,440,1063,1,0
24,441,1356,1,0
24,442,920,1,0
24,443,765,1,0
24,444,730,1,0
24,445,794,1,0
24,446,796,1,0
24,447,900,1,0
24,448,767,1,0
24,449,757,1,0
24,450,660,1,0
24,451,692,1,0
24,452,666,1,0
24,453,814,1,0
24,454,671,1,0
24,455,586,1,0
24,456,656,1,0
24,457,621,1,0
24,458,770,1,0
24,459,642,1,0
24,460,627,1,0
24,461,628,1,0
24,462,650,1,0
24,463,607,1,0
24,464,633,1,0
24,465,661,1,0
24,466,638,1,0
24,467,565,1,0
24,468,598,1,0
24,469,780,1,0
24,470,647,1,0
24,471,631,1,0
24,472,601,1,0
24,473,695,1,0
24,474,640,1,0
24,475,636,1,0
24,476,630,1,0
24,477,607,1,0
24,478,631,1,0
24,479,599,1,0
24,480,636,1,0
24,481,639,1,0
24,482,687,1,0
24,483,575,1,0
24,484,651,1,0
24,485,599,1,0
24,486,726,1,0
24,487,642,1,0
24,488,708,1,0
24,489,740,1,0
24,490,728,1,0
24,491,608,1,0
24,492,707,1,0
24,493,644,1,0
24,494,682,1,0
24,495,675,1,0
24,496,633,1,0
24,497,600,1,0
24,498,628,1,0
24,499,825,1,0
24,500,856,1,0
24,501,661,1,0
24,502,657,1,0
24,503,591,1,0
24,504,671,1,0
24,505,701,1,0
24,506,708,1,0
24,507,695,1,0
24,508,626,1,0
24,509,647,1,0
24,510,688,1,0
24,511,631,1,0
24,512,653,1,0
24,513,621,1,0
24,514,661,1,0
24,515,666,1,0
24,516,636,1,0
24,517,594,1,0
24,518,607,1,0
24,519,623,1,0
24,520,724,1,0
24,521,858,1,0
24,522,1268,1,0
24,523,892,1,0
24,524,715,1,0
24,525,738,1,0
24,526,1078,1,0
24,527,859,1,0
24,528,965,1,0
24,529,925,1,0
24,530,891,1,0
24,531,866,1,0
24,532,1014,1,0
24,533,969,1,0
24,534,855,1,0
24,535,991,1,0
24,536,775,1,0
24,537,793,1,0
24,538,784,1,0
24,539,1046,1,0
24,540,829,1,0
24,541,1110,1,0
24,542,1058,1,0
24,543,924,1,0
24,544,717,1,0
24,545,718,1,0
24,546,698,1,0
24,547,818,1,0
24,548,676,1,0
24,549,777,1,0
24,550,801,1,0
24,551,840,1,0
24,552,891,1,0
24,553,562,1,0
24,554,1041,1,0
24,555,715,1,0
24,556,847,1,0
24,557,663,1,0
24,558,612,1,0
24,559,700,1,0
24,560,635,1,0
24,561,605,1,0
24,562,749,1,0
24,563,686,1,0
24,564,673,1,0
24,565,676,1,0
24,566,637,1,0
24,567,641,1,0
24,568,634,1,0
24,569,894,1,0
24,570,582,1,0
24,571,620,1,0
24,572,623,1,0
24,573,680,1,0
24,574,682,1,0
24,575,586,1,0
24,576,598,1,0
24,577,668,1,0
24,578,668,1,0
24,579,995,1,0
24,580,1288,1,0
24,581,664,1,0
24,582,764,1,0
24,583,593,1,0
24,584,635,1,0
24,585,656,1,0
24,586,586,1,0
24,587,646,1,0
24,588,732,1,0
24,589,788,1,0
24,590,716,1,0
24,591,652,1,0
24,592,653,1,0
24,593,703,1,0
24,594,646,1,0
24,595,689,1,0
24,596,691,1,0
24,597,722,1,0
24,598,614,1,0
24,599,957,1,0
25,0,4324,1,0
25,1,666,1,0
25,2,915,1,0
25,3,603,1,0
25,4,694,1,0
25,5,761,1,0
25,6,797,1,0
25,7,1566,1,0
25,8,714,1,0
25,9,1668,1,0
25,10,608,1,0
25,11,630,1,0
25,12,776,1,0
25,13,732,1,0
25,14,653,1,0
25,15,696,1,0
25,16,653,1,0
25,17,664,1,0
25,18,796,1,0
25,19,681,1,0
25,20,847,1,0
25,21,1061,1,0
25,22,698,1,0
25,23,813,1,0
25,24,834,1,0
25,25,1057,1,0
25,26,804,1,0
25,27,996,1,0
25,28,991,1,0
25,29,818,1,0
25,30,712,1,0
25,31,887,1,0
25,32,765,1,0
25,33,662,1,0
25,34,703,1,0
25,35,604,1,0
25,36,626,1,0
25,37,996,1,0
25,38,776,1,0
25,39,773,1,0
25,40,748,1,0
25,41,888,1,0
25,42,842,1,0
25,43,861,1,0
25,44,632,1,0
25,45,837,1,0
25,46,719,1,0
25,47,1023,1,0
25,48,664,1,0
25,49,561,1,0
25,50,628,1,0
25,51,573,1,0
25,52,671,1,0
25,53,595,1,0
25,54,805,1,0
25,55,772,1,0
25,56,889,1,0
25,57,667,1,0
25,58,690,1,0
25,59,639,1,0
25,60,615,1,0
25,61,665,1,0
25,62,672,1,0
25,63,637,1,0
25,64,743,1,0
25,65,634,1,0
25,66,655,1,0
25,67,719,1,0
25,68,739,1,0
25,69,1007,1,0
25,70,1119,1,0
25,71,1203,1,0
25,72,1210,1,0
25,73,1034,1,0
25,74,1018,1,0
25,75,963,1,0
25,76,2587,1,0
25,77,890,1,0
25,78,1035,1,0
25,79,718,1,0
25,80,605,1,0
25,81,599,1,0
25,82,578,1,0
25,83,577,1,0
25,84,609,1,0
25,85,650,1,0
25,86,732,1,0
25,87,588,1,0
25,88,598,1,0
25,89,602,1,0
25,90,632,1,0
25,91,620,1,0
25,92,564,1,0
25,93,571,1,0
25,94,639,1,0
25,95,749,1,0
25,96,620,1,0
25,97,636,1,0
25,98,567,1,0
25,99,611,1,0
25,100,639,1,0
25,101,624,1,0
25,102,991,1,0
25,103,875,1,0
25,104,866,1,0
25,105,1104,1,0
25,106,859,1,0
25,107,983,1,0
25,108,936,1,0
25,109,745,1,0
25,110,994,1,0
25,111,986,1,0
25,112,833,1,0
25,113,863,1,0
25,114,1025,1,0
25,115,929,1,0
25,116,914,1,0
25,117,822,1,0
25,118,922,1,0
25,119,751,1,0
25,120,769,1,0
25,121,874,1,0
25,122,835,1,0
25,123,836,1,0
25,124,878,1,0
25,125,877,1,0
25,126,788,1,0
25,127,786,1,0
25,128,1108,1,0
25,129,779,1,0
25,130,951,1,0
25,131,768,1,0
25,132,805,1,0
25,133,834,1,0
25,134,683,1,0
25,135,657,1,0
25,136,989,1,0
25,137,1234,1,0
25,138,621,1,0
25,139,632,1,0
25,140,626,1,0
25,141,656,1,0
25,142,846,1,0
25,143,1059,1,0
25,144,610,1,0
25,145,759,1,0
25,146,727,1,0
25,147,646,1,0
25,148,629,1,0
25,149,589,1,0
25,150,661,1,0
25,151,668,1,0
25,152,560,1,0
25,153,601,1,0
25,154,1043,1,0
25,155,912,1,0
25,156,652,1,0
25,157,627,1,0
25,158,655,1,0
25,159,697,1,0
25,160,672,1,0
25,161,800,1,0
25,162,713,1,0
25,163,631,1,0
25,164,599,1,0
25,165,638,1,0
25,166,659,1,0
25,167,657,1,0
25,168,805,1,0
25,169,613,1,0
25,170,677,1,0
25,171,612,1,0
25,172,629,1,0
25,173,564,1,0
25,174,595,1,0
25,175,621,1,0
25,176,726,1,0
25,177,656,1,0
25,178,904,1,0
25,179,673,1,0
25,180,649,1,0
25,181,626,1,0
25,182,623,1,0
25,183,711,1,0
25,184,609,1,0
25,185,626,1,0
25,186,636,1,0
25,187,608,1,0
25,188,1064,1,0
25,189,1018,1,0
25,190,591,1,0
25,191,1026,1,0
25,192,1112,1,0
25,193,762,1,0
25,194,682,1,0
25,195,868,1,0
25,196,881,1,0
25,197,732,1,0
25,198,653,1,0
25,199,1046,1,0
25,200,618,1,0
25,201,830,1,0
25,202,614,1,0
25,203,737,1,0
25,204,949,1,0
25,205,774,1,0
25,206,787,1,0
25,207,588,1,0
25,208,1072,1,0
25,209,748,1,0
25,210,775,1,0
25,211,667,1,0
25,212,687,1,0
25,213,701,1,0
25,214,813,1,0
25,215,844,1,0
25,216,795,1,0
25,217,795,1,0
25,218,787,1,0
25,219,665,1,0
25,220,607,1,0
25,221,868,1,0
25,222,743,1,0
25,223,690,1,0
25,224,961,1,0
25,225,677,1,0
25,226,747,1,0
25,227,725,1,0
25,228,905,1,0
25,229,602,1,0
25,230,594,1,0
25,231,580,1,0
25,232,575,1,0
25,233,681,1,0
25,234,653,1,0
25,235,668,1,0
25,236,674,1,0
25,237,640,1,0
25,238,647,1,0
25,239,626,1,0
25,240,802,1,0
25,241,715,1,0
25,242,571,1,0
25,243,619,1,0
25,244,647,1,0
25,245,676,1,0
25,246,640,1,0
25,247,612,1,0
25,248,735,1,0
25,249,685,1,0
25,250,621,1,0
25,251,647,1,0
25,252,566,1,0
25,253,656,1,0
25,254,722,1,0
25,255,594,1,0
25,256,612,1,0
25,257,787,1,0
25,258,683,1,0
25,259,630,1,0
25,260,647,1,0
25,261,718,1,0
25,262,753,1,0
25,263,647,1,0
25,264,754,1,0
25,265,701,1,0
25,266,746,1,0
25,267,587,1,0
25,268,651,1,0
25,269,577,1,0
25,270,665,1,0
25,271,920,1,0
25,272,636,1,0
25,273,609,1,0
25,274,738,1,0
25,275,612,1,0
25,276,634,1,0
25,277,602,1,0
25,278,631,1,0
25,279,554,1,0
25,280,683,1,0
25,281,626,1,0
25,282,602,1,0
25,283,607,1,0
25,284,606,1,0
25,285,608,1,0
25,286,589,1,0
25,287,642,1,0
25,288,657,1,0
25,289,571,1,0
25,290,745,1,0
25,291,626,1,0
25,292,692,1,0
25,293,793,1,0
25,294,808,1,0
25,295,762,1,0
25,296,796,1,0
25,297,845,1,0
25,298,1051,1,0
25,299,876,1,0
25,300,626,1,0
25,301,746,1,0
25,302,699,1,0
25,303,1089,1,0
25,304,712,1,0
25,305,741,1,0
25,306,710,1,0
25,307,704,1,0
25,308,1051,1,0
25,309,660,1,0
25,310,847,1,0
25,311,820,1,0
25,312,683,1,0
25,313,786,1,0
25,314,652,1,0
25,315,640,1,0
25,316,630,1,0
25,317,570,1,0
25,318,689,1,0
25,319,782,1,0
25,320,1146,1,0
25,321,1115,1,0
25,322,838,1,0
25,323,1151,1,0
25,324,798,1,0
25,325,855,1,0
25,326,799,1,0
25,327,633,1,0
25,328,616,1,0
25,329,588,1,0
25,330,641,1,0
25,331,645,1,0
25,332,651,1,0
25,333,646,1,0
25,334,695,1,0
25,335,620,1,0
25,336,693,1,0
25,337,627,1,0
25,338,663,1,0
25,339,597,1,0
25,340,714,1,0
25,341,649,1,0
25,342,735,1,0
25,343,612,1,0
25,344,611,1,0
25,345,623,1,0
25,346,561,1,0
25,347,665,1,0
25,348,669,1,0
25,349,643,1,0
25,350,572,1,0
25,351,591,1,0
25,352,650,1,0
25,353,679,1,0
25,354,642,1,0
25,355,611,1,0
25,356,629,1,0
25,357,710,1,0
25,358,596,1,0
25,359,696,1,0
25,360,616,1,0
25,361,639,1,0
25,362,634,1,0
25,363,611,1,0
25,364,631,1,0
25,365,592,1,0
25,366,609,1,0
25,367,715,1,0
25,368,749,1,0
25,369,662,1,0
25,370,650,1,0
25,371,658,1,0
25,372,595,1,0
25,373,618,1,0
25,374,642,1,0
25,375,735,1,0
25,376,750,1,0
25,377,703,1,0
25,378,648,1,0
25,379,675,1,0
25,380,834,1,0
25,381,1079,1,0
25,382,641,1,0
25,383,774,1,0
25,384,695,1,0
25,385,657,1,0
25,386,648,1,0
25,387,991,1,0
25,388,658,1,0
25,389,760,1,0
25,390,772,1,0
25,391,1114,1,0
25,392,607,1,0
25,393,664,1,0
25,394,887,1,0
25,395,701,1,0
25,396,634,1,0
25,397,969,1,0
25,398,863,1,0
25,399,709,1,0
25,400,699,1,0
25,401,711,1,0
25,402,694,1,0
25,403,646,1,0
25,404,714,1,0
25,405,656,1,0
25,406,815,1,0
25,407,725,1,0
25,408,737,1,0
25,409,1196,1,0
25,410,955,1,0
25,411,1395,1,0
25,412,666,1,0
25,413,566,1,0
25,414,606,1,0
25,415,714,1,0
25,416,877,1,0
25,417,592,1,0
25,418,650,1,0
25,419,554,1,0
25,420,637,1,0
25,421,613,1,0
25,422,744,1,0
25,423,736,1,0
25,424,658,1,0
25,425,677,1,0
25,426,695,1,0
25,427,647,1,0
25,428,604,1,0
25,429,703,1,0
25,430,586,1,0
25,431,586,1,0
25,432,613,1,0
25,433,629,1,0
25,434,653,1,0
25,435,673,1,0
25,436,632,1,0
25,437,614,1,0
25,438,682,1,0
25,439,650,1,0
25,440,613,1,0
25,441,637,1,0
25,442,707,1,0
25,443,641,1,0
25,444,648,1,0
25,445,703,1,0
25,446,693,1,0
25,447,624,1,0
25,448,670,1,0
25,449,697,1,0
25,450,624,1,0
25,451,599,1,0
25,452,674,1,0
25,453,615,1,0
25,454,637,1,0
25,455,666,1,0
25,456,617,1,0
25,457,605,1,0
25,458,660,1,0
25,459,753,1,0
25,460,615,1,0
25,461,658,1,0
25,462,608,1,0
25,463,598,1,0
25,464,662,1,0
25,465,763,1,0
25,466,722,1,0
25,467,622,1,0
25,468,789,1,0
25,469,1126,1,0
25,470,634,1,0
25,471,655,1,0
25,472,823,1,0
25,473,682,1,0
25,474,674,1,0
25,475,704,1,0
25,476,878,1,0
25,477,711,1,0
25,478,756,1,0
25,479,1113,1,0
25,480,795,1,0
25,481,1054,1,0
25,482,837,1,0
25,483,969,1,0
25,484,861,1,0
25,485,756,1,0
25,486,816,1,0
25,487,1039,1,0
25,488,987,1,0
25,489,1080,1,0
25,490,713,1,0
25,491,767,1,0
25,492,695,1,0
25,493,930,1,0
25,494,859,1,0
25,495,641,1,0
25,496,672,1,0
25,497,620,1,0
25,498,653,1,0
25,499,1002,1,0
25,500,773,1,0
25,501,963,1,0
25,502,891,1,0
25,503,721,1,0
25,504,697,1,0
25,505,619,1,0
25,506,705,1,0
25,507,727,1,0
25,508,602,1,0
25,509,565,1,0
25,510,637,1,0
25,511,595,1,0
25,512,671,1,0
25,513,654,1,0
25,514,662,1,0
25,515,564,1,0
25,516,633,1,0
25,517,588,1,0
25,518,617,1,0
25,519,556,1,0
25,520,770,1,0
25,521,648,1,0
25,522,637,1,0
25,523,649,1,0
25,524,594,1,0
25,525,670,1,0
25,526,624,1,0
25,527,580,1,0
25,528,617,1,0
25,529,691,1,0
25,530,635,1,0
25,531,596,1,0
25,532,686,1,0
25,533,671,1,0
25,534,603,1,0
25,535,596,1,0
25,536,687,1,0
25,537,629,1,0
25,538,649,1,0
25,539,875,1,0
25,540,590,1,0
25,541,633,1,0
25,542,571,1,0
25,543,579,1,0
25,544,637,1,0
25,545,632,1,0
25,546,564,1,0
25,547,615,1,0
25,548,657,1,0
25,549,738,1,0
25,550,615,1,0
25,551,726,1,0
25,552,671,1,0
25,553,569,1,0
25,554,585,1,0
25,555,625,1,0
25,556,692,1,0
25,557,637,1,0
25,558,738,1,0
25,559,1188,1,0
25,560,652,1,0
25,561,986,1,0
25,562,627,1,0
25,563,905,1,0
25,564,679,1,0
25,565,687,1,0
25,566,614,1,0
25,567,1050,1,0
25,568,629,1,0
25,569,914,1,0
25,570,805,1,0
25,571,1112,1,0
25,572,956,1,0
25,573,1015,1,0
25,574,989,1,0
25,575,1134,1,0
25,576,1028,1,0
25,577,976,1,0
25,578,1086,1,0
25,579,839,1,0
25,580,939,1,0
25,581,684,1,0
25,582,672,1,0
25,583,957,1,0
25,584,950,1,0
25,585,700,1,0
25,586,783,1,0
25,587,835,1,0
25,588,755,1,0
25,589,894,1,0
25,590,874,1,0
25,591,893,1,0
25,592,701,1,0
25,593,768,1,0
25,594,738,1,0
25,595,811,1,0
25,596,763,1,0
25,597,1056,1,0
25,598,832,1,0
25,599,1120,1,0
26,0,4079,1,0
26,1,830,1,0
26,2,1190,1,0
26,3,868,1,0
26,4,916,1,0
26,5,766,1,0
26,6,978,1,0
26,7,1435,1,0
26,8,842,1,0
26,9,1937,1,0
26,10,1093,1,0
26,11,771,1,0
26,12,712,1,0
26,13,773,1,0
26,14,674,1,0
26,15,620,1,0
26,16,618,1,0
26,17,593,1,0
26,18,647,1,0
26,19,613,1,0
26,20,664,1,0
26,21,668,1,0
26,22,579,1,0
26,23,654,1,0
26,24,586,1,0
26,25,653,1,0
26,26,586,1,0
26,27,615,1,0
26,28,630,1,0
26,29,728,1,0
26,30,625,1,0
26,31,733,1,0
26,32,680,1,0
26,33,634,1,0
26,34,592,1,0
26,35,566,1,0
26,36,601,1,0
26,37,880,1,0
26,38,634,1,0
26,39,599,1,0
26,40,629,1,0
26,41,655,1,0
26,42,654,1,0
26,43,875,1,0
26,44,597,1,0
26,45,647,1,0
26,46,658,1,0
26,47,697,1,0
26,48,629,1,0
26,49,663,1,0
26,50,678,1,0
26,51,878,1,0
26,52,646,1,0
26,53,647,1,0
26,54,642,1,0
26,55,770,1,0
26,56,670,1,0
26,57,1088,1,0
26,58,718,1,0
26,59,672,1,0
26,60,730,1,0
26,61,774,1,0
26,62,762,1,0
26,63,743,1,0
26,64,788,1,0
26,65,662,1,0
26,66,692,1,0
26,67,1137,1,0
26,68,770,1,0
26,69,1211,1,0
26,70,864,1,0
26,71,972,1,0
26,72,1187,1,0
26,73,1423,1,0
26,74,1408,1,0
26,75,1539,1,0
26,76,1145,1,0
26,77,888,1,0
26,78,838,1,0
26,79,651,1,0
26,80,949,1,0
26,81,734,1,0
26,82,830,1,0
26,83,858,1,0
26,84,885,1,0
26,85,819,1,0
26,86,798,1,0
26,87,750,1,0
26,88,798,1,0
26,89,758,1,0
26,90,785,1,0
26,91,697,1,0
26,92,638,1,0
26,93,654,1,0
26,94,605,1,0
26,95,704,1,0
26,96,631,1,0
26,97,626,1,0
26,98,712,1,0
26,99,622,1,0
26,100,645,1,0
26,101,619,1,0
26,102,601,1,0
26,103,608,1,0
26,104,629,1,0
26,105,637,1,0
26,106,633,1,0
26,107,626,1,0
26,108,664,1,0
26,109,732,1,0
26,110,636,1,0
26,111,631,1,0
26,112,654,1,0
26,113,679,1,0
26,114,809,1,0
26,115,619,1,0
26,116,716,1,0
26,117,631,1,0
26,118,608,1,0
26,119,634,1,0
26,120,648,1,0
26,121,701,1,0
26,122,711,1,0
26,123,695,1,0
26,124,661,1,0
26,125,700,1,0
26,126,597,1,0
26,127,681,1,0
26,128,687,1,0
26,129,627,1,0
26,130,673,1,0
26,131,622,1,0
26,132,603,1,0
26,133,665,1,0
26,134,611,1,0
26,135,682,1,0
26,136,717,1,0
26,137,690,1,0
26,138,589,1,0
26,139,685,1,0
26,140,697,1,0
26,141,747,1,0
26,142,667,1,0
26,143,680,1,0
26,144,1058,1,0
26,145,629,1,0
26,146,702,1,0
26,147,655,1,0
26,148,726,1,0
26,149,772,1,0
26,150,658,1,0
26,151,956,1,0
26,152,668,1,0
26,153,724,1,0
26,154,918,1,0
26,155,782,1,0
26,156,834,1,0
26,157,625,1,0
26,158,1086,1,0
26,159,898,1,0
26,160,1118,1,0
26,161,974,1,0
26,162,1185,1,0
26,163,1047,1,0
26,164,788,1,0
26,165,1070,1,0
26,166,684,1,0
26,167,878,1,0
26,168,913,1,0
26,169,704,1,0
26,170,886,1,0
26,171,843,1,0
26,172,923,1,0
26,173,1128,1,0
26,174,681,1,0
26,175,698,1,0
26,176,898,1,0
26,177,787,1,0
26,178,936,1,0
26,179,706,1,0
26,180,778,1,0
26,181,880,1,0
26,182,743,1,0
26,183,630,1,0
26,184,795,1,0
26,185,724,1,0
26,186,679,1,0
26,187,653,1,0
26,188,858,1,0
26,189,621,1,0
26,190,762,1,0
26,191,609,1,0
26,192,593,1,0
26,193,584,1,0
26,194,585,1,0
26,195,746,1,0
26,196,767,1,0
26,197,666,1,0
26,198,681,1,0
26,199,819,1,0
26,200,578,1,0
26,201,654,1,0
26,202,585,1,0
26,203,624,1,0
26,204,660,1,0
26,205,656,1,0
26,206,625,1,0
26,207,622,1,0
26,208,644,1,0
26,209,785,1,0
26,210,825,1,0
26,211,659,1,0
26,212,733,1,0
26,213,611,1,0
26,214,634,1,0
26,215,631,1,0
26,216,610,1,0
26,217,638,1,0
26,218,654,1,0
26,219,613,1,0
26,220,610,1,0
26,221,642,1,0
26,222,590,1,0
26,223,614,1,0
26,224,649,1,0
26,225,566,1,0
26,226,647,1,0
26,227,582,1,0
26,228,703,1,0
26,229,675,1,0
26,230,619,1,0
26,231,647,1,0
26,232,621,1,0
26,233,658,1,0
26,234,705,1,0
26,235,714,1,0
26,236,683,1,0
26,237,590,1,0
26,238,618,1,0
26,239,669,1,0
26,240,981,1,0
26,241,718,1,0
26,242,676,1,0
26,243,690,1,0
26,244,602,1,0
26,245,608,1,0
26,246,671,1,0
26,247,800,1,0
26,248,650,1,0
26,249,605,1,0
26,250,724,1,0
26,251,716,1,0
26,252,653,1,0
26,253,604,1,0
26,254,775,1,0
26,255,587,1,0
26,256,654,1,0
26,257,783,1,0
26,258,738,1,0
26,259,675,1,0
26,260,694,1,0
26,261,613,1,0
26,262,706,1,0
26,263,686,1,0
26,264,925,1,0
26,265,851,1,0
26,266,764,1,0
26,267,615,1,0
26,268,750,1,0
26,269,636,1,0
26,270,750,1,0
26,271,787,1,0
26,272,607,1,0
26,273,708,1,0
26,274,689,1,0
26,275,745,1,0
26,276,625,1,0
26,277,576,1,0
26,278,638,1,0
26,279,708,1,0
26,280,635,1,0
26,281,653,1,0
26,282,604,1,0
26,283,614,1,0
26,284,622,1,0
26,285,622,1,0
26,286,641,1,0
26,287,638,1,0
26,288,689,1,0
26,289,720,1,0
26,290,649,1,0
26,291,591,1,0
26,292,603,1,0
26,293,739,1,0
26,294,610,1,0
26,295,733,1,0
26,296,779,1,0
26,297,590,1,0
26,298,659,1,0
26,299,653,1,0
26,300,609,1,0
26,301,597,1,0
26,302,648,1,0
26,303,647,1,0
26,304,617,1,0
26,305,662,1,0
26,306,633,1,0
26,307,646,1,0
26,308,704,1,0
26,309,635,1,0
26,310,663,1,0
26,311,637,1,0
26,312,611,1,0
26,313,592,1,0
26,314,546,1,0
26,315,612,1,0
26,316,589,1,0
26,317,637,1,0
26,318,801,1,0
26,319,604,1,0
26,320,698,1,0
26,321,656,1,0
26,322,754,1,0
26,323,711,1,0
26,324,708,1,0
26,325,680,1,0
26,326,639,1,0
26,327,586,1,0
26,328,719,1,0
26,329,608,1,0
26,330,610,1,0
26,331,728,1,0
26,332,646,1,0
26,333,829,1,0
26,334,866,1,0
26,335,997,1,0
26,336,751,1,0
26,337,599,1,0
26,338,664,1,0
26,339,709,1,0
26,340,948,1,0
26,341,699,1,0
26,342,717,1,0
26,343,904,1,0
26,344,683,1,0
26,345,1090,1,0
26,346,732,1,0
26,347,935,1,0
26,348,840,1,0
26,349,974,1,0
26,350,1036,1,0
26,351,994,1,0
26,352,925,1,0
26,353,904,1,0
26,354,902,1,0
26,355,992,1,0
26,356,1183,1,0
26,357,785,1,0
26,358,759,1,0
26,359,846,1,0
26,360,748,1,0
26,361,704,1,0
26,362,730,1,0
26,363,709,1,0
26,364,717,1,0
26,365,726,1,0
26,366,780,1,0
26,367,660,1,0
26,368,821,1,0
26,369,692,1,0
26,370,964,1,0
26,371,651,1,0
26,372,595,1,0
26,373,610,1,0
26,374,586,1,0
26,375,607,1,0
26,376,637,1,0
26,377,625,1,0
26,378,633,1,0
26,379,688,1,0
26,380,696,1,0
26,381,907,1,0
26,382,653,1,0
26,383,632,1,0
26,384,661,1,0
26,385,678,1,0
26,386,604,1,0
26,387,900,1,0
26,388,677,1,0
26,389,782,1,0
26,390,633,1,0
26,391,649,1,0
26,392,589,1,0
26,393,678,1,0
26,394,818,1,0
26,395,565,1,0
26,396,617,1,0
26,397,600,1,0
26,398,669,1,0
26,399,593,1,0
26,400,666,1,0
26,401,773,1,0
26,402,598,1,0
26,403,625,1,0
26,404,741,1,0
26,405,642,1,0
26,406,679,1,0
26,407,630,1,0
26,408,620,1,0
26,409,689,1,0
26,410,571,1,0
26,411,709,1,0
26,412,762,1,0
26,413,665,1,0
26,414,617,1,0
26,415,641,1,0
26,416,705,1,0
26,417,799,1,0
26,418,664,1,0
26,419,650,1,0
26,420,631,1,0
26,421,665,1,0
26,422,728,1,0
26,423,627,1,0
26,424,657,1,0
26,425,660,1,0
26,426,629,1,0
26,427,837,1,0
26,428,915,1,0
26,429,720,1,0
26,430,787,1,0
26,431,716,1,0
26,432,932,1,0
26,433,602,1,0
26,434,709,1,0
26,435,667,1,0
26,436,699,1,0
26,437,671,1,0
26,438,981,1,0
26,439,888,1,0
26,440,763,1,0
26,441,1026,1,0
26,442,685,1,0
26,443,1121,1,0
26,444,1138,1,0
26,445,1115,1,0
26,446,1159,1,0
26,447,860,1,0
26,448,924,1,0
26,449,896,1,0
26,450,745,1,0
26,451,712,1,0
26,452,864,1,0
26,453,789,1,0
26,454,812,1,0
26,455,738,1,0
26,456,828,1,0
26,457,740,1,0
26,458,869,1,0
26,459,687,1,0
26,460,816,1,0
26,461,866,1,0
26,462,837,1,0
26,463,772,1,0
26,464,705,1,0
26,465,1096,1,0
26,466,659,1,0
26,467,712,1,0
26,468,726,1,0
26,469,1131,1,0
26,470,575,1,0
26,471,599,1,0
26,472,621,1,0
26,473,700,1,0
26,474,593,1,0
26,475,596,1,0
26,476,611,1,0
26,477,590,1,0
26,478,673,1,0
26,479,600,1,0
26,480,718,1,0
26,481,561,1,0
26,482,618,1,0
26,483,632,1,0
26,484,626,1,0
26,485,566,1,0
26,486,715,1,0
26,487,759,1,0
26,488,723,1,0
26,489,825,1,0
26,490,674,1,0
26,491,601,1,0
26,492,706,1,0
26,493,566,1,0
26,494,579,1,0
26,495,615,1,0
26,496,588,1,0
26,497,626,1,0
26,498,579,1,0
26,499,789,1,0
26,500,678,1,0
26,501,664,1,0
26,502,666,1,0
26,503,593,1,0
26,504,694,1,0
26,505,635,1,0
26,506,603,1,0
26,507,611,1,0
26,508,669,1,0
26,509,608,1,0
26,510,818,1,0
26,511,660,1,0
26,512,700,1,0
26,513,640,1,0
26,514,712,1,0
26,515,660,1,0
26,516,635,1,0
26,517,714,1,0
26,518,659,1,0
26,519,637,1,0
26,520,640,1,0
26,521,945,1,0
26,522,674,1,0
26,523,675,1,0
26,524,646,1,0
26,525,628,1,0
26,526,686,1,0
26,527,881,1,0
26,528,904,1,0
26,529,907,1,0
26,530,594,1,0
26,531,694,1,0
26,532,794,1,0
26,533,602,1,0
26,534,980,1,0
26,535,743,1,0
26,536,676,1,0
26,537,894,1,0
26,538,1143,1,0
26,539,723,1,0
26,540,1087,1,0
26,541,905,1,0
26,542,737,1,0
26,543,730,1,0
26,544,840,1,0
26,545,700,1,0
26,546,793,1,0
26,547,967,1,0
26,548,816,1,0
26,549,1006,1,0
26,550,1174,1,0
26,551,931,1,0
26,552,952,1,0
26,553,818,1,0
26,554,783,1,0
26,555,769,1,0
26,556,711,1,0
26,557,673,1,0
26,558,697,1,0
26,559,847,1,0
26,560,945,1,0
26,561,707,1,0
26,562,582,1,0
26,563,871,1,0
26,564,631,1,0
26,565,748,1,0
26,566,633,1,0
26,567,567,1,0
26,568,605,1,0
26,569,920,1,0
26,570,601,1,0
26,571,756,1,0
26,572,582,1,0
26,573,595,1,0
26,574,607,1,0
26,575,601,1,0
26,576,579,1,0
26,577,726,1,0
26,578,630,1,0
26,579,778,1,0
26,580,652,1,0
26,581,620,1,0
26,582,620,1,0
26,583,620,1,0
26,584,667,1,0
26,585,635,1,0
26,586,663,1,0
26,587,626,1,0
26,588,642,1,0
26,589,705,1,0
26,590,734,1,0
26,591,598,1,0
26,592,603,1,0
26,593,675,1,0
26,594,644,1,0
26,595,604,1,0
26,596,643,1,0
26,597,633,1,0
26,598,639,1,0
26,599,1060,1,0
27,0,1889,1,0
27,1,732,1,0
27,2,656,1,0
27,3,647,1,0
27,4,685,1,0
27,5,675,1,0
27,6,793,1,0
27,7,1236,1,0
27,8,742,1,0
27,9,1629,1,0
27,10,571,1,0
27,11,583,1,0
27,12,592,1,0
27,13,703,1,0
27,14,618,1,0
27,15,636,1,0
27,16,638,1,0
27,17,692,1,0
27,18,667,1,0
27,19,644,1,0
27,20,597,1,0
27,21,747,1,0
27,22,657,1,0
27,23,640,1,0
27,24,604,1,0
27,25,691,1,0
27,26,1577,1,0
27,27,766,1,0
27,28,585,1,0
27,29,986,1,0
27,30,744,1,0
27,31,1308,1,0
27,32,712,1,0
27,33,696,1,0
27,34,643,1,0
27,35,671,1,0
27,36,626,1,0
27,37,764,1,0
27,38,685,1,0
27,39,703,1,0
27,40,671,1,0
27,41,591,1,0
27,42,708,1,0
27,43,622,1,0
27,44,665,1,0
27,45,709,1,0
27,46,724,1,0
27,47,657,1,0
27,48,710,1,0
27,49,673,1,0
27,50,716,1,0
27,51,655,1,0
27,52,632,1,0
27,53,745,1,0
27,54,756,1,0
27,55,982,1,0
27,56,721,1,0
27,57,800,1,0
27,58,1142,1,0
27,59,863,1,0
27,60,835,1,0
27,61,811,1,0
27,62,798,1,0
27,63,717,1,0
27,64,959,1,0
27,65,853,1,0
27,66,749,1,0
27,67,960,1,0
27,68,679,1,0
27,69,2261,1,0
27,70,875,1,0
27,71,787,1,0
27,72,1058,1,0
27,73,585,1,0
27,74,623,1,0
27,75,583,1,0
27,76,689,1,0
27,77,735,1,0
27,78,636,1,0
27,79,602,1,0
27,80,626,1,0
27,81,606,1,0
27,82,707,1,0
27,83,617,1,0
27,84,582,1,0
27,85,591,1,0
27,86,855,1,0
27,87,650,1,0
27,88,617,1,0
27,89,576,1,0
27,90,568,1,0
27,91,625,1,0
27,92,607,1,0
27,93,681,1,0
27,94,662,1,0
27,95,633,1,0
27,96,673,1,0
27,97,625,1,0
27,98,640,1,0
27,99,576,1,0
27,100,647,1,0
27,101,775,1,0
27,102,738,1,0
27,103,673,1,0
27,104,679,1,0
27,105,707,1,0
27,106,1015,1,0
27,107,827,1,0
27,108,611,1,0
27,109,705,1,0
27,110,624,1,0
27,111,682,1,0
27,112,676,1,0
27,113,868,1,0
27,114,847,1,0
27,115,658,1,0
27,116,708,1,0
27,117,605,1,0
27,118,684,1,0
27,119,663,1,0
27,120,663,1,0
27,121,622,1,0
27,122,711,1,0
27,123,733,1,0
27,124,675,1,0
27,125,660,1,0
27,126,857,1,0
27,127,892,1,0
27,128,1005,1,0
27,129,728,1,0
27,130,945,1,0
27,131,954,1,0
27,132,1001,1,0
27,133,848,1,0
27,134,1299,1,0
27,135,718,1,0
27,136,1210,1,0
27,137,1184,1,0
27,138,1172,1,0
27,139,936,1,0
27,140,887,1,0
27,141,910,1,0
27,142,952,1,0
27,143,1006,1,0
27,144,753,1,0
27,145,1030,1,0
27,146,821,1,0
27,147,997,1,0
27,148,808,1,0
27,149,985,1,0
27,150,1070,1,0
27,151,812,1,0
27,152,1077,1,0
27,153,745,1,0
27,154,1268,1,0
27,155,1100,1,0
27,156,659,1,0
27,157,624,1,0
27,158,615,1,0
27,159,622,1,0
27,160,655,1,0
27,161,586,1,0
27,162,623,1,0
27,163,910,1,0
27,164,734,1,0
27,165,644,1,0
27,166,817,1,0
27,167,598,1,0
27,168,693,1,0
27,169,560,1,0
27,170,574,1,0
27,171,638,1,0
27,172,608,1,0
27,173,704,1,0
27,174,643,1,0
27,175,764,1,0
27,176,668,1,0
27,177,628,1,0
27,178,780,1,0
27,179,645,1,0
27,180,866,1,0
27,181,747,1,0
27,182,551,1,0
27,183,679,1,0
27,184,702,1,0
27,185,678,1,0
27,186,781,1,0
27,187,694,1,0
27,188,643,1,0
27,189,750,1,0
27,190,836,1,0
27,191,655,1,0
27,192,759,1,0
27,193,658,1,0
27,194,651,1,0
27,195,1212,1,0
27,196,731,1,0
27,197,671,1,0
27,198,1060,1,0
27,199,776,1,0
27,200,588,1,0
27,201,678,1,0
27,202,665,1,0
27,203,691,1,0
27,204,663,1,0
27,205,673,1,0
27,206,682,1,0
27,207,701,1,0
27,208,597,1,0
27,209,767,1,0
27,210,863,1,0
27,211,639,1,0
27,212,675,1,0
27,213,669,1,0
27,214,737,1,0
27,215,696,1,0
27,216,636,1,0
27,217,747,1,0
27,218,652,1,0
27,219,620,1,0
27,220,681,1,0
27,221,722,1,0
27,222,672,1,0
27,223,698,1,0
27,224,656,1,0
27,225,743,1,0
27,226,652,1,0
27,227,725,1,0
27,228,761,1,0
27,229,650,1,0
27,230,649,1,0
27,231,658,1,0
27,232,639,1,0
27,233,751,1,0
27,234,661,1,0
27,235,758,1,0
27,236,679,1,0
27,237,704,1,0
27,238,739,1,0
27,239,697,1,0
27,240,1122,1,0
27,241,877,1,0
27,242,827,1,0
27,243,793,1,0
27,244,762,1,0
27,245,884,1,0
27,246,784,1,0
27,247,713,1,0
27,248,699,1,0
27,249,666,1,0
27,250,599,1,0
27,251,661,1,0
27,252,710,1,0
27,253,649,1,0
27,254,637,1,0
27,255,726,1,0
27,256,597,1,0
27,257,722,1,0
27,258,652,1,0
27,259,719,1,0
27,260,870,1,0
27,261,729,1,0
27,262,553,1,0
27,263,661,1,0
27,264,834,1,0
27,265,767,1,0
27,266,632,1,0
27,267,620,1,0
27,268,639,1,0
27,269,605,1,0
27,270,654,1,0
27,271,1466,1,0
27,272,660,1,0
27,273,667,1,0
27,274,613,1,0
27,275,566,1,0
27,276,602,1,0
27,277,606,1,0
27,278,657,1,0
27,279,648,1,0
27,280,633,1,0
27,281,646,1,0
27,282,607,1,0
27,283,637,1,0
27,284,549,1,0
27,285,613,1,0
27,286,611,1,0
27,287,626,1,0
27,288,581,1,0
27,289,703,1,0
27,290,670,1,0
27,291,682,1,0
27,292,742,1,0
27,293,676,1,0
27,294,676,1,0
27,295,636,1,0
27,296,790,1,0
27,297,649,1,0
27,298,811,1,0
27,299,740,1,0
27,300,716,1,0
27,301,654,1,0
27,302,790,1,0
27,303,710,1,0
27,304,662,1,0
27,305,681,1,0
27,306,658,1,0
27,307,720,1,0
27,308,798,1,0
27,309,716,1,0
27,310,659,1,0
27,311,693,1,0
27,312,640,1,0
27,313,751,1,0
27,314,648,1,0
27,315,745,1,0
27,316,692,1,0
27,317,663,1,0
27,318,792,1,0
27,319,850,1,0
27,320,763,1,0
27,321,790,1,0
27,322,1008,1,0
27,323,1083,1,0
27,324,772,1,0
27,325,788,1,0
27,326,925,1,0
27,327,761,1,0
27,328,802,1,0
27,329,777,1,0
27,330,866,1,0
27,331,818,1,0
27,332,622,1,0
27,333,814,1,0
27,334,715,1,0
27,335,1066,1,0
27,336,861,1,0
27,337,958,1,0
27,338,861,1,0
27,339,846,1,0
27,340,1013,1,0
27,341,708,1,0
27,342,624,1,0
27,343,677,1,0
27,344,1087,1,0
27,345,634,1,0
27,346,589,1,0
27,347,584,1,0
27,348,588,1,0
27,349,735,1,0
27,350,836,1,0
27,351,631,1,0
27,352,607,1,0
27,353,622,1,0
27,354,600,1,0
27,355,642,1,0
27,356,631,1,0
27,357,612,1,0
27,358,639,1,0
27,359,610,1,0
27,360,685,1,0
27,361,656,1,0
27,362,642,1,0
27,363,570,1,0
27,364,574,1,0
27,365,604,1,0
27,366,602,1,0
27,367,617,1,0
27,368,669,1,0
27,369,635,1,0
27,370,963,1,0
27,371,665,1,0
27,372,652,1,0
27,373,675,1,0
27,374,625,1,0
27,375,610,1,0
27,376,578,1,0
27,377,663,1,0
27,378,727,1,0
27,379,741,1,0
27,380,649,1,0
27,381,879,1,0
27,382,583,1,0
27,383,564,1,0
27,384,698,1,0
27,385,717,1,0
27,386,753,1,0
27,387,1031,1,0
27,388,631,1,0
27,389,742,1,0
27,390,926,1,0
27,391,834,1,0
27,392,704,1,0
27,393,757,1,0
27,394,702,1,0
27,395,713,1,0
27,396,691,1,0
27,397,726,1,0
27,398,750,1,0
27,399,848,1,0
27,400,736,1,0
27,401,590,1,0
27,402,713,1,0
27,403,633,1,0
27,404,666,1,0
27,405,641,1,0
27,406,652,1,0
27,407,634,1,0
27,408,658,1,0
27,409,727,1,0
27,410,797,1,0
27,411,1081,1,0
27,412,1152,1,0
27,413,842,1,0
27,414,967,1,0
27,415,1184,1,0
27,416,1320,1,0
27,417,1130,1,0
27,418,901,1,0
27,419,804,1,0
27,420,822,1,0
27,421,1093,1,0
27,422,974,1,0
27,423,813,1,0
27,424,788,1,0
27,425,987,1,0
27,426,762,1,0
27,427,805,1,0
27,428,708,1,0
27,429,985,1,0
27,430,745,1,0
27,431,740,1,0
27,432,851,1,0
27,433,765,1,0
27,434,710,1,0
27,435,654,1,0
27,436,622,1,0
27,437,705,1,0
27,438,599,1,0
27,439,1374,1,0
27,440,1430,1,0
27,441,1103,1,0
27,442,782,1,0
27,443,766,1,0
27,444,788,1,0
27,445,627,1,0
27,446,673,1,0
27,447,845,1,0
27,448,652,1,0
27,449,643,1,0
27,450,586,1,0
27,451,648,1,0
27,452,620,1,0
27,453,589,1,0
27,454,613,1,0
27,455,638,1,0
27,456,687,1,0
27,457,656,1,0
27,458,587,1,0
27,459,624,1,0
27,460,660,1,0
27,461,664,1,0
27,462,746,1,0
27,463,626,1,0
27,464,654,1,0
27,465,731,1,0
27,466,708,1,0
27,467,637,1,0
27,468,638,1,0
27,469,604,1,0
27,470,691,1,0
27,471,642,1,0
27,472,633,1,0
27,473,770,1,0
27,474,740,1,0
27,475,653,1,0
27,476,656,1,0
27,477,628,1,0
27,478,659,1,0
27,479,668,1,0
27,480,765,1,0
27,481,634,1,0
27,482,618,1,0
27,483,818,1,0
27,484,622,1,0
27,485,653,1,0
27,486,811,1,0
27,487,742,1,0
27,488,683,1,0
27,489,843,1,0
27,490,680,1,0
27,491,617,1,0
27,492,677,1,0
27,493,643,1,0
27,494,640,1,0
27,495,616,1,0
27,496,654,1,0
27,497,600,1,0
27,498,643,1,0
27,499,737,1,0
27,500,776,1,0
27,501,784,1,0
27,502,676,1,0
27,503,652,1,0
27,504,623,1,0
27,505,708,1,0
27,506,654,1,0
27,507,1136,1,0
27,508,631,1,0
27,509,642,1,0
27,510,762,1,0
27,511,634,1,0
27,512,653,1,0
27,513,588,1,0
27,514,701,1,0
27,515,605,1,0
27,516,684,1,0
27,517,683,1,0
27,518,760,1,0
27,519,837,1,0
27,520,779,1,0
27,521,903,1,0
27,522,971,1,0
27,523,736,1,0
27,524,827,1,0
27,525,729,1,0
27,526,719,1,0
27,527,879,1,0
27,528,711,1,0
27,529,990,1,0
27,530,654,1,0
27,531,675,1,0
27,532,667,1,0
27,533,987,1,0
27,534,738,1,0
27,535,719,1,0
27,536,576,1,0
27,537,623,1,0
27,538,698,1,0
27,539,734,1,0
27,540,601,1,0
27,541,686,1,0
27,542,734,1,0
27,543,554,1,0
27,544,666,1,0
27,545,607,1,0
27,546,635,1,0
27,547,636,1,0
27,548,638,1,0
27,549,728,1,0
27,550,621,1,0
27,551,687,1,0
27,552,594,1,0
27,553,759,1,0
27,554,624,1,0
27,555,613,1,0
27,556,1013,1,0
27,557,643,1,0
27,558,630,1,0
27,559,561,1,0
27,560,610,1,0
27,561,811,1,0
27,562,614,1,0
27,563,621,1,0
27,564,693,1,0
27,565,696,1,0
27,566,675,1,0
27,567,637,1,0
27,568,691,1,0
27,569,708,1,0
27,570,652,1,0
27,571,792,1,0
27,572,671,1,0
27,573,692,1,0
27,574,708,1,0
27,575,632,1,0
27,576,620,1,0
27,577,581,1,0
27,578,604,1,0
27,579,1054,1,0
27,580,706,1,0
27,581,653,1,0
27,582,696,1,0
27,583,755,1,0
27,584,638,1,0
27,585,655,1,0
27,586,684,1,0
27,587,694,1,0
27,588,637,1,0
27,589,1181,1,0
27,590,615,1,0
27,591,775,1,0
27,592,834,1,0
27,593,581,1,0
27,594,690,1,0
27,595,679,1,0
27,596,956,1,0
27,597,1214,1,0
27,598,1015,1,0
27,599,963,1,0
28,0,2245,1,0
28,1,956,1,0
28,2,925,1,0
28,3,1003,1,0
28,4,666,1,0
28,5,1045,1,0
28,6,1521,1,0
28,7,1273,1,0
28,8,862,1,0
28,9,1744,1,0
28,10,992,1,0
28,11,1202,1,0
28,12,1143,1,0
28,13,1184,1,0
28,14,995,1,0
28,15,1004,1,0
28,16,805,1,0
28,17,917,1,0
28,18,786,1,0
28,19,809,1,0
28,20,779,1,0
28,21,796,1,0
28,22,793,1,0
28,23,730,1,0
28,24,1108,1,0
28,25,1262,1,0
28,26,1099,1,0
28,27,1239,1,0
28,28,698,1,0
28,29,825,1,0
28,30,680,1,0
28,31,692,1,0
28,32,749,1,0
28,33,591,1,0
28,34,617,1,0
28,35,566,1,0
28,36,597,1,0
28,37,617,1,0
28,38,653,1,0
28,39,578,1,0
28,40,644,1,0
28,41,672,1,0
28,42,636,1,0
28,43,633,1,0
28,44,621,1,0
28,45,661,1,0
28,46,625,1,0
28,47,714,1,0
28,48,789,1,0
28,49,617,1,0
28,50,640,1,0
28,51,643,1,0
28,52,655,1,0
28,53,713,1,0
28,54,606,1,0
28,55,808,1,0
28,56,595,1,0
28,57,669,1,0
28,58,708,1,0
28,59,637,1,0
28,60,625,1,0
28,61,626,1,0
28,62,677,1,0
28,63,627,1,0
28,64,661,1,0
28,65,676,1,0
28,66,618,1,0
28,67,667,1,0
28,68,624,1,0
28,69,1086,1,0
28,70,881,1,0
28,71,1249,1,0
28,72,1082,1,0
28,73,752,1,0
28,74,1012,1,0
28,75,964,1,0
28,76,815,1,0
28,77,645,1,0
28,78,770,1,0
28,79,645,1,0
28,80,680,1,0
28,81,817,1,0
28,82,700,1,0
28,83,680,1,0
28,84,593,1,0
28,85,583,1,0
28,86,852,1,0
28,87,786,1,0
28,88,669,1,0
28,89,655,1,0
28,90,625,1,0
28,91,616,1,0
28,92,697,1,0
28,93,667,1,0
28,94,630,1,0
28,95,649,1,0
28,96,622,1,0
28,97,714,1,0
28,98,618,1,0
28,99,620,1,0
28,100,1365,1,0
28,101,729,1,0
28,102,782,1,0
28,103,775,1,0
28,104,722,1,0
28,105,807,1,0
28,106,756,1,0
28,107,909,1,0
28,108,912,1,0
28,109,989,1,0
28,110,773,1,0
28,111,833,1,0
28,112,1079,1,0
28,113,774,1,0
28,114,973,1,0
28,115,733,1,0
28,116,970,1,0
28,117,1093,1,0
28,118,752,1,0
28,119,618,1,0
28,120,616,1,0
28,121,634,1,0
28,122,960,1,0
28,123,676,1,0
28,124,660,1,0
28,125,653,1,0
28,126,598,1,0
28,127,642,1,0
28,128,662,1,0
28,129,684,1,0
28,130,625,1,0
28,131,612,1,0
28,132,598,1,0
28,133,665,1,0
28,134,611,1,0
28,135,649,1,0
28,136,654,1,0
28,137,656,1,0
28,138,740,1,0
28,139,658,1,0
28,140,628,1,0
28,141,693,1,0
28,142,643,1,0
28,143,708,1,0
28,144,577,1,0
28,145,692,1,0
28,146,624,1,0
28,147,652,1,0
28,148,1144,1,0
28,149,605,1,0
28,150,656,1,0
28,151,796,1,0
28,152,751,1,0
28,153,744,1,0
28,154,810,1,0
28,155,682,1,0
28,156,591,1,0
28,157,700,1,0
28,158,766,1,0
28,159,850,1,0
28,160,1050,1,0
28,161,619,1,0
28,162,730,1,0
28,163,682,1,0
28,164,795,1,0
28,165,736,1,0
28,166,726,1,0
28,167,616,1,0
28,168,693,1,0
28,169,631,1,0
28,170,619,1,0
28,171,704,1,0
28,172,778,1,0
28,173,714,1,0
28,174,689,1,0
28,175,708,1,0
28,176,699,1,0
28,177,793,1,0
28,178,1213,1,0
28,179,955,1,0
28,180,1066,1,0
28,181,1470,1,0
28,182,1208,1,0
28,183,1018,1,0
28,184,867,1,0
28,185,966,1,0
28,186,1206,1,0
28,187,855,1,0
28,188,1078,1,0
28,189,1005,1,0
28,190,940,1,0
28,191,977,1,0
28,192,1035,1,0
28,193,779,1,0
28,194,772,1,0
28,195,1126,1,0
28,196,887,1,0
28,197,895,1,0
28,198,1001,1,0
28,199,1040,1,0
28,200,834,1,0
28,201,774,1,0
28,202,727,1,0
28,203,804,1,0
28,204,961,1,0
28,205,706,1,0
28,206,733,1,0
28,207,629,1,0
28,208,597,1,0
28,209,1582,1,0
28,210,880,1,0
28,211,640,1,0
28,212,633,1,0
28,213,625,1,0
28,214,785,1,0
28,215,596,1,0
28,216,600,1,0
28,217,582,1,0
28,218,664,1,0
28,219,598,1,0
28,220,594,1,0
28,221,698,1,0
28,222,625,1,0
28,223,640,1,0
28,224,598,1,0
28,225,620,1,0
28,226,635,1,0
28,227,569,1,0
28,228,767,1,0
28,229,646,1,0
28,230,638,1,0
28,231,645,1,0
28,232,657,1,0
28,233,577,1,0
28,234,618,1,0
28,235,589,1,0
28,236,689,1,0
28,237,601,1,0
28,238,784,1,0
28,239,633,1,0
28,240,638,1,0
28,241,648,1,0
28,242,605,1,0
28,243,589,1,0
28,244,663,1,0
28,245,622,1,0
28,246,606,1,0
28,247,634,1,0
28,248,722,1,0
28,249,607,1,0
28,250,591,1,0
28,251,694,1,0
28,252,692,1,0
28,253,653,1,0
28,254,739,1,0
28,255,638,1,0
28,256,644,1,0
28,257,605,1,0
28,258,837,1,0
28,259,720,1,0
28,260,629,1,0
28,261,665,1,0
28,262,730,1,0
28,263,618,1,0
28,264,824,1,0
28,265,864,1,0
28,266,678,1,0
28,267,670,1,0
28,268,747,1,0
28,269,612,1,0
28,270,693,1,0
28,271,820,1,0
28,272,685,1,0
28,273,644,1,0
28,274,620,1,0
28,275,731,1,0
28,276,628,1,0
28,277,657,1,0
28,278,701,1,0
28,279,678,1,0
28,280,799,1,0
28,281,621,1,0
28,282,676,1,0
28,283,616,1,0
28,284,664,1,0
28,285,620,1,0
28,286,630,1,0
28,287,620,1,0
28,288,1493,1,0
28,289,776,1,0
28,290,724,1,0
28,291,687,1,0
28,292,807,1,0
28,293,768,1,0
28,294,794,1,0
28,295,803,1,0
28,296,1070,1,0
28,297,694,1,0
28,298,813,1,0
28,299,935,1,0
28,300,636,1,0
28,301,632,1,0
28,302,639,1,0
28,303,884,1,0
28,304,590,1,0
28,305,705,1,0
28,306,630,1,0
28,307,614,1,0
28,308,581,1,0
28,309,773,1,0
28,310,651,1,0
28,311,731,1,0
28,312,766,1,0
28,313,626,1,0
28,314,605,1,0
28,315,596,1,0
28,316,651,1,0
28,317,632,1,0
28,318,700,1,0
28,319,694,1,0
28,320,861,1,0
28,321,673,1,0
28,322,670,1,0
28,323,684,1,0
28,324,639,1,0
28,325,633,1,0
28,326,638,1,0
28,327,699,1,0
28,328,676,1,0
28,329,628,1,0
28,330,646,1,0
28,331,595,1,0
28,332,653,1,0
28,333,654,1,0
28,334,639,1,0
28,335,548,1,0
28,336,575,1,0
28,337,611,1,0
28,338,737,1,0
28,339,688,1,0
28,340,1219,1,0
28,341,620,1,0
28,342,630,1,0
28,343,656,1,0
28,344,656,1,0
28,345,643,1,0
28,346,724,1,0
28,347,640,1,0
28,348,662,1,0
28,349,629,1,0
28,350,687,1,0
28,351,748,1,0
28,352,660,1,0
28,353,606,1,0
28,354,656,1,0
28,355,677,1,0
28,356,687,1,0
28,357,1064,1,0
28,358,1107,1,0
28,359,627,1,0
28,360,688,1,0
28,361,655,1,0
28,362,886,1,0
28,363,907,1,0
28,364,972,1,0
28,365,641,1,0
28,366,852,1,0
28,367,793,1,0
28,368,907,1,0
28,369,978,1,0
28,370,1262,1,0
28,371,759,1,0
28,372,928,1,0
28,373,1019,1,0
28,374,767,1,0
28,375,826,1,0
28,376,821,1,0
28,377,1024,1,0
28,378,787,1,0
28,379,913,1,0
28,380,744,1,0
28,381,1271,1,0
28,382,756,1,0
28,383,698,1,0
28,384,1009,1,0
28,385,985,1,0
28,386,887,1,0
28,387,1040,1,0
28,388,871,1,0
28,389,738,1,0
28,390,904,1,0
28,391,777,1,0
28,392,715,1,0
28,393,812,1,0
28,394,708,1,0
28,395,586,1,0
28,396,874,1,0
28,397,596,1,0
28,398,581,1,0
28,399,599,1,0
28,400,1155,1,0
28,401,651,1,0
28,402,647,1,0
28,403,589,1,0
28,404,631,1,0
28,405,569,1,0
28,406,615,1,0
28,407,640,1,0
28,408,693,1,0
28,409,579,1,0
28,410,563,1,0
28,411,660,1,0
28,412,685,1,0
28,413,638,1,0
28,414,611,1,0
28,415,626,1,0
28,416,590,1,0
28,417,656,1,0
28,418,707,1,0
28,419,602,1,0
28,420,628,1,0
28,421,648,1,0
28,422,634,1,0
28,423,610,1,0
28,424,601,1,0
28,425,569,1,0
28,426,643,1,0
28,427,724,1,0
28,428,589,1,0
28,429,597,1,0
28,430,640,1,0
28,431,624,1,0
28,432,904,1,0
28,433,698,1,0
28,434,619,1,0
28,435,628,1,0
28,436,593,1,0
28,437,705,1,0
28,438,667,1,0
28,439,737,1,0
28,440,712,1,0
28,441,713,1,0
28,442,682,1,0
28,443,638,1,0
28,444,1010,1,0
28,445,775,1,0
28,446,678,1,0
28,447,757,1,0
28,448,769,1,0
28,449,898,1,0
28,450,739,1,0
28,451,862,1,0
28,452,829,1,0
28,453,731,1,0
28,454,661,1,0
28,455,1102,1,0
28,456,924,1,0
28,457,845,1,0
28,458,662,1,0
28,459,662,1,0
28,460,725,1,0
28,461,1039,1,0
28,462,934,1,0
28,463,861,1,0
28,464,1019,1,0
28,465,863,1,0
28,466,1301,1,0
28,467,943,1,0
28,468,836,1,0
28,469,1013,1,0
28,470,984,1,0
28,471,922,1,0
28,472,793,1,0
28,473,810,1,0
28,474,817,1,0
28,475,707,1,0
28,476,979,1,0
28,477,847,1,0
28,478,827,1,0
28,479,1105,1,0
28,480,920,1,0
28,481,768,1,0
28,482,787,1,0
28,483,901,1,0
28,484,817,1,0
28,485,971,1,0
28,486,2362,1,0
28,487,1089,1,0
28,488,754,1,0
28,489,948,1,0
28,490,680,1,0
28,491,609,1,0
28,492,664,1,0
28,493,799,1,0
28,494,657,1,0
28,495,633,1,0
28,496,604,1,0
28,497,626,1,0
28,498,597,1,0
28,499,579,1,0
28,500,576,1,0
28,501,714,1,0
28,502,1059,1,0
28,503,630,1,0
28,504,712,1,0
28,505,612,1,0
28,506,550,1,0
28,507,641,1,0
28,508,670,1,0
28,509,659,1,0
28,510,579,1,0
28,511,673,1,0
28,512,710,1,0
28,513,660,1,0
28,514,626,1,0
28,515,636,1,0
28,516,623,1,0
28,517,619,1,0
28,518,702,1,0
28,519,611,1,0
28,520,678,1,0
28,521,709,1,0
28,522,679,1,0
28,523,635,1,0
28,524,595,1,0
28,525,627,1,0
28,526,596,1,0
28,527,744,1,0
28,528,700,1,0
28,529,917,1,0
28,530,562,1,0
28,531,646,1,0
28,532,647,1,0
28,533,763,1,0
28,534,729,1,0
28,535,680,1,0
28,536,582,1,0
28,537,636,1,0
28,538,596,1,0
28,539,1042,1,0
28,540,593,1,0
28,541,634,1,0
28,542,659,1,0
28,543,841,1,0
28,544,675,1,0
28,545,835,1,0
28,546,695,1,0
28,547,660,1,0
28,548,785,1,0
28,549,904,1,0
28,550,940,1,0
28,551,1139,1,0
28,552,677,1,0
28,553,940,1,0
28,554,841,1,0
28,555,894,1,0
28,556,994,1,0
28,557,1294,1,0
28,558,834,1,0
28,559,1187,1,0
28,560,1081,1,0
28,561,879,1,0
28,562,794,1,0
28,563,732,1,0
28,564,669,1,0
28,565,727,1,0
28,566,656,1,0
28,567,633,1,0
28,568,744,1,0
28,569,694,1,0
28,570,672,1,0
28,571,1077,1,0
28,572,773,1,0
28,573,716,1,0
28,574,638,1,0
28,575,823,1,0
28,576,779,1,0
28,577,909,1,0
28,578,679,1,0
28,579,823,1,0
28,580,790,1,0
28,581,735,1,0
28,582,716,1,0
28,583,647,1,0
28,584,661,1,0
28,585,634,1,0
28,586,630,1,0
28,587,623,1,0
28,588,581,1,0
28,589,777,1,0
28,590,636,1,0
28,591,840,1,0
28,592,633,1,0
28,593,642,1,0
28,594,608,1,0
28,595,592,1,0
28,596,762,1,0
28,597,628,1,0
28,598,639,1,0
28,599,670,1,0
29,0,3256,1,0
29,1,863,1,0
29,2,807,1,0
29,3,1027,1,0
29,4,666,1,0
29,5,685,1,0
29,6,1089,1,0
29,7,901,1,0
29,8,691,1,0
29,9,1269,1,0
29,10,622,1,0
29,11,664,1,0
29,12,610,1,0
29,13,657,1,0
29,14,641,1,0
29,15,859,1,0
29,16,655,1,0
29,17,599,1,0
29,18,646,1,0
29,19,637,1,0
29,20,644,1,0
29,21,617,1,0
29,22,646,1,0
29,23,700,1,0
29,24,650,1,0
29,25,803,1,0
29,26,659,1,0
29,27,758,1,0
29,28,631,1,0
29,29,676,1,0
29,30,641,1,0
29,31,642,1,0
29,32,665,1,0
29,33,714,1,0
29,34,634,1,0
29,35,629,1,0
29,36,666,1,0
29,37,764,1,0
29,38,634,1,0
29,39,632,1,0
29,40,620,1,0
29,41,705,1,0
29,42,738,1,0
29,43,609,1,0
29,44,674,1,0
29,45,749,1,0
29,46,679,1,0
29,47,751,1,0
29,48,638,1,0
29,49,621,1,0
29,50,588,1,0
29,51,662,1,0
29,52,714,1,0
29,53,680,1,0
29,54,599,1,0
29,55,694,1,0
29,56,612,1,0
29,57,949,1,0
29,58,789,1,0
29,59,645,1,0
29,60,740,1,0
29,61,728,1,0
29,62,805,1,0
29,63,804,1,0
29,64,824,1,0
29,65,696,1,0
29,66,724,1,0
29,67,915,1,0
29,68,634,1,0
29,69,990,1,0
29,70,1176,1,0
29,71,1062,1,0
29,72,996,1,0
29,73,899,1,0
29,74,802,1,0
29,75,873,1,0
29,76,1266,1,0
29,77,700,1,0
29,78,704,1,0
29,79,696,1,0
29,80,605,1,0
29,81,638,1,0
29,82,1212,1,0
29,83,814,1,0
29,84,768,1,0
29,85,797,1,0
29,86,589,1,0
29,87,725,1,0
29,88,632,1,0
29,89,582,1,0
29,90,603,1,0
29,91,637,1,0
29,92,716,1,0
29,93,624,1,0
29,94,608,1,0
29,95,606,1,0
29,96,604,1,0
29,97,623,1,0
29,98,766,1,0
29,99,600,1,0
29,100,595,1,0
29,101,624,1,0
29,102,589,1,0
29,103,628,1,0
29,104,636,1,0
29,105,669,1,0
29,106,641,1,0
29,107,914,1,0
29,108,586,1,0
29,109,614,1,0
29,110,646,1,0
29,111,672,1,0
29,112,607,1,0
29,113,716,1,0
29,114,656,1,0
29,115,696,1,0
29,116,675,1,0
29,117,664,1,0
29,118,612,1,0
29,119,655,1,0
29,120,616,1,0
29,121,632,1,0
29,122,667,1,0
29,123,756,1,0
29,124,697,1,0
29,125,804,1,0
29,126,1008,1,0
29,127,880,1,0
29,128,704,1,0
29,129,687,1,0
29,130,839,1,0
29,131,925,1,0
29,132,917,1,0
29,133,824,1,0
29,134,1245,1,0
29,135,732,1,0
29,136,1471,1,0
29,137,695,1,0
29,138,1167,1,0
29,139,800,1,0
29,140,1306,1,0
29,141,1009,1,0
29,142,780,1,0
29,143,1001,1,0
29,144,1122,1,0
29,145,1064,1,0
29,146,843,1,0
29,147,703,1,0
29,148,1066,1,0
29,149,967,1,0
29,150,701,1,0
29,151,853,1,0
29,152,776,1,0
29,153,870,1,0
29,154,936,1,0
29,155,901,1,0
29,156,768,1,0
29,157,744,1,0
29,158,735,1,0
29,159,784,1,0
29,160,1149,1,0
29,161,896,1,0
29,162,1565,1,0
29,163,777,1,0
29,164,680,1,0
29,165,678,1,0
29,166,1272,1,0
29,167,646,1,0
29,168,614,1,0
29,169,891,1,0
29,170,896,1,0
29,171,923,1,0
29,172,734,1,0
29,173,790,1,0
29,174,612,1,0
29,175,593,1,0
29,176,792,1,0
29,177,639,1,0
29,178,736,1,0
29,179,779,1,0
29,180,633,1,0
29,181,623,1,0
29,182,667,1,0
29,183,700,1,0
29,184,606,1,0
29,185,581,1,0
29,186,590,1,0
29,187,671,1,0
29,188,688,1,0
29,189,615,1,0
29,190,767,1,0
29,191,669,1,0
29,192,663,1,0
29,193,601,1,0
29,194,687,1,0
29,195,889,1,0
29,196,852,1,0
29,197,711,1,0
29,198,1013,1,0
29,199,792,1,0
29,200,633,1,0
29,201,709,1,0
29,202,634,1,0
29,203,664,1,0
29,204,572,1,0
29,205,999,1,0
29,206,816,1,0
29,207,656,1,0
29,208,757,1,0
29,209,1231,1,0
29,210,766,1,0
29,211,641,1,0
29,212,617,1,0
29,213,633,1,0
29,214,689,1,0
29,215,581,1,0
29,216,660,1,0
29,217,658,1,0
29,218,710,1,0
29,219,634,1,0
29,220,604,1,0
29,221,667,1,0
29,222,1528,1,0
29,223,668,1,0
29,224,656,1,0
29,225,613,1,0
29,226,666,1,0
29,227,707,1,0
29,228,807,1,0
29,229,763,1,0
29,230,632,1,0
29,231,740,1,0
29,232,690,1,0
29,233,750,1,0
29,234,715,1,0
29,235,731,1,0
29,236,692,1,0
29,237,672,1,0
29,238,869,1,0
29,239,738,1,0
29,240,833,1,0
29,241,880,1,0
29,242,760,1,0
29,243,805,1,0
29,244,639,1,0
29,245,639,1,0
29,246,671,1,0
29,247,671,1,0
29,248,1137,1,0
29,249,758,1,0
29,250,807,1,0
29,251,813,1,0
29,252,1163,1,0
29,253,855,1,0
29,254,805,1,0
29,255,731,1,0
29,256,679,1,0
29,257,685,1,0
29,258,748,1,0
29,259,774,1,0
29,260,670,1,0
29,261,662,1,0
29,262,606,1,0
29,263,620,1,0
29,264,1030,1,0
29,265,656,1,0
29,266,672,1,0
29,267,591,1,0
29,268,805,1,0
29,269,805,1,0
29,270,666,1,0
29,271,925,1,0
29,272,614,1,0
29,273,624,1,0
29,274,578,1,0
29,275,680,1,0
29,276,637,1,0
29,277,642,1,0
29,278,628,1,0
29,279,611,1,0
29,280,730,1,0
29,281,646,1,0
29,282,650,1,0
29,283,602,1,0
29,284,662,1,0
29,285,612,1,0
29,286,620,1,0
29,287,703,1,0
29,288,621,1,0
29,289,664,1,0
29,290,627,1,0
29,291,628,1,0
29,292,677,1,0
29,293,608,1,0
29,294,618,1,0
29,295,609,1,0
29,296,684,1,0
29,297,640,1,0
29,298,703,1,0
29,299,717,1,0
29,300,630,1,0
29,301,610,1,0
29,302,575,1,0
29,303,676,1,0
29,304,651,1,0
29,305,684,1,0
29,306,651,1,0
29,307,659,1,0
29,308,676,1,0
29,309,592,1,0
29,310,804,1,0
29,311,656,1,0
29,312,634,1,0
29,313,660,1,0
29,314,650,1,0
29,315,885,1,0
29,316,678,1,0
29,317,722,1,0
29,318,720,1,0
29,319,622,1,0
29,320,1044,1,0
29,321,810,1,0
29,322,701,1,0
29,323,1428,1,0
29,324,688,1,0
29,325,620,1,0
29,326,739,1,0
29,327,654,1,0
29,328,818,1,0
29,329,698,1,0
29,330,683,1,0
29,331,765,1,0
29,332,678,1,0
29,333,824,1,0
29,334,721,1,0
29,335,768,1,0
29,336,999,1,0
29,337,926,1,0
29,338,1099,1,0
29,339,855,1,0
29,340,1045,1,0
29,341,864,1,0
29,342,864,1,0
29,343,776,1,0
29,344,696,1,0
29,345,940,1,0
29,346,764,1,0
29,347,710,1,0
29,348,771,1,0
29,349,686,1,0
29,350,775,1,0
29,351,754,1,0
29,352,740,1,0
29,353,616,1,0
29,354,683,1,0
29,355,615,1,0
29,356,600,1,0
29,357,626,1,0
29,358,632,1,0
29,359,611,1,0
29,360,569,1,0
29,361,567,1,0
29,362,584,1,0
29,363,679,1,0
29,364,691,1,0
29,365,633,1,0
29,366,619,1,0
29,367,671,1,0
29,368,711,1,0
29,369,599,1,0
29,370,828,1,0
29,371,602,1,0
29,372,650,1,0
29,373,656,1,0
29,374,602,1,0
29,375,681,1,0
29,376,612,1,0
29,377,763,1,0
29,378,674,1,0
29,379,653,1,0
29,380,697,1,0
29,381,1005,1,0
29,382,692,1,0
29,383,637,1,0
29,384,633,1,0
29,385,608,1,0
29,386,779,1,0
29,387,614,1,0
29,388,683,1,0
29,389,663,1,0
29,390,625,1,0
29,391,721,1,0
29,392,685,1,0
29,393,609,1,0
29,394,622,1,0
29,395,646,1,0
29,396,648,1,0
29,397,643,1,0
29,398,592,1,0
29,399,745,1,0
29,400,861,1,0
29,401,690,1,0
29,402,634,1,0
29,403,661,1,0
29,404,651,1,0
29,405,728,1,0
29,406,635,1,0
29,407,633,1,0
29,408,660,1,0
29,409,719,1,0
29,410,842,1,0
29,411,713,1,0
29,412,1085,1,0
29,413,863,1,0
29,414,889,1,0
29,415,705,1,0
29,416,842,1,0
29,417,774,1,0
29,418,1203,1,0
29,419,917,1,0
29,420,1411,1,0
29,421,972,1,0
29,422,1025,1,0
29,423,907,1,0
29,424,952,1,0
29,425,1054,1,0
29,426,1087,1,0
29,427,1035,1,0
29,428,813,1,0
29,429,888,1,0
29,430,823,1,0
29,431,837,1,0
29,432,916,1,0
29,433,704,1,0
29,434,729,1,0
29,435,713,1,0
29,436,728,1,0
29,437,754,1,0
29,438,876,1,0
29,439,980,1,0
29,440,796,1,0
29,441,1445,1,0
29,442,814,1,0
29,443,686,1,0
29,444,792,1,0
29,445,688,1,0
29,446,679,1,0
29,447,635,1,0
29,448,649,1,0
29,449,742,1,0
29,450,646,1,0
29,451,677,1,0
29,452,613,1,0
29,453,582,1,0
29,454,615,1,0
29,455,685,1,0
29,456,742,1,0
29,457,645,1,0
29,458,647,1,0
29,459,644,1,0
29,460,650,1,0
29,461,598,1,0
29,462,628,1,0
29,463,662,1,0
29,464,581,1,0
29,465,623,1,0
29,466,711,1,0
29,467,616,1,0
29,468,612,1,0
29,469,683,1,0
29,470,721,1,0
29,471,728,1,0
29,472,606,1,0
29,473,786,1,0
29,474,637,1,0
29,475,672,1,0
29,476,722,1,0
29,477,700,1,0
29,478,1027,1,0
29,479,737,1,0
29,480,625,1,0
29,481,712,1,0
29,482,676,1,0
29,483,615,1,0
29,484,666,1,0
29,485,627,1,0
29,486,1625,1,0
29,487,741,1,0
29,488,701,1,0
29,489,796,1,0
29,490,715,1,0
29,491,594,1,0
29,492,793,1,0
29,493,751,1,0
29,494,692,1,0
29,495,598,1,0
29,496,623,1,0
29,497,734,1,0
29,498,693,1,0
29,499,713,1,0
29,500,751,1,0
29,501,794,1,0
29,502,901,1,0
29,503,587,1,0
29,504,677,1,0
29,505,692,1,0
29,506,661,1,0
29,507,734,1,0
29,508,641,1,0
29,509,585,1,0
29,510,690,1,0
29,511,669,1,0
29,512,690,1,0
29,513,715,1,0
29,514,648,1,0
29,515,625,1,0
29,516,617,1,0
29,517,654,1,0
29,518,595,1,0
29,519,645,1,0
29,520,777,1,0
29,521,842,1,0
29,522,851,1,0
29,523,759,1,0
29,524,793,1,0
29,525,808,1,0
29,526,784,1,0
29,527,779,1,0
29,528,797,1,0
29,529,871,1,0
29,530,738,1,0
29,531,821,1,0
29,532,775,1,0
29,533,804,1,0
29,534,766,1,0
29,535,912,1,0
29,536,696,1,0
29,537,714,1,0
29,538,877,1,0
29,539,814,1,0
29,540,869,1,0
29,541,756,1,0
29,542,638,1,0
29,543,593,1,0
29,544,593,1,0
29,545,611,1,0
29,546,562,1,0
29,547,680,1,0
29,548,739,1,0
29,549,649,1,0
29,550,723,1,0
29,551,727,1,0
29,552,822,1,0
29,553,666,1,0
29,554,659,1,0
29,555,571,1,0
29,556,774,1,0
29,557,611,1,0
29,558,612,1,0
29,559,640,1,0
29,560,590,1,0
29,561,622,1,0
29,562,621,1,0
29,563,602,1,0
29,564,579,1,0
29,565,582,1,0
29,566,656,1,0
29,567,612,1,0
29,568,636,1,0
29,569,601,1,0
29,570,592,1,0
29,571,1008,1,0
29,572,616,1,0
29,573,629,1,0
29,574,631,1,0
29,575,667,1,0
29,576,611,1,0
29,577,566,1,0
29,578,602,1,0
29,579,655,1,0
29,580,778,1,0
29,581,963,1,0
29,582,599,1,0
29,583,582,1,0
29,584,633,1,0
29,585,681,1,0
29,586,664,1,0
29,587,840,1,0
29,588,689,1,0
29,589,1055,1,0
29,590,791,1,0
29,591,694,1,0
29,592,745,1,0
29,593,643,1,0
29,594,643,1,0
29,595,649,1,0
29,596,688,1,0
29,597,731,1,0
29,598,619,1,0
29,599,1612,1,0
30,0,1965,1,0
30,1,761,1,0
30,2,741,1,0
30,3,687,1,0
30,4,634,1,0
30,5,600,1,0
30,6,892,1,0
30,7,860,1,0
30,8,1307,1,0
30,9,1174,1,0
30,10,603,1,0
30,11,683,1,0
30,12,624,1,0
30,13,1472,1,0
30,14,684,1,0
30,15,605,1,0
30,16,725,1,0
30,17,723,1,0
30,18,736,1,0
30,19,674,1,0
30,20,687,1,0
30,21,808,1,0
30,22,721,1,0
30,23,671,1,0
30,24,726,1,0
30,25,1002,1,0
30,26,847,1,0
30,27,1019,1,0
30,28,903,1,0
30,29,880,1,0
30,30,904,1,0
30,31,934,1,0
30,32,802,1,0
30,33,605,1,0
30,34,603,1,0
30,35,623,1,0
30,36,647,1,0
30,37,776,1,0
30,38,761,1,0
30,39,767,1,0
30,40,742,1,0
30,41,855,1,0
30,42,908,1,0
30,43,714,1,0
30,44,731,1,0
30,45,690,1,0
30,46,891,1,0
30,47,951,1,0
30,48,772,1,0
30,49,691,1,0
30,50,639,1,0
30,51,648,1,0
30,52,550,1,0
30,53,614,1,0
30,54,781,1,0
30,55,945,1,0
30,56,948,1,0
30,57,701,1,0
30,58,855,1,0
30,59,634,1,0
30,60,625,1,0
30,61,722,1,0
30,62,664,1,0
30,63,617,1,0
30,64,639,1,0
30,65,572,1,0
30,66,624,1,0
30,67,631,1,0
30,68,624,1,0
30,69,1092,1,0
30,70,1082,1,0
30,71,697,1,0
30,72,721,1,0
30,73,837,1,0
30,74,929,1,0
30,75,834,1,0
30,76,863,1,0
30,77,595,1,0
30,78,865,1,0
30,79,1096,1,0
30,80,601,1,0
30,81,585,1,0
30,82,675,1,0
30,83,626,1,0
30,84,572,1,0
30,85,777,1,0
30,86,734,1,0
30,87,689,1,0
30,88,641,1,0
30,89,612,1,0
30,90,584,1,0
30,91,635,1,0
30,92,722,1,0
30,93,885,1,0
30,94,716,1,0
30,95,670,1,0
30,96,717,1,0
30,97,788,1,0
30,98,684,1,0
30,99,657,1,0
30,100,673,1,0
30,101,688,1,0
30,102,917,1,0
30,103,898,1,0
30,104,995,1,0
30,105,640,1,0
30,106,986,1,0
30,107,1023,1,0
30,108,728,1,0
30,109,683,1,0
30,110,914,1,0
30,111,736,1,0
30,112,815,1,0
30,113,804,1,0
30,114,965,1,0
30,115,669,1,0
30,116,1021,1,0
30,117,699,1,0
30,118,742,1,0
30,119,726,1,0
30,120,765,1,0
30,121,738,1,0
30,122,902,1,0
30,123,852,1,0
30,124,859,1,0
30,125,824,1,0
30,126,788,1,0
30,127,927,1,0
30,128,871,1,0
30,129,814,1,0
30,130,748,1,0
30,131,762,1,0
30,132,871,1,0
30,133,738,1,0
30,134,928,1,0
30,135,749,1,0
30,136,1306,1,0
30,137,768,1,0
30,138,925,1,0
30,139,797,1,0
30,140,656,1,0
30,141,930,1,0
30,142,753,1,0
30,143,778,1,0
30,144,648,1,0
30,145,796,1,0
30,146,640,1,0
30,147,853,1,0
30,148,792,1,0
30,149,711,1,0
30,150,595,1,0
30,151,709,1,0
30,152,624,1,0
30,153,625,1,0
30,154,667,1,0
30,155,659,1,0
30,156,654,1,0
30,157,628,1,0
30,158,640,1,0
30,159,655,1,0
30,160,730,1,0
30,161,662,1,0
30,162,676,1,0
30,163,654,1,0
30,164,677,1,0
30,165,697,1,0
30,166,699,1,0
30,167,685,1,0
30,168,653,1,0
30,169,712,1,0
30,170,642,1,0
30,171,644,1,0
30,172,659,1,0
30,173,786,1,0
30,174,722,1,0
30,175,743,1,0
30,176,726,1,0
30,177,638,1,0
30,178,928,1,0
30,179,637,1,0
30,180,630,1,0
30,181,662,1,0
30,182,694,1,0
30,183,677,1,0
30,184,644,1,0
30,185,590,1,0
30,186,662,1,0
30,187,703,1,0
30,188,860,1,0
30,189,682,1,0
30,190,987,1,0
30,191,623,1,0
30,192,731,1,0
30,193,699,1,0
30,194,628,1,0
30,195,1147,1,0
30,196,975,1,0
30,197,797,1,0
30,198,985,1,0
30,199,691,1,0
30,200,649,1,0
30,201,874,1,0
30,202,693,1,0
30,203,821,1,0
30,204,981,1,0
30,205,978,1,0
30,206,867,1,0
30,207,613,1,0
30,208,666,1,0
30,209,995,1,0
30,210,822,1,0
30,211,611,1,0
30,212,605,1,0
30,213,900,1,0
30,214,749,1,0
30,215,607,1,0
30,216,684,1,0
30,217,665,1,0
30,218,668,1,0
30,219,665,1,0
30,220,603,1,0
30,221,645,1,0
30,222,719,1,0
30,223,669,1,0
30,224,824,1,0
30,225,720,1,0
30,226,726,1,0
30,227,720,1,0
30,228,1019,1,0
30,229,1226,1,0
30,230,579,1,0
30,231,573,1,0
30,232,586,1,0
30,233,651,1,0
30,234,577,1,0
30,235,634,1,0
30,236,720,1,0
30,237,647,1,0
30,238,706,1,0
30,239,605,1,0
30,240,663,1,0
30,241,650,1,0
30,242,621,1,0
30,243,620,1,0
30,244,609,1,0
30,245,688,1,0
30,246,643,1,0
30,247,611,1,0
30,248,637,1,0
30,249,683,1,0
30,250,600,1,0
30,251,658,1,0
30,252,760,1,0
30,253,640,1,0
30,254,802,1,0
30,255,639,1,0
30,256,803,1,0
30,257,675,1,0
30,258,630,1,0
30,259,624,1,0
30,260,623,1,0
30,261,648,1,0
30,262,642,1,0
30,263,732,1,0
30,264,862,1,0
30,265,843,1,0
30,266,647,1,0
30,267,618,1,0
30,268,610,1,0
30,269,676,1,0
30,270,789,1,0
30,271,760,1,0
30,272,707,1,0
30,273,788,1,0
30,274,715,1,0
30,275,675,1,0
30,276,701,1,0
30,277,669,1,0
30,278,709,1,0
30,279,657,1,0
30,280,714,1,0
30,281,680,1,0
30,282,700,1,0
30,283,592,1,0
30,284,681,1,0
30,285,744,1,0
30,286,672,1,0
30,287,698,1,0
30,288,961,1,0
30,289,606,1,0
30,290,673,1,0
30,291,705,1,0
30,292,644,1,0
30,293,697,1,0
30,294,758,1,0
30,295,743,1,0
30,296,717,1,0
30,297,706,1,0
30,298,804,1,0
30,299,802,1,0
30,300,677,1,0
30,301,661,1,0
30,302,651,1,0
30,303,876,1,0
30,304,699,1,0
30,305,831,1,0
30,306,669,1,0
30,307,701,1,0
30,308,882,1,0
30,309,841,1,0
30,310,740,1,0
30,311,843,1,0
30,312,1034,1,0
30,313,976,1,0
30,314,735,1,0
30,315,770,1,0
30,316,678,1,0
30,317,783,1,0
30,318,863,1,0
30,319,736,1,0
30,320,1331,1,0
30,321,677,1,0
30,322,1179,1,0
30,323,1233,1,0
30,324,893,1,0
30,325,874,1,0
30,326,734,1,0
30,327,1008,1,0
30,328,901,1,0
30,329,791,1,0
30,330,680,1,0
30,331,607,1,0
30,332,581,1,0
30,333,691,1,0
30,334,607,1,0
30,335,584,1,0
30,336,695,1,0
30,337,670,1,0
30,338,741,1,0
30,339,594,1,0
30,340,712,1,0
30,341,662,1,0
30,342,645,1,0
30,343,610,1,0
30,344,627,1,0
30,345,728,1,0
30,346,729,1,0
30,347,588,1,0
30,348,635,1,0
30,349,642,1,0
30,350,684,1,0
30,351,640,1,0
30,352,646,1,0
30,353,683,1,0
30,354,660,1,0
30,355,649,1,0
30,356,622,1,0
30,357,707,1,0
30,358,643,1,0
30,359,607,1,0
30,360,703,1,0
30,361,688,1,0
30,362,680,1,0
30,363,818,1,0
30,364,627,1,0
30,365,692,1,0
30,366,627,1,0
30,367,742,1,0
30,368,648,1,0
30,369,639,1,0
30,370,642,1,0
30,371,927,1,0
30,372,1184,1,0
30,373,694,1,0
30,374,722,1,0
30,375,969,1,0
30,376,758,1,0
30,377,685,1,0
30,378,743,1,0
30,379,847,1,0
30,380,749,1,0
30,381,725,1,0
30,382,704,1,0
30,383,735,1,0
30,384,686,1,0
30,385,724,1,0
30,386,732,1,0
30,387,913,1,0
30,388,759,1,0
30,389,768,1,0
30,390,1043,1,0
30,391,1022,1,0
30,392,710,1,0
30,393,800,1,0
30,394,718,1,0
30,395,658,1,0
30,396,817,1,0
30,397,710,1,0
30,398,996,1,0
30,399,784,1,0
30,400,1188,1,0
30,401,757,1,0
30,402,687,1,0
30,403,735,1,0
30,404,797,1,0
30,405,632,1,0
30,406,929,1,0
30,407,814,1,0
30,408,885,1,0
30,409,803,1,0
30,410,849,1,0
30,411,780,1,0
30,412,779,1,0
30,413,688,1,0
30,414,802,1,0
30,415,806,1,0
30,416,900,1,0
30,417,725,1,0
30,418,615,1,0
30,419,639,1,0
30,420,719,1,0
30,421,945,1,0
30,422,838,1,0
30,423,711,1,0
30,424,800,1,0
30,425,928,1,0
30,426,1010,1,0
30,427,558,1,0
30,428,689,1,0
30,429,639,1,0
30,430,642,1,0
30,431,682,1,0
30,432,697,1,0
30,433,670,1,0
30,434,655,1,0
30,435,616,1,0
30,436,603,1,0
30,437,770,1,0
30,438,594,1,0
30,439,669,1,0
30,440,671,1,0
30,441,646,1,0
30,442,668,1,0
30,443,676,1,0
30,444,660,1,0
30,445,613,1,0
30,446,672,1,0
30,447,685,1,0
30,448,690,1,0
30,449,618,1,0
30,450,896,1,0
30,451,643,1,0
30,452,647,1,0
30,453,581,1,0
30,454,674,1,0
30,455,726,1,0
30,456,700,1,0
30,457,736,1,0
30,458,785,1,0
30,459,778,1,0
30,460,666,1,0
30,461,608,1,0
30,462,667,1,0
30,463,712,1,0
30,464,733,1,0
30,465,819,1,0
30,466,736,1,0
30,467,744,1,0
30,468,916,1,0
30,469,710,1,0
30,470,666,1,0
30,471,704,1,0
30,472,672,1,0
30,473,1154,1,0
30,474,660,1,0
30,475,749,1,0
30,476,733,1,0
30,477,1082,1,0
30,478,1110,1,0
30,479,1156,1,0
30,480,762,1,0
30,481,821,1,0
30,482,1236,1,0
30,483,1124,1,0
30,484,792,1,0
30,485,707,1,0
30,486,859,1,0
30,487,755,1,0
30,488,2106,1,0
30,489,860,1,0
30,490,779,1,0
30,491,655,1,0
30,492,756,1,0
30,493,781,1,0
30,494,731,1,0
30,495,689,1,0
30,496,715,1,0
30,497,641,1,0
30,498,698,1,0
30,499,732,1,0
30,500,733,1,0
30,501,864,1,0
30,502,1325,1,0
30,503,734,1,0
30,504,804,1,0
30,505,791,1,0
30,506,728,1,0
30,507,721,1,0
30,508,711,1,0
30,509,625,1,0
30,510,684,1,0
30,511,748,1,0
30,512,817,1,0
30,513,579,1,0
30,514,595,1,0
30,515,627,1,0
30,516,612,1,0
30,517,600,1,0
30,518,898,1,0
30,519,778,1,0
30,520,714,1,0
30,521,785,1,0
30,522,575,1,0
30,523,600,1,0
30,524,596,1,0
30,525,670,1,0
30,526,618,1,0
30,527,653,1,0
30,528,600,1,0
30,529,647,1,0
30,530,682,1,0
30,531,594,1,0
30,532,608,1,0
30,533,651,1,0
30,534,660,1,0
30,535,660,1,0
30,536,698,1,0
30,537,681,1,0
30,538,634,1,0
30,539,741,1,0
30,540,611,1,0
30,541,660,1,0
30,542,635,1,0
30,543,623,1,0
30,544,968,1,0
30,545,599,1,0
30,546,629,1,0
30,547,685,1,0
30,548,606,1,0
30,549,721,1,0
30,550,701,1,0
30,551,631,1,0
30,552,913,1,0
30,553,808,1,0
30,554,601,1,0
30,555,673,1,0
30,556,1002,1,0
30,557,700,1,0
30,558,732,1,0
30,559,630,1,0
30,560,662,1,0
30,561,799,1,0
30,562,679,1,0
30,563,660,1,0
30,564,747,1,0
30,565,1315,1,0
30,566,738,1,0
30,567,774,1,0
30,568,779,1,0
30,569,995,1,0
30,570,693,1,0
30,571,1247,1,0
30,572,696,1,0
30,573,680,1,0
30,574,712,1,0
30,575,863,1,0
30,576,1073,1,0
30,577,797,1,0
30,578,668,1,0
30,579,780,1,0
30,580,1173,1,0
30,581,1160,1,0
30,582,803,1,0
30,583,875,1,0
30,584,1054,1,0
30,585,942,1,0
30,586,875,1,0
30,587,846,1,0
30,588,850,1,0
30,589,737,1,0
30,590,766,1,0
30,591,912,1,0
30,592,689,1,0
30,593,751,1,0
30,594,835,1,0
30,595,704,1,0
30,596,854,1,0
30,597,680,1,0
30,598,792,1,0
30,599,1216,1,0
31,0,2004,1,0
31,1,1034,1,0
31,2,904,1,0
31,3,846,1,0
31,4,905,1,0
31,5,808,1,0
31,6,1337,1,0
31,7,1121,1,0
31,8,979,1,0
31,9,2180,1,0
31,10,1160,1,0
31,11,856,1,0
31,12,940,1,0
31,13,1689,1,0
31,14,818,1,0
31,15,946,1,0
31,16,663,1,0
31,17,584,1,0
31,18,621,1,0
31,19,601,1,0
31,20,640,1,0
31,21,598,1,0
31,22,576,1,0
31,23,612,1,0
31,24,676,1,0
31,25,659,1,0
31,26,685,1,0
31,27,744,1,0
31,28,669,1,0
31,29,626,1,0
31,30,626,1,0
31,31,628,1,0
31,32,647,1,0
31,33,582,1,0
31,34,601,1,0
31,35,597,1,0
31,36,654,1,0
31,37,612,1,0
31,38,567,1,0
31,39,651,1,0
31,40,628,1,0
31,41,608,1,0
31,42,800,1,0
31,43,713,1,0
31,44,611,1,0
31,45,593,1,0
31,46,607,1,0
31,47,575,1,0
31,48,589,1,0
31,49,619,1,0
31,50,654,1,0
31,51,614,1,0
31,52,604,1,0
31,53,601,1,0
31,54,606,1,0
31,55,572,1,0
31,56,631,1,0
31,57,710,1,0
31,58,708,1,0
31,59,612,1,0
31,60,705,1,0
31,61,650,1,0
31,62,751,1,0
31,63,728,1,0
31,64,637,1,0
31,65,647,1,0
31,66,628,1,0
31,67,810,1,0
31,68,696,1,0
31,69,1891,1,0
31,70,851,1,0
31,71,948,1,0
31,72,918,1,0
31,73,1285,1,0
31,74,1621,1,0
31,75,1406,1,0
31,76,781,1,0
31,77,595,1,0
31,78,684,1,0
31,79,678,1,0
31,80,620,1,0
31,81,624,1,0
31,82,797,1,0
31,83,818,1,0
31,84,722,1,0
31,85,767,1,0
31,86,998,1,0
31,87,732,1,0
31,88,1010,1,0
31,89,707,1,0
31,90,739,1,0
31,91,705,1,0
31,92,983,1,0
31,93,748,1,0
31,94,772,1,0
31,95,696,1,0
31,96,749,1,0
31,97,626,1,0
31,98,689,1,0
31,99,597,1,0
31,100,688,1,0
31,101,565,1,0
31,102,672,1,0
31,103,759,1,0
31,104,704,1,0
31,105,629,1,0
31,106,620,1,0
31,107,855,1,0
31,108,685,1,0
31,109,606,1,0
31,110,628,1,0
31,111,687,1,0
31,112,632,1,0
31,113,652,1,0
31,114,621,1,0
31,115,661,1,0
31,116,697,1,0
31,117,740,1,0
31,118,573,1,0
31,119,723,1,0
31,120,709,1,0
31,121,616,1,0
31,122,670,1,0
31,123,627,1,0
31,124,621,1,0
31,125,743,1,0
31,126,609,1,0
31,127,617,1,0
31,128,690,1,0
31,129,702,1,0
31,130,671,1,0
31,131,688,1,0
31,132,626,1,0
31,133,570,1,0
31,134,640,1,0
31,135,604,1,0
31,136,849,1,0
31,137,636,1,0
31,138,659,1,0
31,139,703,1,0
31,140,763,1,0
31,141,713,1,0
31,142,635,1,0
31,143,640,1,0
31,144,718,1,0
31,145,695,1,0
31,146,625,1,0
31,147,780,1,0
31,148,929,1,0
31,149,696,1,0
31,150,760,1,0
31,151,1511,1,0
31,152,654,1,0
31,153,670,1,0
31,154,770,1,0
31,155,898,1,0
31,156,727,1,0
31,157,748,1,0
31,158,683,1,0
31,159,673,1,0
31,160,1300,1,0
31,161,838,1,0
31,162,1037,1,0
31,163,848,1,0
31,164,630,1,0
31,165,927,1,0
31,166,1377,1,0
31,167,736,1,0
31,168,871,1,0
31,169,896,1,0
31,170,827,1,0
31,171,721,1,0
31,172,692,1,0
31,173,1032,1,0
31,174,718,1,0
31,175,768,1,0
31,176,750,1,0
31,177,787,1,0
31,178,1258,1,0
31,179,744,1,0
31,180,766,1,0
31,181,734,1,0
31,182,763,1,0
31,183,984,1,0
31,184,711,1,0
31,185,734,1,0
31,186,684,1,0
31,187,864,1,0
31,188,756,1,0
31,189,777,1,0
31,190,653,1,0
31,191,630,1,0
31,192,640,1,0
31,193,605,1,0
31,194,606,1,0
31,195,890,1,0
31,196,731,1,0
31,197,630,1,0
31,198,670,1,0
31,199,691,1,0
31,200,647,1,0
31,201,877,1,0
31,202,587,1,0
31,203,920,1,0
31,204,578,1,0
31,205,830,1,0
31,206,929,1,0
31,207,627,1,0
31,208,665,1,0
31,209,881,1,0
31,210,684,1,0
31,211,620,1,0
31,212,771,1,0
31,213,752,1,0
31,214,624,1,0
31,215,679,1,0
31,216,633,1,0
31,217,616,1,0
31,218,629,1,0
31,219,591,1,0
31,220,637,1,0
31,221,643,1,0
31,222,605,1,0
31,223,582,1,0
31,224,698,1,0
31,225,746,1,0
31,226,589,1,0
31,227,596,1,0
31,228,597,1,0
31,229,675,1,0
31,230,700,1,0
31,231,609,1,0
31,232,580,1,0
31,233,621,1,0
31,234,587,1,0
31,235,687,1,0
31,236,707,1,0
31,237,618,1,0
31,238,675,1,0
31,239,643,1,0
31,240,593,1,0
31,241,702,1,0
31,242,572,1,0
31,243,660,1,0
31,244,734,1,0
31,245,596,1,0
31,246,658,1,0
31,247,742,1,0
31,248,659,1,0
31,249,679,1,0
31,250,636,1,0
31,251,645,1,0
31,252,680,1,0
31,253,664,1,0
31,254,570,1,0
31,255,713,1,0
31,256,780,1,0
31,257,608,1,0
31,258,701,1,0
31,259,1066,1,0
31,260,746,1,0
31,261,661,1,0
31,262,675,1,0
31,263,563,1,0
31,264,698,1,0
31,265,730,1,0
31,266,839,1,0
31,267,649,1,0
31,268,955,1,0
31,269,746,1,0
31,270,826,1,0
31,271,620,1,0
31,272,739,1,0
31,273,825,1,0
31,274,889,1,0
31,275,855,1,0
31,276,677,1,0
31,277,641,1,0
31,278,1272,1,0
31,279,682,1,0
31,280,719,1,0
31,281,822,1,0
31,282,662,1,0
31,283,722,1,0
31,284,635,1,0
31,285,637,1,0
31,286,649,1,0
31,287,654,1,0
31,288,661,1,0
31,289,706,1,0
31,290,686,1,0
31,291,604,1,0
31,292,696,1,0
31,293,597,1,0
31,294,674,1,0
31,295,600,1,0
31,296,620,1,0
31,297,580,1,0
31,298,753,1,0
31,299,757,1,0
31,300,707,1,0
31,301,637,1,0
31,302,637,1,0
31,303,608,1,0
31,304,665,1,0
31,305,688,1,0
31,306,610,1,0
31,307,665,1,0
31,308,647,1,0
31,309,621,1,0
31,310,595,1,0
31,311,644,1,0
31,312,644,1,0
31,313,628,1,0
31,314,582,1,0
31,315,777,1,0
31,316,651,1,0
31,317,564,1,0
31,318,640,1,0
31,319,675,1,0
31,320,720,1,0
31,321,903,1,0
31,322,726,1,0
31,323,682,1,0
31,324,650,1,0
31,325,644,1,0
31,326,738,1,0
31,327,627,1,0
31,328,744,1,0
31,329,675,1,0
31,330,628,1,0
31,331,597,1,0
31,332,638,1,0
31,333,885,1,0
31,334,850,1,0
31,335,677,1,0
31,336,668,1,0
31,337,654,1,0
31,338,753,1,0
31,339,660,1,0
31,340,647,1,0
31,341,715,1,0
31,342,821,1,0
31,343,717,1,0
31,344,640,1,0
31,345,748,1,0
31,346,1098,1,0
31,347,707,1,0
31,348,667,1,0
31,349,794,1,0
31,350,981,1,0
31,351,958,1,0
31,352,856,1,0
31,353,935,1,0
31,354,973,1,0
31,355,687,1,0
31,356,933,1,0
31,357,928,1,0
31,358,774,1,0
31,359,707,1,0
31,360,714,1,0
31,361,775,1,0
31,362,722,1,0
31,363,735,1,0
31,364,825,1,0
31,365,759,1,0
31,366,849,1,0
31,367,700,1,0
31,368,835,1,0
31,369,772,1,0
31,370,765,1,0
31,371,641,1,0
31,372,902,1,0
31,373,669,1,0
31,374,731,1,0
31,375,602,1,0
31,376,789,1,0
31,377,611,1,0
31,378,622,1,0
31,379,832,1,0
31,380,699,1,0
31,381,601,1,0
31,382,691,1,0
31,383,562,1,0
31,384,670,1,0
31,385,650,1,0
31,386,586,1,0
31,387,949,1,0
31,388,636,1,0
31,389,703,1,0
31,390,662,1,0
31,391,645,1,0
31,392,591,1,0
31,393,628,1,0
31,394,605,1,0
31,395,680,1,0
31,396,545,1,0
31,397,607,1,0
31,398,627,1,0
31,399,588,1,0
31,400,1115,1,0
31,401,594,1,0
31,402,575,1,0
31,403,628,1,0
31,404,649,1,0
31,405,663,1,0
31,406,604,1,0
31,407,614,1,0
31,408,612,1,0
31,409,696,1,0
31,410,623,1,0
31,411,636,1,0
31,412,786,1,0
31,413,638,1,0
31,414,852,1,0
31,415,610,1,0
31,416,633,1,0
31,417,637,1,0
31,418,650,1,0
31,419,612,1,0
31,420,778,1,0
31,421,667,1,0
31,422,706,1,0
31,423,572,1,0
31,424,633,1,0
31,425,624,1,0
31,426,618,1,0
31,427,707,1,0
31,428,689,1,0
31,429,631,1,0
31,430,621,1,0
31,431,618,1,0
31,432,869,1,0
31,433,687,1,0
31,434,699,1,0
31,435,668,1,0
31,436,1146,1,0
31,437,1349,1,0
31,438,849,1,0
31,439,1048,1,0
31,440,989,1,0
31,441,827,1,0
31,442,849,1,0
31,443,931,1,0
31,444,813,1,0
31,445,785,1,0
31,446,1028,1,0
31,447,993,1,0
31,448,950,1,0
31,449,761,1,0
31,450,818,1,0
31,451,697,1,0
31,452,828,1,0
31,453,782,1,0
31,454,721,1,0
31,455,1100,1,0
31,456,815,1,0
31,457,716,1,0
31,458,872,1,0
31,459,730,1,0
31,460,881,1,0
31,461,730,1,0
31,462,739,1,0
31,463,716,1,0
31,464,747,1,0
31,465,1120,1,0
31,466,812,1,0
31,467,731,1,0
31,468,855,1,0
31,469,651,1,0
31,470,622,1,0
31,471,691,1,0
31,472,672,1,0
31,473,596,1,0
31,474,629,1,0
31,475,640,1,0
31,476,609,1,0
31,477,665,1,0
31,478,640,1,0
31,479,606,1,0
31,480,617,1,0
31,481,659,1,0
31,482,680,1,0
31,483,594,1,0
31,484,667,1,0
31,485,675,1,0
31,486,685,1,0
31,487,889,1,0
31,488,1488,1,0
31,489,646,1,0
31,490,699,1,0
31,491,614,1,0
31,492,610,1,0
31,493,685,1,0
31,494,861,1,0
31,495,630,1,0
31,496,715,1,0
31,497,629,1,0
31,498,594,1,0
31,499,617,1,0
31,500,613,1,0
31,501,608,1,0
31,502,799,1,0
31,503,619,1,0
31,504,712,1,0
31,505,649,1,0
31,506,605,1,0
31,507,586,1,0
31,508,682,1,0
31,509,582,1,0
31,510,634,1,0
31,511,591,1,0
31,512,669,1,0
31,513,594,1,0
31,514,723,1,0
31,515,660,1,0
31,516,656,1,0
31,517,582,1,0
31,518,641,1,0
31,519,588,1,0
31,520,579,1,0
31,521,874,1,0
31,522,760,1,0
31,523,844,1,0
31,524,1043,1,0
31,525,704,1,0
31,526,873,1,0
31,527,684,1,0
31,528,707,1,0
31,529,1022,1,0
31,530,1152,1,0
31,531,1104,1,0
31,532,1044,1,0
31,533,784,1,0
31,534,819,1,0
31,535,792,1,0
31,536,711,1,0
31,537,946,1,0
31,538,1034,1,0
31,539,1021,1,0
31,540,937,1,0
31,541,904,1,0
31,542,883,1,0
31,543,961,1,0
31,544,703,1,0
31,545,1045,1,0
31,546,874,1,0
31,547,858,1,0
31,548,714,1,0
31,549,788,1,0
31,550,833,1,0
31,551,900,1,0
31,552,876,1,0
31,553,979,1,0
31,554,847,1,0
31,555,831,1,0
31,556,832,1,0
31,557,759,1,0
31,558,762,1,0
31,559,848,1,0
31,560,671,1,0
31,561,757,1,0
31,562,717,1,0
31,563,586,1,0
31,564,723,1,0
31,565,953,1,0
31,566,579,1,0
31,567,579,1,0
31,568,614,1,0
31,569,622,1,0
31,570,652,1,0
31,571,729,1,0
31,572,611,1,0
31,573,615,1,0
31,574,650,1,0
31,575,653,1,0
31,576,753,1,0
31,577,642,1,0
31,578,630,1,0
31,579,587,1,0
31,580,611,1,0
31,581,1059,1,0
31,582,652,1,0
31,583,623,1,0
31,584,643,1,0
31,585,655,1,0
31,586,628,1,0
31,587,647,1,0
31,588,676,1,0
31,589,618,1,0
31,590,628,1,0
31,591,729,1,0
31,592,639,1,0
31,593,788,1,0
31,594,881,1,0
31,595,597,1,0
31,596,754,1,0
31,597,659,1,0
31,598,830,1,0
31,599,666,1,0
32,0,1608,1,0
32,1,709,1,0
32,2,1034,1,0
32,3,843,1,0
32,4,795,1,0
32,5,711,1,0
32,6,1094,1,0
32,7,869,1,0
32,8,675,1,0
32,9,676,1,0
32,10,666,1,0
32,11,688,1,0
32,12,596,1,0
32,13,653,1,0
32,14,678,1,0
32,15,674,1,0
32,16,806,1,0
32,17,690,1,0
32,18,674,1,0
32,19,637,1,0
32,20,642,1,0
32,21,668,1,0
32,22,650,1,0
32,23,646,1,0
32,24,1207,1,0
32,25,681,1,0
32,26,738,1,0
32,27,1109,1,0
32,28,956,1,0
32,29,980,1,0
32,30,809,1,0
32,31,666,1,0
32,32,827,1,0
32,33,617,1,0
32,34,574,1,0
32,35,608,1,0
32,36,708,1,0
32,37,711,1,0
32,38,636,1,0
32,39,717,1,0
32,40,669,1,0
32,41,574,1,0
32,42,741,1,0
32,43,556,1,0
32,44,679,1,0
32,45,649,1,0
32,46,610,1,0
32,47,619,1,0
32,48,684,1,0
32,49,713,1,0
32,50,686,1,0
32,51,654,1,0
32,52,823,1,0
32,53,788,1,0
32,54,791,1,0
32,55,788,1,0
32,56,855,1,0
32,57,817,1,0
32,58,978,1,0
32,59,692,1,0
32,60,691,1,0
32,61,690,1,0
32,62,746,1,0
32,63,621,1,0
32,64,626,1,0
32,65,606,1,0
32,66,714,1,0
32,67,638,1,0
32,68,726,1,0
32,69,1606,1,0
32,70,1117,1,0
32,71,696,1,0
32,72,614,1,0
32,73,623,1,0
32,74,635,1,0
32,75,606,1,0
32,76,682,1,0
32,77,613,1,0
32,78,608,1,0
32,79,752,1,0
32,80,908,1,0
32,81,577,1,0
32,82,594,1,0
32,83,608,1,0
32,84,615,1,0
32,85,629,1,0
32,86,587,1,0
32,87,675,1,0
32,88,641,1,0
32,89,587,1,0
32,90,585,1,0
32,91,608,1,0
32,92,612,1,0
32,93,708,1,0
32,94,586,1,0
32,95,663,1,0
32,96,659,1,0
32,97,664,1,0
32,98,747,1,0
32,99,594,1,0
32,100,944,1,0
32,101,703,1,0
32,102,780,1,0
32,103,684,1,0
32,104,693,1,0
32,105,668,1,0
32,106,612,1,0
32,107,769,1,0
32,108,682,1,0
32,109,755,1,0
32,110,726,1,0
32,111,657,1,0
32,112,720,1,0
32,113,863,1,0
32,114,793,1,0
32,115,858,1,0
32,116,1118,1,0
32,117,605,1,0
32,118,690,1,0
32,119,694,1,0
32,120,628,1,0
32,121,656,1,0
32,122,879,1,0
32,123,919,1,0
32,124,848,1,0
32,125,1128,1,0
32,126,1565,1,0
32,127,1233,1,0
32,128,834,1,0
32,129,947,1,0
32,130,1029,1,0
32,131,995,1,0
32,132,827,1,0
32,133,654,1,0
32,134,929,1,0
32,135,1002,1,0
32,136,1251,1,0
32,137,1109,1,0
32,138,774,1,0
32,139,770,1,0
32,140,1566,1,0
32,141,935,1,0
32,142,844,1,0
32,143,952,1,0
32,144,842,1,0
32,145,846,1,0
32,146,871,1,0
32,147,862,1,0
32,148,794,1,0
32,149,748,1,0
32,150,628,1,0
32,151,601,1,0
32,152,690,1,0
32,153,611,1,0
32,154,760,1,0
32,155,669,1,0
32,156,589,1,0
32,157,631,1,0
32,158,645,1,0
32,159,614,1,0
32,160,698,1,0
32,161,726,1,0
32,162,745,1,0
32,163,710,1,0
32,164,713,1,0
32,165,640,1,0
32,166,884,1,0
32,167,626,1,0
32,168,666,1,0
32,169,669,1,0
32,170,636,1,0
32,171,618,1,0
32,172,609,1,0
32,173,595,1,0
32,174,682,1,0
32,175,638,1,0
32,176,612,1,0
32,177,599,1,0
32,178,1018,1,0
32,179,652,1,0
32,180,649,1,0
32,181,606,1,0
32,182,568,1,0
32,183,630,1,0
32,184,602,1,0
32,185,638,1,0
32,186,654,1,0
32,187,585,1,0
32,188,804,1,0
32,189,735,1,0
32,190,705,1,0
32,191,692,1,0
32,192,704,1,0
32,193,675,1,0
32,194,676,1,0
32,195,827,1,0
32,196,803,1,0
32,197,652,1,0
32,198,982,1,0
32,199,750,1,0
32,200,693,1,0
32,201,917,1,0
32,202,761,1,0
32,203,735,1,0
32,204,646,1,0
32,205,768,1,0
32,206,746,1,0
32,207,673,1,0
32,208,609,1,0
32,209,744,1,0
32,210,733,1,0
32,211,647,1,0
32,212,718,1,0
32,213,1000,1,0
32,214,699,1,0
32,215,708,1,0
32,216,617,1,0
32,217,624,1,0
32,218,705,1,0
32,219,799,1,0
32,220,614,1,0
32,221,647,1,0
32,222,669,1,0
32,223,652,1,0
32,224,654,1,0
32,225,1189,1,0
32,226,663,1,0
32,227,599,1,0
32,228,743,1,0
32,229,748,1,0
32,230,727,1,0
32,231,693,1,0
32,232,759,1,0
32,233,1063,1,0
32,234,786,1,0
32,235,1028,1,0
32,236,895,1,0
32,237,813,1,0
32,238,914,1,0
32,239,679,1,0
32,240,1125,1,0
32,241,981,1,0
32,242,712,1,0
32,243,1090,1,0
32,244,662,1,0
32,245,582,1,0
32,246,636,1,0
32,247,627,1,0
32,248,752,1,0
32,249,631,1,0
32,250,605,1,0
32,251,669,1,0
32,252,653,1,0
32,253,595,1,0
32,254,807,1,0
32,255,653,1,0
32,256,754,1,0
32,257,619,1,0
32,258,778,1,0
32,259,617,1,0
32,260,675,1,0
32,261,597,1,0
32,262,657,1,0
32,263,614,1,0
32,264,847,1,0
32,265,955,1,0
32,266,607,1,0
32,267,755,1,0
32,268,947,1,0
32,269,599,1,0
32,270,644,1,0
32,271,676,1,0
32,272,624,1,0
32,273,678,1,0
32,274,602,1,0
32,275,681,1,0
32,276,642,1,0
32,277,570,1,0
32,278,636,1,0
32,279,668,1,0
32,280,620,1,0
32,281,628,1,0
32,282,662,1,0
32,283,561,1,0
32,284,609,1,0
32,285,601,1,0
32,286,641,1,0
32,287,701,1,0
32,288,766,1,0
32,289,609,1,0
32,290,623,1,0
32,291,658,1,0
32,292,606,1,0
32,293,592,1,0
32,294,634,1,0
32,295,749,1,0
32,296,784,1,0
32,297,677,1,0
32,298,817,1,0
32,299,666,1,0
32,300,758,1,0
32,301,629,1,0
32,302,761,1,0
32,303,661,1,0
32,304,690,1,0
32,305,662,1,0
32,306,609,1,0
32,307,717,1,0
32,308,873,1,0
32,309,653,1,0
32,310,596,1,0
32,311,665,1,0
32,312,615,1,0
32,313,867,1,0
32,314,601,1,0
32,315,796,1,0
32,316,743,1,0
32,317,610,1,0
32,318,929,1,0
32,319,835,1,0
32,320,995,1,0
32,321,919,1,0
32,322,948,1,0
32,323,850,1,0
32,324,690,1,0
32,325,738,1,0
32,326,726,1,0
32,327,744,1,0
32,328,742,1,0
32,329,802,1,0
32,330,689,1,0
32,331,591,1,0
32,332,635,1,0
32,333,622,1,0
32,334,604,1,0
32,335,606,1,0
32,336,763,1,0
32,337,1207,1,0
32,338,734,1,0
32,339,607,1,0
32,340,784,1,0
32,341,568,1,0
32,342,622,1,0
32,343,679,1,0
32,344,739,1,0
32,345,576,1,0
32,346,634,1,0
32,347,650,1,0
32,348,666,1,0
32,349,811,1,0
32,350,637,1,0
32,351,679,1,0
32,352,589,1,0
32,353,652,1,0
32,354,606,1,0
32,355,622,1,0
32,356,643,1,0
32,357,611,1,0
32,358,565,1,0
32,359,669,1,0
32,360,632,1,0
32,361,634,1,0
32,362,660,1,0
32,363,627,1,0
32,364,633,1,0
32,365,726,1,0
32,366,671,1,0
32,367,620,1,0
32,368,606,1,0
32,369,710,1,0
32,370,740,1,0
32,371,633,1,0
32,372,846,1,0
32,373,619,1,0
32,374,670,1,0
32,375,746,1,0
32,376,768,1,0
32,377,673,1,0
32,378,616,1,0
32,379,651,1,0
32,380,754,1,0
32,381,743,1,0
32,382,669,1,0
32,383,649,1,0
32,384,651,1,0
32,385,601,1,0
32,386,623,1,0
32,387,926,1,0
32,388,712,1,0
32,389,638,1,0
32,390,629,1,0
32,391,923,1,0
32,392,1301,1,0
32,393,570,1,0
32,394,692,1,0
32,395,682,1,0
32,396,710,1,0
32,397,811,1,0
32,398,628,1,0
32,399,607,1,0
32,400,1025,1,0
32,401,673,1,0
32,402,632,1,0
32,403,644,1,0
32,404,674,1,0
32,405,623,1,0
32,406,694,1,0
32,407,861,1,0
32,408,671,1,0
32,409,819,1,0
32,410,992,1,0
32,411,846,1,0
32,412,907,1,0
32,413,715,1,0
32,414,766,1,0
32,415,737,1,0
32,416,878,1,0
32,417,669,1,0
32,418,959,1,0
32,419,710,1,0
32,420,752,1,0
32,421,822,1,0
32,422,759,1,0
32,423,645,1,0
32,424,710,1,0
32,425,753,1,0
32,426,639,1,0
32,427,704,1,0
32,428,637,1,0
32,429,832,1,0
32,430,879,1,0
32,431,710,1,0
32,432,649,1,0
32,433,1006,1,0
32,434,648,1,0
32,435,661,1,0
32,436,617,1,0
32,437,730,1,0
32,438,610,1,0
32,439,757,1,0
32,440,658,1,0
32,441,703,1,0
32,442,604,1,0
32,443,656,1,0
32,444,666,1,0
32,445,637,1,0
32,446,712,1,0
32,447,620,1,0
32,448,647,1,0
32,449,630,1,0
32,450,751,1,0
32,451,613,1,0
32,452,661,1,0
32,453,717,1,0
32,454,632,1,0
32,455,665,1,0
32,456,742,1,0
32,457,661,1,0
32,458,1004,1,0
32,459,636,1,0
32,460,608,1,0
32,461,801,1,0
32,462,614,1,0
32,463,649,1,0
32,464,611,1,0
32,465,662,1,0
32,466,621,1,0
32,467,654,1,0
32,468,641,1,0
32,469,627,1,0
32,470,604,1,0
32,471,612,1,0
32,472,626,1,0
32,473,771,1,0
32,474,651,1,0
32,475,704,1,0
32,476,709,1,0
32,477,651,1,0
32,478,865,1,0
32,479,650,1,0
32,480,649,1,0
32,481,687,1,0
32,482,607,1,0
32,483,670,1,0
32,484,739,1,0
32,485,635,1,0
32,486,640,1,0
32,487,666,1,0
32,488,908,1,0
32,489,858,1,0
32,490,663,1,0
32,491,620,1,0
32,492,676,1,0
32,493,727,1,0
32,494,775,1,0
32,495,595,1,0
32,496,889,1,0
32,497,623,1,0
32,498,640,1,0
32,499,602,1,0
32,500,628,1,0
32,501,826,1,0
32,502,1456,1,0
32,503,679,1,0
32,504,727,1,0
32,505,633,1,0
32,506,759,1,0
32,507,760,1,0
32,508,606,1,0
32,509,696,1,0
32,510,659,1,0
32,511,679,1,0
32,512,752,1,0
32,513,740,1,0
32,514,767,1,0
32,515,656,1,0
32,516,885,1,0
32,517,787,1,0
32,518,608,1,0
32,519,698,1,0
32,520,730,1,0
32,521,677,1,0
32,522,711,1,0
32,523,713,1,0
32,524,826,1,0
32,525,651,1,0
32,526,629,1,0
32,527,778,1,0
32,528,636,1,0
32,529,588,1,0
32,530,616,1,0
32,531,685,1,0
32,532,585,1,0
32,533,882,1,0
32,534,696,1,0
32,535,650,1,0
32,536,610,1,0
32,537,690,1,0
32,538,642,1,0
32,539,658,1,0
32,540,553,1,0
32,541,628,1,0
32,542,602,1,0
32,543,586,1,0
32,544,609,1,0
32,545,631,1,0
32,546,621,1,0
32,547,680,1,0
32,548,630,1,0
32,549,654,1,0
32,550,676,1,0
32,551,610,1,0
32,552,821,1,0
32,553,638,1,0
32,554,584,1,0
32,555,724,1,0
32,556,808,1,0
32,557,666,1,0
32,558,643,1,0
32,559,588,1,0
32,560,627,1,0
32,561,835,1,0
32,562,603,1,0
32,563,673,1,0
32,564,610,1,0
32,565,600,1,0
32,566,641,1,0
32,567,629,1,0
32,568,666,1,0
32,569,637,1,0
32,570,632,1,0
32,571,711,1,0
32,572,698,1,0
32,573,961,1,0
32,574,630,1,0
32,575,650,1,0
32,576,678,1,0
32,577,680,1,0
32,578,668,1,0
32,579,605,1,0
32,580,769,1,0
32,581,1058,1,0
32,582,595,1,0
32,583,656,1,0
32,584,867,1,0
32,585,659,1,0
32,586,610,1,0
32,587,724,1,0
32,588,744,1,0
32,589,1035,1,0
32,590,706,1,0
32,591,970,1,0
32,592,818,1,0
32,593,836,1,0
32,594,903,1,0
32,595,896,1,0
32,596,968,1,0
32,597,1045,1,0
32,598,1008,1,0
32,599,849,1,0
33,0,1767,1,0
33,1,2227,1,0
33,2,677,1,0
33,3,937,1,0
33,4,829,1,0
33,5,910,1,0
33,6,1063,1,0
33,7,1186,1,0
33,8,1020,1,0
33,9,1146,1,0
33,10,1144,1,0
33,11,1005,1,0
33,12,1161,1,0
33,13,913,1,0
33,14,1021,1,0
33,15,1029,1,0
33,16,1006,1,0
33,17,929,1,0
33,18,917,1,0
33,19,765,1,0
33,20,904,1,0
33,21,757,1,0
33,22,800,1,0
33,23,764,1,0
33,24,1171,1,0
33,25,729,1,0
33,26,823,1,0
33,27,865,1,0
33,28,790,1,0
33,29,1005,1,0
33,30,845,1,0
33,31,693,1,0
33,32,1130,1,0
33,33,672,1,0
33,34,802,1,0
33,35,597,1,0
33,36,595,1,0
33,37,614,1,0
33,38,641,1,0
33,39,592,1,0
33,40,730,1,0
33,41,599,1,0
33,42,642,1,0
33,43,624,1,0
33,44,636,1,0
33,45,565,1,0
33,46,681,1,0
33,47,753,1,0
33,48,659,1,0
33,49,636,1,0
33,50,670,1,0
33,51,688,1,0
33,52,565,1,0
33,53,613,1,0
33,54,554,1,0
33,55,715,1,0
33,56,626,1,0
33,57,796,1,0
33,58,793,1,0
33,59,603,1,0
33,60,723,1,0
33,61,596,1,0
33,62,652,1,0
33,63,633,1,0
33,64,628,1,0
33,65,758,1,0
33,66,619,1,0
33,67,631,1,0
33,68,628,1,0
33,69,1899,1,0
33,70,1452,1,0
33,71,1471,1,0
33,72,1560,1,0
33,73,820,1,0
33,74,795,1,0
33,75,1090,1,0
33,76,1115,1,0
33,77,740,1,0
33,78,664,1,0
33,79,763,1,0
33,80,1090,1,0
33,81,632,1,0
33,82,639,1,0
33,83,629,1,0
33,84,607,1,0
33,85,717,1,0
33,86,678,1,0
33,87,821,1,0
33,88,730,1,0
33,89,716,1,0
33,90,706,1,0
33,91,720,1,0
33,92,691,1,0
33,93,710,1,0
33,94,682,1,0
33,95,644,1,0
33,96,664,1,0
33,97,631,1,0
33,98,715,1,0
33,99,668,1,0
33,100,952,1,0
33,101,680,1,0
33,102,734,1,0
33,103,682,1,0
33,104,1247,1,0
33,105,681,1,0
33,106,777,1,0
33,107,1064,1,0
33,108,752,1,0
33,109,980,1,0
33,110,1082,1,0
33,111,908,1,0
33,112,1036,1,0
33,113,818,1,0
33,114,791,1,0
33,115,789,1,0
33,116,859,1,0
33,117,938,1,0
33,118,637,1,0
33,119,760,1,0
33,120,886,1,0
33,121,1061,1,0
33,122,808,1,0
33,123,796,1,0
33,124,865,1,0
33,125,640,1,0
33,126,705,1,0
33,127,693,1,0
33,128,582,1,0
33,129,650,1,0
33,130,599,1,0
33,131,628,1,0
33,132,664,1,0
33,133,617,1,0
33,134,633,1,0
33,135,611,1,0
33,136,803,1,0
33,137,603,1,0
33,138,619,1,0
33,139,617,1,0
33,140,672,1,0
33,141,646,1,0
33,142,602,1,0
33,143,671,1,0
33,144,653,1,0
33,145,697,1,0
33,146,643,1,0
33,147,632,1,0
33,148,859,1,0
33,149,736,1,0
33,150,781,1,0
33,151,634,1,0
33,152,666,1,0
33,153,600,1,0
33,154,733,1,0
33,155,574,1,0
33,156,739,1,0
33,157,836,1,0
33,158,674,1,0
33,159,619,1,0
33,160,883,1,0
33,161,649,1,0
33,162,918,1,0
33,163,651,1,0
33,164,616,1,0
33,165,629,1,0
33,166,881,1,0
33,167,700,1,0
33,168,740,1,0
33,169,706,1,0
33,170,598,1,0
33,171,856,1,0
33,172,652,1,0
33,173,987,1,0
33,174,615,1,0
33,175,731,1,0
33,176,619,1,0
33,177,944,1,0
33,178,1294,1,0
33,179,1001,1,0
33,180,770,1,0
33,181,693,1,0
33,182,1105,1,0
33,183,954,1,0
33,184,1042,1,0
33,185,770,1,0
33,186,1097,1,0
33,187,1170,1,0
33,188,1173,1,0
33,189,831,1,0
33,190,1050,1,0
33,191,807,1,0
33,192,959,1,0
33,193,957,1,0
33,194,844,1,0
33,195,1039,1,0
33,196,877,1,0
33,197,951,1,0
33,198,796,1,0
33,199,932,1,0
33,200,922,1,0
33,201,902,1,0
33,202,831,1,0
33,203,811,1,0
33,204,730,1,0
33,205,754,1,0
33,206,861,1,0
33,207,673,1,0
33,208,625,1,0
33,209,934,1,0
33,210,638,1,0
33,211,590,1,0
33,212,665,1,0
33,213,645,1,0
33,214,619,1,0
33,215,578,1,0
33,216,604,1,0
33,217,591,1,0
33,218,639,1,0
33,219,700,1,0
33,220,564,1,0
33,221,577,1,0
33,222,614,1,0
33,223,587,1,0
33,224,603,1,0
33,225,678,1,0
33,226,606,1,0
33,227,614,1,0
33,228,670,1,0
33,229,678,1,0
33,230,665,1,0
33,231,671,1,0
33,232,662,1,0
33,233,609,1,0
33,234,552,1,0
33,235,582,1,0
33,236,609,1,0
33,237,605,1,0
33,238,641,1,0
33,239,698,1,0
33,240,644,1,0
33,241,690,1,0
33,242,662,1,0
33,243,617,1,0
33,244,596,1,0
33,245,616,1,0
33,246,563,1,0
33,247,581,1,0
33,248,640,1,0
33,249,620,1,0
33,250,689,1,0
33,251,549,1,0
33,252,639,1,0
33,253,608,1,0
33,254,713,1,0
33,255,696,1,0
33,256,1134,1,0
33,257,625,1,0
33,258,724,1,0
33,259,620,1,0
33,260,638,1,0
33,261,752,1,0
33,262,643,1,0
33,263,707,1,0
33,264,788,1,0
33,265,805,1,0
33,266,742,1,0
33,267,720,1,0
33,268,656,1,0
33,269,670,1,0
33,270,642,1,0
33,271,701,1,0
33,272,651,1,0
33,273,688,1,0
33,274,661,1,0
33,275,653,1,0
33,276,621,1,0
33,277,669,1,0
33,278,701,1,0
33,279,669,1,0
33,280,718,1,0
33,281,614,1,0
33,282,632,1,0
33,283,660,1,0
33,284,838,1,0
33,285,686,1,0
33,286,670,1,0
33,287,692,1,0
33,288,782,1,0
33,289,641,1,0
33,290,907,1,0
33,291,701,1,0
33,292,703,1,0
33,293,729,1,0
33,294,739,1,0
33,295,808,1,0
33,296,1176,1,0
33,297,751,1,0
33,298,1382,1,0
33,299,847,1,0
33,300,634,1,0
33,301,617,1,0
33,302,593,1,0
33,303,743,1,0
33,304,579,1,0
33,305,647,1,0
33,306,512,1,0
33,307,638,1,0
33,308,752,1,0
33,309,875,1,0
33,310,854,1,0
33,311,962,1,0
33,312,828,1,0
33,313,639,1,0
33,314,762,1,0
33,315,878,1,0
33,316,629,1,0
33,317,584,1,0
33,318,754,1,0
33,319,616,1,0
33,320,714,1,0
33,321,637,1,0
33,322,839,1,0
33,323,1297,1,0
33,324,619,1,0
33,325,622,1,0
33,326,646,1,0
33,327,749,1,0
33,328,727,1,0
33,329,614,1,0
33,330,586,1,0
33,331,646,1,0
33,332,654,1,0
33,333,659,1,0
33,334,638,1,0
33,335,618,1,0
33,336,701,1,0
33,337,649,1,0
33,338,729,1,0
33,339,651,1,0
33,340,728,1,0
33,341,642,1,0
33,342,694,1,0
33,343,572,1,0
33,344,623,1,0
33,345,606,1,0
33,346,675,1,0
33,347,593,1,0
33,348,717,1,0
33,349,605,1,0
33,350,601,1,0
33,351,656,1,0
33,352,622,1,0
33,353,617,1,0
33,354,658,1,0
33,355,728,1,0
33,356,628,1,0
33,357,839,1,0
33,358,764,1,0
33,359,894,1,0
33,360,749,1,0
33,361,628,1,0
33,362,682,1,0
33,363,658,1,0
33,364,701,1,0
33,365,671,1,0
33,366,685,1,0
33,367,696,1,0
33,368,855,1,0
33,369,693,1,0
33,370,855,1,0
33,371,788,1,0
33,372,1314,1,0
33,373,732,1,0
33,374,866,1,0
33,375,978,1,0
33,376,1312,1,0
33,377,916,1,0
33,378,1034,1,0
33,379,1049,1,0
33,380,781,1,0
33,381,847,1,0
33,382,772,1,0
33,383,641,1,0
33,384,675,1,0
33,385,768,1,0
33,386,860,1,0
33,387,1236,1,0
33,388,931,1,0
33,389,804,1,0
33,390,727,1,0
33,391,947,1,0
33,392,700,1,0
33,393,572,1,0
33,394,616,1,0
33,395,675,1,0
33,396,649,1,0
33,397,637,1,0
33,398,725,1,0
33,399,576,1,0
33,400,842,1,0
33,401,632,1,0
33,402,623,1,0
33,403,601,1,0
33,404,566,1,0
33,405,696,1,0
33,406,634,1,0
33,407,708,1,0
33,408,645,1,0
33,409,668,1,0
33,410,735,1,0
33,411,664,1,0
33,412,719,1,0
33,413,653,1,0
33,414,617,1,0
33,415,597,1,0
33,416,604,1,0
33,417,614,1,0
33,418,724,1,0
33,419,671,1,0
33,420,655,1,0
33,421,652,1,0
33,422,640,1,0
33,423,607,1,0
33,424,615,1,0
33,425,634,1,0
33,426,609,1,0
33,427,729,1,0
33,428,599,1,0
33,429,606,1,0
33,430,665,1,0
33,431,677,1,0
33,432,685,1,0
33,433,633,1,0
33,434,643,1,0
33,435,684,1,0
33,436,767,1,0
33,437,645,1,0
33,438,615,1,0
33,439,718,1,0
33,440,682,1,0
33,441,691,1,0
33,442,729,1,0
33,443,656,1,0
33,444,737,1,0
33,445,570,1,0
33,446,740,1,0
33,447,703,1,0
33,448,831,1,0
33,449,646,1,0
33,450,909,1,0
33,451,631,1,0
33,452,610,1,0
33,453,738,1,0
33,454,638,1,0
33,455,681,1,0
33,456,646,1,0
33,457,648,1,0
33,458,845,1,0
33,459,686,1,0
33,460,866,1,0
33,461,669,1,0
33,462,704,1,0
33,463,874,1,0
33,464,624,1,0
33,465,1267,1,0
33,466,752,1,0
33,467,1732,1,0
33,468,1082,1,0
33,469,1362,1,0
33,470,1055,1,0
33,471,1017,1,0
33,472,835,1,0
33,473,844,1,0
33,474,1118,1,0
33,475,882,1,0
33,476,850,1,0
33,477,646,1,0
33,478,1153,1,0
33,479,792,1,0
33,480,856,1,0
33,481,791,1,0
33,482,695,1,0
33,483,831,1,0
33,484,778,1,0
33,485,820,1,0
33,486,904,1,0
33,487,1201,1,0
33,488,998,1,0
33,489,867,1,0
33,490,888,1,0
33,491,864,1,0
33,492,940,1,0
33,493,672,1,0
33,494,733,1,0
33,495,547,1,0
33,496,668,1,0
33,497,584,1,0
33,498,554,1,0
33,499,613,1,0
33,500,606,1,0
33,501,713,1,0
33,502,1247,1,0
33,503,688,1,0
33,504,711,1,0
33,505,570,1,0
33,506,631,1,0
33,507,669,1,0
33,508,606,1,0
33,509,603,1,0
33,510,627,1,0
33,511,592,1,0
33,512,573,1,0
33,513,595,1,0
33,514,592,1,0
33,515,664,1,0
33,516,650,1,0
33,517,568,1,0
33,518,591,1,0
33,519,697,1,0
33,520,607,1,0
33,521,693,1,0
33,522,661,1,0
33,523,675,1,0
33,524,608,1,0
33,525,736,1,0
33,526,649,1,0
33,527,821,1,0
33,528,630,1,0
33,529,596,1,0
33,530,674,1,0
33,531,673,1,0
33,532,660,1,0
33,533,660,1,0
33,534,636,1,0
33,535,723,1,0
33,536,577,1,0
33,537,638,1,0
33,538,697,1,0
33,539,664,1,0
33,540,649,1,0
33,541,667,1,0
33,542,678,1,0
33,543,637,1,0
33,544,568,1,0
33,545,690,1,0
33,546,721,1,0
33,547,660,1,0
33,548,652,1,0
33,549,1016,1,0
33,550,795,1,0
33,551,972,1,0
33,552,871,1,0
33,553,747,1,0
33,554,966,1,0
33,555,735,1,0
33,556,1185,1,0
33,557,788,1,0
33,558,924,1,0
33,559,755,1,0
33,560,1010,1,0
33,561,864,1,0
33,562,969,1,0
33,563,850,1,0
33,564,1104,1,0
33,565,909,1,0
33,566,901,1,0
33,567,897,1,0
33,568,977,1,0
33,569,1019,1,0
33,570,1210,1,0
33,571,1193,1,0
33,572,1184,1,0
33,573,837,1,0
33,574,1234,1,0
33,575,924,1,0
33,576,1049,1,0
33,577,909,1,0
33,578,703,1,0
33,579,721,1,0
33,580,787,1,0
33,581,930,1,0
33,582,810,1,0
33,583,704,1,0
33,584,776,1,0
33,585,638,1,0
33,586,642,1,0
33,587,627,1,0
33,588,834,1,0
33,589,616,1,0
33,590,833,1,0
33,591,839,1,0
33,592,593,1,0
33,593,611,1,0
33,594,599,1,0
33,595,624,1,0
33,596,671,1,0
33,597,650,1,0
33,598,646,1,0
33,599,569,1,0
34,0,2093,1,0
34,1,1498,1,0
34,2,724,1,0
34,3,818,1,0
34,4,1113,1,0
34,5,677,1,0
34,6,756,1,0
34,7,975,1,0
34,8,871,1,0
34,9,1164,1,0
34,10,765,1,0
34,11,690,1,0
34,12,688,1,0
34,13,660,1,0
34,14,677,1,0
34,15,600,1,0
34,16,636,1,0
34,17,613,1,0
34,18,583,1,0
34,19,637,1,0
34,20,593,1,0
34,21,1125,1,0
34,22,633,1,0
34,23,619,1,0
34,24,1223,1,0
34,25,643,1,0
34,26,626,1,0
34,27,714,1,0
34,28,626,1,0
34,29,696,1,0
34,30,1377,1,0
34,31,940,1,0
34,32,765,1,0
34,33,641,1,0
34,34,646,1,0
34,35,657,1,0
34,36,628,1,0
34,37,594,1,0
34,38,600,1,0
34,39,580,1,0
34,40,676,1,0
34,41,616,1,0
34,42,854,1,0
34,43,669,1,0
34,44,637,1,0
34,45,652,1,0
34,46,751,1,0
34,47,640,1,0
34,48,632,1,0
34,49,679,1,0
34,50,945,1,0
34,51,621,1,0
34,52,658,1,0
34,53,653,1,0
34,54,673,1,0
34,55,819,1,0
34,56,710,1,0
34,57,1173,1,0
34,58,888,1,0
34,59,698,1,0
34,60,847,1,0
34,61,779,1,0
34,62,705,1,0
34,63,716,1,0
34,64,1227,1,0
34,65,810,1,0
34,66,701,1,0
34,67,854,1,0
34,68,753,1,0
34,69,1156,1,0
34,70,1117,1,0
34,71,994,1,0
34,72,684,1,0
34,73,918,1,0
34,74,908,1,0
34,75,1013,1,0
34,76,1432,1,0
34,77,1057,1,0
34,78,762,1,0
34,79,964,1,0
34,80,768,1,0
34,81,732,1,0
34,82,943,1,0
34,83,968,1,0
34,84,733,1,0
34,85,630,1,0
34,86,668,1,0
34,87,640,1,0
34,88,757,1,0
34,89,621,1,0
34,90,578,1,0
34,91,616,1,0
34,92,758,1,0
34,93,701,1,0
34,94,602,1,0
34,95,622,1,0
34,96,655,1,0
34,97,620,1,0
34,98,558,1,0
34,99,560,1,0
34,100,1026,1,0
34,101,650,1,0
34,102,664,1,0
34,103,595,1,0
34,104,575,1,0
34,105,582,1,0
34,106,671,1,0
34,107,668,1,0
34,108,634,1,0
34,109,575,1,0
34,110,783,1,0
34,111,626,1,0
34,112,720,1,0
34,113,993,1,0
34,114,675,1,0
34,115,842,1,0
34,116,648,1,0
34,117,1330,1,0
34,118,579,1,0
34,119,783,1,0
34,120,659,1,0
34,121,577,1,0
34,122,644,1,0
34,123,830,1,0
34,124,775,1,0
34,125,571,1,0
34,126,694,1,0
34,127,894,1,0
34,128,1157,1,0
34,129,692,1,0
34,130,718,1,0
34,131,727,1,0
34,132,910,1,0
34,133,787,1,0
34,134,739,1,0
34,135,1403,1,0
34,136,1182,1,0
34,137,762,1,0
34,138,687,1,0
34,139,904,1,0
34,140,704,1,0
34,141,947,1,0
34,142,1116,1,0
34,143,839,1,0
34,144,975,1,0
34,145,881,1,0
34,146,1145,1,0
34,147,1154,1,0
34,148,1046,1,0
34,149,785,1,0
34,150,1121,1,0
34,151,772,1,0
34,152,1117,1,0
34,153,845,1,0
34,154,1117,1,0
34,155,1140,1,0
34,156,824,1,0
34,157,916,1,0
34,158,833,1,0
34,159,738,1,0
34,160,869,1,0
34,161,1200,1,0
34,162,926,1,0
34,163,822,1,0
34,164,789,1,0
34,165,714,1,0
34,166,1143,1,0
34,167,671,1,0
34,168,780,1,0
34,169,855,1,0
34,170,677,1,0
34,171,825,1,0
34,172,789,1,0
34,173,955,1,0
34,174,610,1,0
34,175,625,1,0
34,176,603,1,0
34,177,955,1,0
34,178,635,1,0
34,179,624,1,0
34,180,615,1,0
34,181,936,1,0
34,182,891,1,0
34,183,631,1,0
34,184,612,1,0
34,185,679,1,0
34,186,586,1,0
34,187,793,1,0
34,188,675,1,0
34,189,872,1,0
34,190,674,1,0
34,191,613,1,0
34,192,702,1,0
34,193,1047,1,0
34,194,658,1,0
34,195,873,1,0
34,196,657,1,0
34,197,601,1,0
34,198,605,1,0
34,199,1152,1,0
34,200,639,1,0
34,201,746,1,0
34,202,653,1,0
34,203,605,1,0
34,204,613,1,0
34,205,769,1,0
34,206,588,1,0
34,207,710,1,0
34,208,650,1,0
34,209,972,1,0
34,210,689,1,0
34,211,634,1,0
34,212,740,1,0
34,213,669,1,0
34,214,704,1,0
34,215,588,1,0
34,216,630,1,0
34,217,632,1,0
34,218,653,1,0
34,219,915,1,0
34,220,603,1,0
34,221,641,1,0
34,222,654,1,0
34,223,714,1,0
34,224,678,1,0
34,225,748,1,0
34,226,684,1,0
34,227,730,1,0
34,228,625,1,0
34,229,639,1,0
34,230,646,1,0
34,231,593,1,0
34,232,635,1,0
34,233,724,1,0
34,234,644,1,0
34,235,803,1,0
34,236,695,1,0
34,237,630,1,0
34,238,862,1,0
34,239,763,1,0
34,240,798,1,0
34,241,673,1,0
34,242,875,1,0
34,243,834,1,0
34,244,652,1,0
34,245,680,1,0
34,246,654,1,0
34,247,778,1,0
34,248,636,1,0
34,249,722,1,0
34,250,737,1,0
34,251,756,1,0
34,252,856,1,0
34,253,694,1,0
34,254,690,1,0
34,255,689,1,0
34,256,981,1,0
34,257,716,1,0
34,258,741,1,0
34,259,981,1,0
34,260,984,1,0
34,261,639,1,0
34,262,719,1,0
34,263,637,1,0
34,264,722,1,0
34,265,629,1,0
34,266,634,1,0
34,267,593,1,0
34,268,727,1,0
34,269,889,1,0
34,270,751,1,0
34,271,579,1,0
34,272,570,1,0
34,273,613,1,0
34,274,625,1,0
34,275,662,1,0
34,276,686,1,0
34,277,711,1,0
34,278,683,1,0
34,279,618,1,0
34,280,638,1,0
34,281,632,1,0
34,282,609,1,0
34,283,628,1,0
34,284,711,1,0
34,285,703,1,0
34,286,629,1,0
34,287,668,1,0
34,288,659,1,0
34,289,631,1,0
34,290,607,1,0
34,291,666,1,0
34,292,625,1,0
34,293,633,1,0
34,294,651,1,0
34,295,681,1,0
34,296,684,1,0
34,297,698,1,0
34,298,1074,1,0
34,299,945,1,0
34,300,685,1,0
34,301,602,1,0
34,302,556,1,0
34,303,664,1,0
34,304,643,1,0
34,305,721,1,0
34,306,698,1,0
34,307,613,1,0
34,308,988,1,0
34,309,608,1,0
34,310,621,1,0
34,311,613,1,0
34,312,691,1,0
34,313,572,1,0
34,314,645,1,0
34,315,601,1,0
34,316,677,1,0
34,317,641,1,0
34,318,645,1,0
34,319,652,1,0
34,320,767,1,0
34,321,735,1,0
34,322,711,1,0
34,323,970,1,0
34,324,573,1,0
34,325,684,1,0
34,326,692,1,0
34,327,645,1,0
34,328,919,1,0
34,329,653,1,0
34,330,680,1,0
34,331,660,1,0
34,332,658,1,0
34,333,728,1,0
34,334,698,1,0
34,335,783,1,0
34,336,1097,1,0
34,337,964,1,0
34,338,1170,1,0
34,339,717,1,0
34,340,1047,1,0
34,341,838,1,0
34,342,909,1,0
34,343,700,1,0
34,344,843,1,0
34,345,765,1,0
34,346,759,1,0
34,347,702,1,0
34,348,839,1,0
34,349,774,1,0
34,350,721,1,0
34,351,734,1,0
34,352,851,1,0
34,353,640,1,0
34,354,632,1,0
34,355,594,1,0
34,356,601,1,0
34,357,621,1,0
34,358,685,1,0
34,359,591,1,0
34,360,940,1,0
34,361,616,1,0
34,362,650,1,0
34,363,574,1,0
34,364,648,1,0
34,365,604,1,0
34,366,598,1,0
34,367,599,1,0
34,368,705,1,0
34,369,551,1,0
34,370,620,1,0
34,371,602,1,0
34,372,623,1,0
34,373,638,1,0
34,374,692,1,0
34,375,729,1,0
34,376,639,1,0
34,377,622,1,0
34,378,625,1,0
34,379,646,1,0
34,380,699,1,0
34,381,616,1,0
34,382,715,1,0
34,383,528,1,0
34,384,645,1,0
34,385,651,1,0
34,386,787,1,0
34,387,630,1,0
34,388,710,1,0
34,389,619,1,0
34,390,613,1,0
34,391,814,1,0
34,392,582,1,0
34,393,603,1,0
34,394,633,1,0
34,395,593,1,0
34,396,592,1,0
34,397,666,1,0
34,398,679,1,0
34,399,640,1,0
34,400,756,1,0
34,401,676,1,0
34,402,678,1,0
34,403,582,1,0
34,404,660,1,0
34,405,621,1,0
34,406,638,1,0
34,407,819,1,0
34,408,657,1,0
34,409,674,1,0
34,410,1010,1,0
34,411,937,1,0
34,412,1050,1,0
34,413,614,1,0
34,414,653,1,0
34,415,682,1,0
34,416,662,1,0
34,417,573,1,0
34,418,999,1,0
34,419,1007,1,0
34,420,1043,1,0
34,421,835,1,0
34,422,892,1,0
34,423,731,1,0
34,424,789,1,0
34,425,1039,1,0
34,426,879,1,0
34,427,954,1,0
34,428,914,1,0
34,429,1199,1,0
34,430,1023,1,0
34,431,832,1,0
34,432,1125,1,0
34,433,861,1,0
34,434,717,1,0
34,435,715,1,0
34,436,826,1,0
34,437,845,1,0
34,438,991,1,0
34,439,761,1,0
34,440,800,1,0
34,441,864,1,0
34,442,974,1,0
34,443,791,1,0
34,444,745,1,0
34,445,734,1,0
34,446,700,1,0
34,447,683,1,0
34,448,898,1,0
34,449,860,1,0
34,450,760,1,0
34,451,635,1,0
34,452,618,1,0
34,453,671,1,0
34,454,627,1,0
34,455,680,1,0
34,456,670,1,0
34,457,654,1,0
34,458,768,1,0
34,459,627,1,0
34,460,663,1,0
34,461,646,1,0
34,462,629,1,0
34,463,641,1,0
34,464,605,1,0
34,465,628,1,0
34,466,601,1,0
34,467,664,1,0
34,468,628,1,0
34,469,665,1,0
34,470,616,1,0
34,471,724,1,0
34,472,650,1,0
34,473,659,1,0
34,474,648,1,0
34,475,636,1,0
34,476,616,1,0
34,477,583,1,0
34,478,735,1,0
34,479,638,1,0
34,480,706,1,0
34,481,607,1,0
34,482,663,1,0
34,483,730,1,0
34,484,602,1,0
34,485,693,1,0
34,486,890,1,0
34,487,747,1,0
34,488,811,1,0
34,489,769,1,0
34,490,640,1,0
34,491,648,1,0
34,492,757,1,0
34,493,599,1,0
34,494,659,1,0
34,495,579,1,0
34,496,651,1,0
34,497,657,1,0
34,498,637,1,0
34,499,552,1,0
34,500,665,1,0
34,501,717,1,0
34,502,987,1,0
34,503,640,1,0
34,504,622,1,0
34,505,690,1,0
34,506,581,1,0
34,507,568,1,0
34,508,607,1,0
34,509,650,1,0
34,510,702,1,0
34,511,698,1,0
34,512,659,1,0
34,513,586,1,0
34,514,578,1,0
34,515,642,1,0
34,516,610,1,0
34,517,713,1,0
34,518,628,1,0
34,519,599,1,0
34,520,641,1,0
34,521,879,1,0
34,522,822,1,0
34,523,826,1,0
34,524,957,1,0
34,525,1011,1,0
34,526,948,1,0
34,527,1108,1,0
34,528,1256,1,0
34,529,706,1,0
34,530,781,1,0
34,531,782,1,0
34,532,679,1,0
34,533,976,1,0
34,534,886,1,0
34,535,865,1,0
34,536,736,1,0
34,537,1019,1,0
34,538,844,1,0
34,539,846,1,0
34,540,818,1,0
34,541,845,1,0
34,542,673,1,0
34,543,634,1,0
34,544,675,1,0
34,545,613,1,0
34,546,549,1,0
34,547,886,1,0
34,548,606,1,0
34,549,663,1,0
34,550,644,1,0
34,551,676,1,0
34,552,678,1,0
34,553,580,1,0
34,554,748,1,0
34,555,647,1,0
34,556,754,1,0
34,557,566,1,0
34,558,625,1,0
34,559,647,1,0
34,560,629,1,0
34,561,636,1,0
34,562,610,1,0
34,563,655,1,0
34,564,656,1,0
34,565,617,1,0
34,566,742,1,0
34,567,647,1,0
34,568,612,1,0
34,569,745,1,0
34,570,655,1,0
34,571,666,1,0
34,572,602,1,0
34,573,662,1,0
34,574,590,1,0
34,575,595,1,0
34,576,632,1,0
34,577,742,1,0
34,578,623,1,0
34,579,641,1,0
34,580,667,1,0
34,581,933,1,0
34,582,658,1,0
34,583,619,1,0
34,584,623,1,0
34,585,602,1,0
34,586,563,1,0
34,587,698,1,0
34,588,733,1,0
34,589,687,1,0
34,590,686,1,0
34,591,831,1,0
34,592,785,1,0
34,593,697,1,0
34,594,658,1,0
34,595,686,1,0
34,596,691,1,0
34,597,591,1,0
34,598,737,1,0
34,599,846,1,0
35,0,1845,1,0
35,1,682,1,0
35,2,733,1,0
35,3,719,1,0
35,4,685,1,0
35,5,646,1,0
35,6,1229,1,0
35,7,1766,1,0
35,8,699,1,0
35,9,2424,1,0
35,10,744,1,0
35,11,756,1,0
35,12,757,1,0
35,13,765,1,0
35,14,710,1,0
35,15,904,1,0
35,16,965,1,0
35,17,663,1,0
35,18,750,1,0
35,19,716,1,0
35,20,715,1,0
35,21,1457,1,0
35,22,1125,1,0
35,23,1099,1,0
35,24,1339,1,0
35,25,747,1,0
35,26,877,1,0
35,27,1004,1,0
35,28,848,1,0
35,29,949,1,0
35,30,874,1,0
35,31,781,1,0
35,32,812,1,0
35,33,688,1,0
35,34,729,1,0
35,35,681,1,0
35,36,833,1,0
35,37,952,1,0
35,38,807,1,0
35,39,947,1,0
35,40,924,1,0
35,41,671,1,0
35,42,756,1,0
35,43,672,1,0
35,44,754,1,0
35,45,643,1,0
35,46,644,1,0
35,47,770,1,0
35,48,713,1,0
35,49,596,1,0
35,50,1342,1,0
35,51,682,1,0
35,52,604,1,0
35,53,583,1,0
35,54,717,1,0
35,55,704,1,0
35,56,827,1,0
35,57,775,1,0
35,58,790,1,0
35,59,640,1,0
35,60,732,1,0
35,61,665,1,0
35,62,631,1,0
35,63,677,1,0
35,64,634,1,0
35,65,638,1,0
35,66,865,1,0
35,67,683,1,0
35,68,608,1,0
35,69,1492,1,0
35,70,1017,1,0
35,71,1444,1,0
35,72,1002,1,0
35,73,1153,1,0
35,74,1536,1,0
35,75,1448,1,0
35,76,1171,1,0
35,77,959,1,0
35,78,1046,1,0
35,79,832,1,0
35,80,843,1,0
35,81,678,1,0
35,82,612,1,0
35,83,678,1,0
35,84,601,1,0
35,85,684,1,0
35,86,633,1,0
35,87,671,1,0
35,88,670,1,0
35,89,629,1,0
35,90,573,1,0
35,91,678,1,0
35,92,656,1,0
35,93,656,1,0
35,94,652,1,0
35,95,599,1,0
35,96,616,1,0
35,97,639,1,0
35,98,674,1,0
35,99,695,1,0
35,100,932,1,0
35,101,669,1,0
35,102,714,1,0
35,103,989,1,0
35,104,1178,1,0
35,105,897,1,0
35,106,891,1,0
35,107,1214,1,0
35,108,1010,1,0
35,109,904,1,0
35,110,884,1,0
35,111,823,1,0
35,112,913,1,0
35,113,1044,1,0
35,114,771,1,0
35,115,920,1,0
35,116,911,1,0
35,117,991,1,0
35,118,879,1,0
35,119,746,1,0
35,120,775,1,0
35,121,838,1,0
35,122,917,1,0
35,123,842,1,0
35,124,781,1,0
35,125,882,1,0
35,126,1242,1,0
35,127,788,1,0
35,128,703,1,0
35,129,734,1,0
35,130,682,1,0
35,131,680,1,0
35,132,657,1,0
35,133,655,1,0
35,134,610,1,0
35,135,634,1,0
35,136,765,1,0
35,137,918,1,0
35,138,658,1,0
35,139,723,1,0
35,140,615,1,0
35,141,821,1,0
35,142,889,1,0
35,143,729,1,0
35,144,692,1,0
35,145,700,1,0
35,146,597,1,0
35,147,647,1,0
35,148,769,1,0
35,149,682,1,0
35,150,643,1,0
35,151,635,1,0
35,152,636,1,0
35,153,630,1,0
35,154,623,1,0
35,155,643,1,0
35,156,624,1,0
35,157,649,1,0
35,158,843,1,0
35,159,690,1,0
35,160,739,1,0
35,161,628,1,0
35,162,759,1,0
35,163,622,1,0
35,164,631,1,0
35,165,714,1,0
35,166,1203,1,0
35,167,718,1,0
35,168,608,1,0
35,169,638,1,0
35,170,625,1,0
35,171,659,1,0
35,172,620,1,0
35,173,873,1,0
35,174,704,1,0
35,175,613,1,0
35,176,682,1,0
35,177,928,1,0
35,178,794,1,0
35,179,740,1,0
35,180,688,1,0
35,181,674,1,0
35,182,641,1,0
35,183,958,1,0
35,184,720,1,0
35,185,725,1,0
35,186,850,1,0
35,187,1426,1,0
35,188,1110,1,0
35,189,1060,1,0
35,190,864,1,0
35,191,954,1,0
35,192,1014,1,0
35,193,1086,1,0
35,194,989,1,0
35,195,1189,1,0
35,196,1110,1,0
35,197,760,1,0
35,198,630,1,0
35,199,1052,1,0
35,200,611,1,0
35,201,742,1,0
35,202,911,1,0
35,203,758,1,0
35,204,778,1,0
35,205,854,1,0
35,206,725,1,0
35,207,716,1,0
35,208,731,1,0
35,209,1309,1,0
35,210,871,1,0
35,211,761,1,0
35,212,776,1,0
35,213,828,1,0
35,214,969,1,0
35,215,868,1,0
35,216,1004,1,0
35,217,985,1,0
35,218,711,1,0
35,219,954,1,0
35,220,836,1,0
35,221,930,1,0
35,222,870,1,0
35,223,694,1,0
35,224,641,1,0
35,225,781,1,0
35,226,686,1,0
35,227,660,1,0
35,228,633,1,0
35,229,632,1,0
35,230,622,1,0
35,231,638,1,0
35,232,628,1,0
35,233,669,1,0
35,234,677,1,0
35,235,640,1,0
35,236,632,1,0
35,237,673,1,0
35,238,635,1,0
35,239,680,1,0
35,240,699,1,0
35,241,637,1,0
35,242,571,1,0
35,243,686,1,0
35,244,603,1,0
35,245,604,1,0
35,246,688,1,0
35,247,568,1,0
35,248,641,1,0
35,249,589,1,0
35,250,636,1,0
35,251,622,1,0
35,252,707,1,0
35,253,663,1,0
35,254,735,1,0
35,255,634,1,0
35,256,704,1,0
35,257,624,1,0
35,258,628,1,0
35,259,1046,1,0
35,260,801,1,0
35,261,663,1,0
35,262,621,1,0
35,263,876,1,0
35,264,1009,1,0
35,265,1165,1,0
35,266,749,1,0
35,267,688,1,0
35,268,647,1,0
35,269,719,1,0
35,270,923,1,0
35,271,663,1,0
35,272,645,1,0
35,273,708,1,0
35,274,628,1,0
35,275,679,1,0
35,276,649,1,0
35,277,594,1,0
35,278,662,1,0
35,279,810,1,0
35,280,759,1,0
35,281,680,1,0
35,282,669,1,0
35,283,663,1,0
35,284,775,1,0
35,285,663,1,0
35,286,639,1,0
35,287,685,1,0
35,288,840,1,0
35,289,766,1,0
35,290,684,1,0
35,291,655,1,0
35,292,659,1,0
35,293,862,1,0
35,294,629,1,0
35,295,767,1,0
35,296,680,1,0
35,297,1238,1,0
35,298,1240,1,0
35,299,981,1,0
35,300,681,1,0
35,301,725,1,0
35,302,1239,1,0
35,303,809,1,0
35,304,845,1,0
35,305,843,1,0
35,306,717,1,0
35,307,708,1,0
35,308,985,1,0
35,309,746,1,0
35,310,933,1,0
35,311,703,1,0
35,312,684,1,0
35,313,631,1,0
35,314,592,1,0
35,315,622,1,0
35,316,582,1,0
35,317,607,1,0
35,318,1186,1,0
35,319,849,1,0
35,320,1215,1,0
35,321,796,1,0
35,322,829,1,0
35,323,1227,1,0
35,324,688,1,0
35,325,658,1,0
35,326,626,1,0
35,327,767,1,0
35,328,652,1,0
35,329,633,1,0
35,330,623,1,0
35,331,704,1,0
35,332,668,1,0
35,333,664,1,0
35,334,577,1,0
35,335,775,1,0
35,336,650,1,0
35,337,664,1,0
35,338,739,1,0
35,339,654,1,0
35,340,763,1,0
35,341,647,1,0
35,342,646,1,0
35,343,564,1,0
35,344,684,1,0
35,345,608,1,0
35,346,667,1,0
35,347,642,1,0
35,348,670,1,0
35,349,671,1,0
35,350,650,1,0
35,351,700,1,0
35,352,589,1,0
35,353,975,1,0
35,354,698,1,0
35,355,683,1,0
35,356,650,1,0
35,357,1073,1,0
35,358,605,1,0
35,359,647,1,0
35,360,672,1,0
35,361,625,1,0
35,362,632,1,0
35,363,661,1,0
35,364,655,1,0
35,365,733,1,0
35,366,578,1,0
35,367,738,1,0
35,368,1213,1,0
35,369,902,1,0
35,370,684,1,0
35,371,1094,1,0
35,372,985,1,0
35,373,959,1,0
35,374,1147,1,0
35,375,761,1,0
35,376,1350,1,0
35,377,700,1,0
35,378,1225,1,0
35,379,1053,1,0
35,380,704,1,0
35,381,637,1,0
35,382,730,1,0
35,383,664,1,0
35,384,935,1,0
35,385,950,1,0
35,386,832,1,0
35,387,1023,1,0
35,388,1100,1,0
35,389,688,1,0
35,390,777,1,0
35,391,1252,1,0
35,392,705,1,0
35,393,727,1,0
35,394,730,1,0
35,395,753,1,0
35,396,835,1,0
35,397,787,1,0
35,398,928,1,0
35,399,817,1,0
35,400,1190,1,0
35,401,725,1,0
35,402,695,1,0
35,403,656,1,0
35,404,666,1,0
35,405,681,1,0
35,406,979,1,0
35,407,747,1,0
35,408,731,1,0
35,409,574,1,0
35,410,1087,1,0
35,411,613,1,0
35,412,730,1,0
35,413,637,1,0
35,414,633,1,0
35,415,722,1,0
35,416,755,1,0
35,417,668,1,0
35,418,754,1,0
35,419,639,1,0
35,420,575,1,0
35,421,648,1,0
35,422,694,1,0
35,423,732,1,0
35,424,667,1,0
35,425,597,1,0
35,426,667,1,0
35,427,632,1,0
35,428,680,1,0
35,429,570,1,0
35,430,653,1,0
35,431,854,1,0
35,432,657,1,0
35,433,727,1,0
35,434,619,1,0
35,435,605,1,0
35,436,598,1,0
35,437,657,1,0
35,438,886,1,0
35,439,620,1,0
35,440,635,1,0
35,441,640,1,0
35,442,758,1,0
35,443,677,1,0
35,444,653,1,0
35,445,669,1,0
35,446,627,1,0
35,447,618,1,0
35,448,692,1,0
35,449,700,1,0
35,450,836,1,0
35,451,720,1,0
35,452,580,1,0
35,453,713,1,0
35,454,663,1,0
35,455,664,1,0
35,456,685,1,0
35,457,671,1,0
35,458,819,1,0
35,459,778,1,0
35,460,693,1,0
35,461,802,1,0
35,462,646,1,0
35,463,735,1,0
35,464,757,1,0
35,465,654,1,0
35,466,690,1,0
35,467,666,1,0
35,468,622,1,0
35,469,664,1,0
35,470,644,1,0
35,471,726,1,0
35,472,684,1,0
35,473,759,1,0
35,474,994,1,0
35,475,1039,1,0
35,476,709,1,0
35,477,878,1,0
35,478,1478,1,0
35,479,1321,1,0
35,480,946,1,0
35,481,1218,1,0
35,482,1021,1,0
35,483,811,1,0
35,484,800,1,0
35,485,758,1,0
35,486,1215,1,0
35,487,1005,1,0
35,488,1264,1,0
35,489,1005,1,0
35,490,782,1,0
35,491,834,1,0
35,492,806,1,0
35,493,924,1,0
35,494,893,1,0
35,495,730,1,0
35,496,953,1,0
35,497,644,1,0
35,498,838,1,0
35,499,649,1,0
35,500,657,1,0
35,501,943,1,0
35,502,1284,1,0
35,503,667,1,0
35,504,613,1,0
35,505,600,1,0
35,506,637,1,0
35,507,563,1,0
35,508,630,1,0
35,509,535,1,0
35,510,574,1,0
35,511,586,1,0
35,512,568,1,0
35,513,562,1,0
35,514,655,1,0
35,515,560,1,0
35,516,631,1,0
35,517,615,1,0
35,518,754,1,0
35,519,610,1,0
35,520,627,1,0
35,521,679,1,0
35,522,676,1,0
35,523,657,1,0
35,524,599,1,0
35,525,596,1,0
35,526,662,1,0
35,527,660,1,0
35,528,670,1,0
35,529,667,1,0
35,530,858,1,0
35,531,651,1,0
35,532,613,1,0
35,533,620,1,0
35,534,697,1,0
35,535,618,1,0
35,536,626,1,0
35,537,650,1,0
35,538,654,1,0
35,539,592,1,0
35,540,590,1,0
35,541,727,1,0
35,542,630,1,0
35,543,677,1,0
35,544,677,1,0
35,545,687,1,0
35,546,680,1,0
35,547,577,1,0
35,548,692,1,0
35,549,656,1,0
35,550,658,1,0
35,551,742,1,0
35,552,643,1,0
35,553,743,1,0
35,554,632,1,0
35,555,723,1,0
35,556,717,1,0
35,557,764,1,0
35,558,667,1,0
35,559,805,1,0
35,560,609,1,0
35,561,667,1,0
35,562,752,1,0
35,563,891,1,0
35,564,639,1,0
35,565,753,1,0
35,566,651,1,0
35,567,755,1,0
35,568,771,1,0
35,569,1408,1,0
35,570,1017,1,0
35,571,1240,1,0
35,572,987,1,0
35,573,976,1,0
35,574,1266,1,0
35,575,1013,1,0
35,576,963,1,0
35,577,987,1,0
35,578,945,1,0
35,579,998,1,0
35,580,743,1,0
35,581,805,1,0
35,582,619,1,0
35,583,727,1,0
35,584,816,1,0
35,585,690,1,0
35,586,712,1,0
35,587,720,1,0
35,588,740,1,0
35,589,673,1,0
35,590,778,1,0
35,591,985,1,0
35,592,664,1,0
35,593,720,1,0
35,594,719,1,0
35,595,928,1,0
35,596,963,1,0
35,597,903,1,0
35,598,783,1,0
35,599,720,1,0
36,0,3486,1,0
36,1,959,1,0
36,2,1191,1,0
36,3,869,1,0
36,4,956,1,0
36,5,818,1,0
36,6,1080,1,0
36,7,1286,1,0
36,8,707,1,0
36,9,2476,1,0
36,10,867,1,0
36,11,1008,1,0
36,12,760,1,0
36,13,770,1,0
36,14,849,1,0
36,15,902,1,0
36,16,780,1,0
36,17,681,1,0
36,18,709,1,0
36,19,643,1,0
36,20,630,1,0
36,21,742,1,0
36,22,596,1,0
36,23,644,1,0
36,24,1051,1,0
36,25,608,1,0
36,26,671,1,0
36,27,652,1,0
36,28,799,1,0
36,29,805,1,0
36,30,613,1,0
36,31,643,1,0
36,32,626,1,0
36,33,641,1,0
36,34,608,1,0
36,35,652,1,0
36,36,592,1,0
36,37,627,1,0
36,38,652,1,0
36,39,656,1,0
36,40,677,1,0
36,41,597,1,0
36,42,684,1,0
36,43,620,1,0
36,44,612,1,0
36,45,655,1,0
36,46,628,1,0
36,47,622,1,0
36,48,705,1,0
36,49,587,1,0
36,50,850,1,0
36,51,598,1,0
36,52,607,1,0
36,53,634,1,0
36,54,657,1,0
36,55,547,1,0
36,56,839,1,0
36,57,928,1,0
36,58,730,1,0
36,59,784,1,0
36,60,871,1,0
36,61,820,1,0
36,62,810,1,0
36,63,958,1,0
36,64,793,1,0
36,65,785,1,0
36,66,732,1,0
36,67,790,1,0
36,68,722,1,0
36,69,1125,1,0
36,70,848,1,0
36,71,900,1,0
36,72,703,1,0
36,73,1227,1,0
36,74,1310,1,0
36,75,1217,1,0
36,76,877,1,0
36,77,571,1,0
36,78,735,1,0
36,79,828,1,0
36,80,777,1,0
36,81,731,1,0
36,82,703,1,0
36,83,657,1,0
36,84,687,1,0
36,85,741,1,0
36,86,649,1,0
36,87,715,1,0
36,88,616,1,0
36,89,632,1,0
36,90,656,1,0
36,91,772,1,0
36,92,868,1,0
36,93,909,1,0
36,94,687,1,0
36,95,666,1,0
36,96,723,1,0
36,97,675,1,0
36,98,684,1,0
36,99,679,1,0
36,100,1025,1,0
36,101,686,1,0
36,102,718,1,0
36,103,733,1,0
36,104,673,1,0
36,105,697,1,0
36,106,663,1,0
36,107,952,1,0
36,108,653,1,0
36,109,653,1,0
36,110,683,1,0
36,111,785,1,0
36,112,754,1,0
36,113,761,1,0
36,114,715,1,0
36,115,638,1,0
36,116,676,1,0
36,117,756,1,0
36,118,1159,1,0
36,119,633,1,0
36,120,694,1,0
36,121,623,1,0
36,122,645,1,0
36,123,625,1,0
36,124,650,1,0
36,125,693,1,0
36,126,724,1,0
36,127,654,1,0
36,128,637,1,0
36,129,603,1,0
36,130,637,1,0
36,131,679,1,0
36,132,684,1,0
36,133,606,1,0
36,134,648,1,0
36,135,651,1,0
36,136,637,1,0
36,137,977,1,0
36,138,646,1,0
36,139,700,1,0
36,140,589,1,0
36,141,702,1,0
36,142,644,1,0
36,143,642,1,0
36,144,770,1,0
36,145,645,1,0
36,146,683,1,0
36,147,706,1,0
36,148,707,1,0
36,149,936,1,0
36,150,629,1,0
36,151,688,1,0
36,152,761,1,0
36,153,729,1,0
36,154,625,1,0
36,155,694,1,0
36,156,656,1,0
36,157,726,1,0
36,158,1143,1,0
36,159,988,1,0
36,160,858,1,0
36,161,736,1,0
36,162,759,1,0
36,163,698,1,0
36,164,649,1,0
36,165,914,1,0
36,166,841,1,0
36,167,817,1,0
36,168,699,1,0
36,169,677,1,0
36,170,622,1,0
36,171,1059,1,0
36,172,720,1,0
36,173,1129,1,0
36,174,688,1,0
36,175,689,1,0
36,176,1013,1,0
36,177,1297,1,0
36,178,1217,1,0
36,179,876,1,0
36,180,735,1,0
36,181,809,1,0
36,182,796,1,0
36,183,1070,1,0
36,184,754,1,0
36,185,795,1,0
36,186,671,1,0
36,187,791,1,0
36,188,796,1,0
36,189,783,1,0
36,190,794,1,0
36,191,666,1,0
36,192,890,1,0
36,193,668,1,0
36,194,640,1,0
36,195,907,1,0
36,196,687,1,0
36,197,785,1,0
36,198,663,1,0
36,199,820,1,0
36,200,682,1,0
36,201,761,1,0
36,202,582,1,0
36,203,770,1,0
36,204,690,1,0
36,205,747,1,0
36,206,706,1,0
36,207,646,1,0
36,208,588,1,0
36,209,771,1,0
36,210,751,1,0
36,211,654,1,0
36,212,714,1,0
36,213,615,1,0
36,214,621,1,0
36,215,627,1,0
36,216,627,1,0
36,217,635,1,0
36,218,664,1,0
36,219,651,1,0
36,220,599,1,0
36,221,648,1,0
36,222,611,1,0
36,223,644,1,0
36,224,620,1,0
36,225,623,1,0
36,226,645,1,0
36,227,621,1,0
36,228,648,1,0
36,229,819,1,0
36,230,633,1,0
36,231,703,1,0
36,232,622,1,0
36,233,701,1,0
36,234,697,1,0
36,235,642,1,0
36,236,642,1,0
36,237,635,1,0
36,238,671,1,0
36,239,565,1,0
36,240,647,1,0
36,241,628,1,0
36,242,692,1,0
36,243,655,1,0
36,244,673,1,0
36,245,681,1,0
36,246,664,1,0
36,247,702,1,0
36,248,645,1,0
36,249,671,1,0
36,250,681,1,0
36,251,745,1,0
36,252,948,1,0
36,253,785,1,0
36,254,1290,1,0
36,255,665,1,0
36,256,845,1,0
36,257,665,1,0
36,258,724,1,0
36,259,673,1,0
36,260,912,1,0
36,261,723,1,0
36,262,760,1,0
36,263,682,1,0
36,264,901,1,0
36,265,771,1,0
36,266,757,1,0
36,267,782,1,0
36,268,772,1,0
36,269,769,1,0
36,270,865,1,0
36,271,650,1,0
36,272,649,1,0
36,273,679,1,0
36,274,731,1,0
36,275,743,1,0
36,276,712,1,0
36,277,765,1,0
36,278,850,1,0
36,279,744,1,0
36,280,1014,1,0
36,281,739,1,0
36,282,712,1,0
36,283,775,1,0
36,284,715,1,0
36,285,687,1,0
36,286,640,1,0
36,287,764,1,0
36,288,587,1,0
36,289,588,1,0
36,290,596,1,0
36,291,626,1,0
36,292,632,1,0
36,293,681,1,0
36,294,670,1,0
36,295,589,1,0
36,296,614,1,0
36,297,628,1,0
36,298,705,1,0
36,299,675,1,0
36,300,596,1,0
36,301,596,1,0
36,302,632,1,0
36,303,665,1,0
36,304,694,1,0
36,305,634,1,0
36,306,581,1,0
36,307,800,1,0
36,308,622,1,0
36,309,664,1,0
36,310,634,1,0
36,311,636,1,0
36,312,646,1,0
36,313,722,1,0
36,314,619,1,0
36,315,629,1,0
36,316,642,1,0
36,317,641,1,0
36,318,697,1,0
36,319,649,1,0
36,320,747,1,0
36,321,733,1,0
36,322,651,1,0
36,323,1103,1,0
36,324,576,1,0
36,325,656,1,0
36,326,712,1,0
36,327,813,1,0
36,328,625,1,0
36,329,752,1,0
36,330,613,1,0
36,331,602,1,0
36,332,745,1,0
36,333,663,1,0
36,334,1052,1,0
36,335,1346,1,0
36,336,642,1,0
36,337,652,1,0
36,338,824,1,0
36,339,602,1,0
36,340,804,1,0
36,341,587,1,0
36,342,1398,1,0
36,343,915,1,0
36,344,698,1,0
36,345,623,1,0
36,346,686,1,0
36,347,682,1,0
36,348,1020,1,0
36,349,796,1,0
36,350,791,1,0
36,351,1031,1,0
36,352,690,1,0
36,353,718,1,0
36,354,742,1,0
36,355,947,1,0
36,356,952,1,0
36,357,861,1,0
36,358,918,1,0
36,359,867,1,0
36,360,882,1,0
36,361,710,1,0
36,362,753,1,0
36,363,921,1,0
36,364,962,1,0
36,365,852,1,0
36,366,737,1,0
36,367,783,1,0
36,368,1140,1,0
36,369,707,1,0
36,370,945,1,0
36,371,754,1,0
36,372,957,1,0
36,373,796,1,0
36,374,927,1,0
36,375,1170,1,0
36,376,1069,1,0
36,377,709,1,0
36,378,902,1,0
36,379,892,1,0
36,380,700,1,0
36,381,621,1,0
36,382,582,1,0
36,383,590,1,0
36,384,645,1,0
36,385,683,1,0
36,386,1326,1,0
36,387,966,1,0
36,388,653,1,0
36,389,822,1,0
36,390,661,1,0
36,391,842,1,0
36,392,606,1,0
36,393,674,1,0
36,394,651,1,0
36,395,651,1,0
36,396,655,1,0
36,397,663,1,0
36,398,727,1,0
36,399,599,1,0
36,400,1042,1,0
36,401,705,1,0
36,402,714,1,0
36,403,673,1,0
36,404,632,1,0
36,405,658,1,0
36,406,645,1,0
36,407,601,1,0
36,408,809,1,0
36,409,707,1,0
36,410,681,1,0
36,411,664,1,0
36,412,699,1,0
36,413,648,1,0
36,414,713,1,0
36,415,634,1,0
36,416,616,1,0
36,417,1120,1,0
36,418,908,1,0
36,419,775,1,0
36,420,790,1,0
36,421,690,1,0
36,422,774,1,0
36,423,653,1,0
36,424,671,1,0
36,425,647,1,0
36,426,689,1,0
36,427,725,1,0
36,428,1194,1,0
36,429,727,1,0
36,430,686,1,0
36,431,690,1,0
36,432,721,1,0
36,433,622,1,0
36,434,604,1,0
36,435,640,1,0
36,436,759,1,0
36,437,1120,1,0
36,438,712,1,0
36,439,785,1,0
36,440,972,1,0
36,441,958,1,0
36,442,1026,1,0
36,443,813,1,0
36,444,1161,1,0
36,445,1025,1,0
36,446,1359,1,0
36,447,852,1,0
36,448,1076,1,0
36,449,981,1,0
36,450,993,1,0
36,451,1116,1,0
36,452,805,1,0
36,453,846,1,0
36,454,1027,1,0
36,455,815,1,0
36,456,1007,1,0
36,457,851,1,0
36,458,772,1,0
36,459,803,1,0
36,460,738,1,0
36,461,852,1,0
36,462,741,1,0
36,463,868,1,0
36,464,1107,1,0
36,465,708,1,0
36,466,743,1,0
36,467,792,1,0
36,468,1080,1,0
36,469,1023,1,0
36,470,752,1,0
36,471,725,1,0
36,472,1032,1,0
36,473,732,1,0
36,474,663,1,0
36,475,919,1,0
36,476,713,1,0
36,477,900,1,0
36,478,861,1,0
36,479,632,1,0
36,480,687,1,0
36,481,656,1,0
36,482,629,1,0
36,483,608,1,0
36,484,630,1,0
36,485,610,1,0
36,486,731,1,0
36,487,959,1,0
36,488,909,1,0
36,489,665,1,0
36,490,610,1,0
36,491,668,1,0
36,492,609,1,0
36,493,620,1,0
36,494,769,1,0
36,495,614,1,0
36,496,642,1,0
36,497,679,1,0
36,498,669,1,0
36,499,749,1,0
36,500,717,1,0
36,501,580,1,0
36,502,1198,1,0
36,503,615,1,0
36,504,590,1,0
36,505,644,1,0
36,506,693,1,0
36,507,635,1,0
36,508,634,1,0
36,509,613,1,0
36,510,673,1,0
36,511,623,1,0
36,512,734,1,0
36,513,651,1,0
36,514,678,1,0
36,515,658,1,0
36,516,631,1,0
36,517,633,1,0
36,518,665,1,0
36,519,628,1,0
36,520,742,1,0
36,521,731,1,0
36,522,779,1,0
36,523,602,1,0
36,524,701,1,0
36,525,768,1,0
36,526,699,1,0
36,527,630,1,0
36,528,772,1,0
36,529,640,1,0
36,530,1120,1,0
36,531,985,1,0
36,532,979,1,0
36,533,672,1,0
36,534,853,1,0
36,535,734,1,0
36,536,890,1,0
36,537,967,1,0
36,538,1048,1,0
36,539,1184,1,0
36,540,1016,1,0
36,541,926,1,0
36,542,868,1,0
36,543,1079,1,0
36,544,739,1,0
36,545,867,1,0
36,546,859,1,0
36,547,1047,1,0
36,548,1097,1,0
36,549,813,1,0
36,550,959,1,0
36,551,1225,1,0
36,552,846,1,0
36,553,739,1,0
36,554,863,1,0
36,555,802,1,0
36,556,765,1,0
36,557,714,1,0
36,558,1017,1,0
36,559,810,1,0
36,560,923,1,0
36,561,813,1,0
36,562,756,1,0
36,563,1070,1,0
36,564,770,1,0
36,565,793,1,0
36,566,865,1,0
36,567,716,1,0
36,568,710,1,0
36,569,922,1,0
36,570,706,1,0
36,571,573,1,0
36,572,606,1,0
36,573,700,1,0
36,574,629,1,0
36,575,630,1,0
36,576,707,1,0
36,577,915,1,0
36,578,660,1,0
36,579,606,1,0
36,580,703,1,0
36,581,732,1,0
36,582,614,1,0
36,583,635,1,0
36,584,710,1,0
36,585,612,1,0
36,586,674,1,0
36,587,810,1,0
36,588,607,1,0
36,589,978,1,0
36,590,796,1,0
36,591,800,1,0
36,592,651,1,0
36,593,654,1,0
36,594,703,1,0
36,595,586,1,0
36,596,566,1,0
36,597,589,1,0
36,598,798,1,0
36,599,801,1,0
37,0,2261,1,0
37,1,702,1,0
37,2,1028,1,0
37,3,649,1,0
37,4,668,1,0
37,5,629,1,0
37,6,1069,1,0
37,7,942,1,0
37,8,619,1,0
37,9,1029,1,0
37,10,606,1,0
37,11,617,1,0
37,12,634,1,0
37,13,614,1,0
37,14,644,1,0
37,15,885,1,0
37,16,635,1,0
37,17,600,1,0
37,18,650,1,0
37,19,653,1,0
37,20,1759,1,0
37,21,1480,1,0
37,22,604,1,0
37,23,664,1,0
37,24,806,1,0
37,25,687,1,0
37,26,690,1,0
37,27,701,1,0
37,28,967,1,0
37,29,959,1,0
37,30,813,1,0
37,31,657,1,0
37,32,787,1,0
37,33,612,1,0
37,34,709,1,0
37,35,691,1,0
37,36,702,1,0
37,37,597,1,0
37,38,582,1,0
37,39,613,1,0
37,40,603,1,0
37,41,647,1,0
37,42,678,1,0
37,43,580,1,0
37,44,660,1,0
37,45,637,1,0
37,46,647,1,0
37,47,592,1,0
37,48,616,1,0
37,49,601,1,0
37,50,859,1,0
37,51,651,1,0
37,52,722,1,0
37,53,753,1,0
37,54,707,1,0
37,55,828,1,0
37,56,705,1,0
37,57,1128,1,0
37,58,1402,1,0
37,59,1216,1,0
37,60,997,1,0
37,61,811,1,0
37,62,910,1,0
37,63,818,1,0
37,64,686,1,0
37,65,623,1,0
37,66,731,1,0
37,67,670,1,0
37,68,602,1,0
37,69,1047,1,0
37,70,666,1,0
37,71,660,1,0
37,72,808,1,0
37,73,586,1,0
37,74,632,1,0
37,75,672,1,0
37,76,832,1,0
37,77,635,1,0
37,78,664,1,0
37,79,642,1,0
37,80,687,1,0
37,81,622,1,0
37,82,620,1,0
37,83,611,1,0
37,84,656,1,0
37,85,647,1,0
37,86,583,1,0
37,87,630,1,0
37,88,600,1,0
37,89,697,1,0
37,90,620,1,0
37,91,644,1,0
37,92,638,1,0
37,93,634,1,0
37,94,677,1,0
37,95,595,1,0
37,96,672,1,0
37,97,648,1,0
37,98,646,1,0
37,99,614,1,0
37,100,791,1,0
37,101,622,1,0
37,102,594,1,0
37,103,654,1,0
37,104,702,1,0
37,105,632,1,0
37,106,609,1,0
37,107,645,1,0
37,108,692,1,0
37,109,692,1,0
37,110,767,1,0
37,111,638,1,0
37,112,630,1,0
37,113,821,1,0
37,114,948,1,0
37,115,762,1,0
37,116,933,1,0
37,117,656,1,0
37,118,815,1,0
37,119,709,1,0
37,120,609,1,0
37,121,583,1,0
37,122,819,1,0
37,123,640,1,0
37,124,757,1,0
37,125,983,1,0
37,126,1114,1,0
37,127,943,1,0
37,128,1301,1,0
37,129,1104,1,0
37,130,1040,1,0
37,131,964,1,0
37,132,1199,1,0
37,133,929,1,0
37,134,1026,1,0
37,135,722,1,0
37,136,1361,1,0
37,137,1037,1,0
37,138,785,1,0
37,139,991,1,0
37,140,700,1,0
37,141,967,1,0
37,142,1031,1,0
37,143,894,1,0
37,144,873,1,0
37,145,831,1,0
37,146,715,1,0
37,147,1255,1,0
37,148,855,1,0
37,149,656,1,0
37,150,685,1,0
37,151,692,1,0
37,152,590,1,0
37,153,627,1,0
37,154,931,1,0
37,155,899,1,0
37,156,665,1,0
37,157,746,1,0
37,158,720,1,0
37,159,624,1,0
37,160,674,1,0
37,161,649,1,0
37,162,692,1,0
37,163,775,1,0
37,164,611,1,0
37,165,648,1,0
37,166,835,1,0
37,167,658,1,0
37,168,583,1,0
37,169,609,1,0
37,170,633,1,0
37,171,710,1,0
37,172,590,1,0
37,173,586,1,0
37,174,668,1,0
37,175,630,1,0
37,176,616,1,0
37,177,600,1,0
37,178,814,1,0
37,179,606,1,0
37,180,640,1,0
37,181,669,1,0
37,182,616,1,0
37,183,696,1,0
37,184,695,1,0
37,185,604,1,0
37,186,672,1,0
37,187,723,1,0
37,188,674,1,0
37,189,788,1,0
37,190,581,1,0
37,191,679,1,0
37,192,610,1,0
37,193,756,1,0
37,194,757,1,0
37,195,987,1,0
37,196,601,1,0
37,197,565,1,0
37,198,820,1,0
37,199,711,1,0
37,200,691,1,0
37,201,1099,1,0
37,202,564,1,0
37,203,1053,1,0
37,204,616,1,0
37,205,734,1,0
37,206,661,1,0
37,207,655,1,0
37,208,708,1,0
37,209,687,1,0
37,210,906,1,0
37,211,669,1,0
37,212,684,1,0
37,213,645,1,0
37,214,704,1,0
37,215,629,1,0
37,216,712,1,0
37,217,711,1,0
37,218,628,1,0
37,219,808,1,0
37,220,686,1,0
37,221,717,1,0
37,222,634,1,0
37,223,675,1,0
37,224,727,1,0
37,225,678,1,0
37,226,633,1,0
37,227,630,1,0
37,228,760,1,0
37,229,994,1,0
37,230,653,1,0
37,231,697,1,0
37,232,691,1,0
37,233,758,1,0
37,234,792,1,0
37,235,864,1,0
37,236,800,1,0
37,237,778,1,0
37,238,1102,1,0
37,239,965,1,0
37,240,979,1,0
37,241,929,1,0
37,242,787,1,0
37,243,786,1,0
37,244,667,1,0
37,245,673,1,0
37,246,629,1,0
37,247,559,1,0
37,248,586,1,0
37,249,681,1,0
37,250,582,1,0
37,251,633,1,0
37,252,750,1,0
37,253,588,1,0
37,254,643,1,0
37,255,640,1,0
37,256,648,1,0
37,257,600,1,0
37,258,570,1,0
37,259,801,1,0
37,260,1073,1,0
37,261,638,1,0
37,262,658,1,0
37,263,651,1,0
37,264,997,1,0
37,265,565,1,0
37,266,614,1,0
37,267,577,1,0
37,268,635,1,0
37,269,710,1,0
37,270,936,1,0
37,271,643,1,0
37,272,662,1,0
37,273,629,1,0
37,274,636,1,0
37,275,598,1,0
37,276,646,1,0
37,277,615,1,0
37,278,584,1,0
37,279,630,1,0
37,280,589,1,0
37,281,620,1,0
37,282,624,1,0
37,283,554,1,0
37,284,729,1,0
37,285,634,1,0
37,286,652,1,0
37,287,687,1,0
37,288,604,1,0
37,289,620,1,0
37,290,642,1,0
37,291,677,1,0
37,292,672,1,0
37,293,1342,1,0
37,294,697,1,0
37,295,876,1,0
37,296,657,1,0
37,297,700,1,0
37,298,948,1,0
37,299,997,1,0
37,300,685,1,0
37,301,690,1,0
37,302,686,1,0
37,303,676,1,0
37,304,679,1,0
37,305,660,1,0
37,306,648,1,0
37,307,628,1,0
37,308,891,1,0
37,309,627,1,0
37,310,666,1,0
37,311,676,1,0
37,312,682,1,0
37,313,630,1,0
37,314,653,1,0
37,315,675,1,0
37,316,674,1,0
37,317,673,1,0
37,318,817,1,0
37,319,958,1,0
37,320,942,1,0
37,321,814,1,0
37,322,951,1,0
37,323,1054,1,0
37,324,921,1,0
37,325,696,1,0
37,326,808,1,0
37,327,738,1,0
37,328,794,1,0
37,329,832,1,0
37,330,723,1,0
37,331,715,1,0
37,332,820,1,0
37,333,671,1,0
37,334,586,1,0
37,335,622,1,0
37,336,1107,1,0
37,337,748,1,0
37,338,865,1,0
37,339,634,1,0
37,340,893,1,0
37,341,754,1,0
37,342,688,1,0
37,343,647,1,0
37,344,837,1,0
37,345,770,1,0
37,346,670,1,0
37,347,589,1,0
37,348,613,1,0
37,349,824,1,0
37,350,606,1,0
37,351,567,1,0
37,352,616,1,0
37,353,766,1,0
37,354,684,1,0
37,355,681,1,0
37,356,574,1,0
37,357,672,1,0
37,358,655,1,0
37,359,606,1,0
37,360,624,1,0
37,361,627,1,0
37,362,633,1,0
37,363,763,1,0
37,364,635,1,0
37,365,658,1,0
37,366,652,1,0
37,367,751,1,0
37,368,1006,1,0
37,369,561,1,0
37,370,748,1,0
37,371,693,1,0
37,372,766,1,0
37,373,632,1,0
37,374,621,1,0
37,375,733,1,0
37,376,795,1,0
37,377,661,1,0
37,378,950,1,0
37,379,599,1,0
37,380,705,1,0
37,381,668,1,0
37,382,629,1,0
37,383,683,1,0
37,384,637,1,0
37,385,654,1,0
37,386,678,1,0
37,387,832,1,0
37,388,1036,1,0
37,389,684,1,0
37,390,917,1,0
37,391,935,1,0
37,392,642,1,0
37,393,627,1,0
37,394,838,1,0
37,395,715,1,0
37,396,649,1,0
37,397,681,1,0
37,398,819,1,0
37,399,746,1,0
37,400,1670,1,0
37,401,590,1,0
37,402,736,1,0
37,403,675,1,0
37,404,670,1,0
37,405,658,1,0
37,406,692,1,0
37,407,692,1,0
37,408,772,1,0
37,409,687,1,0
37,410,775,1,0
37,411,875,1,0
37,412,771,1,0
37,413,935,1,0
37,414,1009,1,0
37,415,793,1,0
37,416,852,1,0
37,417,796,1,0
37,418,966,1,0
37,419,833,1,0
37,420,701,1,0
37,421,855,1,0
37,422,782,1,0
37,423,876,1,0
37,424,720,1,0
37,425,792,1,0
37,426,682,1,0
37,427,653,1,0
37,428,838,1,0
37,429,813,1,0
37,430,693,1,0
37,431,629,1,0
37,432,593,1,0
37,433,631,1,0
37,434,636,1,0
37,435,613,1,0
37,436,696,1,0
37,437,573,1,0
37,438,693,1,0
37,439,695,1,0
37,440,678,1,0
37,441,647,1,0
37,442,797,1,0
37,443,626,1,0
37,444,619,1,0
37,445,585,1,0
37,446,634,1,0
37,447,678,1,0
37,448,638,1,0
37,449,655,1,0
37,450,730,1,0
37,451,645,1,0
37,452,664,1,0
37,453,672,1,0
37,454,637,1,0
37,455,598,1,0
37,456,857,1,0
37,457,644,1,0
37,458,674,1,0
37,459,776,1,0
37,460,714,1,0
37,461,754,1,0
37,462,638,1,0
37,463,690,1,0
37,464,623,1,0
37,465,637,1,0
37,466,674,1,0
37,467,615,1,0
37,468,637,1,0
37,469,725,1,0
37,470,656,1,0
37,471,641,1,0
37,472,777,1,0
37,473,858,1,0
37,474,671,1,0
37,475,634,1,0
37,476,653,1,0
37,477,666,1,0
37,478,1227,1,0
37,479,861,1,0
37,480,708,1,0
37,481,724,1,0
37,482,684,1,0
37,483,676,1,0
37,484,681,1,0
37,485,659,1,0
37,486,826,1,0
37,487,718,1,0
37,488,991,1,0
37,489,673,1,0
37,490,757,1,0
37,491,764,1,0
37,492,663,1,0
37,493,690,1,0
37,494,679,1,0
37,495,633,1,0
37,496,676,1,0
37,497,858,1,0
37,498,709,1,0
37,499,702,1,0
37,500,595,1,0
37,501,630,1,0
37,502,915,1,0
37,503,672,1,0
37,504,610,1,0
37,505,675,1,0
37,506,741,1,0
37,507,826,1,0
37,508,729,1,0
37,509,637,1,0
37,510,621,1,0
37,511,645,1,0
37,512,850,1,0
37,513,744,1,0
37,514,643,1,0
37,515,701,1,0
37,516,744,1,0
37,517,850,1,0
37,518,855,1,0
37,519,841,1,0
37,520,830,1,0
37,521,786,1,0
37,522,1082,1,0
37,523,686,1,0
37,524,645,1,0
37,525,575,1,0
37,526,648,1,0
37,527,630,1,0
37,528,608,1,0
37,529,586,1,0
37,530,943,1,0
37,531,634,1,0
37,532,653,1,0
37,533,894,1,0
37,534,689,1,0
37,535,602,1,0
37,536,598,1,0
37,537,647,1,0
37,538,624,1,0
37,539,653,1,0
37,540,610,1,0
37,541,1041,1,0
37,542,606,1,0
37,543,634,1,0
37,544,649,1,0
37,545,609,1,0
37,546,589,1,0
37,547,605,1,0
37,548,620,1,0
37,549,660,1,0
37,550,656,1,0
37,551,759,1,0
37,552,673,1,0
37,553,578,1,0
37,554,621,1,0
37,555,628,1,0
37,556,692,1,0
37,557,580,1,0
37,558,888,1,0
37,559,621,1,0
37,560,627,1,0
37,561,672,1,0
37,562,753,1,0
37,563,675,1,0
37,564,663,1,0
37,565,640,1,0
37,566,619,1,0
37,567,619,1,0
37,568,688,1,0
37,569,1011,1,0
37,570,778,1,0
37,571,1496,1,0
37,572,683,1,0
37,573,690,1,0
37,574,702,1,0
37,575,732,1,0
37,576,619,1,0
37,577,621,1,0
37,578,670,1,0
37,579,652,1,0
37,580,771,1,0
37,581,808,1,0
37,582,646,1,0
37,583,890,1,0
37,584,710,1,0
37,585,683,1,0
37,586,653,1,0
37,587,765,1,0
37,588,942,1,0
37,589,831,1,0
37,590,1000,1,0
37,591,1116,1,0
37,592,763,1,0
37,593,933,1,0
37,594,1145,1,0
37,595,890,1,0
37,596,1017,1,0
37,597,986,1,0
37,598,1205,1,0
37,599,766,1,0
38,0,2233,1,0
38,1,734,1,0
38,2,1063,1,0
38,3,991,1,0
38,4,987,1,0
38,5,1081,1,0
38,6,836,1,0
38,7,1451,1,0
38,8,1017,1,0
38,9,1618,1,0
38,10,1198,1,0
38,11,954,1,0
38,12,1257,1,0
38,13,1065,1,0
38,14,897,1,0
38,15,1068,1,0
38,16,845,1,0
38,17,668,1,0
38,18,738,1,0
38,19,902,1,0
38,20,880,1,0
38,21,1277,1,0
38,22,767,1,0
38,23,999,1,0
38,24,1156,1,0
38,25,692,1,0
38,26,814,1,0
38,27,1054,1,0
38,28,627,1,0
38,29,792,1,0
38,30,597,1,0
38,31,578,1,0
38,32,756,1,0
38,33,606,1,0
38,34,620,1,0
38,35,630,1,0
38,36,596,1,0
38,37,652,1,0
38,38,599,1,0
38,39,590,1,0
38,40,633,1,0
38,41,604,1,0
38,42,554,1,0
38,43,601,1,0
38,44,643,1,0
38,45,585,1,0
38,46,700,1,0
38,47,616,1,0
38,48,614,1,0
38,49,640,1,0
38,50,940,1,0
38,51,666,1,0
38,52,608,1,0
38,53,618,1,0
38,54,722,1,0
38,55,606,1,0
38,56,634,1,0
38,57,699,1,0
38,58,900,1,0
38,59,676,1,0
38,60,923,1,0
38,61,673,1,0
38,62,659,1,0
38,63,690,1,0
38,64,615,1,0
38,65,749,1,0
38,66,678,1,0
38,67,679,1,0
38,68,568,1,0
38,69,2123,1,0
38,70,1050,1,0
38,71,1221,1,0
38,72,1085,1,0
38,73,865,1,0
38,74,851,1,0
38,75,672,1,0
38,76,1071,1,0
38,77,748,1,0
38,78,751,1,0
38,79,674,1,0
38,80,690,1,0
38,81,618,1,0
38,82,636,1,0
38,83,707,1,0
38,84,570,1,0
38,85,632,1,0
38,86,652,1,0
38,87,580,1,0
38,88,624,1,0
38,89,623,1,0
38,90,777,1,0
38,91,607,1,0
38,92,715,1,0
38,93,587,1,0
38,94,726,1,0
38,95,666,1,0
38,96,702,1,0
38,97,607,1,0
38,98,758,1,0
38,99,657,1,0
38,100,840,1,0
38,101,677,1,0
38,102,820,1,0
38,103,804,1,0
38,104,843,1,0
38,105,666,1,0
38,106,785,1,0
38,107,990,1,0
38,108,781,1,0
38,109,900,1,0
38,110,778,1,0
38,111,731,1,0
38,112,682,1,0
38,113,747,1,0
38,114,680,1,0
38,115,585,1,0
38,116,862,1,0
38,117,1260,1,0
38,118,1964,1,0
38,119,986,1,0
38,120,845,1,0
38,121,734,1,0
38,122,754,1,0
38,123,652,1,0
38,124,799,1,0
38,125,588,1,0
38,126,639,1,0
38,127,629,1,0
38,128,628,1,0
38,129,705,1,0
38,130,668,1,0
38,131,646,1,0
38,132,692,1,0
38,133,617,1,0
38,134,686,1,0
38,135,595,1,0
38,136,646,1,0
38,137,658,1,0
38,138,846,1,0
38,139,660,1,0
38,140,822,1,0
38,141,646,1,0
38,142,639,1,0
38,143,754,1,0
38,144,681,1,0
38,145,682,1,0
38,146,627,1,0
38,147,763,1,0
38,148,787,1,0
38,149,706,1,0
38,150,628,1,0
38,151,720,1,0
38,152,877,1,0
38,153,663,1,0
38,154,683,1,0
38,155,626,1,0
38,156,595,1,0
38,157,771,1,0
38,158,1607,1,0
38,159,631,1,0
38,160,727,1,0
38,161,648,1,0
38,162,746,1,0
38,163,651,1,0
38,164,644,1,0
38,165,688,1,0
38,166,904,1,0
38,167,783,1,0
38,168,833,1,0
38,169,611,1,0
38,170,669,1,0
38,171,975,1,0
38,172,593,1,0
38,173,769,1,0
38,174,702,1,0
38,175,697,1,0
38,176,1041,1,0
38,177,938,1,0
38,178,1106,1,0
38,179,1039,1,0
38,180,966,1,0
38,181,980,1,0
38,182,815,1,0
38,183,1014,1,0
38,184,921,1,0
38,185,952,1,0
38,186,1015,1,0
38,187,967,1,0
38,188,781,1,0
38,189,753,1,0
38,190,715,1,0
38,191,772,1,0
38,192,786,1,0
38,193,732,1,0
38,194,723,1,0
38,195,1296,1,0
38,196,836,1,0
38,197,851,1,0
38,198,946,1,0
38,199,1026,1,0
38,200,662,1,0
38,201,994,1,0
38,202,698,1,0
38,203,1368,1,0
38,204,568,1,0
38,205,655,1,0
38,206,802,1,0
38,207,646,1,0
38,208,644,1,0
38,209,648,1,0
38,210,712,1,0
38,211,623,1,0
38,212,629,1,0
38,213,620,1,0
38,214,766,1,0
38,215,648,1,0
38,216,663,1,0
38,217,620,1,0
38,218,563,1,0
38,219,568,1,0
38,220,582,1,0
38,221,623,1,0
38,222,622,1,0
38,223,604,1,0
38,224,666,1,0
38,225,592,1,0
38,226,619,1,0
38,227,560,1,0
38,228,630,1,0
38,229,706,1,0
38,230,641,1,0
38,231,783,1,0
38,232,714,1,0
38,233,577,1,0
38,234,694,1,0
38,235,636,1,0
38,236,658,1,0
38,237,588,1,0
38,238,657,1,0
38,239,633,1,0
38,240,668,1,0
38,241,653,1,0
38,242,620,1,0
38,243,615,1,0
38,244,588,1,0
38,245,641,1,0
38,246,582,1,0
38,247,613,1,0
38,248,612,1,0
38,249,662,1,0
38,250,678,1,0
38,251,568,1,0
38,252,667,1,0
38,253,625,1,0
38,254,630,1,0
38,255,637,1,0
38,256,855,1,0
38,257,689,1,0
38,258,694,1,0
38,259,744,1,0
38,260,690,1,0
38,261,625,1,0
38,262,597,1,0
38,263,679,1,0
38,264,684,1,0
38,265,609,1,0
38,266,687,1,0
38,267,637,1,0
38,268,666,1,0
38,269,663,1,0
38,270,790,1,0
38,271,660,1,0
38,272,694,1,0
38,273,683,1,0
38,274,640,1,0
38,275,838,1,0
38,276,651,1,0
38,277,635,1,0
38,278,603,1,0
38,279,624,1,0
38,280,689,1,0
38,281,654,1,0
38,282,606,1,0
38,283,627,1,0
38,284,709,1,0
38,285,776,1,0
38,286,979,1,0
38,287,742,1,0
38,288,1002,1,0
38,289,770,1,0
38,290,748,1,0
38,291,715,1,0
38,292,725,1,0
38,293,804,1,0
38,294,720,1,0
38,295,789,1,0
38,296,763,1,0
38,297,664,1,0
38,298,632,1,0
38,299,704,1,0
38,300,607,1,0
38,301,647,1,0
38,302,796,1,0
38,303,595,1,0
38,304,621,1,0
38,305,606,1,0
38,306,619,1,0
38,307,622,1,0
38,308,611,1,0
38,309,609,1,0
38,310,589,1,0
38,311,637,1,0
38,312,611,1,0
38,313,622,1,0
38,314,595,1,0
38,315,639,1,0
38,316,599,1,0
38,317,623,1,0
38,318,783,1,0
38,319,635,1,0
38,320,640,1,0
38,321,638,1,0
38,322,619,1,0
38,323,918,1,0
38,324,669,1,0
38,325,564,1,0
38,326,600,1,0
38,327,591,1,0
38,328,687,1,0
38,329,840,1,0
38,330,689,1,0
38,331,615,1,0
38,332,768,1,0
38,333,622,1,0
38,334,639,1,0
38,335,641,1,0
38,336,643,1,0
38,337,623,1,0
38,338,641,1,0
38,339,653,1,0
38,340,782,1,0
38,341,730,1,0
38,342,678,1,0
38,343,643,1,0
38,344,627,1,0
38,345,1106,1,0
38,346,744,1,0
38,347,695,1,0
38,348,743,1,0
38,349,758,1,0
38,350,1040,1,0
38,351,997,1,0
38,352,673,1,0
38,353,763,1,0
38,354,824,1,0
38,355,639,1,0
38,356,786,1,0
38,357,1193,1,0
38,358,947,1,0
38,359,1062,1,0
38,360,683,1,0
38,361,632,1,0
38,362,705,1,0
38,363,771,1,0
38,364,1029,1,0
38,365,1013,1,0
38,366,754,1,0
38,367,918,1,0
38,368,833,1,0
38,369,873,1,0
38,370,838,1,0
38,371,968,1,0
38,372,746,1,0
38,373,717,1,0
38,374,912,1,0
38,375,783,1,0
38,376,756,1,0
38,377,778,1,0
38,378,998,1,0
38,379,908,1,0
38,380,744,1,0
38,381,813,1,0
38,382,691,1,0
38,383,699,1,0
38,384,776,1,0
38,385,812,1,0
38,386,767,1,0
38,387,1332,1,0
38,388,1443,1,0
38,389,633,1,0
38,390,584,1,0
38,391,1033,1,0
38,392,662,1,0
38,393,639,1,0
38,394,653,1,0
38,395,642,1,0
38,396,864,1,0
38,397,653,1,0
38,398,680,1,0
38,399,637,1,0
38,400,1356,1,0
38,401,606,1,0
38,402,639,1,0
38,403,548,1,0
38,404,670,1,0
38,405,616,1,0
38,406,618,1,0
38,407,589,1,0
38,408,735,1,0
38,409,678,1,0
38,410,559,1,0
38,411,638,1,0
38,412,616,1,0
38,413,666,1,0
38,414,771,1,0
38,415,647,1,0
38,416,577,1,0
38,417,673,1,0
38,418,1284,1,0
38,419,648,1,0
38,420,782,1,0
38,421,689,1,0
38,422,637,1,0
38,423,611,1,0
38,424,676,1,0
38,425,647,1,0
38,426,692,1,0
38,427,724,1,0
38,428,741,1,0
38,429,569,1,0
38,430,647,1,0
38,431,621,1,0
38,432,661,1,0
38,433,590,1,0
38,434,626,1,0
38,435,722,1,0
38,436,649,1,0
38,437,676,1,0
38,438,807,1,0
38,439,717,1,0
38,440,774,1,0
38,441,628,1,0
38,442,706,1,0
38,443,644,1,0
38,444,704,1,0
38,445,681,1,0
38,446,733,1,0
38,447,665,1,0
38,448,1162,1,0
38,449,670,1,0
38,450,998,1,0
38,451,757,1,0
38,452,868,1,0
38,453,1373,1,0
38,454,1094,1,0
38,455,1169,1,0
38,456,1497,1,0
38,457,1389,1,0
38,458,1244,1,0
38,459,1050,1,0
38,460,1166,1,0
38,461,1080,1,0
38,462,1073,1,0
38,463,935,1,0
38,464,756,1,0
38,465,936,1,0
38,466,759,1,0
38,467,818,1,0
38,468,852,1,0
38,469,741,1,0
38,470,847,1,0
38,471,797,1,0
38,472,769,1,0
38,473,763,1,0
38,474,796,1,0
38,475,771,1,0
38,476,890,1,0
38,477,923,1,0
38,478,1361,1,0
38,479,1471,1,0
38,480,1267,1,0
38,481,927,1,0
38,482,1070,1,0
38,483,1010,1,0
38,484,816,1,0
38,485,880,1,0
38,486,984,1,0
38,487,2394,1,0
38,488,833,1,0
38,489,662,1,0
38,490,645,1,0
38,491,748,1,0
38,492,621,1,0
38,493,649,1,0
38,494,596,1,0
38,495,636,1,0
38,496,607,1,0
38,497,594,1,0
38,498,643,1,0
38,499,594,1,0
38,500,589,1,0
38,501,717,1,0
38,502,857,1,0
38,503,660,1,0
38,504,590,1,0
38,505,658,1,0
38,506,640,1,0
38,507,792,1,0
38,508,704,1,0
38,509,648,1,0
38,510,605,1,0
38,511,674,1,0
38,512,649,1,0
38,513,656,1,0
38,514,635,1,0
38,515,615,1,0
38,516,660,1,0
38,517,636,1,0
38,518,595,1,0
38,519,637,1,0
38,520,569,1,0
38,521,693,1,0
38,522,1206,1,0
38,523,804,1,0
38,524,618,1,0
38,525,640,1,0
38,526,686,1,0
38,527,674,1,0
38,528,618,1,0
38,529,686,1,0
38,530,884,1,0
38,531,730,1,0
38,532,693,1,0
38,533,622,1,0
38,534,627,1,0
38,535,608,1,0
38,536,673,1,0
38,537,865,1,0
38,538,737,1,0
38,539,662,1,0
38,540,689,1,0
38,541,647,1,0
38,542,947,1,0
38,543,919,1,0
38,544,898,1,0
38,545,752,1,0
38,546,887,1,0
38,547,813,1,0
38,548,788,1,0
38,549,700,1,0
38,550,848,1,0
38,551,1283,1,0
38,552,989,1,0
38,553,1070,1,0
38,554,968,1,0
38,555,872,1,0
38,556,753,1,0
38,557,897,1,0
38,558,986,1,0
38,559,1224,1,0
38,560,935,1,0
38,561,888,1,0
38,562,732,1,0
38,563,800,1,0
38,564,671,1,0
38,565,739,1,0
38,566,703,1,0
38,567,986,1,0
38,568,820,1,0
38,569,842,1,0
38,570,915,1,0
38,571,894,1,0
38,572,779,1,0
38,573,806,1,0
38,574,746,1,0
38,575,1069,1,0
38,576,909,1,0
38,577,698,1,0
38,578,755,1,0
38,579,621,1,0
38,580,910,1,0
38,581,862,1,0
38,582,725,1,0
38,583,795,1,0
38,584,607,1,0
38,585,656,1,0
38,586,618,1,0
38,587,674,1,0
38,588,616,1,0
38,589,572,1,0
38,590,635,1,0
38,591,652,1,0
38,592,656,1,0
38,593,735,1,0
38,594,654,1,0
38,595,687,1,0
38,596,618,1,0
38,597,587,1,0
38,598,804,1,0
38,599,629,1,0
39,0,2726,1,0
39,1,712,1,0
39,2,1179,1,0
39,3,989,1,0
39,4,957,1,0
39,5,644,1,0
39,6,918,1,0
39,7,788,1,0
39,8,635,1,0
39,9,1014,1,0
39,10,684,1,0
39,11,621,1,0
39,12,574,1,0
39,13,698,1,0
39,14,740,1,0
39,15,601,1,0
39,16,663,1,0
39,17,646,1,0
39,18,593,1,0
39,19,595,1,0
39,20,580,1,0
39,21,929,1,0
39,22,633,1,0
39,23,702,1,0
39,24,694,1,0
39,25,715,1,0
39,26,637,1,0
39,27,746,1,0
39,28,694,1,0
39,29,733,1,0
39,30,739,1,0
39,31,653,1,0
39,32,719,1,0
39,33,657,1,0
39,34,613,1,0
39,35,610,1,0
39,36,674,1,0
39,37,681,1,0
39,38,618,1,0
39,39,629,1,0
39,40,625,1,0
39,41,635,1,0
39,42,634,1,0
39,43,740,1,0
39,44,697,1,0
39,45,669,1,0
39,46,601,1,0
39,47,628,1,0
39,48,661,1,0
39,49,604,1,0
39,50,822,1,0
39,51,609,1,0
39,52,636,1,0
39,53,749,1,0
39,54,588,1,0
39,55,622,1,0
39,56,672,1,0
39,57,984,1,0
39,58,1229,1,0
39,59,1285,1,0
39,60,698,1,0
39,61,687,1,0
39,62,754,1,0
39,63,721,1,0
39,64,632,1,0
39,65,706,1,0
39,66,659,1,0
39,67,728,1,0
39,68,692,1,0
39,69,1214,1,0
39,70,854,1,0
39,71,1184,1,0
39,72,870,1,0
39,73,844,1,0
39,74,940,1,0
39,75,785,1,0
39,76,1121,1,0
39,77,718,1,0
39,78,777,1,0
39,79,683,1,0
39,80,761,1,0
39,81,806,1,0
39,82,948,1,0
39,83,750,1,0
39,84,668,1,0
39,85,625,1,0
39,86,662,1,0
39,87,692,1,0
39,88,644,1,0
39,89,610,1,0
39,90,593,1,0
39,91,810,1,0
39,92,803,1,0
39,93,645,1,0
39,94,591,1,0
39,95,637,1,0
39,96,624,1,0
39,97,700,1,0
39,98,646,1,0
39,99,598,1,0
39,100,669,1,0
39,101,622,1,0
39,102,623,1,0
39,103,594,1,0
39,104,656,1,0
39,105,658,1,0
39,106,648,1,0
39,107,764,1,0
39,108,746,1,0
39,109,654,1,0
39,110,659,1,0
39,111,665,1,0
39,112,748,1,0
39,113,621,1,0
39,114,756,1,0
39,115,671,1,0
39,116,666,1,0
39,117,600,1,0
39,118,1079,1,0
39,119,759,1,0
39,120,603,1,0
39,121,762,1,0
39,122,609,1,0
39,123,683,1,0
39,124,610,1,0
39,125,704,1,0
39,126,843,1,0
39,127,736,1,0
39,128,669,1,0
39,129,609,1,0
39,130,701,1,0
39,131,689,1,0
39,132,720,1,0
39,133,629,1,0
39,134,794,1,0
39,135,657,1,0
39,136,703,1,0
39,137,645,1,0
39,138,1299,1,0
39,139,682,1,0
39,140,1362,1,0
39,141,760,1,0
39,142,672,1,0
39,143,689,1,0
39,144,799,1,0
39,145,685,1,0
39,146,630,1,0
39,147,1066,1,0
39,148,958,1,0
39,149,813,1,0
39,150,919,1,0
39,151,674,1,0
39,152,984,1,0
39,153,927,1,0
39,154,866,1,0
39,155,1167,1,0
39,156,825,1,0
39,157,932,1,0
39,158,871,1,0
39,159,844,1,0
39,160,746,1,0
39,161,743,1,0
39,162,807,1,0
39,163,914,1,0
39,164,916,1,0
39,165,879,1,0
39,166,1331,1,0
39,167,1279,1,0
39,168,652,1,0
39,169,705,1,0
39,170,743,1,0
39,171,1158,1,0
39,172,1298,1,0
39,173,1097,1,0
39,174,625,1,0
39,175,596,1,0
39,176,698,1,0
39,177,610,1,0
39,178,807,1,0
39,179,834,1,0
39,180,606,1,0
39,181,739,1,0
39,182,1030,1,0
39,183,713,1,0
39,184,782,1,0
39,185,569,1,0
39,186,605,1,0
39,187,611,1,0
39,188,671,1,0
39,189,666,1,0
39,190,701,1,0
39,191,638,1,0
39,192,648,1,0
39,193,608,1,0
39,194,578,1,0
39,195,718,1,0
39,196,643,1,0
39,197,690,1,0
39,198,603,1,0
39,199,736,1,0
39,200,623,1,0
39,201,712,1,0
39,202,605,1,0
39,203,1151,1,0
39,204,693,1,0
39,205,682,1,0
39,206,623,1,0
39,207,657,1,0
39,208,648,1,0
39,209,709,1,0
39,210,720,1,0
39,211,748,1,0
39,212,685,1,0
39,213,623,1,0
39,214,682,1,0
39,215,645,1,0
39,216,655,1,0
39,217,627,1,0
39,218,650,1,0
39,219,619,1,0
39,220,651,1,0
39,221,657,1,0
39,222,705,1,0
39,223,703,1,0
39,224,665,1,0
39,225,686,1,0
39,226,627,1,0
39,227,656,1,0
39,228,591,1,0
39,229,641,1,0
39,230,579,1,0
39,231,759,1,0
39,232,649,1,0
39,233,651,1,0
39,234,573,1,0
39,235,665,1,0
39,236,661,1,0
39,237,599,1,0
39,238,678,1,0
39,239,621,1,0
39,240,748,1,0
39,241,616,1,0
39,242,651,1,0
39,243,620,1,0
39,244,576,1,0
39,245,698,1,0
39,246,665,1,0
39,247,708,1,0
39,248,709,1,0
39,249,717,1,0
39,250,678,1,0
39,251,656,1,0
39,252,698,1,0
39,253,727,1,0
39,254,618,1,0
39,255,698,1,0
39,256,888,1,0
39,257,651,1,0
39,258,682,1,0
39,259,874,1,0
39,260,865,1,0
39,261,708,1,0
39,262,708,1,0
39,263,799,1,0
39,264,724,1,0
39,265,658,1,0
39,266,696,1,0
39,267,668,1,0
39,268,830,1,0
39,269,816,1,0
39,270,734,1,0
39,271,643,1,0
39,272,646,1,0
39,273,629,1,0
39,274,625,1,0
39,275,556,1,0
39,276,797,1,0
39,277,697,1,0
39,278,747,1,0
39,279,741,1,0
39,280,674,1,0
39,281,600,1,0
39,282,691,1,0
39,283,685,1,0
39,284,648,1,0
39,285,607,1,0
39,286,628,1,0
39,287,609,1,0
39,288,601,1,0
39,289,632,1,0
39,290,684,1,0
39,291,565,1,0
39,292,580,1,0
39,293,615,1,0
39,294,704,1,0
39,295,632,1,0
39,296,596,1,0
39,297,636,1,0
39,298,696,1,0
39,299,1021,1,0
39,300,775,1,0
39,301,684,1,0
39,302,653,1,0
39,303,678,1,0
39,304,674,1,0
39,305,763,1,0
39,306,671,1,0
39,307,651,1,0
39,308,696,1,0
39,309,621,1,0
39,310,706,1,0
39,311,718,1,0
39,312,723,1,0
39,313,670,1,0
39,314,609,1,0
39,315,623,1,0
39,316,748,1,0
39,317,684,1,0
39,318,693,1,0
39,319,658,1,0
39,320,676,1,0
39,321,738,1,0
39,322,800,1,0
39,323,1250,1,0
39,324,691,1,0
39,325,747,1,0
39,326,685,1,0
39,327,633,1,0
39,328,685,1,0
39,329,607,1,0
39,330,609,1,0
39,331,736,1,0
39,332,781,1,0
39,333,872,1,0
39,334,773,1,0
39,335,952,1,0
39,336,944,1,0
39,337,1030,1,0
39,338,976,1,0
39,339,966,1,0
39,340,750,1,0
39,341,905,1,0
39,342,811,1,0
39,343,789,1,0
39,344,982,1,0
39,345,898,1,0
39,346,674,1,0
39,347,699,1,0
39,348,1009,1,0
39,349,828,1,0
39,350,1124,1,0
39,351,827,1,0
39,352,813,1,0
39,353,861,1,0
39,354,891,1,0
39,355,629,1,0
39,356,645,1,0
39,357,770,1,0
39,358,584,1,0
39,359,589,1,0
39,360,617,1,0
39,361,574,1,0
39,362,750,1,0
39,363,602,1,0
39,364,586,1,0
39,365,589,1,0
39,366,610,1,0
39,367,599,1,0
39,368,793,1,0
39,369,619,1,0
39,370,694,1,0
39,371,618,1,0
39,372,598,1,0
39,373,605,1,0
39,374,617,1,0
39,375,661,1,0
39,376,617,1,0
39,377,803,1,0
39,378,661,1,0
39,379,696,1,0
39,380,695,1,0
39,381,674,1,0
39,382,671,1,0
39,383,599,1,0
39,384,594,1,0
39,385,582,1,0
39,386,684,1,0
39,387,747,1,0
39,388,1218,1,0
39,389,633,1,0
39,390,683,1,0
39,391,956,1,0
39,392,584,1,0
39,393,592,1,0
39,394,606,1,0
39,395,694,1,0
39,396,691,1,0
39,397,625,1,0
39,398,589,1,0
39,399,594,1,0
39,400,1282,1,0
39,401,654,1,0
39,402,679,1,0
39,403,659,1,0
39,404,650,1,0
39,405,672,1,0
39,406,663,1,0
39,407,714,1,0
39,408,680,1,0
39,409,700,1,0
39,410,646,1,0
39,411,613,1,0
39,412,690,1,0
39,413,721,1,0
39,414,679,1,0
39,415,682,1,0
39,416,944,1,0
39,417,714,1,0
39,418,952,1,0
39,419,724,1,0
39,420,1406,1,0
39,421,774,1,0
39,422,726,1,0
39,423,711,1,0
39,424,698,1,0
39,425,924,1,0
39,426,628,1,0
39,427,942,1,0
39,428,1160,1,0
39,429,1030,1,0
39,430,910,1,0
39,431,1061,1,0
39,432,898,1,0
39,433,935,1,0
39,434,1343,1,0
39,435,961,1,0
39,436,977,1,0
39,437,986,1,0
39,438,942,1,0
39,439,876,1,0
39,440,820,1,0
39,441,913,1,0
39,442,861,1,0
39,443,845,1,0
39,444,776,1,0
39,445,757,1,0
39,446,975,1,0
39,447,827,1,0
39,448,1039,1,0
39,449,735,1,0
39,450,701,1,0
39,451,746,1,0
39,452,638,1,0
39,453,769,1,0
39,454,666,1,0
39,455,603,1,0
39,456,799,1,0
39,457,601,1,0
39,458,710,1,0
39,459,672,1,0
39,460,624,1,0
39,461,568,1,0
39,462,676,1,0
39,463,682,1,0
39,464,617,1,0
39,465,603,1,0
39,466,610,1,0
39,467,585,1,0
39,468,603,1,0
39,469,643,1,0
39,470,627,1,0
39,471,1127,1,0
39,472,657,1,0
39,473,648,1,0
39,474,722,1,0
39,475,638,1,0
39,476,694,1,0
39,477,704,1,0
39,478,730,1,0
39,479,855,1,0
39,480,657,1,0
39,481,609,1,0
39,482,647,1,0
39,483,603,1,0
39,484,649,1,0
39,485,611,1,0
39,486,817,1,0
39,487,1322,1,0
39,488,721,1,0
39,489,691,1,0
39,490,910,1,0
39,491,743,1,0
39,492,711,1,0
39,493,669,1,0
39,494,662,1,0
39,495,645,1,0
39,496,613,1,0
39,497,627,1,0
39,498,824,1,0
39,499,716,1,0
39,500,638,1,0
39,501,640,1,0
39,502,722,1,0
39,503,687,1,0
39,504,665,1,0
39,505,643,1,0
39,506,773,1,0
39,507,620,1,0
39,508,759,1,0
39,509,643,1,0
39,510,709,1,0
39,511,662,1,0
39,512,730,1,0
39,513,615,1,0
39,514,700,1,0
39,515,620,1,0
39,516,668,1,0
39,517,654,1,0
39,518,670,1,0
39,519,619,1,0
39,520,636,1,0
39,521,677,1,0
39,522,793,1,0
39,523,768,1,0
39,524,946,1,0
39,525,841,1,0
39,526,1088,1,0
39,527,795,1,0
39,528,831,1,0
39,529,901,1,0
39,530,994,1,0
39,531,948,1,0
39,532,1004,1,0
39,533,919,1,0
39,534,864,1,0
39,535,875,1,0
39,536,794,1,0
39,537,956,1,0
39,538,1015,1,0
39,539,859,1,0
39,540,720,1,0
39,541,808,1,0
39,542,746,1,0
39,543,819,1,0
39,544,704,1,0
39,545,669,1,0
39,546,643,1,0
39,547,1470,1,0
39,548,760,1,0
39,549,720,1,0
39,550,686,1,0
39,551,714,1,0
39,552,850,1,0
39,553,620,1,0
39,554,917,1,0
39,555,753,1,0
39,556,630,1,0
39,557,608,1,0
39,558,641,1,0
39,559,650,1,0
39,560,598,1,0
39,561,604,1,0
39,562,617,1,0
39,563,733,1,0
39,564,667,1,0
39,565,624,1,0
39,566,620,1,0
39,567,636,1,0
39,568,627,1,0
39,569,721,1,0
39,570,628,1,0
39,571,675,1,0
39,572,626,1,0
39,573,644,1,0
39,574,675,1,0
39,575,637,1,0
39,576,690,1,0
39,577,644,1,0
39,578,713,1,0
39,579,643,1,0
39,580,885,1,0
39,581,663,1,0
39,582,676,1,0
39,583,610,1,0
39,584,670,1,0
39,585,589,1,0
39,586,626,1,0
39,587,709,1,0
39,588,676,1,0
39,589,614,1,0
39,590,674,1,0
39,591,1105,1,0
39,592,605,1,0
39,593,754,1,0
39,594,633,1,0
39,595,661,1,0
39,596,672,1,0
39,597,701,1,0
39,598,1436,1,0
39,599,680,1,0
40,0,1750,1,0
40,1,901,1,0
40,2,668,1,0
40,3,660,1,0
40,4,703,1,0
40,5,635,1,0
40,6,788,1,0
40,7,1365,1,0
40,8,836,1,0
40,9,1764,1,0
40,10,695,1,0
40,11,665,1,0
40,12,619,1,0
40,13,585,1,0
40,14,784,1,0
40,15,580,1,0
40,16,792,1,0
40,17,720,1,0
40,18,639,1,0
40,19,663,1,0
40,20,693,1,0
40,21,1038,1,0
40,22,758,1,0
40,23,1109,1,0
40,24,819,1,0
40,25,897,1,0
40,26,802,1,0
40,27,1091,1,0
40,28,1236,1,0
40,29,1138,1,0
40,30,785,1,0
40,31,1127,1,0
40,32,1096,1,0
40,33,660,1,0
40,34,649,1,0
40,35,669,1,0
40,36,687,1,0
40,37,780,1,0
40,38,705,1,0
40,39,1108,1,0
40,40,739,1,0
40,41,929,1,0
40,42,856,1,0
40,43,695,1,0
40,44,677,1,0
40,45,724,1,0
40,46,649,1,0
40,47,726,1,0
40,48,704,1,0
40,49,543,1,0
40,50,802,1,0
40,51,631,1,0
40,52,622,1,0
40,53,629,1,0
40,54,803,1,0
40,55,813,1,0
40,56,844,1,0
40,57,708,1,0
40,58,1195,1,0
40,59,868,1,0
40,60,659,1,0
40,61,675,1,0
40,62,603,1,0
40,63,618,1,0
40,64,589,1,0
40,65,734,1,0
40,66,699,1,0
40,67,660,1,0
40,68,659,1,0
40,69,1530,1,0
40,70,814,1,0
40,71,1005,1,0
40,72,986,1,0
40,73,1320,1,0
40,74,1310,1,0
40,75,1300,1,0
40,76,608,1,0
40,77,1605,1,0
40,78,820,1,0
40,79,612,1,0
40,80,752,1,0
40,81,591,1,0
40,82,727,1,0
40,83,677,1,0
40,84,578,1,0
40,85,683,1,0
40,86,614,1,0
40,87,622,1,0
40,88,669,1,0
40,89,646,1,0
40,90,684,1,0
40,91,599,1,0
40,92,593,1,0
40,93,658,1,0
40,94,626,1,0
40,95,585,1,0
40,96,602,1,0
40,97,650,1,0
40,98,640,1,0
40,99,591,1,0
40,100,643,1,0
40,101,584,1,0
40,102,647,1,0
40,103,826,1,0
40,104,1053,1,0
40,105,637,1,0
40,106,771,1,0
40,107,840,1,0
40,108,677,1,0
40,109,675,1,0
40,110,910,1,0
40,111,1035,1,0
40,112,1090,1,0
40,113,939,1,0
40,114,1021,1,0
40,115,886,1,0
40,116,888,1,0
40,117,692,1,0
40,118,1099,1,0
40,119,877,1,0
40,120,732,1,0
40,121,832,1,0
40,122,921,1,0
40,123,915,1,0
40,124,850,1,0
40,125,1337,1,0
40,126,940,1,0
40,127,966,1,0
40,128,719,1,0
40,129,765,1,0
40,130,926,1,0
40,131,777,1,0
40,132,657,1,0
40,133,684,1,0
40,134,677,1,0
40,135,737,1,0
40,136,1001,1,0
40,137,951,1,0
40,138,659,1,0
40,139,659,1,0
40,140,809,1,0
40,141,688,1,0
40,142,593,1,0
40,143,758,1,0
40,144,720,1,0
40,145,631,1,0
40,146,797,1,0
40,147,690,1,0
40,148,642,1,0
40,149,660,1,0
40,150,809,1,0
40,151,614,1,0
40,152,692,1,0
40,153,635,1,0
40,154,586,1,0
40,155,637,1,0
40,156,840,1,0
40,157,714,1,0
40,158,631,1,0
40,159,734,1,0
40,160,650,1,0
40,161,713,1,0
40,162,638,1,0
40,163,651,1,0
40,164,786,1,0
40,165,720,1,0
40,166,1047,1,0
40,167,944,1,0
40,168,602,1,0
40,169,652,1,0
40,170,671,1,0
40,171,715,1,0
40,172,751,1,0
40,173,637,1,0
40,174,625,1,0
40,175,635,1,0
40,176,910,1,0
40,177,714,1,0
40,178,763,1,0
40,179,632,1,0
40,180,625,1,0
40,181,628,1,0
40,182,968,1,0
40,183,608,1,0
40,184,668,1,0
40,185,778,1,0
40,186,619,1,0
40,187,710,1,0
40,188,1025,1,0
40,189,823,1,0
40,190,633,1,0
40,191,596,1,0
40,192,798,1,0
40,193,903,1,0
40,194,871,1,0
40,195,1093,1,0
40,196,1404,1,0
40,197,694,1,0
40,198,877,1,0
40,199,687,1,0
40,200,623,1,0
40,201,1170,1,0
40,202,666,1,0
40,203,1054,1,0
40,204,772,1,0
40,205,749,1,0
40,206,672,1,0
40,207,587,1,0
40,208,648,1,0
40,209,739,1,0
40,210,792,1,0
40,211,712,1,0
40,212,625,1,0
40,213,711,1,0
40,214,881,1,0
40,215,641,1,0
40,216,797,1,0
40,217,803,1,0
40,218,773,1,0
40,219,727,1,0
40,220,696,1,0
40,221,720,1,0
40,222,731,1,0
40,223,669,1,0
40,224,840,1,0
40,225,729,1,0
40,226,711,1,0
40,227,606,1,0
40,228,840,1,0
40,229,577,1,0
40,230,589,1,0
40,231,615,1,0
40,232,616,1,0
40,233,551,1,0
40,234,547,1,0
40,235,600,1,0
40,236,614,1,0
40,237,673,1,0
40,238,623,1,0
40,239,602,1,0
40,240,567,1,0
40,241,648,1,0
40,242,607,1,0
40,243,669,1,0
40,244,655,1,0
40,245,601,1,0
40,246,557,1,0
40,247,593,1,0
40,248,596,1,0
40,249,558,1,0
40,250,648,1,0
40,251,593,1,0
40,252,732,1,0
40,253,542,1,0
40,254,547,1,0
40,255,737,1,0
40,256,680,1,0
40,257,605,1,0
40,258,593,1,0
40,259,709,1,0
40,260,595,1,0
40,261,619,1,0
40,262,567,1,0
40,263,625,1,0
40,264,882,1,0
40,265,660,1,0
40,266,629,1,0
40,267,590,1,0
40,268,725,1,0
40,269,665,1,0
40,270,682,1,0
40,271,716,1,0
40,272,608,1,0
40,273,677,1,0
40,274,636,1,0
40,275,627,1,0
40,276,584,1,0
40,277,617,1,0
40,278,600,1,0
40,279,639,1,0
40,280,647,1,0
40,281,701,1,0
40,282,610,1,0
40,283,575,1,0
40,284,623,1,0
40,285,612,1,0
40,286,599,1,0
40,287,666,1,0
40,288,654,1,0
40,289,821,1,0
40,290,852,1,0
40,291,673,1,0
40,292,772,1,0
40,293,1014,1,0
40,294,932,1,0
40,295,768,1,0
40,296,718,1,0
40,297,924,1,0
40,298,985,1,0
40,299,1279,1,0
40,300,710,1,0
40,301,731,1,0
40,302,747,1,0
40,303,735,1,0
40,304,796,1,0
40,305,746,1,0
40,306,818,1,0
40,307,765,1,0
40,308,811,1,0
40,309,728,1,0
40,310,648,1,0
40,311,863,1,0
40,312,995,1,0
40,313,774,1,0
40,314,589,1,0
40,315,588,1,0
40,316,598,1,0
40,317,659,1,0
40,318,784,1,0
40,319,854,1,0
40,320,1006,1,0
40,321,877,1,0
40,322,1029,1,0
40,323,767,1,0
40,324,840,1,0
40,325,1073,1,0
40,326,595,1,0
40,327,653,1,0
40,328,748,1,0
40,329,625,1,0
40,330,555,1,0
40,331,758,1,0
40,332,767,1,0
40,333,613,1,0
40,334,633,1,0
40,335,635,1,0
40,336,663,1,0
40,337,575,1,0
40,338,608,1,0
40,339,668,1,0
40,340,680,1,0
40,341,649,1,0
40,342,606,1,0
40,343,638,1,0
40,344,666,1,0
40,345,646,1,0
40,346,646,1,0
40,347,640,1,0
40,348,666,1,0
40,349,634,1,0
40,350,786,1,0
40,351,853,1,0
40,352,622,1,0
40,353,588,1,0
40,354,674,1,0
40,355,662,1,0
40,356,646,1,0
40,357,835,1,0
40,358,596,1,0
40,359,636,1,0
40,360,644,1,0
40,361,655,1,0
40,362,656,1,0
40,363,660,1,0
40,364,607,1,0
40,365,615,1,0
40,366,645,1,0
40,367,591,1,0
40,368,1043,1,0
40,369,600,1,0
40,370,670,1,0
40,371,593,1,0
40,372,646,1,0
40,373,667,1,0
40,374,631,1,0
40,375,804,1,0
40,376,672,1,0
40,377,628,1,0
40,378,897,1,0
40,379,1023,1,0
40,380,719,1,0
40,381,794,1,0
40,382,630,1,0
40,383,677,1,0
40,384,642,1,0
40,385,683,1,0
40,386,918,1,0
40,387,1531,1,0
40,388,1186,1,0
40,389,711,1,0
40,390,642,1,0
40,391,1135,1,0
40,392,703,1,0
40,393,610,1,0
40,394,692,1,0
40,395,677,1,0
40,396,805,1,0
40,397,673,1,0
40,398,719,1,0
40,399,697,1,0
40,400,1651,1,0
40,401,692,1,0
40,402,989,1,0
40,403,672,1,0
40,404,702,1,0
40,405,776,1,0
40,406,901,1,0
40,407,810,1,0
40,408,682,1,0
40,409,927,1,0
40,410,989,1,0
40,411,741,1,0
40,412,591,1,0
40,413,712,1,0
40,414,681,1,0
40,415,784,1,0
40,416,761,1,0
40,417,680,1,0
40,418,693,1,0
40,419,603,1,0
40,420,728,1,0
40,421,629,1,0
40,422,591,1,0
40,423,583,1,0
40,424,673,1,0
40,425,783,1,0
40,426,704,1,0
40,427,685,1,0
40,428,701,1,0
40,429,606,1,0
40,430,593,1,0
40,431,684,1,0
40,432,602,1,0
40,433,633,1,0
40,434,666,1,0
40,435,633,1,0
40,436,721,1,0
40,437,603,1,0
40,438,659,1,0
40,439,632,1,0
40,440,685,1,0
40,441,654,1,0
40,442,643,1,0
40,443,649,1,0
40,444,672,1,0
40,445,629,1,0
40,446,750,1,0
40,447,650,1,0
40,448,680,1,0
40,449,551,1,0
40,450,706,1,0
40,451,695,1,0
40,452,628,1,0
40,453,611,1,0
40,454,645,1,0
40,455,612,1,0
40,456,666,1,0
40,457,722,1,0
40,458,752,1,0
40,459,643,1,0
40,460,664,1,0
40,461,940,1,0
40,462,636,1,0
40,463,659,1,0
40,464,786,1,0
40,465,604,1,0
40,466,682,1,0
40,467,619,1,0
40,468,760,1,0
40,469,587,1,0
40,470,622,1,0
40,471,720,1,0
40,472,659,1,0
40,473,783,1,0
40,474,706,1,0
40,475,695,1,0
40,476,675,1,0
40,477,712,1,0
40,478,1126,1,0
40,479,1174,1,0
40,480,976,1,0
40,481,1131,1,0
40,482,1200,1,0
40,483,993,1,0
40,484,734,1,0
40,485,673,1,0
40,486,1030,1,0
40,487,1322,1,0
40,488,1036,1,0
40,489,2269,1,0
40,490,559,1,0
40,491,652,1,0
40,492,801,1,0
40,493,820,1,0
40,494,828,1,0
40,495,790,1,0
40,496,654,1,0
40,497,608,1,0
40,498,693,1,0
40,499,659,1,0
40,500,691,1,0
40,501,728,1,0
40,502,1405,1,0
40,503,752,1,0
40,504,624,1,0
40,505,657,1,0
40,506,765,1,0
40,507,575,1,0
40,508,733,1,0
40,509,624,1,0
40,510,575,1,0
40,511,640,1,0
40,512,576,1,0
40,513,743,1,0
40,514,665,1,0
40,515,608,1,0
40,516,578,1,0
40,517,638,1,0
40,518,688,1,0
40,519,605,1,0
40,520,637,1,0
40,521,618,1,0
40,522,613,1,0
40,523,682,1,0
40,524,609,1,0
40,525,672,1,0
40,526,838,1,0
40,527,592,1,0
40,528,670,1,0
40,529,636,1,0
40,530,678,1,0
40,531,657,1,0
40,532,655,1,0
40,533,621,1,0
40,534,565,1,0
40,535,663,1,0
40,536,633,1,0
40,537,648,1,0
40,538,650,1,0
40,539,614,1,0
40,540,613,1,0
40,541,929,1,0
40,542,633,1,0
40,543,614,1,0
40,544,606,1,0
40,545,636,1,0
40,546,663,1,0
40,547,831,1,0
40,548,677,1,0
40,549,729,1,0
40,550,635,1,0
40,551,705,1,0
40,552,762,1,0
40,553,692,1,0
40,554,666,1,0
40,555,884,1,0
40,556,688,1,0
40,557,667,1,0
40,558,692,1,0
40,559,670,1,0
40,560,629,1,0
40,561,609,1,0
40,562,1209,1,0
40,563,961,1,0
40,564,683,1,0
40,565,645,1,0
40,566,798,1,0
40,567,801,1,0
40,568,1067,1,0
40,569,1081,1,0
40,570,745,1,0
40,571,781,1,0
40,572,699,1,0
40,573,878,1,0
40,574,846,1,0
40,575,1102,1,0
40,576,842,1,0
40,577,713,1,0
40,578,957,1,0
40,579,834,1,0
40,580,717,1,0
40,581,782,1,0
40,582,664,1,0
40,583,813,1,0
40,584,890,1,0
40,585,979,1,0
40,586,832,1,0
40,587,808,1,0
40,588,860,1,0
40,589,718,1,0
40,590,997,1,0
40,591,759,1,0
40,592,751,1,0
40,593,1030,1,0
40,594,819,1,0
40,595,856,1,0
40,596,817,1,0
40,597,928,1,0
40,598,1137,1,0
40,599,684,1,0
41,0,2290,1,0
41,1,956,1,0
41,2,816,1,0
41,3,1080,1,0
41,4,1042,1,0
41,5,1066,1,0
41,6,997,1,0
41,7,1496,1,0
41,8,952,1,0
41,9,1835,1,0
41,10,726,1,0
41,11,649,1,0
41,12,747,1,0
41,13,912,1,0
41,14,889,1,0
41,15,640,1,0
41,16,585,1,0
41,17,657,1,0
41,18,589,1,0
41,19,573,1,0
41,20,643,1,0
41,21,1185,1,0
41,22,655,1,0
41,23,629,1,0
41,24,803,1,0
41,25,601,1,0
41,26,630,1,0
41,27,691,1,0
41,28,707,1,0
41,29,736,1,0
41,30,695,1,0
41,31,666,1,0
41,32,969,1,0
41,33,646,1,0
41,34,626,1,0
41,35,599,1,0
41,36,632,1,0
41,37,623,1,0
41,38,639,1,0
41,39,665,1,0
41,40,641,1,0
41,41,666,1,0
41,42,623,1,0
41,43,565,1,0
41,44,663,1,0
41,45,634,1,0
41,46,636,1,0
41,47,634,1,0
41,48,609,1,0
41,49,675,1,0
41,50,662,1,0
41,51,657,1,0
41,52,659,1,0
41,53,697,1,0
41,54,766,1,0
41,55,675,1,0
41,56,656,1,0
41,57,595,1,0
41,58,1107,1,0
41,59,866,1,0
41,60,703,1,0
41,61,782,1,0
41,62,697,1,0
41,63,606,1,0
41,64,683,1,0
41,65,753,1,0
41,66,682,1,0
41,67,662,1,0
41,68,789,1,0
41,69,1447,1,0
41,70,848,1,0
41,71,1288,1,0
41,72,681,1,0
41,73,1237,1,0
41,74,957,1,0
41,75,750,1,0
41,76,705,1,0
41,77,833,1,0
41,78,662,1,0
41,79,663,1,0
41,80,690,1,0
41,81,706,1,0
41,82,846,1,0
41,83,806,1,0
41,84,752,1,0
41,85,677,1,0
41,86,690,1,0
41,87,757,1,0
41,88,823,1,0
41,89,820,1,0
41,90,775,1,0
41,91,681,1,0
41,92,728,1,0
41,93,852,1,0
41,94,617,1,0
41,95,643,1,0
41,96,583,1,0
41,97,659,1,0
41,98,615,1,0
41,99,588,1,0
41,100,650,1,0
41,101,595,1,0
41,102,639,1,0
41,103,633,1,0
41,104,620,1,0
41,105,620,1,0
41,106,693,1,0
41,107,626,1,0
41,108,656,1,0
41,109,623,1,0
41,110,622,1,0
41,111,630,1,0
41,112,666,1,0
41,113,925,1,0
41,114,705,1,0
41,115,664,1,0
41,116,646,1,0
41,117,643,1,0
41,118,795,1,0
41,119,619,1,0
41,120,628,1,0
41,121,647,1,0
41,122,662,1,0
41,123,618,1,0
41,124,698,1,0
41,125,827,1,0
41,126,647,1,0
41,127,647,1,0
41,128,672,1,0
41,129,625,1,0
41,130,701,1,0
41,131,656,1,0
41,132,655,1,0
41,133,688,1,0
41,134,682,1,0
41,135,736,1,0
41,136,749,1,0
41,137,693,1,0
41,138,1764,1,0
41,139,675,1,0
41,140,701,1,0
41,141,655,1,0
41,142,768,1,0
41,143,728,1,0
41,144,750,1,0
41,145,696,1,0
41,146,898,1,0
41,147,640,1,0
41,148,751,1,0
41,149,919,1,0
41,150,648,1,0
41,151,710,1,0
41,152,1259,1,0
41,153,819,1,0
41,154,725,1,0
41,155,1215,1,0
41,156,1057,1,0
41,157,1216,1,0
41,158,837,1,0
41,159,1044,1,0
41,160,1073,1,0
41,161,1298,1,0
41,162,1088,1,0
41,163,1009,1,0
41,164,793,1,0
41,165,1164,1,0
41,166,1218,1,0
41,167,1042,1,0
41,168,647,1,0
41,169,765,1,0
41,170,721,1,0
41,171,1482,1,0
41,172,865,1,0
41,173,1605,1,0
41,174,687,1,0
41,175,679,1,0
41,176,780,1,0
41,177,1085,1,0
41,178,1033,1,0
41,179,894,1,0
41,180,780,1,0
41,181,661,1,0
41,182,832,1,0
41,183,728,1,0
41,184,790,1,0
41,185,653,1,0
41,186,667,1,0
41,187,662,1,0
41,188,671,1,0
41,189,573,1,0
41,190,703,1,0
41,191,603,1,0
41,192,651,1,0
41,193,666,1,0
41,194,706,1,0
41,195,830,1,0
41,196,676,1,0
41,197,704,1,0
41,198,602,1,0
41,199,774,1,0
41,200,551,1,0
41,201,646,1,0
41,202,797,1,0
41,203,655,1,0
41,204,604,1,0
41,205,679,1,0
41,206,615,1,0
41,207,583,1,0
41,208,630,1,0
41,209,658,1,0
41,210,673,1,0
41,211,585,1,0
41,212,575,1,0
41,213,653,1,0
41,214,656,1,0
41,215,650,1,0
41,216,627,1,0
41,217,672,1,0
41,218,575,1,0
41,219,635,1,0
41,220,653,1,0
41,221,592,1,0
41,222,566,1,0
41,223,542,1,0
41,224,570,1,0
41,225,627,1,0
41,226,631,1,0
41,227,634,1,0
41,228,582,1,0
41,229,611,1,0
41,230,607,1,0
41,231,681,1,0
41,232,609,1,0
41,233,590,1,0
41,234,586,1,0
41,235,636,1,0
41,236,649,1,0
41,237,635,1,0
41,238,659,1,0
41,239,724,1,0
41,240,628,1,0
41,241,624,1,0
41,242,626,1,0
41,243,633,1,0
41,244,637,1,0
41,245,659,1,0
41,246,692,1,0
41,247,661,1,0
41,248,618,1,0
41,249,679,1,0
41,250,730,1,0
41,251,654,1,0
41,252,710,1,0
41,253,588,1,0
41,254,610,1,0
41,255,732,1,0
41,256,681,1,0
41,257,657,1,0
41,258,648,1,0
41,259,757,1,0
41,260,685,1,0
41,261,669,1,0
41,262,634,1,0
41,263,621,1,0
41,264,778,1,0
41,265,645,1,0
41,266,760,1,0
41,267,742,1,0
41,268,633,1,0
41,269,949,1,0
41,270,688,1,0
41,271,778,1,0
41,272,735,1,0
41,273,660,1,0
41,274,656,1,0
41,275,670,1,0
41,276,631,1,0
41,277,586,1,0
41,278,613,1,0
41,279,593,1,0
41,280,662,1,0
41,281,601,1,0
41,282,575,1,0
41,283,566,1,0
41,284,575,1,0
41,285,557,1,0
41,286,689,1,0
41,287,612,1,0
41,288,595,1,0
41,289,651,1,0
41,290,725,1,0
41,291,728,1,0
41,292,583,1,0
41,293,588,1,0
41,294,664,1,0
41,295,592,1,0
41,296,599,1,0
41,297,608,1,0
41,298,654,1,0
41,299,705,1,0
41,300,918,1,0
41,301,586,1,0
41,302,629,1,0
41,303,626,1,0
41,304,627,1,0
41,305,633,1,0
41,306,547,1,0
41,307,614,1,0
41,308,648,1,0
41,309,731,1,0
41,310,647,1,0
41,311,671,1,0
41,312,614,1,0
41,313,597,1,0
41,314,586,1,0
41,315,576,1,0
41,316,610,1,0
41,317,617,1,0
41,318,608,1,0
41,319,672,1,0
41,320,637,1,0
41,321,731,1,0
41,322,651,1,0
41,323,847,1,0
41,324,718,1,0
41,325,679,1,0
41,326,609,1,0
41,327,615,1,0
41,328,611,1,0
41,329,688,1,0
41,330,651,1,0
41,331,820,1,0
41,332,632,1,0
41,333,841,1,0
41,334,829,1,0
41,335,1263,1,0
41,336,786,1,0
41,337,652,1,0
41,338,813,1,0
41,339,639,1,0
41,340,820,1,0
41,341,618,1,0
41,342,735,1,0
41,343,772,1,0
41,344,699,1,0
41,345,705,1,0
41,346,785,1,0
41,347,769,1,0
41,348,936,1,0
41,349,1005,1,0
41,350,1105,1,0
41,351,959,1,0
41,352,916,1,0
41,353,811,1,0
41,354,1060,1,0
41,355,669,1,0
41,356,753,1,0
41,357,835,1,0
41,358,717,1,0
41,359,638,1,0
41,360,761,1,0
41,361,736,1,0
41,362,691,1,0
41,363,788,1,0
41,364,693,1,0
41,365,731,1,0
41,366,750,1,0
41,367,794,1,0
41,368,839,1,0
41,369,633,1,0
41,370,773,1,0
41,371,694,1,0
41,372,583,1,0
41,373,735,1,0
41,374,603,1,0
41,375,649,1,0
41,376,634,1,0
41,377,613,1,0
41,378,619,1,0
41,379,754,1,0
41,380,639,1,0
41,381,692,1,0
41,382,605,1,0
41,383,730,1,0
41,384,607,1,0
41,385,602,1,0
41,386,751,1,0
41,387,648,1,0
41,388,650,1,0
41,389,695,1,0
41,390,667,1,0
41,391,804,1,0
41,392,583,1,0
41,393,584,1,0
41,394,586,1,0
41,395,595,1,0
41,396,596,1,0
41,397,697,1,0
41,398,598,1,0
41,399,563,1,0
41,400,842,1,0
41,401,588,1,0
41,402,630,1,0
41,403,660,1,0
41,404,630,1,0
41,405,653,1,0
41,406,643,1,0
41,407,601,1,0
41,408,593,1,0
41,409,645,1,0
41,410,581,1,0
41,411,668,1,0
41,412,688,1,0
41,413,685,1,0
41,414,701,1,0
41,415,644,1,0
41,416,729,1,0
41,417,682,1,0
41,418,776,1,0
41,419,624,1,0
41,420,953,1,0
41,421,612,1,0
41,422,699,1,0
41,423,646,1,0
41,424,609,1,0
41,425,572,1,0
41,426,659,1,0
41,427,724,1,0
41,428,1025,1,0
41,429,714,1,0
41,430,905,1,0
41,431,767,1,0
41,432,663,1,0
41,433,704,1,0
41,434,975,1,0
41,435,624,1,0
41,436,646,1,0
41,437,730,1,0
41,438,875,1,0
41,439,745,1,0
41,440,1026,1,0
41,441,1027,1,0
41,442,1058,1,0
41,443,905,1,0
41,444,815,1,0
41,445,952,1,0
41,446,720,1,0
41,447,1022,1,0
41,448,924,1,0
41,449,781,1,0
41,450,765,1,0
41,451,762,1,0
41,452,738,1,0
41,453,722,1,0
41,454,856,1,0
41,455,862,1,0
41,456,940,1,0
41,457,837,1,0
41,458,1051,1,0
41,459,683,1,0
41,460,844,1,0
41,461,745,1,0
41,462,750,1,0
41,463,909,1,0
41,464,705,1,0
41,465,845,1,0
41,466,638,1,0
41,467,700,1,0
41,468,858,1,0
41,469,554,1,0
41,470,602,1,0
41,471,593,1,0
41,472,614,1,0
41,473,669,1,0
41,474,642,1,0
41,475,587,1,0
41,476,597,1,0
41,477,637,1,0
41,478,686,1,0
41,479,718,1,0
41,480,646,1,0
41,481,623,1,0
41,482,649,1,0
41,483,553,1,0
41,484,676,1,0
41,485,629,1,0
41,486,681,1,0
41,487,947,1,0
41,488,686,1,0
41,489,714,1,0
41,490,634,1,0
41,491,608,1,0
41,492,631,1,0
41,493,593,1,0
41,494,681,1,0
41,495,613,1,0
41,496,720,1,0
41,497,610,1,0
41,498,660,1,0
41,499,683,1,0
41,500,597,1,0
41,501,694,1,0
41,502,708,1,0
41,503,639,1,0
41,504,686,1,0
41,505,610,1,0
41,506,655,1,0
41,507,651,1,0
41,508,597,1,0
41,509,607,1,0
41,510,658,1,0
41,511,624,1,0
41,512,614,1,0
41,513,738,1,0
41,514,589,1,0
41,515,635,1,0
41,516,636,1,0
41,517,560,1,0
41,518,661,1,0
41,519,637,1,0
41,520,720,1,0
41,521,855,1,0
41,522,865,1,0
41,523,1083,1,0
41,524,623,1,0
41,525,684,1,0
41,526,659,1,0
41,527,877,1,0
41,528,911,1,0
41,529,1025,1,0
41,530,964,1,0
41,531,920,1,0
41,532,626,1,0
41,533,830,1,0
41,534,687,1,0
41,535,937,1,0
41,536,903,1,0
41,537,902,1,0
41,538,859,1,0
41,539,1034,1,0
41,540,964,1,0
41,541,933,1,0
41,542,867,1,0
41,543,844,1,0
41,544,847,1,0
41,545,758,1,0
41,546,778,1,0
41,547,1180,1,0
41,548,829,1,0
41,549,902,1,0
41,550,784,1,0
41,551,822,1,0
41,552,795,1,0
41,553,982,1,0
41,554,1016,1,0
41,555,1044,1,0
41,556,740,1,0
41,557,673,1,0
41,558,898,1,0
41,559,762,1,0
41,560,817,1,0
41,561,623,1,0
41,562,584,1,0
41,563,605,1,0
41,564,649,1,0
41,565,602,1,0
41,566,658,1,0
41,567,597,1,0
41,568,647,1,0
41,569,668,1,0
41,570,582,1,0
41,571,1126,1,0
41,572,607,1,0
41,573,644,1,0
41,574,629,1,0
41,575,589,1,0
41,576,590,1,0
41,577,814,1,0
41,578,633,1,0
41,579,616,1,0
41,580,665,1,0
41,581,717,1,0
41,582,598,1,0
41,583,585,1,0
41,584,685,1,0
41,585,627,1,0
41,586,632,1,0
41,587,669,1,0
41,588,739,1,0
41,589,635,1,0
41,590,633,1,0
41,591,769,1,0
41,592,648,1,0
41,593,695,1,0
41,594,670,1,0
41,595,663,1,0
41,596,665,1,0
41,597,629,1,0
41,598,744,1,0
41,599,825,1,0
42,0,1586,1,0
42,1,855,1,0
42,2,648,1,0
42,3,646,1,0
42,4,589,1,0
42,5,603,1,0
42,6,699,1,0
42,7,773,1,0
42,8,742,1,0
42,9,830,1,0
42,10,656,1,0
42,11,636,1,0
42,12,634,1,0
42,13,585,1,0
42,14,773,1,0
42,15,659,1,0
42,16,670,1,0
42,17,655,1,0
42,18,651,1,0
42,19,696,1,0
42,20,652,1,0
42,21,889,1,0
42,22,609,1,0
42,23,684,1,0
42,24,998,1,0
42,25,1475,1,0
42,26,644,1,0
42,27,640,1,0
42,28,718,1,0
42,29,996,1,0
42,30,1078,1,0
42,31,804,1,0
42,32,744,1,0
42,33,616,1,0
42,34,766,1,0
42,35,631,1,0
42,36,690,1,0
42,37,738,1,0
42,38,683,1,0
42,39,673,1,0
42,40,725,1,0
42,41,632,1,0
42,42,678,1,0
42,43,702,1,0
42,44,670,1,0
42,45,673,1,0
42,46,684,1,0
42,47,650,1,0
42,48,707,1,0
42,49,720,1,0
42,50,1240,1,0
42,51,646,1,0
42,52,652,1,0
42,53,754,1,0
42,54,687,1,0
42,55,906,1,0
42,56,707,1,0
42,57,908,1,0
42,58,1263,1,0
42,59,784,1,0
42,60,886,1,0
42,61,914,1,0
42,62,918,1,0
42,63,841,1,0
42,64,803,1,0
42,65,1040,1,0
42,66,700,1,0
42,67,739,1,0
42,68,748,1,0
42,69,956,1,0
42,70,628,1,0
42,71,743,1,0
42,72,922,1,0
42,73,632,1,0
42,74,604,1,0
42,75,727,1,0
42,76,732,1,0
42,77,650,1,0
42,78,652,1,0
42,79,601,1,0
42,80,670,1,0
42,81,646,1,0
42,82,707,1,0
42,83,622,1,0
42,84,626,1,0
42,85,630,1,0
42,86,597,1,0
42,87,724,1,0
42,88,577,1,0
42,89,682,1,0
42,90,597,1,0
42,91,656,1,0
42,92,698,1,0
42,93,656,1,0
42,94,668,1,0
42,95,642,1,0
42,96,643,1,0
42,97,596,1,0
42,98,642,1,0
42,99,636,1,0
42,100,817,1,0
42,101,652,1,0
42,102,631,1,0
42,103,631,1,0
42,104,592,1,0
42,105,691,1,0
42,106,663,1,0
42,107,599,1,0
42,108,669,1,0
42,109,633,1,0
42,110,704,1,0
42,111,673,1,0
42,112,639,1,0
42,113,702,1,0
42,114,817,1,0
42,115,997,1,0
42,116,621,1,0
42,117,658,1,0
42,118,647,1,0
42,119,671,1,0
42,120,703,1,0
42,121,761,1,0
42,122,739,1,0
42,123,1075,1,0
42,124,684,1,0
42,125,834,1,0
42,126,747,1,0
42,127,924,1,0
42,128,1128,1,0
42,129,716,1,0
42,130,1273,1,0
42,131,887,1,0
42,132,820,1,0
42,133,800,1,0
42,134,951,1,0
42,135,1158,1,0
42,136,1094,1,0
42,137,888,1,0
42,138,890,1,0
42,139,893,1,0
42,140,840,1,0
42,141,1024,1,0
42,142,956,1,0
42,143,790,1,0
42,144,788,1,0
42,145,862,1,0
42,146,923,1,0
42,147,874,1,0
42,148,940,1,0
42,149,1013,1,0
42,150,786,1,0
42,151,910,1,0
42,152,734,1,0
42,153,698,1,0
42,154,940,1,0
42,155,1001,1,0
42,156,659,1,0
42,157,707,1,0
42,158,666,1,0
42,159,629,1,0
42,160,680,1,0
42,161,639,1,0
42,162,607,1,0
42,163,786,1,0
42,164,818,1,0
42,165,694,1,0
42,166,983,1,0
42,167,698,1,0
42,168,715,1,0
42,169,661,1,0
42,170,643,1,0
42,171,698,1,0
42,172,621,1,0
42,173,773,1,0
42,174,630,1,0
42,175,573,1,0
42,176,664,1,0
42,177,743,1,0
42,178,830,1,0
42,179,633,1,0
42,180,848,1,0
42,181,621,1,0
42,182,790,1,0
42,183,764,1,0
42,184,675,1,0
42,185,635,1,0
42,186,730,1,0
42,187,755,1,0
42,188,739,1,0
42,189,730,1,0
42,190,629,1,0
42,191,693,1,0
42,192,1455,1,0
42,193,629,1,0
42,194,636,1,0
42,195,804,1,0
42,196,637,1,0
42,197,637,1,0
42,198,910,1,0
42,199,575,1,0
42,200,827,1,0
42,201,2460,1,0
42,202,729,1,0
42,203,1023,1,0
42,204,615,1,0
42,205,760,1,0
42,206,940,1,0
42,207,850,1,0
42,208,676,1,0
42,209,709,1,0
42,210,871,1,0
42,211,697,1,0
42,212,622,1,0
42,213,684,1,0
42,214,636,1,0
42,215,749,1,0
42,216,674,1,0
42,217,687,1,0
42,218,677,1,0
42,219,694,1,0
42,220,698,1,0
42,221,736,1,0
42,222,772,1,0
42,223,700,1,0
42,224,622,1,0
42,225,737,1,0
42,226,692,1,0
42,227,690,1,0
42,228,701,1,0
42,229,745,1,0
42,230,685,1,0
42,231,651,1,0
42,232,619,1,0
42,233,761,1,0
42,234,726,1,0
42,235,678,1,0
42,236,740,1,0
42,237,715,1,0
42,238,741,1,0
42,239,1107,1,0
42,240,895,1,0
42,241,745,1,0
42,242,821,1,0
42,243,729,1,0
42,244,819,1,0
42,245,774,1,0
42,246,811,1,0
42,247,633,1,0
42,248,663,1,0
42,249,675,1,0
42,250,798,1,0
42,251,616,1,0
42,252,724,1,0
42,253,609,1,0
42,254,622,1,0
42,255,743,1,0
42,256,1097,1,0
42,257,628,1,0
42,258,612,1,0
42,259,655,1,0
42,260,870,1,0
42,261,663,1,0
42,262,666,1,0
42,263,620,1,0
42,264,691,1,0
42,265,620,1,0
42,266,632,1,0
42,267,592,1,0
42,268,622,1,0
42,269,633,1,0
42,270,708,1,0
42,271,737,1,0
42,272,652,1,0
42,273,646,1,0
42,274,658,1,0
42,275,608,1,0
42,276,657,1,0
42,277,647,1,0
42,278,706,1,0
42,279,677,1,0
42,280,640,1,0
42,281,608,1,0
42,282,592,1,0
42,283,634,1,0
42,284,711,1,0
42,285,714,1,0
42,286,661,1,0
42,287,679,1,0
42,288,688,1,0
42,289,603,1,0
42,290,676,1,0
42,291,629,1,0
42,292,657,1,0
42,293,740,1,0
42,294,703,1,0
42,295,709,1,0
42,296,754,1,0
42,297,803,1,0
42,298,853,1,0
42,299,885,1,0
42,300,1080,1,0
42,301,715,1,0
42,302,665,1,0
42,303,777,1,0
42,304,677,1,0
42,305,677,1,0
42,306,728,1,0
42,307,682,1,0
42,308,735,1,0
42,309,726,1,0
42,310,639,1,0
42,311,686,1,0
42,312,773,1,0
42,313,744,1,0
42,314,658,1,0
42,315,628,1,0
42,316,641,1,0
42,317,672,1,0
42,318,843,1,0
42,319,632,1,0
42,320,797,1,0
42,321,1029,1,0
42,322,782,1,0
42,323,1581,1,0
42,324,805,1,0
42,325,988,1,0
42,326,906,1,0
42,327,887,1,0
42,328,642,1,0
42,329,788,1,0
42,330,875,1,0
42,331,860,1,0
42,332,779,1,0
42,333,852,1,0
42,334,895,1,0
42,335,713,1,0
42,336,1045,1,0
42,337,1057,1,0
42,338,722,1,0
42,339,752,1,0
42,340,802,1,0
42,341,676,1,0
42,342,1276,1,0
42,343,776,1,0
42,344,1047,1,0
42,345,757,1,0
42,346,675,1,0
42,347,604,1,0
42,348,966,1,0
42,349,866,1,0
42,350,678,1,0
42,351,607,1,0
42,352,672,1,0
42,353,675,1,0
42,354,663,1,0
42,355,626,1,0
42,356,613,1,0
42,357,627,1,0
42,358,685,1,0
42,359,629,1,0
42,360,609,1,0
42,361,654,1,0
42,362,681,1,0
42,363,670,1,0
42,364,740,1,0
42,365,645,1,0
42,366,720,1,0
42,367,769,1,0
42,368,623,1,0
42,369,694,1,0
42,370,644,1,0
42,371,882,1,0
42,372,677,1,0
42,373,730,1,0
42,374,676,1,0
42,375,636,1,0
42,376,664,1,0
42,377,753,1,0
42,378,731,1,0
42,379,684,1,0
42,380,697,1,0
42,381,693,1,0
42,382,661,1,0
42,383,753,1,0
42,384,659,1,0
42,385,634,1,0
42,386,710,1,0
42,387,2688,1,0
42,388,689,1,0
42,389,682,1,0
42,390,707,1,0
42,391,998,1,0
42,392,690,1,0
42,393,669,1,0
42,394,747,1,0
42,395,706,1,0
42,396,693,1,0
42,397,808,1,0
42,398,753,1,0
42,399,958,1,0
42,400,893,1,0
42,401,650,1,0
42,402,664,1,0
42,403,727,1,0
42,404,695,1,0
42,405,799,1,0
42,406,732,1,0
42,407,739,1,0
42,408,694,1,0
42,409,714,1,0
42,410,730,1,0
42,411,955,1,0
42,412,972,1,0
42,413,1001,1,0
42,414,1017,1,0
42,415,1324,1,0
42,416,1389,1,0
42,417,917,1,0
42,418,964,1,0
42,419,785,1,0
42,420,1026,1,0
42,421,882,1,0
42,422,810,1,0
42,423,782,1,0
42,424,803,1,0
42,425,801,1,0
42,426,810,1,0
42,427,1465,1,0
42,428,1127,1,0
42,429,839,1,0
42,430,1250,1,0
42,431,739,1,0
42,432,655,1,0
42,433,654,1,0
42,434,722,1,0
42,435,596,1,0
42,436,580,1,0
42,437,626,1,0
42,438,598,1,0
42,439,914,1,0
42,440,718,1,0
42,441,855,1,0
42,442,921,1,0
42,443,728,1,0
42,444,837,1,0
42,445,648,1,0
42,446,639,1,0
42,447,625,1,0
42,448,618,1,0
42,449,625,1,0
42,450,655,1,0
42,451,639,1,0
42,452,628,1,0
42,453,619,1,0
42,454,656,1,0
42,455,652,1,0
42,456,693,1,0
42,457,603,1,0
42,458,840,1,0
42,459,718,1,0
42,460,714,1,0
42,461,614,1,0
42,462,641,1,0
42,463,688,1,0
42,464,635,1,0
42,465,600,1,0
42,466,760,1,0
42,467,619,1,0
42,468,598,1,0
42,469,673,1,0
42,470,648,1,0
42,471,696,1,0
42,472,583,1,0
42,473,625,1,0
42,474,661,1,0
42,475,620,1,0
42,476,640,1,0
42,477,597,1,0
42,478,804,1,0
42,479,662,1,0
42,480,683,1,0
42,481,675,1,0
42,482,722,1,0
42,483,929,1,0
42,484,730,1,0
42,485,623,1,0
42,486,933,1,0
42,487,980,1,0
42,488,958,1,0
42,489,717,1,0
42,490,623,1,0
42,491,716,1,0
42,492,624,1,0
42,493,671,1,0
42,494,705,1,0
42,495,700,1,0
42,496,631,1,0
42,497,688,1,0
42,498,732,1,0
42,499,680,1,0
42,500,613,1,0
42,501,756,1,0
42,502,750,1,0
42,503,733,1,0
42,504,547,1,0
42,505,617,1,0
42,506,855,1,0
42,507,665,1,0
42,508,752,1,0
42,509,667,1,0
42,510,603,1,0
42,511,607,1,0
42,512,600,1,0
42,513,817,1,0
42,514,1086,1,0
42,515,766,1,0
42,516,828,1,0
42,517,696,1,0
42,518,920,1,0
42,519,667,1,0
42,520,880,1,0
42,521,787,1,0
42,522,827,1,0
42,523,817,1,0
42,524,812,1,0
42,525,813,1,0
42,526,942,1,0
42,527,660,1,0
42,528,742,1,0
42,529,733,1,0
42,530,663,1,0
42,531,678,1,0
42,532,596,1,0
42,533,931,1,0
42,534,702,1,0
42,535,760,1,0
42,536,621,1,0
42,537,647,1,0
42,538,746,1,0
42,539,641,1,0
42,540,668,1,0
42,541,669,1,0
42,542,590,1,0
42,543,581,1,0
42,544,650,1,0
42,545,620,1,0
42,546,651,1,0
42,547,669,1,0
42,548,613,1,0
42,549,621,1,0
42,550,638,1,0
42,551,653,1,0
42,552,677,1,0
42,553,625,1,0
42,554,613,1,0
42,555,606,1,0
42,556,769,1,0
42,557,865,1,0
42,558,737,1,0
42,559,785,1,0
42,560,642,1,0
42,561,661,1,0
42,562,643,1,0
42,563,613,1,0
42,564,718,1,0
42,565,588,1,0
42,566,640,1,0
42,567,637,1,0
42,568,751,1,0
42,569,747,1,0
42,570,595,1,0
42,571,635,1,0
42,572,659,1,0
42,573,710,1,0
42,574,691,1,0
42,575,654,1,0
42,576,634,1,0
42,577,646,1,0
42,578,619,1,0
42,579,716,1,0
42,580,696,1,0
42,581,728,1,0
42,582,579,1,0
42,583,569,1,0
42,584,1030,1,0
42,585,716,1,0
42,586,772,1,0
42,587,812,1,0
42,588,921,1,0
42,589,666,1,0
42,590,668,1,0
42,591,895,1,0
42,592,650,1,0
42,593,767,1,0
42,594,644,1,0
42,595,697,1,0
42,596,1173,1,0
42,597,850,1,0
42,598,1106,1,0
42,599,959,1,0
43,0,1825,1,0
43,1,827,1,0
43,2,619,1,0
43,3,1208,1,0
43,4,935,1,0
43,5,944,1,0
43,6,985,1,0
43,7,916,1,0
43,8,937,1,0
43,9,1427,1,0
43,10,1048,1,0
43,11,1047,1,0
43,12,1021,1,0
43,13,803,1,0
43,14,803,1,0
43,15,984,1,0
43,16,955,1,0
43,17,785,1,0
43,18,781,1,0
43,19,771,1,0
43,20,744,1,0
43,21,1604,1,0
43,22,827,1,0
43,23,850,1,0
43,24,1101,1,0
43,25,820,1,0
43,26,1102,1,0
43,27,821,1,0
43,28,748,1,0
43,29,813,1,0
43,30,956,1,0
43,31,708,1,0
43,32,640,1,0
43,33,573,1,0
43,34,606,1,0
43,35,608,1,0
43,36,617,1,0
43,37,617,1,0
43,38,608,1,0
43,39,582,1,0
43,40,653,1,0
43,41,758,1,0
43,42,618,1,0
43,43,604,1,0
43,44,614,1,0
43,45,625,1,0
43,46,644,1,0
43,47,616,1,0
43,48,607,1,0
43,49,619,1,0
43,50,1171,1,0
43,51,597,1,0
43,52,658,1,0
43,53,692,1,0
43,54,715,1,0
43,55,722,1,0
43,56,640,1,0
43,57,818,1,0
43,58,1061,1,0
43,59,649,1,0
43,60,615,1,0
43,61,727,1,0
43,62,658,1,0
43,63,635,1,0
43,64,621,1,0
43,65,576,1,0
43,66,707,1,0
43,67,668,1,0
43,68,744,1,0
43,69,1319,1,0
43,70,1007,1,0
43,71,1191,1,0
43,72,1188,1,0
43,73,696,1,0
43,74,705,1,0
43,75,827,1,0
43,76,1085,1,0
43,77,738,1,0
43,78,770,1,0
43,79,630,1,0
43,80,601,1,0
43,81,684,1,0
43,82,704,1,0
43,83,724,1,0
43,84,685,1,0
43,85,643,1,0
43,86,643,1,0
43,87,632,1,0
43,88,637,1,0
43,89,742,1,0
43,90,707,1,0
43,91,613,1,0
43,92,799,1,0
43,93,672,1,0
43,94,665,1,0
43,95,619,1,0
43,96,578,1,0
43,97,686,1,0
43,98,623,1,0
43,99,666,1,0
43,100,697,1,0
43,101,673,1,0
43,102,776,1,0
43,103,825,1,0
43,104,770,1,0
43,105,838,1,0
43,106,768,1,0
43,107,802,1,0
43,108,788,1,0
43,109,1009,1,0
43,110,915,1,0
43,111,744,1,0
43,112,802,1,0
43,113,1121,1,0
43,114,786,1,0
43,115,638,1,0
43,116,857,1,0
43,117,905,1,0
43,118,1539,1,0
43,119,1301,1,0
43,120,627,1,0
43,121,665,1,0
43,122,896,1,0
43,123,650,1,0
43,124,646,1,0
43,125,730,1,0
43,126,605,1,0
43,127,573,1,0
43,128,679,1,0
43,129,780,1,0
43,130,656,1,0
43,131,582,1,0
43,132,595,1,0
43,133,605,1,0
43,134,640,1,0
43,135,674,1,0
43,136,702,1,0
43,137,657,1,0
43,138,704,1,0
43,139,696,1,0
43,140,697,1,0
43,141,661,1,0
43,142,656,1,0
43,143,686,1,0
43,144,793,1,0
43,145,628,1,0
43,146,709,1,0
43,147,706,1,0
43,148,656,1,0
43,149,764,1,0
43,150,696,1,0
43,151,659,1,0
43,152,613,1,0
43,153,662,1,0
43,154,659,1,0
43,155,972,1,0
43,156,688,1,0
43,157,806,1,0
43,158,722,1,0
43,159,674,1,0
43,160,793,1,0
43,161,658,1,0
43,162,736,1,0
43,163,628,1,0
43,164,618,1,0
43,165,748,1,0
43,166,728,1,0
43,167,775,1,0
43,168,699,1,0
43,169,625,1,0
43,170,680,1,0
43,171,695,1,0
43,172,678,1,0
43,173,705,1,0
43,174,776,1,0
43,175,949,1,0
43,176,653,1,0
43,177,951,1,0
43,178,1270,1,0
43,179,1098,1,0
43,180,885,1,0
43,181,696,1,0
43,182,898,1,0
43,183,983,1,0
43,184,917,1,0
43,185,1064,1,0
43,186,733,1,0
43,187,854,1,0
43,188,743,1,0
43,189,1033,1,0
43,190,758,1,0
43,191,705,1,0
43,192,744,1,0
43,193,795,1,0
43,194,745,1,0
43,195,966,1,0
43,196,831,1,0
43,197,1216,1,0
43,198,856,1,0
43,199,1093,1,0
43,200,875,1,0
43,201,1204,1,0
43,202,701,1,0
43,203,789,1,0
43,204,681,1,0
43,205,698,1,0
43,206,576,1,0
43,207,703,1,0
43,208,647,1,0
43,209,756,1,0
43,210,694,1,0
43,211,695,1,0
43,212,663,1,0
43,213,640,1,0
43,214,995,1,0
43,215,657,1,0
43,216,546,1,0
43,217,627,1,0
43,218,602,1,0
43,219,617,1,0
43,220,566,1,0
43,221,633,1,0
43,222,653,1,0
43,223,606,1,0
43,224,618,1,0
43,225,715,1,0
43,226,575,1,0
43,227,654,1,0
43,228,610,1,0
43,229,629,1,0
43,230,602,1,0
43,231,649,1,0
43,232,596,1,0
43,233,674,1,0
43,234,669,1,0
43,235,595,1,0
43,236,592,1,0
43,237,640,1,0
43,238,620,1,0
43,239,655,1,0
43,240,639,1,0
43,241,611,1,0
43,242,685,1,0
43,243,627,1,0
43,244,678,1,0
43,245,753,1,0
43,246,585,1,0
43,247,660,1,0
43,248,637,1,0
43,249,585,1,0
43,250,695,1,0
43,251,600,1,0
43,252,626,1,0
43,253,688,1,0
43,254,664,1,0
43,255,763,1,0
43,256,796,1,0
43,257,622,1,0
43,258,680,1,0
43,259,719,1,0
43,260,702,1,0
43,261,704,1,0
43,262,695,1,0
43,263,648,1,0
43,264,713,1,0
43,265,643,1,0
43,266,629,1,0
43,267,637,1,0
43,268,688,1,0
43,269,699,1,0
43,270,683,1,0
43,271,839,1,0
43,272,817,1,0
43,273,702,1,0
43,274,623,1,0
43,275,692,1,0
43,276,647,1,0
43,277,743,1,0
43,278,699,1,0
43,279,629,1,0
43,280,646,1,0
43,281,684,1,0
43,282,689,1,0
43,283,577,1,0
43,284,663,1,0
43,285,626,1,0
43,286,672,1,0
43,287,658,1,0
43,288,1126,1,0
43,289,591,1,0
43,290,785,1,0
43,291,670,1,0
43,292,754,1,0
43,293,1005,1,0
43,294,892,1,0
43,295,714,1,0
43,296,717,1,0
43,297,633,1,0
43,298,973,1,0
43,299,824,1,0
43,300,869,1,0
43,301,813,1,0
43,302,866,1,0
43,303,625,1,0
43,304,611,1,0
43,305,657,1,0
43,306,625,1,0
43,307,579,1,0
43,308,579,1,0
43,309,784,1,0
43,310,662,1,0
43,311,622,1,0
43,312,661,1,0
43,313,620,1,0
43,314,689,1,0
43,315,744,1,0
43,316,623,1,0
43,317,593,1,0
43,318,589,1,0
43,319,592,1,0
43,320,745,1,0
43,321,665,1,0
43,322,598,1,0
43,323,1193,1,0
43,324,630,1,0
43,325,638,1,0
43,326,654,1,0
43,327,602,1,0
43,328,663,1,0
43,329,633,1,0
43,330,732,1,0
43,331,607,1,0
43,332,598,1,0
43,333,647,1,0
43,334,559,1,0
43,335,637,1,0
43,336,597,1,0
43,337,687,1,0
43,338,635,1,0
43,339,647,1,0
43,340,653,1,0
43,341,652,1,0
43,342,687,1,0
43,343,679,1,0
43,344,663,1,0
43,345,660,1,0
43,346,705,1,0
43,347,600,1,0
43,348,716,1,0
43,349,679,1,0
43,350,1032,1,0
43,351,687,1,0
43,352,734,1,0
43,353,651,1,0
43,354,658,1,0
43,355,595,1,0
43,356,841,1,0
43,357,849,1,0
43,358,629,1,0
43,359,681,1,0
43,360,645,1,0
43,361,756,1,0
43,362,654,1,0
43,363,739,1,0
43,364,1056,1,0
43,365,625,1,0
43,366,1138,1,0
43,367,768,1,0
43,368,1040,1,0
43,369,859,1,0
43,370,1092,1,0
43,371,872,1,0
43,372,953,1,0
43,373,939,1,0
43,374,890,1,0
43,375,810,1,0
43,376,793,1,0
43,377,784,1,0
43,378,757,1,0
43,379,916,1,0
43,380,882,1,0
43,381,735,1,0
43,382,664,1,0
43,383,653,1,0
43,384,672,1,0
43,385,804,1,0
43,386,1203,1,0
43,387,2273,1,0
43,388,774,1,0
43,389,704,1,0
43,390,638,1,0
43,391,1616,1,0
43,392,685,1,0
43,393,703,1,0
43,394,650,1,0
43,395,642,1,0
43,396,896,1,0
43,397,601,1,0
43,398,695,1,0
43,399,674,1,0
43,400,717,1,0
43,401,603,1,0
43,402,618,1,0
43,403,659,1,0
43,404,614,1,0
43,405,676,1,0
43,406,629,1,0
43,407,633,1,0
43,408,585,1,0
43,409,574,1,0
43,410,696,1,0
43,411,617,1,0
43,412,571,1,0
43,413,643,1,0
43,414,603,1,0
43,415,652,1,0
43,416,606,1,0
43,417,771,1,0
43,418,979,1,0
43,419,617,1,0
43,420,638,1,0
43,421,653,1,0
43,422,704,1,0
43,423,634,1,0
43,424,620,1,0
43,425,601,1,0
43,426,628,1,0
43,427,812,1,0
43,428,707,1,0
43,429,609,1,0
43,430,819,1,0
43,431,723,1,0
43,432,662,1,0
43,433,694,1,0
43,434,1040,1,0
43,435,631,1,0
43,436,599,1,0
43,437,747,1,0
43,438,811,1,0
43,439,691,1,0
43,440,722,1,0
43,441,658,1,0
43,442,1222,1,0
43,443,657,1,0
43,444,790,1,0
43,445,694,1,0
43,446,1036,1,0
43,447,971,1,0
43,448,791,1,0
43,449,711,1,0
43,450,713,1,0
43,451,770,1,0
43,452,640,1,0
43,453,665,1,0
43,454,850,1,0
43,455,865,1,0
43,456,823,1,0
43,457,800,1,0
43,458,876,1,0
43,459,703,1,0
43,460,718,1,0
43,461,1137,1,0
43,462,713,1,0
43,463,731,1,0
43,464,901,1,0
43,465,938,1,0
43,466,812,1,0
43,467,742,1,0
43,468,860,1,0
43,469,697,1,0
43,470,932,1,0
43,471,944,1,0
43,472,911,1,0
43,473,750,1,0
43,474,795,1,0
43,475,913,1,0
43,476,764,1,0
43,477,743,1,0
43,478,995,1,0
43,479,1175,1,0
43,480,1016,1,0
43,481,838,1,0
43,482,852,1,0
43,483,1533,1,0
43,484,1143,1,0
43,485,678,1,0
43,486,754,1,0
43,487,1520,1,0
43,488,792,1,0
43,489,1379,1,0
43,490,615,1,0
43,491,616,1,0
43,492,590,1,0
43,493,1006,1,0
43,494,628,1,0
43,495,566,1,0
43,496,579,1,0
43,497,585,1,0
43,498,653,1,0
43,499,623,1,0
43,500,657,1,0
43,501,660,1,0
43,502,637,1,0
43,503,623,1,0
43,504,637,1,0
43,505,718,1,0
43,506,566,1,0
43,507,851,1,0
43,508,658,1,0
43,509,657,1,0
43,510,597,1,0
43,511,606,1,0
43,512,673,1,0
43,513,741,1,0
43,514,738,1,0
43,515,638,1,0
43,516,614,1,0
43,517,618,1,0
43,518,753,1,0
43,519,712,1,0
43,520,577,1,0
43,521,636,1,0
43,522,612,1,0
43,523,641,1,0
43,524,604,1,0
43,525,709,1,0
43,526,668,1,0
43,527,660,1,0
43,528,856,1,0
43,529,645,1,0
43,530,792,1,0
43,531,670,1,0
43,532,695,1,0
43,533,751,1,0
43,534,658,1,0
43,535,633,1,0
43,536,722,1,0
43,537,654,1,0
43,538,848,1,0
43,539,775,1,0
43,540,607,1,0
43,541,727,1,0
43,542,666,1,0
43,543,661,1,0
43,544,783,1,0
43,545,670,1,0
43,546,680,1,0
43,547,681,1,0
43,548,1064,1,0
43,549,710,1,0
43,550,705,1,0
43,551,1242,1,0
43,552,745,1,0
43,553,668,1,0
43,554,809,1,0
43,555,778,1,0
43,556,1067,1,0
43,557,964,1,0
43,558,737,1,0
43,559,761,1,0
43,560,1122,1,0
43,561,962,1,0
43,562,718,1,0
43,563,944,1,0
43,564,795,1,0
43,565,718,1,0
43,566,829,1,0
43,567,772,1,0
43,568,735,1,0
43,569,804,1,0
43,570,697,1,0
43,571,831,1,0
43,572,702,1,0
43,573,715,1,0
43,574,798,1,0
43,575,765,1,0
43,576,768,1,0
43,577,681,1,0
43,578,950,1,0
43,579,692,1,0
43,580,819,1,0
43,581,702,1,0
43,582,646,1,0
43,583,620,1,0
43,584,840,1,0
43,585,609,1,0
43,586,709,1,0
43,587,664,1,0
43,588,754,1,0
43,589,586,1,0
43,590,1005,1,0
43,591,703,1,0
43,592,611,1,0
43,593,630,1,0
43,594,588,1,0
43,595,633,1,0
43,596,602,1,0
43,597,661,1,0
43,598,610,1,0
43,599,612,1,0
44,0,1976,1,0
44,1,718,1,0
44,2,864,1,0
44,3,684,1,0
44,4,591,1,0
44,5,608,1,0
44,6,957,1,0
44,7,915,1,0
44,8,640,1,0
44,9,660,1,0
44,10,611,1,0
44,11,670,1,0
44,12,637,1,0
44,13,615,1,0
44,14,701,1,0
44,15,755,1,0
44,16,629,1,0
44,17,685,1,0
44,18,589,1,0
44,19,628,1,0
44,20,674,1,0
44,21,1921,1,0
44,22,644,1,0
44,23,726,1,0
44,24,893,1,0
44,25,604,1,0
44,26,669,1,0
44,27,633,1,0
44,28,602,1,0
44,29,726,1,0
44,30,663,1,0
44,31,743,1,0
44,32,747,1,0
44,33,661,1,0
44,34,695,1,0
44,35,623,1,0
44,36,611,1,0
44,37,669,1,0
44,38,590,1,0
44,39,666,1,0
44,40,638,1,0
44,41,800,1,0
44,42,1408,1,0
44,43,665,1,0
44,44,648,1,0
44,45,647,1,0
44,46,649,1,0
44,47,612,1,0
44,48,597,1,0
44,49,600,1,0
44,50,1419,1,0
44,51,701,1,0
44,52,651,1,0
44,53,596,1,0
44,54,624,1,0
44,55,708,1,0
44,56,660,1,0
44,57,656,1,0
44,58,798,1,0
44,59,639,1,0
44,60,733,1,0
44,61,928,1,0
44,62,791,1,0
44,63,676,1,0
44,64,713,1,0
44,65,812,1,0
44,66,721,1,0
44,67,998,1,0
44,68,781,1,0
44,69,1500,1,0
44,70,1050,1,0
44,71,1112,1,0
44,72,971,1,0
44,73,825,1,0
44,74,812,1,0
44,75,734,1,0
44,76,903,1,0
44,77,665,1,0
44,78,937,1,0
44,79,870,1,0
44,80,624,1,0
44,81,621,1,0
44,82,792,1,0
44,83,1053,1,0
44,84,862,1,0
44,85,596,1,0
44,86,573,1,0
44,87,654,1,0
44,88,820,1,0
44,89,617,1,0
44,90,618,1,0
44,91,688,1,0
44,92,773,1,0
44,93,658,1,0
44,94,636,1,0
44,95,580,1,0
44,96,580,1,0
44,97,676,1,0
44,98,652,1,0
44,99,595,1,0
44,100,675,1,0
44,101,641,1,0
44,102,726,1,0
44,103,654,1,0
44,104,698,1,0
44,105,587,1,0
44,106,663,1,0
44,107,625,1,0
44,108,744,1,0
44,109,712,1,0
44,110,620,1,0
44,111,665,1,0
44,112,661,1,0
44,113,626,1,0
44,114,600,1,0
44,115,778,1,0
44,116,725,1,0
44,117,663,1,0
44,118,934,1,0
44,119,655,1,0
44,120,730,1,0
44,121,605,1,0
44,122,632,1,0
44,123,641,1,0
44,124,670,1,0
44,125,895,1,0
44,126,661,1,0
44,127,1026,1,0
44,128,773,1,0
44,129,914,1,0
44,130,668,1,0
44,131,676,1,0
44,132,784,1,0
44,133,635,1,0
44,134,728,1,0
44,135,1216,1,0
44,136,985,1,0
44,137,703,1,0
44,138,1188,1,0
44,139,1180,1,0
44,140,1319,1,0
44,141,1181,1,0
44,142,1109,1,0
44,143,864,1,0
44,144,1191,1,0
44,145,1011,1,0
44,146,1019,1,0
44,147,827,1,0
44,148,1101,1,0
44,149,819,1,0
44,150,776,1,0
44,151,722,1,0
44,152,718,1,0
44,153,695,1,0
44,154,822,1,0
44,155,937,1,0
44,156,754,1,0
44,157,827,1,0
44,158,828,1,0
44,159,711,1,0
44,160,858,1,0
44,161,1032,1,0
44,162,817,1,0
44,163,780,1,0
44,164,674,1,0
44,165,696,1,0
44,166,894,1,0
44,167,676,1,0
44,168,704,1,0
44,169,887,1,0
44,170,683,1,0
44,171,942,1,0
44,172,832,1,0
44,173,1164,1,0
44,174,646,1,0
44,175,697,1,0
44,176,632,1,0
44,177,657,1,0
44,178,692,1,0
44,179,642,1,0
44,180,634,1,0
44,181,628,1,0
44,182,726,1,0
44,183,764,1,0
44,184,667,1,0
44,185,570,1,0
44,186,556,1,0
44,187,605,1,0
44,188,599,1,0
44,189,646,1,0
44,190,744,1,0
44,191,615,1,0
44,192,647,1,0
44,193,642,1,0
44,194,623,1,0
44,195,691,1,0
44,196,701,1,0
44,197,1191,1,0
44,198,699,1,0
44,199,779,1,0
44,200,714,1,0
44,201,886,1,0
44,202,785,1,0
44,203,619,1,0
44,204,629,1,0
44,205,674,1,0
44,206,765,1,0
44,207,723,1,0
44,208,678,1,0
44,209,702,1,0
44,210,643,1,0
44,211,602,1,0
44,212,605,1,0
44,213,629,1,0
44,214,618,1,0
44,215,678,1,0
44,216,667,1,0
44,217,746,1,0
44,218,785,1,0
44,219,686,1,0
44,220,601,1,0
44,221,666,1,0
44,222,717,1,0
44,223,660,1,0
44,224,647,1,0
44,225,815,1,0
44,226,691,1,0
44,227,913,1,0
44,228,641,1,0
44,229,673,1,0
44,230,636,1,0
44,231,646,1,0
44,232,788,1,0
44,233,876,1,0
44,234,637,1,0
44,235,714,1,0
44,236,662,1,0
44,237,1006,1,0
44,238,794,1,0
44,239,1046,1,0
44,240,1003,1,0
44,241,921,1,0
44,242,760,1,0
44,243,779,1,0
44,244,647,1,0
44,245,696,1,0
44,246,746,1,0
44,247,682,1,0
44,248,768,1,0
44,249,1183,1,0
44,250,725,1,0
44,251,793,1,0
44,252,728,1,0
44,253,794,1,0
44,254,775,1,0
44,255,769,1,0
44,256,857,1,0
44,257,628,1,0
44,258,713,1,0
44,259,753,1,0
44,260,621,1,0
44,261,622,1,0
44,262,634,1,0
44,263,680,1,0
44,264,609,1,0
44,265,651,1,0
44,266,592,1,0
44,267,618,1,0
44,268,854,1,0
44,269,832,1,0
44,270,626,1,0
44,271,671,1,0
44,272,645,1,0
44,273,682,1,0
44,274,609,1,0
44,275,682,1,0
44,276,614,1,0
44,277,642,1,0
44,278,672,1,0
44,279,598,1,0
44,280,604,1,0
44,281,590,1,0
44,282,634,1,0
44,283,641,1,0
44,284,676,1,0
44,285,603,1,0
44,286,680,1,0
44,287,686,1,0
44,288,774,1,0
44,289,700,1,0
44,290,665,1,0
44,291,610,1,0
44,292,682,1,0
44,293,688,1,0
44,294,661,1,0
44,295,718,1,0
44,296,653,1,0
44,297,590,1,0
44,298,875,1,0
44,299,756,1,0
44,300,700,1,0
44,301,670,1,0
44,302,577,1,0
44,303,681,1,0
44,304,606,1,0
44,305,660,1,0
44,306,628,1,0
44,307,637,1,0
44,308,639,1,0
44,309,630,1,0
44,310,690,1,0
44,311,628,1,0
44,312,664,1,0
44,313,607,1,0
44,314,597,1,0
44,315,647,1,0
44,316,678,1,0
44,317,651,1,0
44,318,586,1,0
44,319,705,1,0
44,320,665,1,0
44,321,686,1,0
44,322,665,1,0
44,323,1185,1,0
44,324,713,1,0
44,325,690,1,0
44,326,723,1,0
44,327,701,1,0
44,328,645,1,0
44,329,624,1,0
44,330,739,1,0
44,331,623,1,0
44,332,765,1,0
44,333,904,1,0
44,334,697,1,0
44,335,701,1,0
44,336,872,1,0
44,337,825,1,0
44,338,1005,1,0
44,339,845,1,0
44,340,874,1,0
44,341,989,1,0
44,342,1073,1,0
44,343,685,1,0
44,344,868,1,0
44,345,747,1,0
44,346,779,1,0
44,347,770,1,0
44,348,791,1,0
44,349,695,1,0
44,350,737,1,0
44,351,676,1,0
44,352,662,1,0
44,353,639,1,0
44,354,703,1,0
44,355,623,1,0
44,356,615,1,0
44,357,569,1,0
44,358,585,1,0
44,359,621,1,0
44,360,573,1,0
44,361,571,1,0
44,362,657,1,0
44,363,624,1,0
44,364,609,1,0
44,365,702,1,0
44,366,605,1,0
44,367,687,1,0
44,368,670,1,0
44,369,802,1,0
44,370,1462,1,0
44,371,769,1,0
44,372,660,1,0
44,373,658,1,0
44,374,626,1,0
44,375,736,1,0
44,376,613,1,0
44,377,782,1,0
44,378,612,1,0
44,379,640,1,0
44,380,687,1,0
44,381,626,1,0
44,382,653,1,0
44,383,657,1,0
44,384,554,1,0
44,385,707,1,0
44,386,720,1,0
44,387,902,1,0
44,388,708,1,0
44,389,635,1,0
44,390,772,1,0
44,391,705,1,0
44,392,680,1,0
44,393,602,1,0
44,394,609,1,0
44,395,674,1,0
44,396,583,1,0
44,397,651,1,0
44,398,560,1,0
44,399,704,1,0
44,400,705,1,0
44,401,676,1,0
44,402,635,1,0
44,403,665,1,0
44,404,617,1,0
44,405,615,1,0
44,406,664,1,0
44,407,753,1,0
44,408,628,1,0
44,409,712,1,0
44,410,644,1,0
44,411,810,1,0
44,412,903,1,0
44,413,737,1,0
44,414,607,1,0
44,415,635,1,0
44,416,661,1,0
44,417,1007,1,0
44,418,1000,1,0
44,419,775,1,0
44,420,1117,1,0
44,421,1025,1,0
44,422,887,1,0
44,423,1042,1,0
44,424,872,1,0
44,425,1016,1,0
44,426,934,1,0
44,427,1122,1,0
44,428,701,1,0
44,429,989,1,0
44,430,896,1,0
44,431,844,1,0
44,432,830,1,0
44,433,887,1,0
44,434,748,1,0
44,435,824,1,0
44,436,982,1,0
44,437,744,1,0
44,438,820,1,0
44,439,764,1,0
44,440,920,1,0
44,441,699,1,0
44,442,763,1,0
44,443,683,1,0
44,444,664,1,0
44,445,626,1,0
44,446,827,1,0
44,447,664,1,0
44,448,597,1,0
44,449,642,1,0
44,450,769,1,0
44,451,719,1,0
44,452,670,1,0
44,453,653,1,0
44,454,613,1,0
44,455,644,1,0
44,456,665,1,0
44,457,594,1,0
44,458,638,1,0
44,459,585,1,0
44,460,643,1,0
44,461,697,1,0
44,462,710,1,0
44,463,616,1,0
44,464,641,1,0
44,465,736,1,0
44,466,649,1,0
44,467,645,1,0
44,468,706,1,0
44,469,661,1,0
44,470,618,1,0
44,471,701,1,0
44,472,610,1,0
44,473,745,1,0
44,474,653,1,0
44,475,840,1,0
44,476,646,1,0
44,477,662,1,0
44,478,702,1,0
44,479,720,1,0
44,480,970,1,0
44,481,703,1,0
44,482,790,1,0
44,483,987,1,0
44,484,609,1,0
44,485,675,1,0
44,486,668,1,0
44,487,1231,1,0
44,488,1202,1,0
44,489,905,1,0
44,490,649,1,0
44,491,647,1,0
44,492,598,1,0
44,493,605,1,0
44,494,709,1,0
44,495,678,1,0
44,496,710,1,0
44,497,707,1,0
44,498,736,1,0
44,499,715,1,0
44,500,738,1,0
44,501,714,1,0
44,502,701,1,0
44,503,676,1,0
44,504,600,1,0
44,505,668,1,0
44,506,612,1,0
44,507,769,1,0
44,508,703,1,0
44,509,595,1,0
44,510,635,1,0
44,511,683,1,0
44,512,730,1,0
44,513,794,1,0
44,514,947,1,0
44,515,700,1,0
44,516,735,1,0
44,517,669,1,0
44,518,1066,1,0
44,519,605,1,0
44,520,704,1,0
44,521,789,1,0
44,522,814,1,0
44,523,989,1,0
44,524,826,1,0
44,525,681,1,0
44,526,733,1,0
44,527,791,1,0
44,528,972,1,0
44,529,823,1,0
44,530,995,1,0
44,531,1017,1,0
44,532,759,1,0
44,533,965,1,0
44,534,870,1,0
44,535,883,1,0
44,536,745,1,0
44,537,762,1,0
44,538,845,1,0
44,539,701,1,0
44,540,748,1,0
44,541,582,1,0
44,542,637,1,0
44,543,581,1,0
44,544,666,1,0
44,545,637,1,0
44,546,604,1,0
44,547,605,1,0
44,548,1004,1,0
44,549,614,1,0
44,550,633,1,0
44,551,615,1,0
44,552,664,1,0
44,553,637,1,0
44,554,660,1,0
44,555,848,1,0
44,556,635,1,0
44,557,848,1,0
44,558,765,1,0
44,559,682,1,0
44,560,637,1,0
44,561,882,1,0
44,562,631,1,0
44,563,681,1,0
44,564,773,1,0
44,565,673,1,0
44,566,712,1,0
44,567,688,1,0
44,568,642,1,0
44,569,754,1,0
44,570,589,1,0
44,571,716,1,0
44,572,1094,1,0
44,573,628,1,0
44,574,597,1,0
44,575,790,1,0
44,576,630,1,0
44,577,617,1,0
44,578,795,1,0
44,579,617,1,0
44,580,700,1,0
44,581,671,1,0
44,582,613,1,0
44,583,649,1,0
44,584,732,1,0
44,585,821,1,0
44,586,608,1,0
44,587,633,1,0
44,588,1441,1,0
44,589,644,1,0
44,590,596,1,0
44,591,1419,1,0
44,592,659,1,0
44,593,681,1,0
44,594,692,1,0
44,595,670,1,0
44,596,684,1,0
44,597,643,1,0
44,598,959,1,0
44,599,764,1,0
45,0,1493,1,0
45,1,688,1,0
45,2,803,1,0
45,3,616,1,0
45,4,661,1,0
45,5,750,1,0
45,6,805,1,0
45,7,869,1,0
45,8,692,1,0
45,9,2577,1,0
45,10,640,1,0
45,11,627,1,0
45,12,603,1,0
45,13,622,1,0
45,14,694,1,0
45,15,714,1,0
45,16,615,1,0
45,17,766,1,0
45,18,623,1,0
45,19,728,1,0
45,20,703,1,0
45,21,1283,1,0
45,22,711,1,0
45,23,650,1,0
45,24,1147,1,0
45,25,792,1,0
45,26,906,1,0
45,27,759,1,0
45,28,889,1,0
45,29,1021,1,0
45,30,1017,1,0
45,31,905,1,0
45,32,794,1,0
45,33,614,1,0
45,34,642,1,0
45,35,804,1,0
45,36,642,1,0
45,37,723,1,0
45,38,721,1,0
45,39,682,1,0
45,40,769,1,0
45,41,1065,1,0
45,42,828,1,0
45,43,956,1,0
45,44,783,1,0
45,45,780,1,0
45,46,696,1,0
45,47,912,1,0
45,48,738,1,0
45,49,646,1,0
45,50,759,1,0
45,51,552,1,0
45,52,823,1,0
45,53,885,1,0
45,54,1102,1,0
45,55,913,1,0
45,56,992,1,0
45,57,613,1,0
45,58,969,1,0
45,59,640,1,0
45,60,707,1,0
45,61,708,1,0
45,62,624,1,0
45,63,711,1,0
45,64,715,1,0
45,65,946,1,0
45,66,771,1,0
45,67,640,1,0
45,68,597,1,0
45,69,1755,1,0
45,70,728,1,0
45,71,839,1,0
45,72,1393,1,0
45,73,815,1,0
45,74,937,1,0
45,75,706,1,0
45,76,846,1,0
45,77,836,1,0
45,78,1069,1,0
45,79,732,1,0
45,80,686,1,0
45,81,730,1,0
45,82,611,1,0
45,83,649,1,0
45,84,642,1,0
45,85,853,1,0
45,86,638,1,0
45,87,673,1,0
45,88,640,1,0
45,89,620,1,0
45,90,589,1,0
45,91,624,1,0
45,92,629,1,0
45,93,644,1,0
45,94,685,1,0
45,95,610,1,0
45,96,627,1,0
45,97,622,1,0
45,98,704,1,0
45,99,708,1,0
45,100,661,1,0
45,101,670,1,0
45,102,994,1,0
45,103,956,1,0
45,104,634,1,0
45,105,694,1,0
45,106,659,1,0
45,107,904,1,0
45,108,602,1,0
45,109,734,1,0
45,110,790,1,0
45,111,864,1,0
45,112,1219,1,0
45,113,921,1,0
45,114,930,1,0
45,115,647,1,0
45,116,1043,1,0
45,117,716,1,0
45,118,850,1,0
45,119,728,1,0
45,120,832,1,0
45,121,805,1,0
45,122,1162,1,0
45,123,984,1,0
45,124,1030,1,0
45,125,1017,1,0
45,126,705,1,0
45,127,697,1,0
45,128,970,1,0
45,129,781,1,0
45,130,1016,1,0
45,131,754,1,0
45,132,821,1,0
45,133,788,1,0
45,134,784,1,0
45,135,841,1,0
45,136,978,1,0
45,137,1025,1,0
45,138,711,1,0
45,139,642,1,0
45,140,668,1,0
45,141,990,1,0
45,142,735,1,0
45,143,693,1,0
45,144,690,1,0
45,145,1049,1,0
45,146,745,1,0
45,147,766,1,0
45,148,961,1,0
45,149,652,1,0
45,150,633,1,0
45,151,732,1,0
45,152,652,1,0
45,153,599,1,0
45,154,651,1,0
45,155,706,1,0
45,156,610,1,0
45,157,718,1,0
45,158,708,1,0
45,159,740,1,0
45,160,652,1,0
45,161,617,1,0
45,162,751,1,0
45,163,633,1,0
45,164,627,1,0
45,165,769,1,0
45,166,718,1,0
45,167,695,1,0
45,168,831,1,0
45,169,600,1,0
45,170,647,1,0
45,171,789,1,0
45,172,675,1,0
45,173,705,1,0
45,174,707,1,0
45,175,792,1,0
45,176,709,1,0
45,177,650,1,0
45,178,1057,1,0
45,179,624,1,0
45,180,659,1,0
45,181,688,1,0
45,182,703,1,0
45,183,760,1,0
45,184,698,1,0
45,185,701,1,0
45,186,733,1,0
45,187,762,1,0
45,188,933,1,0
45,189,646,1,0
45,190,1120,1,0
45,191,827,1,0
45,192,866,1,0
45,193,608,1,0
45,194,810,1,0
45,195,702,1,0
45,196,982,1,0
45,197,1087,1,0
45,198,857,1,0
45,199,1018,1,0
45,200,693,1,0
45,201,537,1,0
45,202,676,1,0
45,203,655,1,0
45,204,772,1,0
45,205,899,1,0
45,206,855,1,0
45,207,648,1,0
45,208,731,1,0
45,209,926,1,0
45,210,635,1,0
45,211,630,1,0
45,212,721,1,0
45,213,727,1,0
45,214,745,1,0
45,215,611,1,0
45,216,619,1,0
45,217,746,1,0
45,218,582,1,0
45,219,899,1,0
45,220,689,1,0
45,221,691,1,0
45,222,779,1,0
45,223,767,1,0
45,224,788,1,0
45,225,813,1,0
45,226,797,1,0
45,227,933,1,0
45,228,701,1,0
45,229,741,1,0
45,230,653,1,0
45,231,609,1,0
45,232,631,1,0
45,233,677,1,0
45,234,597,1,0
45,235,612,1,0
45,236,611,1,0
45,237,729,1,0
45,238,636,1,0
45,239,627,1,0
45,240,772,1,0
45,241,667,1,0
45,242,644,1,0
45,243,623,1,0
45,244,692,1,0
45,245,656,1,0
45,246,646,1,0
45,247,647,1,0
45,248,664,1,0
45,249,738,1,0
45,250,814,1,0
45,251,621,1,0
45,252,839,1,0
45,253,610,1,0
45,254,706,1,0
45,255,646,1,0
45,256,697,1,0
45,257,673,1,0
45,258,647,1,0
45,259,657,1,0
45,260,629,1,0
45,261,649,1,0
45,262,699,1,0
45,263,628,1,0
45,264,671,1,0
45,265,625,1,0
45,266,621,1,0
45,267,567,1,0
45,268,599,1,0
45,269,647,1,0
45,270,768,1,0
45,271,671,1,0
45,272,627,1,0
45,273,668,1,0
45,274,758,1,0
45,275,737,1,0
45,276,663,1,0
45,277,616,1,0
45,278,641,1,0
45,279,672,1,0
45,280,707,1,0
45,281,639,1,0
45,282,673,1,0
45,283,703,1,0
45,284,647,1,0
45,285,643,1,0
45,286,611,1,0
45,287,638,1,0
45,288,692,1,0
45,289,630,1,0
45,290,881,1,0
45,291,693,1,0
45,292,697,1,0
45,293,1055,1,0
45,294,906,1,0
45,295,705,1,0
45,296,630,1,0
45,297,722,1,0
45,298,975,1,0
45,299,795,1,0
45,300,740,1,0
45,301,765,1,0
45,302,759,1,0
45,303,793,1,0
45,304,707,1,0
45,305,786,1,0
45,306,679,1,0
45,307,729,1,0
45,308,680,1,0
45,309,880,1,0
45,310,795,1,0
45,311,945,1,0
45,312,865,1,0
45,313,876,1,0
45,314,710,1,0
45,315,758,1,0
45,316,932,1,0
45,317,656,1,0
45,318,806,1,0
45,319,860,1,0
45,320,796,1,0
45,321,957,1,0
45,322,934,1,0
45,323,1092,1,0
45,324,886,1,0
45,325,882,1,0
45,326,921,1,0
45,327,899,1,0
45,328,663,1,0
45,329,897,1,0
45,330,873,1,0
45,331,707,1,0
45,332,571,1,0
45,333,705,1,0
45,334,651,1,0
45,335,640,1,0
45,336,633,1,0
45,337,661,1,0
45,338,865,1,0
45,339,643,1,0
45,340,675,1,0
45,341,651,1,0
45,342,666,1,0
45,343,587,1,0
45,344,659,1,0
45,345,639,1,0
45,346,852,1,0
45,347,608,1,0
45,348,638,1,0
45,349,600,1,0
45,350,711,1,0
45,351,668,1,0
45,352,867,1,0
45,353,677,1,0
45,354,647,1,0
45,355,601,1,0
45,356,693,1,0
45,357,636,1,0
45,358,647,1,0
45,359,692,1,0
45,360,694,1,0
45,361,666,1,0
45,362,698,1,0
45,363,731,1,0
45,364,675,1,0
45,365,602,1,0
45,366,632,1,0
45,367,727,1,0
45,368,686,1,0
45,369,706,1,0
45,370,701,1,0
45,371,934,1,0
45,372,711,1,0
45,373,684,1,0
45,374,718,1,0
45,375,748,1,0
45,376,898,1,0
45,377,1035,1,0
45,378,763,1,0
45,379,752,1,0
45,380,766,1,0
45,381,673,1,0
45,382,833,1,0
45,383,725,1,0
45,384,654,1,0
45,385,1115,1,0
45,386,812,1,0
45,387,1304,1,0
45,388,787,1,0
45,389,700,1,0
45,390,667,1,0
45,391,912,1,0
45,392,673,1,0
45,393,767,1,0
45,394,686,1,0
45,395,639,1,0
45,396,809,1,0
45,397,736,1,0
45,398,656,1,0
45,399,858,1,0
45,400,1113,1,0
45,401,669,1,0
45,402,770,1,0
45,403,797,1,0
45,404,710,1,0
45,405,805,1,0
45,406,918,1,0
45,407,955,1,0
45,408,804,1,0
45,409,793,1,0
45,410,919,1,0
45,411,710,1,0
45,412,669,1,0
45,413,754,1,0
45,414,1233,1,0
45,415,863,1,0
45,416,847,1,0
45,417,613,1,0
45,418,575,1,0
45,419,645,1,0
45,420,638,1,0
45,421,849,1,0
45,422,709,1,0
45,423,759,1,0
45,424,691,1,0
45,425,756,1,0
45,426,664,1,0
45,427,735,1,0
45,428,757,1,0
45,429,643,1,0
45,430,734,1,0
45,431,663,1,0
45,432,665,1,0
45,433,628,1,0
45,434,658,1,0
45,435,655,1,0
45,436,580,1,0
45,437,745,1,0
45,438,636,1,0
45,439,642,1,0
45,440,680,1,0
45,441,835,1,0
45,442,653,1,0
45,443,621,1,0
45,444,666,1,0
45,445,627,1,0
45,446,671,1,0
45,447,722,1,0
45,448,749,1,0
45,449,666,1,0
45,450,659,1,0
45,451,609,1,0
45,452,652,1,0
45,453,603,1,0
45,454,620,1,0
45,455,718,1,0
45,456,642,1,0
45,457,653,1,0
45,458,664,1,0
45,459,615,1,0
45,460,633,1,0
45,461,742,1,0
45,462,663,1,0
45,463,716,1,0
45,464,685,1,0
45,465,614,1,0
45,466,715,1,0
45,467,809,1,0
45,468,620,1,0
45,469,708,1,0
45,470,697,1,0
45,471,693,1,0
45,472,682,1,0
45,473,669,1,0
45,474,760,1,0
45,475,867,1,0
45,476,739,1,0
45,477,842,1,0
45,478,1395,1,0
45,479,765,1,0
45,480,885,1,0
45,481,1028,1,0
45,482,988,1,0
45,483,783,1,0
45,484,823,1,0
45,485,747,1,0
45,486,727,1,0
45,487,1149,1,0
45,488,1180,1,0
45,489,722,1,0
45,490,733,1,0
45,491,867,1,0
45,492,693,1,0
45,493,819,1,0
45,494,661,1,0
45,495,713,1,0
45,496,738,1,0
45,497,569,1,0
45,498,608,1,0
45,499,765,1,0
45,500,638,1,0
45,501,723,1,0
45,502,1015,1,0
45,503,831,1,0
45,504,727,1,0
45,505,733,1,0
45,506,801,1,0
45,507,700,1,0
45,508,799,1,0
45,509,1319,1,0
45,510,672,1,0
45,511,594,1,0
45,512,640,1,0
45,513,637,1,0
45,514,723,1,0
45,515,812,1,0
45,516,647,1,0
45,517,933,1,0
45,518,791,1,0
45,519,792,1,0
45,520,876,1,0
45,521,793,1,0
45,522,652,1,0
45,523,639,1,0
45,524,623,1,0
45,525,629,1,0
45,526,646,1,0
45,527,750,1,0
45,528,659,1,0
45,529,636,1,0
45,530,646,1,0
45,531,659,1,0
45,532,638,1,0
45,533,615,1,0
45,534,628,1,0
45,535,681,1,0
45,536,653,1,0
45,537,597,1,0
45,538,722,1,0
45,539,689,1,0
45,540,649,1,0
45,541,735,1,0
45,542,666,1,0
45,543,656,1,0
45,544,649,1,0
45,545,723,1,0
45,546,658,1,0
45,547,715,1,0
45,548,794,1,0
45,549,624,1,0
45,550,668,1,0
45,551,632,1,0
45,552,648,1,0
45,553,634,1,0
45,554,647,1,0
45,555,667,1,0
45,556,737,1,0
45,557,960,1,0
45,558,1388,1,0
45,559,678,1,0
45,560,645,1,0
45,561,704,1,0
45,562,688,1,0
45,563,784,1,0
45,564,623,1,0
45,565,798,1,0
45,566,768,1,0
45,567,746,1,0
45,568,723,1,0
45,569,752,1,0
45,570,724,1,0
45,571,762,1,0
45,572,990,1,0
45,573,702,1,0
45,574,717,1,0
45,575,887,1,0
45,576,961,1,0
45,577,706,1,0
45,578,1013,1,0
45,579,753,1,0
45,580,635,1,0
45,581,846,1,0
45,582,757,1,0
45,583,1529,1,0
45,584,918,1,0
45,585,1047,1,0
45,586,897,1,0
45,587,896,1,0
45,588,877,1,0
45,589,882,1,0
45,590,927,1,0
45,591,864,1,0
45,592,710,1,0
45,593,721,1,0
45,594,781,1,0
45,595,727,1,0
45,596,918,1,0
45,597,817,1,0
45,598,1004,1,0
45,599,900,1,0
46,0,1971,1,0
46,1,1029,1,0
46,2,887,1,0
46,3,938,1,0
46,4,1298,1,0
46,5,767,1,0
46,6,829,1,0
46,7,1191,1,0
46,8,884,1,0
46,9,1914,1,0
46,10,910,1,0
46,11,1032,1,0
46,12,1064,1,0
46,13,848,1,0
46,14,1559,1,0
46,15,829,1,0
46,16,923,1,0
46,17,641,1,0
46,18,740,1,0
46,19,657,1,0
46,20,598,1,0
46,21,1047,1,0
46,22,615,1,0
46,23,660,1,0
46,24,710,1,0
46,25,633,1,0
46,26,655,1,0
46,27,670,1,0
46,28,677,1,0
46,29,643,1,0
46,30,646,1,0
46,31,685,1,0
46,32,754,1,0
46,33,725,1,0
46,34,645,1,0
46,35,990,1,0
46,36,616,1,0
46,37,611,1,0
46,38,519,1,0
46,39,584,1,0
46,40,647,1,0
46,41,774,1,0
46,42,517,1,0
46,43,1160,1,0
46,44,626,1,0
46,45,645,1,0
46,46,606,1,0
46,47,645,1,0
46,48,634,1,0
46,49,629,1,0
46,50,615,1,0
46,51,550,1,0
46,52,664,1,0
46,53,605,1,0
46,54,789,1,0
46,55,665,1,0
46,56,636,1,0
46,57,747,1,0
46,58,620,1,0
46,59,695,1,0
46,60,734,1,0
46,61,1023,1,0
46,62,741,1,0
46,63,1121,1,0
46,64,957,1,0
46,65,651,1,0
46,66,590,1,0
46,67,677,1,0
46,68,647,1,0
46,69,1406,1,0
46,70,1082,1,0
46,71,884,1,0
46,72,869,1,0
46,73,1357,1,0
46,74,1386,1,0
46,75,1532,1,0
46,76,1121,1,0
46,77,683,1,0
46,78,731,1,0
46,79,610,1,0
46,80,687,1,0
46,81,879,1,0
46,82,778,1,0
46,83,952,1,0
46,84,1036,1,0
46,85,664,1,0
46,86,725,1,0
46,87,781,1,0
46,88,795,1,0
46,89,700,1,0
46,90,762,1,0
46,91,746,1,0
46,92,805,1,0
46,93,908,1,0
46,94,638,1,0
46,95,999,1,0
46,96,636,1,0
46,97,663,1,0
46,98,614,1,0
46,99,567,1,0
46,100,771,1,0
46,101,710,1,0
46,102,731,1,0
46,103,571,1,0
46,104,617,1,0
46,105,695,1,0
46,106,590,1,0
46,107,752,1,0
46,108,641,1,0
46,109,728,1,0
46,110,701,1,0
46,111,620,1,0
46,112,601,1,0
46,113,896,1,0
46,114,721,1,0
46,115,652,1,0
46,116,741,1,0
46,117,583,1,0
46,118,607,1,0
46,119,705,1,0
46,120,590,1,0
46,121,633,1,0
46,122,649,1,0
46,123,597,1,0
46,124,674,1,0
46,125,695,1,0
46,126,603,1,0
46,127,622,1,0
46,128,770,1,0
46,129,592,1,0
46,130,625,1,0
46,131,649,1,0
46,132,610,1,0
46,133,593,1,0
46,134,660,1,0
46,135,627,1,0
46,136,702,1,0
46,137,803,1,0
46,138,776,1,0
46,139,641,1,0
46,140,677,1,0
46,141,718,1,0
46,142,739,1,0
46,143,836,1,0
46,144,604,1,0
46,145,730,1,0
46,146,649,1,0
46,147,661,1,0
46,148,638,1,0
46,149,749,1,0
46,150,759,1,0
46,151,814,1,0
46,152,795,1,0
46,153,627,1,0
46,154,717,1,0
46,155,814,1,0
46,156,866,1,0
46,157,709,1,0
46,158,806,1,0
46,159,750,1,0
46,160,999,1,0
46,161,964,1,0
46,162,973,1,0
46,163,1126,1,0
46,164,637,1,0
46,165,846,1,0
46,166,883,1,0
46,167,710,1,0
46,168,701,1,0
46,169,1119,1,0
46,170,935,1,0
46,171,854,1,0
46,172,703,1,0
46,173,1170,1,0
46,174,633,1,0
46,175,777,1,0
46,176,814,1,0
46,177,838,1,0
46,178,790,1,0
46,179,787,1,0
46,180,775,1,0
46,181,757,1,0
46,182,895,1,0
46,183,934,1,0
46,184,782,1,0
46,185,648,1,0
46,186,614,1,0
46,187,666,1,0
46,188,612,1,0
46,189,595,1,0
46,190,685,1,0
46,191,638,1,0
46,192,659,1,0
46,193,602,1,0
46,194,591,1,0
46,195,834,1,0
46,196,678,1,0
46,197,1128,1,0
46,198,697,1,0
46,199,799,1,0
46,200,652,1,0
46,201,659,1,0
46,202,598,1,0
46,203,596,1,0
46,204,573,1,0
46,205,650,1,0
46,206,656,1,0
46,207,576,1,0
46,208,607,1,0
46,209,585,1,0
46,210,615,1,0
46,211,542,1,0
46,212,577,1,0
46,213,676,1,0
46,214,738,1,0
46,215,669,1,0
46,216,647,1,0
46,217,632,1,0
46,218,622,1,0
46,219,800,1,0
46,220,889,1,0
46,221,635,1,0
46,222,677,1,0
46,223,694,1,0
46,224,727,1,0
46,225,599,1,0
46,226,615,1,0
46,227,646,1,0
46,228,559,1,0
46,229,605,1,0
46,230,636,1,0
46,231,626,1,0
46,232,715,1,0
46,233,612,1,0
46,234,656,1,0
46,235,580,1,0
46,236,635,1,0
46,237,781,1,0
46,238,555,1,0
46,239,600,1,0
46,240,672,1,0
46,241,710,1,0
46,242,617,1,0
46,243,627,1,0
46,244,574,1,0
46,245,642,1,0
46,246,640,1,0
46,247,674,1,0
46,248,734,1,0
46,249,820,1,0
46,250,988,1,0
46,251,665,1,0
46,252,630,1,0
46,253,652,1,0
46,254,546,1,0
46,255,629,1,0
46,256,637,1,0
46,257,721,1,0
46,258,645,1,0
46,259,590,1,0
46,260,655,1,0
46,261,695,1,0
46,262,638,1,0
46,263,755,1,0
46,264,616,1,0
46,265,592,1,0
46,266,675,1,0
46,267,675,1,0
46,268,780,1,0
46,269,714,1,0
46,270,1066,1,0
46,271,950,1,0
46,272,736,1,0
46,273,672,1,0
46,274,915,1,0
46,275,749,1,0
46,276,685,1,0
46,277,654,1,0
46,278,687,1,0
46,279,638,1,0
46,280,652,1,0
46,281,593,1,0
46,282,585,1,0
46,283,565,1,0
46,284,592,1,0
46,285,583,1,0
46,286,611,1,0
46,287,562,1,0
46,288,666,1,0
46,289,618,1,0
46,290,632,1,0
46,291,609,1,0
46,292,720,1,0
46,293,826,1,0
46,294,649,1,0
46,295,582,1,0
46,296,675,1,0
46,297,673,1,0
46,298,870,1,0
46,299,848,1,0
46,300,655,1,0
46,301,600,1,0
46,302,669,1,0
46,303,684,1,0
46,304,639,1,0
46,305,567,1,0
46,306,590,1,0
46,307,637,1,0
46,308,590,1,0
46,309,748,1,0
46,310,606,1,0
46,311,593,1,0
46,312,598,1,0
46,313,620,1,0
46,314,622,1,0
46,315,618,1,0
46,316,669,1,0
46,317,620,1,0
46,318,581,1,0
46,319,608,1,0
46,320,884,1,0
46,321,703,1,0
46,322,721,1,0
46,323,647,1,0
46,324,617,1,0
46,325,655,1,0
46,326,624,1,0
46,327,663,1,0
46,328,572,1,0
46,329,629,1,0
46,330,643,1,0
46,331,686,1,0
46,332,599,1,0
46,333,598,1,0
46,334,710,1,0
46,335,586,1,0
46,336,644,1,0
46,337,1072,1,0
46,338,659,1,0
46,339,586,1,0
46,340,1796,1,0
46,341,613,1,0
46,342,1085,1,0
46,343,732,1,0
46,344,681,1,0
46,345,837,1,0
46,346,750,1,0
46,347,721,1,0
46,348,897,1,0
46,349,801,1,0
46,350,1091,1,0
46,351,995,1,0
46,352,909,1,0
46,353,870,1,0
46,354,1129,1,0
46,355,850,1,0
46,356,830,1,0
46,357,795,1,0
46,358,724,1,0
46,359,712,1,0
46,360,754,1,0
46,361,848,1,0
46,362,705,1,0
46,363,713,1,0
46,364,807,1,0
46,365,735,1,0
46,366,740,1,0
46,367,782,1,0
46,368,690,1,0
46,369,709,1,0
46,370,842,1,0
46,371,1012,1,0
46,372,929,1,0
46,373,734,1,0
46,374,643,1,0
46,375,660,1,0
46,376,661,1,0
46,377,695,1,0
46,378,667,1,0
46,379,832,1,0
46,380,696,1,0
46,381,632,1,0
46,382,603,1,0
46,383,638,1,0
46,384,629,1,0
46,385,692,1,0
46,386,942,1,0
46,387,731,1,0
46,388,682,1,0
46,389,699,1,0
46,390,663,1,0
46,391,777,1,0
46,392,827,1,0
46,393,621,1,0
46,394,609,1,0
46,395,614,1,0
46,396,904,1,0
46,397,605,1,0
46,398,633,1,0
46,399,588,1,0
46,400,967,1,0
46,401,638,1,0
46,402,692,1,0
46,403,662,1,0
46,404,630,1,0
46,405,626,1,0
46,406,568,1,0
46,407,766,1,0
46,408,645,1,0
46,409,623,1,0
46,410,628,1,0
46,411,612,1,0
46,412,639,1,0
46,413,568,1,0
46,414,623,1,0
46,415,648,1,0
46,416,590,1,0
46,417,907,1,0
46,418,635,1,0
46,419,659,1,0
46,420,676,1,0
46,421,665,1,0
46,422,631,1,0
46,423,562,1,0
46,424,615,1,0
46,425,707,1,0
46,426,718,1,0
46,427,758,1,0
46,428,800,1,0
46,429,633,1,0
46,430,903,1,0
46,431,612,1,0
46,432,620,1,0
46,433,611,1,0
46,434,627,1,0
46,435,671,1,0
46,436,643,1,0
46,437,614,1,0
46,438,798,1,0
46,439,827,1,0
46,440,1197,1,0
46,441,905,1,0
46,442,1131,1,0
46,443,847,1,0
46,444,784,1,0
46,445,930,1,0
46,446,1230,1,0
46,447,884,1,0
46,448,975,1,0
46,449,728,1,0
46,450,879,1,0
46,451,749,1,0
46,452,789,1,0
46,453,839,1,0
46,454,662,1,0
46,455,790,1,0
46,456,805,1,0
46,457,768,1,0
46,458,780,1,0
46,459,724,1,0
46,460,766,1,0
46,461,776,1,0
46,462,952,1,0
46,463,779,1,0
46,464,743,1,0
46,465,1067,1,0
46,466,834,1,0
46,467,627,1,0
46,468,1361,1,0
46,469,765,1,0
46,470,790,1,0
46,471,762,1,0
46,472,574,1,0
46,473,625,1,0
46,474,678,1,0
46,475,815,1,0
46,476,639,1,0
46,477,651,1,0
46,478,919,1,0
46,479,626,1,0
46,480,642,1,0
46,481,668,1,0
46,482,745,1,0
46,483,657,1,0
46,484,626,1,0
46,485,667,1,0
46,486,622,1,0
46,487,1062,1,0
46,488,1020,1,0
46,489,815,1,0
46,490,544,1,0
46,491,551,1,0
46,492,586,1,0
46,493,641,1,0
46,494,685,1,0
46,495,623,1,0
46,496,620,1,0
46,497,623,1,0
46,498,604,1,0
46,499,625,1,0
46,500,655,1,0
46,501,717,1,0
46,502,643,1,0
46,503,589,1,0
46,504,617,1,0
46,505,651,1,0
46,506,629,1,0
46,507,610,1,0
46,508,663,1,0
46,509,640,1,0
46,510,597,1,0
46,511,792,1,0
46,512,658,1,0
46,513,791,1,0
46,514,674,1,0
46,515,702,1,0
46,516,633,1,0
46,517,632,1,0
46,518,611,1,0
46,519,629,1,0
46,520,579,1,0
46,521,1159,1,0
46,522,694,1,0
46,523,665,1,0
46,524,640,1,0
46,525,645,1,0
46,526,663,1,0
46,527,733,1,0
46,528,1624,1,0
46,529,851,1,0
46,530,1216,1,0
46,531,1081,1,0
46,532,734,1,0
46,533,830,1,0
46,534,768,1,0
46,535,669,1,0
46,536,882,1,0
46,537,1187,1,0
46,538,1074,1,0
46,539,1401,1,0
46,540,871,1,0
46,541,1009,1,0
46,542,959,1,0
46,543,940,1,0
46,544,895,1,0
46,545,962,1,0
46,546,775,1,0
46,547,863,1,0
46,548,804,1,0
46,549,752,1,0
46,550,792,1,0
46,551,954,1,0
46,552,769,1,0
46,553,832,1,0
46,554,842,1,0
46,555,865,1,0
46,556,757,1,0
46,557,790,1,0
46,558,920,1,0
46,559,1151,1,0
46,560,709,1,0
46,561,987,1,0
46,562,606,1,0
46,563,689,1,0
46,564,726,1,0
46,565,659,1,0
46,566,619,1,0
46,567,620,1,0
46,568,667,1,0
46,569,717,1,0
46,570,578,1,0
46,571,580,1,0
46,572,746,1,0
46,573,610,1,0
46,574,664,1,0
46,575,609,1,0
46,576,661,1,0
46,577,648,1,0
46,578,649,1,0
46,579,633,1,0
46,580,706,1,0
46,581,672,1,0
46,582,665,1,0
46,583,847,1,0
46,584,668,1,0
46,585,632,1,0
46,586,605,1,0
46,587,666,1,0
46,588,588,1,0
46,589,656,1,0
46,590,629,1,0
46,591,719,1,0
46,592,689,1,0
46,593,692,1,0
46,594,626,1,0
46,595,724,1,0
46,596,602,1,0
46,597,624,1,0
46,598,1379,1,0
46,599,645,1,0
47,0,2387,1,0
47,1,725,1,0
47,2,611,1,0
47,3,663,1,0
47,4,712,1,0
47,5,667,1,0
47,6,670,1,0
47,7,770,1,0
47,8,647,1,0
47,9,865,1,0
47,10,644,1,0
47,11,684,1,0
47,12,641,1,0
47,13,660,1,0
47,14,754,1,0
47,15,623,1,0
47,16,605,1,0
47,17,659,1,0
47,18,618,1,0
47,19,659,1,0
47,20,647,1,0
47,21,601,1,0
47,22,651,1,0
47,23,644,1,0
47,24,681,1,0
47,25,671,1,0
47,26,887,1,0
47,27,817,1,0
47,28,624,1,0
47,29,733,1,0
47,30,666,1,0
47,31,701,1,0
47,32,685,1,0
47,33,620,1,0
47,34,634,1,0
47,35,680,1,0
47,36,593,1,0
47,37,620,1,0
47,38,631,1,0
47,39,720,1,0
47,40,670,1,0
47,41,703,1,0
47,42,639,1,0
47,43,715,1,0
47,44,664,1,0
47,45,640,1,0
47,46,620,1,0
47,47,568,1,0
47,48,613,1,0
47,49,548,1,0
47,50,687,1,0
47,51,714,1,0
47,52,622,1,0
47,53,1176,1,0
47,54,816,1,0
47,55,751,1,0
47,56,679,1,0
47,57,967,1,0
47,58,1088,1,0
47,59,854,1,0
47,60,818,1,0
47,61,645,1,0
47,62,923,1,0
47,63,693,1,0
47,64,601,1,0
47,65,638,1,0
47,66,625,1,0
47,67,588,1,0
47,68,583,1,0
47,69,1147,1,0
47,70,1036,1,0
47,71,1312,1,0
47,72,620,1,0
47,73,663,1,0
47,74,872,1,0
47,75,629,1,0
47,76,698,1,0
47,77,695,1,0
47,78,661,1,0
47,79,610,1,0
47,80,657,1,0
47,81,657,1,0
47,82,629,1,0
47,83,627,1,0
47,84,586,1,0
47,85,659,1,0
47,86,618,1,0
47,87,572,1,0
47,88,644,1,0
47,89,587,1,0
47,90,624,1,0
47,91,616,1,0
47,92,661,1,0
47,93,675,1,0
47,94,668,1,0
47,95,664,1,0
47,96,623,1,0
47,97,665,1,0
47,98,659,1,0
47,99,681,1,0
47,100,703,1,0
47,101,1011,1,0
47,102,629,1,0
47,103,751,1,0
47,104,686,1,0
47,105,684,1,0
47,106,778,1,0
47,107,642,1,0
47,108,635,1,0
47,109,686,1,0
47,110,619,1,0
47,111,688,1,0
47,112,687,1,0
47,113,893,1,0
47,114,736,1,0
47,115,709,1,0
47,116,791,1,0
47,117,628,1,0
47,118,731,1,0
47,119,563,1,0
47,120,603,1,0
47,121,660,1,0
47,122,763,1,0
47,123,858,1,0
47,124,830,1,0
47,125,1335,1,0
47,126,1022,1,0
47,127,878,1,0
47,128,737,1,0
47,129,840,1,0
47,130,1102,1,0
47,131,947,1,0
47,132,1085,1,0
47,133,930,1,0
47,134,732,1,0
47,135,795,1,0
47,136,1224,1,0
47,137,1087,1,0
47,138,801,1,0
47,139,701,1,0
47,140,1175,1,0
47,141,1049,1,0
47,142,936,1,0
47,143,804,1,0
47,144,759,1,0
47,145,741,1,0
47,146,785,1,0
47,147,846,1,0
47,148,821,1,0
47,149,864,1,0
47,150,809,1,0
47,151,667,1,0
47,152,723,1,0
47,153,618,1,0
47,154,589,1,0
47,155,718,1,0
47,156,670,1,0
47,157,748,1,0
47,158,596,1,0
47,159,760,1,0
47,160,672,1,0
47,161,655,1,0
47,162,682,1,0
47,163,662,1,0
47,164,688,1,0
47,165,657,1,0
47,166,916,1,0
47,167,728,1,0
47,168,671,1,0
47,169,779,1,0
47,170,948,1,0
47,171,669,1,0
47,172,658,1,0
47,173,789,1,0
47,174,619,1,0
47,175,847,1,0
47,176,597,1,0
47,177,692,1,0
47,178,623,1,0
47,179,598,1,0
47,180,642,1,0
47,181,588,1,0
47,182,607,1,0
47,183,919,1,0
47,184,609,1,0
47,185,680,1,0
47,186,686,1,0
47,187,604,1,0
47,188,648,1,0
47,189,680,1,0
47,190,714,1,0
47,191,676,1,0
47,192,595,1,0
47,193,670,1,0
47,194,661,1,0
47,195,1101,1,0
47,196,698,1,0
47,197,1101,1,0
47,198,729,1,0
47,199,808,1,0
47,200,624,1,0
47,201,846,1,0
47,202,711,1,0
47,203,859,1,0
47,204,722,1,0
47,205,705,1,0
47,206,639,1,0
47,207,586,1,0
47,208,682,1,0
47,209,585,1,0
47,210,712,1,0
47,211,637,1,0
47,212,681,1,0
47,213,620,1,0
47,214,709,1,0
47,215,626,1,0
47,216,578,1,0
47,217,633,1,0
47,218,658,1,0
47,219,619,1,0
47,220,687,1,0
47,221,734,1,0
47,222,627,1,0
47,223,673,1,0
47,224,672,1,0
47,225,633,1,0
47,226,647,1,0
47,227,663,1,0
47,228,735,1,0
47,229,730,1,0
47,230,632,1,0
47,231,691,1,0
47,232,675,1,0
47,233,824,1,0
47,234,820,1,0
47,235,799,1,0
47,236,884,1,0
47,237,794,1,0
47,238,867,1,0
47,239,1059,1,0
47,240,851,1,0
47,241,692,1,0
47,242,882,1,0
47,243,956,1,0
47,244,543,1,0
47,245,627,1,0
47,246,646,1,0
47,247,581,1,0
47,248,612,1,0
47,249,649,1,0
47,250,1006,1,0
47,251,600,1,0
47,252,700,1,0
47,253,594,1,0
47,254,616,1,0
47,255,685,1,0
47,256,641,1,0
47,257,650,1,0
47,258,595,1,0
47,259,641,1,0
47,260,636,1,0
47,261,547,1,0
47,262,590,1,0
47,263,757,1,0
47,264,688,1,0
47,265,604,1,0
47,266,677,1,0
47,267,654,1,0
47,268,582,1,0
47,269,729,1,0
47,270,652,1,0
47,271,697,1,0
47,272,662,1,0
47,273,643,1,0
47,274,612,1,0
47,275,612,1,0
47,276,787,1,0
47,277,682,1,0
47,278,601,1,0
47,279,709,1,0
47,280,593,1,0
47,281,640,1,0
47,282,651,1,0
47,283,603,1,0
47,284,653,1,0
47,285,656,1,0
47,286,667,1,0
47,287,721,1,0
47,288,694,1,0
47,289,671,1,0
47,290,1083,1,0
47,291,569,1,0
47,292,623,1,0
47,293,670,1,0
47,294,651,1,0
47,295,651,1,0
47,296,688,1,0
47,297,673,1,0
47,298,837,1,0
47,299,928,1,0
47,300,734,1,0
47,301,784,1,0
47,302,660,1,0
47,303,658,1,0
47,304,622,1,0
47,305,676,1,0
47,306,649,1,0
47,307,667,1,0
47,308,659,1,0
47,309,629,1,0
47,310,626,1,0
47,311,753,1,0
47,312,664,1,0
47,313,640,1,0
47,314,599,1,0
47,315,545,1,0
47,316,619,1,0
47,317,692,1,0
47,318,770,1,0
47,319,750,1,0
47,320,917,1,0
47,321,923,1,0
47,322,858,1,0
47,323,1120,1,0
47,324,766,1,0
47,325,803,1,0
47,326,861,1,0
47,327,853,1,0
47,328,833,1,0
47,329,657,1,0
47,330,637,1,0
47,331,697,1,0
47,332,598,1,0
47,333,747,1,0
47,334,613,1,0
47,335,569,1,0
47,336,798,1,0
47,337,1138,1,0
47,338,616,1,0
47,339,638,1,0
47,340,642,1,0
47,341,632,1,0
47,342,694,1,0
47,343,604,1,0
47,344,613,1,0
47,345,596,1,0
47,346,648,1,0
47,347,685,1,0
47,348,689,1,0
47,349,637,1,0
47,350,638,1,0
47,351,648,1,0
47,352,687,1,0
47,353,647,1,0
47,354,661,1,0
47,355,693,1,0
47,356,632,1,0
47,357,672,1,0
47,358,673,1,0
47,359,687,1,0
47,360,667,1,0
47,361,631,1,0
47,362,611,1,0
47,363,673,1,0
47,364,649,1,0
47,365,628,1,0
47,366,704,1,0
47,367,573,1,0
47,368,677,1,0
47,369,630,1,0
47,370,691,1,0
47,371,652,1,0
47,372,595,1,0
47,373,619,1,0
47,374,650,1,0
47,375,688,1,0
47,376,908,1,0
47,377,711,1,0
47,378,726,1,0
47,379,613,1,0
47,380,698,1,0
47,381,599,1,0
47,382,639,1,0
47,383,657,1,0
47,384,617,1,0
47,385,722,1,0
47,386,1033,1,0
47,387,1232,1,0
47,388,842,1,0
47,389,652,1,0
47,390,630,1,0
47,391,1119,1,0
47,392,648,1,0
47,393,676,1,0
47,394,636,1,0
47,395,696,1,0
47,396,728,1,0
47,397,626,1,0
47,398,637,1,0
47,399,716,1,0
47,400,852,1,0
47,401,565,1,0
47,402,622,1,0
47,403,683,1,0
47,404,614,1,0
47,405,747,1,0
47,406,716,1,0
47,407,777,1,0
47,408,670,1,0
47,409,665,1,0
47,410,708,1,0
47,411,922,1,0
47,412,752,1,0
47,413,964,1,0
47,414,916,1,0
47,415,927,1,0
47,416,854,1,0
47,417,806,1,0
47,418,724,1,0
47,419,843,1,0
47,420,746,1,0
47,421,742,1,0
47,422,935,1,0
47,423,759,1,0
47,424,707,1,0
47,425,699,1,0
47,426,618,1,0
47,427,795,1,0
47,428,711,1,0
47,429,917,1,0
47,430,720,1,0
47,431,591,1,0
47,432,655,1,0
47,433,598,1,0
47,434,642,1,0
47,435,703,1,0
47,436,799,1,0
47,437,617,1,0
47,438,655,1,0
47,439,654,1,0
47,440,852,1,0
47,441,664,1,0
47,442,841,1,0
47,443,665,1,0
47,444,593,1,0
47,445,626,1,0
47,446,624,1,0
47,447,554,1,0
47,448,741,1,0
47,449,704,1,0
47,450,685,1,0
47,451,624,1,0
47,452,609,1,0
47,453,599,1,0
47,454,600,1,0
47,455,599,1,0
47,456,615,1,0
47,457,652,1,0
47,458,608,1,0
47,459,601,1,0
47,460,798,1,0
47,461,606,1,0
47,462,613,1,0
47,463,614,1,0
47,464,602,1,0
47,465,675,1,0
47,466,753,1,0
47,467,632,1,0
47,468,700,1,0
47,469,738,1,0
47,470,635,1,0
47,471,803,1,0
47,472,655,1,0
47,473,644,1,0
47,474,1194,1,0
47,475,651,1,0
47,476,596,1,0
47,477,710,1,0
47,478,1108,1,0
47,479,717,1,0
47,480,609,1,0
47,481,675,1,0
47,482,666,1,0
47,483,755,1,0
47,484,632,1,0
47,485,670,1,0
47,486,959,1,0
47,487,728,1,0
47,488,1220,1,0
47,489,683,1,0
47,490,676,1,0
47,491,695,1,0
47,492,732,1,0
47,493,707,1,0
47,494,591,1,0
47,495,638,1,0
47,496,680,1,0
47,497,684,1,0
47,498,781,1,0
47,499,663,1,0
47,500,780,1,0
47,501,701,1,0
47,502,768,1,0
47,503,745,1,0
47,504,616,1,0
47,505,657,1,0
47,506,832,1,0
47,507,644,1,0
47,508,811,1,0
47,509,662,1,0
47,510,870,1,0
47,511,643,1,0
47,512,860,1,0
47,513,781,1,0
47,514,724,1,0
47,515,716,1,0
47,516,794,1,0
47,517,647,1,0
47,518,620,1,0
47,519,714,1,0
47,520,776,1,0
47,521,1352,1,0
47,522,686,1,0
47,523,659,1,0
47,524,659,1,0
47,525,645,1,0
47,526,732,1,0
47,527,605,1,0
47,528,587,1,0
47,529,622,1,0
47,530,727,1,0
47,531,613,1,0
47,532,587,1,0
47,533,642,1,0
47,534,1150,1,0
47,535,691,1,0
47,536,680,1,0
47,537,617,1,0
47,538,621,1,0
47,539,655,1,0
47,540,657,1,0
47,541,751,1,0
47,542,681,1,0
47,543,639,1,0
47,544,643,1,0
47,545,682,1,0
47,546,632,1,0
47,547,615,1,0
47,548,781,1,0
47,549,727,1,0
47,550,638,1,0
47,551,605,1,0
47,552,682,1,0
47,553,655,1,0
47,554,895,1,0
47,555,723,1,0
47,556,580,1,0
47,557,880,1,0
47,558,651,1,0
47,559,1039,1,0
47,560,586,1,0
47,561,627,1,0
47,562,607,1,0
47,563,639,1,0
47,564,609,1,0
47,565,643,1,0
47,566,694,1,0
47,567,661,1,0
47,568,724,1,0
47,569,664,1,0
47,570,666,1,0
47,571,566,1,0
47,572,1358,1,0
47,573,830,1,0
47,574,594,1,0
47,575,707,1,0
47,576,669,1,0
47,577,663,1,0
47,578,738,1,0
47,579,666,1,0
47,580,709,1,0
47,581,720,1,0
47,582,678,1,0
47,583,623,1,0
47,584,734,1,0
47,585,680,1,0
47,586,679,1,0
47,587,726,1,0
47,588,1256,1,0
47,589,744,1,0
47,590,818,1,0
47,591,827,1,0
47,592,1072,1,0
47,593,1295,1,0
47,594,834,1,0
47,595,896,1,0
47,596,1004,1,0
47,597,935,1,0
47,598,1262,1,0
47,599,1024,1,0
48,0,1693,1,0
48,1,731,1,0
48,2,721,1,0
48,3,717,1,0
48,4,1013,1,0
48,5,701,1,0
48,6,878,1,0
48,7,760,1,0
48,8,673,1,0
48,9,1023,1,0
48,10,964,1,0
48,11,840,1,0
48,12,857,1,0
48,13,1057,1,0
48,14,1114,1,0
48,15,938,1,0
48,16,1006,1,0
48,17,922,1,0
48,18,819,1,0
48,19,894,1,0
48,20,897,1,0
48,21,954,1,0
48,22,785,1,0
48,23,687,1,0
48,24,958,1,0
48,25,786,1,0
48,26,997,1,0
48,27,908,1,0
48,28,771,1,0
48,29,894,1,0
48,30,797,1,0
48,31,720,1,0
48,32,926,1,0
48,33,740,1,0
48,34,706,1,0
48,35,659,1,0
48,36,673,1,0
48,37,629,1,0
48,38,674,1,0
48,39,544,1,0
48,40,596,1,0
48,41,689,1,0
48,42,594,1,0
48,43,649,1,0
48,44,748,1,0
48,45,608,1,0
48,46,659,1,0
48,47,671,1,0
48,48,738,1,0
48,49,665,1,0
48,50,630,1,0
48,51,665,1,0
48,52,640,1,0
48,53,876,1,0
48,54,637,1,0
48,55,629,1,0
48,56,717,1,0
48,57,947,1,0
48,58,754,1,0
48,59,981,1,0
48,60,650,1,0
48,61,646,1,0
48,62,600,1,0
48,63,652,1,0
48,64,673,1,0
48,65,594,1,0
48,66,656,1,0
48,67,636,1,0
48,68,686,1,0
48,69,1754,1,0
48,70,1148,1,0
48,71,1220,1,0
48,72,1277,1,0
48,73,863,1,0
48,74,907,1,0
48,75,1281,1,0
48,76,962,1,0
48,77,753,1,0
48,78,585,1,0
48,79,694,1,0
48,80,688,1,0
48,81,743,1,0
48,82,668,1,0
48,83,612,1,0
48,84,612,1,0
48,85,627,1,0
48,86,691,1,0
48,87,627,1,0
48,88,694,1,0
48,89,631,1,0
48,90,606,1,0
48,91,635,1,0
48,92,617,1,0
48,93,768,1,0
48,94,698,1,0
48,95,655,1,0
48,96,587,1,0
48,97,606,1,0
48,98,668,1,0
48,99,618,1,0
48,100,729,1,0
48,101,740,1,0
48,102,664,1,0
48,103,772,1,0
48,104,715,1,0
48,105,758,1,0
48,106,800,1,0
48,107,872,1,0
48,108,755,1,0
48,109,780,1,0
48,110,842,1,0
48,111,816,1,0
48,112,856,1,0
48,113,1130,1,0
48,114,1004,1,0
48,115,798,1,0
48,116,995,1,0
48,117,767,1,0
48,118,732,1,0
48,119,962,1,0
48,120,762,1,0
48,121,953,1,0
48,122,880,1,0
48,123,889,1,0
48,124,809,1,0
48,125,640,1,0
48,126,588,1,0
48,127,663,1,0
48,128,600,1,0
48,129,831,1,0
48,130,651,1,0
48,131,644,1,0
48,132,641,1,0
48,133,554,1,0
48,134,640,1,0
48,135,704,1,0
48,136,653,1,0
48,137,667,1,0
48,138,605,1,0
48,139,640,1,0
48,140,670,1,0
48,141,948,1,0
48,142,605,1,0
48,143,702,1,0
48,144,612,1,0
48,145,648,1,0
48,146,748,1,0
48,147,905,1,0
48,148,668,1,0
48,149,667,1,0
48,150,624,1,0
48,151,652,1,0
48,152,703,1,0
48,153,574,1,0
48,154,646,1,0
48,155,819,1,0
48,156,742,1,0
48,157,734,1,0
48,158,695,1,0
48,159,621,1,0
48,160,634,1,0
48,161,641,1,0
48,162,667,1,0
48,163,689,1,0
48,164,615,1,0
48,165,652,1,0
48,166,905,1,0
48,167,578,1,0
48,168,736,1,0
48,169,635,1,0
48,170,1027,1,0
48,171,1173,1,0
48,172,594,1,0
48,173,1194,1,0
48,174,627,1,0
48,175,720,1,0
48,176,598,1,0
48,177,995,1,0
48,178,795,1,0
48,179,829,1,0
48,180,932,1,0
48,181,678,1,0
48,182,1043,1,0
48,183,953,1,0
48,184,801,1,0
48,185,824,1,0
48,186,884,1,0
48,187,677,1,0
48,188,1223,1,0
48,189,1004,1,0
48,190,1072,1,0
48,191,1028,1,0
48,192,914,1,0
48,193,932,1,0
48,194,709,1,0
48,195,1110,1,0
48,196,1210,1,0
48,197,1062,1,0
48,198,974,1,0
48,199,819,1,0
48,200,710,1,0
48,201,1052,1,0
48,202,738,1,0
48,203,775,1,0
48,204,767,1,0
48,205,998,1,0
48,206,788,1,0
48,207,724,1,0
48,208,682,1,0
48,209,703,1,0
48,210,999,1,0
48,211,593,1,0
48,212,628,1,0
48,213,617,1,0
48,214,900,1,0
48,215,589,1,0
48,216,636,1,0
48,217,627,1,0
48,218,593,1,0
48,219,689,1,0
48,220,677,1,0
48,221,638,1,0
48,222,679,1,0
48,223,611,1,0
48,224,555,1,0
48,225,603,1,0
48,226,580,1,0
48,227,608,1,0
48,228,600,1,0
48,229,630,1,0
48,230,659,1,0
48,231,623,1,0
48,232,667,1,0
48,233,700,1,0
48,234,568,1,0
48,235,623,1,0
48,236,606,1,0
48,237,581,1,0
48,238,683,1,0
48,239,623,1,0
48,240,697,1,0
48,241,619,1,0
48,242,605,1,0
48,243,649,1,0
48,244,605,1,0
48,245,602,1,0
48,246,683,1,0
48,247,668,1,0
48,248,758,1,0
48,249,686,1,0
48,250,646,1,0
48,251,613,1,0
48,252,647,1,0
48,253,666,1,0
48,254,726,1,0
48,255,653,1,0
48,256,730,1,0
48,257,729,1,0
48,258,704,1,0
48,259,721,1,0
48,260,758,1,0
48,261,776,1,0
48,262,751,1,0
48,263,727,1,0
48,264,668,1,0
48,265,594,1,0
48,266,872,1,0
48,267,643,1,0
48,268,574,1,0
48,269,614,1,0
48,270,684,1,0
48,271,705,1,0
48,272,618,1,0
48,273,741,1,0
48,274,708,1,0
48,275,701,1,0
48,276,672,1,0
48,277,582,1,0
48,278,590,1,0
48,279,620,1,0
48,280,609,1,0
48,281,571,1,0
48,282,627,1,0
48,283,570,1,0
48,284,603,1,0
48,285,568,1,0
48,286,702,1,0
48,287,650,1,0
48,288,750,1,0
48,289,658,1,0
48,290,672,1,0
48,291,650,1,0
48,292,806,1,0
48,293,794,1,0
48,294,764,1,0
48,295,709,1,0
48,296,675,1,0
48,297,671,1,0
48,298,795,1,0
48,299,854,1,0
48,300,843,1,0
48,301,722,1,0
48,302,588,1,0
48,303,607,1,0
48,304,580,1,0
48,305,589,1,0
48,306,543,1,0
48,307,668,1,0
48,308,659,1,0
48,309,978,1,0
48,310,844,1,0
48,311,814,1,0
48,312,829,1,0
48,313,767,1,0
48,314,698,1,0
48,315,634,1,0
48,316,742,1,0
48,317,702,1,0
48,318,580,1,0
48,319,674,1,0
48,320,730,1,0
48,321,677,1,0
48,322,592,1,0
48,323,582,1,0
48,324,633,1,0
48,325,659,1,0
48,326,788,1,0
48,327,653,1,0
48,328,704,1,0
48,329,610,1,0
48,330,663,1,0
48,331,566,1,0
48,332,595,1,0
48,333,727,1,0
48,334,568,1,0
48,335,650,1,0
48,336,657,1,0
48,337,637,1,0
48,338,670,1,0
48,339,686,1,0
48,340,695,1,0
48,341,653,1,0
48,342,665,1,0
48,343,695,1,0
48,344,668,1,0
48,345,624,1,0
48,346,639,1,0
48,347,678,1,0
48,348,623,1,0
48,349,648,1,0
48,350,650,1,0
48,351,686,1,0
48,352,617,1,0
48,353,695,1,0
48,354,640,1,0
48,355,831,1,0
48,356,644,1,0
48,357,930,1,0
48,358,1000,1,0
48,359,1385,1,0
48,360,605,1,0
48,361,661,1,0
48,362,708,1,0
48,363,663,1,0
48,364,653,1,0
48,365,708,1,0
48,366,606,1,0
48,367,778,1,0
48,368,1173,1,0
48,369,742,1,0
48,370,886,1,0
48,371,1059,1,0
48,372,755,1,0
48,373,721,1,0
48,374,788,1,0
48,375,1024,1,0
48,376,682,1,0
48,377,858,1,0
48,378,850,1,0
48,379,1016,1,0
48,380,932,1,0
48,381,773,1,0
48,382,758,1,0
48,383,894,1,0
48,384,759,1,0
48,385,863,1,0
48,386,1120,1,0
48,387,1634,1,0
48,388,767,1,0
48,389,718,1,0
48,390,772,1,0
48,391,1170,1,0
48,392,693,1,0
48,393,668,1,0
48,394,771,1,0
48,395,597,1,0
48,396,1000,1,0
48,397,626,1,0
48,398,712,1,0
48,399,644,1,0
48,400,655,1,0
48,401,572,1,0
48,402,580,1,0
48,403,619,1,0
48,404,609,1,0
48,405,707,1,0
48,406,590,1,0
48,407,1143,1,0
48,408,629,1,0
48,409,680,1,0
48,410,623,1,0
48,411,673,1,0
48,412,661,1,0
48,413,706,1,0
48,414,640,1,0
48,415,705,1,0
48,416,675,1,0
48,417,588,1,0
48,418,654,1,0
48,419,644,1,0
48,420,580,1,0
48,421,1009,1,0
48,422,708,1,0
48,423,560,1,0
48,424,591,1,0
48,425,693,1,0
48,426,660,1,0
48,427,668,1,0
48,428,670,1,0
48,429,640,1,0
48,430,649,1,0
48,431,645,1,0
48,432,601,1,0
48,433,567,1,0
48,434,658,1,0
48,435,641,1,0
48,436,627,1,0
48,437,657,1,0
48,438,695,1,0
48,439,666,1,0
48,440,728,1,0
48,441,638,1,0
48,442,656,1,0
48,443,675,1,0
48,444,627,1,0
48,445,619,1,0
48,446,590,1,0
48,447,666,1,0
48,448,686,1,0
48,449,759,1,0
48,450,601,1,0
48,451,723,1,0
48,452,692,1,0
48,453,764,1,0
48,454,636,1,0
48,455,703,1,0
48,456,669,1,0
48,457,688,1,0
48,458,851,1,0
48,459,678,1,0
48,460,689,1,0
48,461,653,1,0
48,462,638,1,0
48,463,874,1,0
48,464,699,1,0
48,465,769,1,0
48,466,848,1,0
48,467,766,1,0
48,468,1128,1,0
48,469,814,1,0
48,470,820,1,0
48,471,850,1,0
48,472,958,1,0
48,473,971,1,0
48,474,790,1,0
48,475,770,1,0
48,476,1016,1,0
48,477,691,1,0
48,478,1309,1,0
48,479,858,1,0
48,480,775,1,0
48,481,935,1,0
48,482,637,1,0
48,483,795,1,0
48,484,793,1,0
48,485,803,1,0
48,486,957,1,0
48,487,1119,1,0
48,488,1074,1,0
48,489,717,1,0
48,490,666,1,0
48,491,676,1,0
48,492,733,1,0
48,493,922,1,0
48,494,593,1,0
48,495,688,1,0
48,496,815,1,0
48,497,592,1,0
48,498,677,1,0
48,499,605,1,0
48,500,629,1,0
48,501,607,1,0
48,502,662,1,0
48,503,685,1,0
48,504,886,1,0
48,505,628,1,0
48,506,649,1,0
48,507,688,1,0
48,508,712,1,0
48,509,624,1,0
48,510,720,1,0
48,511,629,1,0
48,512,671,1,0
48,513,707,1,0
48,514,633,1,0
48,515,655,1,0
48,516,807,1,0
48,517,618,1,0
48,518,709,1,0
48,519,605,1,0
48,520,636,1,0
48,521,890,1,0
48,522,630,1,0
48,523,670,1,0
48,524,557,1,0
48,525,617,1,0
48,526,684,1,0
48,527,648,1,0
48,528,847,1,0
48,529,640,1,0
48,530,947,1,0
48,531,712,1,0
48,532,636,1,0
48,533,668,1,0
48,534,732,1,0
48,535,685,1,0
48,536,744,1,0
48,537,630,1,0
48,538,675,1,0
48,539,647,1,0
48,540,677,1,0
48,541,618,1,0
48,542,659,1,0
48,543,685,1,0
48,544,685,1,0
48,545,588,1,0
48,546,709,1,0
48,547,725,1,0
48,548,657,1,0
48,549,649,1,0
48,550,726,1,0
48,551,738,1,0
48,552,659,1,0
48,553,624,1,0
48,554,667,1,0
48,555,857,1,0
48,556,646,1,0
48,557,690,1,0
48,558,779,1,0
48,559,1185,1,0
48,560,1042,1,0
48,561,1004,1,0
48,562,1069,1,0
48,563,1170,1,0
48,564,894,1,0
48,565,1059,1,0
48,566,999,1,0
48,567,883,1,0
48,568,806,1,0
48,569,911,1,0
48,570,835,1,0
48,571,882,1,0
48,572,1208,1,0
48,573,732,1,0
48,574,935,1,0
48,575,897,1,0
48,576,720,1,0
48,577,709,1,0
48,578,783,1,0
48,579,823,1,0
48,580,939,1,0
48,581,806,1,0
48,582,756,1,0
48,583,792,1,0
48,584,838,1,0
48,585,699,1,0
48,586,758,1,0
48,587,607,1,0
48,588,734,1,0
48,589,597,1,0
48,590,839,1,0
48,591,619,1,0
48,592,652,1,0
48,593,736,1,0
48,594,649,1,0
48,595,647,1,0
48,596,614,1,0
48,597,791,1,0
48,598,1058,1,0
48,599,850,1,0
49,0,1831,1,0
49,1,588,1,0
49,2,902,1,0
49,3,899,1,0
49,4,657,1,0
49,5,634,1,0
49,6,878,1,0
49,7,709,1,0
49,8,668,1,0
49,9,898,1,0
49,10,679,1,0
49,11,632,1,0
49,12,580,1,0
49,13,653,1,0
49,14,689,1,0
49,15,617,1,0
49,16,660,1,0
49,17,659,1,0
49,18,669,1,0
49,19,730,1,0
49,20,673,1,0
49,21,636,1,0
49,22,690,1,0
49,23,725,1,0
49,24,670,1,0
49,25,604,1,0
49,26,626,1,0
49,27,633,1,0
49,28,616,1,0
49,29,643,1,0
49,30,736,1,0
49,31,614,1,0
49,32,633,1,0
49,33,615,1,0
49,34,624,1,0
49,35,612,1,0
49,36,596,1,0
49,37,621,1,0
49,38,603,1,0
49,39,626,1,0
49,40,650,1,0
49,41,682,1,0
49,42,610,1,0
49,43,575,1,0
49,44,685,1,0
49,45,656,1,0
49,46,702,1,0
49,47,599,1,0
49,48,600,1,0
49,49,660,1,0
49,50,612,1,0
49,51,652,1,0
49,52,542,1,0
49,53,792,1,0
49,54,615,1,0
49,55,643,1,0
49,56,848,1,0
49,57,806,1,0
49,58,998,1,0
49,59,683,1,0
49,60,685,1,0
49,61,652,1,0
49,62,704,1,0
49,63,650,1,0
49,64,743,1,0
49,65,663,1,0
49,66,648,1,0
49,67,677,1,0
49,68,625,1,0
49,69,1176,1,0
49,70,956,1,0
49,71,1180,1,0
49,72,821,1,0
49,73,789,1,0
49,74,905,1,0
49,75,780,1,0
49,76,826,1,0
49,77,938,1,0
49,78,721,1,0
49,79,667,1,0
49,80,744,1,0
49,81,676,1,0
49,82,727,1,0
49,83,942,1,0
49,84,1109,1,0
49,85,601,1,0
49,86,585,1,0
49,87,636,1,0
49,88,707,1,0
49,89,574,1,0
49,90,594,1,0
49,91,907,1,0
49,92,711,1,0
49,93,616,1,0
49,94,552,1,0
49,95,610,1,0
49,96,581,1,0
49,97,643,1,0
49,98,585,1,0
49,99,602,1,0
49,100,633,1,0
49,101,709,1,0
49,102,569,1,0
49,103,752,1,0
49,104,634,1,0
49,105,600,1,0
49,106,637,1,0
49,107,626,1,0
49,108,643,1,0
49,109,579,1,0
49,110,639,1,0
49,111,651,1,0
49,112,646,1,0
49,113,847,1,0
49,114,695,1,0
49,115,691,1,0
49,116,614,1,0
49,117,614,1,0
49,118,719,1,0
49,119,654,1,0
49,120,662,1,0
49,121,621,1,0
49,122,657,1,0
49,123,674,1,0
49,124,692,1,0
49,125,886,1,0
49,126,636,1,0
49,127,640,1,0
49,128,633,1,0
49,129,785,1,0
49,130,698,1,0
49,131,691,1,0
49,132,793,1,0
49,133,725,1,0
49,134,612,1,0
49,135,772,1,0
49,136,783,1,0
49,137,956,1,0
49,138,720,1,0
49,139,1403,1,0
49,140,1192,1,0
49,141,864,1,0
49,142,682,1,0
49,143,1095,1,0
49,144,1155,1,0
49,145,722,1,0
49,146,916,1,0
49,147,831,1,0
49,148,1039,1,0
49,149,810,1,0
49,150,884,1,0
49,151,815,1,0
49,152,1052,1,0
49,153,929,1,0
49,154,950,1,0
49,155,1039,1,0
49,156,826,1,0
49,157,980,1,0
49,158,728,1,0
49,159,952,1,0
49,160,884,1,0
49,161,805,1,0
49,162,860,1,0
49,163,738,1,0
49,164,866,1,0
49,165,667,1,0
49,166,1016,1,0
49,167,716,1,0
49,168,764,1,0
49,169,1046,1,0
49,170,1236,1,0
49,171,937,1,0
49,172,898,1,0
49,173,652,1,0
49,174,607,1,0
49,175,586,1,0
49,176,609,1,0
49,177,998,1,0
49,178,628,1,0
49,179,614,1,0
49,180,672,1,0
49,181,605,1,0
49,182,768,1,0
49,183,635,1,0
49,184,598,1,0
49,185,559,1,0
49,186,589,1,0
49,187,608,1,0
49,188,687,1,0
49,189,624,1,0
49,190,650,1,0
49,191,665,1,0
49,192,580,1,0
49,193,585,1,0
49,194,640,1,0
49,195,824,1,0
49,196,665,1,0
49,197,1265,1,0
49,198,718,1,0
49,199,598,1,0
49,200,605,1,0
49,201,632,1,0
49,202,587,1,0
49,203,569,1,0
49,204,638,1,0
49,205,624,1,0
49,206,690,1,0
49,207,644,1,0
49,208,683,1,0
49,209,590,1,0
49,210,678,1,0
49,211,631,1,0
49,212,643,1,0
49,213,546,1,0
49,214,652,1,0
49,215,622,1,0
49,216,806,1,0
49,217,602,1,0
49,218,584,1,0
49,219,732,1,0
49,220,664,1,0
49,221,617,1,0
49,222,750,1,0
49,223,671,1,0
49,224,736,1,0
49,225,597,1,0
49,226,1324,1,0
49,227,712,1,0
49,228,641,1,0
49,229,712,1,0
49,230,644,1,0
49,231,696,1,0
49,232,632,1,0
49,233,694,1,0
49,234,667,1,0
49,235,625,1,0
49,236,689,1,0
49,237,770,1,0
49,238,616,1,0
49,239,661,1,0
49,240,689,1,0
49,241,988,1,0
49,242,775,1,0
49,243,636,1,0
49,244,620,1,0
49,245,776,1,0
49,246,894,1,0
49,247,778,1,0
49,248,939,1,0
49,249,705,1,0
49,250,920,1,0
49,251,819,1,0
49,252,635,1,0
49,253,730,1,0
49,254,655,1,0
49,255,696,1,0
49,256,690,1,0
49,257,727,1,0
49,258,714,1,0
49,259,968,1,0
49,260,676,1,0
49,261,704,1,0
49,262,840,1,0
49,263,770,1,0
49,264,680,1,0
49,265,588,1,0
49,266,613,1,0
49,267,746,1,0
49,268,869,1,0
49,269,735,1,0
49,270,595,1,0
49,271,631,1,0
49,272,617,1,0
49,273,589,1,0
49,274,701,1,0
49,275,646,1,0
49,276,671,1,0
49,277,877,1,0
49,278,585,1,0
49,279,628,1,0
49,280,609,1,0
49,281,606,1,0
49,282,570,1,0
49,283,650,1,0
49,284,626,1,0
49,285,593,1,0
49,286,720,1,0
49,287,694,1,0
49,288,665,1,0
49,289,594,1,0
49,290,670,1,0
49,291,556,1,0
49,292,605,1,0
49,293,608,1,0
49,294,589,1,0
49,295,694,1,0
49,296,586,1,0
49,297,628,1,0
49,298,756,1,0
49,299,768,1,0
49,300,713,1,0
49,301,672,1,0
49,302,578,1,0
49,303,634,1,0
49,304,635,1,0
49,305,639,1,0
49,306,614,1,0
49,307,655,1,0
49,308,634,1,0
49,309,575,1,0
49,310,649,1,0
49,311,658,1,0
49,312,625,1,0
49,313,675,1,0
49,314,666,1,0
49,315,688,1,0
49,316,637,1,0
49,317,717,1,0
49,318,638,1,0
49,319,616,1,0
49,320,788,1,0
49,321,699,1,0
49,322,671,1,0
49,323,632,1,0
49,324,630,1,0
49,325,693,1,0
49,326,747,1,0
49,327,631,1,0
49,328,669,1,0
49,329,591,1,0
49,330,744,1,0
49,331,775,1,0
49,332,724,1,0
49,333,1017,1,0
49,334,871,1,0
49,335,882,1,0
49,336,1144,1,0
49,337,1150,1,0
49,338,829,1,0
49,339,744,1,0
49,340,810,1,0
49,341,1009,1,0
49,342,780,1,0
49,343,685,1,0
49,344,806,1,0
49,345,722,1,0
49,346,812,1,0
49,347,771,1,0
49,348,920,1,0
49,349,743,1,0
49,350,726,1,0
49,351,785,1,0
49,352,609,1,0
49,353,735,1,0
49,354,799,1,0
49,355,630,1,0
49,356,631,1,0
49,357,622,1,0
49,358,654,1,0
49,359,613,1,0
49,360,749,1,0
49,361,818,1,0
49,362,653,1,0
49,363,625,1,0
49,364,636,1,0
49,365,592,1,0
49,366,641,1,0
49,367,576,1,0
49,368,847,1,0
49,369,641,1,0
49,370,679,1,0
49,371,642,1,0
49,372,626,1,0
49,373,624,1,0
49,374,641,1,0
49,375,596,1,0
49,376,724,1,0
49,377,654,1,0
49,378,705,1,0
49,379,665,1,0
49,380,679,1,0
49,381,660,1,0
49,382,617,1,0
49,383,626,1,0
49,384,615,1,0
49,385,590,1,0
49,386,731,1,0
49,387,1034,1,0
49,388,654,1,0
49,389,709,1,0
49,390,609,1,0
49,391,722,1,0
49,392,672,1,0
49,393,587,1,0
49,394,605,1,0
49,395,587,1,0
49,396,701,1,0
49,397,559,1,0
49,398,658,1,0
49,399,624,1,0
49,400,743,1,0
49,401,588,1,0
49,402,584,1,0
49,403,577,1,0
49,404,600,1,0
49,405,670,1,0
49,406,641,1,0
49,407,638,1,0
49,408,662,1,0
49,409,785,1,0
49,410,644,1,0
49,411,885,1,0
49,412,656,1,0
49,413,607,1,0
49,414,691,1,0
49,415,688,1,0
49,416,659,1,0
49,417,841,1,0
49,418,586,1,0
49,419,987,1,0
49,420,1102,1,0
49,421,752,1,0
49,422,884,1,0
49,423,701,1,0
49,424,831,1,0
49,425,942,1,0
49,426,941,1,0
49,427,960,1,0
49,428,971,1,0
49,429,934,1,0
49,430,913,1,0
49,431,916,1,0
49,432,952,1,0
49,433,836,1,0
49,434,727,1,0
49,435,720,1,0
49,436,803,1,0
49,437,724,1,0
49,438,836,1,0
49,439,834,1,0
49,440,1026,1,0
49,441,798,1,0
49,442,919,1,0
49,443,773,1,0
49,444,645,1,0
49,445,899,1,0
49,446,672,1,0
49,447,676,1,0
49,448,679,1,0
49,449,590,1,0
49,450,666,1,0
49,451,633,1,0
49,452,737,1,0
49,453,583,1,0
49,454,568,1,0
49,455,623,1,0
49,456,642,1,0
49,457,617,1,0
49,458,618,1,0
49,459,598,1,0
49,460,635,1,0
49,461,637,1,0
49,462,582,1,0
49,463,603,1,0
49,464,599,1,0
49,465,661,1,0
49,466,583,1,0
49,467,606,1,0
49,468,646,1,0
49,469,680,1,0
49,470,594,1,0
49,471,647,1,0
49,472,633,1,0
49,473,576,1,0
49,474,641,1,0
49,475,641,1,0
49,476,544,1,0
49,477,637,1,0
49,478,1217,1,0
49,479,624,1,0
49,480,612,1,0
49,481,626,1,0
49,482,593,1,0
49,483,621,1,0
49,484,621,1,0
49,485,715,1,0
49,486,813,1,0
49,487,1541,1,0
49,488,839,1,0
49,489,776,1,0
49,490,609,1,0
49,491,618,1,0
49,492,672,1,0
49,493,599,1,0
49,494,633,1,0
49,495,566,1,0
49,496,804,1,0
49,497,591,1,0
49,498,625,1,0
49,499,638,1,0
49,500,652,1,0
49,501,613,1,0
49,502,711,1,0
49,503,792,1,0
49,504,564,1,0
49,505,627,1,0
49,506,590,1,0
49,507,630,1,0
49,508,717,1,0
49,509,634,1,0
49,510,668,1,0
49,511,647,1,0
49,512,704,1,0
49,513,650,1,0
49,514,722,1,0
49,515,645,1,0
49,516,690,1,0
49,517,551,1,0
49,518,604,1,0
49,519,674,1,0
49,520,702,1,0
49,521,875,1,0
49,522,668,1,0
49,523,797,1,0
49,524,877,1,0
49,525,920,1,0
49,526,886,1,0
49,527,1007,1,0
49,528,1157,1,0
49,529,810,1,0
49,530,913,1,0
49,531,700,1,0
49,532,695,1,0
49,533,876,1,0
49,534,1219,1,0
49,535,868,1,0
49,536,692,1,0
49,537,855,1,0
49,538,1096,1,0
49,539,789,1,0
49,540,840,1,0
49,541,689,1,0
49,542,814,1,0
49,543,639,1,0
49,544,643,1,0
49,545,581,1,0
49,546,750,1,0
49,547,813,1,0
49,548,584,1,0
49,549,624,1,0
49,550,627,1,0
49,551,639,1,0
49,552,597,1,0
49,553,602,1,0
49,554,723,1,0
49,555,626,1,0
49,556,619,1,0
49,557,655,1,0
49,558,606,1,0
49,559,690,1,0
49,560,802,1,0
49,561,681,1,0
49,562,604,1,0
49,563,608,1,0
49,564,652,1,0
49,565,646,1,0
49,566,613,1,0
49,567,604,1,0
49,568,669,1,0
49,569,638,1,0
49,570,596,1,0
49,571,654,1,0
49,572,952,1,0
49,573,558,1,0
49,574,588,1,0
49,575,573,1,0
49,576,637,1,0
49,577,607,1,0
49,578,576,1,0
49,579,734,1,0
49,580,720,1,0
49,581,652,1,0
49,582,647,1,0
49,583,626,1,0
49,584,642,1,0
49,585,820,1,0
49,586,600,1,0
49,587,612,1,0
49,588,935,1,0
49,589,658,1,0
49,590,593,1,0
49,591,570,1,0
49,592,633,1,0
49,593,620,1,0
49,594,611,1,0
49,595,993,1,0
49,596,639,1,0
49,597,791,1,0
49,598,1268,1,0
49,599,861,1,0
50,0,2417,1,0
50,1,675,1,0
50,2,644,1,0
50,3,732,1,0
50,4,1096,1,0
50,5,611,1,0
50,6,658,1,0
50,7,698,1,0
50,8,642,1,0
50,9,1169,1,0
50,10,607,1,0
50,11,650,1,0
50,12,658,1,0
50,13,730,1,0
50,14,1479,1,0
50,15,637,1,0
50,16,580,1,0
50,17,713,1,0
50,18,847,1,0
50,19,579,1,0
50,20,804,1,0
50,21,977,1,0
50,22,1039,1,0
50,23,931,1,0
50,24,1021,1,0
50,25,709,1,0
50,26,973,1,0
50,27,896,1,0
50,28,883,1,0
50,29,999,1,0
50,30,907,1,0
50,31,868,1,0
50,32,769,1,0
50,33,643,1,0
50,34,712,1,0
50,35,857,1,0
50,36,718,1,0
50,37,797,1,0
50,38,799,1,0
50,39,836,1,0
50,40,855,1,0
50,41,737,1,0
50,42,669,1,0
50,43,709,1,0
50,44,619,1,0
50,45,641,1,0
50,46,632,1,0
50,47,576,1,0
50,48,603,1,0
50,49,611,1,0
50,50,616,1,0
50,51,673,1,0
50,52,699,1,0
50,53,653,1,0
50,54,829,1,0
50,55,784,1,0
50,56,684,1,0
50,57,729,1,0
50,58,894,1,0
50,59,646,1,0
50,60,704,1,0
50,61,673,1,0
50,62,691,1,0
50,63,684,1,0
50,64,649,1,0
50,65,727,1,0
50,66,800,1,0
50,67,757,1,0
50,68,689,1,0
50,69,1875,1,0
50,70,1458,1,0
50,71,1138,1,0
50,72,1481,1,0
50,73,1149,1,0
50,74,1276,1,0
50,75,1154,1,0
50,76,672,1,0
50,77,1479,1,0
50,78,889,1,0
50,79,658,1,0
50,80,639,1,0
50,81,618,1,0
50,82,656,1,0
50,83,691,1,0
50,84,745,1,0
50,85,594,1,0
50,86,659,1,0
50,87,673,1,0
50,88,824,1,0
50,89,730,1,0
50,90,748,1,0
50,91,652,1,0
50,92,612,1,0
50,93,644,1,0
50,94,656,1,0
50,95,682,1,0
50,96,684,1,0
50,97,637,1,0
50,98,652,1,0
50,99,616,1,0
50,100,659,1,0
50,101,672,1,0
50,102,707,1,0
50,103,786,1,0
50,104,808,1,0
50,105,922,1,0
50,106,803,1,0
50,107,868,1,0
50,108,857,1,0
50,109,846,1,0
50,110,970,1,0
50,111,932,1,0
50,112,949,1,0
50,113,950,1,0
50,114,792,1,0
50,115,898,1,0
50,116,799,1,0
50,117,842,1,0
50,118,708,1,0
50,119,809,1,0
50,120,888,1,0
50,121,853,1,0
50,122,1025,1,0
50,123,855,1,0
50,124,848,1,0
50,125,974,1,0
50,126,824,1,0
50,127,799,1,0
50,128,697,1,0
50,129,732,1,0
50,130,679,1,0
50,131,657,1,0
50,132,691,1,0
50,133,834,1,0
50,134,732,1,0
50,135,621,1,0
50,136,902,1,0
50,137,1126,1,0
50,138,679,1,0
50,139,636,1,0
50,140,648,1,0
50,141,1203,1,0
50,142,647,1,0
50,143,792,1,0
50,144,627,1,0
50,145,685,1,0
50,146,730,1,0
50,147,655,1,0
50,148,668,1,0
50,149,684,1,0
50,150,559,1,0
50,151,665,1,0
50,152,712,1,0
50,153,603,1,0
50,154,664,1,0
50,155,740,1,0
50,156,646,1,0
50,157,613,1,0
50,158,579,1,0
50,159,699,1,0
50,160,811,1,0
50,161,647,1,0
50,162,607,1,0
50,163,645,1,0
50,164,634,1,0
50,165,693,1,0
50,166,893,1,0
50,167,685,1,0
50,168,645,1,0
50,169,585,1,0
50,170,797,1,0
50,171,901,1,0
50,172,1005,1,0
50,173,851,1,0
50,174,734,1,0
50,175,917,1,0
50,176,714,1,0
50,177,699,1,0
50,178,739,1,0
50,179,620,1,0
50,180,726,1,0
50,181,670,1,0
50,182,625,1,0
50,183,969,1,0
50,184,929,1,0
50,185,647,1,0
50,186,749,1,0
50,187,841,1,0
50,188,1198,1,0
50,189,935,1,0
50,190,729,1,0
50,191,835,1,0
50,192,733,1,0
50,193,743,1,0
50,194,1002,1,0
50,195,773,1,0
50,196,897,1,0
50,197,1128,1,0
50,198,610,1,0
50,199,723,1,0
50,200,596,1,0
50,201,749,1,0
50,202,696,1,0
50,203,753,1,0
50,204,845,1,0
50,205,810,1,0
50,206,819,1,0
50,207,657,1,0
50,208,618,1,0
50,209,752,1,0
50,210,739,1,0
50,211,704,1,0
50,212,811,1,0
50,213,763,1,0
50,214,837,1,0
50,215,860,1,0
50,216,756,1,0
50,217,829,1,0
50,218,669,1,0
50,219,912,1,0
50,220,819,1,0
50,221,791,1,0
50,222,783,1,0
50,223,807,1,0
50,224,611,1,0
50,225,642,1,0
50,226,814,1,0
50,227,555,1,0
50,228,725,1,0
50,229,594,1,0
50,230,583,1,0
50,231,574,1,0
50,232,566,1,0
50,233,621,1,0
50,234,589,1,0
50,235,623,1,0
50,236,611,1,0
50,237,622,1,0
50,238,613,1,0
50,239,629,1,0
50,240,1445,1,0
50,241,605,1,0
50,242,888,1,0
50,243,697,1,0
50,244,630,1,0
50,245,845,1,0
50,246,641,1,0
50,247,648,1,0
50,248,634,1,0
50,249,578,1,0
50,250,637,1,0
50,251,635,1,0
50,252,542,1,0
50,253,604,1,0
50,254,599,1,0
50,255,639,1,0
50,256,603,1,0
50,257,626,1,0
50,258,622,1,0
50,259,797,1,0
50,260,637,1,0
50,261,617,1,0
50,262,587,1,0
50,263,644,1,0
50,264,756,1,0
50,265,725,1,0
50,266,640,1,0
50,267,723,1,0
50,268,693,1,0
50,269,546,1,0
50,270,666,1,0
50,271,690,1,0
50,272,616,1,0
50,273,676,1,0
50,274,726,1,0
50,275,816,1,0
50,276,567,1,0
50,277,743,1,0
50,278,677,1,0
50,279,587,1,0
50,280,625,1,0
50,281,624,1,0
50,282,710,1,0
50,283,593,1,0
50,284,633,1,0
50,285,550,1,0
50,286,615,1,0
50,287,574,1,0
50,288,653,1,0
50,289,727,1,0
50,290,664,1,0
50,291,647,1,0
50,292,643,1,0
50,293,718,1,0
50,294,677,1,0
50,295,666,1,0
50,296,699,1,0
50,297,649,1,0
50,298,838,1,0
50,299,888,1,0
50,300,768,1,0
50,301,1064,1,0
50,302,742,1,0
50,303,974,1,0
50,304,700,1,0
50,305,759,1,0
50,306,661,1,0
50,307,797,1,0
50,308,831,1,0
50,309,719,1,0
50,310,796,1,0
50,311,854,1,0
50,312,688,1,0
50,313,628,1,0
50,314,615,1,0
50,315,634,1,0
50,316,623,1,0
50,317,617,1,0
50,318,920,1,0
50,319,888,1,0
50,320,782,1,0
50,321,857,1,0
50,322,732,1,0
50,323,617,1,0
50,324,707,1,0
50,325,761,1,0
50,326,641,1,0
50,327,610,1,0
50,328,700,1,0
50,329,666,1,0
50,330,752,1,0
50,331,627,1,0
50,332,967,1,0
50,333,625,1,0
50,334,608,1,0
50,335,690,1,0
50,336,589,1,0
50,337,639,1,0
50,338,750,1,0
50,339,712,1,0
50,340,647,1,0
50,341,559,1,0
50,342,660,1,0
50,343,601,1,0
50,344,641,1,0
50,345,653,1,0
50,346,673,1,0
50,347,667,1,0
50,348,639,1,0
50,349,589,1,0
50,350,647,1,0
50,351,724,1,0
50,352,662,1,0
50,353,570,1,0
50,354,706,1,0
50,355,655,1,0
50,356,643,1,0
50,357,634,1,0
50,358,630,1,0
50,359,630,1,0
50,360,670,1,0
50,361,827,1,0
50,362,641,1,0
50,363,626,1,0
50,364,664,1,0
50,365,679,1,0
50,366,625,1,0
50,367,630,1,0
50,368,658,1,0
50,369,614,1,0
50,370,604,1,0
50,371,654,1,0
50,372,610,1,0
50,373,698,1,0
50,374,746,1,0
50,375,628,1,0
50,376,1150,1,0
50,377,1408,1,0
50,378,978,1,0
50,379,746,1,0
50,380,677,1,0
50,381,705,1,0
50,382,634,1,0
50,383,657,1,0
50,384,597,1,0
50,385,781,1,0
50,386,870,1,0
50,387,1152,1,0
50,388,899,1,0
50,389,747,1,0
50,390,809,1,0
50,391,1289,1,0
50,392,717,1,0
50,393,693,1,0
50,394,715,1,0
50,395,717,1,0
50,396,839,1,0
50,397,860,1,0
50,398,789,1,0
50,399,784,1,0
50,400,1114,1,0
50,401,1156,1,0
50,402,663,1,0
50,403,594,1,0
50,404,666,1,0
50,405,764,1,0
50,406,895,1,0
50,407,817,1,0
50,408,614,1,0
50,409,621,1,0
50,410,970,1,0
50,411,593,1,0
50,412,656,1,0
50,413,663,1,0
50,414,615,1,0
50,415,738,1,0
50,416,702,1,0
50,417,658,1,0
50,418,594,1,0
50,419,608,1,0
50,420,603,1,0
50,421,826,1,0
50,422,590,1,0
50,423,652,1,0
50,424,616,1,0
50,425,615,1,0
50,426,825,1,0
50,427,675,1,0
50,428,720,1,0
50,429,688,1,0
50,430,863,1,0
50,431,613,1,0
50,432,617,1,0
50,433,620,1,0
50,434,632,1,0
50,435,674,1,0
50,436,630,1,0
50,437,675,1,0
50,438,681,1,0
50,439,617,1,0
50,440,678,1,0
50,441,654,1,0
50,442,736,1,0
50,443,673,1,0
50,444,750,1,0
50,445,815,1,0
50,446,866,1,0
50,447,644,1,0
50,448,694,1,0
50,449,692,1,0
50,450,755,1,0
50,451,662,1,0
50,452,672,1,0
50,453,662,1,0
50,454,622,1,0
50,455,632,1,0
50,456,666,1,0
50,457,607,1,0
50,458,652,1,0
50,459,643,1,0
50,460,638,1,0
50,461,656,1,0
50,462,624,1,0
50,463,667,1,0
50,464,744,1,0
50,465,1122,1,0
50,466,669,1,0
50,467,625,1,0
50,468,648,1,0
50,469,626,1,0
50,470,701,1,0
50,471,859,1,0
50,472,625,1,0
50,473,653,1,0
50,474,891,1,0
50,475,826,1,0
50,476,672,1,0
50,477,853,1,0
50,478,1561,1,0
50,479,1208,1,0
50,480,1054,1,0
50,481,704,1,0
50,482,1043,1,0
50,483,927,1,0
50,484,756,1,0
50,485,777,1,0
50,486,747,1,0
50,487,1817,1,0
50,488,1044,1,0
50,489,641,1,0
50,490,655,1,0
50,491,694,1,0
50,492,748,1,0
50,493,793,1,0
50,494,698,1,0
50,495,773,1,0
50,496,743,1,0
50,497,731,1,0
50,498,630,1,0
50,499,690,1,0
50,500,666,1,0
50,501,660,1,0
50,502,879,1,0
50,503,682,1,0
50,504,598,1,0
50,505,650,1,0
50,506,965,1,0
50,507,626,1,0
50,508,572,1,0
50,509,589,1,0
50,510,564,1,0
50,511,589,1,0
50,512,602,1,0
50,513,575,1,0
50,514,581,1,0
50,515,616,1,0
50,516,575,1,0
50,517,772,1,0
50,518,656,1,0
50,519,773,1,0
50,520,809,1,0
50,521,792,1,0
50,522,623,1,0
50,523,636,1,0
50,524,627,1,0
50,525,593,1,0
50,526,626,1,0
50,527,623,1,0
50,528,668,1,0
50,529,656,1,0
50,530,565,1,0
50,531,598,1,0
50,532,592,1,0
50,533,599,1,0
50,534,768,1,0
50,535,636,1,0
50,536,633,1,0
50,537,653,1,0
50,538,644,1,0
50,539,633,1,0
50,540,604,1,0
50,541,622,1,0
50,542,653,1,0
50,543,678,1,0
50,544,679,1,0
50,545,662,1,0
50,546,658,1,0
50,547,712,1,0
50,548,664,1,0
50,549,738,1,0
50,550,684,1,0
50,551,691,1,0
50,552,570,1,0
50,553,623,1,0
50,554,659,1,0
50,555,604,1,0
50,556,827,1,0
50,557,645,1,0
50,558,767,1,0
50,559,640,1,0
50,560,693,1,0
50,561,839,1,0
50,562,671,1,0
50,563,642,1,0
50,564,646,1,0
50,565,666,1,0
50,566,808,1,0
50,567,727,1,0
50,568,1231,1,0
50,569,1011,1,0
50,570,714,1,0
50,571,687,1,0
50,572,1136,1,0
50,573,905,1,0
50,574,938,1,0
50,575,911,1,0
50,576,1164,1,0
50,577,888,1,0
50,578,926,1,0
50,579,1049,1,0
50,580,712,1,0
50,581,625,1,0
50,582,673,1,0
50,583,950,1,0
50,584,816,1,0
50,585,1273,1,0
50,586,858,1,0
50,587,769,1,0
50,588,729,1,0
50,589,773,1,0
50,590,843,1,0
50,591,835,1,0
50,592,770,1,0
50,593,790,1,0
50,594,697,1,0
50,595,723,1,0
50,596,1264,1,0
50,597,692,1,0
50,598,661,1,0
50,599,655,1,0
51,0,2078,1,0
51,1,870,1,0
51,2,828,1,0
51,3,913,1,0
51,4,916,1,0
51,5,816,1,0
51,6,991,1,0
51,7,850,1,0
51,8,777,1,0
51,9,1060,1,0
51,10,864,1,0
51,11,840,1,0
51,12,952,1,0
51,13,791,1,0
51,14,1737,1,0
51,15,715,1,0
51,16,862,1,0
51,17,655,1,0
51,18,658,1,0
51,19,744,1,0
51,20,578,1,0
51,21,605,1,0
51,22,683,1,0
51,23,594,1,0
51,24,597,1,0
51,25,583,1,0
51,26,647,1,0
51,27,658,1,0
51,28,625,1,0
51,29,722,1,0
51,30,761,1,0
51,31,628,1,0
51,32,655,1,0
51,33,629,1,0
51,34,596,1,0
51,35,687,1,0
51,36,666,1,0
51,37,636,1,0
51,38,632,1,0
51,39,670,1,0
51,40,664,1,0
51,41,628,1,0
51,42,646,1,0
51,43,643,1,0
51,44,625,1,0
51,45,676,1,0
51,46,603,1,0
51,47,572,1,0
51,48,671,1,0
51,49,673,1,0
51,50,677,1,0
51,51,648,1,0
51,52,639,1,0
51,53,664,1,0
51,54,779,1,0
51,55,603,1,0
51,56,632,1,0
51,57,1188,1,0
51,58,847,1,0
51,59,739,1,0
51,60,678,1,0
51,61,801,1,0
51,62,700,1,0
51,63,641,1,0
51,64,1312,1,0
51,65,843,1,0
51,66,1051,1,0
51,67,861,1,0
51,68,660,1,0
51,69,1719,1,0
51,70,711,1,0
51,71,721,1,0
51,72,818,1,0
51,73,670,1,0
51,74,1460,1,0
51,75,1233,1,0
51,76,922,1,0
51,77,753,1,0
51,78,656,1,0
51,79,626,1,0
51,80,710,1,0
51,81,640,1,0
51,82,725,1,0
51,83,745,1,0
51,84,923,1,0
51,85,666,1,0
51,86,664,1,0
51,87,818,1,0
51,88,1135,1,0
51,89,697,1,0
51,90,782,1,0
51,91,902,1,0
51,92,657,1,0
51,93,822,1,0
51,94,725,1,0
51,95,879,1,0
51,96,683,1,0
51,97,689,1,0
51,98,680,1,0
51,99,667,1,0
51,100,675,1,0
51,101,695,1,0
51,102,645,1,0
51,103,641,1,0
51,104,677,1,0
51,105,644,1,0
51,106,599,1,0
51,107,910,1,0
51,108,593,1,0
51,109,586,1,0
51,110,788,1,0
51,111,792,1,0
51,112,613,1,0
51,113,635,1,0
51,114,615,1,0
51,115,645,1,0
51,116,580,1,0
51,117,694,1,0
51,118,737,1,0
51,119,720,1,0
51,120,640,1,0
51,121,678,1,0
51,122,629,1,0
51,123,702,1,0
51,124,608,1,0
51,125,850,1,0
51,126,714,1,0
51,127,643,1,0
51,128,586,1,0
51,129,625,1,0
51,130,653,1,0
51,131,614,1,0
51,132,574,1,0
51,133,676,1,0
51,134,678,1,0
51,135,656,1,0
51,136,653,1,0
51,137,675,1,0
51,138,669,1,0
51,139,693,1,0
51,140,712,1,0
51,141,711,1,0
51,142,659,1,0
51,143,750,1,0
51,144,607,1,0
51,145,689,1,0
51,146,630,1,0
51,147,555,1,0
51,148,681,1,0
51,149,943,1,0
51,150,665,1,0
51,151,627,1,0
51,152,634,1,0
51,153,618,1,0
51,154,702,1,0
51,155,693,1,0
51,156,890,1,0
51,157,701,1,0
51,158,628,1,0
51,159,1483,1,0
51,160,910,1,0
51,161,794,1,0
51,162,688,1,0
51,163,1001,1,0
51,164,809,1,0
51,165,910,1,0
51,166,768,1,0
51,167,688,1,0
51,168,777,1,0
51,169,641,1,0
51,170,821,1,0
51,171,1055,1,0
51,172,975,1,0
51,173,1173,1,0
51,174,636,1,0
51,175,654,1,0
51,176,761,1,0
51,177,852,1,0
51,178,867,1,0
51,179,800,1,0
51,180,728,1,0
51,181,916,1,0
51,182,717,1,0
51,183,987,1,0
51,184,840,1,0
51,185,768,1,0
51,186,785,1,0
51,187,731,1,0
51,188,787,1,0
51,189,789,1,0
51,190,691,1,0
51,191,713,1,0
51,192,578,1,0
51,193,684,1,0
51,194,649,1,0
51,195,894,1,0
51,196,663,1,0
51,197,1226,1,0
51,198,675,1,0
51,199,639,1,0
51,200,603,1,0
51,201,720,1,0
51,202,611,1,0
51,203,654,1,0
51,204,649,1,0
51,205,643,1,0
51,206,639,1,0
51,207,610,1,0
51,208,673,1,0
51,209,605,1,0
51,210,543,1,0
51,211,599,1,0
51,212,558,1,0
51,213,608,1,0
51,214,655,1,0
51,215,582,1,0
51,216,606,1,0
51,217,604,1,0
51,218,643,1,0
51,219,604,1,0
51,220,692,1,0
51,221,628,1,0
51,222,680,1,0
51,223,556,1,0
51,224,637,1,0
51,225,685,1,0
51,226,602,1,0
51,227,687,1,0
51,228,679,1,0
51,229,654,1,0
51,230,638,1,0
51,231,596,1,0
51,232,636,1,0
51,233,799,1,0
51,234,546,1,0
51,235,657,1,0
51,236,614,1,0
51,237,624,1,0
51,238,648,1,0
51,239,681,1,0
51,240,1091,1,0
51,241,649,1,0
51,242,644,1,0
51,243,627,1,0
51,244,668,1,0
51,245,667,1,0
51,246,827,1,0
51,247,816,1,0
51,248,614,1,0
51,249,653,1,0
51,250,768,1,0
51,251,931,1,0
51,252,746,1,0
51,253,727,1,0
51,254,642,1,0
51,255,695,1,0
51,256,604,1,0
51,257,605,1,0
51,258,686,1,0
51,259,837,1,0
51,260,711,1,0
51,261,679,1,0
51,262,740,1,0
51,263,686,1,0
51,264,755,1,0
51,265,624,1,0
51,266,819,1,0
51,267,720,1,0
51,268,784,1,0
51,269,707,1,0
51,270,771,1,0
51,271,656,1,0
51,272,825,1,0
51,273,634,1,0
51,274,803,1,0
51,275,791,1,0
51,276,704,1,0
51,277,1059,1,0
51,278,642,1,0
51,279,736,1,0
51,280,588,1,0
51,281,674,1,0
51,282,736,1,0
51,283,680,1,0
51,284,698,1,0
51,285,755,1,0
51,286,765,1,0
51,287,729,1,0
51,288,665,1,0
51,289,670,1,0
51,290,563,1,0
51,291,546,1,0
51,292,648,1,0
51,293,664,1,0
51,294,649,1,0
51,295,540,1,0
51,296,633,1,0
51,297,708,1,0
51,298,782,1,0
51,299,576,1,0
51,300,773,1,0
51,301,635,1,0
51,302,632,1,0
51,303,641,1,0
51,304,654,1,0
51,305,605,1,0
51,306,691,1,0
51,307,670,1,0
51,308,724,1,0
51,309,626,1,0
51,310,635,1,0
51,311,641,1,0
51,312,653,1,0
51,313,616,1,0
51,314,670,1,0
51,315,595,1,0
51,316,670,1,0
51,317,632,1,0
51,318,635,1,0
51,319,718,1,0
51,320,646,1,0
51,321,787,1,0
51,322,680,1,0
51,323,675,1,0
51,324,764,1,0
51,325,616,1,0
51,326,688,1,0
51,327,692,1,0
51,328,738,1,0
51,329,609,1,0
51,330,700,1,0
51,331,660,1,0
51,332,701,1,0
51,333,607,1,0
51,334,903,1,0
51,335,760,1,0
51,336,698,1,0
51,337,788,1,0
51,338,612,1,0
51,339,716,1,0
51,340,687,1,0
51,341,656,1,0
51,342,654,1,0
51,343,658,1,0
51,344,637,1,0
51,345,844,1,0
51,346,761,1,0
51,347,908,1,0
51,348,769,1,0
51,349,666,1,0
51,350,864,1,0
51,351,918,1,0
51,352,864,1,0
51,353,695,1,0
51,354,1104,1,0
51,355,789,1,0
51,356,896,1,0
51,357,817,1,0
51,358,895,1,0
51,359,857,1,0
51,360,911,1,0
51,361,856,1,0
51,362,845,1,0
51,363,838,1,0
51,364,671,1,0
51,365,794,1,0
51,366,719,1,0
51,367,692,1,0
51,368,729,1,0
51,369,667,1,0
51,370,664,1,0
51,371,690,1,0
51,372,752,1,0
51,373,667,1,0
51,374,758,1,0
51,375,669,1,0
51,376,654,1,0
51,377,700,1,0
51,378,661,1,0
51,379,831,1,0
51,380,631,1,0
51,381,722,1,0
51,382,540,1,0
51,383,669,1,0
51,384,663,1,0
51,385,716,1,0
51,386,720,1,0
51,387,732,1,0
51,388,646,1,0
51,389,867,1,0
51,390,682,1,0
51,391,750,1,0
51,392,647,1,0
51,393,617,1,0
51,394,779,1,0
51,395,623,1,0
51,396,594,1,0
51,397,603,1,0
51,398,609,1,0
51,399,635,1,0
51,400,684,1,0
51,401,602,1,0
51,402,726,1,0
51,403,660,1,0
51,404,627,1,0
51,405,617,1,0
51,406,632,1,0
51,407,648,1,0
51,408,621,1,0
51,409,684,1,0
51,410,682,1,0
51,411,643,1,0
51,412,636,1,0
51,413,668,1,0
51,414,755,1,0
51,415,664,1,0
51,416,673,1,0
51,417,584,1,0
51,418,669,1,0
51,419,632,1,0
51,420,755,1,0
51,421,716,1,0
51,422,663,1,0
51,423,766,1,0
51,424,736,1,0
51,425,583,1,0
51,426,675,1,0
51,427,632,1,0
51,428,643,1,0
51,429,646,1,0
51,430,732,1,0
51,431,680,1,0
51,432,699,1,0
51,433,621,1,0
51,434,693,1,0
51,435,762,1,0
51,436,685,1,0
51,437,758,1,0
51,438,673,1,0
51,439,695,1,0
51,440,652,1,0
51,441,727,1,0
51,442,626,1,0
51,443,715,1,0
51,444,899,1,0
51,445,648,1,0
51,446,1183,1,0
51,447,1045,1,0
51,448,991,1,0
51,449,904,1,0
51,450,1087,1,0
51,451,1050,1,0
51,452,822,1,0
51,453,789,1,0
51,454,872,1,0
51,455,826,1,0
51,456,894,1,0
51,457,1042,1,0
51,458,773,1,0
51,459,734,1,0
51,460,704,1,0
51,461,906,1,0
51,462,659,1,0
51,463,838,1,0
51,464,732,1,0
51,465,733,1,0
51,466,790,1,0
51,467,791,1,0
51,468,987,1,0
51,469,736,1,0
51,470,868,1,0
51,471,688,1,0
51,472,662,1,0
51,473,650,1,0
51,474,638,1,0
51,475,585,1,0
51,476,575,1,0
51,477,597,1,0
51,478,736,1,0
51,479,597,1,0
51,480,700,1,0
51,481,685,1,0
51,482,691,1,0
51,483,648,1,0
51,484,645,1,0
51,485,589,1,0
51,486,655,1,0
51,487,759,1,0
51,488,752,1,0
51,489,738,1,0
51,490,603,1,0
51,491,601,1,0
51,492,683,1,0
51,493,646,1,0
51,494,621,1,0
51,495,669,1,0
51,496,777,1,0
51,497,687,1,0
51,498,561,1,0
51,499,577,1,0
51,500,616,1,0
51,501,1000,1,0
51,502,694,1,0
51,503,604,1,0
51,504,563,1,0
51,505,601,1,0
51,506,634,1,0
51,507,687,1,0
51,508,664,1,0
51,509,678,1,0
51,510,758,1,0
51,511,687,1,0
51,512,614,1,0
51,513,677,1,0
51,514,687,1,0
51,515,734,1,0
51,516,646,1,0
51,517,571,1,0
51,518,623,1,0
51,519,626,1,0
51,520,643,1,0
51,521,731,1,0
51,522,673,1,0
51,523,731,1,0
51,524,672,1,0
51,525,646,1,0
51,526,657,1,0
51,527,677,1,0
51,528,661,1,0
51,529,660,1,0
51,530,1269,1,0
51,531,677,1,0
51,532,830,1,0
51,533,726,1,0
51,534,857,1,0
51,535,708,1,0
51,536,618,1,0
51,537,1118,1,0
51,538,770,1,0
51,539,690,1,0
51,540,710,1,0
51,541,948,1,0
51,542,746,1,0
51,543,1051,1,0
51,544,763,1,0
51,545,901,1,0
51,546,900,1,0
51,547,979,1,0
51,548,1019,1,0
51,549,1068,1,0
51,550,838,1,0
51,551,957,1,0
51,552,794,1,0
51,553,873,1,0
51,554,916,1,0
51,555,886,1,0
51,556,917,1,0
51,557,872,1,0
51,558,968,1,0
51,559,840,1,0
51,560,978,1,0
51,561,928,1,0
51,562,746,1,0
51,563,875,1,0
51,564,646,1,0
51,565,727,1,0
51,566,674,1,0
51,567,692,1,0
51,568,592,1,0
51,569,625,1,0
51,570,562,1,0
51,571,668,1,0
51,572,1020,1,0
51,573,660,1,0
51,574,572,1,0
51,575,643,1,0
51,576,665,1,0
51,577,627,1,0
51,578,570,1,0
51,579,618,1,0
51,580,688,1,0
51,581,637,1,0
51,582,554,1,0
51,583,605,1,0
51,584,680,1,0
51,585,598,1,0
51,586,616,1,0
51,587,684,1,0
51,588,591,1,0
51,589,628,1,0
51,590,624,1,0
51,591,684,1,0
51,592,651,1,0
51,593,671,1,0
51,594,619,1,0
51,595,648,1,0
51,596,644,1,0
51,597,636,1,0
51,598,754,1,0
51,599,675,1,0
52,0,1558,1,0
52,1,627,1,0
52,2,706,1,0
52,3,594,1,0
52,4,801,1,0
52,5,605,1,0
52,6,664,1,0
52,7,839,1,0
52,8,660,1,0
52,9,1080,1,0
52,10,650,1,0
52,11,592,1,0
52,12,610,1,0
52,13,719,1,0
52,14,582,1,0
52,15,603,1,0
52,16,613,1,0
52,17,583,1,0
52,18,605,1,0
52,19,637,1,0
52,20,631,1,0
52,21,701,1,0
52,22,712,1,0
52,23,617,1,0
52,24,1261,1,0
52,25,680,1,0
52,26,644,1,0
52,27,637,1,0
52,28,693,1,0
52,29,644,1,0
52,30,752,1,0
52,31,718,1,0
52,32,740,1,0
52,33,589,1,0
52,34,603,1,0
52,35,633,1,0
52,36,655,1,0
52,37,769,1,0
52,38,573,1,0
52,39,622,1,0
52,40,655,1,0
52,41,760,1,0
52,42,630,1,0
52,43,609,1,0
52,44,600,1,0
52,45,688,1,0
52,46,611,1,0
52,47,632,1,0
52,48,572,1,0
52,49,558,1,0
52,50,632,1,0
52,51,738,1,0
52,52,605,1,0
52,53,833,1,0
52,54,812,1,0
52,55,970,1,0
52,56,775,1,0
52,57,790,1,0
52,58,694,1,0
52,59,788,1,0
52,60,863,1,0
52,61,726,1,0
52,62,778,1,0
52,63,778,1,0
52,64,707,1,0
52,65,542,1,0
52,66,571,1,0
52,67,692,1,0
52,68,940,1,0
52,69,1217,1,0
52,70,591,1,0
52,71,689,1,0
52,72,606,1,0
52,73,572,1,0
52,74,690,1,0
52,75,633,1,0
52,76,824,1,0
52,77,799,1,0
52,78,632,1,0
52,79,579,1,0
52,80,634,1,0
52,81,637,1,0
52,82,625,1,0
52,83,648,1,0
52,84,693,1,0
52,85,666,1,0
52,86,608,1,0
52,87,579,1,0
52,88,696,1,0
52,89,644,1,0
52,90,529,1,0
52,91,622,1,0
52,92,635,1,0
52,93,569,1,0
52,94,622,1,0
52,95,604,1,0
52,96,608,1,0
52,97,1169,1,0
52,98,653,1,0
52,99,630,1,0
52,100,758,1,0
52,101,641,1,0
52,102,651,1,0
52,103,696,1,0
52,104,654,1,0
52,105,570,1,0
52,106,629,1,0
52,107,696,1,0
52,108,755,1,0
52,109,695,1,0
52,110,743,1,0
52,111,688,1,0
52,112,603,1,0
52,113,646,1,0
52,114,695,1,0
52,115,1089,1,0
52,116,693,1,0
52,117,643,1,0
52,118,753,1,0
52,119,633,1,0
52,120,654,1,0
52,121,669,1,0
52,122,948,1,0
52,123,1145,1,0
52,124,725,1,0
52,125,1212,1,0
52,126,965,1,0
52,127,788,1,0
52,128,687,1,0
52,129,738,1,0
52,130,863,1,0
52,131,965,1,0
52,132,1015,1,0
52,133,999,1,0
52,134,819,1,0
52,135,1082,1,0
52,136,1022,1,0
52,137,995,1,0
52,138,772,1,0
52,139,851,1,0
52,140,828,1,0
52,141,877,1,0
52,142,796,1,0
52,143,999,1,0
52,144,759,1,0
52,145,768,1,0
52,146,990,1,0
52,147,757,1,0
52,148,800,1,0
52,149,1073,1,0
52,150,650,1,0
52,151,650,1,0
52,152,913,1,0
52,153,597,1,0
52,154,920,1,0
52,155,624,1,0
52,156,670,1,0
52,157,582,1,0
52,158,649,1,0
52,159,797,1,0
52,160,2042,1,0
52,161,640,1,0
52,162,635,1,0
52,163,663,1,0
52,164,585,1,0
52,165,640,1,0
52,166,846,1,0
52,167,632,1,0
52,168,735,1,0
52,169,657,1,0
52,170,619,1,0
52,171,753,1,0
52,172,593,1,0
52,173,627,1,0
52,174,596,1,0
52,175,644,1,0
52,176,620,1,0
52,177,734,1,0
52,178,634,1,0
52,179,616,1,0
52,180,578,1,0
52,181,632,1,0
52,182,685,1,0
52,183,656,1,0
52,184,802,1,0
52,185,663,1,0
52,186,664,1,0
52,187,682,1,0
52,188,715,1,0
52,189,631,1,0
52,190,704,1,0
52,191,606,1,0
52,192,632,1,0
52,193,675,1,0
52,194,798,1,0
52,195,901,1,0
52,196,907,1,0
52,197,830,1,0
52,198,709,1,0
52,199,604,1,0
52,200,722,1,0
52,201,591,1,0
52,202,616,1,0
52,203,811,1,0
52,204,689,1,0
52,205,626,1,0
52,206,668,1,0
52,207,621,1,0
52,208,593,1,0
52,209,671,1,0
52,210,714,1,0
52,211,705,1,0
52,212,655,1,0
52,213,652,1,0
52,214,736,1,0
52,215,613,1,0
52,216,650,1,0
52,217,632,1,0
52,218,645,1,0
52,219,647,1,0
52,220,747,1,0
52,221,607,1,0
52,222,766,1,0
52,223,692,1,0
52,224,631,1,0
52,225,705,1,0
52,226,651,1,0
52,227,596,1,0
52,228,727,1,0
52,229,578,1,0
52,230,703,1,0
52,231,647,1,0
52,232,675,1,0
52,233,788,1,0
52,234,752,1,0
52,235,806,1,0
52,236,762,1,0
52,237,717,1,0
52,238,857,1,0
52,239,738,1,0
52,240,2156,1,0
52,241,793,1,0
52,242,885,1,0
52,243,890,1,0
52,244,764,1,0
52,245,590,1,0
52,246,685,1,0
52,247,735,1,0
52,248,625,1,0
52,249,663,1,0
52,250,644,1,0
52,251,711,1,0
52,252,639,1,0
52,253,627,1,0
52,254,654,1,0
52,255,629,1,0
52,256,610,1,0
52,257,580,1,0
52,258,577,1,0
52,259,744,1,0
52,260,688,1,0
52,261,639,1,0
52,262,790,1,0
52,263,701,1,0
52,264,753,1,0
52,265,619,1,0
52,266,599,1,0
52,267,624,1,0
52,268,640,1,0
52,269,599,1,0
52,270,684,1,0
52,271,611,1,0
52,272,663,1,0
52,273,544,1,0
52,274,618,1,0
52,275,605,1,0
52,276,607,1,0
52,277,621,1,0
52,278,568,1,0
52,279,577,1,0
52,280,624,1,0
52,281,614,1,0
52,282,619,1,0
52,283,596,1,0
52,284,654,1,0
52,285,643,1,0
52,286,627,1,0
52,287,750,1,0
52,288,732,1,0
52,289,724,1,0
52,290,629,1,0
52,291,605,1,0
52,292,1048,1,0
52,293,732,1,0
52,294,614,1,0
52,295,576,1,0
52,296,655,1,0
52,297,623,1,0
52,298,669,1,0
52,299,676,1,0
52,300,766,1,0
52,301,709,1,0
52,302,752,1,0
52,303,644,1,0
52,304,622,1,0
52,305,648,1,0
52,306,631,1,0
52,307,685,1,0
52,308,688,1,0
52,309,613,1,0
52,310,697,1,0
52,311,620,1,0
52,312,668,1,0
52,313,566,1,0
52,314,641,1,0
52,315,638,1,0
52,316,662,1,0
52,317,679,1,0
52,318,678,1,0
52,319,734,1,0
52,320,848,1,0
52,321,832,1,0
52,322,960,1,0
52,323,803,1,0
52,324,791,1,0
52,325,879,1,0
52,326,881,1,0
52,327,747,1,0
52,328,723,1,0
52,329,846,1,0
52,330,819,1,0
52,331,717,1,0
52,332,660,1,0
52,333,726,1,0
52,334,667,1,0
52,335,685,1,0
52,336,800,1,0
52,337,850,1,0
52,338,614,1,0
52,339,716,1,0
52,340,640,1,0
52,341,623,1,0
52,342,586,1,0
52,343,564,1,0
52,344,561,1,0
52,345,616,1,0
52,346,628,1,0
52,347,640,1,0
52,348,720,1,0
52,349,695,1,0
52,350,675,1,0
52,351,647,1,0
52,352,592,1,0
52,353,628,1,0
52,354,641,1,0
52,355,642,1,0
52,356,652,1,0
52,357,603,1,0
52,358,564,1,0
52,359,726,1,0
52,360,629,1,0
52,361,713,1,0
52,362,661,1,0
52,363,678,1,0
52,364,566,1,0
52,365,657,1,0
52,366,639,1,0
52,367,643,1,0
52,368,679,1,0
52,369,601,1,0
52,370,680,1,0
52,371,574,1,0
52,372,648,1,0
52,373,636,1,0
52,374,575,1,0
52,375,671,1,0
52,376,712,1,0
52,377,633,1,0
52,378,709,1,0
52,379,586,1,0
52,380,693,1,0
52,381,656,1,0
52,382,633,1,0
52,383,663,1,0
52,384,649,1,0
52,385,647,1,0
52,386,999,1,0
52,387,827,1,0
52,388,885,1,0
52,389,764,1,0
52,390,586,1,0
52,391,663,1,0
52,392,688,1,0
52,393,625,1,0
52,394,644,1,0
52,395,608,1,0
52,396,670,1,0
52,397,703,1,0
52,398,632,1,0
52,399,650,1,0
52,400,714,1,0
52,401,602,1,0
52,402,615,1,0
52,403,693,1,0
52,404,587,1,0
52,405,787,1,0
52,406,747,1,0
52,407,797,1,0
52,408,633,1,0
52,409,656,1,0
52,410,735,1,0
52,411,735,1,0
52,412,789,1,0
52,413,761,1,0
52,414,875,1,0
52,415,866,1,0
52,416,865,1,0
52,417,724,1,0
52,418,812,1,0
52,419,758,1,0
52,420,904,1,0
52,421,764,1,0
52,422,821,1,0
52,423,702,1,0
52,424,774,1,0
52,425,739,1,0
52,426,807,1,0
52,427,931,1,0
52,428,734,1,0
52,429,854,1,0
52,430,747,1,0
52,431,783,1,0
52,432,750,1,0
52,433,574,1,0
52,434,582,1,0
52,435,647,1,0
52,436,602,1,0
52,437,624,1,0
52,438,631,1,0
52,439,656,1,0
52,440,872,1,0
52,441,697,1,0
52,442,1053,1,0
52,443,633,1,0
52,444,624,1,0
52,445,642,1,0
52,446,824,1,0
52,447,646,1,0
52,448,635,1,0
52,449,585,1,0
52,450,769,1,0
52,451,610,1,0
52,452,655,1,0
52,453,598,1,0
52,454,606,1,0
52,455,667,1,0
52,456,584,1,0
52,457,827,1,0
52,458,739,1,0
52,459,731,1,0
52,460,667,1,0
52,461,604,1,0
52,462,668,1,0
52,463,664,1,0
52,464,600,1,0
52,465,653,1,0
52,466,713,1,0
52,467,624,1,0
52,468,609,1,0
52,469,617,1,0
52,470,625,1,0
52,471,637,1,0
52,472,772,1,0
52,473,640,1,0
52,474,1056,1,0
52,475,632,1,0
52,476,663,1,0
52,477,615,1,0
52,478,930,1,0
52,479,646,1,0
52,480,669,1,0
52,481,668,1,0
52,482,773,1,0
52,483,828,1,0
52,484,649,1,0
52,485,667,1,0
52,486,677,1,0
52,487,864,1,0
52,488,907,1,0
52,489,621,1,0
52,490,674,1,0
52,491,718,1,0
52,492,598,1,0
52,493,685,1,0
52,494,663,1,0
52,495,645,1,0
52,496,717,1,0
52,497,624,1,0
52,498,690,1,0
52,499,575,1,0
52,500,640,1,0
52,501,663,1,0
52,502,833,1,0
52,503,728,1,0
52,504,565,1,0
52,505,821,1,0
52,506,683,1,0
52,507,593,1,0
52,508,701,1,0
52,509,691,1,0
52,510,742,1,0
52,511,716,1,0
52,512,735,1,0
52,513,829,1,0
52,514,706,1,0
52,515,734,1,0
52,516,710,1,0
52,517,669,1,0
52,518,654,1,0
52,519,641,1,0
52,520,804,1,0
52,521,811,1,0
52,522,794,1,0
52,523,832,1,0
52,524,632,1,0
52,525,772,1,0
52,526,636,1,0
52,527,712,1,0
52,528,617,1,0
52,529,799,1,0
52,530,649,1,0
52,531,590,1,0
52,532,633,1,0
52,533,806,1,0
52,534,764,1,0
52,535,717,1,0
52,536,673,1,0
52,537,694,1,0
52,538,613,1,0
52,539,620,1,0
52,540,826,1,0
52,541,668,1,0
52,542,601,1,0
52,543,683,1,0
52,544,642,1,0
52,545,616,1,0
52,546,618,1,0
52,547,638,1,0
52,548,654,1,0
52,549,594,1,0
52,550,671,1,0
52,551,601,1,0
52,552,610,1,0
52,553,614,1,0
52,554,600,1,0
52,555,671,1,0
52,556,735,1,0
52,557,627,1,0
52,558,687,1,0
52,559,647,1,0
52,560,703,1,0
52,561,636,1,0
52,562,574,1,0
52,563,684,1,0
52,564,752,1,0
52,565,655,1,0
52,566,607,1,0
52,567,714,1,0
52,568,622,1,0
52,569,683,1,0
52,570,663,1,0
52,571,603,1,0
52,572,1667,1,0
52,573,770,1,0
52,574,620,1,0
52,575,600,1,0
52,576,635,1,0
52,577,652,1,0
52,578,660,1,0
52,579,693,1,0
52,580,624,1,0
52,581,657,1,0
52,582,618,1,0
52,583,706,1,0
52,584,666,1,0
52,585,622,1,0
52,586,671,1,0
52,587,660,1,0
52,588,834,1,0
52,589,609,1,0
52,590,805,1,0
52,591,852,1,0
52,592,903,1,0
52,593,1160,1,0
52,594,642,1,0
52,595,892,1,0
52,596,1040,1,0
52,597,960,1,0
52,598,821,1,0
52,599,941,1,0
53,0,2962,1,0
53,1,1081,1,0
53,2,842,1,0
53,3,893,1,0
53,4,757,1,0
53,5,1221,1,0
53,6,970,1,0
53,7,1026,1,0
53,8,921,1,0
53,9,1406,1,0
53,10,818,1,0
53,11,938,1,0
53,12,932,1,0
53,13,1735,1,0
53,14,1484,1,0
53,15,1075,1,0
53,16,1218,1,0
53,17,768,1,0
53,18,989,1,0
53,19,1125,1,0
53,20,818,1,0
53,21,1293,1,0
53,22,994,1,0
53,23,1051,1,0
53,24,899,1,0
53,25,1042,1,0
53,26,1576,1,0
53,27,1071,1,0
53,28,1055,1,0
53,29,624,1,0
53,30,683,1,0
53,31,630,1,0
53,32,758,1,0
53,33,613,1,0
53,34,755,1,0
53,35,764,1,0
53,36,528,1,0
53,37,727,1,0
53,38,639,1,0
53,39,607,1,0
53,40,650,1,0
53,41,697,1,0
53,42,653,1,0
53,43,698,1,0
53,44,705,1,0
53,45,614,1,0
53,46,755,1,0
53,47,590,1,0
53,48,650,1,0
53,49,687,1,0
53,50,634,1,0
53,51,666,1,0
53,52,1267,1,0
53,53,678,1,0
53,54,633,1,0
53,55,701,1,0
53,56,1143,1,0
53,57,662,1,0
53,58,676,1,0
53,59,709,1,0
53,60,840,1,0
53,61,645,1,0
53,62,1019,1,0
53,63,779,1,0
53,64,667,1,0
53,65,668,1,0
53,66,938,1,0
53,67,693,1,0
53,68,856,1,0
53,69,1803,1,0
53,70,1061,1,0
53,71,758,1,0
53,72,1034,1,0
53,73,1582,1,0
53,74,945,1,0
53,75,939,1,0
53,76,1212,1,0
53,77,865,1,0
53,78,875,1,0
53,79,747,1,0
53,80,638,1,0
53,81,689,1,0
53,82,616,1,0
53,83,700,1,0
53,84,664,1,0
53,85,652,1,0
53,86,743,1,0
53,87,685,1,0
53,88,806,1,0
53,89,712,1,0
53,90,633,1,0
53,91,901,1,0
53,92,832,1,0
53,93,756,1,0
53,94,739,1,0
53,95,759,1,0
53,96,715,1,0
53,97,766,1,0
53,98,828,1,0
53,99,806,1,0
53,100,951,1,0
53,101,775,1,0
53,102,879,1,0
53,103,861,1,0
53,104,886,1,0
53,105,832,1,0
53,106,808,1,0
53,107,749,1,0
53,108,901,1,0
53,109,1122,1,0
53,110,687,1,0
53,111,681,1,0
53,112,620,1,0
53,113,723,1,0
53,114,593,1,0
53,115,654,1,0
53,116,1458,1,0
53,117,931,1,0
53,118,1033,1,0
53,119,894,1,0
53,120,712,1,0
53,121,644,1,0
53,122,1172,1,0
53,123,674,1,0
53,124,724,1,0
53,125,669,1,0
53,126,625,1,0
53,127,671,1,0
53,128,617,1,0
53,129,650,1,0
53,130,665,1,0
53,131,623,1,0
53,132,594,1,0
53,133,718,1,0
53,134,652,1,0
53,135,684,1,0
53,136,637,1,0
53,137,805,1,0
53,138,661,1,0
53,139,685,1,0
53,140,712,1,0
53,141,618,1,0
53,142,686,1,0
53,143,672,1,0
53,144,1028,1,0
53,145,628,1,0
53,146,602,1,0
53,147,672,1,0
53,148,665,1,0
53,149,597,1,0
53,150,701,1,0
53,151,702,1,0
53,152,717,1,0
53,153,725,1,0
53,154,836,1,0
53,155,968,1,0
53,156,703,1,0
53,157,695,1,0
53,158,753,1,0
53,159,958,1,0
53,160,980,1,0
53,161,654,1,0
53,162,737,1,0
53,163,726,1,0
53,164,733,1,0
53,165,1020,1,0
53,166,925,1,0
53,167,651,1,0
53,168,820,1,0
53,169,804,1,0
53,170,953,1,0
53,171,837,1,0
53,172,681,1,0
53,173,917,1,0
53,174,747,1,0
53,175,751,1,0
53,176,652,1,0
53,177,972,1,0
53,178,815,1,0
53,179,1194,1,0
53,180,1014,1,0
53,181,1009,1,0
53,182,1031,1,0
53,183,1013,1,0
53,184,930,1,0
53,185,767,1,0
53,186,682,1,0
53,187,1033,1,0
53,188,1049,1,0
53,189,696,1,0
53,190,652,1,0
53,191,700,1,0
53,192,710,1,0
53,193,793,1,0
53,194,929,1,0
53,195,1053,1,0
53,196,810,1,0
53,197,1280,1,0
53,198,799,1,0
53,199,1324,1,0
53,200,949,1,0
53,201,808,1,0
53,202,666,1,0
53,203,590,1,0
53,204,601,1,0
53,205,643,1,0
53,206,721,1,0
53,207,583,1,0
53,208,594,1,0
53,209,637,1,0
53,210,585,1,0
53,211,608,1,0
53,212,567,1,0
53,213,595,1,0
53,214,807,1,0
53,215,618,1,0
53,216,609,1,0
53,217,619,1,0
53,218,609,1,0
53,219,639,1,0
53,220,624,1,0
53,221,643,1,0
53,222,612,1,0
53,223,584,1,0
53,224,541,1,0
53,225,661,1,0
53,226,557,1,0
53,227,570,1,0
53,228,616,1,0
53,229,587,1,0
53,230,669,1,0
53,231,625,1,0
53,232,664,1,0
53,233,752,1,0
53,234,572,1,0
53,235,621,1,0
53,236,592,1,0
53,237,640,1,0
53,238,645,1,0
53,239,745,1,0
53,240,864,1,0
53,241,751,1,0
53,242,637,1,0
53,243,621,1,0
53,244,614,1,0
53,245,669,1,0
53,246,634,1,0
53,247,592,1,0
53,248,630,1,0
53,249,685,1,0
53,250,680,1,0
53,251,750,1,0
53,252,623,1,0
53,253,648,1,0
53,254,565,1,0
53,255,717,1,0
53,256,651,1,0
53,257,759,1,0
53,258,667,1,0
53,259,690,1,0
53,260,619,1,0
53,261,808,1,0
53,262,656,1,0
53,263,732,1,0
53,264,756,1,0
53,265,597,1,0
53,266,630,1,0
53,267,614,1,0
53,268,707,1,0
53,269,707,1,0
53,270,668,1,0
53,271,663,1,0
53,272,641,1,0
53,273,597,1,0
53,274,644,1,0
53,275,877,1,0
53,276,588,1,0
53,277,560,1,0
53,278,623,1,0
53,279,634,1,0
53,280,658,1,0
53,281,624,1,0
53,282,643,1,0
53,283,637,1,0
53,284,730,1,0
53,285,610,1,0
53,286,691,1,0
53,287,940,1,0
53,288,848,1,0
53,289,876,1,0
53,290,609,1,0
53,291,667,1,0
53,292,802,1,0
53,293,690,1,0
53,294,744,1,0
53,295,651,1,0
53,296,653,1,0
53,297,736,1,0
53,298,593,1,0
53,299,650,1,0
53,300,723,1,0
53,301,558,1,0
53,302,722,1,0
53,303,707,1,0
53,304,743,1,0
53,305,631,1,0
53,306,596,1,0
53,307,691,1,0
53,308,589,1,0
53,309,583,1,0
53,310,625,1,0
53,311,694,1,0
53,312,627,1,0
53,313,632,1,0
53,314,630,1,0
53,315,651,1,0
53,316,651,1,0
53,317,601,1,0
53,318,584,1,0
53,319,590,1,0
53,320,634,1,0
53,321,660,1,0
53,322,606,1,0
53,323,647,1,0
53,324,584,1,0
53,325,662,1,0
53,326,640,1,0
53,327,740,1,0
53,328,668,1,0
53,329,602,1,0
53,330,659,1,0
53,331,601,1,0
53,332,583,1,0
53,333,586,1,0
53,334,603,1,0
53,335,621,1,0
53,336,651,1,0
53,337,705,1,0
53,338,638,1,0
53,339,678,1,0
53,340,699,1,0
53,341,695,1,0
53,342,611,1,0
53,343,577,1,0
53,344,627,1,0
53,345,681,1,0
53,346,674,1,0
53,347,611,1,0
53,348,663,1,0
53,349,691,1,0
53,350,725,1,0
53,351,613,1,0
53,352,605,1,0
53,353,655,1,0
53,354,693,1,0
53,355,724,1,0
53,356,929,1,0
53,357,958,1,0
53,358,777,1,0
53,359,1161,1,0
53,360,1375,1,0
53,361,963,1,0
53,362,693,1,0
53,363,700,1,0
53,364,834,1,0
53,365,705,1,0
53,366,921,1,0
53,367,1029,1,0
53,368,677,1,0
53,369,817,1,0
53,370,982,1,0
53,371,710,1,0
53,372,914,1,0
53,373,766,1,0
53,374,699,1,0
53,375,834,1,0
53,376,711,1,0
53,377,879,1,0
53,378,828,1,0
53,379,807,1,0
53,380,854,1,0
53,381,699,1,0
53,382,708,1,0
53,383,743,1,0
53,384,726,1,0
53,385,864,1,0
53,386,1514,1,0
53,387,1373,1,0
53,388,1218,1,0
53,389,1925,1,0
53,390,573,1,0
53,391,805,1,0
53,392,613,1,0
53,393,631,1,0
53,394,592,1,0
53,395,773,1,0
53,396,727,1,0
53,397,630,1,0
53,398,602,1,0
53,399,611,1,0
53,400,784,1,0
53,401,611,1,0
53,402,606,1,0
53,403,627,1,0
53,404,609,1,0
53,405,654,1,0
53,406,797,1,0
53,407,633,1,0
53,408,580,1,0
53,409,626,1,0
53,410,606,1,0
53,411,737,1,0
53,412,689,1,0
53,413,779,1,0
53,414,599,1,0
53,415,652,1,0
53,416,627,1,0
53,417,613,1,0
53,418,703,1,0
53,419,588,1,0
53,420,579,1,0
53,421,626,1,0
53,422,640,1,0
53,423,611,1,0
53,424,635,1,0
53,425,660,1,0
53,426,657,1,0
53,427,792,1,0
53,428,572,1,0
53,429,718,1,0
53,430,873,1,0
53,431,700,1,0
53,432,674,1,0
53,433,778,1,0
53,434,623,1,0
53,435,612,1,0
53,436,671,1,0
53,437,594,1,0
53,438,752,1,0
53,439,689,1,0
53,440,672,1,0
53,441,1230,1,0
53,442,680,1,0
53,443,638,1,0
53,444,652,1,0
53,445,704,1,0
53,446,747,1,0
53,447,886,1,0
53,448,862,1,0
53,449,703,1,0
53,450,1204,1,0
53,451,639,1,0
53,452,845,1,0
53,453,1199,1,0
53,454,886,1,0
53,455,919,1,0
53,456,875,1,0
53,457,1056,1,0
53,458,1000,1,0
53,459,729,1,0
53,460,1262,1,0
53,461,917,1,0
53,462,1213,1,0
53,463,905,1,0
53,464,1299,1,0
53,465,939,1,0
53,466,831,1,0
53,467,777,1,0
53,468,1043,1,0
53,469,957,1,0
53,470,696,1,0
53,471,1091,1,0
53,472,725,1,0
53,473,739,1,0
53,474,795,1,0
53,475,673,1,0
53,476,890,1,0
53,477,783,1,0
53,478,926,1,0
53,479,936,1,0
53,480,1052,1,0
53,481,729,1,0
53,482,820,1,0
53,483,694,1,0
53,484,1021,1,0
53,485,878,1,0
53,486,1052,1,0
53,487,904,1,0
53,488,784,1,0
53,489,645,1,0
53,490,541,1,0
53,491,743,1,0
53,492,585,1,0
53,493,727,1,0
53,494,593,1,0
53,495,641,1,0
53,496,691,1,0
53,497,623,1,0
53,498,587,1,0
53,499,614,1,0
53,500,643,1,0
53,501,571,1,0
53,502,2314,1,0
53,503,952,1,0
53,504,603,1,0
53,505,681,1,0
53,506,667,1,0
53,507,641,1,0
53,508,639,1,0
53,509,748,1,0
53,510,655,1,0
53,511,643,1,0
53,512,632,1,0
53,513,694,1,0
53,514,628,1,0
53,515,632,1,0
53,516,626,1,0
53,517,612,1,0
53,518,591,1,0
53,519,628,1,0
53,520,562,1,0
53,521,750,1,0
53,522,663,1,0
53,523,747,1,0
53,524,701,1,0
53,525,611,1,0
53,526,629,1,0
53,527,692,1,0
53,528,647,1,0
53,529,670,1,0
53,530,620,1,0
53,531,667,1,0
53,532,628,1,0
53,533,677,1,0
53,534,592,1,0
53,535,603,1,0
53,536,752,1,0
53,537,640,1,0
53,538,659,1,0
53,539,631,1,0
53,540,664,1,0
53,541,807,1,0
53,542,579,1,0
53,543,653,1,0
53,544,746,1,0
53,545,630,1,0
53,546,779,1,0
53,547,700,1,0
53,548,717,1,0
53,549,630,1,0
53,550,691,1,0
53,551,1188,1,0
53,552,1006,1,0
53,553,911,1,0
53,554,842,1,0
53,555,920,1,0
53,556,864,1,0
53,557,919,1,0
53,558,1206,1,0
53,559,1245,1,0
53,560,888,1,0
53,561,950,1,0
53,562,782,1,0
53,563,838,1,0
53,564,807,1,0
53,565,756,1,0
53,566,699,1,0
53,567,684,1,0
53,568,785,1,0
53,569,775,1,0
53,570,731,1,0
53,571,760,1,0
53,572,1317,1,0
53,573,894,1,0
53,574,894,1,0
53,575,794,1,0
53,576,842,1,0
53,577,641,1,0
53,578,603,1,0
53,579,794,1,0
53,580,758,1,0
53,581,636,1,0
53,582,564,1,0
53,583,585,1,0
53,584,588,1,0
53,585,650,1,0
53,586,660,1,0
53,587,586,1,0
53,588,555,1,0
53,589,639,1,0
53,590,697,1,0
53,591,590,1,0
53,592,569,1,0
53,593,593,1,0
53,594,591,1,0
53,595,600,1,0
53,596,618,1,0
53,597,663,1,0
53,598,669,1,0
53,599,671,1,0
54,0,3356,1,0
54,1,652,1,0
54,2,795,1,0
54,3,989,1,0
54,4,876,1,0
54,5,698,1,0
54,6,841,1,0
54,7,850,1,0
54,8,719,1,0
54,9,857,1,0
54,10,652,1,0
54,11,824,1,0
54,12,685,1,0
54,13,600,1,0
54,14,699,1,0
54,15,665,1,0
54,16,623,1,0
54,17,637,1,0
54,18,718,1,0
54,19,632,1,0
54,20,608,1,0
54,21,579,1,0
54,22,652,1,0
54,23,641,1,0
54,24,691,1,0
54,25,574,1,0
54,26,728,1,0
54,27,701,1,0
54,28,960,1,0
54,29,612,1,0
54,30,717,1,0
54,31,591,1,0
54,32,677,1,0
54,33,626,1,0
54,34,626,1,0
54,35,603,1,0
54,36,623,1,0
54,37,903,1,0
54,38,558,1,0
54,39,665,1,0
54,40,584,1,0
54,41,714,1,0
54,42,678,1,0
54,43,779,1,0
54,44,581,1,0
54,45,700,1,0
54,46,829,1,0
54,47,703,1,0
54,48,733,1,0
54,49,717,1,0
54,50,636,1,0
54,51,652,1,0
54,52,654,1,0
54,53,659,1,0
54,54,751,1,0
54,55,967,1,0
54,56,718,1,0
54,57,648,1,0
54,58,678,1,0
54,59,696,1,0
54,60,647,1,0
54,61,652,1,0
54,62,611,1,0
54,63,648,1,0
54,64,737,1,0
54,65,647,1,0
54,66,691,1,0
54,67,636,1,0
54,68,736,1,0
54,69,1267,1,0
54,70,831,1,0
54,71,1007,1,0
54,72,960,1,0
54,73,806,1,0
54,74,801,1,0
54,75,864,1,0
54,76,821,1,0
54,77,914,1,0
54,78,873,1,0
54,79,1043,1,0
54,80,788,1,0
54,81,885,1,0
54,82,698,1,0
54,83,1006,1,0
54,84,1096,1,0
54,85,671,1,0
54,86,602,1,0
54,87,617,1,0
54,88,643,1,0
54,89,678,1,0
54,90,588,1,0
54,91,859,1,0
54,92,556,1,0
54,93,637,1,0
54,94,619,1,0
54,95,605,1,0
54,96,556,1,0
54,97,662,1,0
54,98,697,1,0
54,99,613,1,0
54,100,592,1,0
54,101,733,1,0
54,102,613,1,0
54,103,708,1,0
54,104,686,1,0
54,105,638,1,0
54,106,665,1,0
54,107,659,1,0
54,108,640,1,0
54,109,580,1,0
54,110,642,1,0
54,111,618,1,0
54,112,680,1,0
54,113,630,1,0
54,114,619,1,0
54,115,600,1,0
54,116,661,1,0
54,117,726,1,0
54,118,662,1,0
54,119,1279,1,0
54,120,682,1,0
54,121,783,1,0
54,122,917,1,0
54,123,633,1,0
54,124,650,1,0
54,125,722,1,0
54,126,659,1,0
54,127,657,1,0
54,128,707,1,0
54,129,690,1,0
54,130,661,1,0
54,131,699,1,0
54,132,801,1,0
54,133,752,1,0
54,134,816,1,0
54,135,1078,1,0
54,136,759,1,0
54,137,655,1,0
54,138,649,1,0
54,139,650,1,0
54,140,831,1,0
54,141,636,1,0
54,142,916,1,0
54,143,1022,1,0
54,144,900,1,0
54,145,963,1,0
54,146,654,1,0
54,147,955,1,0
54,148,911,1,0
54,149,1631,1,0
54,150,990,1,0
54,151,1180,1,0
54,152,1031,1,0
54,153,1130,1,0
54,154,1052,1,0
54,155,730,1,0
54,156,884,1,0
54,157,935,1,0
54,158,668,1,0
54,159,772,1,0
54,160,682,1,0
54,161,1233,1,0
54,162,761,1,0
54,163,1128,1,0
54,164,1043,1,0
54,165,807,1,0
54,166,1291,1,0
54,167,1112,1,0
54,168,1000,1,0
54,169,798,1,0
54,170,855,1,0
54,171,791,1,0
54,172,1194,1,0
54,173,760,1,0
54,174,876,1,0
54,175,885,1,0
54,176,603,1,0
54,177,835,1,0
54,178,597,1,0
54,179,704,1,0
54,180,608,1,0
54,181,620,1,0
54,182,680,1,0
54,183,768,1,0
54,184,601,1,0
54,185,648,1,0
54,186,680,1,0
54,187,579,1,0
54,188,1104,1,0
54,189,662,1,0
54,190,658,1,0
54,191,643,1,0
54,192,695,1,0
54,193,829,1,0
54,194,674,1,0
54,195,996,1,0
54,196,767,1,0
54,197,854,1,0
54,198,747,1,0
54,199,711,1,0
54,200,787,1,0
54,201,737,1,0
54,202,910,1,0
54,203,708,1,0
54,204,638,1,0
54,205,705,1,0
54,206,1416,1,0
54,207,605,1,0
54,208,665,1,0
54,209,866,1,0
54,210,655,1,0
54,211,637,1,0
54,212,690,1,0
54,213,724,1,0
54,214,650,1,0
54,215,604,1,0
54,216,660,1,0
54,217,631,1,0
54,218,610,1,0
54,219,889,1,0
54,220,716,1,0
54,221,735,1,0
54,222,725,1,0
54,223,620,1,0
54,224,696,1,0
54,225,668,1,0
54,226,690,1,0
54,227,663,1,0
54,228,681,1,0
54,229,1432,1,0
54,230,654,1,0
54,231,707,1,0
54,232,669,1,0
54,233,719,1,0
54,234,714,1,0
54,235,709,1,0
54,236,711,1,0
54,237,706,1,0
54,238,769,1,0
54,239,998,1,0
54,240,1123,1,0
54,241,733,1,0
54,242,686,1,0
54,243,649,1,0
54,244,653,1,0
54,245,664,1,0
54,246,754,1,0
54,247,748,1,0
54,248,757,1,0
54,249,851,1,0
54,250,773,1,0
54,251,993,1,0
54,252,811,1,0
54,253,764,1,0
54,254,707,1,0
54,255,823,1,0
54,256,793,1,0
54,257,765,1,0
54,258,880,1,0
54,259,772,1,0
54,260,854,1,0
54,261,741,1,0
54,262,707,1,0
54,263,793,1,0
54,264,911,1,0
54,265,707,1,0
54,266,703,1,0
54,267,644,1,0
54,268,836,1,0
54,269,1355,1,0
54,270,664,1,0
54,271,606,1,0
54,272,643,1,0
54,273,638,1,0
54,274,939,1,0
54,275,671,1,0
54,276,721,1,0
54,277,665,1,0
54,278,674,1,0
54,279,628,1,0
54,280,600,1,0
54,281,610,1,0
54,282,662,1,0
54,283,631,1,0
54,284,672,1,0
54,285,688,1,0
54,286,682,1,0
54,287,602,1,0
54,288,568,1,0
54,289,620,1,0
54,290,589,1,0
54,291,664,1,0
54,292,752,1,0
54,293,706,1,0
54,294,610,1,0
54,295,707,1,0
54,296,700,1,0
54,297,609,1,0
54,298,776,1,0
54,299,877,1,0
54,300,733,1,0
54,301,630,1,0
54,302,674,1,0
54,303,698,1,0
54,304,807,1,0
54,305,681,1,0
54,306,679,1,0
54,307,693,1,0
54,308,615,1,0
54,309,646,1,0
54,310,669,1,0
54,311,737,1,0
54,312,757,1,0
54,313,731,1,0
54,314,675,1,0
54,315,658,1,0
54,316,710,1,0
54,317,947,1,0
54,318,698,1,0
54,319,727,1,0
54,320,707,1,0
54,321,995,1,0
54,322,849,1,0
54,323,741,1,0
54,324,708,1,0
54,325,716,1,0
54,326,621,1,0
54,327,859,1,0
54,328,725,1,0
54,329,785,1,0
54,330,723,1,0
54,331,949,1,0
54,332,881,1,0
54,333,890,1,0
54,334,1103,1,0
54,335,1221,1,0
54,336,1259,1,0
54,337,1191,1,0
54,338,1119,1,0
54,339,1081,1,0
54,340,1084,1,0
54,341,789,1,0
54,342,885,1,0
54,343,1194,1,0
54,344,869,1,0
54,345,1038,1,0
54,346,807,1,0
54,347,829,1,0
54,348,808,1,0
54,349,756,1,0
54,350,1350,1,0
54,351,781,1,0
54,352,928,1,0
54,353,688,1,0
54,354,957,1,0
54,355,1206,1,0
54,356,658,1,0
54,357,728,1,0
54,358,645,1,0
54,359,799,1,0
54,360,675,1,0
54,361,644,1,0
54,362,667,1,0
54,363,654,1,0
54,364,657,1,0
54,365,736,1,0
54,366,633,1,0
54,367,633,1,0
54,368,627,1,0
54,369,663,1,0
54,370,706,1,0
54,371,616,1,0
54,372,668,1,0
54,373,725,1,0
54,374,709,1,0
54,375,828,1,0
54,376,725,1,0
54,377,736,1,0
54,378,641,1,0
54,379,641,1,0
54,380,768,1,0
54,381,609,1,0
54,382,599,1,0
54,383,688,1,0
54,384,707,1,0
54,385,614,1,0
54,386,791,1,0
54,387,732,1,0
54,388,630,1,0
54,389,704,1,0
54,390,676,1,0
54,391,702,1,0
54,392,670,1,0
54,393,608,1,0
54,394,621,1,0
54,395,590,1,0
54,396,654,1,0
54,397,728,1,0
54,398,597,1,0
54,399,731,1,0
54,400,758,1,0
54,401,814,1,0
54,402,604,1,0
54,403,676,1,0
54,404,671,1,0
54,405,760,1,0
54,406,668,1,0
54,407,699,1,0
54,408,620,1,0
54,409,742,1,0
54,410,1164,1,0
54,411,902,1,0
54,412,926,1,0
54,413,1137,1,0
54,414,652,1,0
54,415,636,1,0
54,416,621,1,0
54,417,695,1,0
54,418,688,1,0
54,419,820,1,0
54,420,1162,1,0
54,421,857,1,0
54,422,728,1,0
54,423,773,1,0
54,424,620,1,0
54,425,775,1,0
54,426,986,1,0
54,427,1030,1,0
54,428,790,1,0
54,429,869,1,0
54,430,1056,1,0
54,431,758,1,0
54,432,1159,1,0
54,433,1146,1,0
54,434,1014,1,0
54,435,1171,1,0
54,436,795,1,0
54,437,920,1,0
54,438,892,1,0
54,439,901,1,0
54,440,835,1,0
54,441,1202,1,0
54,442,748,1,0
54,443,851,1,0
54,444,794,1,0
54,445,1031,1,0
54,446,704,1,0
54,447,791,1,0
54,448,918,1,0
54,449,948,1,0
54,450,781,1,0
54,451,683,1,0
54,452,620,1,0
54,453,716,1,0
54,454,602,1,0
54,455,620,1,0
54,456,647,1,0
54,457,829,1,0
54,458,573,1,0
54,459,627,1,0
54,460,630,1,0
54,461,644,1,0
54,462,619,1,0
54,463,621,1,0
54,464,801,1,0
54,465,618,1,0
54,466,716,1,0
54,467,636,1,0
54,468,665,1,0
54,469,773,1,0
54,470,623,1,0
54,471,665,1,0
54,472,659,1,0
54,473,711,1,0
54,474,749,1,0
54,475,667,1,0
54,476,599,1,0
54,477,653,1,0
54,478,650,1,0
54,479,677,1,0
54,480,627,1,0
54,481,664,1,0
54,482,604,1,0
54,483,644,1,0
54,484,619,1,0
54,485,676,1,0
54,486,1009,1,0
54,487,680,1,0
54,488,750,1,0
54,489,654,1,0
54,490,700,1,0
54,491,691,1,0
54,492,689,1,0
54,493,752,1,0
54,494,640,1,0
54,495,607,1,0
54,496,658,1,0
54,497,716,1,0
54,498,703,1,0
54,499,715,1,0
54,500,751,1,0
54,501,710,1,0
54,502,935,1,0
54,503,599,1,0
54,504,661,1,0
54,505,963,1,0
54,506,661,1,0
54,507,611,1,0
54,508,661,1,0
54,509,699,1,0
54,510,680,1,0
54,511,684,1,0
54,512,689,1,0
54,513,676,1,0
54,514,640,1,0
54,515,640,1,0
54,516,642,1,0
54,517,640,1,0
54,518,594,1,0
54,519,712,1,0
54,520,640,1,0
54,521,756,1,0
54,522,928,1,0
54,523,914,1,0
54,524,701,1,0
54,525,985,1,0
54,526,894,1,0
54,527,842,1,0
54,528,890,1,0
54,529,861,1,0
54,530,956,1,0
54,531,968,1,0
54,532,879,1,0
54,533,946,1,0
54,534,870,1,0
54,535,945,1,0
54,536,752,1,0
54,537,761,1,0
54,538,688,1,0
54,539,737,1,0
54,540,945,1,0
54,541,1086,1,0
54,542,759,1,0
54,543,693,1,0
54,544,972,1,0
54,545,662,1,0
54,546,657,1,0
54,547,879,1,0
54,548,727,1,0
54,549,723,1,0
54,550,718,1,0
54,551,758,1,0
54,552,592,1,0
54,553,768,1,0
54,554,762,1,0
54,555,754,1,0
54,556,665,1,0
54,557,581,1,0
54,558,683,1,0
54,559,562,1,0
54,560,652,1,0
54,561,607,1,0
54,562,668,1,0
54,563,651,1,0
54,564,598,1,0
54,565,600,1,0
54,566,612,1,0
54,567,662,1,0
54,568,623,1,0
54,569,571,1,0
54,570,620,1,0
54,571,662,1,0
54,572,659,1,0
54,573,593,1,0
54,574,616,1,0
54,575,634,1,0
54,576,633,1,0
54,577,619,1,0
54,578,664,1,0
54,579,681,1,0
54,580,587,1,0
54,581,696,1,0
54,582,677,1,0
54,583,624,1,0
54,584,613,1,0
54,585,597,1,0
54,586,640,1,0
54,587,600,1,0
54,588,690,1,0
54,589,739,1,0
54,590,643,1,0
54,591,637,1,0
54,592,665,1,0
54,593,766,1,0
54,594,674,1,0
54,595,718,1,0
54,596,660,1,0
54,597,738,1,0
54,598,1412,1,0
54,599,791,1,0
55,0,1839,1,0
55,1,633,1,0
55,2,564,1,0
55,3,632,1,0
55,4,670,1,0
55,5,699,1,0
55,6,903,1,0
55,7,752,1,0
55,8,801,1,0
55,9,1277,1,0
55,10,652,1,0
55,11,622,1,0
55,12,638,1,0
55,13,625,1,0
55,14,1387,1,0
55,15,963,1,0
55,16,658,1,0
55,17,688,1,0
55,18,916,1,0
55,19,665,1,0
55,20,621,1,0
55,21,640,1,0
55,22,953,1,0
55,23,686,1,0
55,24,1301,1,0
55,25,747,1,0
55,26,967,1,0
55,27,1309,1,0
55,28,968,1,0
55,29,975,1,0
55,30,1040,1,0
55,31,955,1,0
55,32,646,1,0
55,33,656,1,0
55,34,625,1,0
55,35,631,1,0
55,36,666,1,0
55,37,892,1,0
55,38,927,1,0
55,39,1317,1,0
55,40,802,1,0
55,41,938,1,0
55,42,779,1,0
55,43,882,1,0
55,44,990,1,0
55,45,721,1,0
55,46,1005,1,0
55,47,631,1,0
55,48,799,1,0
55,49,688,1,0
55,50,610,1,0
55,51,742,1,0
55,52,594,1,0
55,53,668,1,0
55,54,890,1,0
55,55,866,1,0
55,56,776,1,0
55,57,682,1,0
55,58,658,1,0
55,59,680,1,0
55,60,703,1,0
55,61,742,1,0
55,62,922,1,0
55,63,672,1,0
55,64,696,1,0
55,65,864,1,0
55,66,710,1,0
55,67,634,1,0
55,68,635,1,0
55,69,1540,1,0
55,70,1086,1,0
55,71,666,1,0
55,72,1269,1,0
55,73,946,1,0
55,74,1044,1,0
55,75,732,1,0
55,76,779,1,0
55,77,1424,1,0
55,78,740,1,0
55,79,617,1,0
55,80,670,1,0
55,81,627,1,0
55,82,678,1,0
55,83,682,1,0
55,84,619,1,0
55,85,653,1,0
55,86,716,1,0
55,87,704,1,0
55,88,708,1,0
55,89,573,1,0
55,90,660,1,0
55,91,583,1,0
55,92,681,1,0
55,93,653,1,0
55,94,604,1,0
55,95,595,1,0
55,96,595,1,0
55,97,620,1,0
55,98,684,1,0
55,99,655,1,0
55,100,685,1,0
55,101,819,1,0
55,102,831,1,0
55,103,937,1,0
55,104,652,1,0
55,105,673,1,0
55,106,667,1,0
55,107,998,1,0
55,108,925,1,0
55,109,837,1,0
55,110,853,1,0
55,111,700,1,0
55,112,837,1,0
55,113,906,1,0
55,114,773,1,0
55,115,830,1,0
55,116,978,1,0
55,117,858,1,0
55,118,785,1,0
55,119,796,1,0
55,120,719,1,0
55,121,1185,1,0
55,122,902,1,0
55,123,1032,1,0
55,124,840,1,0
55,125,1123,1,0
55,126,727,1,0
55,127,720,1,0
55,128,794,1,0
55,129,912,1,0
55,130,741,1,0
55,131,718,1,0
55,132,913,1,0
55,133,798,1,0
55,134,856,1,0
55,135,1393,1,0
55,136,941,1,0
55,137,696,1,0
55,138,696,1,0
55,139,1293,1,0
55,140,605,1,0
55,141,744,1,0
55,142,668,1,0
55,143,849,1,0
55,144,655,1,0
55,145,698,1,0
55,146,776,1,0
55,147,667,1,0
55,148,707,1,0
55,149,704,1,0
55,150,634,1,0
55,151,690,1,0
55,152,624,1,0
55,153,642,1,0
55,154,581,1,0
55,155,647,1,0
55,156,652,1,0
55,157,635,1,0
55,158,640,1,0
55,159,674,1,0
55,160,702,1,0
55,161,662,1,0
55,162,642,1,0
55,163,645,1,0
55,164,678,1,0
55,165,613,1,0
55,166,1160,1,0
55,167,766,1,0
55,168,712,1,0
55,169,635,1,0
55,170,653,1,0
55,171,627,1,0
55,172,630,1,0
55,173,754,1,0
55,174,604,1,0
55,175,654,1,0
55,176,667,1,0
55,177,799,1,0
55,178,614,1,0
55,179,623,1,0
55,180,708,1,0
55,181,591,1,0
55,182,618,1,0
55,183,632,1,0
55,184,649,1,0
55,185,634,1,0
55,186,581,1,0
55,187,657,1,0
55,188,759,1,0
55,189,654,1,0
55,190,620,1,0
55,191,734,1,0
55,192,643,1,0
55,193,731,1,0
55,194,659,1,0
55,195,929,1,0
55,196,721,1,0
55,197,1458,1,0
55,198,666,1,0
55,199,686,1,0
55,200,648,1,0
55,201,999,1,0
55,202,558,1,0
55,203,746,1,0
55,204,1014,1,0
55,205,901,1,0
55,206,691,1,0
55,207,645,1,0
55,208,779,1,0
55,209,811,1,0
55,210,661,1,0
55,211,602,1,0
55,212,680,1,0
55,213,736,1,0
55,214,970,1,0
55,215,686,1,0
55,216,749,1,0
55,217,710,1,0
55,218,705,1,0
55,219,765,1,0
55,220,797,1,0
55,221,702,1,0
55,222,654,1,0
55,223,748,1,0
55,224,901,1,0
55,225,787,1,0
55,226,775,1,0
55,227,659,1,0
55,228,1587,1,0
55,229,611,1,0
55,230,595,1,0
55,231,564,1,0
55,232,612,1,0
55,233,602,1,0
55,234,604,1,0
55,235,622,1,0
55,236,575,1,0
55,237,621,1,0
55,238,594,1,0
55,239,623,1,0
55,240,1010,1,0
55,241,652,1,0
55,242,654,1,0
55,243,569,1,0
55,244,705,1,0
55,245,619,1,0
55,246,665,1,0
55,247,635,1,0
55,248,560,1,0
55,249,650,1,0
55,250,688,1,0
55,251,686,1,0
55,252,588,1,0
55,253,579,1,0
55,254,636,1,0
55,255,608,1,0
55,256,631,1,0
55,257,652,1,0
55,258,599,1,0
55,259,655,1,0
55,260,655,1,0
55,261,588,1,0
55,262,744,1,0
55,263,722,1,0
55,264,690,1,0
55,265,650,1,0
55,266,663,1,0
55,267,633,1,0
55,268,563,1,0
55,269,699,1,0
55,270,797,1,0
55,271,672,1,0
55,272,668,1,0
55,273,640,1,0
55,274,602,1,0
55,275,663,1,0
55,276,642,1,0
55,277,632,1,0
55,278,659,1,0
55,279,626,1,0
55,280,610,1,0
55,281,679,1,0
55,282,667,1,0
55,283,620,1,0
55,284,645,1,0
55,285,627,1,0
55,286,652,1,0
55,287,684,1,0
55,288,682,1,0
55,289,725,1,0
55,290,624,1,0
55,291,664,1,0
55,292,635,1,0
55,293,1234,1,0
55,294,657,1,0
55,295,676,1,0
55,296,784,1,0
55,297,659,1,0
55,298,737,1,0
55,299,758,1,0
55,300,678,1,0
55,301,710,1,0
55,302,704,1,0
55,303,707,1,0
55,304,894,1,0
55,305,746,1,0
55,306,727,1,0
55,307,928,1,0
55,308,794,1,0
55,309,797,1,0
55,310,941,1,0
55,311,762,1,0
55,312,1093,1,0
55,313,735,1,0
55,314,625,1,0
55,315,603,1,0
55,316,805,1,0
55,317,1412,1,0
55,318,846,1,0
55,319,843,1,0
55,320,702,1,0
55,321,748,1,0
55,322,1003,1,0
55,323,842,1,0
55,324,887,1,0
55,325,653,1,0
55,326,650,1,0
55,327,771,1,0
55,328,746,1,0
55,329,620,1,0
55,330,795,1,0
55,331,642,1,0
55,332,662,1,0
55,333,617,1,0
55,334,610,1,0
55,335,642,1,0
55,336,688,1,0
55,337,592,1,0
55,338,660,1,0
55,339,694,1,0
55,340,651,1,0
55,341,641,1,0
55,342,621,1,0
55,343,671,1,0
55,344,864,1,0
55,345,696,1,0
55,346,621,1,0
55,347,560,1,0
55,348,631,1,0
55,349,668,1,0
55,350,774,1,0
55,351,691,1,0
55,352,652,1,0
55,353,648,1,0
55,354,652,1,0
55,355,1039,1,0
55,356,659,1,0
55,357,646,1,0
55,358,622,1,0
55,359,635,1,0
55,360,579,1,0
55,361,611,1,0
55,362,616,1,0
55,363,633,1,0
55,364,602,1,0
55,365,617,1,0
55,366,584,1,0
55,367,616,1,0
55,368,672,1,0
55,369,588,1,0
55,370,630,1,0
55,371,631,1,0
55,372,701,1,0
55,373,793,1,0
55,374,649,1,0
55,375,599,1,0
55,376,1449,1,0
55,377,663,1,0
55,378,630,1,0
55,379,774,1,0
55,380,652,1,0
55,381,717,1,0
55,382,637,1,0
55,383,596,1,0
55,384,662,1,0
55,385,698,1,0
55,386,873,1,0
55,387,1531,1,0
55,388,975,1,0
55,389,722,1,0
55,390,645,1,0
55,391,720,1,0
55,392,752,1,0
55,393,739,1,0
55,394,660,1,0
55,395,772,1,0
55,396,947,1,0
55,397,1114,1,0
55,398,852,1,0
55,399,856,1,0
55,400,944,1,0
55,401,920,1,0
55,402,913,1,0
55,403,777,1,0
55,404,1348,1,0
55,405,1066,1,0
55,406,1078,1,0
55,407,928,1,0
55,408,715,1,0
55,409,746,1,0
55,410,1032,1,0
55,411,1453,1,0
55,412,1256,1,0
55,413,965,1,0
55,414,915,1,0
55,415,655,1,0
55,416,589,1,0
55,417,714,1,0
55,418,767,1,0
55,419,731,1,0
55,420,838,1,0
55,421,662,1,0
55,422,611,1,0
55,423,644,1,0
55,424,627,1,0
55,425,705,1,0
55,426,684,1,0
55,427,626,1,0
55,428,682,1,0
55,429,774,1,0
55,430,687,1,0
55,431,647,1,0
55,432,675,1,0
55,433,718,1,0
55,434,607,1,0
55,435,619,1,0
55,436,592,1,0
55,437,618,1,0
55,438,717,1,0
55,439,660,1,0
55,440,845,1,0
55,441,954,1,0
55,442,645,1,0
55,443,613,1,0
55,444,672,1,0
55,445,651,1,0
55,446,650,1,0
55,447,680,1,0
55,448,631,1,0
55,449,663,1,0
55,450,774,1,0
55,451,744,1,0
55,452,948,1,0
55,453,621,1,0
55,454,701,1,0
55,455,640,1,0
55,456,714,1,0
55,457,778,1,0
55,458,667,1,0
55,459,701,1,0
55,460,848,1,0
55,461,816,1,0
55,462,599,1,0
55,463,674,1,0
55,464,701,1,0
55,465,687,1,0
55,466,584,1,0
55,467,615,1,0
55,468,781,1,0
55,469,611,1,0
55,470,923,1,0
55,471,639,1,0
55,472,642,1,0
55,473,761,1,0
55,474,938,1,0
55,475,1020,1,0
55,476,904,1,0
55,477,846,1,0
55,478,1234,1,0
55,479,1083,1,0
55,480,963,1,0
55,481,1313,1,0
55,482,1026,1,0
55,483,1172,1,0
55,484,1126,1,0
55,485,798,1,0
55,486,918,1,0
55,487,1060,1,0
55,488,871,1,0
55,489,920,1,0
55,490,802,1,0
55,491,702,1,0
55,492,937,1,0
55,493,1068,1,0
55,494,735,1,0
55,495,841,1,0
55,496,742,1,0
55,497,661,1,0
55,498,764,1,0
55,499,716,1,0
55,500,683,1,0
55,501,705,1,0
55,502,1190,1,0
55,503,971,1,0
55,504,722,1,0
55,505,851,1,0
55,506,1033,1,0
55,507,648,1,0
55,508,757,1,0
55,509,591,1,0
55,510,648,1,0
55,511,637,1,0
55,512,762,1,0
55,513,670,1,0
55,514,615,1,0
55,515,693,1,0
55,516,617,1,0
55,517,662,1,0
55,518,616,1,0
55,519,622,1,0
55,520,664,1,0
55,521,637,1,0
55,522,682,1,0
55,523,653,1,0
55,524,640,1,0
55,525,640,1,0
55,526,627,1,0
55,527,607,1,0
55,528,655,1,0
55,529,637,1,0
55,530,714,1,0
55,531,707,1,0
55,532,610,1,0
55,533,650,1,0
55,534,580,1,0
55,535,735,1,0
55,536,665,1,0
55,537,656,1,0
55,538,662,1,0
55,539,687,1,0
55,540,626,1,0
55,541,625,1,0
55,542,666,1,0
55,543,625,1,0
55,544,641,1,0
55,545,692,1,0
55,546,587,1,0
55,547,767,1,0
55,548,636,1,0
55,549,870,1,0
55,550,803,1,0
55,551,1540,1,0
55,552,674,1,0
55,553,608,1,0
55,554,661,1,0
55,555,688,1,0
55,556,706,1,0
55,557,666,1,0
55,558,854,1,0
55,559,634,1,0
55,560,1015,1,0
55,561,1299,1,0
55,562,836,1,0
55,563,750,1,0
55,564,816,1,0
55,565,847,1,0
55,566,822,1,0
55,567,706,1,0
55,568,708,1,0
55,569,1044,1,0
55,570,991,1,0
55,571,794,1,0
55,572,1022,1,0
55,573,835,1,0
55,574,1004,1,0
55,575,1063,1,0
55,576,1230,1,0
55,577,929,1,0
55,578,776,1,0
55,579,1032,1,0
55,580,639,1,0
55,581,975,1,0
55,582,551,1,0
55,583,1299,1,0
55,584,899,1,0
55,585,759,1,0
55,586,743,1,0
55,587,975,1,0
55,588,938,1,0
55,589,983,1,0
55,590,853,1,0
55,591,694,1,0
55,592,643,1,0
55,593,1299,1,0
55,594,787,1,0
55,595,756,1,0
55,596,905,1,0
55,597,1066,1,0
55,598,1190,1,0
55,599,696,1,0
56,0,2225,1,0
56,1,792,1,0
56,2,917,1,0
56,3,886,1,0
56,4,1111,1,0
56,5,815,1,0
56,6,1480,1,0
56,7,1133,1,0
56,8,1137,1,0
56,9,1755,1,0
56,10,1048,1,0
56,11,715,1,0
56,12,702,1,0
56,13,684,1,0
56,14,1363,1,0
56,15,741,1,0
56,16,688,1,0
56,17,585,1,0
56,18,711,1,0
56,19,734,1,0
56,20,678,1,0
56,21,635,1,0
56,22,578,1,0
56,23,594,1,0
56,24,608,1,0
56,25,605,1,0
56,26,600,1,0
56,27,767,1,0
56,28,744,1,0
56,29,658,1,0
56,30,681,1,0
56,31,633,1,0
56,32,625,1,0
56,33,582,1,0
56,34,763,1,0
56,35,622,1,0
56,36,604,1,0
56,37,692,1,0
56,38,644,1,0
56,39,804,1,0
56,40,663,1,0
56,41,666,1,0
56,42,547,1,0
56,43,613,1,0
56,44,602,1,0
56,45,570,1,0
56,46,648,1,0
56,47,649,1,0
56,48,667,1,0
56,49,614,1,0
56,50,628,1,0
56,51,618,1,0
56,52,636,1,0
56,53,633,1,0
56,54,649,1,0
56,55,625,1,0
56,56,612,1,0
56,57,802,1,0
56,58,770,1,0
56,59,660,1,0
56,60,693,1,0
56,61,856,1,0
56,62,763,1,0
56,63,1371,1,0
56,64,691,1,0
56,65,696,1,0
56,66,681,1,0
56,67,740,1,0
56,68,781,1,0
56,69,1647,1,0
56,70,742,1,0
56,71,929,1,0
56,72,824,1,0
56,73,1423,1,0
56,74,1426,1,0
56,75,1212,1,0
56,76,713,1,0
56,77,644,1,0
56,78,619,1,0
56,79,649,1,0
56,80,705,1,0
56,81,826,1,0
56,82,774,1,0
56,83,1019,1,0
56,84,846,1,0
56,85,807,1,0
56,86,1055,1,0
56,87,1109,1,0
56,88,852,1,0
56,89,849,1,0
56,90,755,1,0
56,91,793,1,0
56,92,629,1,0
56,93,689,1,0
56,94,658,1,0
56,95,671,1,0
56,96,665,1,0
56,97,731,1,0
56,98,628,1,0
56,99,594,1,0
56,100,628,1,0
56,101,629,1,0
56,102,636,1,0
56,103,593,1,0
56,104,632,1,0
56,105,602,1,0
56,106,601,1,0
56,107,712,1,0
56,108,759,1,0
56,109,651,1,0
56,110,656,1,0
56,111,608,1,0
56,112,675,1,0
56,113,922,1,0
56,114,624,1,0
56,115,640,1,0
56,116,641,1,0
56,117,716,1,0
56,118,603,1,0
56,119,629,1,0
56,120,789,1,0
56,121,828,1,0
56,122,689,1,0
56,123,718,1,0
56,124,632,1,0
56,125,637,1,0
56,126,625,1,0
56,127,650,1,0
56,128,645,1,0
56,129,639,1,0
56,130,626,1,0
56,131,636,1,0
56,132,630,1,0
56,133,573,1,0
56,134,625,1,0
56,135,731,1,0
56,136,756,1,0
56,137,673,1,0
56,138,673,1,0
56,139,641,1,0
56,140,661,1,0
56,141,892,1,0
56,142,659,1,0
56,143,719,1,0
56,144,674,1,0
56,145,670,1,0
56,146,606,1,0
56,147,796,1,0
56,148,691,1,0
56,149,1088,1,0
56,150,686,1,0
56,151,713,1,0
56,152,634,1,0
56,153,649,1,0
56,154,598,1,0
56,155,779,1,0
56,156,680,1,0
56,157,727,1,0
56,158,774,1,0
56,159,656,1,0
56,160,872,1,0
56,161,893,1,0
56,162,1045,1,0
56,163,1377,1,0
56,164,1046,1,0
56,165,1110,1,0
56,166,1031,1,0
56,167,654,1,0
56,168,745,1,0
56,169,800,1,0
56,170,800,1,0
56,171,793,1,0
56,172,868,1,0
56,173,1171,1,0
56,174,728,1,0
56,175,769,1,0
56,176,677,1,0
56,177,1472,1,0
56,178,677,1,0
56,179,824,1,0
56,180,809,1,0
56,181,668,1,0
56,182,831,1,0
56,183,633,1,0
56,184,730,1,0
56,185,646,1,0
56,186,659,1,0
56,187,622,1,0
56,188,585,1,0
56,189,618,1,0
56,190,585,1,0
56,191,671,1,0
56,192,699,1,0
56,193,647,1,0
56,194,635,1,0
56,195,902,1,0
56,196,750,1,0
56,197,880,1,0
56,198,757,1,0
56,199,707,1,0
56,200,592,1,0
56,201,647,1,0
56,202,685,1,0
56,203,704,1,0
56,204,607,1,0
56,205,613,1,0
56,206,686,1,0
56,207,668,1,0
56,208,588,1,0
56,209,681,1,0
56,210,603,1,0
56,211,582,1,0
56,212,564,1,0
56,213,674,1,0
56,214,613,1,0
56,215,613,1,0
56,216,642,1,0
56,217,631,1,0
56,218,743,1,0
56,219,667,1,0
56,220,670,1,0
56,221,621,1,0
56,222,590,1,0
56,223,601,1,0
56,224,678,1,0
56,225,541,1,0
56,226,635,1,0
56,227,636,1,0
56,228,640,1,0
56,229,604,1,0
56,230,619,1,0
56,231,633,1,0
56,232,700,1,0
56,233,613,1,0
56,234,615,1,0
56,235,607,1,0
56,236,642,1,0
56,237,576,1,0
56,238,603,1,0
56,239,603,1,0
56,240,1160,1,0
56,241,636,1,0
56,242,642,1,0
56,243,618,1,0
56,244,658,1,0
56,245,650,1,0
56,246,748,1,0
56,247,699,1,0
56,248,583,1,0
56,249,674,1,0
56,250,658,1,0
56,251,656,1,0
56,252,701,1,0
56,253,713,1,0
56,254,594,1,0
56,255,652,1,0
56,256,691,1,0
56,257,629,1,0
56,258,650,1,0
56,259,923,1,0
56,260,666,1,0
56,261,673,1,0
56,262,773,1,0
56,263,696,1,0
56,264,794,1,0
56,265,696,1,0
56,266,716,1,0
56,267,763,1,0
56,268,872,1,0
56,269,1036,1,0
56,270,1534,1,0
56,271,666,1,0
56,272,725,1,0
56,273,878,1,0
56,274,759,1,0
56,275,734,1,0
56,276,701,1,0
56,277,636,1,0
56,278,598,1,0
56,279,644,1,0
56,280,856,1,0
56,281,607,1,0
56,282,670,1,0
56,283,578,1,0
56,284,624,1,0
56,285,580,1,0
56,286,565,1,0
56,287,657,1,0
56,288,620,1,0
56,289,802,1,0
56,290,540,1,0
56,291,533,1,0
56,292,636,1,0
56,293,581,1,0
56,294,595,1,0
56,295,579,1,0
56,296,644,1,0
56,297,604,1,0
56,298,771,1,0
56,299,661,1,0
56,300,684,1,0
56,301,577,1,0
56,302,583,1,0
56,303,649,1,0
56,304,904,1,0
56,305,701,1,0
56,306,685,1,0
56,307,580,1,0
56,308,543,1,0
56,309,607,1,0
56,310,681,1,0
56,311,605,1,0
56,312,666,1,0
56,313,579,1,0
56,314,618,1,0
56,315,635,1,0
56,316,627,1,0
56,317,690,1,0
56,318,584,1,0
56,319,634,1,0
56,320,641,1,0
56,321,615,1,0
56,322,836,1,0
56,323,575,1,0
56,324,669,1,0
56,325,718,1,0
56,326,663,1,0
56,327,684,1,0
56,328,750,1,0
56,329,699,1,0
56,330,1129,1,0
56,331,650,1,0
56,332,1240,1,0
56,333,597,1,0
56,334,615,1,0
56,335,635,1,0
56,336,628,1,0
56,337,606,1,0
56,338,610,1,0
56,339,1067,1,0
56,340,645,1,0
56,341,864,1,0
56,342,1428,1,0
56,343,666,1,0
56,344,799,1,0
56,345,776,1,0
56,346,792,1,0
56,347,793,1,0
56,348,884,1,0
56,349,996,1,0
56,350,924,1,0
56,351,1063,1,0
56,352,1017,1,0
56,353,987,1,0
56,354,740,1,0
56,355,859,1,0
56,356,909,1,0
56,357,786,1,0
56,358,674,1,0
56,359,700,1,0
56,360,734,1,0
56,361,686,1,0
56,362,713,1,0
56,363,689,1,0
56,364,850,1,0
56,365,682,1,0
56,366,879,1,0
56,367,1389,1,0
56,368,961,1,0
56,369,609,1,0
56,370,620,1,0
56,371,765,1,0
56,372,938,1,0
56,373,835,1,0
56,374,595,1,0
56,375,592,1,0
56,376,786,1,0
56,377,630,1,0
56,378,572,1,0
56,379,706,1,0
56,380,676,1,0
56,381,648,1,0
56,382,590,1,0
56,383,600,1,0
56,384,657,1,0
56,385,691,1,0
56,386,865,1,0
56,387,890,1,0
56,388,690,1,0
56,389,673,1,0
56,390,601,1,0
56,391,592,1,0
56,392,663,1,0
56,393,609,1,0
56,394,614,1,0
56,395,579,1,0
56,396,759,1,0
56,397,710,1,0
56,398,615,1,0
56,399,610,1,0
56,400,827,1,0
56,401,647,1,0
56,402,652,1,0
56,403,646,1,0
56,404,647,1,0
56,405,740,1,0
56,406,647,1,0
56,407,625,1,0
56,408,709,1,0
56,409,608,1,0
56,410,669,1,0
56,411,760,1,0
56,412,646,1,0
56,413,688,1,0
56,414,720,1,0
56,415,697,1,0
56,416,583,1,0
56,417,608,1,0
56,418,714,1,0
56,419,636,1,0
56,420,810,1,0
56,421,590,1,0
56,422,612,1,0
56,423,637,1,0
56,424,563,1,0
56,425,603,1,0
56,426,610,1,0
56,427,713,1,0
56,428,606,1,0
56,429,675,1,0
56,430,859,1,0
56,431,1086,1,0
56,432,652,1,0
56,433,701,1,0
56,434,648,1,0
56,435,703,1,0
56,436,709,1,0
56,437,710,1,0
56,438,681,1,0
56,439,686,1,0
56,440,932,1,0
56,441,1533,1,0
56,442,926,1,0
56,443,951,1,0
56,444,1065,1,0
56,445,1173,1,0
56,446,872,1,0
56,447,807,1,0
56,448,916,1,0
56,449,791,1,0
56,450,727,1,0
56,451,796,1,0
56,452,787,1,0
56,453,714,1,0
56,454,796,1,0
56,455,1033,1,0
56,456,795,1,0
56,457,1258,1,0
56,458,786,1,0
56,459,779,1,0
56,460,1128,1,0
56,461,919,1,0
56,462,768,1,0
56,463,902,1,0
56,464,1154,1,0
56,465,780,1,0
56,466,726,1,0
56,467,663,1,0
56,468,1040,1,0
56,469,596,1,0
56,470,602,1,0
56,471,574,1,0
56,472,583,1,0
56,473,571,1,0
56,474,667,1,0
56,475,676,1,0
56,476,621,1,0
56,477,625,1,0
56,478,658,1,0
56,479,626,1,0
56,480,617,1,0
56,481,593,1,0
56,482,633,1,0
56,483,651,1,0
56,484,929,1,0
56,485,563,1,0
56,486,711,1,0
56,487,649,1,0
56,488,721,1,0
56,489,1035,1,0
56,490,617,1,0
56,491,742,1,0
56,492,603,1,0
56,493,608,1,0
56,494,629,1,0
56,495,622,1,0
56,496,706,1,0
56,497,653,1,0
56,498,673,1,0
56,499,629,1,0
56,500,647,1,0
56,501,657,1,0
56,502,771,1,0
56,503,654,1,0
56,504,621,1,0
56,505,618,1,0
56,506,631,1,0
56,507,660,1,0
56,508,680,1,0
56,509,624,1,0
56,510,676,1,0
56,511,668,1,0
56,512,648,1,0
56,513,696,1,0
56,514,727,1,0
56,515,653,1,0
56,516,597,1,0
56,517,646,1,0
56,518,656,1,0
56,519,610,1,0
56,520,595,1,0
56,521,1060,1,0
56,522,743,1,0
56,523,654,1,0
56,524,578,1,0
56,525,639,1,0
56,526,740,1,0
56,527,681,1,0
56,528,681,1,0
56,529,856,1,0
56,530,1361,1,0
56,531,1033,1,0
56,532,1137,1,0
56,533,1091,1,0
56,534,666,1,0
56,535,828,1,0
56,536,1084,1,0
56,537,1273,1,0
56,538,931,1,0
56,539,1020,1,0
56,540,797,1,0
56,541,1028,1,0
56,542,772,1,0
56,543,947,1,0
56,544,826,1,0
56,545,899,1,0
56,546,1119,1,0
56,547,1112,1,0
56,548,826,1,0
56,549,819,1,0
56,550,903,1,0
56,551,1077,1,0
56,552,703,1,0
56,553,775,1,0
56,554,808,1,0
56,555,848,1,0
56,556,736,1,0
56,557,1327,1,0
56,558,785,1,0
56,559,1119,1,0
56,560,1038,1,0
56,561,1116,1,0
56,562,896,1,0
56,563,760,1,0
56,564,790,1,0
56,565,869,1,0
56,566,676,1,0
56,567,765,1,0
56,568,725,1,0
56,569,684,1,0
56,570,644,1,0
56,571,766,1,0
56,572,659,1,0
56,573,878,1,0
56,574,705,1,0
56,575,627,1,0
56,576,676,1,0
56,577,649,1,0
56,578,614,1,0
56,579,648,1,0
56,580,852,1,0
56,581,616,1,0
56,582,668,1,0
56,583,598,1,0
56,584,749,1,0
56,585,665,1,0
56,586,593,1,0
56,587,766,1,0
56,588,645,1,0
56,589,619,1,0
56,590,656,1,0
56,591,680,1,0
56,592,667,1,0
56,593,777,1,0
56,594,685,1,0
56,595,682,1,0
56,596,645,1,0
56,597,762,1,0
56,598,922,1,0
56,599,863,1,0
57,0,2494,1,0
57,1,633,1,0
57,2,659,1,0
57,3,765,1,0
57,4,712,1,0
57,5,651,1,0
57,6,861,1,0
57,7,801,1,0
57,8,844,1,0
57,9,656,1,0
57,10,1001,1,0
57,11,639,1,0
57,12,638,1,0
57,13,535,1,0
57,14,761,1,0
57,15,628,1,0
57,16,602,1,0
57,17,675,1,0
57,18,623,1,0
57,19,600,1,0
57,20,601,1,0
57,21,598,1,0
57,22,670,1,0
57,23,580,1,0
57,24,654,1,0
57,25,708,1,0
57,26,897,1,0
57,27,658,1,0
57,28,731,1,0
57,29,731,1,0
57,30,712,1,0
57,31,1320,1,0
57,32,691,1,0
57,33,669,1,0
57,34,648,1,0
57,35,750,1,0
57,36,660,1,0
57,37,702,1,0
57,38,737,1,0
57,39,662,1,0
57,40,743,1,0
57,41,668,1,0
57,42,726,1,0
57,43,763,1,0
57,44,668,1,0
57,45,670,1,0
57,46,771,1,0
57,47,670,1,0
57,48,762,1,0
57,49,627,1,0
57,50,664,1,0
57,51,631,1,0
57,52,671,1,0
57,53,1370,1,0
57,54,986,1,0
57,55,776,1,0
57,56,901,1,0
57,57,864,1,0
57,58,1067,1,0
57,59,1061,1,0
57,60,855,1,0
57,61,1047,1,0
57,62,952,1,0
57,63,995,1,0
57,64,1113,1,0
57,65,938,1,0
57,66,902,1,0
57,67,946,1,0
57,68,1093,1,0
57,69,1146,1,0
57,70,927,1,0
57,71,717,1,0
57,72,652,1,0
57,73,773,1,0
57,74,655,1,0
57,75,683,1,0
57,76,953,1,0
57,77,734,1,0
57,78,654,1,0
57,79,729,1,0
57,80,829,1,0
57,81,793,1,0
57,82,628,1,0
57,83,741,1,0
57,84,712,1,0
57,85,658,1,0
57,86,774,1,0
57,87,609,1,0
57,88,833,1,0
57,89,706,1,0
57,90,814,1,0
57,91,637,1,0
57,92,787,1,0
57,93,673,1,0
57,94,608,1,0
57,95,676,1,0
57,96,658,1,0
57,97,670,1,0
57,98,753,1,0
57,99,649,1,0
57,100,859,1,0
57,101,920,1,0
57,102,831,1,0
57,103,994,1,0
57,104,783,1,0
57,105,787,1,0
57,106,774,1,0
57,107,944,1,0
57,108,978,1,0
57,109,786,1,0
57,110,882,1,0
57,111,838,1,0
57,112,829,1,0
57,113,984,1,0
57,114,888,1,0
57,115,679,1,0
57,116,668,1,0
57,117,790,1,0
57,118,787,1,0
57,119,657,1,0
57,120,884,1,0
57,121,907,1,0
57,122,1183,1,0
57,123,829,1,0
57,124,596,1,0
57,125,791,1,0
57,126,882,1,0
57,127,1057,1,0
57,128,1101,1,0
57,129,876,1,0
57,130,788,1,0
57,131,749,1,0
57,132,968,1,0
57,133,807,1,0
57,134,995,1,0
57,135,1183,1,0
57,136,1379,1,0
57,137,1316,1,0
57,138,898,1,0
57,139,927,1,0
57,140,799,1,0
57,141,840,1,0
57,142,1153,1,0
57,143,706,1,0
57,144,800,1,0
57,145,1007,1,0
57,146,729,1,0
57,147,870,1,0
57,148,872,1,0
57,149,1148,1,0
57,150,709,1,0
57,151,781,1,0
57,152,717,1,0
57,153,703,1,0
57,154,1036,1,0
57,155,685,1,0
57,156,734,1,0
57,157,697,1,0
57,158,593,1,0
57,159,703,1,0
57,160,604,1,0
57,161,619,1,0
57,162,702,1,0
57,163,748,1,0
57,164,791,1,0
57,165,693,1,0
57,166,687,1,0
57,167,566,1,0
57,168,693,1,0
57,169,642,1,0
57,170,720,1,0
57,171,628,1,0
57,172,658,1,0
57,173,728,1,0
57,174,736,1,0
57,175,609,1,0
57,176,690,1,0
57,177,800,1,0
57,178,650,1,0
57,179,655,1,0
57,180,751,1,0
57,181,622,1,0
57,182,690,1,0
57,183,745,1,0
57,184,608,1,0
57,185,633,1,0
57,186,620,1,0
57,187,720,1,0
57,188,656,1,0
57,189,680,1,0
57,190,1391,1,0
57,191,583,1,0
57,192,614,1,0
57,193,706,1,0
57,194,700,1,0
57,195,893,1,0
57,196,620,1,0
57,197,1155,1,0
57,198,768,1,0
57,199,612,1,0
57,200,619,1,0
57,201,582,1,0
57,202,871,1,0
57,203,702,1,0
57,204,622,1,0
57,205,668,1,0
57,206,670,1,0
57,207,683,1,0
57,208,734,1,0
57,209,853,1,0
57,210,572,1,0
57,211,643,1,0
57,212,639,1,0
57,213,661,1,0
57,214,580,1,0
57,215,680,1,0
57,216,668,1,0
57,217,659,1,0
57,218,654,1,0
57,219,697,1,0
57,220,767,1,0
57,221,600,1,0
57,222,834,1,0
57,223,809,1,0
57,224,655,1,0
57,225,706,1,0
57,226,638,1,0
57,227,619,1,0
57,228,705,1,0
57,229,613,1,0
57,230,635,1,0
57,231,654,1,0
57,232,647,1,0
57,233,776,1,0
57,234,721,1,0
57,235,712,1,0
57,236,741,1,0
57,237,749,1,0
57,238,782,1,0
57,239,776,1,0
57,240,1130,1,0
57,241,730,1,0
57,242,816,1,0
57,243,759,1,0
57,244,658,1,0
57,245,666,1,0
57,246,779,1,0
57,247,661,1,0
57,248,603,1,0
57,249,622,1,0
57,250,686,1,0
57,251,683,1,0
57,252,642,1,0
57,253,652,1,0
57,254,645,1,0
57,255,708,1,0
57,256,611,1,0
57,257,601,1,0
57,258,622,1,0
57,259,652,1,0
57,260,699,1,0
57,261,655,1,0
57,262,859,1,0
57,263,685,1,0
57,264,689,1,0
57,265,677,1,0
57,266,635,1,0
57,267,654,1,0
57,268,606,1,0
57,269,733,1,0
57,270,636,1,0
57,271,679,1,0
57,272,600,1,0
57,273,604,1,0
57,274,580,1,0
57,275,611,1,0
57,276,638,1,0
57,277,674,1,0
57,278,636,1,0
57,279,689,1,0
57,280,603,1,0
57,281,591,1,0
57,282,670,1,0
57,283,634,1,0
57,284,601,1,0
57,285,684,1,0
57,286,630,1,0
57,287,673,1,0
57,288,734,1,0
57,289,660,1,0
57,290,603,1,0
57,291,705,1,0
57,292,603,1,0
57,293,677,1,0
57,294,686,1,0
57,295,689,1,0
57,296,692,1,0
57,297,721,1,0
57,298,974,1,0
57,299,657,1,0
57,300,745,1,0
57,301,637,1,0
57,302,651,1,0
57,303,672,1,0
57,304,749,1,0
57,305,660,1,0
57,306,666,1,0
57,307,660,1,0
57,308,760,1,0
57,309,635,1,0
57,310,639,1,0
57,311,712,1,0
57,312,644,1,0
57,313,626,1,0
57,314,604,1,0
57,315,685,1,0
57,316,644,1,0
57,317,649,1,0
57,318,641,1,0
57,319,753,1,0
57,320,753,1,0
57,321,938,1,0
57,322,1025,1,0
57,323,815,1,0
57,324,1031,1,0
57,325,837,1,0
57,326,863,1,0
57,327,1107,1,0
57,328,910,1,0
57,329,776,1,0
57,330,947,1,0
57,331,827,1,0
57,332,1380,1,0
57,333,738,1,0
57,334,761,1,0
57,335,824,1,0
57,336,902,1,0
57,337,867,1,0
57,338,780,1,0
57,339,821,1,0
57,340,719,1,0
57,341,770,1,0
57,342,876,1,0
57,343,687,1,0
57,344,624,1,0
57,345,709,1,0
57,346,638,1,0
57,347,626,1,0
57,348,807,1,0
57,349,724,1,0
57,350,626,1,0
57,351,608,1,0
57,352,628,1,0
57,353,580,1,0
57,354,598,1,0
57,355,731,1,0
57,356,565,1,0
57,357,618,1,0
57,358,642,1,0
57,359,636,1,0
57,360,643,1,0
57,361,746,1,0
57,362,643,1,0
57,363,667,1,0
57,364,627,1,0
57,365,668,1,0
57,366,654,1,0
57,367,623,1,0
57,368,620,1,0
57,369,624,1,0
57,370,646,1,0
57,371,654,1,0
57,372,710,1,0
57,373,1382,1,0
57,374,655,1,0
57,375,654,1,0
57,376,630,1,0
57,377,656,1,0
57,378,678,1,0
57,379,655,1,0
57,380,917,1,0
57,381,673,1,0
57,382,591,1,0
57,383,673,1,0
57,384,646,1,0
57,385,665,1,0
57,386,632,1,0
57,387,736,1,0
57,388,862,1,0
57,389,619,1,0
57,390,658,1,0
57,391,714,1,0
57,392,592,1,0
57,393,609,1,0
57,394,720,1,0
57,395,606,1,0
57,396,636,1,0
57,397,743,1,0
57,398,608,1,0
57,399,692,1,0
57,400,822,1,0
57,401,615,1,0
57,402,749,1,0
57,403,615,1,0
57,404,568,1,0
57,405,977,1,0
57,406,800,1,0
57,407,736,1,0
57,408,614,1,0
57,409,673,1,0
57,410,1042,1,0
57,411,916,1,0
57,412,872,1,0
57,413,963,1,0
57,414,821,1,0
57,415,1113,1,0
57,416,1099,1,0
57,417,701,1,0
57,418,852,1,0
57,419,786,1,0
57,420,797,1,0
57,421,913,1,0
57,422,833,1,0
57,423,848,1,0
57,424,782,1,0
57,425,802,1,0
57,426,710,1,0
57,427,936,1,0
57,428,870,1,0
57,429,909,1,0
57,430,848,1,0
57,431,719,1,0
57,432,688,1,0
57,433,803,1,0
57,434,797,1,0
57,435,634,1,0
57,436,615,1,0
57,437,579,1,0
57,438,678,1,0
57,439,877,1,0
57,440,724,1,0
57,441,851,1,0
57,442,659,1,0
57,443,707,1,0
57,444,645,1,0
57,445,650,1,0
57,446,630,1,0
57,447,622,1,0
57,448,620,1,0
57,449,672,1,0
57,450,651,1,0
57,451,656,1,0
57,452,616,1,0
57,453,654,1,0
57,454,721,1,0
57,455,651,1,0
57,456,723,1,0
57,457,665,1,0
57,458,624,1,0
57,459,642,1,0
57,460,662,1,0
57,461,716,1,0
57,462,599,1,0
57,463,686,1,0
57,464,664,1,0
57,465,641,1,0
57,466,572,1,0
57,467,710,1,0
57,468,591,1,0
57,469,700,1,0
57,470,685,1,0
57,471,643,1,0
57,472,644,1,0
57,473,656,1,0
57,474,595,1,0
57,475,691,1,0
57,476,892,1,0
57,477,687,1,0
57,478,733,1,0
57,479,678,1,0
57,480,668,1,0
57,481,675,1,0
57,482,656,1,0
57,483,737,1,0
57,484,768,1,0
57,485,630,1,0
57,486,792,1,0
57,487,731,1,0
57,488,663,1,0
57,489,897,1,0
57,490,597,1,0
57,491,703,1,0
57,492,633,1,0
57,493,597,1,0
57,494,634,1,0
57,495,646,1,0
57,496,825,1,0
57,497,642,1,0
57,498,666,1,0
57,499,612,1,0
57,500,674,1,0
57,501,752,1,0
57,502,880,1,0
57,503,739,1,0
57,504,655,1,0
57,505,750,1,0
57,506,641,1,0
57,507,665,1,0
57,508,639,1,0
57,509,639,1,0
57,510,729,1,0
57,511,603,1,0
57,512,714,1,0
57,513,800,1,0
57,514,921,1,0
57,515,757,1,0
57,516,678,1,0
57,517,674,1,0
57,518,847,1,0
57,519,792,1,0
57,520,843,1,0
57,521,803,1,0
57,522,805,1,0
57,523,726,1,0
57,524,779,1,0
57,525,702,1,0
57,526,659,1,0
57,527,669,1,0
57,528,694,1,0
57,529,761,1,0
57,530,744,1,0
57,531,719,1,0
57,532,657,1,0
57,533,659,1,0
57,534,797,1,0
57,535,721,1,0
57,536,578,1,0
57,537,673,1,0
57,538,626,1,0
57,539,560,1,0
57,540,548,1,0
57,541,631,1,0
57,542,596,1,0
57,543,622,1,0
57,544,687,1,0
57,545,572,1,0
57,546,652,1,0
57,547,700,1,0
57,548,640,1,0
57,549,626,1,0
57,550,702,1,0
57,551,629,1,0
57,552,691,1,0
57,553,668,1,0
57,554,777,1,0
57,555,703,1,0
57,556,716,1,0
57,557,645,1,0
57,558,732,1,0
57,559,630,1,0
57,560,735,1,0
57,561,657,1,0
57,562,708,1,0
57,563,668,1,0
57,564,672,1,0
57,565,692,1,0
57,566,651,1,0
57,567,681,1,0
57,568,652,1,0
57,569,1001,1,0
57,570,684,1,0
57,571,659,1,0
57,572,652,1,0
57,573,670,1,0
57,574,599,1,0
57,575,640,1,0
57,576,686,1,0
57,577,594,1,0
57,578,606,1,0
57,579,595,1,0
57,580,661,1,0
57,581,769,1,0
57,582,640,1,0
57,583,648,1,0
57,584,639,1,0
57,585,927,1,0
57,586,1117,1,0
57,587,703,1,0
57,588,1016,1,0
57,589,720,1,0
57,590,861,1,0
57,591,665,1,0
57,592,709,1,0
57,593,773,1,0
57,594,609,1,0
57,595,611,1,0
57,596,900,1,0
57,597,1222,1,0
57,598,962,1,0
57,599,757,1,0
58,0,1903,1,0
58,1,706,1,0
58,2,660,1,0
58,3,848,1,0
58,4,749,1,0
58,5,816,1,0
58,6,809,1,0
58,7,821,1,0
58,8,1225,1,0
58,9,1297,1,0
58,10,1024,1,0
58,11,1023,1,0
58,12,1037,1,0
58,13,1001,1,0
58,14,1303,1,0
58,15,740,1,0
58,16,1035,1,0
58,17,1017,1,0
58,18,811,1,0
58,19,759,1,0
58,20,814,1,0
58,21,807,1,0
58,22,938,1,0
58,23,828,1,0
58,24,888,1,0
58,25,885,1,0
58,26,1097,1,0
58,27,909,1,0
58,28,1384,1,0
58,29,971,1,0
58,30,667,1,0
58,31,668,1,0
58,32,692,1,0
58,33,774,1,0
58,34,630,1,0
58,35,762,1,0
58,36,605,1,0
58,37,573,1,0
58,38,653,1,0
58,39,641,1,0
58,40,909,1,0
58,41,680,1,0
58,42,568,1,0
58,43,635,1,0
58,44,688,1,0
58,45,608,1,0
58,46,619,1,0
58,47,771,1,0
58,48,662,1,0
58,49,721,1,0
58,50,621,1,0
58,51,654,1,0
58,52,656,1,0
58,53,785,1,0
58,54,741,1,0
58,55,612,1,0
58,56,630,1,0
58,57,623,1,0
58,58,946,1,0
58,59,663,1,0
58,60,698,1,0
58,61,604,1,0
58,62,626,1,0
58,63,621,1,0
58,64,616,1,0
58,65,605,1,0
58,66,731,1,0
58,67,699,1,0
58,68,651,1,0
58,69,1999,1,0
58,70,1095,1,0
58,71,1146,1,0
58,72,785,1,0
58,73,1140,1,0
58,74,943,1,0
58,75,1162,1,0
58,76,842,1,0
58,77,698,1,0
58,78,754,1,0
58,79,708,1,0
58,80,671,1,0
58,81,660,1,0
58,82,669,1,0
58,83,802,1,0
58,84,630,1,0
58,85,655,1,0
58,86,645,1,0
58,87,658,1,0
58,88,725,1,0
58,89,702,1,0
58,90,584,1,0
58,91,590,1,0
58,92,614,1,0
58,93,640,1,0
58,94,640,1,0
58,95,644,1,0
58,96,603,1,0
58,97,674,1,0
58,98,712,1,0
58,99,598,1,0
58,100,852,1,0
58,101,807,1,0
58,102,813,1,0
58,103,1021,1,0
58,104,798,1,0
58,105,785,1,0
58,106,793,1,0
58,107,1047,1,0
58,108,961,1,0
58,109,677,1,0
58,110,927,1,0
58,111,851,1,0
58,112,1039,1,0
58,113,1062,1,0
58,114,838,1,0
58,115,828,1,0
58,116,1159,1,0
58,117,922,1,0
58,118,1136,1,0
58,119,638,1,0
58,120,831,1,0
58,121,715,1,0
58,122,640,1,0
58,123,668,1,0
58,124,640,1,0
58,125,702,1,0
58,126,632,1,0
58,127,631,1,0
58,128,761,1,0
58,129,627,1,0
58,130,680,1,0
58,131,721,1,0
58,132,646,1,0
58,133,664,1,0
58,134,593,1,0
58,135,829,1,0
58,136,652,1,0
58,137,645,1,0
58,138,647,1,0
58,139,621,1,0
58,140,673,1,0
58,141,593,1,0
58,142,690,1,0
58,143,727,1,0
58,144,675,1,0
58,145,652,1,0
58,146,688,1,0
58,147,670,1,0
58,148,762,1,0
58,149,847,1,0
58,150,686,1,0
58,151,660,1,0
58,152,597,1,0
58,153,626,1,0
58,154,696,1,0
58,155,718,1,0
58,156,635,1,0
58,157,613,1,0
58,158,681,1,0
58,159,766,1,0
58,160,638,1,0
58,161,637,1,0
58,162,740,1,0
58,163,680,1,0
58,164,653,1,0
58,165,663,1,0
58,166,640,1,0
58,167,698,1,0
58,168,748,1,0
58,169,604,1,0
58,170,738,1,0
58,171,612,1,0
58,172,618,1,0
58,173,738,1,0
58,174,660,1,0
58,175,635,1,0
58,176,1000,1,0
58,177,1135,1,0
58,178,953,1,0
58,179,778,1,0
58,180,1139,1,0
58,181,733,1,0
58,182,653,1,0
58,183,803,1,0
58,184,1101,1,0
58,185,1001,1,0
58,186,895,1,0
58,187,859,1,0
58,188,895,1,0
58,189,893,1,0
58,190,955,1,0
58,191,763,1,0
58,192,714,1,0
58,193,793,1,0
58,194,806,1,0
58,195,804,1,0
58,196,890,1,0
58,197,1081,1,0
58,198,972,1,0
58,199,1186,1,0
58,200,774,1,0
58,201,834,1,0
58,202,712,1,0
58,203,729,1,0
58,204,696,1,0
58,205,890,1,0
58,206,796,1,0
58,207,650,1,0
58,208,768,1,0
58,209,672,1,0
58,210,597,1,0
58,211,594,1,0
58,212,649,1,0
58,213,614,1,0
58,214,858,1,0
58,215,599,1,0
58,216,668,1,0
58,217,644,1,0
58,218,640,1,0
58,219,626,1,0
58,220,731,1,0
58,221,620,1,0
58,222,632,1,0
58,223,654,1,0
58,224,709,1,0
58,225,717,1,0
58,226,750,1,0
58,227,627,1,0
58,228,623,1,0
58,229,647,1,0
58,230,635,1,0
58,231,603,1,0
58,232,666,1,0
58,233,919,1,0
58,234,596,1,0
58,235,599,1,0
58,236,646,1,0
58,237,586,1,0
58,238,596,1,0
58,239,721,1,0
58,240,688,1,0
58,241,632,1,0
58,242,678,1,0
58,243,630,1,0
58,244,626,1,0
58,245,633,1,0
58,246,649,1,0
58,247,603,1,0
58,248,627,1,0
58,249,796,1,0
58,250,1004,1,0
58,251,900,1,0
58,252,670,1,0
58,253,690,1,0
58,254,653,1,0
58,255,770,1,0
58,256,670,1,0
58,257,613,1,0
58,258,610,1,0
58,259,639,1,0
58,260,862,1,0
58,261,629,1,0
58,262,737,1,0
58,263,704,1,0
58,264,742,1,0
58,265,722,1,0
58,266,703,1,0
58,267,1265,1,0
58,268,627,1,0
58,269,803,1,0
58,270,689,1,0
58,271,749,1,0
58,272,724,1,0
58,273,777,1,0
58,274,653,1,0
58,275,871,1,0
58,276,966,1,0
58,277,735,1,0
58,278,662,1,0
58,279,932,1,0
58,280,791,1,0
58,281,691,1,0
58,282,693,1,0
58,283,729,1,0
58,284,629,1,0
58,285,664,1,0
58,286,674,1,0
58,287,669,1,0
58,288,884,1,0
58,289,1093,1,0
58,290,638,1,0
58,291,738,1,0
58,292,812,1,0
58,293,808,1,0
58,294,1037,1,0
58,295,827,1,0
58,296,910,1,0
58,297,902,1,0
58,298,790,1,0
58,299,787,1,0
58,300,736,1,0
58,301,847,1,0
58,302,795,1,0
58,303,842,1,0
58,304,772,1,0
58,305,672,1,0
58,306,703,1,0
58,307,730,1,0
58,308,607,1,0
58,309,866,1,0
58,310,699,1,0
58,311,859,1,0
58,312,642,1,0
58,313,635,1,0
58,314,722,1,0
58,315,738,1,0
58,316,595,1,0
58,317,667,1,0
58,318,584,1,0
58,319,666,1,0
58,320,929,1,0
58,321,646,1,0
58,322,681,1,0
58,323,693,1,0
58,324,661,1,0
58,325,641,1,0
58,326,635,1,0
58,327,655,1,0
58,328,703,1,0
58,329,647,1,0
58,330,918,1,0
58,331,601,1,0
58,332,805,1,0
58,333,607,1,0
58,334,657,1,0
58,335,602,1,0
58,336,617,1,0
58,337,667,1,0
58,338,635,1,0
58,339,637,1,0
58,340,724,1,0
58,341,569,1,0
58,342,689,1,0
58,343,609,1,0
58,344,566,1,0
58,345,722,1,0
58,346,782,1,0
58,347,700,1,0
58,348,659,1,0
58,349,618,1,0
58,350,740,1,0
58,351,704,1,0
58,352,678,1,0
58,353,626,1,0
58,354,672,1,0
58,355,817,1,0
58,356,655,1,0
58,357,659,1,0
58,358,706,1,0
58,359,717,1,0
58,360,733,1,0
58,361,648,1,0
58,362,698,1,0
58,363,729,1,0
58,364,571,1,0
58,365,692,1,0
58,366,893,1,0
58,367,744,1,0
58,368,832,1,0
58,369,841,1,0
58,370,993,1,0
58,371,1125,1,0
58,372,955,1,0
58,373,849,1,0
58,374,1008,1,0
58,375,793,1,0
58,376,1006,1,0
58,377,865,1,0
58,378,914,1,0
58,379,1036,1,0
58,380,867,1,0
58,381,795,1,0
58,382,691,1,0
58,383,760,1,0
58,384,681,1,0
58,385,870,1,0
58,386,782,1,0
58,387,1405,1,0
58,388,889,1,0
58,389,699,1,0
58,390,752,1,0
58,391,726,1,0
58,392,710,1,0
58,393,660,1,0
58,394,593,1,0
58,395,828,1,0
58,396,647,1,0
58,397,623,1,0
58,398,630,1,0
58,399,596,1,0
58,400,659,1,0
58,401,693,1,0
58,402,595,1,0
58,403,577,1,0
58,404,556,1,0
58,405,755,1,0
58,406,645,1,0
58,407,598,1,0
58,408,606,1,0
58,409,636,1,0
58,410,596,1,0
58,411,563,1,0
58,412,652,1,0
58,413,617,1,0
58,414,800,1,0
58,415,640,1,0
58,416,596,1,0
58,417,640,1,0
58,418,739,1,0
58,419,712,1,0
58,420,604,1,0
58,421,620,1,0
58,422,573,1,0
58,423,647,1,0
58,424,625,1,0
58,425,556,1,0
58,426,644,1,0
58,427,727,1,0
58,428,632,1,0
58,429,582,1,0
58,430,781,1,0
58,431,624,1,0
58,432,749,1,0
58,433,676,1,0
58,434,651,1,0
58,435,666,1,0
58,436,712,1,0
58,437,618,1,0
58,438,638,1,0
58,439,630,1,0
58,440,741,1,0
58,441,992,1,0
58,442,607,1,0
58,443,757,1,0
58,444,726,1,0
58,445,620,1,0
58,446,669,1,0
58,447,636,1,0
58,448,666,1,0
58,449,734,1,0
58,450,751,1,0
58,451,591,1,0
58,452,681,1,0
58,453,714,1,0
58,454,678,1,0
58,455,850,1,0
58,456,1587,1,0
58,457,723,1,0
58,458,640,1,0
58,459,787,1,0
58,460,787,1,0
58,461,648,1,0
58,462,656,1,0
58,463,669,1,0
58,464,839,1,0
58,465,735,1,0
58,466,921,1,0
58,467,885,1,0
58,468,864,1,0
58,469,1042,1,0
58,470,1143,1,0
58,471,718,1,0
58,472,766,1,0
58,473,734,1,0
58,474,860,1,0
58,475,734,1,0
58,476,846,1,0
58,477,705,1,0
58,478,888,1,0
58,479,734,1,0
58,480,820,1,0
58,481,856,1,0
58,482,942,1,0
58,483,1142,1,0
58,484,816,1,0
58,485,914,1,0
58,486,1019,1,0
58,487,905,1,0
58,488,835,1,0
58,489,754,1,0
58,490,748,1,0
58,491,752,1,0
58,492,716,1,0
58,493,949,1,0
58,494,672,1,0
58,495,596,1,0
58,496,642,1,0
58,497,606,1,0
58,498,655,1,0
58,499,580,1,0
58,500,566,1,0
58,501,681,1,0
58,502,665,1,0
58,503,703,1,0
58,504,655,1,0
58,505,597,1,0
58,506,618,1,0
58,507,697,1,0
58,508,674,1,0
58,509,558,1,0
58,510,836,1,0
58,511,639,1,0
58,512,605,1,0
58,513,645,1,0
58,514,672,1,0
58,515,622,1,0
58,516,642,1,0
58,517,591,1,0
58,518,650,1,0
58,519,652,1,0
58,520,638,1,0
58,521,776,1,0
58,522,668,1,0
58,523,812,1,0
58,524,590,1,0
58,525,602,1,0
58,526,642,1,0
58,527,729,1,0
58,528,659,1,0
58,529,759,1,0
58,530,626,1,0
58,531,663,1,0
58,532,641,1,0
58,533,628,1,0
58,534,714,1,0
58,535,613,1,0
58,536,682,1,0
58,537,670,1,0
58,538,641,1,0
58,539,630,1,0
58,540,604,1,0
58,541,619,1,0
58,542,851,1,0
58,543,597,1,0
58,544,646,1,0
58,545,633,1,0
58,546,689,1,0
58,547,670,1,0
58,548,567,1,0
58,549,710,1,0
58,550,780,1,0
58,551,837,1,0
58,552,703,1,0
58,553,742,1,0
58,554,1015,1,0
58,555,963,1,0
58,556,800,1,0
58,557,679,1,0
58,558,895,1,0
58,559,834,1,0
58,560,1102,1,0
58,561,1031,1,0
58,562,923,1,0
58,563,788,1,0
58,564,769,1,0
58,565,874,1,0
58,566,1094,1,0
58,567,861,1,0
58,568,707,1,0
58,569,841,1,0
58,570,656,1,0
58,571,704,1,0
58,572,816,1,0
58,573,701,1,0
58,574,756,1,0
58,575,753,1,0
58,576,778,1,0
58,577,927,1,0
58,578,820,1,0
58,579,845,1,0
58,580,754,1,0
58,581,1843,1,0
58,582,656,1,0
58,583,699,1,0
58,584,623,1,0
58,585,601,1,0
58,586,630,1,0
58,587,602,1,0
58,588,631,1,0
58,589,665,1,0
58,590,826,1,0
58,591,592,1,0
58,592,645,1,0
58,593,586,1,0
58,594,685,1,0
58,595,639,1,0
58,596,586,1,0
58,597,634,1,0
58,598,682,1,0
58,599,585,1,0
59,0,1924,1,0
59,1,600,1,0
59,2,798,1,0
59,3,774,1,0
59,4,831,1,0
59,5,673,1,0
59,6,1017,1,0
59,7,615,1,0
59,8,874,1,0
59,9,736,1,0
59,10,724,1,0
59,11,810,1,0
59,12,591,1,0
59,13,847,1,0
59,14,704,1,0
59,15,612,1,0
59,16,619,1,0
59,17,626,1,0
59,18,737,1,0
59,19,617,1,0
59,20,612,1,0
59,21,587,1,0
59,22,639,1,0
59,23,634,1,0
59,24,687,1,0
59,25,770,1,0
59,26,588,1,0
59,27,654,1,0
59,28,776,1,0
59,29,768,1,0
59,30,756,1,0
59,31,649,1,0
59,32,670,1,0
59,33,671,1,0
59,34,728,1,0
59,35,610,1,0
59,36,626,1,0
59,37,582,1,0
59,38,814,1,0
59,39,689,1,0
59,40,757,1,0
59,41,670,1,0
59,42,656,1,0
59,43,610,1,0
59,44,685,1,0
59,45,667,1,0
59,46,617,1,0
59,47,565,1,0
59,48,564,1,0
59,49,585,1,0
59,50,653,1,0
59,51,633,1,0
59,52,741,1,0
59,53,681,1,0
59,54,659,1,0
59,55,670,1,0
59,56,747,1,0
59,57,644,1,0
59,58,969,1,0
59,59,797,1,0
59,60,619,1,0
59,61,630,1,0
59,62,971,1,0
59,63,865,1,0
59,64,941,1,0
59,65,627,1,0
59,66,789,1,0
59,67,716,1,0
59,68,1131,1,0
59,69,1129,1,0
59,70,1102,1,0
59,71,804,1,0
59,72,851,1,0
59,73,811,1,0
59,74,921,1,0
59,75,855,1,0
59,76,874,1,0
59,77,812,1,0
59,78,719,1,0
59,79,855,1,0
59,80,633,1,0
59,81,756,1,0
59,82,926,1,0
59,83,1171,1,0
59,84,1018,1,0
59,85,544,1,0
59,86,620,1,0
59,87,701,1,0
59,88,777,1,0
59,89,695,1,0
59,90,584,1,0
59,91,658,1,0
59,92,553,1,0
59,93,682,1,0
59,94,711,1,0
59,95,636,1,0
59,96,613,1,0
59,97,591,1,0
59,98,709,1,0
59,99,628,1,0
59,100,685,1,0
59,101,580,1,0
59,102,632,1,0
59,103,583,1,0
59,104,725,1,0
59,105,598,1,0
59,106,639,1,0
59,107,641,1,0
59,108,785,1,0
59,109,767,1,0
59,110,672,1,0
59,111,665,1,0
59,112,723,1,0
59,113,689,1,0
59,114,669,1,0
59,115,798,1,0
59,116,846,1,0
59,117,853,1,0
59,118,791,1,0
59,119,673,1,0
59,120,757,1,0
59,121,1115,1,0
59,122,680,1,0
59,123,769,1,0
59,124,660,1,0
59,125,740,1,0
59,126,626,1,0
59,127,760,1,0
59,128,785,1,0
59,129,669,1,0
59,130,790,1,0
59,131,660,1,0
59,132,862,1,0
59,133,1154,1,0
59,134,794,1,0
59,135,751,1,0
59,136,655,1,0
59,137,642,1,0
59,138,900,1,0
59,139,1067,1,0
59,140,1046,1,0
59,141,655,1,0
59,142,764,1,0
59,143,1080,1,0
59,144,1169,1,0
59,145,976,1,0
59,146,784,1,0
59,147,833,1,0
59,148,1131,1,0
59,149,1107,1,0
59,150,758,1,0
59,151,1148,1,0
59,152,784,1,0
59,153,829,1,0
59,154,992,1,0
59,155,670,1,0
59,156,688,1,0
59,157,828,1,0
59,158,751,1,0
59,159,969,1,0
59,160,782,1,0
59,161,777,1,0
59,162,1109,1,0
59,163,1024,1,0
59,164,1109,1,0
59,165,901,1,0
59,166,806,1,0
59,167,659,1,0
59,168,855,1,0
59,169,1104,1,0
59,170,1082,1,0
59,171,1007,1,0
59,172,858,1,0
59,173,724,1,0
59,174,646,1,0
59,175,622,1,0
59,176,741,1,0
59,177,754,1,0
59,178,646,1,0
59,179,671,1,0
59,180,634,1,0
59,181,665,1,0
59,182,613,1,0
59,183,633,1,0
59,184,630,1,0
59,185,641,1,0
59,186,610,1,0
59,187,667,1,0
59,188,625,1,0
59,189,778,1,0
59,190,665,1,0
59,191,652,1,0
59,192,619,1,0
59,193,657,1,0
59,194,704,1,0
59,195,1016,1,0
59,196,655,1,0
59,197,915,1,0
59,198,894,1,0
59,199,775,1,0
59,200,618,1,0
59,201,782,1,0
59,202,689,1,0
59,203,646,1,0
59,204,631,1,0
59,205,746,1,0
59,206,718,1,0
59,207,650,1,0
59,208,602,1,0
59,209,604,1,0
59,210,626,1,0
59,211,648,1,0
59,212,621,1,0
59,213,628,1,0
59,214,652,1,0
59,215,636,1,0
59,216,618,1,0
59,217,598,1,0
59,218,648,1,0
59,219,729,1,0
59,220,743,1,0
59,221,634,1,0
59,222,610,1,0
59,223,686,1,0
59,224,659,1,0
59,225,682,1,0
59,226,663,1,0
59,227,631,1,0
59,228,630,1,0
59,229,593,1,0
59,230,632,1,0
59,231,693,1,0
59,232,609,1,0
59,233,627,1,0
59,234,666,1,0
59,235,837,1,0
59,236,672,1,0
59,237,951,1,0
59,238,684,1,0
59,239,867,1,0
59,240,1080,1,0
59,241,773,1,0
59,242,627,1,0
59,243,758,1,0
59,244,617,1,0
59,245,610,1,0
59,246,757,1,0
59,247,670,1,0
59,248,737,1,0
59,249,870,1,0
59,250,930,1,0
59,251,900,1,0
59,252,791,1,0
59,253,1166,1,0
59,254,823,1,0
59,255,749,1,0
59,256,704,1,0
59,257,764,1,0
59,258,759,1,0
59,259,777,1,0
59,260,697,1,0
59,261,647,1,0
59,262,736,1,0
59,263,613,1,0
59,264,670,1,0
59,265,622,1,0
59,266,667,1,0
59,267,595,1,0
59,268,1010,1,0
59,269,751,1,0
59,270,685,1,0
59,271,682,1,0
59,272,630,1,0
59,273,634,1,0
59,274,590,1,0
59,275,653,1,0
59,276,629,1,0
59,277,602,1,0
59,278,637,1,0
59,279,762,1,0
59,280,660,1,0
59,281,614,1,0
59,282,700,1,0
59,283,610,1,0
59,284,739,1,0
59,285,664,1,0
59,286,620,1,0
59,287,561,1,0
59,288,576,1,0
59,289,880,1,0
59,290,683,1,0
59,291,603,1,0
59,292,580,1,0
59,293,670,1,0
59,294,634,1,0
59,295,561,1,0
59,296,715,1,0
59,297,642,1,0
59,298,591,1,0
59,299,675,1,0
59,300,656,1,0
59,301,553,1,0
59,302,687,1,0
59,303,601,1,0
59,304,624,1,0
59,305,677,1,0
59,306,651,1,0
59,307,644,1,0
59,308,592,1,0
59,309,664,1,0
59,310,777,1,0
59,311,733,1,0
59,312,636,1,0
59,313,666,1,0
59,314,643,1,0
59,315,650,1,0
59,316,676,1,0
59,317,656,1,0
59,318,604,1,0
59,319,603,1,0
59,320,761,1,0
59,321,799,1,0
59,322,826,1,0
59,323,682,1,0
59,324,597,1,0
59,325,668,1,0
59,326,695,1,0
59,327,636,1,0
59,328,675,1,0
59,329,677,1,0
59,330,1056,1,0
59,331,694,1,0
59,332,782,1,0
59,333,753,1,0
59,334,889,1,0
59,335,917,1,0
59,336,1150,1,0
59,337,1053,1,0
59,338,832,1,0
59,339,1014,1,0
59,340,852,1,0
59,341,811,1,0
59,342,1056,1,0
59,343,870,1,0
59,344,912,1,0
59,345,850,1,0
59,346,685,1,0
59,347,754,1,0
59,348,689,1,0
59,349,840,1,0
59,350,1133,1,0
59,351,699,1,0
59,352,762,1,0
59,353,671,1,0
59,354,794,1,0
59,355,679,1,0
59,356,639,1,0
59,357,583,1,0
59,358,627,1,0
59,359,621,1,0
59,360,648,1,0
59,361,623,1,0
59,362,673,1,0
59,363,595,1,0
59,364,602,1,0
59,365,636,1,0
59,366,673,1,0
59,367,706,1,0
59,368,641,1,0
59,369,616,1,0
59,370,682,1,0
59,371,630,1,0
59,372,627,1,0
59,373,770,1,0
59,374,656,1,0
59,375,703,1,0
59,376,839,1,0
59,377,668,1,0
59,378,645,1,0
59,379,697,1,0
59,380,975,1,0
59,381,629,1,0
59,382,653,1,0
59,383,629,1,0
59,384,611,1,0
59,385,666,1,0
59,386,722,1,0
59,387,1578,1,0
59,388,647,1,0
59,389,745,1,0
59,390,683,1,0
59,391,569,1,0
59,392,689,1,0
59,393,631,1,0
59,394,734,1,0
59,395,632,1,0
59,396,626,1,0
59,397,618,1,0
59,398,686,1,0
59,399,607,1,0
59,400,792,1,0
59,401,612,1,0
59,402,619,1,0
59,403,762,1,0
59,404,607,1,0
59,405,1502,1,0
59,406,704,1,0
59,407,746,1,0
59,408,760,1,0
59,409,663,1,0
59,410,799,1,0
59,411,1132,1,0
59,412,858,1,0
59,413,753,1,0
59,414,1119,1,0
59,415,616,1,0
59,416,750,1,0
59,417,722,1,0
59,418,848,1,0
59,419,859,1,0
59,420,1056,1,0
59,421,1338,1,0
59,422,1086,1,0
59,423,934,1,0
59,424,909,1,0
59,425,1028,1,0
59,426,1186,1,0
59,427,1093,1,0
59,428,1031,1,0
59,429,1059,1,0
59,430,922,1,0
59,431,940,1,0
59,432,878,1,0
59,433,817,1,0
59,434,742,1,0
59,435,765,1,0
59,436,826,1,0
59,437,853,1,0
59,438,736,1,0
59,439,996,1,0
59,440,1044,1,0
59,441,893,1,0
59,442,778,1,0
59,443,789,1,0
59,444,1041,1,0
59,445,1116,1,0
59,446,796,1,0
59,447,669,1,0
59,448,761,1,0
59,449,622,1,0
59,450,682,1,0
59,451,803,1,0
59,452,739,1,0
59,453,666,1,0
59,454,764,1,0
59,455,630,1,0
59,456,1081,1,0
59,457,680,1,0
59,458,662,1,0
59,459,711,1,0
59,460,741,1,0
59,461,875,1,0
59,462,581,1,0
59,463,737,1,0
59,464,676,1,0
59,465,734,1,0
59,466,698,1,0
59,467,617,1,0
59,468,716,1,0
59,469,770,1,0
59,470,900,1,0
59,471,974,1,0
59,472,598,1,0
59,473,703,1,0
59,474,764,1,0
59,475,601,1,0
59,476,677,1,0
59,477,669,1,0
59,478,659,1,0
59,479,655,1,0
59,480,656,1,0
59,481,719,1,0
59,482,782,1,0
59,483,656,1,0
59,484,770,1,0
59,485,600,1,0
59,486,793,1,0
59,487,719,1,0
59,488,796,1,0
59,489,829,1,0
59,490,771,1,0
59,491,904,1,0
59,492,791,1,0
59,493,763,1,0
59,494,607,1,0
59,495,741,1,0
59,496,854,1,0
59,497,707,1,0
59,498,729,1,0
59,499,677,1,0
59,500,952,1,0
59,501,815,1,0
59,502,717,1,0
59,503,688,1,0
59,504,797,1,0
59,505,876,1,0
59,506,618,1,0
59,507,690,1,0
59,508,689,1,0
59,509,719,1,0
59,510,703,1,0
59,511,647,1,0
59,512,671,1,0
59,513,551,1,0
59,514,629,1,0
59,515,691,1,0
59,516,719,1,0
59,517,619,1,0
59,518,574,1,0
59,519,575,1,0
59,520,699,1,0
59,521,764,1,0
59,522,834,1,0
59,523,1022,1,0
59,524,932,1,0
59,525,1076,1,0
59,526,981,1,0
59,527,1037,1,0
59,528,701,1,0
59,529,931,1,0
59,530,787,1,0
59,531,767,1,0
59,532,789,1,0
59,533,1248,1,0
59,534,850,1,0
59,535,765,1,0
59,536,854,1,0
59,537,802,1,0
59,538,711,1,0
59,539,686,1,0
59,540,665,1,0
59,541,659,1,0
59,542,667,1,0
59,543,671,1,0
59,544,664,1,0
59,545,611,1,0
59,546,586,1,0
59,547,637,1,0
59,548,623,1,0
59,549,613,1,0
59,550,654,1,0
59,551,791,1,0
59,552,624,1,0
59,553,870,1,0
59,554,641,1,0
59,555,625,1,0
59,556,586,1,0
59,557,600,1,0
59,558,698,1,0
59,559,609,1,0
59,560,680,1,0
59,561,756,1,0
59,562,664,1,0
59,563,898,1,0
59,564,599,1,0
59,565,628,1,0
59,566,609,1,0
59,567,700,1,0
59,568,616,1,0
59,569,597,1,0
59,570,650,1,0
59,571,636,1,0
59,572,699,1,0
59,573,681,1,0
59,574,648,1,0
59,575,600,1,0
59,576,705,1,0
59,577,634,1,0
59,578,640,1,0
59,579,621,1,0
59,580,581,1,0
59,581,914,1,0
59,582,619,1,0
59,583,640,1,0
59,584,597,1,0
59,585,593,1,0
59,586,638,1,0
59,587,627,1,0
59,588,726,1,0
59,589,795,1,0
59,590,660,1,0
59,591,589,1,0
59,592,719,1,0
59,593,644,1,0
59,594,664,1,0
59,595,771,1,0
59,596,644,1,0
59,597,670,1,0
59,598,782,1,0
59,599,596,1,0
60,0,1645,1,0
60,1,930,1,0
60,2,612,1,0
60,3,673,1,0
60,4,837,1,0
60,5,649,1,0
60,6,790,1,0
60,7,765,1,0
60,8,1157,1,0
60,9,684,1,0
60,10,682,1,0
60,11,797,1,0
60,12,646,1,0
60,13,1561,1,0
60,14,685,1,0
60,15,611,1,0
60,16,619,1,0
60,17,611,1,0
60,18,1028,1,0
60,19,655,1,0
60,20,730,1,0
60,21,811,1,0
60,22,817,1,0
60,23,650,1,0
60,24,858,1,0
60,25,856,1,0
60,26,762,1,0
60,27,681,1,0
60,28,991,1,0
60,29,757,1,0
60,30,897,1,0
60,31,1027,1,0
60,32,713,1,0
60,33,631,1,0
60,34,688,1,0
60,35,718,1,0
60,36,663,1,0
60,37,701,1,0
60,38,780,1,0
60,39,787,1,0
60,40,920,1,0
60,41,919,1,0
60,42,849,1,0
60,43,820,1,0
60,44,952,1,0
60,45,753,1,0
60,46,794,1,0
60,47,808,1,0
60,48,737,1,0
60,49,752,1,0
60,50,657,1,0
60,51,644,1,0
60,52,566,1,0
60,53,597,1,0
60,54,979,1,0
60,55,770,1,0
60,56,835,1,0
60,57,707,1,0
60,58,694,1,0
60,59,746,1,0
60,60,653,1,0
60,61,706,1,0
60,62,682,1,0
60,63,934,1,0
60,64,667,1,0
60,65,731,1,0
60,66,726,1,0
60,67,848,1,0
60,68,759,1,0
60,69,1395,1,0
60,70,1255,1,0
60,71,622,1,0
60,72,1338,1,0
60,73,900,1,0
60,74,1283,1,0
60,75,1538,1,0
60,76,734,1,0
60,77,758,1,0
60,78,1068,1,0
60,79,653,1,0
60,80,1173,1,0
60,81,699,1,0
60,82,639,1,0
60,83,729,1,0
60,84,638,1,0
60,85,611,1,0
60,86,622,1,0
60,87,621,1,0
60,88,801,1,0
60,89,702,1,0
60,90,735,1,0
60,91,613,1,0
60,92,665,1,0
60,93,648,1,0
60,94,693,1,0
60,95,669,1,0
60,96,665,1,0
60,97,680,1,0
60,98,713,1,0
60,99,643,1,0
60,100,640,1,0
60,101,695,1,0
60,102,805,1,0
60,103,860,1,0
60,104,810,1,0
60,105,977,1,0
60,106,722,1,0
60,107,654,1,0
60,108,1120,1,0
60,109,898,1,0
60,110,826,1,0
60,111,991,1,0
60,112,1020,1,0
60,113,704,1,0
60,114,926,1,0
60,115,889,1,0
60,116,1023,1,0
60,117,849,1,0
60,118,1060,1,0
60,119,869,1,0
60,120,805,1,0
60,121,1269,1,0
60,122,970,1,0
60,123,931,1,0
60,124,890,1,0
60,125,1006,1,0
60,126,824,1,0
60,127,912,1,0
60,128,915,1,0
60,129,824,1,0
60,130,869,1,0
60,131,754,1,0
60,132,660,1,0
60,133,907,1,0
60,134,720,1,0
60,135,1066,1,0
60,136,982,1,0
60,137,863,1,0
60,138,855,1,0
60,139,715,1,0
60,140,684,1,0
60,141,945,1,0
60,142,686,1,0
60,143,640,1,0
60,144,734,1,0
60,145,822,1,0
60,146,833,1,0
60,147,605,1,0
60,148,773,1,0
60,149,779,1,0
60,150,626,1,0
60,151,703,1,0
60,152,708,1,0
60,153,693,1,0
60,154,679,1,0
60,155,557,1,0
60,156,605,1,0
60,157,582,1,0
60,158,584,1,0
60,159,615,1,0
60,160,659,1,0
60,161,606,1,0
60,162,639,1,0
60,163,611,1,0
60,164,631,1,0
60,165,993,1,0
60,166,843,1,0
60,167,657,1,0
60,168,737,1,0
60,169,665,1,0
60,170,626,1,0
60,171,631,1,0
60,172,645,1,0
60,173,699,1,0
60,174,791,1,0
60,175,745,1,0
60,176,642,1,0
60,177,1177,1,0
60,178,718,1,0
60,179,814,1,0
60,180,710,1,0
60,181,626,1,0
60,182,632,1,0
60,183,640,1,0
60,184,697,1,0
60,185,763,1,0
60,186,772,1,0
60,187,691,1,0
60,188,739,1,0
60,189,685,1,0
60,190,579,1,0
60,191,705,1,0
60,192,662,1,0
60,193,664,1,0
60,194,804,1,0
60,195,1027,1,0
60,196,915,1,0
60,197,946,1,0
60,198,868,1,0
60,199,1001,1,0
60,200,1005,1,0
60,201,971,1,0
60,202,667,1,0
60,203,706,1,0
60,204,1142,1,0
60,205,1003,1,0
60,206,713,1,0
60,207,667,1,0
60,208,567,1,0
60,209,696,1,0
60,210,616,1,0
60,211,594,1,0
60,212,672,1,0
60,213,946,1,0
60,214,904,1,0
60,215,698,1,0
60,216,657,1,0
60,217,610,1,0
60,218,615,1,0
60,219,757,1,0
60,220,746,1,0
60,221,652,1,0
60,222,695,1,0
60,223,842,1,0
60,224,797,1,0
60,225,763,1,0
60,226,864,1,0
60,227,638,1,0
60,228,728,1,0
60,229,697,1,0
60,230,769,1,0
60,231,632,1,0
60,232,605,1,0
60,233,656,1,0
60,234,714,1,0
60,235,611,1,0
60,236,551,1,0
60,237,750,1,0
60,238,603,1,0
60,239,618,1,0
60,240,703,1,0
60,241,583,1,0
60,242,619,1,0
60,243,702,1,0
60,244,753,1,0
60,245,609,1,0
60,246,609,1,0
60,247,693,1,0
60,248,615,1,0
60,249,660,1,0
60,250,763,1,0
60,251,623,1,0
60,252,559,1,0
60,253,724,1,0
60,254,801,1,0
60,255,656,1,0
60,256,594,1,0
60,257,626,1,0
60,258,611,1,0
60,259,711,1,0
60,260,716,1,0
60,261,608,1,0
60,262,833,1,0
60,263,655,1,0
60,264,653,1,0
60,265,583,1,0
60,266,647,1,0
60,267,597,1,0
60,268,657,1,0
60,269,616,1,0
60,270,605,1,0
60,271,616,1,0
60,272,746,1,0
60,273,689,1,0
60,274,784,1,0
60,275,627,1,0
60,276,800,1,0
60,277,635,1,0
60,278,564,1,0
60,279,1021,1,0
60,280,588,1,0
60,281,625,1,0
60,282,736,1,0
60,283,652,1,0
60,284,763,1,0
60,285,696,1,0
60,286,633,1,0
60,287,683,1,0
60,288,633,1,0
60,289,896,1,0
60,290,622,1,0
60,291,650,1,0
60,292,728,1,0
60,293,661,1,0
60,294,694,1,0
60,295,621,1,0
60,296,616,1,0
60,297,668,1,0
60,298,981,1,0
60,299,953,1,0
60,300,694,1,0
60,301,657,1,0
60,302,721,1,0
60,303,765,1,0
60,304,813,1,0
60,305,700,1,0
60,306,743,1,0
60,307,749,1,0
60,308,997,1,0
60,309,790,1,0
60,310,898,1,0
60,311,845,1,0
60,312,830,1,0
60,313,707,1,0
60,314,911,1,0
60,315,672,1,0
60,316,626,1,0
60,317,690,1,0
60,318,786,1,0
60,319,1514,1,0
60,320,955,1,0
60,321,1247,1,0
60,322,1243,1,0
60,323,775,1,0
60,324,877,1,0
60,325,826,1,0
60,326,970,1,0
60,327,853,1,0
60,328,1045,1,0
60,329,600,1,0
60,330,636,1,0
60,331,943,1,0
60,332,576,1,0
60,333,703,1,0
60,334,621,1,0
60,335,646,1,0
60,336,646,1,0
60,337,702,1,0
60,338,654,1,0
60,339,656,1,0
60,340,700,1,0
60,341,632,1,0
60,342,638,1,0
60,343,647,1,0
60,344,678,1,0
60,345,630,1,0
60,346,642,1,0
60,347,606,1,0
60,348,588,1,0
60,349,599,1,0
60,350,718,1,0
60,351,644,1,0
60,352,736,1,0
60,353,646,1,0
60,354,771,1,0
60,355,614,1,0
60,356,722,1,0
60,357,640,1,0
60,358,791,1,0
60,359,641,1,0
60,360,586,1,0
60,361,652,1,0
60,362,657,1,0
60,363,671,1,0
60,364,671,1,0
60,365,692,1,0
60,366,695,1,0
60,367,707,1,0
60,368,641,1,0
60,369,705,1,0
60,370,650,1,0
60,371,697,1,0
60,372,696,1,0
60,373,665,1,0
60,374,771,1,0
60,375,674,1,0
60,376,655,1,0
60,377,802,1,0
60,378,624,1,0
60,379,1055,1,0
60,380,1245,1,0
60,381,638,1,0
60,382,647,1,0
60,383,729,1,0
60,384,885,1,0
60,385,694,1,0
60,386,746,1,0
60,387,1443,1,0
60,388,1036,1,0
60,389,837,1,0
60,390,875,1,0
60,391,626,1,0
60,392,752,1,0
60,393,632,1,0
60,394,655,1,0
60,395,647,1,0
60,396,688,1,0
60,397,631,1,0
60,398,755,1,0
60,399,734,1,0
60,400,924,1,0
60,401,638,1,0
60,402,624,1,0
60,403,686,1,0
60,404,743,1,0
60,405,792,1,0
60,406,899,1,0
60,407,882,1,0
60,408,965,1,0
60,409,844,1,0
60,410,1123,1,0
60,411,799,1,0
60,412,855,1,0
60,413,780,1,0
60,414,777,1,0
60,415,898,1,0
60,416,996,1,0
60,417,642,1,0
60,418,582,1,0
60,419,952,1,0
60,420,681,1,0
60,421,769,1,0
60,422,725,1,0
60,423,752,1,0
60,424,648,1,0
60,425,741,1,0
60,426,698,1,0
60,427,607,1,0
60,428,606,1,0
60,429,690,1,0
60,430,637,1,0
60,431,606,1,0
60,432,640,1,0
60,433,743,1,0
60,434,654,1,0
60,435,671,1,0
60,436,632,1,0
60,437,761,1,0
60,438,661,1,0
60,439,679,1,0
60,440,672,1,0
60,441,710,1,0
60,442,675,1,0
60,443,859,1,0
60,444,683,1,0
60,445,653,1,0
60,446,704,1,0
60,447,729,1,0
60,448,713,1,0
60,449,648,1,0
60,450,1223,1,0
60,451,607,1,0
60,452,614,1,0
60,453,704,1,0
60,454,644,1,0
60,455,682,1,0
60,456,598,1,0
60,457,728,1,0
60,458,603,1,0
60,459,661,1,0
60,460,604,1,0
60,461,622,1,0
60,462,693,1,0
60,463,724,1,0
60,464,846,1,0
60,465,784,1,0
60,466,671,1,0
60,467,748,1,0
60,468,674,1,0
60,469,679,1,0
60,470,730,1,0
60,471,1066,1,0
60,472,647,1,0
60,473,638,1,0
60,474,669,1,0
60,475,796,1,0
60,476,1052,1,0
60,477,679,1,0
60,478,1052,1,0
60,479,687,1,0
60,480,682,1,0
60,481,717,1,0
60,482,891,1,0
60,483,952,1,0
60,484,765,1,0
60,485,635,1,0
60,486,792,1,0
60,487,838,1,0
60,488,807,1,0
60,489,728,1,0
60,490,930,1,0
60,491,936,1,0
60,492,699,1,0
60,493,1013,1,0
60,494,669,1,0
60,495,1351,1,0
60,496,674,1,0
60,497,574,1,0
60,498,838,1,0
60,499,694,1,0
60,500,767,1,0
60,501,687,1,0
60,502,1206,1,0
60,503,834,1,0
60,504,804,1,0
60,505,862,1,0
60,506,815,1,0
60,507,650,1,0
60,508,708,1,0
60,509,713,1,0
60,510,656,1,0
60,511,690,1,0
60,512,570,1,0
60,513,910,1,0
60,514,604,1,0
60,515,652,1,0
60,516,584,1,0
60,517,845,1,0
60,518,936,1,0
60,519,789,1,0
60,520,660,1,0
60,521,640,1,0
60,522,640,1,0
60,523,591,1,0
60,524,641,1,0
60,525,647,1,0
60,526,640,1,0
60,527,586,1,0
60,528,646,1,0
60,529,578,1,0
60,530,669,1,0
60,531,733,1,0
60,532,623,1,0
60,533,613,1,0
60,534,656,1,0
60,535,625,1,0
60,536,685,1,0
60,537,618,1,0
60,538,717,1,0
60,539,632,1,0
60,540,582,1,0
60,541,643,1,0
60,542,773,1,0
60,543,630,1,0
60,544,642,1,0
60,545,649,1,0
60,546,634,1,0
60,547,720,1,0
60,548,764,1,0
60,549,746,1,0
60,550,996,1,0
60,551,629,1,0
60,552,685,1,0
60,553,732,1,0
60,554,579,1,0
60,555,642,1,0
60,556,685,1,0
60,557,753,1,0
60,558,794,1,0
60,559,637,1,0
60,560,706,1,0
60,561,649,1,0
60,562,675,1,0
60,563,1400,1,0
60,564,615,1,0
60,565,695,1,0
60,566,719,1,0
60,567,619,1,0
60,568,672,1,0
60,569,722,1,0
60,570,780,1,0
60,571,621,1,0
60,572,687,1,0
60,573,650,1,0
60,574,985,1,0
60,575,877,1,0
60,576,1103,1,0
60,577,687,1,0
60,578,842,1,0
60,579,988,1,0
60,580,736,1,0
60,581,1025,1,0
60,582,727,1,0
60,583,917,1,0
60,584,942,1,0
60,585,961,1,0
60,586,851,1,0
60,587,727,1,0
60,588,762,1,0
60,589,827,1,0
60,590,813,1,0
60,591,795,1,0
60,592,758,1,0
60,593,781,1,0
60,594,830,1,0
60,595,783,1,0
60,596,933,1,0
60,597,820,1,0
60,598,953,1,0
60,599,1164,1,0
61,0,2093,1,0
61,1,1020,1,0
61,2,920,1,0
61,3,983,1,0
61,4,1218,1,0
61,5,862,1,0
61,6,1429,1,0
61,7,1059,1,0
61,8,1321,1,0
61,9,898,1,0
61,10,1155,1,0
61,11,1081,1,0
61,12,1035,1,0
61,13,1347,1,0
61,14,856,1,0
61,15,675,1,0
61,16,927,1,0
61,17,664,1,0
61,18,875,1,0
61,19,616,1,0
61,20,604,1,0
61,21,610,1,0
61,22,784,1,0
61,23,642,1,0
61,24,609,1,0
61,25,710,1,0
61,26,681,1,0
61,27,743,1,0
61,28,990,1,0
61,29,654,1,0
61,30,583,1,0
61,31,555,1,0
61,32,653,1,0
61,33,620,1,0
61,34,615,1,0
61,35,693,1,0
61,36,612,1,0
61,37,635,1,0
61,38,740,1,0
61,39,687,1,0
61,40,744,1,0
61,41,899,1,0
61,42,695,1,0
61,43,590,1,0
61,44,632,1,0
61,45,651,1,0
61,46,628,1,0
61,47,679,1,0
61,48,795,1,0
61,49,677,1,0
61,50,776,1,0
61,51,754,1,0
61,52,653,1,0
61,53,717,1,0
61,54,815,1,0
61,55,595,1,0
61,56,712,1,0
61,57,622,1,0
61,58,995,1,0
61,59,720,1,0
61,60,757,1,0
61,61,709,1,0
61,62,621,1,0
61,63,709,1,0
61,64,1303,1,0
61,65,676,1,0
61,66,1167,1,0
61,67,1292,1,0
61,68,1015,1,0
61,69,1177,1,0
61,70,790,1,0
61,71,868,1,0
61,72,852,1,0
61,73,1493,1,0
61,74,1137,1,0
61,75,1897,1,0
61,76,1006,1,0
61,77,624,1,0
61,78,853,1,0
61,79,765,1,0
61,80,730,1,0
61,81,840,1,0
61,82,748,1,0
61,83,930,1,0
61,84,912,1,0
61,85,785,1,0
61,86,757,1,0
61,87,917,1,0
61,88,754,1,0
61,89,825,1,0
61,90,803,1,0
61,91,805,1,0
61,92,855,1,0
61,93,769,1,0
61,94,750,1,0
61,95,879,1,0
61,96,707,1,0
61,97,767,1,0
61,98,779,1,0
61,99,649,1,0
61,100,614,1,0
61,101,606,1,0
61,102,641,1,0
61,103,650,1,0
61,104,646,1,0
61,105,808,1,0
61,106,718,1,0
61,107,936,1,0
61,108,905,1,0
61,109,689,1,0
61,110,1378,1,0
61,111,692,1,0
61,112,671,1,0
61,113,662,1,0
61,114,787,1,0
61,115,681,1,0
61,116,905,1,0
61,117,634,1,0
61,118,883,1,0
61,119,632,1,0
61,120,641,1,0
61,121,662,1,0
61,122,663,1,0
61,123,654,1,0
61,124,828,1,0
61,125,779,1,0
61,126,713,1,0
61,127,668,1,0
61,128,764,1,0
61,129,681,1,0
61,130,668,1,0
61,131,734,1,0
61,132,757,1,0
61,133,791,1,0
61,134,629,1,0
61,135,737,1,0
61,136,708,1,0
61,137,611,1,0
61,138,785,1,0
61,139,820,1,0
61,140,978,1,0
61,141,656,1,0
61,142,654,1,0
61,143,1409,1,0
61,144,1047,1,0
61,145,847,1,0
61,146,704,1,0
61,147,697,1,0
61,148,846,1,0
61,149,1037,1,0
61,150,973,1,0
61,151,740,1,0
61,152,727,1,0
61,153,697,1,0
61,154,1066,1,0
61,155,665,1,0
61,156,968,1,0
61,157,644,1,0
61,158,855,1,0
61,159,710,1,0
61,160,709,1,0
61,161,997,1,0
61,162,817,1,0
61,163,788,1,0
61,164,1060,1,0
61,165,971,1,0
61,166,1609,1,0
61,167,718,1,0
61,168,767,1,0
61,169,846,1,0
61,170,954,1,0
61,171,726,1,0
61,172,795,1,0
61,173,1279,1,0
61,174,933,1,0
61,175,868,1,0
61,176,830,1,0
61,177,1116,1,0
61,178,824,1,0
61,179,771,1,0
61,180,727,1,0
61,181,764,1,0
61,182,794,1,0
61,183,789,1,0
61,184,816,1,0
61,185,659,1,0
61,186,724,1,0
61,187,652,1,0
61,188,747,1,0
61,189,601,1,0
61,190,642,1,0
61,191,696,1,0
61,192,624,1,0
61,193,582,1,0
61,194,568,1,0
61,195,1101,1,0
61,196,623,1,0
61,197,679,1,0
61,198,716,1,0
61,199,707,1,0
61,200,825,1,0
61,201,699,1,0
61,202,617,1,0
61,203,664,1,0
61,204,618,1,0
61,205,597,1,0
61,206,659,1,0
61,207,716,1,0
61,208,624,1,0
61,209,699,1,0
61,210,642,1,0
61,211,664,1,0
61,212,630,1,0
61,213,636,1,0
61,214,705,1,0
61,215,605,1,0
61,216,620,1,0
61,217,651,1,0
61,218,567,1,0
61,219,643,1,0
61,220,601,1,0
61,221,646,1,0
61,222,604,1,0
61,223,621,1,0
61,224,658,1,0
61,225,606,1,0
61,226,707,1,0
61,227,699,1,0
61,228,599,1,0
61,229,693,1,0
61,230,650,1,0
61,231,699,1,0
61,232,719,1,0
61,233,664,1,0
61,234,598,1,0
61,235,577,1,0
61,236,648,1,0
61,237,710,1,0
61,238,608,1,0
61,239,753,1,0
61,240,788,1,0
61,241,604,1,0
61,242,583,1,0
61,243,652,1,0
61,244,670,1,0
61,245,683,1,0
61,246,649,1,0
61,247,621,1,0
61,248,620,1,0
61,249,646,1,0
61,250,731,1,0
61,251,626,1,0
61,252,597,1,0
61,253,717,1,0
61,254,751,1,0
61,255,657,1,0
61,256,675,1,0
61,257,658,1,0
61,258,646,1,0
61,259,641,1,0
61,260,574,1,0
61,261,672,1,0
61,262,897,1,0
61,263,648,1,0
61,264,692,1,0
61,265,689,1,0
61,266,643,1,0
61,267,904,1,0
61,268,786,1,0
61,269,844,1,0
61,270,661,1,0
61,271,644,1,0
61,272,753,1,0
61,273,839,1,0
61,274,735,1,0
61,275,1022,1,0
61,276,905,1,0
61,277,735,1,0
61,278,608,1,0
61,279,813,1,0
61,280,622,1,0
61,281,666,1,0
61,282,659,1,0
61,283,569,1,0
61,284,606,1,0
61,285,615,1,0
61,286,579,1,0
61,287,587,1,0
61,288,865,1,0
61,289,1043,1,0
61,290,858,1,0
61,291,606,1,0
61,292,615,1,0
61,293,607,1,0
61,294,673,1,0
61,295,582,1,0
61,296,656,1,0
61,297,622,1,0
61,298,795,1,0
61,299,760,1,0
61,300,622,1,0
61,301,569,1,0
61,302,646,1,0
61,303,782,1,0
61,304,717,1,0
61,305,702,1,0
61,306,613,1,0
61,307,616,1,0
61,308,671,1,0
61,309,606,1,0
61,310,680,1,0
61,311,709,1,0
61,312,613,1,0
61,313,602,1,0
61,314,630,1,0
61,315,629,1,0
61,316,635,1,0
61,317,665,1,0
61,318,632,1,0
61,319,669,1,0
61,320,754,1,0
61,321,599,1,0
61,322,721,1,0
61,323,611,1,0
61,324,626,1,0
61,325,589,1,0
61,326,647,1,0
61,327,602,1,0
61,328,671,1,0
61,329,664,1,0
61,330,665,1,0
61,331,676,1,0
61,332,924,1,0
61,333,888,1,0
61,334,699,1,0
61,335,1447,1,0
61,336,655,1,0
61,337,645,1,0
61,338,621,1,0
61,339,665,1,0
61,340,843,1,0
61,341,610,1,0
61,342,651,1,0
61,343,812,1,0
61,344,700,1,0
61,345,792,1,0
61,346,1043,1,0
61,347,937,1,0
61,348,591,1,0
61,349,915,1,0
61,350,941,1,0
61,351,1027,1,0
61,352,773,1,0
61,353,867,1,0
61,354,1066,1,0
61,355,958,1,0
61,356,961,1,0
61,357,750,1,0
61,358,823,1,0
61,359,954,1,0
61,360,796,1,0
61,361,693,1,0
61,362,755,1,0
61,363,803,1,0
61,364,912,1,0
61,365,707,1,0
61,366,776,1,0
61,367,829,1,0
61,368,731,1,0
61,369,779,1,0
61,370,702,1,0
61,371,761,1,0
61,372,868,1,0
61,373,723,1,0
61,374,794,1,0
61,375,674,1,0
61,376,571,1,0
61,377,648,1,0
61,378,624,1,0
61,379,1010,1,0
61,380,760,1,0
61,381,581,1,0
61,382,599,1,0
61,383,572,1,0
61,384,690,1,0
61,385,576,1,0
61,386,712,1,0
61,387,1295,1,0
61,388,681,1,0
61,389,655,1,0
61,390,615,1,0
61,391,616,1,0
61,392,644,1,0
61,393,586,1,0
61,394,629,1,0
61,395,588,1,0
61,396,617,1,0
61,397,539,1,0
61,398,689,1,0
61,399,692,1,0
61,400,667,1,0
61,401,669,1,0
61,402,657,1,0
61,403,640,1,0
61,404,599,1,0
61,405,601,1,0
61,406,573,1,0
61,407,639,1,0
61,408,694,1,0
61,409,582,1,0
61,410,689,1,0
61,411,603,1,0
61,412,600,1,0
61,413,621,1,0
61,414,583,1,0
61,415,612,1,0
61,416,671,1,0
61,417,687,1,0
61,418,740,1,0
61,419,694,1,0
61,420,603,1,0
61,421,644,1,0
61,422,602,1,0
61,423,633,1,0
61,424,690,1,0
61,425,750,1,0
61,426,718,1,0
61,427,662,1,0
61,428,770,1,0
61,429,633,1,0
61,430,658,1,0
61,431,592,1,0
61,432,754,1,0
61,433,624,1,0
61,434,954,1,0
61,435,680,1,0
61,436,685,1,0
61,437,673,1,0
61,438,988,1,0
61,439,978,1,0
61,440,593,1,0
61,441,784,1,0
61,442,880,1,0
61,443,970,1,0
61,444,872,1,0
61,445,985,1,0
61,446,701,1,0
61,447,835,1,0
61,448,1287,1,0
61,449,870,1,0
61,450,777,1,0
61,451,771,1,0
61,452,752,1,0
61,453,855,1,0
61,454,867,1,0
61,455,1196,1,0
61,456,710,1,0
61,457,822,1,0
61,458,797,1,0
61,459,1081,1,0
61,460,835,1,0
61,461,805,1,0
61,462,784,1,0
61,463,797,1,0
61,464,936,1,0
61,465,874,1,0
61,466,809,1,0
61,467,631,1,0
61,468,887,1,0
61,469,830,1,0
61,470,799,1,0
61,471,764,1,0
61,472,606,1,0
61,473,657,1,0
61,474,661,1,0
61,475,642,1,0
61,476,684,1,0
61,477,594,1,0
61,478,619,1,0
61,479,617,1,0
61,480,593,1,0
61,481,663,1,0
61,482,634,1,0
61,483,687,1,0
61,484,632,1,0
61,485,665,1,0
61,486,821,1,0
61,487,1675,1,0
61,488,700,1,0
61,489,1084,1,0
61,490,803,1,0
61,491,703,1,0
61,492,649,1,0
61,493,579,1,0
61,494,668,1,0
61,495,809,1,0
61,496,628,1,0
61,497,918,1,0
61,498,583,1,0
61,499,625,1,0
61,500,670,1,0
61,501,642,1,0
61,502,698,1,0
61,503,733,1,0
61,504,665,1,0
61,505,648,1,0
61,506,711,1,0
61,507,636,1,0
61,508,627,1,0
61,509,602,1,0
61,510,887,1,0
61,511,610,1,0
61,512,714,1,0
61,513,789,1,0
61,514,654,1,0
61,515,653,1,0
61,516,598,1,0
61,517,667,1,0
61,518,706,1,0
61,519,606,1,0
61,520,662,1,0
61,521,643,1,0
61,522,742,1,0
61,523,714,1,0
61,524,682,1,0
61,525,672,1,0
61,526,657,1,0
61,527,731,1,0
61,528,675,1,0
61,529,748,1,0
61,530,1021,1,0
61,531,1039,1,0
61,532,682,1,0
61,533,903,1,0
61,534,664,1,0
61,535,656,1,0
61,536,914,1,0
61,537,1174,1,0
61,538,962,1,0
61,539,994,1,0
61,540,826,1,0
61,541,850,1,0
61,542,887,1,0
61,543,1072,1,0
61,544,831,1,0
61,545,865,1,0
61,546,693,1,0
61,547,784,1,0
61,548,842,1,0
61,549,971,1,0
61,550,1033,1,0
61,551,850,1,0
61,552,771,1,0
61,553,1026,1,0
61,554,824,1,0
61,555,797,1,0
61,556,777,1,0
61,557,749,1,0
61,558,1309,1,0
61,559,924,1,0
61,560,1185,1,0
61,561,675,1,0
61,562,635,1,0
61,563,781,1,0
61,564,753,1,0
61,565,697,1,0
61,566,596,1,0
61,567,591,1,0
61,568,597,1,0
61,569,775,1,0
61,570,631,1,0
61,571,589,1,0
61,572,649,1,0
61,573,608,1,0
61,574,736,1,0
61,575,614,1,0
61,576,815,1,0
61,577,638,1,0
61,578,662,1,0
61,579,645,1,0
61,580,641,1,0
61,581,733,1,0
61,582,583,1,0
61,583,661,1,0
61,584,823,1,0
61,585,630,1,0
61,586,753,1,0
61,587,698,1,0
61,588,613,1,0
61,589,746,1,0
61,590,724,1,0
61,591,700,1,0
61,592,687,1,0
61,593,649,1,0
61,594,597,1,0
61,595,714,1,0
61,596,658,1,0
61,597,674,1,0
61,598,660,1,0
61,599,642,1,0
62,0,1765,1,0
62,1,669,1,0
62,2,670,1,0
62,3,649,1,0
62,4,740,1,0
62,5,665,1,0
62,6,1228,1,0
62,7,856,1,0
62,8,959,1,0
62,9,702,1,0
62,10,849,1,0
62,11,701,1,0
62,12,658,1,0
62,13,853,1,0
62,14,635,1,0
62,15,651,1,0
62,16,602,1,0
62,17,675,1,0
62,18,1082,1,0
62,19,757,1,0
62,20,577,1,0
62,21,661,1,0
62,22,739,1,0
62,23,692,1,0
62,24,676,1,0
62,25,821,1,0
62,26,978,1,0
62,27,660,1,0
62,28,879,1,0
62,29,882,1,0
62,30,818,1,0
62,31,908,1,0
62,32,590,1,0
62,33,766,1,0
62,34,684,1,0
62,35,692,1,0
62,36,630,1,0
62,37,662,1,0
62,38,1154,1,0
62,39,652,1,0
62,40,1139,1,0
62,41,637,1,0
62,42,618,1,0
62,43,753,1,0
62,44,677,1,0
62,45,759,1,0
62,46,770,1,0
62,47,725,1,0
62,48,1063,1,0
62,49,766,1,0
62,50,834,1,0
62,51,924,1,0
62,52,910,1,0
62,53,817,1,0
62,54,904,1,0
62,55,747,1,0
62,56,996,1,0
62,57,819,1,0
62,58,943,1,0
62,59,893,1,0
62,60,683,1,0
62,61,766,1,0
62,62,659,1,0
62,63,591,1,0
62,64,890,1,0
62,65,610,1,0
62,66,710,1,0
62,67,809,1,0
62,68,689,1,0
62,69,972,1,0
62,70,596,1,0
62,71,674,1,0
62,72,686,1,0
62,73,648,1,0
62,74,506,1,0
62,75,1385,1,0
62,76,840,1,0
62,77,626,1,0
62,78,661,1,0
62,79,622,1,0
62,80,743,1,0
62,81,605,1,0
62,82,678,1,0
62,83,642,1,0
62,84,668,1,0
62,85,659,1,0
62,86,634,1,0
62,87,671,1,0
62,88,728,1,0
62,89,679,1,0
62,90,626,1,0
62,91,604,1,0
62,92,669,1,0
62,93,792,1,0
62,94,667,1,0
62,95,676,1,0
62,96,647,1,0
62,97,717,1,0
62,98,771,1,0
62,99,671,1,0
62,100,616,1,0
62,101,926,1,0
62,102,1002,1,0
62,103,1010,1,0
62,104,668,1,0
62,105,764,1,0
62,106,778,1,0
62,107,685,1,0
62,108,731,1,0
62,109,809,1,0
62,110,1156,1,0
62,111,647,1,0
62,112,732,1,0
62,113,1271,1,0
62,114,886,1,0
62,115,692,1,0
62,116,793,1,0
62,117,663,1,0
62,118,1025,1,0
62,119,846,1,0
62,120,688,1,0
62,121,924,1,0
62,122,1059,1,0
62,123,1161,1,0
62,124,1033,1,0
62,125,1212,1,0
62,126,1048,1,0
62,127,913,1,0
62,128,1052,1,0
62,129,1022,1,0
62,130,903,1,0
62,131,832,1,0
62,132,797,1,0
62,133,892,1,0
62,134,883,1,0
62,135,945,1,0
62,136,922,1,0
62,137,1341,1,0
62,138,982,1,0
62,139,1383,1,0
62,140,1026,1,0
62,141,928,1,0
62,142,1232,1,0
62,143,928,1,0
62,144,965,1,0
62,145,897,1,0
62,146,846,1,0
62,147,888,1,0
62,148,716,1,0
62,149,695,1,0
62,150,673,1,0
62,151,664,1,0
62,152,648,1,0
62,153,696,1,0
62,154,889,1,0
62,155,693,1,0
62,156,559,1,0
62,157,673,1,0
62,158,685,1,0
62,159,690,1,0
62,160,650,1,0
62,161,679,1,0
62,162,721,1,0
62,163,672,1,0
62,164,638,1,0
62,165,1489,1,0
62,166,893,1,0
62,167,617,1,0
62,168,657,1,0
62,169,650,1,0
62,170,659,1,0
62,171,647,1,0
62,172,678,1,0
62,173,944,1,0
62,174,813,1,0
62,175,602,1,0
62,176,660,1,0
62,177,972,1,0
62,178,638,1,0
62,179,626,1,0
62,180,670,1,0
62,181,830,1,0
62,182,727,1,0
62,183,612,1,0
62,184,728,1,0
62,185,662,1,0
62,186,657,1,0
62,187,714,1,0
62,188,901,1,0
62,189,675,1,0
62,190,608,1,0
62,191,780,1,0
62,192,674,1,0
62,193,691,1,0
62,194,731,1,0
62,195,800,1,0
62,196,847,1,0
62,197,1291,1,0
62,198,1052,1,0
62,199,778,1,0
62,200,690,1,0
62,201,822,1,0
62,202,689,1,0
62,203,719,1,0
62,204,766,1,0
62,205,744,1,0
62,206,809,1,0
62,207,772,1,0
62,208,673,1,0
62,209,781,1,0
62,210,647,1,0
62,211,621,1,0
62,212,717,1,0
62,213,701,1,0
62,214,1059,1,0
62,215,681,1,0
62,216,608,1,0
62,217,667,1,0
62,218,659,1,0
62,219,737,1,0
62,220,682,1,0
62,221,657,1,0
62,222,637,1,0
62,223,634,1,0
62,224,652,1,0
62,225,904,1,0
62,226,854,1,0
62,227,765,1,0
62,228,776,1,0
62,229,727,1,0
62,230,778,1,0
62,231,820,1,0
62,232,830,1,0
62,233,1232,1,0
62,234,860,1,0
62,235,861,1,0
62,236,931,1,0
62,237,979,1,0
62,238,1234,1,0
62,239,1001,1,0
62,240,2208,1,0
62,241,949,1,0
62,242,898,1,0
62,243,898,1,0
62,244,625,1,0
62,245,729,1,0
62,246,728,1,0
62,247,634,1,0
62,248,589,1,0
62,249,740,1,0
62,250,610,1,0
62,251,739,1,0
62,252,634,1,0
62,253,655,1,0
62,254,852,1,0
62,255,606,1,0
62,256,668,1,0
62,257,678,1,0
62,258,640,1,0
62,259,661,1,0
62,260,692,1,0
62,261,629,1,0
62,262,737,1,0
62,263,580,1,0
62,264,741,1,0
62,265,653,1,0
62,266,607,1,0
62,267,708,1,0
62,268,650,1,0
62,269,660,1,0
62,270,651,1,0
62,271,623,1,0
62,272,574,1,0
62,273,643,1,0
62,274,633,1,0
62,275,716,1,0
62,276,570,1,0
62,277,646,1,0
62,278,556,1,0
62,279,812,1,0
62,280,645,1,0
62,281,651,1,0
62,282,638,1,0
62,283,673,1,0
62,284,637,1,0
62,285,621,1,0
62,286,710,1,0
62,287,654,1,0
62,288,696,1,0
62,289,1142,1,0
62,290,782,1,0
62,291,820,1,0
62,292,684,1,0
62,293,648,1,0
62,294,715,1,0
62,295,634,1,0
62,296,672,1,0
62,297,748,1,0
62,298,1207,1,0
62,299,800,1,0
62,300,742,1,0
62,301,600,1,0
62,302,667,1,0
62,303,762,1,0
62,304,677,1,0
62,305,743,1,0
62,306,893,1,0
62,307,793,1,0
62,308,1081,1,0
62,309,671,1,0
62,310,780,1,0
62,311,641,1,0
62,312,718,1,0
62,313,679,1,0
62,314,634,1,0
62,315,699,1,0
62,316,746,1,0
62,317,973,1,0
62,318,881,1,0
62,319,963,1,0
62,320,942,1,0
62,321,869,1,0
62,322,843,1,0
62,323,894,1,0
62,324,890,1,0
62,325,835,1,0
62,326,874,1,0
62,327,746,1,0
62,328,794,1,0
62,329,837,1,0
62,330,727,1,0
62,331,752,1,0
62,332,809,1,0
62,333,713,1,0
62,334,695,1,0
62,335,665,1,0
62,336,853,1,0
62,337,869,1,0
62,338,593,1,0
62,339,598,1,0
62,340,699,1,0
62,341,654,1,0
62,342,625,1,0
62,343,684,1,0
62,344,806,1,0
62,345,684,1,0
62,346,769,1,0
62,347,653,1,0
62,348,695,1,0
62,349,656,1,0
62,350,672,1,0
62,351,643,1,0
62,352,704,1,0
62,353,608,1,0
62,354,695,1,0
62,355,737,1,0
62,356,652,1,0
62,357,642,1,0
62,358,627,1,0
62,359,670,1,0
62,360,698,1,0
62,361,671,1,0
62,362,733,1,0
62,363,682,1,0
62,364,640,1,0
62,365,661,1,0
62,366,616,1,0
62,367,722,1,0
62,368,655,1,0
62,369,690,1,0
62,370,687,1,0
62,371,629,1,0
62,372,686,1,0
62,373,719,1,0
62,374,615,1,0
62,375,641,1,0
62,376,638,1,0
62,377,933,1,0
62,378,667,1,0
62,379,796,1,0
62,380,1007,1,0
62,381,668,1,0
62,382,616,1,0
62,383,712,1,0
62,384,754,1,0
62,385,694,1,0
62,386,2585,1,0
62,387,935,1,0
62,388,775,1,0
62,389,675,1,0
62,390,1954,1,0
62,391,747,1,0
62,392,623,1,0
62,393,734,1,0
62,394,673,1,0
62,395,771,1,0
62,396,613,1,0
62,397,618,1,0
62,398,809,1,0
62,399,602,1,0
62,400,978,1,0
62,401,568,1,0
62,402,677,1,0
62,403,623,1,0
62,404,683,1,0
62,405,721,1,0
62,406,1175,1,0
62,407,838,1,0
62,408,708,1,0
62,409,701,1,0
62,410,913,1,0
62,411,800,1,0
62,412,843,1,0
62,413,762,1,0
62,414,832,1,0
62,415,1019,1,0
62,416,980,1,0
62,417,794,1,0
62,418,669,1,0
62,419,854,1,0
62,420,1239,1,0
62,421,949,1,0
62,422,764,1,0
62,423,847,1,0
62,424,1186,1,0
62,425,874,1,0
62,426,642,1,0
62,427,635,1,0
62,428,642,1,0
62,429,884,1,0
62,430,659,1,0
62,431,583,1,0
62,432,679,1,0
62,433,616,1,0
62,434,747,1,0
62,435,602,1,0
62,436,628,1,0
62,437,637,1,0
62,438,624,1,0
62,439,648,1,0
62,440,646,1,0
62,441,867,1,0
62,442,642,1,0
62,443,733,1,0
62,444,646,1,0
62,445,637,1,0
62,446,675,1,0
62,447,601,1,0
62,448,647,1,0
62,449,652,1,0
62,450,594,1,0
62,451,616,1,0
62,452,644,1,0
62,453,611,1,0
62,454,721,1,0
62,455,667,1,0
62,456,620,1,0
62,457,801,1,0
62,458,615,1,0
62,459,758,1,0
62,460,1025,1,0
62,461,688,1,0
62,462,678,1,0
62,463,625,1,0
62,464,690,1,0
62,465,694,1,0
62,466,661,1,0
62,467,621,1,0
62,468,667,1,0
62,469,622,1,0
62,470,673,1,0
62,471,693,1,0
62,472,638,1,0
62,473,781,1,0
62,474,608,1,0
62,475,647,1,0
62,476,659,1,0
62,477,697,1,0
62,478,598,1,0
62,479,598,1,0
62,480,635,1,0
62,481,737,1,0
62,482,634,1,0
62,483,668,1,0
62,484,747,1,0
62,485,634,1,0
62,486,868,1,0
62,487,1668,1,0
62,488,693,1,0
62,489,868,1,0
62,490,641,1,0
62,491,711,1,0
62,492,678,1,0
62,493,883,1,0
62,494,637,1,0
62,495,696,1,0
62,496,653,1,0
62,497,639,1,0
62,498,704,1,0
62,499,627,1,0
62,500,616,1,0
62,501,624,1,0
62,502,667,1,0
62,503,658,1,0
62,504,712,1,0
62,505,754,1,0
62,506,719,1,0
62,507,717,1,0
62,508,651,1,0
62,509,727,1,0
62,510,851,1,0
62,511,740,1,0
62,512,941,1,0
62,513,941,1,0
62,514,819,1,0
62,515,701,1,0
62,516,756,1,0
62,517,747,1,0
62,518,724,1,0
62,519,683,1,0
62,520,631,1,0
62,521,746,1,0
62,522,601,1,0
62,523,757,1,0
62,524,650,1,0
62,525,876,1,0
62,526,644,1,0
62,527,650,1,0
62,528,648,1,0
62,529,660,1,0
62,530,596,1,0
62,531,909,1,0
62,532,599,1,0
62,533,594,1,0
62,534,587,1,0
62,535,640,1,0
62,536,643,1,0
62,537,627,1,0
62,538,596,1,0
62,539,599,1,0
62,540,654,1,0
62,541,620,1,0
62,542,644,1,0
62,543,623,1,0
62,544,606,1,0
62,545,633,1,0
62,546,611,1,0
62,547,624,1,0
62,548,631,1,0
62,549,640,1,0
62,550,641,1,0
62,551,638,1,0
62,552,642,1,0
62,553,624,1,0
62,554,724,1,0
62,555,602,1,0
62,556,602,1,0
62,557,681,1,0
62,558,585,1,0
62,559,689,1,0
62,560,652,1,0
62,561,639,1,0
62,562,685,1,0
62,563,845,1,0
62,564,796,1,0
62,565,660,1,0
62,566,657,1,0
62,567,618,1,0
62,568,634,1,0
62,569,747,1,0
62,570,633,1,0
62,571,660,1,0
62,572,718,1,0
62,573,680,1,0
62,574,1077,1,0
62,575,617,1,0
62,576,1239,1,0
62,577,654,1,0
62,578,904,1,0
62,579,948,1,0
62,580,669,1,0
62,581,684,1,0
62,582,661,1,0
62,583,846,1,0
62,584,740,1,0
62,585,618,1,0
62,586,838,1,0
62,587,796,1,0
62,588,866,1,0
62,589,975,1,0
62,590,687,1,0
62,591,668,1,0
62,592,786,1,0
62,593,1228,1,0
62,594,994,1,0
62,595,887,1,0
62,596,1195,1,0
62,597,1044,1,0
62,598,817,1,0
62,599,800,1,0
63,0,1773,1,0
63,1,785,1,0
63,2,704,1,0
63,3,941,1,0
63,4,939,1,0
63,5,973,1,0
63,6,1707,1,0
63,7,955,1,0
63,8,1135,1,0
63,9,1193,1,0
63,10,1118,1,0
63,11,1085,1,0
63,12,1033,1,0
63,13,1334,1,0
63,14,932,1,0
63,15,834,1,0
63,16,953,1,0
63,17,1128,1,0
63,18,938,1,0
63,19,847,1,0
63,20,733,1,0
63,21,845,1,0
63,22,763,1,0
63,23,886,1,0
63,24,875,1,0
63,25,913,1,0
63,26,817,1,0
63,27,848,1,0
63,28,1274,1,0
63,29,1018,1,0
63,30,822,1,0
63,31,853,1,0
63,32,778,1,0
63,33,823,1,0
63,34,693,1,0
63,35,618,1,0
63,36,697,1,0
63,37,640,1,0
63,38,706,1,0
63,39,600,1,0
63,40,948,1,0
63,41,728,1,0
63,42,753,1,0
63,43,679,1,0
63,44,629,1,0
63,45,619,1,0
63,46,566,1,0
63,47,777,1,0
63,48,877,1,0
63,49,689,1,0
63,50,725,1,0
63,51,675,1,0
63,52,687,1,0
63,53,638,1,0
63,54,597,1,0
63,55,654,1,0
63,56,778,1,0
63,57,730,1,0
63,58,967,1,0
63,59,661,1,0
63,60,660,1,0
63,61,663,1,0
63,62,659,1,0
63,63,718,1,0
63,64,680,1,0
63,65,806,1,0
63,66,837,1,0
63,67,842,1,0
63,68,916,1,0
63,69,2362,1,0
63,70,1309,1,0
63,71,1038,1,0
63,72,1138,1,0
63,73,1068,1,0
63,74,874,1,0
63,75,2202,1,0
63,76,1348,1,0
63,77,706,1,0
63,78,631,1,0
63,79,656,1,0
63,80,717,1,0
63,81,723,1,0
63,82,714,1,0
63,83,614,1,0
63,84,624,1,0
63,85,711,1,0
63,86,592,1,0
63,87,680,1,0
63,88,649,1,0
63,89,1209,1,0
63,90,699,1,0
63,91,672,1,0
63,92,751,1,0
63,93,685,1,0
63,94,681,1,0
63,95,769,1,0
63,96,662,1,0
63,97,714,1,0
63,98,709,1,0
63,99,647,1,0
63,100,697,1,0
63,101,872,1,0
63,102,741,1,0
63,103,989,1,0
63,104,729,1,0
63,105,797,1,0
63,106,863,1,0
63,107,769,1,0
63,108,1083,1,0
63,109,962,1,0
63,110,848,1,0
63,111,1042,1,0
63,112,1149,1,0
63,113,1061,1,0
63,114,873,1,0
63,115,873,1,0
63,116,1156,1,0
63,117,883,1,0
63,118,1372,1,0
63,119,1236,1,0
63,120,1040,1,0
63,121,1175,1,0
63,122,1131,1,0
63,123,1120,1,0
63,124,891,1,0
63,125,872,1,0
63,126,660,1,0
63,127,641,1,0
63,128,889,1,0
63,129,1038,1,0
63,130,663,1,0
63,131,681,1,0
63,132,644,1,0
63,133,705,1,0
63,134,625,1,0
63,135,740,1,0
63,136,619,1,0
63,137,721,1,0
63,138,696,1,0
63,139,681,1,0
63,140,701,1,0
63,141,709,1,0
63,142,690,1,0
63,143,769,1,0
63,144,654,1,0
63,145,716,1,0
63,146,664,1,0
63,147,681,1,0
63,148,946,1,0
63,149,893,1,0
63,150,639,1,0
63,151,703,1,0
63,152,659,1,0
63,153,671,1,0
63,154,782,1,0
63,155,809,1,0
63,156,668,1,0
63,157,740,1,0
63,158,762,1,0
63,159,738,1,0
63,160,810,1,0
63,161,920,1,0
63,162,803,1,0
63,163,685,1,0
63,164,716,1,0
63,165,965,1,0
63,166,1151,1,0
63,167,769,1,0
63,168,824,1,0
63,169,758,1,0
63,170,768,1,0
63,171,761,1,0
63,172,677,1,0
63,173,1124,1,0
63,174,816,1,0
63,175,794,1,0
63,176,1092,1,0
63,177,1098,1,0
63,178,1094,1,0
63,179,1077,1,0
63,180,972,1,0
63,181,1271,1,0
63,182,981,1,0
63,183,779,1,0
63,184,1147,1,0
63,185,823,1,0
63,186,983,1,0
63,187,1138,1,0
63,188,1129,1,0
63,189,923,1,0
63,190,1030,1,0
63,191,1151,1,0
63,192,853,1,0
63,193,842,1,0
63,194,714,1,0
63,195,1001,1,0
63,196,908,1,0
63,197,1055,1,0
63,198,1095,1,0
63,199,1277,1,0
63,200,813,1,0
63,201,941,1,0
63,202,1001,1,0
63,203,867,1,0
63,204,829,1,0
63,205,847,1,0
63,206,931,1,0
63,207,736,1,0
63,208,751,1,0
63,209,829,1,0
63,210,707,1,0
63,211,686,1,0
63,212,688,1,0
63,213,744,1,0
63,214,705,1,0
63,215,659,1,0
63,216,619,1,0
63,217,665,1,0
63,218,624,1,0
63,219,659,1,0
63,220,637,1,0
63,221,860,1,0
63,222,683,1,0
63,223,671,1,0
63,224,626,1,0
63,225,681,1,0
63,226,700,1,0
63,227,656,1,0
63,228,610,1,0
63,229,642,1,0
63,230,650,1,0
63,231,662,1,0
63,232,676,1,0
63,233,649,1,0
63,234,585,1,0
63,235,644,1,0
63,236,640,1,0
63,237,695,1,0
63,238,798,1,0
63,239,674,1,0
63,240,1260,1,0
63,241,628,1,0
63,242,726,1,0
63,243,609,1,0
63,244,599,1,0
63,245,687,1,0
63,246,693,1,0
63,247,751,1,0
63,248,681,1,0
63,249,762,1,0
63,250,658,1,0
63,251,720,1,0
63,252,708,1,0
63,253,669,1,0
63,254,1234,1,0
63,255,747,1,0
63,256,626,1,0
63,257,743,1,0
63,258,792,1,0
63,259,757,1,0
63,260,751,1,0
63,261,971,1,0
63,262,885,1,0
63,263,654,1,0
63,264,742,1,0
63,265,650,1,0
63,266,685,1,0
63,267,697,1,0
63,268,733,1,0
63,269,766,1,0
63,270,667,1,0
63,271,667,1,0
63,272,624,1,0
63,273,652,1,0
63,274,702,1,0
63,275,641,1,0
63,276,675,1,0
63,277,674,1,0
63,278,675,1,0
63,279,678,1,0
63,280,618,1,0
63,281,649,1,0
63,282,664,1,0
63,283,644,1,0
63,284,679,1,0
63,285,667,1,0
63,286,764,1,0
63,287,655,1,0
63,288,829,1,0
63,289,1052,1,0
63,290,774,1,0
63,291,775,1,0
63,292,861,1,0
63,293,774,1,0
63,294,825,1,0
63,295,808,1,0
63,296,786,1,0
63,297,960,1,0
63,298,1056,1,0
63,299,1322,1,0
63,300,665,1,0
63,301,831,1,0
63,302,833,1,0
63,303,666,1,0
63,304,883,1,0
63,305,635,1,0
63,306,679,1,0
63,307,653,1,0
63,308,584,1,0
63,309,865,1,0
63,310,763,1,0
63,311,909,1,0
63,312,759,1,0
63,313,711,1,0
63,314,636,1,0
63,315,687,1,0
63,316,648,1,0
63,317,658,1,0
63,318,794,1,0
63,319,704,1,0
63,320,742,1,0
63,321,714,1,0
63,322,738,1,0
63,323,610,1,0
63,324,659,1,0
63,325,781,1,0
63,326,654,1,0
63,327,1028,1,0
63,328,736,1,0
63,329,709,1,0
63,330,729,1,0
63,331,707,1,0
63,332,688,1,0
63,333,700,1,0
63,334,789,1,0
63,335,679,1,0
63,336,735,1,0
63,337,667,1,0
63,338,796,1,0
63,339,641,1,0
63,340,651,1,0
63,341,798,1,0
63,342,628,1,0
63,343,680,1,0
63,344,666,1,0
63,345,663,1,0
63,346,669,1,0
63,347,716,1,0
63,348,629,1,0
63,349,667,1,0
63,350,681,1,0
63,351,666,1,0
63,352,973,1,0
63,353,622,1,0
63,354,657,1,0
63,355,1062,1,0
63,356,663,1,0
63,357,705,1,0
63,358,696,1,0
63,359,761,1,0
63,360,864,1,0
63,361,854,1,0
63,362,771,1,0
63,363,942,1,0
63,364,665,1,0
63,365,917,1,0
63,366,951,1,0
63,367,869,1,0
63,368,900,1,0
63,369,909,1,0
63,370,825,1,0
63,371,849,1,0
63,372,1186,1,0
63,373,1124,1,0
63,374,1167,1,0
63,375,795,1,0
63,376,820,1,0
63,377,1003,1,0
63,378,706,1,0
63,379,797,1,0
63,380,1157,1,0
63,381,824,1,0
63,382,959,1,0
63,383,762,1,0
63,384,831,1,0
63,385,918,1,0
63,386,1318,1,0
63,387,1929,1,0
63,388,1024,1,0
63,389,751,1,0
63,390,762,1,0
63,391,803,1,0
63,392,945,1,0
63,393,698,1,0
63,394,851,1,0
63,395,1204,1,0
63,396,701,1,0
63,397,712,1,0
63,398,659,1,0
63,399,667,1,0
63,400,945,1,0
63,401,643,1,0
63,402,641,1,0
63,403,631,1,0
63,404,670,1,0
63,405,684,1,0
63,406,650,1,0
63,407,665,1,0
63,408,612,1,0
63,409,678,1,0
63,410,687,1,0
63,411,704,1,0
63,412,645,1,0
63,413,767,1,0
63,414,661,1,0
63,415,665,1,0
63,416,710,1,0
63,417,709,1,0
63,418,663,1,0
63,419,694,1,0
63,420,693,1,0
63,421,622,1,0
63,422,728,1,0
63,423,662,1,0
63,424,676,1,0
63,425,664,1,0
63,426,717,1,0
63,427,640,1,0
63,428,753,1,0
63,429,624,1,0
63,430,640,1,0
63,431,669,1,0
63,432,832,1,0
63,433,709,1,0
63,434,636,1,0
63,435,701,1,0
63,436,674,1,0
63,437,710,1,0
63,438,687,1,0
63,439,721,1,0
63,440,664,1,0
63,441,758,1,0
63,442,657,1,0
63,443,769,1,0
63,444,779,1,0
63,445,643,1,0
63,446,648,1,0
63,447,673,1,0
63,448,636,1,0
63,449,647,1,0
63,450,1173,1,0
63,451,627,1,0
63,452,711,1,0
63,453,870,1,0
63,454,807,1,0
63,455,929,1,0
63,456,859,1,0
63,457,801,1,0
63,458,918,1,0
63,459,737,1,0
63,460,1025,1,0
63,461,889,1,0
63,462,922,1,0
63,463,720,1,0
63,464,833,1,0
63,465,761,1,0
63,466,962,1,0
63,467,841,1,0
63,468,1017,1,0
63,469,1056,1,0
63,470,1004,1,0
63,471,781,1,0
63,472,1075,1,0
63,473,990,1,0
63,474,925,1,0
63,475,656,1,0
63,476,1062,1,0
63,477,798,1,0
63,478,950,1,0
63,479,828,1,0
63,480,1013,1,0
63,481,841,1,0
63,482,833,1,0
63,483,935,1,0
63,484,970,1,0
63,485,1230,1,0
63,486,1278,1,0
63,487,1376,1,0
63,488,1018,1,0
63,489,1034,1,0
63,490,966,1,0
63,491,1066,1,0
63,492,753,1,0
63,493,924,1,0
63,494,633,1,0
63,495,819,1,0
63,496,904,1,0
63,497,665,1,0
63,498,628,1,0
63,499,577,1,0
63,500,649,1,0
63,501,662,1,0
63,502,1031,1,0
63,503,786,1,0
63,504,714,1,0
63,505,678,1,0
63,506,707,1,0
63,507,673,1,0
63,508,713,1,0
63,509,804,1,0
63,510,724,1,0
63,511,807,1,0
63,512,696,1,0
63,513,722,1,0
63,514,773,1,0
63,515,652,1,0
63,516,693,1,0
63,517,558,1,0
63,518,570,1,0
63,519,648,1,0
63,520,673,1,0
63,521,639,1,0
63,522,729,1,0
63,523,654,1,0
63,524,777,1,0
63,525,698,1,0
63,526,643,1,0
63,527,636,1,0
63,528,705,1,0
63,529,692,1,0
63,530,709,1,0
63,531,640,1,0
63,532,739,1,0
63,533,654,1,0
63,534,655,1,0
63,535,688,1,0
63,536,685,1,0
63,537,632,1,0
63,538,594,1,0
63,539,638,1,0
63,540,632,1,0
63,541,656,1,0
63,542,732,1,0
63,543,672,1,0
63,544,676,1,0
63,545,662,1,0
63,546,823,1,0
63,547,661,1,0
63,548,722,1,0
63,549,644,1,0
63,550,744,1,0
63,551,707,1,0
63,552,640,1,0
63,553,629,1,0
63,554,848,1,0
63,555,717,1,0
63,556,689,1,0
63,557,802,1,0
63,558,812,1,0
63,559,876,1,0
63,560,1192,1,0
63,561,1137,1,0
63,562,739,1,0
63,563,993,1,0
63,564,776,1,0
63,565,873,1,0
63,566,910,1,0
63,567,731,1,0
63,568,783,1,0
63,569,729,1,0
63,570,1023,1,0
63,571,719,1,0
63,572,817,1,0
63,573,774,1,0
63,574,1481,1,0
63,575,920,1,0
63,576,965,1,0
63,577,775,1,0
63,578,861,1,0
63,579,1058,1,0
63,580,1014,1,0
63,581,748,1,0
63,582,759,1,0
63,583,659,1,0
63,584,735,1,0
63,585,779,1,0
63,586,891,1,0
63,587,675,1,0
63,588,653,1,0
63,589,1379,1,0
63,590,915,1,0
63,591,602,1,0
63,592,745,1,0
63,593,643,1,0
63,594,676,1,0
63,595,673,1,0
63,596,646,1,0
63,597,618,1,0
63,598,688,1,0
63,599,661,1,0
64,0,1749,1,0
64,1,767,1,0
64,2,712,1,0
64,3,814,1,0
64,4,958,1,0
64,5,730,1,0
64,6,1346,1,0
64,7,717,1,0
64,8,959,1,0
64,9,674,1,0
64,10,709,1,0
64,11,691,1,0
64,12,618,1,0
64,13,851,1,0
64,14,635,1,0
64,15,675,1,0
64,16,589,1,0
64,17,720,1,0
64,18,1008,1,0
64,19,603,1,0
64,20,743,1,0
64,21,651,1,0
64,22,607,1,0
64,23,636,1,0
64,24,603,1,0
64,25,650,1,0
64,26,670,1,0
64,27,648,1,0
64,28,770,1,0
64,29,855,1,0
64,30,636,1,0
64,31,548,1,0
64,32,692,1,0
64,33,680,1,0
64,34,901,1,0
64,35,731,1,0
64,36,613,1,0
64,37,755,1,0
64,38,667,1,0
64,39,627,1,0
64,40,665,1,0
64,41,856,1,0
64,42,2984,1,0
64,43,838,1,0
64,44,679,1,0
64,45,650,1,0
64,46,636,1,0
64,47,611,1,0
64,48,857,1,0
64,49,735,1,0
64,50,810,1,0
64,51,653,1,0
64,52,597,1,0
64,53,694,1,0
64,54,653,1,0
64,55,655,1,0
64,56,1092,1,0
64,57,740,1,0
64,58,893,1,0
64,59,736,1,0
64,60,1055,1,0
64,61,844,1,0
64,62,608,1,0
64,63,595,1,0
64,64,794,1,0
64,65,805,1,0
64,66,713,1,0
64,67,855,1,0
64,68,1223,1,0
64,69,1223,1,0
64,70,927,1,0
64,71,910,1,0
64,72,898,1,0
64,73,883,1,0
64,74,1056,1,0
64,75,930,1,0
64,76,1015,1,0
64,77,894,1,0
64,78,896,1,0
64,79,657,1,0
64,80,713,1,0
64,81,724,1,0
64,82,1124,1,0
64,83,859,1,0
64,84,1002,1,0
64,85,605,1,0
64,86,660,1,0
64,87,718,1,0
64,88,559,1,0
64,89,860,1,0
64,90,768,1,0
64,91,737,1,0
64,92,638,1,0
64,93,574,1,0
64,94,637,1,0
64,95,749,1,0
64,96,566,1,0
64,97,682,1,0
64,98,667,1,0
64,99,650,1,0
64,100,689,1,0
64,101,640,1,0
64,102,673,1,0
64,103,1037,1,0
64,104,626,1,0
64,105,826,1,0
64,106,627,1,0
64,107,726,1,0
64,108,944,1,0
64,109,658,1,0
64,110,644,1,0
64,111,780,1,0
64,112,750,1,0
64,113,640,1,0
64,114,645,1,0
64,115,779,1,0
64,116,705,1,0
64,117,638,1,0
64,118,794,1,0
64,119,754,1,0
64,120,733,1,0
64,121,853,1,0
64,122,652,1,0
64,123,743,1,0
64,124,668,1,0
64,125,744,1,0
64,126,642,1,0
64,127,1227,1,0
64,128,1113,1,0
64,129,714,1,0
64,130,1004,1,0
64,131,1068,1,0
64,132,643,1,0
64,133,798,1,0
64,134,693,1,0
64,135,997,1,0
64,136,630,1,0
64,137,651,1,0
64,138,920,1,0
64,139,806,1,0
64,140,855,1,0
64,141,1159,1,0
64,142,900,1,0
64,143,1391,1,0
64,144,996,1,0
64,145,891,1,0
64,146,875,1,0
64,147,942,1,0
64,148,1019,1,0
64,149,799,1,0
64,150,958,1,0
64,151,774,1,0
64,152,870,1,0
64,153,754,1,0
64,154,1216,1,0
64,155,909,1,0
64,156,757,1,0
64,157,857,1,0
64,158,1118,1,0
64,159,828,1,0
64,160,875,1,0
64,161,720,1,0
64,162,802,1,0
64,163,1195,1,0
64,164,909,1,0
64,165,1247,1,0
64,166,1419,1,0
64,167,1230,1,0
64,168,776,1,0
64,169,1139,1,0
64,170,1019,1,0
64,171,1544,1,0
64,172,936,1,0
64,173,625,1,0
64,174,715,1,0
64,175,660,1,0
64,176,610,1,0
64,177,702,1,0
64,178,692,1,0
64,179,665,1,0
64,180,674,1,0
64,181,682,1,0
64,182,638,1,0
64,183,762,1,0
64,184,646,1,0
64,185,624,1,0
64,186,637,1,0
64,187,712,1,0
64,188,736,1,0
64,189,618,1,0
64,190,561,1,0
64,191,657,1,0
64,192,633,1,0
64,193,637,1,0
64,194,663,1,0
64,195,1251,1,0
64,196,597,1,0
64,197,1091,1,0
64,198,877,1,0
64,199,727,1,0
64,200,703,1,0
64,201,678,1,0
64,202,621,1,0
64,203,751,1,0
64,204,646,1,0
64,205,635,1,0
64,206,746,1,0
64,207,707,1,0
64,208,608,1,0
64,209,697,1,0
64,210,705,1,0
64,211,769,1,0
64,212,635,1,0
64,213,636,1,0
64,214,820,1,0
64,215,628,1,0
64,216,695,1,0
64,217,641,1,0
64,218,650,1,0
64,219,764,1,0
64,220,709,1,0
64,221,987,1,0
64,222,662,1,0
64,223,649,1,0
64,224,638,1,0
64,225,871,1,0
64,226,594,1,0
64,227,600,1,0
64,228,601,1,0
64,229,608,1,0
64,230,776,1,0
64,231,683,1,0
64,232,619,1,0
64,233,642,1,0
64,234,653,1,0
64,235,668,1,0
64,236,641,1,0
64,237,606,1,0
64,238,764,1,0
64,239,633,1,0
64,240,1418,1,0
64,241,785,1,0
64,242,734,1,0
64,243,916,1,0
64,244,780,1,0
64,245,587,1,0
64,246,739,1,0
64,247,817,1,0
64,248,785,1,0
64,249,858,1,0
64,250,1002,1,0
64,251,828,1,0
64,252,810,1,0
64,253,1028,1,0
64,254,850,1,0
64,255,956,1,0
64,256,754,1,0
64,257,868,1,0
64,258,805,1,0
64,259,994,1,0
64,260,939,1,0
64,261,823,1,0
64,262,638,1,0
64,263,635,1,0
64,264,669,1,0
64,265,605,1,0
64,266,571,1,0
64,267,613,1,0
64,268,809,1,0
64,269,1161,1,0
64,270,660,1,0
64,271,762,1,0
64,272,611,1,0
64,273,598,1,0
64,274,627,1,0
64,275,694,1,0
64,276,667,1,0
64,277,676,1,0
64,278,613,1,0
64,279,627,1,0
64,280,874,1,0
64,281,649,1,0
64,282,661,1,0
64,283,767,1,0
64,284,683,1,0
64,285,646,1,0
64,286,683,1,0
64,287,730,1,0
64,288,651,1,0
64,289,758,1,0
64,290,618,1,0
64,291,620,1,0
64,292,939,1,0
64,293,703,1,0
64,294,604,1,0
64,295,701,1,0
64,296,728,1,0
64,297,659,1,0
64,298,830,1,0
64,299,902,1,0
64,300,657,1,0
64,301,592,1,0
64,302,654,1,0
64,303,742,1,0
64,304,582,1,0
64,305,758,1,0
64,306,670,1,0
64,307,637,1,0
64,308,638,1,0
64,309,607,1,0
64,310,654,1,0
64,311,896,1,0
64,312,641,1,0
64,313,633,1,0
64,314,639,1,0
64,315,630,1,0
64,316,669,1,0
64,317,655,1,0
64,318,675,1,0
64,319,701,1,0
64,320,694,1,0
64,321,956,1,0
64,322,936,1,0
64,323,767,1,0
64,324,664,1,0
64,325,673,1,0
64,326,652,1,0
64,327,802,1,0
64,328,739,1,0
64,329,620,1,0
64,330,725,1,0
64,331,669,1,0
64,332,875,1,0
64,333,1301,1,0
64,334,916,1,0
64,335,638,1,0
64,336,774,1,0
64,337,868,1,0
64,338,980,1,0
64,339,1033,1,0
64,340,1131,1,0
64,341,1197,1,0
64,342,891,1,0
64,343,833,1,0
64,344,870,1,0
64,345,1058,1,0
64,346,870,1,0
64,347,912,1,0
64,348,932,1,0
64,349,1023,1,0
64,350,897,1,0
64,351,925,1,0
64,352,952,1,0
64,353,705,1,0
64,354,809,1,0
64,355,967,1,0
64,356,796,1,0
64,357,684,1,0
64,358,655,1,0
64,359,995,1,0
64,360,808,1,0
64,361,688,1,0
64,362,797,1,0
64,363,759,1,0
64,364,798,1,0
64,365,636,1,0
64,366,654,1,0
64,367,686,1,0
64,368,694,1,0
64,369,754,1,0
64,370,704,1,0
64,371,831,1,0
64,372,688,1,0
64,373,698,1,0
64,374,735,1,0
64,375,679,1,0
64,376,703,1,0
64,377,609,1,0
64,378,632,1,0
64,379,567,1,0
64,380,781,1,0
64,381,682,1,0
64,382,751,1,0
64,383,722,1,0
64,384,685,1,0
64,385,697,1,0
64,386,1221,1,0
64,387,936,1,0
64,388,730,1,0
64,389,676,1,0
64,390,691,1,0
64,391,587,1,0
64,392,693,1,0
64,393,614,1,0
64,394,642,1,0
64,395,588,1,0
64,396,665,1,0
64,397,619,1,0
64,398,785,1,0
64,399,603,1,0
64,400,768,1,0
64,401,610,1,0
64,402,724,1,0
64,403,583,1,0
64,404,628,1,0
64,405,888,1,0
64,406,739,1,0
64,407,714,1,0
64,408,780,1,0
64,409,1408,1,0
64,410,809,1,0
64,411,715,1,0
64,412,788,1,0
64,413,1122,1,0
64,414,688,1,0
64,415,911,1,0
64,416,652,1,0
64,417,755,1,0
64,418,1021,1,0
64,419,1218,1,0
64,420,1103,1,0
64,421,795,1,0
64,422,1022,1,0
64,423,810,1,0
64,424,843,1,0
64,425,738,1,0
64,426,933,1,0
64,427,862,1,0
64,428,813,1,0
64,429,914,1,0
64,430,971,1,0
64,431,767,1,0
64,432,885,1,0
64,433,708,1,0
64,434,742,1,0
64,435,844,1,0
64,436,844,1,0
64,437,861,1,0
64,438,834,1,0
64,439,866,1,0
64,440,810,1,0
64,441,1000,1,0
64,442,941,1,0
64,443,985,1,0
64,444,1100,1,0
64,445,823,1,0
64,446,749,1,0
64,447,871,1,0
64,448,649,1,0
64,449,743,1,0
64,450,856,1,0
64,451,853,1,0
64,452,646,1,0
64,453,677,1,0
64,454,604,1,0
64,455,790,1,0
64,456,634,1,0
64,457,626,1,0
64,458,689,1,0
64,459,631,1,0
64,460,756,1,0
64,461,696,1,0
64,462,686,1,0
64,463,657,1,0
64,464,684,1,0
64,465,630,1,0
64,466,734,1,0
64,467,654,1,0
64,468,633,1,0
64,469,667,1,0
64,470,666,1,0
64,471,717,1,0
64,472,619,1,0
64,473,724,1,0
64,474,645,1,0
64,475,650,1,0
64,476,637,1,0
64,477,699,1,0
64,478,699,1,0
64,479,643,1,0
64,480,798,1,0
64,481,667,1,0
64,482,713,1,0
64,483,692,1,0
64,484,614,1,0
64,485,716,1,0
64,486,704,1,0
64,487,825,1,0
64,488,648,1,0
64,489,890,1,0
64,490,761,1,0
64,491,1012,1,0
64,492,672,1,0
64,493,626,1,0
64,494,680,1,0
64,495,639,1,0
64,496,687,1,0
64,497,609,1,0
64,498,623,1,0
64,499,680,1,0
64,500,694,1,0
64,501,908,1,0
64,502,817,1,0
64,503,815,1,0
64,504,669,1,0
64,505,699,1,0
64,506,706,1,0
64,507,689,1,0
64,508,745,1,0
64,509,741,1,0
64,510,652,1,0
64,511,607,1,0
64,512,805,1,0
64,513,721,1,0
64,514,633,1,0
64,515,623,1,0
64,516,688,1,0
64,517,652,1,0
64,518,705,1,0
64,519,633,1,0
64,520,646,1,0
64,521,896,1,0
64,522,714,1,0
64,523,862,1,0
64,524,1139,1,0
64,525,1091,1,0
64,526,1096,1,0
64,527,1428,1,0
64,528,1103,1,0
64,529,851,1,0
64,530,842,1,0
64,531,1004,1,0
64,532,1053,1,0
64,533,932,1,0
64,534,1201,1,0
64,535,935,1,0
64,536,891,1,0
64,537,786,1,0
64,538,870,1,0
64,539,1119,1,0
64,540,804,1,0
64,541,723,1,0
64,542,767,1,0
64,543,722,1,0
64,544,808,1,0
64,545,839,1,0
64,546,591,1,0
64,547,629,1,0
64,548,670,1,0
64,549,659,1,0
64,550,856,1,0
64,551,838,1,0
64,552,612,1,0
64,553,704,1,0
64,554,642,1,0
64,555,739,1,0
64,556,741,1,0
64,557,601,1,0
64,558,762,1,0
64,559,623,1,0
64,560,753,1,0
64,561,589,1,0
64,562,641,1,0
64,563,728,1,0
64,564,766,1,0
64,565,638,1,0
64,566,662,1,0
64,567,627,1,0
64,568,653,1,0
64,569,647,1,0
64,570,640,1,0
64,571,606,1,0
64,572,669,1,0
64,573,642,1,0
64,574,573,1,0
64,575,662,1,0
64,576,745,1,0
64,577,622,1,0
64,578,1267,1,0
64,579,681,1,0
64,580,704,1,0
64,581,687,1,0
64,582,683,1,0
64,583,835,1,0
64,584,651,1,0
64,585,659,1,0
64,586,769,1,0
64,587,736,1,0
64,588,646,1,0
64,589,935,1,0
64,590,825,1,0
64,591,603,1,0
64,592,855,1,0
64,593,727,1,0
64,594,694,1,0
64,595,649,1,0
64,596,630,1,0
64,597,728,1,0
64,598,708,1,0
64,599,767,1,0
65,0,1688,1,0
65,1,1006,1,0
65,2,626,1,0
65,3,634,1,0
65,4,667,1,0
65,5,878,1,0
65,6,943,1,0
65,7,690,1,0
65,8,1868,1,0
65,9,1055,1,0
65,10,776,1,0
65,11,655,1,0
65,12,615,1,0
65,13,1289,1,0
65,14,613,1,0
65,15,628,1,0
65,16,612,1,0
65,17,1024,1,0
65,18,794,1,0
65,19,652,1,0
65,20,964,1,0
65,21,1262,1,0
65,22,1039,1,0
65,23,788,1,0
65,24,767,1,0
65,25,804,1,0
65,26,953,1,0
65,27,814,1,0
65,28,1161,1,0
65,29,972,1,0
65,30,1764,1,0
65,31,829,1,0
65,32,857,1,0
65,33,913,1,0
65,34,668,1,0
65,35,803,1,0
65,36,784,1,0
65,37,890,1,0
65,38,1318,1,0
65,39,838,1,0
65,40,1243,1,0
65,41,884,1,0
65,42,781,1,0
65,43,615,1,0
65,44,631,1,0
65,45,714,1,0
65,46,602,1,0
65,47,582,1,0
65,48,874,1,0
65,49,689,1,0
65,50,613,1,0
65,51,612,1,0
65,52,592,1,0
65,53,775,1,0
65,54,699,1,0
65,55,660,1,0
65,56,1058,1,0
65,57,695,1,0
65,58,877,1,0
65,59,686,1,0
65,60,682,1,0
65,61,848,1,0
65,62,721,1,0
65,63,647,1,0
65,64,597,1,0
65,65,712,1,0
65,66,785,1,0
65,67,789,1,0
65,68,1089,1,0
65,69,1364,1,0
65,70,1339,1,0
65,71,997,1,0
65,72,1400,1,0
65,73,1220,1,0
65,74,1596,1,0
65,75,1284,1,0
65,76,951,1,0
65,77,993,1,0
65,78,1137,1,0
65,79,649,1,0
65,80,625,1,0
65,81,623,1,0
65,82,799,1,0
65,83,602,1,0
65,84,691,1,0
65,85,678,1,0
65,86,650,1,0
65,87,712,1,0
65,88,697,1,0
65,89,970,1,0
65,90,858,1,0
65,91,747,1,0
65,92,675,1,0
65,93,603,1,0
65,94,661,1,0
65,95,730,1,0
65,96,622,1,0
65,97,655,1,0
65,98,688,1,0
65,99,719,1,0
65,100,779,1,0
65,101,881,1,0
65,102,899,1,0
65,103,1102,1,0
65,104,734,1,0
65,105,805,1,0
65,106,837,1,0
65,107,890,1,0
65,108,1000,1,0
65,109,734,1,0
65,110,910,1,0
65,111,896,1,0
65,112,979,1,0
65,113,731,1,0
65,114,694,1,0
65,115,925,1,0
65,116,1990,1,0
65,117,727,1,0
65,118,875,1,0
65,119,1186,1,0
65,120,1038,1,0
65,121,955,1,0
65,122,971,1,0
65,123,1237,1,0
65,124,774,1,0
65,125,1199,1,0
65,126,748,1,0
65,127,960,1,0
65,128,1139,1,0
65,129,712,1,0
65,130,687,1,0
65,131,834,1,0
65,132,627,1,0
65,133,655,1,0
65,134,598,1,0
65,135,1014,1,0
65,136,800,1,0
65,137,707,1,0
65,138,806,1,0
65,139,802,1,0
65,140,618,1,0
65,141,655,1,0
65,142,641,1,0
65,143,950,1,0
65,144,634,1,0
65,145,649,1,0
65,146,604,1,0
65,147,908,1,0
65,148,899,1,0
65,149,714,1,0
65,150,588,1,0
65,151,739,1,0
65,152,734,1,0
65,153,619,1,0
65,154,975,1,0
65,155,903,1,0
65,156,632,1,0
65,157,669,1,0
65,158,655,1,0
65,159,811,1,0
65,160,692,1,0
65,161,666,1,0
65,162,653,1,0
65,163,854,1,0
65,164,662,1,0
65,165,1074,1,0
65,166,1251,1,0
65,167,749,1,0
65,168,742,1,0
65,169,640,1,0
65,170,711,1,0
65,171,886,1,0
65,172,638,1,0
65,173,751,1,0
65,174,734,1,0
65,175,1096,1,0
65,176,737,1,0
65,177,719,1,0
65,178,877,1,0
65,179,800,1,0
65,180,636,1,0
65,181,639,1,0
65,182,658,1,0
65,183,1052,1,0
65,184,836,1,0
65,185,613,1,0
65,186,907,1,0
65,187,1081,1,0
65,188,1448,1,0
65,189,1035,1,0
65,190,714,1,0
65,191,1034,1,0
65,192,817,1,0
65,193,952,1,0
65,194,823,1,0
65,195,1377,1,0
65,196,874,1,0
65,197,879,1,0
65,198,911,1,0
65,199,816,1,0
65,200,709,1,0
65,201,673,1,0
65,202,955,1,0
65,203,847,1,0
65,204,862,1,0
65,205,913,1,0
65,206,945,1,0
65,207,915,1,0
65,208,677,1,0
65,209,911,1,0
65,210,792,1,0
65,211,1024,1,0
65,212,818,1,0
65,213,838,1,0
65,214,1302,1,0
65,215,995,1,0
65,216,728,1,0
65,217,835,1,0
65,218,886,1,0
65,219,913,1,0
65,220,861,1,0
65,221,881,1,0
65,222,687,1,0
65,223,766,1,0
65,224,554,1,0
65,225,666,1,0
65,226,741,1,0
65,227,661,1,0
65,228,608,1,0
65,229,594,1,0
65,230,699,1,0
65,231,543,1,0
65,232,648,1,0
65,233,629,1,0
65,234,618,1,0
65,235,767,1,0
65,236,615,1,0
65,237,670,1,0
65,238,597,1,0
65,239,620,1,0
65,240,791,1,0
65,241,642,1,0
65,242,611,1,0
65,243,645,1,0
65,244,760,1,0
65,245,609,1,0
65,246,725,1,0
65,247,643,1,0
65,248,728,1,0
65,249,617,1,0
65,250,1025,1,0
65,251,839,1,0
65,252,711,1,0
65,253,846,1,0
65,254,681,1,0
65,255,629,1,0
65,256,724,1,0
65,257,621,1,0
65,258,630,1,0
65,259,618,1,0
65,260,786,1,0
65,261,686,1,0
65,262,675,1,0
65,263,590,1,0
65,264,943,1,0
65,265,625,1,0
65,266,610,1,0
65,267,572,1,0
65,268,862,1,0
65,269,877,1,0
65,270,671,1,0
65,271,620,1,0
65,272,765,1,0
65,273,720,1,0
65,274,742,1,0
65,275,610,1,0
65,276,717,1,0
65,277,622,1,0
65,278,675,1,0
65,279,650,1,0
65,280,671,1,0
65,281,709,1,0
65,282,647,1,0
65,283,642,1,0
65,284,608,1,0
65,285,668,1,0
65,286,588,1,0
65,287,765,1,0
65,288,597,1,0
65,289,690,1,0
65,290,631,1,0
65,291,639,1,0
65,292,678,1,0
65,293,824,1,0
65,294,703,1,0
65,295,629,1,0
65,296,636,1,0
65,297,705,1,0
65,298,1086,1,0
65,299,1417,1,0
65,300,737,1,0
65,301,740,1,0
65,302,845,1,0
65,303,1178,1,0
65,304,697,1,0
65,305,831,1,0
65,306,736,1,0
65,307,957,1,0
65,308,1210,1,0
65,309,745,1,0
65,310,777,1,0
65,311,693,1,0
65,312,797,1,0
65,313,670,1,0
65,314,601,1,0
65,315,617,1,0
65,316,788,1,0
65,317,634,1,0
65,318,843,1,0
65,319,1217,1,0
65,320,870,1,0
65,321,751,1,0
65,322,627,1,0
65,323,734,1,0
65,324,763,1,0
65,325,696,1,0
65,326,675,1,0
65,327,687,1,0
65,328,963,1,0
65,329,655,1,0
65,330,680,1,0
65,331,658,1,0
65,332,632,1,0
65,333,786,1,0
65,334,644,1,0
65,335,700,1,0
65,336,609,1,0
65,337,841,1,0
65,338,644,1,0
65,339,557,1,0
65,340,649,1,0
65,341,655,1,0
65,342,666,1,0
65,343,735,1,0
65,344,591,1,0
65,345,603,1,0
65,346,679,1,0
65,347,701,1,0
65,348,725,1,0
65,349,653,1,0
65,350,724,1,0
65,351,627,1,0
65,352,692,1,0
65,353,653,1,0
65,354,631,1,0
65,355,674,1,0
65,356,681,1,0
65,357,622,1,0
65,358,744,1,0
65,359,700,1,0
65,360,682,1,0
65,361,699,1,0
65,362,629,1,0
65,363,678,1,0
65,364,619,1,0
65,365,832,1,0
65,366,833,1,0
65,367,863,1,0
65,368,595,1,0
65,369,686,1,0
65,370,982,1,0
65,371,1036,1,0
65,372,675,1,0
65,373,747,1,0
65,374,800,1,0
65,375,943,1,0
65,376,673,1,0
65,377,672,1,0
65,378,663,1,0
65,379,1000,1,0
65,380,1001,1,0
65,381,606,1,0
65,382,590,1,0
65,383,701,1,0
65,384,792,1,0
65,385,916,1,0
65,386,1251,1,0
65,387,984,1,0
65,388,1339,1,0
65,389,845,1,0
65,390,771,1,0
65,391,1189,1,0
65,392,1054,1,0
65,393,702,1,0
65,394,743,1,0
65,395,1064,1,0
65,396,725,1,0
65,397,835,1,0
65,398,1063,1,0
65,399,942,1,0
65,400,794,1,0
65,401,660,1,0
65,402,761,1,0
65,403,916,1,0
65,404,748,1,0
65,405,674,1,0
65,406,975,1,0
65,407,716,1,0
65,408,567,1,0
65,409,828,1,0
65,410,956,1,0
65,411,710,1,0
65,412,643,1,0
65,413,839,1,0
65,414,811,1,0
65,415,964,1,0
65,416,835,1,0
65,417,645,1,0
65,418,648,1,0
65,419,627,1,0
65,420,700,1,0
65,421,671,1,0
65,422,713,1,0
65,423,664,1,0
65,424,604,1,0
65,425,631,1,0
65,426,733,1,0
65,427,626,1,0
65,428,640,1,0
65,429,632,1,0
65,430,674,1,0
65,431,681,1,0
65,432,728,1,0
65,433,663,1,0
65,434,644,1,0
65,435,651,1,0
65,436,671,1,0
65,437,794,1,0
65,438,760,1,0
65,439,691,1,0
65,440,692,1,0
65,441,609,1,0
65,442,631,1,0
65,443,882,1,0
65,444,609,1,0
65,445,704,1,0
65,446,703,1,0
65,447,713,1,0
65,448,853,1,0
65,449,693,1,0
65,450,632,1,0
65,451,684,1,0
65,452,686,1,0
65,453,592,1,0
65,454,593,1,0
65,455,1030,1,0
65,456,589,1,0
65,457,658,1,0
65,458,630,1,0
65,459,611,1,0
65,460,1174,1,0
65,461,716,1,0
65,462,643,1,0
65,463,664,1,0
65,464,663,1,0
65,465,699,1,0
65,466,671,1,0
65,467,710,1,0
65,468,601,1,0
65,469,859,1,0
65,470,636,1,0
65,471,865,1,0
65,472,655,1,0
65,473,1032,1,0
65,474,1046,1,0
65,475,1178,1,0
65,476,1082,1,0
65,477,1076,1,0
65,478,1168,1,0
65,479,1047,1,0
65,480,1525,1,0
65,481,1189,1,0
65,482,1071,1,0
65,483,886,1,0
65,484,732,1,0
65,485,885,1,0
65,486,1023,1,0
65,487,1297,1,0
65,488,867,1,0
65,489,1002,1,0
65,490,924,1,0
65,491,1255,1,0
65,492,841,1,0
65,493,904,1,0
65,494,828,1,0
65,495,929,1,0
65,496,715,1,0
65,497,778,1,0
65,498,686,1,0
65,499,715,1,0
65,500,995,1,0
65,501,1083,1,0
65,502,944,1,0
65,503,1176,1,0
65,504,920,1,0
65,505,612,1,0
65,506,667,1,0
65,507,631,1,0
65,508,684,1,0
65,509,645,1,0
65,510,731,1,0
65,511,684,1,0
65,512,698,1,0
65,513,636,1,0
65,514,665,1,0
65,515,677,1,0
65,516,631,1,0
65,517,654,1,0
65,518,693,1,0
65,519,645,1,0
65,520,727,1,0
65,521,762,1,0
65,522,653,1,0
65,523,682,1,0
65,524,686,1,0
65,525,841,1,0
65,526,607,1,0
65,527,667,1,0
65,528,639,1,0
65,529,769,1,0
65,530,655,1,0
65,531,669,1,0
65,532,704,1,0
65,533,621,1,0
65,534,661,1,0
65,535,616,1,0
65,536,745,1,0
65,537,697,1,0
65,538,751,1,0
65,539,703,1,0
65,540,743,1,0
65,541,639,1,0
65,542,653,1,0
65,543,686,1,0
65,544,669,1,0
65,545,590,1,0
65,546,689,1,0
65,547,788,1,0
65,548,761,1,0
65,549,709,1,0
65,550,766,1,0
65,551,760,1,0
65,552,718,1,0
65,553,751,1,0
65,554,647,1,0
65,555,668,1,0
65,556,1085,1,0
65,557,767,1,0
65,558,794,1,0
65,559,760,1,0
65,560,697,1,0
65,561,759,1,0
65,562,767,1,0
65,563,1233,1,0
65,564,1038,1,0
65,565,1015,1,0
65,566,864,1,0
65,567,979,1,0
65,568,880,1,0
65,569,791,1,0
65,570,890,1,0
65,571,870,1,0
65,572,724,1,0
65,573,875,1,0
65,574,904,1,0
65,575,1117,1,0
65,576,903,1,0
65,577,1025,1,0
65,578,876,1,0
65,579,914,1,0
65,580,667,1,0
65,581,870,1,0
65,582,666,1,0
65,583,787,1,0
65,584,910,1,0
65,585,908,1,0
65,586,814,1,0
65,587,819,1,0
65,588,742,1,0
65,589,805,1,0
65,590,1073,1,0
65,591,1013,1,0
65,592,977,1,0
65,593,998,1,0
65,594,753,1,0
65,595,693,1,0
65,596,981,1,0
65,597,726,1,0
65,598,593,1,0
65,599,738,1,0
66,0,2234,1,0
66,1,986,1,0
66,2,975,1,0
66,3,969,1,0
66,4,808,1,0
66,5,965,1,0
66,6,1393,1,0
66,7,811,1,0
66,8,1725,1,0
66,9,1256,1,0
66,10,880,1,0
66,11,942,1,0
66,12,876,1,0
66,13,1704,1,0
66,14,821,1,0
66,15,743,1,0
66,16,973,1,0
66,17,713,1,0
66,18,632,1,0
66,19,649,1,0
66,20,586,1,0
66,21,614,1,0
66,22,663,1,0
66,23,580,1,0
66,24,683,1,0
66,25,651,1,0
66,26,766,1,0
66,27,736,1,0
66,28,722,1,0
66,29,846,1,0
66,30,654,1,0
66,31,753,1,0
66,32,595,1,0
66,33,644,1,0
66,34,617,1,0
66,35,643,1,0
66,36,575,1,0
66,37,786,1,0
66,38,761,1,0
66,39,631,1,0
66,40,597,1,0
66,41,592,1,0
66,42,580,1,0
66,43,862,1,0
66,44,801,1,0
66,45,639,1,0
66,46,559,1,0
66,47,618,1,0
66,48,678,1,0
66,49,633,1,0
66,50,693,1,0
66,51,709,1,0
66,52,699,1,0
66,53,800,1,0
66,54,645,1,0
66,55,679,1,0
66,56,980,1,0
66,57,783,1,0
66,58,825,1,0
66,59,772,1,0
66,60,643,1,0
66,61,634,1,0
66,62,689,1,0
66,63,779,1,0
66,64,619,1,0
66,65,722,1,0
66,66,716,1,0
66,67,610,1,0
66,68,1003,1,0
66,69,1281,1,0
66,70,745,1,0
66,71,738,1,0
66,72,1192,1,0
66,73,1123,1,0
66,74,1060,1,0
66,75,1344,1,0
66,76,835,1,0
66,77,632,1,0
66,78,975,1,0
66,79,670,1,0
66,80,592,1,0
66,81,657,1,0
66,82,866,1,0
66,83,667,1,0
66,84,731,1,0
66,85,736,1,0
66,86,623,1,0
66,87,842,1,0
66,88,1023,1,0
66,89,867,1,0
66,90,1095,1,0
66,91,927,1,0
66,92,671,1,0
66,93,643,1,0
66,94,847,1,0
66,95,808,1,0
66,96,770,1,0
66,97,811,1,0
66,98,940,1,0
66,99,893,1,0
66,100,834,1,0
66,101,642,1,0
66,102,660,1,0
66,103,815,1,0
66,104,637,1,0
66,105,647,1,0
66,106,628,1,0
66,107,1114,1,0
66,108,699,1,0
66,109,654,1,0
66,110,621,1,0
66,111,711,1,0
66,112,780,1,0
66,113,821,1,0
66,114,701,1,0
66,115,656,1,0
66,116,792,1,0
66,117,651,1,0
66,118,675,1,0
66,119,704,1,0
66,120,688,1,0
66,121,765,1,0
66,122,668,1,0
66,123,764,1,0
66,124,608,1,0
66,125,669,1,0
66,126,619,1,0
66,127,722,1,0
66,128,996,1,0
66,129,701,1,0
66,130,684,1,0
66,131,743,1,0
66,132,611,1,0
66,133,659,1,0
66,134,623,1,0
66,135,798,1,0
66,136,614,1,0
66,137,635,1,0
66,138,745,1,0
66,139,789,1,0
66,140,688,1,0
66,141,632,1,0
66,142,716,1,0
66,143,833,1,0
66,144,712,1,0
66,145,657,1,0
66,146,654,1,0
66,147,683,1,0
66,148,771,1,0
66,149,719,1,0
66,150,695,1,0
66,151,1026,1,0
66,152,934,1,0
66,153,2931,1,0
66,154,641,1,0
66,155,828,1,0
66,156,729,1,0
66,157,677,1,0
66,158,972,1,0
66,159,782,1,0
66,160,705,1,0
66,161,742,1,0
66,162,759,1,0
66,163,1345,1,0
66,164,914,1,0
66,165,1124,1,0
66,166,901,1,0
66,167,1108,1,0
66,168,839,1,0
66,169,765,1,0
66,170,1373,1,0
66,171,1150,1,0
66,172,748,1,0
66,173,957,1,0
66,174,807,1,0
66,175,802,1,0
66,176,854,1,0
66,177,782,1,0
66,178,835,1,0
66,179,1279,1,0
66,180,685,1,0
66,181,746,1,0
66,182,792,1,0
66,183,1018,1,0
66,184,730,1,0
66,185,737,1,0
66,186,912,1,0
66,187,1258,1,0
66,188,892,1,0
66,189,622,1,0
66,190,579,1,0
66,191,804,1,0
66,192,667,1,0
66,193,628,1,0
66,194,618,1,0
66,195,1652,1,0
66,196,629,1,0
66,197,725,1,0
66,198,744,1,0
66,199,825,1,0
66,200,610,1,0
66,201,835,1,0
66,202,617,1,0
66,203,679,1,0
66,204,644,1,0
66,205,644,1,0
66,206,715,1,0
66,207,866,1,0
66,208,651,1,0
66,209,718,1,0
66,210,852,1,0
66,211,688,1,0
66,212,744,1,0
66,213,535,1,0
66,214,722,1,0
66,215,627,1,0
66,216,597,1,0
66,217,622,1,0
66,218,655,1,0
66,219,609,1,0
66,220,785,1,0
66,221,591,1,0
66,222,650,1,0
66,223,627,1,0
66,224,679,1,0
66,225,715,1,0
66,226,597,1,0
66,227,683,1,0
66,228,593,1,0
66,229,562,1,0
66,230,804,1,0
66,231,609,1,0
66,232,624,1,0
66,233,668,1,0
66,234,613,1,0
66,235,734,1,0
66,236,690,1,0
66,237,614,1,0
66,238,648,1,0
66,239,727,1,0
66,240,1018,1,0
66,241,669,1,0
66,242,680,1,0
66,243,652,1,0
66,244,1079,1,0
66,245,714,1,0
66,246,680,1,0
66,247,733,1,0
66,248,913,1,0
66,249,579,1,0
66,250,615,1,0
66,251,694,1,0
66,252,810,1,0
66,253,681,1,0
66,254,866,1,0
66,255,685,1,0
66,256,751,1,0
66,257,603,1,0
66,258,641,1,0
66,259,636,1,0
66,260,744,1,0
66,261,906,1,0
66,262,784,1,0
66,263,658,1,0
66,264,794,1,0
66,265,741,1,0
66,266,659,1,0
66,267,726,1,0
66,268,1051,1,0
66,269,899,1,0
66,270,660,1,0
66,271,841,1,0
66,272,876,1,0
66,273,653,1,0
66,274,707,1,0
66,275,716,1,0
66,276,892,1,0
66,277,730,1,0
66,278,756,1,0
66,279,973,1,0
66,280,874,1,0
66,281,849,1,0
66,282,762,1,0
66,283,661,1,0
66,284,600,1,0
66,285,777,1,0
66,286,591,1,0
66,287,693,1,0
66,288,893,1,0
66,289,810,1,0
66,290,621,1,0
66,291,605,1,0
66,292,732,1,0
66,293,717,1,0
66,294,766,1,0
66,295,738,1,0
66,296,665,1,0
66,297,610,1,0
66,298,953,1,0
66,299,816,1,0
66,300,719,1,0
66,301,655,1,0
66,302,624,1,0
66,303,748,1,0
66,304,673,1,0
66,305,642,1,0
66,306,647,1,0
66,307,663,1,0
66,308,640,1,0
66,309,624,1,0
66,310,659,1,0
66,311,650,1,0
66,312,687,1,0
66,313,614,1,0
66,314,609,1,0
66,315,677,1,0
66,316,736,1,0
66,317,626,1,0
66,318,607,1,0
66,319,715,1,0
66,320,843,1,0
66,321,673,1,0
66,322,722,1,0
66,323,631,1,0
66,324,809,1,0
66,325,636,1,0
66,326,622,1,0
66,327,665,1,0
66,328,779,1,0
66,329,570,1,0
66,330,639,1,0
66,331,730,1,0
66,332,1092,1,0
66,333,901,1,0
66,334,960,1,0
66,335,589,1,0
66,336,607,1,0
66,337,692,1,0
66,338,648,1,0
66,339,812,1,0
66,340,654,1,0
66,341,797,1,0
66,342,619,1,0
66,343,797,1,0
66,344,606,1,0
66,345,860,1,0
66,346,735,1,0
66,347,652,1,0
66,348,784,1,0
66,349,954,1,0
66,350,969,1,0
66,351,698,1,0
66,352,941,1,0
66,353,854,1,0
66,354,780,1,0
66,355,1055,1,0
66,356,789,1,0
66,357,881,1,0
66,358,950,1,0
66,359,863,1,0
66,360,931,1,0
66,361,837,1,0
66,362,831,1,0
66,363,836,1,0
66,364,809,1,0
66,365,771,1,0
66,366,907,1,0
66,367,957,1,0
66,368,788,1,0
66,369,748,1,0
66,370,731,1,0
66,371,933,1,0
66,372,871,1,0
66,373,786,1,0
66,374,765,1,0
66,375,721,1,0
66,376,770,1,0
66,377,682,1,0
66,378,671,1,0
66,379,784,1,0
66,380,930,1,0
66,381,660,1,0
66,382,622,1,0
66,383,814,1,0
66,384,676,1,0
66,385,698,1,0
66,386,792,1,0
66,387,738,1,0
66,388,734,1,0
66,389,718,1,0
66,390,610,1,0
66,391,705,1,0
66,392,617,1,0
66,393,559,1,0
66,394,619,1,0
66,395,653,1,0
66,396,627,1,0
66,397,726,1,0
66,398,652,1,0
66,399,644,1,0
66,400,617,1,0
66,401,617,1,0
66,402,725,1,0
66,403,793,1,0
66,404,677,1,0
66,405,641,1,0
66,406,617,1,0
66,407,741,1,0
66,408,674,1,0
66,409,630,1,0
66,410,605,1,0
66,411,854,1,0
66,412,731,1,0
66,413,694,1,0
66,414,615,1,0
66,415,653,1,0
66,416,660,1,0
66,417,655,1,0
66,418,814,1,0
66,419,699,1,0
66,420,686,1,0
66,421,616,1,0
66,422,979,1,0
66,423,727,1,0
66,424,609,1,0
66,425,651,1,0
66,426,603,1,0
66,427,784,1,0
66,428,756,1,0
66,429,680,1,0
66,430,641,1,0
66,431,831,1,0
66,432,667,1,0
66,433,644,1,0
66,434,696,1,0
66,435,763,1,0
66,436,671,1,0
66,437,715,1,0
66,438,866,1,0
66,439,744,1,0
66,440,631,1,0
66,441,1074,1,0
66,442,799,1,0
66,443,1178,1,0
66,444,675,1,0
66,445,728,1,0
66,446,988,1,0
66,447,950,1,0
66,448,1039,1,0
66,449,836,1,0
66,450,921,1,0
66,451,968,1,0
66,452,910,1,0
66,453,905,1,0
66,454,982,1,0
66,455,1445,1,0
66,456,892,1,0
66,457,825,1,0
66,458,823,1,0
66,459,941,1,0
66,460,853,1,0
66,461,888,1,0
66,462,877,1,0
66,463,851,1,0
66,464,904,1,0
66,465,687,1,0
66,466,931,1,0
66,467,1047,1,0
66,468,938,1,0
66,469,740,1,0
66,470,710,1,0
66,471,1042,1,0
66,472,680,1,0
66,473,556,1,0
66,474,738,1,0
66,475,854,1,0
66,476,689,1,0
66,477,663,1,0
66,478,655,1,0
66,479,815,1,0
66,480,1791,1,0
66,481,618,1,0
66,482,650,1,0
66,483,630,1,0
66,484,620,1,0
66,485,613,1,0
66,486,614,1,0
66,487,727,1,0
66,488,631,1,0
66,489,1168,1,0
66,490,738,1,0
66,491,795,1,0
66,492,615,1,0
66,493,614,1,0
66,494,666,1,0
66,495,702,1,0
66,496,609,1,0
66,497,662,1,0
66,498,620,1,0
66,499,633,1,0
66,500,741,1,0
66,501,951,1,0
66,502,808,1,0
66,503,762,1,0
66,504,787,1,0
66,505,695,1,0
66,506,756,1,0
66,507,654,1,0
66,508,797,1,0
66,509,613,1,0
66,510,747,1,0
66,511,694,1,0
66,512,885,1,0
66,513,675,1,0
66,514,602,1,0
66,515,811,1,0
66,516,712,1,0
66,517,591,1,0
66,518,620,1,0
66,519,636,1,0
66,520,674,1,0
66,521,636,1,0
66,522,960,1,0
66,523,835,1,0
66,524,714,1,0
66,525,689,1,0
66,526,623,1,0
66,527,688,1,0
66,528,939,1,0
66,529,745,1,0
66,530,725,1,0
66,531,865,1,0
66,532,923,1,0
66,533,688,1,0
66,534,610,1,0
66,535,921,1,0
66,536,754,1,0
66,537,1010,1,0
66,538,879,1,0
66,539,720,1,0
66,540,693,1,0
66,541,1079,1,0
66,542,1054,1,0
66,543,1132,1,0
66,544,1032,1,0
66,545,988,1,0
66,546,922,1,0
66,547,819,1,0
66,548,1012,1,0
66,549,962,1,0
66,550,979,1,0
66,551,907,1,0
66,552,793,1,0
66,553,955,1,0
66,554,839,1,0
66,555,823,1,0
66,556,890,1,0
66,557,847,1,0
66,558,781,1,0
66,559,796,1,0
66,560,922,1,0
66,561,1079,1,0
66,562,974,1,0
66,563,813,1,0
66,564,777,1,0
66,565,707,1,0
66,566,1061,1,0
66,567,788,1,0
66,568,628,1,0
66,569,920,1,0
66,570,649,1,0
66,571,649,1,0
66,572,660,1,0
66,573,685,1,0
66,574,694,1,0
66,575,618,1,0
66,576,668,1,0
66,577,755,1,0
66,578,612,1,0
66,579,732,1,0
66,580,642,1,0
66,581,703,1,0
66,582,695,1,0
66,583,593,1,0
66,584,607,1,0
66,585,719,1,0
66,586,640,1,0
66,587,592,1,0
66,588,674,1,0
66,589,663,1,0
66,590,661,1,0
66,591,619,1,0
66,592,733,1,0
66,593,736,1,0
66,594,1084,1,0
66,595,672,1,0
66,596,578,1,0
66,597,678,1,0
66,598,675,1,0
66,599,661,1,0
67,0,1634,1,0
67,1,684,1,0
67,2,765,1,0
67,3,650,1,0
67,4,719,1,0
67,5,680,1,0
67,6,898,1,0
67,7,660,1,0
67,8,926,1,0
67,9,636,1,0
67,10,717,1,0
67,11,809,1,0
67,12,634,1,0
67,13,1181,1,0
67,14,692,1,0
67,15,626,1,0
67,16,584,1,0
67,17,678,1,0
67,18,645,1,0
67,19,616,1,0
67,20,613,1,0
67,21,662,1,0
67,22,696,1,0
67,23,641,1,0
67,24,684,1,0
67,25,809,1,0
67,26,758,1,0
67,27,653,1,0
67,28,1218,1,0
67,29,721,1,0
67,30,671,1,0
67,31,602,1,0
67,32,685,1,0
67,33,626,1,0
67,34,666,1,0
67,35,634,1,0
67,36,612,1,0
67,37,675,1,0
67,38,788,1,0
67,39,614,1,0
67,40,729,1,0
67,41,612,1,0
67,42,597,1,0
67,43,757,1,0
67,44,596,1,0
67,45,620,1,0
67,46,621,1,0
67,47,817,1,0
67,48,778,1,0
67,49,630,1,0
67,50,724,1,0
67,51,613,1,0
67,52,685,1,0
67,53,719,1,0
67,54,792,1,0
67,55,647,1,0
67,56,1036,1,0
67,57,965,1,0
67,58,1879,1,0
67,59,1770,1,0
67,60,1137,1,0
67,61,1134,1,0
67,62,930,1,0
67,63,1202,1,0
67,64,562,1,0
67,65,695,1,0
67,66,584,1,0
67,67,646,1,0
67,68,1042,1,0
67,69,1023,1,0
67,70,717,1,0
67,71,606,1,0
67,72,619,1,0
67,73,665,1,0
67,74,723,1,0
67,75,641,1,0
67,76,759,1,0
67,77,520,1,0
67,78,971,1,0
67,79,601,1,0
67,80,566,1,0
67,81,551,1,0
67,82,576,1,0
67,83,613,1,0
67,84,598,1,0
67,85,605,1,0
67,86,587,1,0
67,87,606,1,0
67,88,707,1,0
67,89,612,1,0
67,90,649,1,0
67,91,705,1,0
67,92,614,1,0
67,93,622,1,0
67,94,608,1,0
67,95,663,1,0
67,96,593,1,0
67,97,745,1,0
67,98,1033,1,0
67,99,701,1,0
67,100,623,1,0
67,101,582,1,0
67,102,688,1,0
67,103,783,1,0
67,104,657,1,0
67,105,645,1,0
67,106,663,1,0
67,107,638,1,0
67,108,775,1,0
67,109,849,1,0
67,110,649,1,0
67,111,605,1,0
67,112,859,1,0
67,113,619,1,0
67,114,672,1,0
67,115,710,1,0
67,116,1025,1,0
67,117,612,1,0
67,118,782,1,0
67,119,691,1,0
67,120,852,1,0
67,121,1189,1,0
67,122,785,1,0
67,123,1186,1,0
67,124,764,1,0
67,125,1260,1,0
67,126,1121,1,0
67,127,972,1,0
67,128,1189,1,0
67,129,1102,1,0
67,130,765,1,0
67,131,941,1,0
67,132,801,1,0
67,133,739,1,0
67,134,931,1,0
67,135,1194,1,0
67,136,1050,1,0
67,137,949,1,0
67,138,1000,1,0
67,139,686,1,0
67,140,1142,1,0
67,141,882,1,0
67,142,948,1,0
67,143,923,1,0
67,144,826,1,0
67,145,996,1,0
67,146,783,1,0
67,147,1167,1,0
67,148,783,1,0
67,149,898,1,0
67,150,814,1,0
67,151,685,1,0
67,152,742,1,0
67,153,571,1,0
67,154,953,1,0
67,155,621,1,0
67,156,618,1,0
67,157,600,1,0
67,158,694,1,0
67,159,853,1,0
67,160,580,1,0
67,161,583,1,0
67,162,608,1,0
67,163,653,1,0
67,164,651,1,0
67,165,724,1,0
67,166,936,1,0
67,167,762,1,0
67,168,869,1,0
67,169,581,1,0
67,170,651,1,0
67,171,699,1,0
67,172,625,1,0
67,173,607,1,0
67,174,569,1,0
67,175,871,1,0
67,176,643,1,0
67,177,619,1,0
67,178,715,1,0
67,179,665,1,0
67,180,607,1,0
67,181,583,1,0
67,182,609,1,0
67,183,625,1,0
67,184,633,1,0
67,185,675,1,0
67,186,625,1,0
67,187,683,1,0
67,188,798,1,0
67,189,682,1,0
67,190,602,1,0
67,191,630,1,0
67,192,668,1,0
67,193,614,1,0
67,194,669,1,0
67,195,1182,1,0
67,196,704,1,0
67,197,1414,1,0
67,198,846,1,0
67,199,787,1,0
67,200,760,1,0
67,201,1046,1,0
67,202,588,1,0
67,203,704,1,0
67,204,578,1,0
67,205,667,1,0
67,206,666,1,0
67,207,660,1,0
67,208,912,1,0
67,209,702,1,0
67,210,666,1,0
67,211,665,1,0
67,212,695,1,0
67,213,616,1,0
67,214,713,1,0
67,215,580,1,0
67,216,682,1,0
67,217,638,1,0
67,218,687,1,0
67,219,740,1,0
67,220,699,1,0
67,221,658,1,0
67,222,673,1,0
67,223,642,1,0
67,224,617,1,0
67,225,779,1,0
67,226,766,1,0
67,227,667,1,0
67,228,770,1,0
67,229,887,1,0
67,230,685,1,0
67,231,625,1,0
67,232,618,1,0
67,233,696,1,0
67,234,768,1,0
67,235,1022,1,0
67,236,839,1,0
67,237,736,1,0
67,238,818,1,0
67,239,814,1,0
67,240,1276,1,0
67,241,885,1,0
67,242,823,1,0
67,243,632,1,0
67,244,834,1,0
67,245,580,1,0
67,246,662,1,0
67,247,687,1,0
67,248,594,1,0
67,249,666,1,0
67,250,804,1,0
67,251,739,1,0
67,252,720,1,0
67,253,647,1,0
67,254,618,1,0
67,255,583,1,0
67,256,647,1,0
67,257,616,1,0
67,258,599,1,0
67,259,662,1,0
67,260,600,1,0
67,261,658,1,0
67,262,600,1,0
67,263,651,1,0
67,264,643,1,0
67,265,596,1,0
67,266,697,1,0
67,267,717,1,0
67,268,801,1,0
67,269,916,1,0
67,270,677,1,0
67,271,628,1,0
67,272,608,1,0
67,273,554,1,0
67,274,613,1,0
67,275,616,1,0
67,276,711,1,0
67,277,606,1,0
67,278,562,1,0
67,279,612,1,0
67,280,630,1,0
67,281,638,1,0
67,282,601,1,0
67,283,647,1,0
67,284,655,1,0
67,285,729,1,0
67,286,656,1,0
67,287,610,1,0
67,288,932,1,0
67,289,806,1,0
67,290,674,1,0
67,291,654,1,0
67,292,760,1,0
67,293,748,1,0
67,294,663,1,0
67,295,689,1,0
67,296,680,1,0
67,297,647,1,0
67,298,1021,1,0
67,299,834,1,0
67,300,734,1,0
67,301,912,1,0
67,302,599,1,0
67,303,779,1,0
67,304,669,1,0
67,305,681,1,0
67,306,690,1,0
67,307,742,1,0
67,308,870,1,0
67,309,636,1,0
67,310,605,1,0
67,311,682,1,0
67,312,714,1,0
67,313,629,1,0
67,314,597,1,0
67,315,622,1,0
67,316,733,1,0
67,317,607,1,0
67,318,699,1,0
67,319,913,1,0
67,320,858,1,0
67,321,691,1,0
67,322,807,1,0
67,323,829,1,0
67,324,944,1,0
67,325,915,1,0
67,326,1177,1,0
67,327,727,1,0
67,328,964,1,0
67,329,715,1,0
67,330,836,1,0
67,331,721,1,0
67,332,815,1,0
67,333,684,1,0
67,334,677,1,0
67,335,683,1,0
67,336,1109,1,0
67,337,868,1,0
67,338,841,1,0
67,339,766,1,0
67,340,714,1,0
67,341,719,1,0
67,342,686,1,0
67,343,750,1,0
67,344,653,1,0
67,345,688,1,0
67,346,978,1,0
67,347,663,1,0
67,348,649,1,0
67,349,605,1,0
67,350,766,1,0
67,351,597,1,0
67,352,702,1,0
67,353,633,1,0
67,354,695,1,0
67,355,601,1,0
67,356,770,1,0
67,357,602,1,0
67,358,759,1,0
67,359,610,1,0
67,360,710,1,0
67,361,614,1,0
67,362,638,1,0
67,363,853,1,0
67,364,631,1,0
67,365,614,1,0
67,366,713,1,0
67,367,642,1,0
67,368,668,1,0
67,369,598,1,0
67,370,667,1,0
67,371,673,1,0
67,372,605,1,0
67,373,621,1,0
67,374,630,1,0
67,375,666,1,0
67,376,609,1,0
67,377,602,1,0
67,378,628,1,0
67,379,789,1,0
67,380,1276,1,0
67,381,593,1,0
67,382,688,1,0
67,383,720,1,0
67,384,778,1,0
67,385,754,1,0
67,386,914,1,0
67,387,897,1,0
67,388,629,1,0
67,389,614,1,0
67,390,817,1,0
67,391,817,1,0
67,392,671,1,0
67,393,660,1,0
67,394,658,1,0
67,395,773,1,0
67,396,677,1,0
67,397,656,1,0
67,398,627,1,0
67,399,668,1,0
67,400,747,1,0
67,401,680,1,0
67,402,788,1,0
67,403,744,1,0
67,404,730,1,0
67,405,695,1,0
67,406,767,1,0
67,407,774,1,0
67,408,776,1,0
67,409,704,1,0
67,410,755,1,0
67,411,1117,1,0
67,412,909,1,0
67,413,902,1,0
67,414,848,1,0
67,415,1125,1,0
67,416,1004,1,0
67,417,835,1,0
67,418,689,1,0
67,419,1057,1,0
67,420,1338,1,0
67,421,854,1,0
67,422,722,1,0
67,423,972,1,0
67,424,1032,1,0
67,425,760,1,0
67,426,903,1,0
67,427,918,1,0
67,428,698,1,0
67,429,854,1,0
67,430,903,1,0
67,431,1021,1,0
67,432,705,1,0
67,433,625,1,0
67,434,633,1,0
67,435,809,1,0
67,436,671,1,0
67,437,603,1,0
67,438,639,1,0
67,439,653,1,0
67,440,694,1,0
67,441,674,1,0
67,442,682,1,0
67,443,836,1,0
67,444,666,1,0
67,445,971,1,0
67,446,691,1,0
67,447,812,1,0
67,448,640,1,0
67,449,626,1,0
67,450,640,1,0
67,451,625,1,0
67,452,639,1,0
67,453,579,1,0
67,454,598,1,0
67,455,852,1,0
67,456,617,1,0
67,457,1053,1,0
67,458,649,1,0
67,459,876,1,0
67,460,795,1,0
67,461,644,1,0
67,462,760,1,0
67,463,816,1,0
67,464,710,1,0
67,465,669,1,0
67,466,727,1,0
67,467,721,1,0
67,468,654,1,0
67,469,678,1,0
67,470,744,1,0
67,471,685,1,0
67,472,620,1,0
67,473,600,1,0
67,474,621,1,0
67,475,820,1,0
67,476,679,1,0
67,477,637,1,0
67,478,654,1,0
67,479,743,1,0
67,480,1098,1,0
67,481,638,1,0
67,482,660,1,0
67,483,697,1,0
67,484,603,1,0
67,485,832,1,0
67,486,870,1,0
67,487,963,1,0
67,488,617,1,0
67,489,1066,1,0
67,490,703,1,0
67,491,972,1,0
67,492,590,1,0
67,493,701,1,0
67,494,675,1,0
67,495,832,1,0
67,496,667,1,0
67,497,630,1,0
67,498,631,1,0
67,499,909,1,0
67,500,826,1,0
67,501,707,1,0
67,502,1319,1,0
67,503,1017,1,0
67,504,654,1,0
67,505,810,1,0
67,506,747,1,0
67,507,758,1,0
67,508,838,1,0
67,509,579,1,0
67,510,707,1,0
67,511,800,1,0
67,512,1124,1,0
67,513,623,1,0
67,514,866,1,0
67,515,727,1,0
67,516,932,1,0
67,517,701,1,0
67,518,852,1,0
67,519,733,1,0
67,520,1204,1,0
67,521,648,1,0
67,522,768,1,0
67,523,778,1,0
67,524,813,1,0
67,525,699,1,0
67,526,591,1,0
67,527,715,1,0
67,528,774,1,0
67,529,576,1,0
67,530,735,1,0
67,531,597,1,0
67,532,700,1,0
67,533,755,1,0
67,534,607,1,0
67,535,642,1,0
67,536,635,1,0
67,537,701,1,0
67,538,689,1,0
67,539,804,1,0
67,540,564,1,0
67,541,743,1,0
67,542,607,1,0
67,543,568,1,0
67,544,605,1,0
67,545,753,1,0
67,546,582,1,0
67,547,700,1,0
67,548,854,1,0
67,549,703,1,0
67,550,761,1,0
67,551,637,1,0
67,552,696,1,0
67,553,716,1,0
67,554,629,1,0
67,555,594,1,0
67,556,649,1,0
67,557,737,1,0
67,558,753,1,0
67,559,602,1,0
67,560,602,1,0
67,561,724,1,0
67,562,566,1,0
67,563,788,1,0
67,564,668,1,0
67,565,762,1,0
67,566,742,1,0
67,567,616,1,0
67,568,581,1,0
67,569,731,1,0
67,570,603,1,0
67,571,667,1,0
67,572,662,1,0
67,573,666,1,0
67,574,844,1,0
67,575,646,1,0
67,576,867,1,0
67,577,636,1,0
67,578,664,1,0
67,579,679,1,0
67,580,613,1,0
67,581,743,1,0
67,582,1332,1,0
67,583,955,1,0
67,584,624,1,0
67,585,1114,1,0
67,586,823,1,0
67,587,590,1,0
67,588,650,1,0
67,589,686,1,0
67,590,894,1,0
67,591,648,1,0
67,592,1089,1,0
67,593,834,1,0
67,594,1092,1,0
67,595,901,1,0
67,596,857,1,0
67,597,861,1,0
67,598,1296,1,0
67,599,978,1,0
68,0,3194,1,0
68,1,777,1,0
68,2,667,1,0
68,3,838,1,0
68,4,769,1,0
68,5,998,1,0
68,6,961,1,0
68,7,1026,1,0
68,8,1209,1,0
68,9,878,1,0
68,10,854,1,0
68,11,911,1,0
68,12,890,1,0
68,13,1863,1,0
68,14,933,1,0
68,15,753,1,0
68,16,681,1,0
68,17,706,1,0
68,18,896,1,0
68,19,781,1,0
68,20,953,1,0
68,21,1195,1,0
68,22,1021,1,0
68,23,716,1,0
68,24,757,1,0
68,25,981,1,0
68,26,645,1,0
68,27,789,1,0
68,28,620,1,0
68,29,573,1,0
68,30,648,1,0
68,31,640,1,0
68,32,640,1,0
68,33,578,1,0
68,34,524,1,0
68,35,548,1,0
68,36,654,1,0
68,37,637,1,0
68,38,574,1,0
68,39,633,1,0
68,40,678,1,0
68,41,654,1,0
68,42,616,1,0
68,43,633,1,0
68,44,654,1,0
68,45,647,1,0
68,46,646,1,0
68,47,609,1,0
68,48,866,1,0
68,49,692,1,0
68,50,715,1,0
68,51,656,1,0
68,52,674,1,0
68,53,649,1,0
68,54,576,1,0
68,55,660,1,0
68,56,672,1,0
68,57,631,1,0
68,58,812,1,0
68,59,733,1,0
68,60,735,1,0
68,61,701,1,0
68,62,615,1,0
68,63,630,1,0
68,64,678,1,0
68,65,632,1,0
68,66,701,1,0
68,67,767,1,0
68,68,1186,1,0
68,69,1271,1,0
68,70,1379,1,0
68,71,975,1,0
68,72,1156,1,0
68,73,771,1,0
68,74,1339,1,0
68,75,687,1,0
68,76,701,1,0
68,77,665,1,0
68,78,817,1,0
68,79,639,1,0
68,80,636,1,0
68,81,629,1,0
68,82,627,1,0
68,83,617,1,0
68,84,656,1,0
68,85,635,1,0
68,86,692,1,0
68,87,663,1,0
68,88,1007,1,0
68,89,607,1,0
68,90,755,1,0
68,91,622,1,0
68,92,640,1,0
68,93,635,1,0
68,94,635,1,0
68,95,608,1,0
68,96,620,1,0
68,97,729,1,0
68,98,901,1,0
68,99,661,1,0
68,100,794,1,0
68,101,726,1,0
68,102,773,1,0
68,103,923,1,0
68,104,765,1,0
68,105,792,1,0
68,106,860,1,0
68,107,763,1,0
68,108,1002,1,0
68,109,787,1,0
68,110,1240,1,0
68,111,789,1,0
68,112,676,1,0
68,113,690,1,0
68,114,609,1,0
68,115,603,1,0
68,116,777,1,0
68,117,852,1,0
68,118,1107,1,0
68,119,847,1,0
68,120,745,1,0
68,121,835,1,0
68,122,604,1,0
68,123,741,1,0
68,124,639,1,0
68,125,681,1,0
68,126,617,1,0
68,127,636,1,0
68,128,826,1,0
68,129,674,1,0
68,130,623,1,0
68,131,634,1,0
68,132,637,1,0
68,133,629,1,0
68,134,615,1,0
68,135,671,1,0
68,136,668,1,0
68,137,634,1,0
68,138,800,1,0
68,139,642,1,0
68,140,612,1,0
68,141,703,1,0
68,142,619,1,0
68,143,839,1,0
68,144,634,1,0
68,145,685,1,0
68,146,668,1,0
68,147,684,1,0
68,148,694,1,0
68,149,691,1,0
68,150,630,1,0
68,151,627,1,0
68,152,618,1,0
68,153,606,1,0
68,154,646,1,0
68,155,596,1,0
68,156,665,1,0
68,157,660,1,0
68,158,703,1,0
68,159,745,1,0
68,160,619,1,0
68,161,719,1,0
68,162,618,1,0
68,163,710,1,0
68,164,996,1,0
68,165,795,1,0
68,166,790,1,0
68,167,704,1,0
68,168,869,1,0
68,169,657,1,0
68,170,808,1,0
68,171,659,1,0
68,172,586,1,0
68,173,933,1,0
68,174,689,1,0
68,175,1165,1,0
68,176,937,1,0
68,177,827,1,0
68,178,974,1,0
68,179,1081,1,0
68,180,1303,1,0
68,181,912,1,0
68,182,898,1,0
68,183,808,1,0
68,184,994,1,0
68,185,1010,1,0
68,186,947,1,0
68,187,911,1,0
68,188,873,1,0
68,189,695,1,0
68,190,688,1,0
68,191,696,1,0
68,192,777,1,0
68,193,745,1,0
68,194,745,1,0
68,195,1202,1,0
68,196,786,1,0
68,197,1275,1,0
68,198,990,1,0
68,199,772,1,0
68,200,707,1,0
68,201,798,1,0
68,202,738,1,0
68,203,722,1,0
68,204,630,1,0
68,205,646,1,0
68,206,628,1,0
68,207,696,1,0
68,208,766,1,0
68,209,608,1,0
68,210,552,1,0
68,211,582,1,0
68,212,658,1,0
68,213,636,1,0
68,214,663,1,0
68,215,639,1,0
68,216,562,1,0
68,217,608,1,0
68,218,697,1,0
68,219,625,1,0
68,220,727,1,0
68,221,639,1,0
68,222,617,1,0
68,223,614,1,0
68,224,608,1,0
68,225,583,1,0
68,226,606,1,0
68,227,611,1,0
68,228,653,1,0
68,229,631,1,0
68,230,814,1,0
68,231,589,1,0
68,232,576,1,0
68,233,620,1,0
68,234,608,1,0
68,235,625,1,0
68,236,603,1,0
68,237,638,1,0
68,238,743,1,0
68,239,516,1,0
68,240,822,1,0
68,241,651,1,0
68,242,599,1,0
68,243,622,1,0
68,244,848,1,0
68,245,610,1,0
68,246,600,1,0
68,247,616,1,0
68,248,624,1,0
68,249,599,1,0
68,250,640,1,0
68,251,818,1,0
68,252,664,1,0
68,253,590,1,0
68,254,759,1,0
68,255,699,1,0
68,256,621,1,0
68,257,670,1,0
68,258,636,1,0
68,259,644,1,0
68,260,663,1,0
68,261,632,1,0
68,262,727,1,0
68,263,634,1,0
68,264,671,1,0
68,265,641,1,0
68,266,783,1,0
68,267,713,1,0
68,268,625,1,0
68,269,855,1,0
68,270,661,1,0
68,271,574,1,0
68,272,623,1,0
68,273,606,1,0
68,274,646,1,0
68,275,681,1,0
68,276,631,1,0
68,277,675,1,0
68,278,611,1,0
68,279,748,1,0
68,280,675,1,0
68,281,672,1,0
68,282,693,1,0
68,283,599,1,0
68,284,609,1,0
68,285,809,1,0
68,286,678,1,0
68,287,728,1,0
68,288,654,1,0
68,289,940,1,0
68,290,702,1,0
68,291,708,1,0
68,292,825,1,0
68,293,647,1,0
68,294,558,1,0
68,295,617,1,0
68,296,636,1,0
68,297,570,1,0
68,298,790,1,0
68,299,1219,1,0
68,300,629,1,0
68,301,610,1,0
68,302,797,1,0
68,303,631,1,0
68,304,572,1,0
68,305,654,1,0
68,306,620,1,0
68,307,652,1,0
68,308,651,1,0
68,309,767,1,0
68,310,664,1,0
68,311,636,1,0
68,312,587,1,0
68,313,588,1,0
68,314,698,1,0
68,315,575,1,0
68,316,567,1,0
68,317,687,1,0
68,318,605,1,0
68,319,623,1,0
68,320,729,1,0
68,321,671,1,0
68,322,685,1,0
68,323,641,1,0
68,324,646,1,0
68,325,617,1,0
68,326,632,1,0
68,327,612,1,0
68,328,622,1,0
68,329,635,1,0
68,330,740,1,0
68,331,644,1,0
68,332,666,1,0
68,333,1197,1,0
68,334,624,1,0
68,335,601,1,0
68,336,671,1,0
68,337,631,1,0
68,338,686,1,0
68,339,625,1,0
68,340,604,1,0
68,341,643,1,0
68,342,592,1,0
68,343,744,1,0
68,344,577,1,0
68,345,671,1,0
68,346,676,1,0
68,347,619,1,0
68,348,628,1,0
68,349,666,1,0
68,350,950,1,0
68,351,633,1,0
68,352,992,1,0
68,353,626,1,0
68,354,1095,1,0
68,355,959,1,0
68,356,640,1,0
68,357,988,1,0
68,358,1307,1,0
68,359,805,1,0
68,360,736,1,0
68,361,622,1,0
68,362,876,1,0
68,363,1032,1,0
68,364,885,1,0
68,365,740,1,0
68,366,993,1,0
68,367,922,1,0
68,368,996,1,0
68,369,1116,1,0
68,370,913,1,0
68,371,924,1,0
68,372,998,1,0
68,373,880,1,0
68,374,830,1,0
68,375,698,1,0
68,376,796,1,0
68,377,748,1,0
68,378,746,1,0
68,379,719,1,0
68,380,1061,1,0
68,381,812,1,0
68,382,727,1,0
68,383,851,1,0
68,384,777,1,0
68,385,982,1,0
68,386,1565,1,0
68,387,1639,1,0
68,388,941,1,0
68,389,670,1,0
68,390,809,1,0
68,391,630,1,0
68,392,530,1,0
68,393,571,1,0
68,394,627,1,0
68,395,804,1,0
68,396,571,1,0
68,397,623,1,0
68,398,691,1,0
68,399,605,1,0
68,400,676,1,0
68,401,789,1,0
68,402,637,1,0
68,403,675,1,0
68,404,617,1,0
68,405,560,1,0
68,406,584,1,0
68,407,800,1,0
68,408,653,1,0
68,409,817,1,0
68,410,633,1,0
68,411,637,1,0
68,412,667,1,0
68,413,537,1,0
68,414,656,1,0
68,415,634,1,0
68,416,623,1,0
68,417,719,1,0
68,418,657,1,0
68,419,810,1,0
68,420,688,1,0
68,421,675,1,0
68,422,736,1,0
68,423,602,1,0
68,424,592,1,0
68,425,709,1,0
68,426,609,1,0
68,427,661,1,0
68,428,724,1,0
68,429,642,1,0
68,430,741,1,0
68,431,745,1,0
68,432,724,1,0
68,433,618,1,0
68,434,630,1,0
68,435,782,1,0
68,436,672,1,0
68,437,858,1,0
68,438,817,1,0
68,439,673,1,0
68,440,607,1,0
68,441,1195,1,0
68,442,1344,1,0
68,443,709,1,0
68,444,647,1,0
68,445,929,1,0
68,446,736,1,0
68,447,668,1,0
68,448,1049,1,0
68,449,698,1,0
68,450,752,1,0
68,451,932,1,0
68,452,988,1,0
68,453,1031,1,0
68,454,898,1,0
68,455,1435,1,0
68,456,877,1,0
68,457,1091,1,0
68,458,985,1,0
68,459,849,1,0
68,460,894,1,0
68,461,992,1,0
68,462,1038,1,0
68,463,1334,1,0
68,464,705,1,0
68,465,695,1,0
68,466,1028,1,0
68,467,1129,1,0
68,468,949,1,0
68,469,700,1,0
68,470,739,1,0
68,471,997,1,0
68,472,825,1,0
68,473,730,1,0
68,474,730,1,0
68,475,895,1,0
68,476,898,1,0
68,477,825,1,0
68,478,871,1,0
68,479,993,1,0
68,480,1117,1,0
68,481,1045,1,0
68,482,1059,1,0
68,483,976,1,0
68,484,1043,1,0
68,485,1002,1,0
68,486,1039,1,0
68,487,711,1,0
68,488,732,1,0
68,489,656,1,0
68,490,869,1,0
68,491,764,1,0
68,492,586,1,0
68,493,753,1,0
68,494,817,1,0
68,495,686,1,0
68,496,696,1,0
68,497,575,1,0
68,498,567,1,0
68,499,773,1,0
68,500,576,1,0
68,501,1001,1,0
68,502,618,1,0
68,503,726,1,0
68,504,819,1,0
68,505,687,1,0
68,506,675,1,0
68,507,625,1,0
68,508,844,1,0
68,509,640,1,0
68,510,706,1,0
68,511,697,1,0
68,512,920,1,0
68,513,611,1,0
68,514,627,1,0
68,515,611,1,0
68,516,608,1,0
68,517,657,1,0
68,518,811,1,0
68,519,609,1,0
68,520,677,1,0
68,521,700,1,0
68,522,724,1,0
68,523,695,1,0
68,524,855,1,0
68,525,721,1,0
68,526,763,1,0
68,527,662,1,0
68,528,737,1,0
68,529,662,1,0
68,530,1802,1,0
68,531,632,1,0
68,532,709,1,0
68,533,606,1,0
68,534,685,1,0
68,535,598,1,0
68,536,618,1,0
68,537,910,1,0
68,538,651,1,0
68,539,769,1,0
68,540,1100,1,0
68,541,1027,1,0
68,542,1048,1,0
68,543,863,1,0
68,544,632,1,0
68,545,1271,1,0
68,546,738,1,0
68,547,696,1,0
68,548,1002,1,0
68,549,1343,1,0
68,550,968,1,0
68,551,989,1,0
68,552,885,1,0
68,553,1061,1,0
68,554,1089,1,0
68,555,886,1,0
68,556,823,1,0
68,557,907,1,0
68,558,1104,1,0
68,559,1050,1,0
68,560,930,1,0
68,561,940,1,0
68,562,810,1,0
68,563,938,1,0
68,564,812,1,0
68,565,797,1,0
68,566,839,1,0
68,567,660,1,0
68,568,741,1,0
68,569,1555,1,0
68,570,828,1,0
68,571,754,1,0
68,572,720,1,0
68,573,953,1,0
68,574,1104,1,0
68,575,845,1,0
68,576,757,1,0
68,577,670,1,0
68,578,737,1,0
68,579,645,1,0
68,580,592,1,0
68,581,748,1,0
68,582,690,1,0
68,583,619,1,0
68,584,580,1,0
68,585,810,1,0
68,586,582,1,0
68,587,600,1,0
68,588,839,1,0
68,589,651,1,0
68,590,865,1,0
68,591,564,1,0
68,592,596,1,0
68,593,800,1,0
68,594,706,1,0
68,595,630,1,0
68,596,623,1,0
68,597,662,1,0
68,598,707,1,0
68,599,811,1,0
69,0,2258,1,0
69,1,626,1,0
69,2,1313,1,0
69,3,859,1,0
69,4,598,1,0
69,5,646,1,0
69,6,783,1,0
69,7,651,1,0
69,8,723,1,0
69,9,616,1,0
69,10,617,1,0
69,11,593,1,0
69,12,660,1,0
69,13,828,1,0
69,14,668,1,0
69,15,645,1,0
69,16,850,1,0
69,17,652,1,0
69,18,577,1,0
69,19,657,1,0
69,20,610,1,0
69,21,591,1,0
69,22,670,1,0
69,23,639,1,0
69,24,633,1,0
69,25,648,1,0
69,26,649,1,0
69,27,803,1,0
69,28,682,1,0
69,29,768,1,0
69,30,702,1,0
69,31,650,1,0
69,32,642,1,0
69,33,653,1,0
69,34,723,1,0
69,35,687,1,0
69,36,647,1,0
69,37,657,1,0
69,38,776,1,0
69,39,668,1,0
69,40,663,1,0
69,41,645,1,0
69,42,711,1,0
69,43,783,1,0
69,44,725,1,0
69,45,744,1,0
69,46,773,1,0
69,47,642,1,0
69,48,665,1,0
69,49,636,1,0
69,50,727,1,0
69,51,632,1,0
69,52,640,1,0
69,53,738,1,0
69,54,703,1,0
69,55,635,1,0
69,56,678,1,0
69,57,778,1,0
69,58,910,1,0
69,59,869,1,0
69,60,888,1,0
69,61,682,1,0
69,62,701,1,0
69,63,999,1,0
69,64,693,1,0
69,65,624,1,0
69,66,710,1,0
69,67,623,1,0
69,68,1022,1,0
69,69,1144,1,0
69,70,963,1,0
69,71,822,1,0
69,72,840,1,0
69,73,774,1,0
69,74,785,1,0
69,75,901,1,0
69,76,794,1,0
69,77,847,1,0
69,78,828,1,0
69,79,650,1,0
69,80,655,1,0
69,81,1264,1,0
69,82,855,1,0
69,83,740,1,0
69,84,1033,1,0
69,85,635,1,0
69,86,582,1,0
69,87,621,1,0
69,88,989,1,0
69,89,583,1,0
69,90,1141,1,0
69,91,848,1,0
69,92,647,1,0
69,93,638,1,0
69,94,629,1,0
69,95,595,1,0
69,96,610,1,0
69,97,600,1,0
69,98,766,1,0
69,99,687,1,0
69,100,629,1,0
69,101,659,1,0
69,102,631,1,0
69,103,638,1,0
69,104,629,1,0
69,105,558,1,0
69,106,675,1,0
69,107,633,1,0
69,108,788,1,0
69,109,683,1,0
69,110,562,1,0
69,111,667,1,0
69,112,697,1,0
69,113,586,1,0
69,114,614,1,0
69,115,576,1,0
69,116,635,1,0
69,117,650,1,0
69,118,766,1,0
69,119,634,1,0
69,120,714,1,0
69,121,825,1,0
69,122,883,1,0
69,123,683,1,0
69,124,673,1,0
69,125,807,1,0
69,126,592,1,0
69,127,612,1,0
69,128,753,1,0
69,129,679,1,0
69,130,1060,1,0
69,131,967,1,0
69,132,663,1,0
69,133,983,1,0
69,134,706,1,0
69,135,687,1,0
69,136,639,1,0
69,137,1064,1,0
69,138,1224,1,0
69,139,575,1,0
69,140,1087,1,0
69,141,1067,1,0
69,142,645,1,0
69,143,727,1,0
69,144,1231,1,0
69,145,901,1,0
69,146,659,1,0
69,147,1013,1,0
69,148,989,1,0
69,149,823,1,0
69,150,935,1,0
69,151,891,1,0
69,152,1027,1,0
69,153,969,1,0
69,154,972,1,0
69,155,749,1,0
69,156,897,1,0
69,157,900,1,0
69,158,1174,1,0
69,159,817,1,0
69,160,745,1,0
69,161,834,1,0
69,162,819,1,0
69,163,923,1,0
69,164,898,1,0
69,165,799,1,0
69,166,889,1,0
69,167,1210,1,0
69,168,876,1,0
69,169,727,1,0
69,170,1277,1,0
69,171,846,1,0
69,172,910,1,0
69,173,748,1,0
69,174,651,1,0
69,175,677,1,0
69,176,700,1,0
69,177,674,1,0
69,178,726,1,0
69,179,736,1,0
69,180,616,1,0
69,181,613,1,0
69,182,602,1,0
69,183,605,1,0
69,184,588,1,0
69,185,767,1,0
69,186,618,1,0
69,187,603,1,0
69,188,749,1,0
69,189,641,1,0
69,190,625,1,0
69,191,609,1,0
69,192,567,1,0
69,193,609,1,0
69,194,631,1,0
69,195,1042,1,0
69,196,772,1,0
69,197,783,1,0
69,198,708,1,0
69,199,677,1,0
69,200,704,1,0
69,201,620,1,0
69,202,602,1,0
69,203,676,1,0
69,204,562,1,0
69,205,627,1,0
69,206,652,1,0
69,207,738,1,0
69,208,1073,1,0
69,209,698,1,0
69,210,576,1,0
69,211,638,1,0
69,212,680,1,0
69,213,702,1,0
69,214,595,1,0
69,215,586,1,0
69,216,630,1,0
69,217,682,1,0
69,218,652,1,0
69,219,624,1,0
69,220,664,1,0
69,221,620,1,0
69,222,618,1,0
69,223,948,1,0
69,224,702,1,0
69,225,816,1,0
69,226,720,1,0
69,227,676,1,0
69,228,693,1,0
69,229,670,1,0
69,230,613,1,0
69,231,609,1,0
69,232,620,1,0
69,233,609,1,0
69,234,805,1,0
69,235,666,1,0
69,236,676,1,0
69,237,617,1,0
69,238,801,1,0
69,239,742,1,0
69,240,1317,1,0
69,241,716,1,0
69,242,665,1,0
69,243,628,1,0
69,244,788,1,0
69,245,566,1,0
69,246,790,1,0
69,247,784,1,0
69,248,648,1,0
69,249,648,1,0
69,250,671,1,0
69,251,647,1,0
69,252,747,1,0
69,253,881,1,0
69,254,646,1,0
69,255,728,1,0
69,256,663,1,0
69,257,678,1,0
69,258,790,1,0
69,259,1103,1,0
69,260,751,1,0
69,261,721,1,0
69,262,720,1,0
69,263,852,1,0
69,264,844,1,0
69,265,805,1,0
69,266,695,1,0
69,267,629,1,0
69,268,840,1,0
69,269,958,1,0
69,270,702,1,0
69,271,648,1,0
69,272,578,1,0
69,273,586,1,0
69,274,577,1,0
69,275,670,1,0
69,276,643,1,0
69,277,689,1,0
69,278,685,1,0
69,279,799,1,0
69,280,650,1,0
69,281,631,1,0
69,282,664,1,0
69,283,614,1,0
69,284,648,1,0
69,285,673,1,0
69,286,648,1,0
69,287,635,1,0
69,288,625,1,0
69,289,650,1,0
69,290,603,1,0
69,291,662,1,0
69,292,629,1,0
69,293,635,1,0
69,294,584,1,0
69,295,615,1,0
69,296,723,1,0
69,297,696,1,0
69,298,983,1,0
69,299,753,1,0
69,300,635,1,0
69,301,614,1,0
69,302,643,1,0
69,303,582,1,0
69,304,689,1,0
69,305,602,1,0
69,306,706,1,0
69,307,687,1,0
69,308,673,1,0
69,309,719,1,0
69,310,629,1,0
69,311,591,1,0
69,312,739,1,0
69,313,646,1,0
69,314,650,1,0
69,315,699,1,0
69,316,573,1,0
69,317,602,1,0
69,318,600,1,0
69,319,658,1,0
69,320,673,1,0
69,321,772,1,0
69,322,717,1,0
69,323,597,1,0
69,324,633,1,0
69,325,632,1,0
69,326,588,1,0
69,327,623,1,0
69,328,716,1,0
69,329,593,1,0
69,330,728,1,0
69,331,705,1,0
69,332,802,1,0
69,333,903,1,0
69,334,834,1,0
69,335,842,1,0
69,336,851,1,0
69,337,1041,1,0
69,338,878,1,0
69,339,737,1,0
69,340,808,1,0
69,341,996,1,0
69,342,924,1,0
69,343,775,1,0
69,344,975,1,0
69,345,750,1,0
69,346,785,1,0
69,347,743,1,0
69,348,1069,1,0
69,349,851,1,0
69,350,795,1,0
69,351,725,1,0
69,352,801,1,0
69,353,720,1,0
69,354,634,1,0
69,355,709,1,0
69,356,659,1,0
69,357,651,1,0
69,358,850,1,0
69,359,686,1,0
69,360,598,1,0
69,361,608,1,0
69,362,634,1,0
69,363,620,1,0
69,364,608,1,0
69,365,607,1,0
69,366,589,1,0
69,367,736,1,0
69,368,660,1,0
69,369,618,1,0
69,370,598,1,0
69,371,700,1,0
69,372,776,1,0
69,373,612,1,0
69,374,627,1,0
69,375,721,1,0
69,376,878,1,0
69,377,653,1,0
69,378,578,1,0
69,379,798,1,0
69,380,910,1,0
69,381,599,1,0
69,382,637,1,0
69,383,662,1,0
69,384,740,1,0
69,385,686,1,0
69,386,808,1,0
69,387,1009,1,0
69,388,600,1,0
69,389,696,1,0
69,390,652,1,0
69,391,689,1,0
69,392,682,1,0
69,393,627,1,0
69,394,632,1,0
69,395,676,1,0
69,396,648,1,0
69,397,629,1,0
69,398,702,1,0
69,399,620,1,0
69,400,696,1,0
69,401,601,1,0
69,402,664,1,0
69,403,662,1,0
69,404,660,1,0
69,405,1365,1,0
69,406,679,1,0
69,407,640,1,0
69,408,700,1,0
69,409,703,1,0
69,410,1261,1,0
69,411,642,1,0
69,412,616,1,0
69,413,680,1,0
69,414,681,1,0
69,415,662,1,0
69,416,594,1,0
69,417,696,1,0
69,418,654,1,0
69,419,754,1,0
69,420,888,1,0
69,421,606,1,0
69,422,690,1,0
69,423,642,1,0
69,424,644,1,0
69,425,1028,1,0
69,426,643,1,0
69,427,1243,1,0
69,428,919,1,0
69,429,1163,1,0
69,430,950,1,0
69,431,1076,1,0
69,432,848,1,0
69,433,988,1,0
69,434,881,1,0
69,435,903,1,0
69,436,976,1,0
69,437,806,1,0
69,438,848,1,0
69,439,967,1,0
69,440,882,1,0
69,441,920,1,0
69,442,1107,1,0
69,443,812,1,0
69,444,800,1,0
69,445,1078,1,0
69,446,781,1,0
69,447,745,1,0
69,448,731,1,0
69,449,701,1,0
69,450,659,1,0
69,451,746,1,0
69,452,614,1,0
69,453,645,1,0
69,454,776,1,0
69,455,967,1,0
69,456,590,1,0
69,457,606,1,0
69,458,947,1,0
69,459,651,1,0
69,460,679,1,0
69,461,675,1,0
69,462,623,1,0
69,463,643,1,0
69,464,620,1,0
69,465,595,1,0
69,466,601,1,0
69,467,695,1,0
69,468,600,1,0
69,469,696,1,0
69,470,621,1,0
69,471,665,1,0
69,472,653,1,0
69,473,760,1,0
69,474,613,1,0
69,475,661,1,0
69,476,741,1,0
69,477,618,1,0
69,478,653,1,0
69,479,647,1,0
69,480,645,1,0
69,481,694,1,0
69,482,647,1,0
69,483,686,1,0
69,484,686,1,0
69,485,660,1,0
69,486,629,1,0
69,487,704,1,0
69,488,698,1,0
69,489,794,1,0
69,490,719,1,0
69,491,941,1,0
69,492,662,1,0
69,493,626,1,0
69,494,609,1,0
69,495,649,1,0
69,496,720,1,0
69,497,644,1,0
69,498,675,1,0
69,499,622,1,0
69,500,741,1,0
69,501,746,1,0
69,502,601,1,0
69,503,884,1,0
69,504,791,1,0
69,505,711,1,0
69,506,584,1,0
69,507,696,1,0
69,508,724,1,0
69,509,615,1,0
69,510,660,1,0
69,511,713,1,0
69,512,611,1,0
69,513,668,1,0
69,514,649,1,0
69,515,618,1,0
69,516,740,1,0
69,517,561,1,0
69,518,644,1,0
69,519,615,1,0
69,520,778,1,0
69,521,661,1,0
69,522,795,1,0
69,523,975,1,0
69,524,1106,1,0
69,525,1034,1,0
69,526,935,1,0
69,527,886,1,0
69,528,772,1,0
69,529,905,1,0
69,530,954,1,0
69,531,656,1,0
69,532,1128,1,0
69,533,867,1,0
69,534,984,1,0
69,535,717,1,0
69,536,693,1,0
69,537,998,1,0
69,538,814,1,0
69,539,1207,1,0
69,540,1140,1,0
69,541,944,1,0
69,542,745,1,0
69,543,762,1,0
69,544,931,1,0
69,545,790,1,0
69,546,781,1,0
69,547,696,1,0
69,548,792,1,0
69,549,824,1,0
69,550,769,1,0
69,551,1007,1,0
69,552,722,1,0
69,553,653,1,0
69,554,887,1,0
69,555,916,1,0
69,556,596,1,0
69,557,671,1,0
69,558,668,1,0
69,559,591,1,0
69,560,609,1,0
69,561,629,1,0
69,562,608,1,0
69,563,941,1,0
69,564,697,1,0
69,565,588,1,0
69,566,768,1,0
69,567,620,1,0
69,568,622,1,0
69,569,771,1,0
69,570,589,1,0
69,571,589,1,0
69,572,631,1,0
69,573,636,1,0
69,574,648,1,0
69,575,653,1,0
69,576,726,1,0
69,577,626,1,0
69,578,581,1,0
69,579,748,1,0
69,580,603,1,0
69,581,626,1,0
69,582,598,1,0
69,583,624,1,0
69,584,676,1,0
69,585,758,1,0
69,586,618,1,0
69,587,713,1,0
69,588,726,1,0
69,589,668,1,0
69,590,708,1,0
69,591,635,1,0
69,592,762,1,0
69,593,1170,1,0
69,594,697,1,0
69,595,684,1,0
69,596,612,1,0
69,597,622,1,0
69,598,613,1,0
69,599,608,1,0
70,0,1729,1,0
70,1,575,1,0
70,2,635,1,0
70,3,619,1,0
70,4,636,1,0
70,5,651,1,0
70,6,863,1,0
70,7,716,1,0
70,8,684,1,0
70,9,682,1,0
70,10,829,1,0
70,11,618,1,0
70,12,694,1,0
70,13,1067,1,0
70,14,912,1,0
70,15,817,1,0
70,16,674,1,0
70,17,692,1,0
70,18,641,1,0
70,19,675,1,0
70,20,646,1,0
70,21,1083,1,0
70,22,696,1,0
70,23,1017,1,0
70,24,864,1,0
70,25,1011,1,0
70,26,952,1,0
70,27,835,1,0
70,28,962,1,0
70,29,965,1,0
70,30,888,1,0
70,31,685,1,0
70,32,754,1,0
70,33,687,1,0
70,34,655,1,0
70,35,690,1,0
70,36,681,1,0
70,37,746,1,0
70,38,840,1,0
70,39,695,1,0
70,40,828,1,0
70,41,719,1,0
70,42,789,1,0
70,43,1157,1,0
70,44,987,1,0
70,45,898,1,0
70,46,818,1,0
70,47,674,1,0
70,48,644,1,0
70,49,702,1,0
70,50,595,1,0
70,51,620,1,0
70,52,605,1,0
70,53,644,1,0
70,54,887,1,0
70,55,759,1,0
70,56,795,1,0
70,57,632,1,0
70,58,697,1,0
70,59,610,1,0
70,60,1144,1,0
70,61,634,1,0
70,62,580,1,0
70,63,606,1,0
70,64,591,1,0
70,65,630,1,0
70,66,645,1,0
70,67,752,1,0
70,68,1201,1,0
70,69,2035,1,0
70,70,1731,1,0
70,71,727,1,0
70,72,1326,1,0
70,73,1130,1,0
70,74,1023,1,0
70,75,1009,1,0
70,76,791,1,0
70,77,742,1,0
70,78,899,1,0
70,79,631,1,0
70,80,610,1,0
70,81,634,1,0
70,82,572,1,0
70,83,663,1,0
70,84,676,1,0
70,85,623,1,0
70,86,603,1,0
70,87,566,1,0
70,88,714,1,0
70,89,596,1,0
70,90,656,1,0
70,91,647,1,0
70,92,612,1,0
70,93,633,1,0
70,94,598,1,0
70,95,728,1,0
70,96,598,1,0
70,97,688,1,0
70,98,786,1,0
70,99,630,1,0
70,100,654,1,0
70,101,737,1,0
70,102,598,1,0
70,103,1138,1,0
70,104,742,1,0
70,105,737,1,0
70,106,990,1,0
70,107,593,1,0
70,108,1035,1,0
70,109,655,1,0
70,110,1104,1,0
70,111,819,1,0
70,112,790,1,0
70,113,667,1,0
70,114,588,1,0
70,115,823,1,0
70,116,840,1,0
70,117,741,1,0
70,118,953,1,0
70,119,935,1,0
70,120,833,1,0
70,121,954,1,0
70,122,850,1,0
70,123,1123,1,0
70,124,737,1,0
70,125,940,1,0
70,126,731,1,0
70,127,874,1,0
70,128,1002,1,0
70,129,1319,1,0
70,130,812,1,0
70,131,719,1,0
70,132,655,1,0
70,133,648,1,0
70,134,656,1,0
70,135,899,1,0
70,136,932,1,0
70,137,1061,1,0
70,138,1094,1,0
70,139,680,1,0
70,140,637,1,0
70,141,822,1,0
70,142,733,1,0
70,143,639,1,0
70,144,653,1,0
70,145,654,1,0
70,146,700,1,0
70,147,657,1,0
70,148,826,1,0
70,149,649,1,0
70,150,618,1,0
70,151,739,1,0
70,152,626,1,0
70,153,720,1,0
70,154,628,1,0
70,155,616,1,0
70,156,631,1,0
70,157,669,1,0
70,158,913,1,0
70,159,631,1,0
70,160,647,1,0
70,161,613,1,0
70,162,645,1,0
70,163,590,1,0
70,164,617,1,0
70,165,951,1,0
70,166,674,1,0
70,167,604,1,0
70,168,724,1,0
70,169,591,1,0
70,170,669,1,0
70,171,631,1,0
70,172,613,1,0
70,173,925,1,0
70,174,618,1,0
70,175,1192,1,0
70,176,805,1,0
70,177,714,1,0
70,178,925,1,0
70,179,593,1,0
70,180,632,1,0
70,181,597,1,0
70,182,697,1,0
70,183,884,1,0
70,184,747,1,0
70,185,651,1,0
70,186,605,1,0
70,187,786,1,0
70,188,1404,1,0
70,189,576,1,0
70,190,637,1,0
70,191,669,1,0
70,192,687,1,0
70,193,635,1,0
70,194,654,1,0
70,195,1184,1,0
70,196,834,1,0
70,197,852,1,0
70,198,755,1,0
70,199,609,1,0
70,200,621,1,0
70,201,657,1,0
70,202,685,1,0
70,203,734,1,0
70,204,1072,1,0
70,205,935,1,0
70,206,733,1,0
70,207,620,1,0
70,208,790,1,0
70,209,582,1,0
70,210,666,1,0
70,211,697,1,0
70,212,692,1,0
70,213,735,1,0
70,214,674,1,0
70,215,760,1,0
70,216,624,1,0
70,217,669,1,0
70,218,778,1,0
70,219,725,1,0
70,220,733,1,0
70,221,627,1,0
70,222,781,1,0
70,223,784,1,0
70,224,756,1,0
70,225,668,1,0
70,226,676,1,0
70,227,881,1,0
70,228,897,1,0
70,229,561,1,0
70,230,638,1,0
70,231,624,1,0
70,232,535,1,0
70,233,628,1,0
70,234,646,1,0
70,235,626,1,0
70,236,596,1,0
70,237,591,1,0
70,238,592,1,0
70,239,543,1,0
70,240,697,1,0
70,241,570,1,0
70,242,678,1,0
70,243,644,1,0
70,244,618,1,0
70,245,626,1,0
70,246,648,1,0
70,247,612,1,0
70,248,604,1,0
70,249,576,1,0
70,250,585,1,0
70,251,601,1,0
70,252,621,1,0
70,253,568,1,0
70,254,598,1,0
70,255,652,1,0
70,256,632,1,0
70,257,657,1,0
70,258,684,1,0
70,259,673,1,0
70,260,630,1,0
70,261,662,1,0
70,262,598,1,0
70,263,714,1,0
70,264,632,1,0
70,265,609,1,0
70,266,594,1,0
70,267,629,1,0
70,268,634,1,0
70,269,611,1,0
70,270,640,1,0
70,271,639,1,0
70,272,652,1,0
70,273,671,1,0
70,274,1462,1,0
70,275,626,1,0
70,276,624,1,0
70,277,602,1,0
70,278,604,1,0
70,279,789,1,0
70,280,618,1,0
70,281,665,1,0
70,282,659,1,0
70,283,637,1,0
70,284,633,1,0
70,285,625,1,0
70,286,624,1,0
70,287,660,1,0
70,288,603,1,0
70,289,770,1,0
70,290,604,1,0
70,291,666,1,0
70,292,656,1,0
70,293,757,1,0
70,294,828,1,0
70,295,761,1,0
70,296,742,1,0
70,297,723,1,0
70,298,1250,1,0
70,299,1146,1,0
70,300,2014,1,0
70,301,633,1,0
70,302,735,1,0
70,303,754,1,0
70,304,732,1,0
70,305,774,1,0
70,306,767,1,0
70,307,887,1,0
70,308,825,1,0
70,309,1158,1,0
70,310,911,1,0
70,311,1004,1,0
70,312,725,1,0
70,313,665,1,0
70,314,630,1,0
70,315,600,1,0
70,316,634,1,0
70,317,502,1,0
70,318,784,1,0
70,319,996,1,0
70,320,853,1,0
70,321,1186,1,0
70,322,852,1,0
70,323,826,1,0
70,324,734,1,0
70,325,662,1,0
70,326,596,1,0
70,327,682,1,0
70,328,680,1,0
70,329,624,1,0
70,330,622,1,0
70,331,528,1,0
70,332,751,1,0
70,333,601,1,0
70,334,800,1,0
70,335,613,1,0
70,336,671,1,0
70,337,646,1,0
70,338,674,1,0
70,339,618,1,0
70,340,601,1,0
70,341,588,1,0
70,342,853,1,0
70,343,600,1,0
70,344,661,1,0
70,345,588,1,0
70,346,615,1,0
70,347,609,1,0
70,348,641,1,0
70,349,548,1,0
70,350,1003,1,0
70,351,714,1,0
70,352,631,1,0
70,353,590,1,0
70,354,642,1,0
70,355,662,1,0
70,356,585,1,0
70,357,643,1,0
70,358,667,1,0
70,359,718,1,0
70,360,987,1,0
70,361,641,1,0
70,362,720,1,0
70,363,654,1,0
70,364,633,1,0
70,365,596,1,0
70,366,615,1,0
70,367,619,1,0
70,368,782,1,0
70,369,614,1,0
70,370,635,1,0
70,371,742,1,0
70,372,970,1,0
70,373,1013,1,0
70,374,646,1,0
70,375,901,1,0
70,376,774,1,0
70,377,837,1,0
70,378,711,1,0
70,379,763,1,0
70,380,1120,1,0
70,381,734,1,0
70,382,672,1,0
70,383,625,1,0
70,384,1193,1,0
70,385,627,1,0
70,386,1023,1,0
70,387,1007,1,0
70,388,705,1,0
70,389,679,1,0
70,390,769,1,0
70,391,656,1,0
70,392,614,1,0
70,393,614,1,0
70,394,726,1,0
70,395,792,1,0
70,396,681,1,0
70,397,720,1,0
70,398,941,1,0
70,399,753,1,0
70,400,2080,1,0
70,401,636,1,0
70,402,798,1,0
70,403,645,1,0
70,404,681,1,0
70,405,726,1,0
70,406,1263,1,0
70,407,759,1,0
70,408,747,1,0
70,409,705,1,0
70,410,1286,1,0
70,411,737,1,0
70,412,597,1,0
70,413,624,1,0
70,414,884,1,0
70,415,1069,1,0
70,416,845,1,0
70,417,600,1,0
70,418,604,1,0
70,419,723,1,0
70,420,571,1,0
70,421,860,1,0
70,422,615,1,0
70,423,651,1,0
70,424,603,1,0
70,425,741,1,0
70,426,661,1,0
70,427,700,1,0
70,428,599,1,0
70,429,663,1,0
70,430,597,1,0
70,431,637,1,0
70,432,750,1,0
70,433,678,1,0
70,434,624,1,0
70,435,655,1,0
70,436,684,1,0
70,437,673,1,0
70,438,665,1,0
70,439,632,1,0
70,440,667,1,0
70,441,714,1,0
70,442,1339,1,0
70,443,684,1,0
70,444,651,1,0
70,445,726,1,0
70,446,647,1,0
70,447,732,1,0
70,448,688,1,0
70,449,671,1,0
70,450,669,1,0
70,451,643,1,0
70,452,644,1,0
70,453,645,1,0
70,454,685,1,0
70,455,693,1,0
70,456,694,1,0
70,457,638,1,0
70,458,646,1,0
70,459,590,1,0
70,460,691,1,0
70,461,633,1,0
70,462,735,1,0
70,463,661,1,0
70,464,634,1,0
70,465,725,1,0
70,466,617,1,0
70,467,881,1,0
70,468,585,1,0
70,469,823,1,0
70,470,693,1,0
70,471,1048,1,0
70,472,726,1,0
70,473,844,1,0
70,474,774,1,0
70,475,694,1,0
70,476,1404,1,0
70,477,1221,1,0
70,478,1162,1,0
70,479,799,1,0
70,480,825,1,0
70,481,1143,1,0
70,482,962,1,0
70,483,858,1,0
70,484,797,1,0
70,485,912,1,0
70,486,808,1,0
70,487,1561,1,0
70,488,782,1,0
70,489,785,1,0
70,490,969,1,0
70,491,1259,1,0
70,492,768,1,0
70,493,923,1,0
70,494,792,1,0
70,495,645,1,0
70,496,721,1,0
70,497,826,1,0
70,498,613,1,0
70,499,646,1,0
70,500,850,1,0
70,501,920,1,0
70,502,879,1,0
70,503,871,1,0
70,504,818,1,0
70,505,765,1,0
70,506,704,1,0
70,507,604,1,0
70,508,711,1,0
70,509,619,1,0
70,510,632,1,0
70,511,594,1,0
70,512,612,1,0
70,513,638,1,0
70,514,569,1,0
70,515,588,1,0
70,516,608,1,0
70,517,674,1,0
70,518,677,1,0
70,519,772,1,0
70,520,634,1,0
70,521,669,1,0
70,522,688,1,0
70,523,663,1,0
70,524,598,1,0
70,525,640,1,0
70,526,605,1,0
70,527,645,1,0
70,528,633,1,0
70,529,592,1,0
70,530,617,1,0
70,531,638,1,0
70,532,618,1,0
70,533,606,1,0
70,534,644,1,0
70,535,600,1,0
70,536,612,1,0
70,537,633,1,0
70,538,644,1,0
70,539,636,1,0
70,540,1057,1,0
70,541,615,1,0
70,542,617,1,0
70,543,623,1,0
70,544,592,1,0
70,545,634,1,0
70,546,624,1,0
70,547,1156,1,0
70,548,665,1,0
70,549,882,1,0
70,550,597,1,0
70,551,634,1,0
70,552,702,1,0
70,553,572,1,0
70,554,589,1,0
70,555,591,1,0
70,556,595,1,0
70,557,623,1,0
70,558,631,1,0
70,559,635,1,0
70,560,712,1,0
70,561,617,1,0
70,562,669,1,0
70,563,1088,1,0
70,564,1700,1,0
70,565,713,1,0
70,566,1334,1,0
70,567,631,1,0
70,568,671,1,0
70,569,719,1,0
70,570,620,1,0
70,571,732,1,0
70,572,636,1,0
70,573,806,1,0
70,574,1098,1,0
70,575,940,1,0
70,576,933,1,0
70,577,1123,1,0
70,578,714,1,0
70,579,834,1,0
70,580,608,1,0
70,581,696,1,0
70,582,837,1,0
70,583,894,1,0
70,584,921,1,0
70,585,827,1,0
70,586,834,1,0
70,587,778,1,0
70,588,723,1,0
70,589,945,1,0
70,590,934,1,0
70,591,669,1,0
70,592,776,1,0
70,593,1104,1,0
70,594,785,1,0
70,595,996,1,0
70,596,1114,1,0
70,597,725,1,0
70,598,719,1,0
70,599,641,1,0
71,0,2298,1,0
71,1,768,1,0
71,2,851,1,0
71,3,964,1,0
71,4,953,1,0
71,5,914,1,0
71,6,1326,1,0
71,7,956,1,0
71,8,865,1,0
71,9,1002,1,0
71,10,1087,1,0
71,11,640,1,0
71,12,607,1,0
71,13,926,1,0
71,14,630,1,0
71,15,591,1,0
71,16,616,1,0
71,17,641,1,0
71,18,627,1,0
71,19,626,1,0
71,20,623,1,0
71,21,593,1,0
71,22,895,1,0
71,23,609,1,0
71,24,829,1,0
71,25,585,1,0
71,26,618,1,0
71,27,643,1,0
71,28,598,1,0
71,29,605,1,0
71,30,631,1,0
71,31,616,1,0
71,32,668,1,0
71,33,704,1,0
71,34,620,1,0
71,35,833,1,0
71,36,663,1,0
71,37,603,1,0
71,38,655,1,0
71,39,594,1,0
71,40,647,1,0
71,41,576,1,0
71,42,616,1,0
71,43,717,1,0
71,44,664,1,0
71,45,771,1,0
71,46,624,1,0
71,47,621,1,0
71,48,659,1,0
71,49,637,1,0
71,50,696,1,0
71,51,591,1,0
71,52,673,1,0
71,53,647,1,0
71,54,652,1,0
71,55,707,1,0
71,56,685,1,0
71,57,743,1,0
71,58,873,1,0
71,59,818,1,0
71,60,727,1,0
71,61,662,1,0
71,62,733,1,0
71,63,625,1,0
71,64,560,1,0
71,65,735,1,0
71,66,671,1,0
71,67,662,1,0
71,68,1154,1,0
71,69,1173,1,0
71,70,1452,1,0
71,71,950,1,0
71,72,1223,1,0
71,73,1333,1,0
71,74,934,1,0
71,75,1247,1,0
71,76,1296,1,0
71,77,831,1,0
71,78,835,1,0
71,79,640,1,0
71,80,650,1,0
71,81,802,1,0
71,82,735,1,0
71,83,1025,1,0
71,84,860,1,0
71,85,648,1,0
71,86,831,1,0
71,87,739,1,0
71,88,1221,1,0
71,89,1059,1,0
71,90,914,1,0
71,91,626,1,0
71,92,666,1,0
71,93,681,1,0
71,94,624,1,0
71,95,589,1,0
71,96,577,1,0
71,97,662,1,0
71,98,625,1,0
71,99,595,1,0
71,100,668,1,0
71,101,561,1,0
71,102,616,1,0
71,103,665,1,0
71,104,582,1,0
71,105,561,1,0
71,106,623,1,0
71,107,604,1,0
71,108,999,1,0
71,109,615,1,0
71,110,681,1,0
71,111,764,1,0
71,112,661,1,0
71,113,650,1,0
71,114,589,1,0
71,115,592,1,0
71,116,739,1,0
71,117,655,1,0
71,118,645,1,0
71,119,630,1,0
71,120,632,1,0
71,121,651,1,0
71,122,752,1,0
71,123,706,1,0
71,124,747,1,0
71,125,693,1,0
71,126,640,1,0
71,127,619,1,0
71,128,1131,1,0
71,129,689,1,0
71,130,714,1,0
71,131,647,1,0
71,132,609,1,0
71,133,644,1,0
71,134,671,1,0
71,135,627,1,0
71,136,615,1,0
71,137,641,1,0
71,138,1600,1,0
71,139,635,1,0
71,140,689,1,0
71,141,601,1,0
71,142,688,1,0
71,143,679,1,0
71,144,684,1,0
71,145,648,1,0
71,146,647,1,0
71,147,732,1,0
71,148,713,1,0
71,149,972,1,0
71,150,1215,1,0
71,151,688,1,0
71,152,660,1,0
71,153,689,1,0
71,154,630,1,0
71,155,733,1,0
71,156,893,1,0
71,157,896,1,0
71,158,1007,1,0
71,159,694,1,0
71,160,1298,1,0
71,161,1227,1,0
71,162,1287,1,0
71,163,888,1,0
71,164,907,1,0
71,165,939,1,0
71,166,752,1,0
71,167,663,1,0
71,168,1044,1,0
71,169,732,1,0
71,170,1323,1,0
71,171,746,1,0
71,172,853,1,0
71,173,1061,1,0
71,174,1056,1,0
71,175,1174,1,0
71,176,1022,1,0
71,177,762,1,0
71,178,824,1,0
71,179,975,1,0
71,180,789,1,0
71,181,678,1,0
71,182,776,1,0
71,183,627,1,0
71,184,619,1,0
71,185,718,1,0
71,186,706,1,0
71,187,599,1,0
71,188,608,1,0
71,189,610,1,0
71,190,598,1,0
71,191,578,1,0
71,192,657,1,0
71,193,656,1,0
71,194,717,1,0
71,195,869,1,0
71,196,681,1,0
71,197,708,1,0
71,198,816,1,0
71,199,1018,1,0
71,200,609,1,0
71,201,577,1,0
71,202,774,1,0
71,203,656,1,0
71,204,584,1,0
71,205,729,1,0
71,206,602,1,0
71,207,629,1,0
71,208,731,1,0
71,209,519,1,0
71,210,554,1,0
71,211,596,1,0
71,212,592,1,0
71,213,564,1,0
71,214,647,1,0
71,215,628,1,0
71,216,621,1,0
71,217,668,1,0
71,218,699,1,0
71,219,609,1,0
71,220,712,1,0
71,221,648,1,0
71,222,631,1,0
71,223,587,1,0
71,224,589,1,0
71,225,561,1,0
71,226,640,1,0
71,227,633,1,0
71,228,749,1,0
71,229,676,1,0
71,230,721,1,0
71,231,653,1,0
71,232,611,1,0
71,233,663,1,0
71,234,590,1,0
71,235,638,1,0
71,236,617,1,0
71,237,639,1,0
71,238,651,1,0
71,239,604,1,0
71,240,715,1,0
71,241,648,1,0
71,242,684,1,0
71,243,663,1,0
71,244,650,1,0
71,245,608,1,0
71,246,623,1,0
71,247,679,1,0
71,248,724,1,0
71,249,594,1,0
71,250,696,1,0
71,251,620,1,0
71,252,620,1,0
71,253,615,1,0
71,254,663,1,0
71,255,763,1,0
71,256,686,1,0
71,257,690,1,0
71,258,1081,1,0
71,259,729,1,0
71,260,644,1,0
71,261,718,1,0
71,262,662,1,0
71,263,597,1,0
71,264,758,1,0
71,265,812,1,0
71,266,863,1,0
71,267,1057,1,0
71,268,791,1,0
71,269,852,1,0
71,270,661,1,0
71,271,780,1,0
71,272,680,1,0
71,273,729,1,0
71,274,1082,1,0
71,275,641,1,0
71,276,643,1,0
71,277,565,1,0
71,278,580,1,0
71,279,616,1,0
71,280,569,1,0
71,281,593,1,0
71,282,641,1,0
71,283,624,1,0
71,284,616,1,0
71,285,523,1,0
71,286,602,1,0
71,287,736,1,0
71,288,610,1,0
71,289,587,1,0
71,290,601,1,0
71,291,581,1,0
71,292,582,1,0
71,293,608,1,0
71,294,615,1,0
71,295,625,1,0
71,296,640,1,0
71,297,619,1,0
71,298,667,1,0
71,299,647,1,0
71,300,692,1,0
71,301,600,1,0
71,302,614,1,0
71,303,688,1,0
71,304,660,1,0
71,305,680,1,0
71,306,635,1,0
71,307,605,1,0
71,308,665,1,0
71,309,757,1,0
71,310,633,1,0
71,311,680,1,0
71,312,629,1,0
71,313,681,1,0
71,314,622,1,0
71,315,651,1,0
71,316,668,1,0
71,317,626,1,0
71,318,614,1,0
71,319,824,1,0
71,320,713,1,0
71,321,711,1,0
71,322,613,1,0
71,323,629,1,0
71,324,599,1,0
71,325,689,1,0
71,326,617,1,0
71,327,650,1,0
71,328,754,1,0
71,329,621,1,0
71,330,665,1,0
71,331,626,1,0
71,332,821,1,0
71,333,766,1,0
71,334,670,1,0
71,335,717,1,0
71,336,645,1,0
71,337,648,1,0
71,338,944,1,0
71,339,699,1,0
71,340,668,1,0
71,341,839,1,0
71,342,1336,1,0
71,343,1045,1,0
71,344,663,1,0
71,345,726,1,0
71,346,889,1,0
71,347,738,1,0
71,348,942,1,0
71,349,914,1,0
71,350,1294,1,0
71,351,898,1,0
71,352,953,1,0
71,353,1083,1,0
71,354,1068,1,0
71,355,921,1,0
71,356,744,1,0
71,357,691,1,0
71,358,893,1,0
71,359,700,1,0
71,360,853,1,0
71,361,837,1,0
71,362,709,1,0
71,363,694,1,0
71,364,828,1,0
71,365,878,1,0
71,366,729,1,0
71,367,895,1,0
71,368,1157,1,0
71,369,621,1,0
71,370,639,1,0
71,371,606,1,0
71,372,1251,1,0
71,373,737,1,0
71,374,608,1,0
71,375,592,1,0
71,376,587,1,0
71,377,639,1,0
71,378,634,1,0
71,379,577,1,0
71,380,774,1,0
71,381,833,1,0
71,382,609,1,0
71,383,633,1,0
71,384,607,1,0
71,385,733,1,0
71,386,1024,1,0
71,387,1658,1,0
71,388,705,1,0
71,389,560,1,0
71,390,750,1,0
71,391,567,1,0
71,392,564,1,0
71,393,559,1,0
71,394,734,1,0
71,395,606,1,0
71,396,540,1,0
71,397,594,1,0
71,398,673,1,0
71,399,603,1,0
71,400,822,1,0
71,401,636,1,0
71,402,642,1,0
71,403,649,1,0
71,404,625,1,0
71,405,604,1,0
71,406,638,1,0
71,407,615,1,0
71,408,649,1,0
71,409,668,1,0
71,410,862,1,0
71,411,669,1,0
71,412,625,1,0
71,413,620,1,0
71,414,628,1,0
71,415,666,1,0
71,416,593,1,0
71,417,653,1,0
71,418,706,1,0
71,419,693,1,0
71,420,603,1,0
71,421,672,1,0
71,422,657,1,0
71,423,624,1,0
71,424,663,1,0
71,425,672,1,0
71,426,622,1,0
71,427,799,1,0
71,428,693,1,0
71,429,833,1,0
71,430,614,1,0
71,431,648,1,0
71,432,1168,1,0
71,433,787,1,0
71,434,627,1,0
71,435,716,1,0
71,436,1012,1,0
71,437,996,1,0
71,438,1084,1,0
71,439,724,1,0
71,440,986,1,0
71,441,941,1,0
71,442,2027,1,0
71,443,1207,1,0
71,444,1002,1,0
71,445,769,1,0
71,446,833,1,0
71,447,867,1,0
71,448,796,1,0
71,449,800,1,0
71,450,772,1,0
71,451,719,1,0
71,452,745,1,0
71,453,780,1,0
71,454,813,1,0
71,455,1156,1,0
71,456,795,1,0
71,457,766,1,0
71,458,811,1,0
71,459,824,1,0
71,460,867,1,0
71,461,691,1,0
71,462,718,1,0
71,463,837,1,0
71,464,604,1,0
71,465,634,1,0
71,466,644,1,0
71,467,607,1,0
71,468,950,1,0
71,469,590,1,0
71,470,599,1,0
71,471,612,1,0
71,472,602,1,0
71,473,719,1,0
71,474,697,1,0
71,475,590,1,0
71,476,735,1,0
71,477,668,1,0
71,478,586,1,0
71,479,604,1,0
71,480,574,1,0
71,481,742,1,0
71,482,621,1,0
71,483,750,1,0
71,484,631,1,0
71,485,808,1,0
71,486,639,1,0
71,487,667,1,0
71,488,689,1,0
71,489,647,1,0
71,490,691,1,0
71,491,675,1,0
71,492,629,1,0
71,493,588,1,0
71,494,722,1,0
71,495,638,1,0
71,496,700,1,0
71,497,606,1,0
71,498,613,1,0
71,499,599,1,0
71,500,746,1,0
71,501,882,1,0
71,502,610,1,0
71,503,728,1,0
71,504,580,1,0
71,505,647,1,0
71,506,720,1,0
71,507,654,1,0
71,508,811,1,0
71,509,610,1,0
71,510,638,1,0
71,511,627,1,0
71,512,691,1,0
71,513,829,1,0
71,514,679,1,0
71,515,756,1,0
71,516,646,1,0
71,517,613,1,0
71,518,617,1,0
71,519,599,1,0
71,520,664,1,0
71,521,710,1,0
71,522,970,1,0
71,523,703,1,0
71,524,688,1,0
71,525,745,1,0
71,526,655,1,0
71,527,727,1,0
71,528,732,1,0
71,529,631,1,0
71,530,788,1,0
71,531,917,1,0
71,532,863,1,0
71,533,795,1,0
71,534,653,1,0
71,535,810,1,0
71,536,885,1,0
71,537,912,1,0
71,538,939,1,0
71,539,1062,1,0
71,540,857,1,0
71,541,958,1,0
71,542,928,1,0
71,543,756,1,0
71,544,731,1,0
71,545,691,1,0
71,546,687,1,0
71,547,797,1,0
71,548,1193,1,0
71,549,850,1,0
71,550,802,1,0
71,551,962,1,0
71,552,727,1,0
71,553,1191,1,0
71,554,815,1,0
71,555,722,1,0
71,556,835,1,0
71,557,717,1,0
71,558,1201,1,0
71,559,1034,1,0
71,560,1267,1,0
71,561,601,1,0
71,562,655,1,0
71,563,642,1,0
71,564,695,1,0
71,565,586,1,0
71,566,701,1,0
71,567,606,1,0
71,568,633,1,0
71,569,644,1,0
71,570,592,1,0
71,571,673,1,0
71,572,662,1,0
71,573,543,1,0
71,574,583,1,0
71,575,633,1,0
71,576,740,1,0
71,577,600,1,0
71,578,596,1,0
71,579,720,1,0
71,580,602,1,0
71,581,562,1,0
71,582,686,1,0
71,583,707,1,0
71,584,596,1,0
71,585,611,1,0
71,586,657,1,0
71,587,671,1,0
71,588,672,1,0
71,589,604,1,0
71,590,903,1,0
71,591,587,1,0
71,592,637,1,0
71,593,592,1,0
71,594,610,1,0
71,595,632,1,0
71,596,603,1,0
71,597,599,1,0
71,598,661,1,0
71,599,614,1,0
72,0,1414,1,0
72,1,633,1,0
72,2,582,1,0
72,3,582,1,0
72,4,632,1,0
72,5,618,1,0
72,6,1206,1,0
72,7,879,1,0
72,8,684,1,0
72,9,612,1,0
72,10,611,1,0
72,11,648,1,0
72,12,652,1,0
72,13,647,1,0
72,14,592,1,0
72,15,865,1,0
72,16,615,1,0
72,17,682,1,0
72,18,740,1,0
72,19,664,1,0
72,20,707,1,0
72,21,608,1,0
72,22,1049,1,0
72,23,728,1,0
72,24,641,1,0
72,25,635,1,0
72,26,692,1,0
72,27,666,1,0
72,28,665,1,0
72,29,768,1,0
72,30,899,1,0
72,31,679,1,0
72,32,618,1,0
72,33,601,1,0
72,34,594,1,0
72,35,566,1,0
72,36,681,1,0
72,37,1367,1,0
72,38,645,1,0
72,39,617,1,0
72,40,665,1,0
72,41,593,1,0
72,42,645,1,0
72,43,665,1,0
72,44,752,1,0
72,45,732,1,0
72,46,880,1,0
72,47,639,1,0
72,48,690,1,0
72,49,597,1,0
72,50,641,1,0
72,51,600,1,0
72,52,690,1,0
72,53,662,1,0
72,54,788,1,0
72,55,739,1,0
72,56,1051,1,0
72,57,843,1,0
72,58,838,1,0
72,59,1149,1,0
72,60,809,1,0
72,61,856,1,0
72,62,832,1,0
72,63,730,1,0
72,64,1132,1,0
72,65,761,1,0
72,66,835,1,0
72,67,763,1,0
72,68,1453,1,0
72,69,1043,1,0
72,70,827,1,0
72,71,618,1,0
72,72,695,1,0
72,73,664,1,0
72,74,652,1,0
72,75,693,1,0
72,76,931,1,0
72,77,707,1,0
72,78,635,1,0
72,79,599,1,0
72,80,741,1,0
72,81,595,1,0
72,82,632,1,0
72,83,638,1,0
72,84,599,1,0
72,85,599,1,0
72,86,575,1,0
72,87,604,1,0
72,88,681,1,0
72,89,605,1,0
72,90,706,1,0
72,91,634,1,0
72,92,597,1,0
72,93,857,1,0
72,94,608,1,0
72,95,664,1,0
72,96,622,1,0
72,97,762,1,0
72,98,646,1,0
72,99,628,1,0
72,100,637,1,0
72,101,700,1,0
72,102,688,1,0
72,103,619,1,0
72,104,637,1,0
72,105,667,1,0
72,106,655,1,0
72,107,652,1,0
72,108,987,1,0
72,109,692,1,0
72,110,673,1,0
72,111,707,1,0
72,112,718,1,0
72,113,821,1,0
72,114,767,1,0
72,115,771,1,0
72,116,734,1,0
72,117,718,1,0
72,118,990,1,0
72,119,1022,1,0
72,120,896,1,0
72,121,938,1,0
72,122,802,1,0
72,123,786,1,0
72,124,736,1,0
72,125,704,1,0
72,126,1155,1,0
72,127,802,1,0
72,128,1169,1,0
72,129,972,1,0
72,130,940,1,0
72,131,755,1,0
72,132,789,1,0
72,133,689,1,0
72,134,1055,1,0
72,135,1459,1,0
72,136,1220,1,0
72,137,994,1,0
72,138,1060,1,0
72,139,767,1,0
72,140,1276,1,0
72,141,996,1,0
72,142,1008,1,0
72,143,795,1,0
72,144,781,1,0
72,145,800,1,0
72,146,767,1,0
72,147,872,1,0
72,148,1255,1,0
72,149,1025,1,0
72,150,864,1,0
72,151,715,1,0
72,152,653,1,0
72,153,1134,1,0
72,154,848,1,0
72,155,644,1,0
72,156,661,1,0
72,157,791,1,0
72,158,882,1,0
72,159,603,1,0
72,160,597,1,0
72,161,596,1,0
72,162,817,1,0
72,163,734,1,0
72,164,731,1,0
72,165,875,1,0
72,166,780,1,0
72,167,613,1,0
72,168,869,1,0
72,169,627,1,0
72,170,702,1,0
72,171,842,1,0
72,172,607,1,0
72,173,802,1,0
72,174,639,1,0
72,175,930,1,0
72,176,698,1,0
72,177,683,1,0
72,178,819,1,0
72,179,682,1,0
72,180,700,1,0
72,181,647,1,0
72,182,613,1,0
72,183,693,1,0
72,184,661,1,0
72,185,1024,1,0
72,186,746,1,0
72,187,642,1,0
72,188,718,1,0
72,189,661,1,0
72,190,683,1,0
72,191,718,1,0
72,192,733,1,0
72,193,635,1,0
72,194,682,1,0
72,195,814,1,0
72,196,643,1,0
72,197,1086,1,0
72,198,773,1,0
72,199,663,1,0
72,200,664,1,0
72,201,692,1,0
72,202,628,1,0
72,203,709,1,0
72,204,801,1,0
72,205,662,1,0
72,206,673,1,0
72,207,555,1,0
72,208,692,1,0
72,209,596,1,0
72,210,625,1,0
72,211,709,1,0
72,212,816,1,0
72,213,657,1,0
72,214,571,1,0
72,215,587,1,0
72,216,627,1,0
72,217,721,1,0
72,218,644,1,0
72,219,580,1,0
72,220,637,1,0
72,221,752,1,0
72,222,605,1,0
72,223,721,1,0
72,224,647,1,0
72,225,628,1,0
72,226,688,1,0
72,227,697,1,0
72,228,914,1,0
72,229,637,1,0
72,230,650,1,0
72,231,667,1,0
72,232,773,1,0
72,233,704,1,0
72,234,630,1,0
72,235,713,1,0
72,236,680,1,0
72,237,675,1,0
72,238,895,1,0
72,239,815,1,0
72,240,1079,1,0
72,241,806,1,0
72,242,781,1,0
72,243,912,1,0
72,244,973,1,0
72,245,692,1,0
72,246,972,1,0
72,247,759,1,0
72,248,1023,1,0
72,249,693,1,0
72,250,653,1,0
72,251,650,1,0
72,252,658,1,0
72,253,655,1,0
72,254,702,1,0
72,255,733,1,0
72,256,659,1,0
72,257,623,1,0
72,258,684,1,0
72,259,759,1,0
72,260,770,1,0
72,261,693,1,0
72,262,608,1,0
72,263,619,1,0
72,264,645,1,0
72,265,629,1,0
72,266,639,1,0
72,267,604,1,0
72,268,679,1,0
72,269,770,1,0
72,270,577,1,0
72,271,618,1,0
72,272,605,1,0
72,273,648,1,0
72,274,599,1,0
72,275,618,1,0
72,276,670,1,0
72,277,627,1,0
72,278,604,1,0
72,279,685,1,0
72,280,641,1,0
72,281,697,1,0
72,282,746,1,0
72,283,613,1,0
72,284,702,1,0
72,285,625,1,0
72,286,680,1,0
72,287,652,1,0
72,288,679,1,0
72,289,613,1,0
72,290,647,1,0
72,291,628,1,0
72,292,742,1,0
72,293,656,1,0
72,294,643,1,0
72,295,620,1,0
72,296,924,1,0
72,297,688,1,0
72,298,960,1,0
72,299,632,1,0
72,300,683,1,0
72,301,647,1,0
72,302,655,1,0
72,303,640,1,0
72,304,592,1,0
72,305,702,1,0
72,306,658,1,0
72,307,672,1,0
72,308,616,1,0
72,309,787,1,0
72,310,634,1,0
72,311,937,1,0
72,312,659,1,0
72,313,632,1,0
72,314,731,1,0
72,315,619,1,0
72,316,747,1,0
72,317,638,1,0
72,318,628,1,0
72,319,807,1,0
72,320,804,1,0
72,321,728,1,0
72,322,1152,1,0
72,323,851,1,0
72,324,732,1,0
72,325,806,1,0
72,326,928,1,0
72,327,914,1,0
72,328,865,1,0
72,329,864,1,0
72,330,908,1,0
72,331,683,1,0
72,332,754,1,0
72,333,908,1,0
72,334,711,1,0
72,335,717,1,0
72,336,968,1,0
72,337,795,1,0
72,338,776,1,0
72,339,719,1,0
72,340,850,1,0
72,341,833,1,0
72,342,740,1,0
72,343,858,1,0
72,344,656,1,0
72,345,630,1,0
72,346,613,1,0
72,347,620,1,0
72,348,775,1,0
72,349,943,1,0
72,350,613,1,0
72,351,616,1,0
72,352,638,1,0
72,353,640,1,0
72,354,625,1,0
72,355,589,1,0
72,356,619,1,0
72,357,648,1,0
72,358,697,1,0
72,359,610,1,0
72,360,665,1,0
72,361,656,1,0
72,362,663,1,0
72,363,596,1,0
72,364,618,1,0
72,365,601,1,0
72,366,595,1,0
72,367,674,1,0
72,368,701,1,0
72,369,618,1,0
72,370,680,1,0
72,371,660,1,0
72,372,633,1,0
72,373,681,1,0
72,374,635,1,0
72,375,650,1,0
72,376,765,1,0
72,377,697,1,0
72,378,684,1,0
72,379,681,1,0
72,380,871,1,0
72,381,645,1,0
72,382,612,1,0
72,383,695,1,0
72,384,635,1,0
72,385,796,1,0
72,386,746,1,0
72,387,803,1,0
72,388,677,1,0
72,389,911,1,0
72,390,779,1,0
72,391,673,1,0
72,392,658,1,0
72,393,669,1,0
72,394,705,1,0
72,395,681,1,0
72,396,755,1,0
72,397,683,1,0
72,398,751,1,0
72,399,879,1,0
72,400,684,1,0
72,401,664,1,0
72,402,668,1,0
72,403,807,1,0
72,404,616,1,0
72,405,664,1,0
72,406,694,1,0
72,407,655,1,0
72,408,605,1,0
72,409,668,1,0
72,410,927,1,0
72,411,1055,1,0
72,412,969,1,0
72,413,1008,1,0
72,414,1533,1,0
72,415,1145,1,0
72,416,943,1,0
72,417,811,1,0
72,418,838,1,0
72,419,918,1,0
72,420,858,1,0
72,421,800,1,0
72,422,905,1,0
72,423,794,1,0
72,424,862,1,0
72,425,823,1,0
72,426,747,1,0
72,427,733,1,0
72,428,788,1,0
72,429,735,1,0
72,430,754,1,0
72,431,745,1,0
72,432,802,1,0
72,433,777,1,0
72,434,651,1,0
72,435,589,1,0
72,436,687,1,0
72,437,1275,1,0
72,438,645,1,0
72,439,902,1,0
72,440,858,1,0
72,441,901,1,0
72,442,1318,1,0
72,443,927,1,0
72,444,636,1,0
72,445,998,1,0
72,446,583,1,0
72,447,800,1,0
72,448,646,1,0
72,449,621,1,0
72,450,827,1,0
72,451,631,1,0
72,452,654,1,0
72,453,571,1,0
72,454,608,1,0
72,455,657,1,0
72,456,618,1,0
72,457,653,1,0
72,458,650,1,0
72,459,649,1,0
72,460,670,1,0
72,461,627,1,0
72,462,661,1,0
72,463,605,1,0
72,464,623,1,0
72,465,605,1,0
72,466,654,1,0
72,467,663,1,0
72,468,671,1,0
72,469,650,1,0
72,470,663,1,0
72,471,789,1,0
72,472,622,1,0
72,473,599,1,0
72,474,672,1,0
72,475,1089,1,0
72,476,702,1,0
72,477,719,1,0
72,478,648,1,0
72,479,614,1,0
72,480,683,1,0
72,481,854,1,0
72,482,591,1,0
72,483,666,1,0
72,484,646,1,0
72,485,1108,1,0
72,486,719,1,0
72,487,826,1,0
72,488,712,1,0
72,489,700,1,0
72,490,789,1,0
72,491,797,1,0
72,492,681,1,0
72,493,748,1,0
72,494,702,1,0
72,495,668,1,0
72,496,629,1,0
72,497,640,1,0
72,498,625,1,0
72,499,714,1,0
72,500,830,1,0
72,501,805,1,0
72,502,623,1,0
72,503,614,1,0
72,504,630,1,0
72,505,746,1,0
72,506,633,1,0
72,507,578,1,0
72,508,873,1,0
72,509,617,1,0
72,510,642,1,0
72,511,671,1,0
72,512,717,1,0
72,513,668,1,0
72,514,672,1,0
72,515,701,1,0
72,516,668,1,0
72,517,824,1,0
72,518,757,1,0
72,519,684,1,0
72,520,1099,1,0
72,521,778,1,0
72,522,787,1,0
72,523,862,1,0
72,524,837,1,0
72,525,971,1,0
72,526,1000,1,0
72,527,741,1,0
72,528,683,1,0
72,529,765,1,0
72,530,697,1,0
72,531,610,1,0
72,532,943,1,0
72,533,987,1,0
72,534,744,1,0
72,535,848,1,0
72,536,595,1,0
72,537,631,1,0
72,538,604,1,0
72,539,717,1,0
72,540,929,1,0
72,541,726,1,0
72,542,685,1,0
72,543,631,1,0
72,544,704,1,0
72,545,589,1,0
72,546,609,1,0
72,547,634,1,0
72,548,642,1,0
72,549,620,1,0
72,550,675,1,0
72,551,636,1,0
72,552,665,1,0
72,553,714,1,0
72,554,615,1,0
72,555,587,1,0
72,556,675,1,0
72,557,590,1,0
72,558,672,1,0
72,559,689,1,0
72,560,778,1,0
72,561,642,1,0
72,562,676,1,0
72,563,992,1,0
72,564,631,1,0
72,565,672,1,0
72,566,655,1,0
72,567,682,1,0
72,568,655,1,0
72,569,704,1,0
72,570,667,1,0
72,571,657,1,0
72,572,1112,1,0
72,573,662,1,0
72,574,752,1,0
72,575,1051,1,0
72,576,765,1,0
72,577,655,1,0
72,578,658,1,0
72,579,757,1,0
72,580,637,1,0
72,581,738,1,0
72,582,892,1,0
72,583,644,1,0
72,584,650,1,0
72,585,663,1,0
72,586,670,1,0
72,587,618,1,0
72,588,982,1,0
72,589,683,1,0
72,590,1397,1,0
72,591,678,1,0
72,592,647,1,0
72,593,728,1,0
72,594,677,1,0
72,595,797,1,0
72,596,900,1,0
72,597,680,1,0
72,598,835,1,0
72,599,785,1,0
73,0,1581,1,0
73,1,937,1,0
73,2,591,1,0
73,3,634,1,0
73,4,929,1,0
73,5,651,1,0
73,6,1173,1,0
73,7,1162,1,0
73,8,1146,1,0
73,9,979,1,0
73,10,979,1,0
73,11,864,1,0
73,12,1135,1,0
73,13,961,1,0
73,14,1056,1,0
73,15,1016,1,0
73,16,846,1,0
73,17,880,1,0
73,18,767,1,0
73,19,787,1,0
73,20,744,1,0
73,21,787,1,0
73,22,882,1,0
73,23,796,1,0
73,24,831,1,0
73,25,948,1,0
73,26,800,1,0
73,27,714,1,0
73,28,818,1,0
73,29,748,1,0
73,30,667,1,0
73,31,702,1,0
73,32,616,1,0
73,33,588,1,0
73,34,635,1,0
73,35,645,1,0
73,36,615,1,0
73,37,631,1,0
73,38,611,1,0
73,39,634,1,0
73,40,598,1,0
73,41,607,1,0
73,42,633,1,0
73,43,670,1,0
73,44,627,1,0
73,45,617,1,0
73,46,730,1,0
73,47,599,1,0
73,48,662,1,0
73,49,628,1,0
73,50,648,1,0
73,51,646,1,0
73,52,575,1,0
73,53,635,1,0
73,54,630,1,0
73,55,585,1,0
73,56,622,1,0
73,57,619,1,0
73,58,765,1,0
73,59,797,1,0
73,60,613,1,0
73,61,709,1,0
73,62,747,1,0
73,63,701,1,0
73,64,625,1,0
73,65,638,1,0
73,66,616,1,0
73,67,593,1,0
73,68,1189,1,0
73,69,1899,1,0
73,70,1364,1,0
73,71,1399,1,0
73,72,888,1,0
73,73,745,1,0
73,74,729,1,0
73,75,860,1,0
73,76,1232,1,0
73,77,672,1,0
73,78,672,1,0
73,79,592,1,0
73,80,641,1,0
73,81,608,1,0
73,82,595,1,0
73,83,756,1,0
73,84,568,1,0
73,85,629,1,0
73,86,660,1,0
73,87,665,1,0
73,88,653,1,0
73,89,609,1,0
73,90,668,1,0
73,91,569,1,0
73,92,636,1,0
73,93,603,1,0
73,94,568,1,0
73,95,611,1,0
73,96,675,1,0
73,97,712,1,0
73,98,663,1,0
73,99,709,1,0
73,100,932,1,0
73,101,686,1,0
73,102,814,1,0
73,103,796,1,0
73,104,906,1,0
73,105,746,1,0
73,106,729,1,0
73,107,829,1,0
73,108,759,1,0
73,109,705,1,0
73,110,841,1,0
73,111,924,1,0
73,112,821,1,0
73,113,684,1,0
73,114,656,1,0
73,115,705,1,0
73,116,843,1,0
73,117,1357,1,0
73,118,631,1,0
73,119,625,1,0
73,120,886,1,0
73,121,701,1,0
73,122,653,1,0
73,123,671,1,0
73,124,722,1,0
73,125,647,1,0
73,126,643,1,0
73,127,590,1,0
73,128,1007,1,0
73,129,703,1,0
73,130,639,1,0
73,131,567,1,0
73,132,623,1,0
73,133,563,1,0
73,134,708,1,0
73,135,631,1,0
73,136,578,1,0
73,137,601,1,0
73,138,1010,1,0
73,139,668,1,0
73,140,665,1,0
73,141,612,1,0
73,142,698,1,0
73,143,610,1,0
73,144,671,1,0
73,145,665,1,0
73,146,620,1,0
73,147,633,1,0
73,148,1031,1,0
73,149,662,1,0
73,150,568,1,0
73,151,715,1,0
73,152,608,1,0
73,153,880,1,0
73,154,611,1,0
73,155,577,1,0
73,156,701,1,0
73,157,640,1,0
73,158,867,1,0
73,159,632,1,0
73,160,646,1,0
73,161,675,1,0
73,162,689,1,0
73,163,593,1,0
73,164,688,1,0
73,165,983,1,0
73,166,587,1,0
73,167,692,1,0
73,168,1323,1,0
73,169,591,1,0
73,170,740,1,0
73,171,591,1,0
73,172,711,1,0
73,173,663,1,0
73,174,656,1,0
73,175,1507,1,0
73,176,784,1,0
73,177,963,1,0
73,178,1134,1,0
73,179,1115,1,0
73,180,998,1,0
73,181,781,1,0
73,182,909,1,0
73,183,796,1,0
73,184,926,1,0
73,185,864,1,0
73,186,1369,1,0
73,187,963,1,0
73,188,1112,1,0
73,189,906,1,0
73,190,1013,1,0
73,191,791,1,0
73,192,1163,1,0
73,193,753,1,0
73,194,748,1,0
73,195,1014,1,0
73,196,741,1,0
73,197,895,1,0
73,198,971,1,0
73,199,889,1,0
73,200,835,1,0
73,201,714,1,0
73,202,803,1,0
73,203,627,1,0
73,204,642,1,0
73,205,741,1,0
73,206,730,1,0
73,207,587,1,0
73,208,829,1,0
73,209,554,1,0
73,210,637,1,0
73,211,518,1,0
73,212,691,1,0
73,213,573,1,0
73,214,569,1,0
73,215,622,1,0
73,216,556,1,0
73,217,564,1,0
73,218,740,1,0
73,219,589,1,0
73,220,918,1,0
73,221,644,1,0
73,222,664,1,0
73,223,575,1,0
73,224,584,1,0
73,225,619,1,0
73,226,571,1,0
73,227,636,1,0
73,228,817,1,0
73,229,651,1,0
73,230,825,1,0
73,231,771,1,0
73,232,626,1,0
73,233,566,1,0
73,234,584,1,0
73,235,571,1,0
73,236,616,1,0
73,237,673,1,0
73,238,796,1,0
73,239,719,1,0
73,240,606,1,0
73,241,595,1,0
73,242,604,1,0
73,243,623,1,0
73,244,716,1,0
73,245,618,1,0
73,246,676,1,0
73,247,594,1,0
73,248,642,1,0
73,249,576,1,0
73,250,680,1,0
73,251,664,1,0
73,252,570,1,0
73,253,566,1,0
73,254,660,1,0
73,255,608,1,0
73,256,705,1,0
73,257,691,1,0
73,258,787,1,0
73,259,682,1,0
73,260,635,1,0
73,261,659,1,0
73,262,619,1,0
73,263,964,1,0
73,264,764,1,0
73,265,603,1,0
73,266,612,1,0
73,267,582,1,0
73,268,691,1,0
73,269,680,1,0
73,270,702,1,0
73,271,641,1,0
73,272,703,1,0
73,273,635,1,0
73,274,656,1,0
73,275,789,1,0
73,276,661,1,0
73,277,588,1,0
73,278,644,1,0
73,279,651,1,0
73,280,621,1,0
73,281,690,1,0
73,282,763,1,0
73,283,633,1,0
73,284,611,1,0
73,285,647,1,0
73,286,648,1,0
73,287,822,1,0
73,288,971,1,0
73,289,796,1,0
73,290,730,1,0
73,291,757,1,0
73,292,700,1,0
73,293,783,1,0
73,294,706,1,0
73,295,852,1,0
73,296,808,1,0
73,297,644,1,0
73,298,943,1,0
73,299,748,1,0
73,300,682,1,0
73,301,619,1,0
73,302,854,1,0
73,303,584,1,0
73,304,655,1,0
73,305,585,1,0
73,306,591,1,0
73,307,602,1,0
73,308,643,1,0
73,309,754,1,0
73,310,768,1,0
73,311,690,1,0
73,312,730,1,0
73,313,602,1,0
73,314,557,1,0
73,315,834,1,0
73,316,627,1,0
73,317,601,1,0
73,318,673,1,0
73,319,888,1,0
73,320,718,1,0
73,321,667,1,0
73,322,758,1,0
73,323,676,1,0
73,324,626,1,0
73,325,619,1,0
73,326,894,1,0
73,327,584,1,0
73,328,767,1,0
73,329,644,1,0
73,330,640,1,0
73,331,627,1,0
73,332,579,1,0
73,333,735,1,0
73,334,741,1,0
73,335,604,1,0
73,336,649,1,0
73,337,576,1,0
73,338,692,1,0
73,339,766,1,0
73,340,623,1,0
73,341,682,1,0
73,342,637,1,0
73,343,661,1,0
73,344,626,1,0
73,345,638,1,0
73,346,668,1,0
73,347,740,1,0
73,348,633,1,0
73,349,582,1,0
73,350,752,1,0
73,351,589,1,0
73,352,607,1,0
73,353,617,1,0
73,354,642,1,0
73,355,635,1,0
73,356,666,1,0
73,357,629,1,0
73,358,1165,1,0
73,359,614,1,0
73,360,763,1,0
73,361,859,1,0
73,362,811,1,0
73,363,684,1,0
73,364,1005,1,0
73,365,710,1,0
73,366,685,1,0
73,367,855,1,0
73,368,1097,1,0
73,369,811,1,0
73,370,869,1,0
73,371,1098,1,0
73,372,978,1,0
73,373,883,1,0
73,374,865,1,0
73,375,672,1,0
73,376,795,1,0
73,377,787,1,0
73,378,685,1,0
73,379,762,1,0
73,380,929,1,0
73,381,635,1,0
73,382,740,1,0
73,383,707,1,0
73,384,786,1,0
73,385,939,1,0
73,386,1329,1,0
73,387,1088,1,0
73,388,1015,1,0
73,389,765,1,0
73,390,672,1,0
73,391,645,1,0
73,392,659,1,0
73,393,603,1,0
73,394,602,1,0
73,395,802,1,0
73,396,607,1,0
73,397,624,1,0
73,398,745,1,0
73,399,568,1,0
73,400,673,1,0
73,401,585,1,0
73,402,684,1,0
73,403,625,1,0
73,404,598,1,0
73,405,646,1,0
73,406,644,1,0
73,407,676,1,0
73,408,606,1,0
73,409,647,1,0
73,410,780,1,0
73,411,676,1,0
73,412,651,1,0
73,413,641,1,0
73,414,690,1,0
73,415,622,1,0
73,416,679,1,0
73,417,697,1,0
73,418,614,1,0
73,419,693,1,0
73,420,632,1,0
73,421,674,1,0
73,422,588,1,0
73,423,634,1,0
73,424,594,1,0
73,425,599,1,0
73,426,616,1,0
73,427,656,1,0
73,428,644,1,0
73,429,594,1,0
73,430,649,1,0
73,431,636,1,0
73,432,690,1,0
73,433,653,1,0
73,434,631,1,0
73,435,705,1,0
73,436,647,1,0
73,437,818,1,0
73,438,701,1,0
73,439,858,1,0
73,440,585,1,0
73,441,648,1,0
73,442,1650,1,0
73,443,1176,1,0
73,444,685,1,0
73,445,724,1,0
73,446,792,1,0
73,447,763,1,0
73,448,667,1,0
73,449,659,1,0
73,450,1427,1,0
73,451,798,1,0
73,452,961,1,0
73,453,594,1,0
73,454,598,1,0
73,455,842,1,0
73,456,1131,1,0
73,457,1002,1,0
73,458,684,1,0
73,459,608,1,0
73,460,710,1,0
73,461,871,1,0
73,462,980,1,0
73,463,688,1,0
73,464,792,1,0
73,465,1157,1,0
73,466,636,1,0
73,467,842,1,0
73,468,1054,1,0
73,469,972,1,0
73,470,982,1,0
73,471,1020,1,0
73,472,734,1,0
73,473,791,1,0
73,474,792,1,0
73,475,820,1,0
73,476,807,1,0
73,477,819,1,0
73,478,767,1,0
73,479,734,1,0
73,480,1137,1,0
73,481,952,1,0
73,482,897,1,0
73,483,986,1,0
73,484,734,1,0
73,485,802,1,0
73,486,1636,1,0
73,487,1627,1,0
73,488,671,1,0
73,489,673,1,0
73,490,614,1,0
73,491,875,1,0
73,492,714,1,0
73,493,799,1,0
73,494,672,1,0
73,495,591,1,0
73,496,673,1,0
73,497,573,1,0
73,498,562,1,0
73,499,619,1,0
73,500,651,1,0
73,501,716,1,0
73,502,823,1,0
73,503,824,1,0
73,504,672,1,0
73,505,659,1,0
73,506,667,1,0
73,507,645,1,0
73,508,964,1,0
73,509,622,1,0
73,510,623,1,0
73,511,611,1,0
73,512,563,1,0
73,513,588,1,0
73,514,656,1,0
73,515,579,1,0
73,516,622,1,0
73,517,831,1,0
73,518,621,1,0
73,519,572,1,0
73,520,718,1,0
73,521,635,1,0
73,522,607,1,0
73,523,624,1,0
73,524,611,1,0
73,525,658,1,0
73,526,612,1,0
73,527,719,1,0
73,528,621,1,0
73,529,596,1,0
73,530,659,1,0
73,531,655,1,0
73,532,682,1,0
73,533,675,1,0
73,534,637,1,0
73,535,633,1,0
73,536,644,1,0
73,537,631,1,0
73,538,627,1,0
73,539,631,1,0
73,540,629,1,0
73,541,568,1,0
73,542,751,1,0
73,543,1051,1,0
73,544,634,1,0
73,545,587,1,0
73,546,732,1,0
73,547,585,1,0
73,548,661,1,0
73,549,619,1,0
73,550,697,1,0
73,551,623,1,0
73,552,588,1,0
73,553,777,1,0
73,554,688,1,0
73,555,847,1,0
73,556,919,1,0
73,557,909,1,0
73,558,794,1,0
73,559,1080,1,0
73,560,994,1,0
73,561,902,1,0
73,562,896,1,0
73,563,874,1,0
73,564,766,1,0
73,565,899,1,0
73,566,678,1,0
73,567,758,1,0
73,568,969,1,0
73,569,818,1,0
73,570,727,1,0
73,571,688,1,0
73,572,927,1,0
73,573,710,1,0
73,574,735,1,0
73,575,972,1,0
73,576,1004,1,0
73,577,705,1,0
73,578,781,1,0
73,579,753,1,0
73,580,683,1,0
73,581,636,1,0
73,582,656,1,0
73,583,619,1,0
73,584,630,1,0
73,585,621,1,0
73,586,577,1,0
73,587,644,1,0
73,588,654,1,0
73,589,823,1,0
73,590,753,1,0
73,591,554,1,0
73,592,712,1,0
73,593,672,1,0
73,594,643,1,0
73,595,597,1,0
73,596,577,1,0
73,597,702,1,0
73,598,602,1,0
73,599,617,1,0
74,0,3274,1,0
74,1,617,1,0
74,2,799,1,0
74,3,856,1,0
74,4,723,1,0
74,5,684,1,0
74,6,1197,1,0
74,7,817,1,0
74,8,620,1,0
74,9,710,1,0
74,10,650,1,0
74,11,614,1,0
74,12,573,1,0
74,13,642,1,0
74,14,628,1,0
74,15,614,1,0
74,16,818,1,0
74,17,543,1,0
74,18,605,1,0
74,19,554,1,0
74,20,575,1,0
74,21,754,1,0
74,22,703,1,0
74,23,632,1,0
74,24,699,1,0
74,25,613,1,0
74,26,627,1,0
74,27,614,1,0
74,28,656,1,0
74,29,712,1,0
74,30,637,1,0
74,31,653,1,0
74,32,649,1,0
74,33,637,1,0
74,34,1129,1,0
74,35,627,1,0
74,36,637,1,0
74,37,766,1,0
74,38,780,1,0
74,39,619,1,0
74,40,615,1,0
74,41,618,1,0
74,42,622,1,0
74,43,709,1,0
74,44,860,1,0
74,45,644,1,0
74,46,742,1,0
74,47,656,1,0
74,48,657,1,0
74,49,597,1,0
74,50,714,1,0
74,51,644,1,0
74,52,650,1,0
74,53,590,1,0
74,54,586,1,0
74,55,545,1,0
74,56,942,1,0
74,57,695,1,0
74,58,908,1,0
74,59,788,1,0
74,60,686,1,0
74,61,680,1,0
74,62,952,1,0
74,63,789,1,0
74,64,1126,1,0
74,65,1226,1,0
74,66,706,1,0
74,67,1052,1,0
74,68,1066,1,0
74,69,1144,1,0
74,70,1273,1,0
74,71,1077,1,0
74,72,857,1,0
74,73,829,1,0
74,74,765,1,0
74,75,782,1,0
74,76,1062,1,0
74,77,650,1,0
74,78,725,1,0
74,79,695,1,0
74,80,650,1,0
74,81,812,1,0
74,82,888,1,0
74,83,1047,1,0
74,84,847,1,0
74,85,632,1,0
74,86,609,1,0
74,87,617,1,0
74,88,640,1,0
74,89,616,1,0
74,90,850,1,0
74,91,889,1,0
74,92,580,1,0
74,93,621,1,0
74,94,548,1,0
74,95,565,1,0
74,96,581,1,0
74,97,652,1,0
74,98,586,1,0
74,99,705,1,0
74,100,598,1,0
74,101,603,1,0
74,102,608,1,0
74,103,681,1,0
74,104,724,1,0
74,105,616,1,0
74,106,614,1,0
74,107,622,1,0
74,108,696,1,0
74,109,654,1,0
74,110,668,1,0
74,111,608,1,0
74,112,628,1,0
74,113,623,1,0
74,114,638,1,0
74,115,621,1,0
74,116,1154,1,0
74,117,648,1,0
74,118,619,1,0
74,119,638,1,0
74,120,678,1,0
74,121,669,1,0
74,122,679,1,0
74,123,618,1,0
74,124,694,1,0
74,125,600,1,0
74,126,619,1,0
74,127,653,1,0
74,128,793,1,0
74,129,1023,1,0
74,130,632,1,0
74,131,710,1,0
74,132,692,1,0
74,133,613,1,0
74,134,642,1,0
74,135,683,1,0
74,136,579,1,0
74,137,633,1,0
74,138,1013,1,0
74,139,639,1,0
74,140,1116,1,0
74,141,658,1,0
74,142,684,1,0
74,143,1247,1,0
74,144,1206,1,0
74,145,857,1,0
74,146,1323,1,0
74,147,1108,1,0
74,148,1299,1,0
74,149,1052,1,0
74,150,840,1,0
74,151,1090,1,0
74,152,1017,1,0
74,153,827,1,0
74,154,982,1,0
74,155,686,1,0
74,156,742,1,0
74,157,819,1,0
74,158,1055,1,0
74,159,728,1,0
74,160,797,1,0
74,161,853,1,0
74,162,865,1,0
74,163,792,1,0
74,164,824,1,0
74,165,734,1,0
74,166,737,1,0
74,167,738,1,0
74,168,806,1,0
74,169,1242,1,0
74,170,987,1,0
74,171,849,1,0
74,172,924,1,0
74,173,616,1,0
74,174,637,1,0
74,175,646,1,0
74,176,718,1,0
74,177,604,1,0
74,178,980,1,0
74,179,660,1,0
74,180,570,1,0
74,181,618,1,0
74,182,599,1,0
74,183,605,1,0
74,184,623,1,0
74,185,616,1,0
74,186,632,1,0
74,187,595,1,0
74,188,1005,1,0
74,189,650,1,0
74,190,618,1,0
74,191,599,1,0
74,192,600,1,0
74,193,598,1,0
74,194,670,1,0
74,195,607,1,0
74,196,988,1,0
74,197,638,1,0
74,198,727,1,0
74,199,722,1,0
74,200,628,1,0
74,201,660,1,0
74,202,634,1,0
74,203,735,1,0
74,204,655,1,0
74,205,649,1,0
74,206,670,1,0
74,207,636,1,0
74,208,760,1,0
74,209,660,1,0
74,210,658,1,0
74,211,691,1,0
74,212,620,1,0
74,213,598,1,0
74,214,618,1,0
74,215,620,1,0
74,216,617,1,0
74,217,690,1,0
74,218,819,1,0
74,219,591,1,0
74,220,835,1,0
74,221,699,1,0
74,222,684,1,0
74,223,694,1,0
74,224,658,1,0
74,225,722,1,0
74,226,741,1,0
74,227,671,1,0
74,228,837,1,0
74,229,691,1,0
74,230,683,1,0
74,231,802,1,0
74,232,658,1,0
74,233,694,1,0
74,234,640,1,0
74,235,635,1,0
74,236,707,1,0
74,237,636,1,0
74,238,1130,1,0
74,239,837,1,0
74,240,1341,1,0
74,241,868,1,0
74,242,709,1,0
74,243,623,1,0
74,244,592,1,0
74,245,646,1,0
74,246,700,1,0
74,247,678,1,0
74,248,852,1,0
74,249,693,1,0
74,250,731,1,0
74,251,641,1,0
74,252,742,1,0
74,253,835,1,0
74,254,764,1,0
74,255,820,1,0
74,256,806,1,0
74,257,783,1,0
74,258,780,1,0
74,259,603,1,0
74,260,744,1,0
74,261,589,1,0
74,262,689,1,0
74,263,694,1,0
74,264,697,1,0
74,265,651,1,0
74,266,619,1,0
74,267,763,1,0
74,268,1187,1,0
74,269,974,1,0
74,270,596,1,0
74,271,639,1,0
74,272,636,1,0
74,273,651,1,0
74,274,607,1,0
74,275,639,1,0
74,276,725,1,0
74,277,651,1,0
74,278,626,1,0
74,279,677,1,0
74,280,657,1,0
74,281,660,1,0
74,282,629,1,0
74,283,677,1,0
74,284,630,1,0
74,285,601,1,0
74,286,572,1,0
74,287,642,1,0
74,288,603,1,0
74,289,564,1,0
74,290,601,1,0
74,291,704,1,0
74,292,609,1,0
74,293,633,1,0
74,294,615,1,0
74,295,645,1,0
74,296,703,1,0
74,297,586,1,0
74,298,1055,1,0
74,299,668,1,0
74,300,697,1,0
74,301,600,1,0
74,302,592,1,0
74,303,642,1,0
74,304,640,1,0
74,305,597,1,0
74,306,650,1,0
74,307,587,1,0
74,308,775,1,0
74,309,684,1,0
74,310,673,1,0
74,311,663,1,0
74,312,676,1,0
74,313,609,1,0
74,314,820,1,0
74,315,653,1,0
74,316,698,1,0
74,317,656,1,0
74,318,697,1,0
74,319,928,1,0
74,320,576,1,0
74,321,912,1,0
74,322,972,1,0
74,323,753,1,0
74,324,616,1,0
74,325,724,1,0
74,326,633,1,0
74,327,691,1,0
74,328,961,1,0
74,329,634,1,0
74,330,647,1,0
74,331,789,1,0
74,332,695,1,0
74,333,988,1,0
74,334,894,1,0
74,335,794,1,0
74,336,1111,1,0
74,337,836,1,0
74,338,1049,1,0
74,339,855,1,0
74,340,762,1,0
74,341,923,1,0
74,342,920,1,0
74,343,716,1,0
74,344,733,1,0
74,345,724,1,0
74,346,1027,1,0
74,347,718,1,0
74,348,783,1,0
74,349,834,1,0
74,350,1066,1,0
74,351,711,1,0
74,352,696,1,0
74,353,580,1,0
74,354,597,1,0
74,355,583,1,0
74,356,709,1,0
74,357,631,1,0
74,358,675,1,0
74,359,622,1,0
74,360,638,1,0
74,361,663,1,0
74,362,654,1,0
74,363,611,1,0
74,364,590,1,0
74,365,606,1,0
74,366,628,1,0
74,367,755,1,0
74,368,607,1,0
74,369,588,1,0
74,370,649,1,0
74,371,570,1,0
74,372,639,1,0
74,373,654,1,0
74,374,628,1,0
74,375,608,1,0
74,376,629,1,0
74,377,565,1,0
74,378,626,1,0
74,379,618,1,0
74,380,702,1,0
74,381,712,1,0
74,382,648,1,0
74,383,585,1,0
74,384,566,1,0
74,385,710,1,0
74,386,707,1,0
74,387,670,1,0
74,388,820,1,0
74,389,613,1,0
74,390,699,1,0
74,391,692,1,0
74,392,612,1,0
74,393,627,1,0
74,394,693,1,0
74,395,555,1,0
74,396,608,1,0
74,397,627,1,0
74,398,707,1,0
74,399,584,1,0
74,400,709,1,0
74,401,641,1,0
74,402,683,1,0
74,403,577,1,0
74,404,653,1,0
74,405,578,1,0
74,406,711,1,0
74,407,636,1,0
74,408,680,1,0
74,409,677,1,0
74,410,783,1,0
74,411,899,1,0
74,412,854,1,0
74,413,939,1,0
74,414,678,1,0
74,415,595,1,0
74,416,647,1,0
74,417,1193,1,0
74,418,812,1,0
74,419,919,1,0
74,420,1120,1,0
74,421,675,1,0
74,422,935,1,0
74,423,1019,1,0
74,424,884,1,0
74,425,858,1,0
74,426,973,1,0
74,427,1090,1,0
74,428,1016,1,0
74,429,841,1,0
74,430,836,1,0
74,431,779,1,0
74,432,860,1,0
74,433,731,1,0
74,434,817,1,0
74,435,810,1,0
74,436,854,1,0
74,437,1173,1,0
74,438,934,1,0
74,439,908,1,0
74,440,992,1,0
74,441,828,1,0
74,442,1193,1,0
74,443,993,1,0
74,444,631,1,0
74,445,821,1,0
74,446,706,1,0
74,447,784,1,0
74,448,622,1,0
74,449,670,1,0
74,450,708,1,0
74,451,715,1,0
74,452,697,1,0
74,453,608,1,0
74,454,634,1,0
74,455,690,1,0
74,456,633,1,0
74,457,630,1,0
74,458,918,1,0
74,459,627,1,0
74,460,675,1,0
74,461,630,1,0
74,462,648,1,0
74,463,572,1,0
74,464,590,1,0
74,465,672,1,0
74,466,633,1,0
74,467,734,1,0
74,468,642,1,0
74,469,675,1,0
74,470,649,1,0
74,471,688,1,0
74,472,624,1,0
74,473,620,1,0
74,474,629,1,0
74,475,608,1,0
74,476,668,1,0
74,477,627,1,0
74,478,604,1,0
74,479,621,1,0
74,480,611,1,0
74,481,797,1,0
74,482,604,1,0
74,483,631,1,0
74,484,687,1,0
74,485,710,1,0
74,486,1530,1,0
74,487,725,1,0
74,488,756,1,0
74,489,650,1,0
74,490,801,1,0
74,491,1099,1,0
74,492,606,1,0
74,493,760,1,0
74,494,663,1,0
74,495,678,1,0
74,496,577,1,0
74,497,655,1,0
74,498,690,1,0
74,499,664,1,0
74,500,800,1,0
74,501,761,1,0
74,502,580,1,0
74,503,613,1,0
74,504,676,1,0
74,505,706,1,0
74,506,696,1,0
74,507,596,1,0
74,508,677,1,0
74,509,650,1,0
74,510,708,1,0
74,511,675,1,0
74,512,889,1,0
74,513,621,1,0
74,514,665,1,0
74,515,1208,1,0
74,516,643,1,0
74,517,643,1,0
74,518,746,1,0
74,519,697,1,0
74,520,1208,1,0
74,521,917,1,0
74,522,836,1,0
74,523,1191,1,0
74,524,992,1,0
74,525,883,1,0
74,526,901,1,0
74,527,760,1,0
74,528,741,1,0
74,529,698,1,0
74,530,754,1,0
74,531,723,1,0
74,532,1042,1,0
74,533,820,1,0
74,534,798,1,0
74,535,713,1,0
74,536,783,1,0
74,537,879,1,0
74,538,796,1,0
74,539,1030,1,0
74,540,779,1,0
74,541,626,1,0
74,542,625,1,0
74,543,601,1,0
74,544,636,1,0
74,545,697,1,0
74,546,586,1,0
74,547,679,1,0
74,548,630,1,0
74,549,724,1,0
74,550,724,1,0
74,551,675,1,0
74,552,615,1,0
74,553,720,1,0
74,554,720,1,0
74,555,621,1,0
74,556,598,1,0
74,557,662,1,0
74,558,626,1,0
74,559,690,1,0
74,560,668,1,0
74,561,707,1,0
74,562,736,1,0
74,563,834,1,0
74,564,769,1,0
74,565,623,1,0
74,566,853,1,0
74,567,614,1,0
74,568,632,1,0
74,569,630,1,0
74,570,635,1,0
74,571,728,1,0
74,572,813,1,0
74,573,607,1,0
74,574,652,1,0
74,575,641,1,0
74,576,709,1,0
74,577,679,1,0
74,578,685,1,0
74,579,672,1,0
74,580,638,1,0
74,581,723,1,0
74,582,624,1,0
74,583,739,1,0
74,584,595,1,0
74,585,691,1,0
74,586,695,1,0
74,587,914,1,0
74,588,652,1,0
74,589,639,1,0
74,590,717,1,0
74,591,646,1,0
74,592,674,1,0
74,593,1075,1,0
74,594,765,1,0
74,595,654,1,0
74,596,635,1,0
74,597,852,1,0
74,598,659,1,0
74,599,692,1,0
