worker_id,sequence,latency_us,success,status_code
0,0,28054,1,0
0,1,528964,1,0
0,2,1035933,1,0
0,3,1433240,1,0
0,4,1298421,1,0
0,5,1307054,1,0
0,6,1474644,1,0
0,7,1593019,1,0
0,8,1660251,1,0
0,9,1322325,1,0
0,10,1248114,1,0
0,11,1230363,1,0
0,12,1592094,1,0
0,13,1468466,1,0
0,14,1652004,1,0
0,15,1852736,1,0
0,16,2149211,1,0
0,17,1834039,1,0
0,18,1519285,1,0
0,19,1542603,1,0
0,20,1216359,1,0
0,21,1149435,1,0
0,22,1135252,1,0
0,23,1150324,1,0
0,24,1152596,1,0
0,25,1605166,1,0
0,26,1282600,1,0
0,27,1125332,1,0
0,28,1167857,1,0
0,29,1093162,1,0
0,30,1066016,1,0
0,31,1213645,1,0
0,32,1190852,1,0
0,33,1073245,1,0
0,34,1127157,1,0
0,35,1056761,1,0
0,36,1230673,1,0
0,37,1081260,1,0
0,38,1045652,1,0
0,39,1052778,1,0
0,40,1210104,1,0
0,41,1000320,1,0
0,42,1069490,1,0
0,43,1067195,1,0
0,44,1248277,1,0
0,45,1047266,1,0
0,46,1066317,1,0
0,47,1039760,1,0
0,48,1365008,1,0
0,49,989331,1,0
0,50,1080082,1,0
0,51,1173374,1,0
0,52,1218415,1,0
0,53,1128643,1,0
0,54,1084811,1,0
0,55,1055179,1,0
0,56,1209357,1,0
0,57,1107215,1,0
0,58,1074193,1,0
0,59,1034292,1,0
1,0,33514,1,0
1,1,536356,1,0
1,2,1045200,1,0
1,3,1438550,1,0
1,4,1303801,1,0
1,5,1299841,1,0
1,6,1489003,1,0
1,7,1583019,1,0
1,8,1662732,1,0
1,9,1319534,1,0
1,10,1246773,1,0
1,11,1243928,1,0
1,12,1585117,1,0
1,13,1460607,1,0
1,14,1667663,1,0
1,15,1847451,1,0
1,16,2160440,1,0
1,17,1825228,1,0
1,18,1517870,1,0
1,19,1539191,1,0
1,20,1205774,1,0
1,21,1149415,1,0
1,22,1135439,1,0
1,23,1152262,1,0
1,24,1166491,1,0
1,25,1586279,1,0
1,26,1285495,1,0
1,27,1126869,1,0
1,28,1165050,1,0
1,29,1095927,1,0
1,30,1064729,1,0
1,31,1223639,1,0
1,32,1179386,1,0
1,33,1072496,1,0
1,34,1128712,1,0
1,35,1055941,1,0
1,36,1233094,1,0
1,37,1077538,1,0
1,38,1044351,1,0
1,39,1056471,1,0
1,40,1211029,1,0
1,41,999579,1,0
1,42,1069020,1,0
1,43,1067504,1,0
1,44,1248799,1,0
1,45,1043972,1,0
1,46,1069916,1,0
1,47,1039048,1,0
1,48,1366654,1,0
1,49,984126,1,0
1,50,1086493,1,0
1,51,1171736,1,0
1,52,1216176,1,0
1,53,1129265,1,0
1,54,1085408,1,0
1,55,1053394,1,0
1,56,1210186,1,0
1,57,1106788,1,0
1,58,1076590,1,0
1,59,1031527,1,0
2,0,39399,1,0
2,1,545455,1,0
2,2,1049640,1,0
2,3,1440957,1,0
2,4,1301415,1,0
2,5,1299853,1,0
2,6,1494142,1,0
2,7,1576456,1,0
2,8,1662162,1,0
2,9,1320370,1,0
2,10,1245748,1,0
2,11,1246188,1,0
2,12,1584615,1,0
2,13,1457975,1,0
2,14,1670629,1,0
2,15,1843852,1,0
2,16,2174086,1,0
2,17,1814903,1,0
2,18,1517820,1,0
2,19,1534787,1,0
2,20,1207888,1,0
2,21,1147096,1,0
2,22,1136652,1,0
2,23,1153464,1,0
2,24,1175044,1,0
2,25,1575882,1,0
2,26,1285513,1,0
2,27,1127078,1,0
2,28,1163396,1,0
2,29,1098380,1,0
2,30,1063386,1,0
2,31,1225341,1,0
2,32,1179357,1,0
2,33,1071606,1,0
2,34,1129994,1,0
2,35,1055212,1,0
2,36,1232667,1,0
2,37,1077969,1,0
2,38,1044436,1,0
2,39,1056148,1,0
2,40,1210828,1,0
2,41,1000389,1,0
2,42,1069001,1,0
2,43,1067408,1,0
2,44,1247757,1,0
2,45,1045042,1,0
2,46,1068004,1,0
2,47,1041458,1,0
2,48,1365112,1,0
2,49,985124,1,0
2,50,1087056,1,0
2,51,1172668,1,0
2,52,1213059,1,0
2,53,1129544,1,0
2,54,1086688,1,0
2,55,1050922,1,0
2,56,1212723,1,0
2,57,1106170,1,0
2,58,1076428,1,0
2,59,1032168,1,0
3,0,44203,1,0
3,1,548853,1,0
3,2,1052926,1,0
3,3,1441987,1,0
3,4,1297742,1,0
3,5,1301302,1,0
3,6,1505115,1,0
3,7,1566481,1,0
3,8,1663403,1,0
3,9,1319113,1,0
3,10,1245314,1,0
3,11,1245931,1,0
3,12,1586659,1,0
3,13,1456575,1,0
3,14,1676449,1,0
3,15,1854030,1,0
3,16,2165753,1,0
3,17,1807594,1,0
3,18,1522913,1,0
3,19,1527474,1,0
3,20,1207321,1,0
3,21,1147407,1,0
3,22,1136919,1,0
3,23,1155247,1,0
3,24,1177577,1,0
3,25,1570051,1,0
3,26,1287184,1,0
3,27,1127352,1,0
3,28,1170680,1,0
3,29,1091324,1,0
3,30,1061494,1,0
3,31,1240479,1,0
3,32,1165245,1,0
3,33,1069569,1,0
3,34,1131637,1,0
3,35,1056443,1,0
3,36,1231082,1,0
3,37,1078026,1,0
3,38,1048493,1,0
3,39,1053744,1,0
3,40,1207623,1,0
3,41,1001916,1,0
3,42,1070582,1,0
3,43,1068595,1,0
3,44,1243876,1,0
3,45,1047057,1,0
3,46,1067208,1,0
3,47,1042610,1,0
3,48,1363188,1,0
3,49,986420,1,0
3,50,1087900,1,0
3,51,1173562,1,0
3,52,1211350,1,0
3,53,1130518,1,0
3,54,1087168,1,0
3,55,1049487,1,0
3,56,1213334,1,0
3,57,1104895,1,0
3,58,1076812,1,0
3,59,1032684,1,0
4,0,50292,1,0
4,1,553949,1,0
4,2,1056664,1,0
4,3,1440611,1,0
4,4,1297562,1,0
4,5,1301393,1,0
4,6,1513275,1,0
4,7,1561192,1,0
4,8,1662721,1,0
4,9,1313888,1,0
4,10,1249164,1,0
4,11,1256674,1,0
4,12,1577576,1,0
4,13,1453374,1,0
4,14,1683357,1,0
4,15,1849818,1,0
4,16,2169587,1,0
4,17,1803282,1,0
4,18,1521623,1,0
4,19,1524657,1,0
4,20,1207548,1,0
4,21,1146757,1,0
4,22,1136581,1,0
4,23,1156059,1,0
4,24,1178450,1,0
4,25,1570423,1,0
4,26,1286757,1,0
4,27,1127222,1,0
4,28,1170559,1,0
4,29,1091022,1,0
4,30,1061822,1,0
4,31,1240754,1,0
4,32,1164550,1,0
4,33,1071373,1,0
4,34,1129133,1,0
4,35,1058157,1,0
4,36,1230957,1,0
4,37,1077601,1,0
4,38,1049004,1,0
4,39,1053821,1,0
4,40,1207138,1,0
4,41,1002104,1,0
4,42,1071397,1,0
4,43,1067381,1,0
4,44,1241749,1,0
4,45,1050821,1,0
4,46,1064645,1,0
4,47,1043679,1,0
4,48,1363807,1,0
4,49,984819,1,0
4,50,1091320,1,0
4,51,1170685,1,0
4,52,1212325,1,0
4,53,1129389,1,0
4,54,1088752,1,0
4,55,1049455,1,0
4,56,1213236,1,0
4,57,1104989,1,0
4,58,1074851,1,0
4,59,1033601,1,0
5,0,54974,1,0
5,1,562091,1,0
5,2,13694,1,0
5,3,1431343,1,0
5,4,1302385,1,0
5,5,1301756,1,0
5,6,1479036,1,0
5,7,1591402,1,0
5,8,1663756,1,0
5,9,1319943,1,0
5,10,1247644,1,0
5,11,1228021,1,0
5,12,1595651,1,0
5,13,1465433,1,0
5,14,1658853,1,0
5,15,1852144,1,0
5,16,2157705,1,0
5,17,1824601,1,0
5,18,1523208,1,0
5,19,1531465,1,0
5,20,1216999,1,0
5,21,1149519,1,0
5,22,1133718,1,0
5,23,1152551,1,0
5,24,1164551,1,0
5,25,1590022,1,0
5,26,1283776,1,0
5,27,1127019,1,0
5,28,1166316,1,0
5,29,1094738,1,0
5,30,1066235,1,0
5,31,1222651,1,0
5,32,1180890,1,0
5,33,1072784,1,0
5,34,1127445,1,0
5,35,1056632,1,0
5,36,1231489,1,0
5,37,1079456,1,0
5,38,1045032,1,0
5,39,1055041,1,0
5,40,1212105,1,0
5,41,996311,1,0
5,42,1071550,1,0
5,43,1066082,1,0
5,44,1247944,1,0
5,45,1046702,1,0
5,46,1067211,1,0
5,47,1040038,1,0
5,48,1366282,1,0
5,49,986079,1,0
5,50,1084227,1,0
5,51,1172530,1,0
5,52,1216537,1,0
5,53,1128769,1,0
5,54,1085632,1,0
5,55,1053176,1,0
5,56,1210458,1,0
5,57,1106739,1,0
5,58,1075837,1,0
5,59,1033349,1,0
6,0,60254,1,0
6,1,567918,1,0
6,2,1062771,1,0
6,3,1441721,1,0
6,4,1293723,1,0
6,5,1302229,1,0
6,6,1523914,1,0
6,7,1550647,1,0
6,8,1665088,1,0
6,9,1311742,1,0
6,10,1253005,1,0
6,11,1251782,1,0
6,12,1584015,1,0
6,13,1445935,1,0
6,14,1699548,1,0
6,15,1835448,1,0
6,16,2180569,1,0
6,17,1798797,1,0
6,18,1527542,1,0
6,19,1511505,1,0
6,20,1206541,1,0
6,21,1150008,1,0
6,22,1132189,1,0
6,23,1158957,1,0
6,24,1187840,1,0
6,25,1556098,1,0
6,26,1288418,1,0
6,27,1127590,1,0
6,28,1168271,1,0
6,29,1094844,1,0
6,30,1058963,1,0
6,31,1256161,1,0
6,32,1149108,1,0
6,33,1074039,1,0
6,34,1130649,1,0
6,35,1053871,1,0
6,36,1232148,1,0
6,37,1077177,1,0
6,38,1051232,1,0
6,39,1052876,1,0
6,40,1204142,1,0
6,41,1008782,1,0
6,42,1072038,1,0
6,43,1061743,1,0
6,44,1245102,1,0
6,45,1047673,1,0
6,46,1064648,1,0
6,47,1044330,1,0
6,48,1363763,1,0
6,49,983874,1,0
6,50,1090130,1,0
6,51,1172532,1,0
6,52,1212553,1,0
6,53,1128556,1,0
6,54,1091640,1,0
6,55,1047180,1,0
6,56,1212739,1,0
6,57,1107456,1,0
6,58,1071796,1,0
6,59,1032932,1,0
7,0,64933,1,0
7,1,571394,1,0
7,2,1067000,1,0
7,3,1439787,1,0
7,4,1295881,1,0
7,5,1300172,1,0
7,6,1532408,1,0
7,7,1546766,1,0
7,8,1661080,1,0
7,9,1311787,1,0
7,10,1252818,1,0
7,11,1250842,1,0
7,12,1586773,1,0
7,13,1444994,1,0
7,14,1711747,1,0
7,15,1836639,1,0
7,16,2171020,1,0
7,17,1795682,1,0
7,18,1527172,1,0
7,19,1507583,1,0
7,20,1207016,1,0
7,21,1151450,1,0
7,22,1131028,1,0
7,23,1159429,1,0
7,24,1188097,1,0
7,25,1553930,1,0
7,26,1291492,1,0
7,27,1129577,1,0
7,28,1165802,1,0
7,29,1093767,1,0
7,30,1058194,1,0
7,31,1256020,1,0
7,32,1150405,1,0
7,33,1076838,1,0
7,34,1127326,1,0
7,35,1053715,1,0
7,36,1231025,1,0
7,37,1077926,1,0
7,38,1050120,1,0
7,39,1055103,1,0
7,40,1203134,1,0
7,41,1009274,1,0
7,42,1072848,1,0
7,43,1059451,1,0
7,44,1247061,1,0
7,45,1048160,1,0
7,46,1063665,1,0
7,47,1046141,1,0
7,48,1362174,1,0
7,49,983161,1,0
7,50,1089209,1,0
7,51,1174602,1,0
7,52,1212127,1,0
7,53,1127926,1,0
7,54,1090766,1,0
7,55,1046896,1,0
7,56,1216385,1,0
7,57,1105795,1,0
7,58,1070740,1,0
7,59,1032248,1,0
8,0,67911,1,0
8,1,574737,1,0
8,2,1070151,1,0
8,3,1439920,1,0
8,4,1295695,1,0
8,5,1298119,1,0
8,6,1538745,1,0
8,7,1541532,1,0
8,8,1661782,1,0
8,9,1311234,1,0
8,10,1252071,1,0
8,11,1264617,1,0
8,12,1578736,1,0
8,13,1438820,1,0
8,14,1721943,1,0
8,15,1831050,1,0
8,16,2175459,1,0
8,17,1793751,1,0
8,18,1520482,1,0
8,19,1505484,1,0
8,20,1209025,1,0
8,21,1151403,1,0
8,22,1130121,1,0
8,23,1159312,1,0
8,24,1201769,1,0
8,25,1540369,1,0
8,26,1296121,1,0
8,27,1126293,1,0
8,28,1164567,1,0
8,29,1093393,1,0
8,30,1057696,1,0
8,31,1257381,1,0
8,32,1148887,1,0
8,33,1078030,1,0
8,34,1130257,1,0
8,35,1050425,1,0
8,36,1230946,1,0
8,37,1077644,1,0
8,38,1050772,1,0
8,39,1055497,1,0
8,40,1201434,1,0
8,41,1011759,1,0
8,42,1072154,1,0
8,43,1060008,1,0
8,44,1246739,1,0
8,45,1047681,1,0
8,46,1061721,1,0
8,47,1048235,1,0
8,48,1362108,1,0
8,49,980478,1,0
8,50,1091457,1,0
8,51,1174850,1,0
8,52,1211133,1,0
8,53,1130647,1,0
8,54,1087476,1,0
8,55,1048836,1,0
8,56,1215139,1,0
8,57,1105604,1,0
8,58,1071908,1,0
8,59,1031442,1,0
9,0,69912,1,0
9,1,580351,1,0
9,2,1077028,1,0
9,3,1437514,1,0
9,4,1295396,1,0
9,5,1296431,1,0
9,6,1542026,1,0
9,7,1539737,1,0
9,8,1660441,1,0
9,9,1311000,1,0
9,10,1252721,1,0
9,11,1262360,1,0
9,12,1584920,1,0
9,13,1432506,1,0
9,14,1732581,1,0
9,15,1824513,1,0
9,16,2177918,1,0
9,17,1791141,1,0
9,18,1518189,1,0
9,19,1505296,1,0
9,20,1208125,1,0
9,21,1151963,1,0
9,22,1128197,1,0
9,23,1162830,1,0
9,24,1199401,1,0
9,25,1540159,1,0
9,26,1300045,1,0
9,27,1121594,1,0
9,28,1163041,1,0
9,29,1095313,1,0
9,30,1056795,1,0
9,31,1269845,1,0
9,32,1138160,1,0
9,33,1076638,1,0
9,34,1131223,1,0
9,35,1050195,1,0
9,36,1229798,1,0
9,37,1079434,1,0
9,38,1049268,1,0
9,39,1056174,1,0
9,40,1202840,1,0
9,41,1010653,1,0
9,42,1071095,1,0
9,43,1061925,1,0
9,44,1243313,1,0
9,45,1049473,1,0
9,46,1062160,1,0
9,47,1049444,1,0
9,48,1359242,1,0
9,49,983500,1,0
9,50,1090006,1,0
9,51,1176036,1,0
9,52,1209258,1,0
9,53,1130312,1,0
9,54,1087458,1,0
9,55,1049717,1,0
9,56,1214418,1,0
9,57,1108036,1,0
9,58,1070865,1,0
9,59,1030483,1,0
10,0,72169,1,0
10,1,585243,1,0
10,2,1079531,1,0
10,3,1437372,1,0
10,4,1298353,1,0
10,5,1293337,1,0
10,6,1545566,1,0
10,7,1534827,1,0
10,8,1661587,1,0
10,9,1311095,1,0
10,10,1251373,1,0
10,11,1267107,1,0
10,12,1585062,1,0
10,13,1427108,1,0
10,14,1745422,1,0
10,15,1814923,1,0
10,16,2180352,1,0
10,17,1790136,1,0
10,18,1514876,1,0
10,19,1504210,1,0
10,20,1208801,1,0
10,21,1152558,1,0
10,22,1127374,1,0
10,23,1163665,1,0
10,24,1213878,1,0
10,25,1522342,1,0
10,26,1303089,1,0
10,27,1122083,1,0
10,28,1161539,1,0
10,29,1094274,1,0
10,30,1058460,1,0
10,31,1272008,1,0
10,32,1135156,1,0
10,33,1076965,1,0
10,34,1130989,1,0
10,35,1049976,1,0
10,36,1230578,1,0
10,37,1080152,1,0
10,38,1048687,1,0
10,39,1054839,1,0
10,40,1202296,1,0
10,41,1013342,1,0
10,42,1069873,1,0
10,43,1062126,1,0
10,44,1243384,1,0
10,45,1049873,1,0
10,46,1062222,1,0
10,47,1048156,1,0
10,48,1359678,1,0
10,49,982331,1,0
10,50,1091868,1,0
10,51,1176122,1,0
10,52,1210018,1,0
10,53,1129233,1,0
10,54,1087229,1,0
10,55,1048524,1,0
10,56,1215221,1,0
10,57,1109137,1,0
10,58,1070004,1,0
10,59,1029035,1,0
11,0,74277,1,0
11,1,594087,1,0
11,2,1083132,1,0
11,3,1437559,1,0
11,4,1297721,1,0
11,5,1292252,1,0
11,6,1547896,1,0
11,7,1530986,1,0
11,8,1663964,1,0
11,9,1310431,1,0
11,10,1251391,1,0
11,11,1265151,1,0
11,12,1589120,1,0
11,13,1423820,1,0
11,14,1755144,1,0
11,15,1823023,1,0
11,16,2167974,1,0
11,17,1790293,1,0
11,18,1510047,1,0
11,19,1501533,1,0
11,20,1210179,1,0
11,21,1152724,1,0
11,22,1127772,1,0
11,23,1164602,1,0
11,24,1213065,1,0
11,25,1522904,1,0
11,26,1301249,1,0
11,27,1122263,1,0
11,28,1163716,1,0
11,29,1092902,1,0
11,30,1058280,1,0
11,31,1272459,1,0
11,32,1134746,1,0
11,33,1076525,1,0
11,34,1131522,1,0
11,35,1051249,1,0
11,36,1227869,1,0
11,37,1080244,1,0
11,38,1050008,1,0
11,39,1054529,1,0
11,40,1202446,1,0
11,41,1013549,1,0
11,42,1069527,1,0
11,43,1061490,1,0
11,44,1242037,1,0
11,45,1054242,1,0
11,46,1059389,1,0
11,47,1050536,1,0
11,48,1356682,1,0
11,49,984998,1,0
11,50,1090276,1,0
11,51,1177642,1,0
11,52,1208300,1,0
11,53,1129743,1,0
11,54,1085476,1,0
11,55,1050332,1,0
11,56,1215870,1,0
11,57,1109527,1,0
11,58,1066945,1,0
11,59,1029728,1,0
12,0,77030,1,0
12,1,606668,1,0
12,2,1087557,1,0
12,3,1435344,1,0
12,4,1299734,1,0
12,5,1290840,1,0
12,6,1549265,1,0
12,7,1530695,1,0
12,8,1665701,1,0
12,9,1305292,1,0
12,10,1255012,1,0
12,11,1280460,1,0
12,12,1574626,1,0
12,13,1423242,1,0
12,14,1760216,1,0
12,15,1820111,1,0
12,16,2172828,1,0
12,17,1785616,1,0
12,18,1506845,1,0
12,19,1498673,1,0
12,20,1209742,1,0
12,21,1157605,1,0
12,22,1122506,1,0
12,23,1174814,1,0
12,24,1221220,1,0
12,25,1505645,1,0
12,26,1299821,1,0
12,27,1124196,1,0
12,28,1162338,1,0
12,29,1093681,1,0
12,30,1056743,1,0
12,31,1272407,1,0
12,32,1136249,1,0
12,33,1079462,1,0
12,34,1128531,1,0
12,35,1061300,1,0
12,36,1217101,1,0
12,37,1080854,1,0
12,38,1048033,1,0
12,39,1058753,1,0
12,40,1201262,1,0
12,41,1012807,1,0
12,42,1069662,1,0
12,43,1062677,1,0
12,44,1238593,1,0
12,45,1055339,1,0
12,46,1060189,1,0
12,47,1049736,1,0
12,48,1355857,1,0
12,49,987414,1,0
12,50,1089543,1,0
12,51,1179358,1,0
12,52,1205500,1,0
12,53,1130068,1,0
12,54,1086157,1,0
12,55,1049292,1,0
12,56,1215818,1,0
12,57,1110393,1,0
12,58,1067638,1,0
12,59,1029682,1,0
13,0,80056,1,0
13,1,612311,1,0
13,2,1090108,1,0
13,3,1434961,1,0
13,4,1302221,1,0
13,5,1288408,1,0
13,6,1549904,1,0
13,7,1530919,1,0
13,8,1665740,1,0
13,9,1312627,1,0
13,10,1246032,1,0
13,11,1282392,1,0
13,12,1577041,1,0
13,13,1420281,1,0
13,14,1770013,1,0
13,15,1838759,1,0
13,16,2148056,1,0
13,17,1783216,1,0
13,18,1503581,1,0
13,19,1501904,1,0
13,20,1206496,1,0
13,21,1159701,1,0
13,22,1120768,1,0
13,23,1175953,1,0
13,24,1219644,1,0
13,25,1505650,1,0
13,26,1299684,1,0
13,27,1123929,1,0
13,28,1162218,1,0
13,29,1095214,1,0
13,30,1056357,1,0
13,31,1284552,1,0
13,32,1123334,1,0
13,33,1080690,1,0
13,34,1126713,1,0
13,35,1062909,1,0
13,36,1216718,1,0
13,37,1081759,1,0
13,38,1046525,1,0
13,39,1056742,1,0
13,40,1203965,1,0
13,41,1012324,1,0
13,42,1068793,1,0
13,43,1063696,1,0
13,44,1237950,1,0
13,45,1054838,1,0
13,46,1060861,1,0
13,47,1049828,1,0
13,48,1354417,1,0
13,49,989307,1,0
13,50,1090151,1,0
13,51,1179038,1,0
13,52,1203895,1,0
13,53,1131394,1,0
13,54,1084276,1,0
13,55,1050645,1,0
13,56,1213917,1,0
13,57,1111155,1,0
13,58,1068003,1,0
13,59,1027966,1,0
14,0,85396,1,0
14,1,616623,1,0
14,2,1099939,1,0
14,3,1426895,1,0
14,4,1308243,1,0
14,5,1282416,1,0
14,6,1554220,1,0
14,7,1528141,1,0
14,8,1668358,1,0
14,9,1308648,1,0
14,10,1245711,1,0
14,11,1281844,1,0
14,12,1580258,1,0
14,13,1417311,1,0
14,14,1777356,1,0
14,15,1834403,1,0
14,16,2148002,1,0
14,17,1783184,1,0
14,18,1501625,1,0
14,19,1501825,1,0
14,20,1204930,1,0
14,21,1160813,1,0
14,22,1120255,1,0
14,23,1177021,1,0
14,24,1219848,1,0
14,25,1503486,1,0
14,26,1299827,1,0
14,27,1128068,1,0
14,28,1157209,1,0
14,29,1095023,1,0
14,30,1057576,1,0
14,31,1284648,1,0
14,32,1122688,1,0
14,33,1083471,1,0
14,34,1123335,1,0
14,35,1077624,1,0
14,36,1203459,1,0
14,37,1081949,1,0
14,38,1045437,1,0
14,39,1057687,1,0
14,40,1202071,1,0
14,41,1014187,1,0
14,42,1067447,1,0
14,43,1065374,1,0
14,44,1235730,1,0
14,45,1058150,1,0
14,46,1059633,1,0
14,47,1048442,1,0
14,48,1355716,1,0
14,49,987899,1,0
14,50,1090896,1,0
14,51,1182356,1,0
14,52,1201841,1,0
14,53,1131509,1,0
14,54,1085289,1,0
14,55,1047586,1,0
14,56,1215269,1,0
14,57,1111185,1,0
14,58,1065858,1,0
14,59,1029398,1,0
15,0,95249,1,0
15,1,622646,1,0
15,2,1102893,1,0
15,3,1426048,1,0
15,4,1310661,1,0
15,5,1280916,1,0
15,6,1553318,1,0
15,7,1529014,1,0
15,8,1668078,1,0
15,9,1307264,1,0
15,10,1245914,1,0
15,11,1281478,1,0
15,12,1585602,1,0
15,13,1412707,1,0
15,14,1784807,1,0
15,15,1833927,1,0
15,16,2144445,1,0
15,17,1782058,1,0
15,18,1499860,1,0
15,19,1501877,1,0
15,20,1202338,1,0
15,21,1160470,1,0
15,22,1122793,1,0
15,23,1176916,1,0
15,24,1237420,1,0
15,25,1484508,1,0
15,26,1300697,1,0
15,27,1126457,1,0
15,28,1158579,1,0
15,29,1093820,1,0
15,30,1057865,1,0
15,31,1284350,1,0
15,32,1123243,1,0
15,33,1086553,1,0
15,34,1121519,1,0
15,35,1076579,1,0
15,36,1203287,1,0
15,37,1082846,1,0
15,38,1045021,1,0
15,39,1057201,1,0
15,40,1200215,1,0
15,41,1016322,1,0
15,42,1066307,1,0
15,43,1065493,1,0
15,44,1236110,1,0
15,45,1057590,1,0
15,46,1059692,1,0
15,47,1050918,1,0
15,48,1353228,1,0
15,49,988795,1,0
15,50,1091741,1,0
15,51,1181616,1,0
15,52,1202288,1,0
15,53,1131314,1,0
15,54,1085220,1,0
15,55,1048424,1,0
15,56,1214755,1,0
15,57,1109914,1,0
15,58,1067467,1,0
15,59,1026573,1,0
16,0,98057,1,0
16,1,630477,1,0
16,2,1106768,1,0
16,3,1424033,1,0
16,4,1318226,1,0
16,5,1273985,1,0
16,6,1556717,1,0
16,7,1524661,1,0
16,8,1670014,1,0
16,9,1307044,1,0
16,10,1243221,1,0
16,11,1297676,1,0
16,12,1576808,1,0
16,13,1408002,1,0
16,14,1788937,1,0
16,15,1836004,1,0
16,16,2140912,1,0
16,17,1783859,1,0
16,18,1497002,1,0
16,19,1498927,1,0
16,20,1209772,1,0
16,21,1152200,1,0
16,22,1122804,1,0
16,23,1177680,1,0
16,24,1236708,1,0
16,25,1483592,1,0
16,26,1302117,1,0
16,27,1125765,1,0
16,28,1159743,1,0
16,29,1091249,1,0
16,30,1059125,1,0
16,31,1284482,1,0
16,32,1123492,1,0
16,33,1089600,1,0
16,34,1116993,1,0
16,35,1078920,1,0
16,36,1203259,1,0
16,37,1080435,1,0
16,38,1046365,1,0
16,39,1057661,1,0
16,40,1198327,1,0
16,41,1017561,1,0
16,42,1066885,1,0
16,43,1066001,1,0
16,44,1233750,1,0
16,45,1057059,1,0
16,46,1060419,1,0
16,47,1051880,1,0
16,48,1351666,1,0
16,49,997259,1,0
16,50,1086129,1,0
16,51,1182016,1,0
16,52,1202083,1,0
16,53,1129978,1,0
16,54,1085574,1,0
16,55,1047501,1,0
16,56,1216474,1,0
16,57,1109067,1,0
16,58,1068343,1,0
16,59,1024313,1,0
17,0,100693,1,0
17,1,632954,1,0
17,2,1110007,1,0
17,3,1420699,1,0
17,4,1322547,1,0
17,5,1269476,1,0
17,6,1562647,1,0
17,7,1519159,1,0
17,8,1673423,1,0
17,9,1302715,1,0
17,10,1245468,1,0
17,11,1300261,1,0
17,12,1577519,1,0
17,13,1403921,1,0
17,14,1802945,1,0
17,15,1870505,1,0
17,16,2099320,1,0
17,17,1782182,1,0
17,18,1491764,1,0
17,19,1497915,1,0
17,20,1210944,1,0
17,21,1154112,1,0
17,22,1119647,1,0
17,23,1178392,1,0
17,24,1242933,1,0
17,25,1479131,1,0
17,26,1299950,1,0
17,27,1126383,1,0
17,28,1160036,1,0
17,29,1090475,1,0
17,30,1058152,1,0
17,31,1284139,1,0
17,32,1125147,1,0
17,33,1096325,1,0
17,34,1110023,1,0
17,35,1093270,1,0
17,36,1188723,1,0
17,37,1080840,1,0
17,38,1045097,1,0
17,39,1059018,1,0
17,40,1197847,1,0
17,41,1017867,1,0
17,42,1065200,1,0
17,43,1067296,1,0
17,44,1233026,1,0
17,45,1058257,1,0
17,46,1060334,1,0
17,47,1051889,1,0
17,48,1351809,1,0
17,49,996701,1,0
17,50,1087849,1,0
17,51,1180819,1,0
17,52,1206501,1,0
17,53,1128991,1,0
17,54,1081886,1,0
17,55,1047665,1,0
17,56,1215033,1,0
17,57,1109396,1,0
17,58,1069159,1,0
17,59,1024594,1,0
18,0,105322,1,0
18,1,637114,1,0
18,2,1118957,1,0
18,3,1416188,1,0
18,4,1325486,1,0
18,5,1263965,1,0
18,6,1566552,1,0
18,7,1515690,1,0
18,8,1675017,1,0
18,9,1300736,1,0
18,10,1246347,1,0
18,11,1300878,1,0
18,12,1592253,1,0
18,13,1388047,1,0
18,14,1812819,1,0
18,15,1866845,1,0
18,16,2098752,1,0
18,17,1784168,1,0
18,18,1485372,1,0
18,19,1504059,1,0
18,20,1201247,1,0
18,21,1156462,1,0
18,22,1119421,1,0
18,23,1176810,1,0
18,24,1243743,1,0
18,25,1479979,1,0
18,26,1300484,1,0
18,27,1126625,1,0
18,28,1156185,1,0
18,29,1092033,1,0
18,30,1058514,1,0
18,31,1298576,1,0
18,32,1112843,1,0
18,33,1097311,1,0
18,34,1106734,1,0
18,35,1094131,1,0
18,36,1188076,1,0
18,37,1081037,1,0
18,38,1045319,1,0
18,39,1059869,1,0
18,40,1196451,1,0
18,41,1019887,1,0
18,42,1063071,1,0
18,43,1068876,1,0
18,44,1232019,1,0
18,45,1056186,1,0
18,46,1063362,1,0
18,47,1048369,1,0
18,48,1353075,1,0
18,49,996194,1,0
18,50,1093896,1,0
18,51,1176742,1,0
18,52,1210102,1,0
18,53,1125274,1,0
18,54,1081695,1,0
18,55,1047834,1,0
18,56,1214432,1,0
18,57,1110796,1,0
18,58,1067133,1,0
18,59,1023838,1,0
19,0,108776,1,0
19,1,640010,1,0
19,2,1124895,1,0
19,3,1412729,1,0
19,4,1327180,1,0
19,5,1269553,1,0
19,6,1563092,1,0
19,7,1512162,1,0
19,8,1675213,1,0
19,9,1299440,1,0
19,10,1246537,1,0
19,11,1301995,1,0
19,12,1597054,1,0
19,13,1380904,1,0
19,14,1832697,1,0
19,15,1853065,1,0
19,16,2100778,1,0
19,17,1783579,1,0
19,18,1479461,1,0
19,19,1505728,1,0
19,20,1198146,1,0
19,21,1158412,1,0
19,22,1121948,1,0
19,23,1173045,1,0
19,24,1251482,1,0
19,25,1471706,1,0
19,26,1301732,1,0
19,27,1124777,1,0
19,28,1155339,1,0
19,29,1092689,1,0
19,30,1059093,1,0
19,31,1299710,1,0
19,32,1111693,1,0
19,33,1100935,1,0
19,34,1101567,1,0
19,35,1095019,1,0
19,36,1188387,1,0
19,37,1079651,1,0
19,38,1045963,1,0
19,39,1059998,1,0
19,40,1195566,1,0
19,41,1021596,1,0
19,42,1063085,1,0
19,43,1069455,1,0
19,44,1230255,1,0
19,45,1058396,1,0
19,46,1060958,1,0
19,47,1050571,1,0
19,48,1351363,1,0
19,49,997499,1,0
19,50,1097075,1,0
19,51,1175688,1,0
19,52,1210282,1,0
19,53,1121552,1,0
19,54,1085141,1,0
19,55,1045821,1,0
19,56,1212921,1,0
19,57,1113202,1,0
19,58,1065073,1,0
19,59,1024334,1,0
20,0,114281,1,0
20,1,642591,1,0
20,2,1131345,1,0
20,3,1408718,1,0
20,4,1327604,1,0
20,5,1268725,1,0
20,6,1566531,1,0
20,7,1510492,1,0
20,8,1673805,1,0
20,9,1298250,1,0
20,10,1248210,1,0
20,11,1336737,1,0
20,12,1568109,1,0
20,13,1375762,1,0
20,14,1834862,1,0
20,15,1869715,1,0
20,16,2087656,1,0
20,17,1779682,1,0
20,18,1478581,1,0
20,19,1503767,1,0
20,20,1194193,1,0
20,21,1162631,1,0
20,22,1123022,1,0
20,23,1169715,1,0
20,24,1255293,1,0
20,25,1468358,1,0
20,26,1302597,1,0
20,27,1123332,1,0
20,28,1154976,1,0
20,29,1093920,1,0
20,30,1058544,1,0
20,31,1298005,1,0
20,32,1114992,1,0
20,33,1103476,1,0
20,34,1104414,1,0
20,35,1087119,1,0
20,36,1189926,1,0
20,37,1077478,1,0
20,38,1048169,1,0
20,39,1060097,1,0
20,40,1192409,1,0
20,41,1023787,1,0
20,42,1064945,1,0
20,43,1066823,1,0
20,44,1232339,1,0
20,45,1055624,1,0
20,46,1063276,1,0
20,47,1049900,1,0
20,48,1349700,1,0
20,49,997203,1,0
20,50,1102002,1,0
20,51,1176665,1,0
20,52,1208271,1,0
20,53,1121806,1,0
20,54,1083412,1,0
20,55,1043847,1,0
20,56,1214980,1,0
20,57,1115612,1,0
20,58,1060587,1,0
20,59,1025869,1,0
21,0,124025,1,0
21,1,645864,1,0
21,2,1135166,1,0
21,3,1406485,1,0
21,4,1329263,1,0
21,5,1267047,1,0
21,6,1568950,1,0
21,7,1512842,1,0
21,8,1669732,1,0
21,9,1299041,1,0
21,10,1246620,1,0
21,11,1340280,1,0
21,12,1571959,1,0
21,13,1372240,1,0
21,14,1837382,1,0
21,15,1871109,1,0
21,16,2085469,1,0
21,17,1778853,1,0
21,18,1474222,1,0
21,19,1506587,1,0
21,20,1189105,1,0
21,21,1164332,1,0
21,22,1124623,1,0
21,23,1169224,1,0
21,24,1257516,1,0
21,25,1464085,1,0
21,26,1304243,1,0
21,27,1124709,1,0
21,28,1152943,1,0
21,29,1091929,1,0
21,30,1059503,1,0
21,31,1297780,1,0
21,32,1115912,1,0
21,33,1103573,1,0
21,34,1103824,1,0
21,35,1086921,1,0
21,36,1189533,1,0
21,37,1078266,1,0
21,38,1048030,1,0
21,39,1062512,1,0
21,40,1190819,1,0
21,41,1023015,1,0
21,42,1065623,1,0
21,43,1066271,1,0
21,44,1231977,1,0
21,45,1055205,1,0
21,46,1064719,1,0
21,47,1049258,1,0
21,48,1348508,1,0
21,49,998909,1,0
21,50,1104245,1,0
21,51,1178723,1,0
21,52,1202905,1,0
21,53,1123921,1,0
21,54,1081877,1,0
21,55,1045030,1,0
21,56,1214039,1,0
21,57,1115652,1,0
21,58,1061373,1,0
21,59,1024714,1,0
22,0,130830,1,0
22,1,648461,1,0
22,2,1140367,1,0
22,3,1403141,1,0
22,4,1329294,1,0
22,5,1268794,1,0
22,6,1570196,1,0
22,7,1519044,1,0
22,8,1660200,1,0
22,9,1299527,1,0
22,10,1248378,1,0
22,11,1342967,1,0
22,12,1576658,1,0
22,13,1367687,1,0
22,14,1841477,1,0
22,15,1869772,1,0
22,16,2085097,1,0
22,17,1775723,1,0
22,18,1470089,1,0
22,19,1506090,1,0
22,20,1188460,1,0
22,21,1168074,1,0
22,22,1121762,1,0
22,23,1166841,1,0
22,24,1260897,1,0
22,25,1464305,1,0
22,26,1302579,1,0
22,27,1124654,1,0
22,28,1151337,1,0
22,29,1091614,1,0
22,30,1059721,1,0
22,31,1297734,1,0
22,32,1116976,1,0
22,33,1104009,1,0
22,34,1101700,1,0
22,35,1101140,1,0
22,36,1178052,1,0
22,37,1079154,1,0
22,38,1045759,1,0
22,39,1063092,1,0
22,40,1189013,1,0
22,41,1023469,1,0
22,42,1068017,1,0
22,43,1065075,1,0
22,44,1231885,1,0
22,45,1053691,1,0
22,46,1068069,1,0
22,47,1048979,1,0
22,48,1346898,1,0
22,49,999934,1,0
22,50,1107256,1,0
22,51,1180253,1,0
22,52,1199277,1,0
22,53,1123393,1,0
22,54,1081020,1,0
22,55,1043391,1,0
22,56,1214097,1,0
22,57,1116028,1,0
22,58,1062673,1,0
22,59,1024557,1,0
23,0,134182,1,0
23,1,652208,1,0
23,2,1147552,1,0
23,3,1401345,1,0
23,4,1326097,1,0
23,5,1267638,1,0
23,6,1572387,1,0
23,7,1522533,1,0
23,8,1656594,1,0
23,9,1298732,1,0
23,10,1250162,1,0
23,11,1357862,1,0
23,12,1579227,1,0
23,13,1353423,1,0
23,14,1840679,1,0
23,15,1872951,1,0
23,16,2082616,1,0
23,17,1775728,1,0
23,18,1464752,1,0
23,19,1506896,1,0
23,20,1184796,1,0
23,21,1172119,1,0
23,22,1119099,1,0
23,23,1167011,1,0
23,24,1301626,1,0
23,25,1423996,1,0
23,26,1303529,1,0
23,27,1124103,1,0
23,28,1150561,1,0
23,29,1092533,1,0
23,30,1063420,1,0
23,31,1306177,1,0
23,32,1103902,1,0
23,33,1105184,1,0
23,34,1100288,1,0
23,35,1102908,1,0
23,36,1174484,1,0
23,37,1080398,1,0
23,38,1047422,1,0
23,39,1061853,1,0
23,40,1188950,1,0
23,41,1024795,1,0
23,42,1066917,1,0
23,43,1065939,1,0
23,44,1231749,1,0
23,45,1052704,1,0
23,46,1067956,1,0
23,47,1049403,1,0
23,48,1345496,1,0
23,49,1000816,1,0
23,50,1110189,1,0
23,51,1183715,1,0
23,52,1196371,1,0
23,53,1123486,1,0
23,54,1078308,1,0
23,55,1042477,1,0
23,56,1214878,1,0
23,57,1115832,1,0
23,58,1062402,1,0
23,59,1025163,1,0
24,0,138277,1,0
24,1,659584,1,0
24,2,1154826,1,0
24,3,1396666,1,0
24,4,1325619,1,0
24,5,1265776,1,0
24,6,1575351,1,0
24,7,1530409,1,0
24,8,1647169,1,0
24,9,1299927,1,0
24,10,1249830,1,0
24,11,1360612,1,0
24,12,1582927,1,0
24,13,1350320,1,0
24,14,1843070,1,0
24,15,1887235,1,0
24,16,2068414,1,0
24,17,1778053,1,0
24,18,1474780,1,0
24,19,1487451,1,0
24,20,1184428,1,0
24,21,1172083,1,0
24,22,1121006,1,0
24,23,1163728,1,0
24,24,1316966,1,0
24,25,1410216,1,0
24,26,1303940,1,0
24,27,1124835,1,0
24,28,1147519,1,0
24,29,1095679,1,0
24,30,1060026,1,0
24,31,1306349,1,0
24,32,1105630,1,0
24,33,1104904,1,0
24,34,1100052,1,0
24,35,1103749,1,0
24,36,1174227,1,0
24,37,1079399,1,0
24,38,1046054,1,0
24,39,1064145,1,0
24,40,1187864,1,0
24,41,1025004,1,0
24,42,1067363,1,0
24,43,1066725,1,0
24,44,1230718,1,0
24,45,1052372,1,0
24,46,1067822,1,0
24,47,1050644,1,0
24,48,1345338,1,0
24,49,1001817,1,0
24,50,1112708,1,0
24,51,1184620,1,0
24,52,1192310,1,0
24,53,1124411,1,0
24,54,1077818,1,0
24,55,1042114,1,0
24,56,1213053,1,0
24,57,1115580,1,0
24,58,1062969,1,0
24,59,1025423,1,0
25,0,139901,1,0
25,1,662282,1,0
25,2,1157164,1,0
25,3,1396301,1,0
25,4,1326602,1,0
25,5,1264271,1,0
25,6,1581318,1,0
25,7,1528583,1,0
25,8,1642674,1,0
25,9,1301304,1,0
25,10,1250624,1,0
25,11,1363725,1,0
25,12,1588359,1,0
25,13,1346529,1,0
25,14,1843041,1,0
25,15,1892548,1,0
25,16,2076796,1,0
25,17,1764365,1,0
25,18,1475166,1,0
25,19,1480805,1,0
25,20,1185427,1,0
25,21,1172389,1,0
25,22,1118651,1,0
25,23,1164719,1,0
25,24,1391641,1,0
25,25,1334611,1,0
25,26,1305635,1,0
25,27,1123751,1,0
25,28,1146273,1,0
25,29,1095940,1,0
25,30,1059185,1,0
25,31,1306276,1,0
25,32,1107712,1,0
25,33,1104519,1,0
25,34,1099789,1,0
25,35,1105357,1,0
25,36,1171290,1,0
25,37,1079947,1,0
25,38,1046540,1,0
25,39,1064955,1,0
25,40,1185802,1,0
25,41,1025328,1,0
25,42,1069654,1,0
25,43,1066236,1,0
25,44,1229323,1,0
25,45,1050167,1,0
25,46,1068873,1,0
25,47,1051910,1,0
25,48,1344606,1,0
25,49,1003095,1,0
25,50,1114693,1,0
25,51,1185577,1,0
25,52,1191793,1,0
25,53,1124209,1,0
25,54,1075649,1,0
25,55,1041223,1,0
25,56,1213656,1,0
25,57,1122027,1,0
25,58,1057035,1,0
25,59,1025190,1,0
26,0,144755,1,0
26,1,665455,1,0
26,2,1163495,1,0
26,3,1393350,1,0
26,4,1325072,1,0
26,5,1265254,1,0
26,6,1587064,1,0
26,7,1524860,1,0
26,8,1640944,1,0
26,9,1299610,1,0
26,10,1249256,1,0
26,11,1370328,1,0
26,12,1591087,1,0
26,13,1342499,1,0
26,14,1843627,1,0
26,15,1896595,1,0
26,16,2086179,1,0
26,17,1750851,1,0
26,18,1472781,1,0
26,19,1476973,1,0
26,20,1188257,1,0
26,21,1170898,1,0
26,22,1118635,1,0
26,23,1165694,1,0
26,24,1392754,1,0
26,25,1332901,1,0
26,26,1305834,1,0
26,27,1123626,1,0
26,28,1144446,1,0
26,29,1096000,1,0
26,30,1059504,1,0
26,31,1306439,1,0
26,32,1107076,1,0
26,33,1105764,1,0
26,34,1099515,1,0
26,35,1106857,1,0
26,36,1170987,1,0
26,37,1077904,1,0
26,38,1049408,1,0
26,39,1062542,1,0
26,40,1185585,1,0
26,41,1024659,1,0
26,42,1073625,1,0
26,43,1062453,1,0
26,44,1230731,1,0
26,45,1048267,1,0
26,46,1069583,1,0
26,47,1051288,1,0
26,48,1346077,1,0
26,49,1003653,1,0
26,50,1116319,1,0
26,51,1184586,1,0
26,52,1191429,1,0
26,53,1131670,1,0
26,54,1067847,1,0
26,55,1042641,1,0
26,56,1211680,1,0
26,57,1122321,1,0
26,58,1058043,1,0
26,59,1024472,1,0
27,0,149863,1,0
27,1,669410,1,0
27,2,1166310,1,0
27,3,1393046,1,0
27,4,1324797,1,0
27,5,1265361,1,0
27,6,1590462,1,0
27,7,1524334,1,0
27,8,1637517,1,0
27,9,1299025,1,0
27,10,1251770,1,0
27,11,1384355,1,0
27,12,1579981,1,0
27,13,1342703,1,0
27,14,1842951,1,0
27,15,1900752,1,0
27,16,2081295,1,0
27,17,1755278,1,0
27,18,1468751,1,0
27,19,1475287,1,0
27,20,1185063,1,0
27,21,1170752,1,0
27,22,1118494,1,0
27,23,1165657,1,0
27,24,1394573,1,0
27,25,1332198,1,0
27,26,1304564,1,0
27,27,1125811,1,0
27,28,1140900,1,0
27,29,1095489,1,0
27,30,1060051,1,0
27,31,1306467,1,0
27,32,1107963,1,0
27,33,1108209,1,0
27,34,1096544,1,0
27,35,1124489,1,0
27,36,1154474,1,0
27,37,1077571,1,0
27,38,1051794,1,0
27,39,1064694,1,0
27,40,1181719,1,0
27,41,1024834,1,0
27,42,1077408,1,0
27,43,1058332,1,0
27,44,1231921,1,0
27,45,1046832,1,0
27,46,1070275,1,0
27,47,1049533,1,0
27,48,1346414,1,0
27,49,1004216,1,0
27,50,1120205,1,0
27,51,1181728,1,0
27,52,1190968,1,0
27,53,1130811,1,0
27,54,1067054,1,0
27,55,1043747,1,0
27,56,1212366,1,0
27,57,1122622,1,0
27,58,1055209,1,0
27,59,1027324,1,0
28,0,155543,1,0
28,1,671779,1,0
28,2,1169681,1,0
28,3,1393315,1,0
28,4,1322024,1,0
28,5,1268272,1,0
28,6,1593106,1,0
28,7,1524170,1,0
28,8,1633932,1,0
28,9,1300370,1,0
28,10,1249662,1,0
28,11,1382318,1,0
28,12,1588442,1,0
28,13,1340791,1,0
28,14,1845084,1,0
28,15,1904212,1,0
28,16,2075283,1,0
28,17,1755710,1,0
28,18,1465697,1,0
28,19,1472238,1,0
28,20,1185920,1,0
28,21,1177590,1,0
28,22,1112719,1,0
28,23,1162951,1,0
28,24,1397444,1,0
28,25,1331251,1,0
28,26,1303632,1,0
28,27,1135161,1,0
28,28,1131254,1,0
28,29,1096224,1,0
28,30,1061040,1,0
28,31,1319730,1,0
28,32,1092713,1,0
28,33,1109910,1,0
28,34,1096016,1,0
28,35,1124379,1,0
28,36,1155059,1,0
28,37,1076750,1,0
28,38,1053330,1,0
28,39,1068008,1,0
28,40,1175569,1,0
28,41,1024453,1,0
28,42,1084118,1,0
28,43,1054701,1,0
28,44,1230758,1,0
28,45,1044571,1,0
28,46,1072730,1,0
28,47,1048221,1,0
28,48,1346560,1,0
28,49,1005400,1,0
28,50,1122460,1,0
28,51,1177338,1,0
28,52,1193638,1,0
28,53,1129438,1,0
28,54,1069522,1,0
28,55,1042175,1,0
28,56,1212708,1,0
28,57,1123218,1,0
28,58,1053235,1,0
28,59,1027164,1,0
29,0,159710,1,0
29,1,675643,1,0
29,2,1180303,1,0
29,3,1386953,1,0
29,4,1319196,1,0
29,5,1269027,1,0
29,6,1599564,1,0
29,7,1537043,1,0
29,8,1616030,1,0
29,9,1299241,1,0
29,10,1249164,1,0
29,11,1384966,1,0
29,12,1591620,1,0
29,13,1338494,1,0
29,14,1848418,1,0
29,15,1931369,1,0
29,16,2046593,1,0
29,17,1754356,1,0
29,18,1465044,1,0
29,19,1468651,1,0
29,20,1184404,1,0
29,21,1178664,1,0
29,22,1112874,1,0
29,23,1162614,1,0
29,24,1410254,1,0
29,25,1317973,1,0
29,26,1305186,1,0
29,27,1134554,1,0
29,28,1128460,1,0
29,29,1096105,1,0
29,30,1062784,1,0
29,31,1320209,1,0
29,32,1091427,1,0
29,33,1112406,1,0
29,34,1092498,1,0
29,35,1127444,1,0
29,36,1153565,1,0
29,37,1076623,1,0
29,38,1055020,1,0
29,39,1067542,1,0
29,40,1173920,1,0
29,41,1024870,1,0
29,42,1089814,1,0
29,43,1050625,1,0
29,44,1228499,1,0
29,45,1045157,1,0
29,46,1073093,1,0
29,47,1049570,1,0
29,48,1344777,1,0
29,49,1005356,1,0
29,50,1125197,1,0
29,51,1176414,1,0
29,52,1193357,1,0
29,53,1130182,1,0
29,54,1068429,1,0
29,55,1040958,1,0
29,56,1215646,1,0
29,57,1121110,1,0
29,58,1054493,1,0
29,59,1025294,1,0
30,0,169614,1,0
30,1,689119,1,0
30,2,1184340,1,0
30,3,1385424,1,0
30,4,1320460,1,0
30,5,1266765,1,0
30,6,1606355,1,0
30,7,1546414,1,0
30,8,1599188,1,0
30,9,1299480,1,0
30,10,1255300,1,0
30,11,1401669,1,0
30,12,1573210,1,0
30,13,1336544,1,0
30,14,1852762,1,0
30,15,1937572,1,0
30,16,2053511,1,0
30,17,1738505,1,0
30,18,1464662,1,0
30,19,1465812,1,0
30,20,1183331,1,0
30,21,1178324,1,0
30,22,1113480,1,0
30,23,1160780,1,0
30,24,1412305,1,0
30,25,1319253,1,0
30,26,1303950,1,0
30,27,1134484,1,0
30,28,1129264,1,0
30,29,1092377,1,0
30,30,1064097,1,0
30,31,1320028,1,0
30,32,1092103,1,0
30,33,1114266,1,0
30,34,1090916,1,0
30,35,1128728,1,0
30,36,1151392,1,0
30,37,1077682,1,0
30,38,1054976,1,0
30,39,1081902,1,0
30,40,1158034,1,0
30,41,1024688,1,0
30,42,1098511,1,0
30,43,1044964,1,0
30,44,1225338,1,0
30,45,1045971,1,0
30,46,1073117,1,0
30,47,1048817,1,0
30,48,1346173,1,0
30,49,1005376,1,0
30,50,1126509,1,0
30,51,1174262,1,0
30,52,1195244,1,0
30,53,1131623,1,0
30,54,1066811,1,0
30,55,1042233,1,0
30,56,1214175,1,0
30,57,1121172,1,0
30,58,1053825,1,0
30,59,1025501,1,0
31,0,175521,1,0
31,1,692558,1,0
31,2,1187262,1,0
31,3,1384369,1,0
31,4,1321550,1,0
31,5,1267999,1,0
31,6,1609744,1,0
31,7,1544463,1,0
31,8,1599798,1,0
31,9,1296249,1,0
31,10,1254358,1,0
31,11,1412440,1,0
31,12,1565068,1,0
31,13,1334931,1,0
31,14,1859015,1,0
31,15,1938713,1,0
31,16,2048522,1,0
31,17,1737662,1,0
31,18,1463078,1,0
31,19,1465504,1,0
31,20,1182592,1,0
31,21,1176109,1,0
31,22,1114832,1,0
31,23,1160602,1,0
31,24,1413534,1,0
31,25,1320003,1,0
31,26,1302400,1,0
31,27,1134652,1,0
31,28,1128113,1,0
31,29,1092409,1,0
31,30,1064639,1,0
31,31,1319152,1,0
31,32,1092526,1,0
31,33,1113478,1,0
31,34,1090323,1,0
31,35,1145894,1,0
31,36,1135853,1,0
31,37,1077862,1,0
31,38,1053173,1,0
31,39,1083445,1,0
31,40,1156109,1,0
31,41,1025978,1,0
31,42,1102594,1,0
31,43,1040429,1,0
31,44,1226557,1,0
31,45,1044345,1,0
31,46,1075005,1,0
31,47,1048672,1,0
31,48,1344692,1,0
31,49,1006695,1,0
31,50,1127636,1,0
31,51,1174066,1,0
31,52,1194264,1,0
31,53,1132073,1,0
31,54,1064978,1,0
31,55,1043298,1,0
31,56,1215303,1,0
31,57,1120887,1,0
31,58,1051761,1,0
31,59,1029733,1,0
32,0,183586,1,0
32,1,696314,1,0
32,2,1190146,1,0
32,3,1385136,1,0
32,4,1320172,1,0
32,5,1272069,1,0
32,6,1608584,1,0
32,7,1555058,1,0
32,8,1587906,1,0
32,9,1293500,1,0
32,10,1254938,1,0
32,11,1412994,1,0
32,12,1565252,1,0
32,13,1335287,1,0
32,14,1862394,1,0
32,15,1947039,1,0
32,16,2049027,1,0
32,17,1730408,1,0
32,18,1457972,1,0
32,19,1463992,1,0
32,20,1182652,1,0
32,21,1175184,1,0
32,22,1114610,1,0
32,23,1158978,1,0
32,24,1419059,1,0
32,25,1319405,1,0
32,26,1299744,1,0
32,27,1136182,1,0
32,28,1131618,1,0
32,29,1085617,1,0
32,30,1068259,1,0
32,31,1316736,1,0
32,32,1093169,1,0
32,33,1114577,1,0
32,34,1090017,1,0
32,35,1144759,1,0
32,36,1135233,1,0
32,37,1077393,1,0
32,38,1055529,1,0
32,39,1082737,1,0
32,40,1155222,1,0
32,41,1025593,1,0
32,42,1105874,1,0
32,43,1038764,1,0
32,44,1224123,1,0
32,45,1044060,1,0
32,46,1076307,1,0
32,47,1047417,1,0
32,48,1345653,1,0
32,49,1007396,1,0
32,50,1128989,1,0
32,51,1172944,1,0
32,52,1195464,1,0
32,53,1130804,1,0
32,54,1066662,1,0
32,55,1039939,1,0
32,56,1217964,1,0
32,57,1119685,1,0
32,58,1050533,1,0
32,59,1033847,1,0
33,0,191179,1,0
33,1,704892,1,0
33,2,1193766,1,0
33,3,1383370,1,0
33,4,1327453,1,0
33,5,1266562,1,0
33,6,1608119,1,0
33,7,1575481,1,0
33,8,1566032,1,0
33,9,1295456,1,0
33,10,1252825,1,0
33,11,1416708,1,0
33,12,1562787,1,0
33,13,1335728,1,0
33,14,1866774,1,0
33,15,1957021,1,0
33,16,2050642,1,0
33,17,1720369,1,0
33,18,1453193,1,0
33,19,1461051,1,0
33,20,1181905,1,0
33,21,1174781,1,0
33,22,1117764,1,0
33,23,1156465,1,0
33,24,1433064,1,0
33,25,1306773,1,0
33,26,1298729,1,0
33,27,1136737,1,0
33,28,1128985,1,0
33,29,1087044,1,0
33,30,1067533,1,0
33,31,1333645,1,0
33,32,1076095,1,0
33,33,1116193,1,0
33,34,1091345,1,0
33,35,1144609,1,0
33,36,1132585,1,0
33,37,1076994,1,0
33,38,1056029,1,0
33,39,1082489,1,0
33,40,1155141,1,0
33,41,1026566,1,0
33,42,1107191,1,0
33,43,1038723,1,0
33,44,1223799,1,0
33,45,1042442,1,0
33,46,1076848,1,0
33,47,1049227,1,0
33,48,1342894,1,0
33,49,1010345,1,0
33,50,1128441,1,0
33,51,1170617,1,0
33,52,1196317,1,0
33,53,1131320,1,0
33,54,1066402,1,0
33,55,1040017,1,0
33,56,1219492,1,0
33,57,1117238,1,0
33,58,1051096,1,0
33,59,1033678,1,0
34,0,198884,1,0
34,1,711821,1,0
34,2,1211416,1,0
34,3,1369437,1,0
34,4,1326531,1,0
34,5,1266482,1,0
34,6,1610445,1,0
34,7,1576128,1,0
34,8,1563318,1,0
34,9,1296688,1,0
34,10,1251973,1,0
34,11,1417046,1,0
34,12,1563041,1,0
34,13,1341590,1,0
34,14,1862976,1,0
34,15,1969293,1,0
34,16,2037761,1,0
34,17,1720789,1,0
34,18,1450924,1,0
34,19,1458920,1,0
34,20,1180826,1,0
34,21,1175833,1,0
34,22,1115949,1,0
34,23,1157079,1,0
34,24,1433621,1,0
34,25,1308292,1,0
34,26,1295884,1,0
34,27,1142617,1,0
34,28,1125436,1,0
34,29,1086855,1,0
34,30,1066388,1,0
34,31,1334499,1,0
34,32,1074998,1,0
34,33,1117662,1,0
34,34,1090752,1,0
34,35,1145076,1,0
34,36,1130656,1,0
34,37,1076636,1,0
34,38,1056224,1,0
34,39,1098704,1,0
34,40,1139748,1,0
34,41,1025464,1,0
34,42,1108293,1,0
34,43,1040728,1,0
34,44,1224447,1,0
34,45,1039271,1,0
34,46,1076808,1,0
34,47,1050512,1,0
34,48,1341177,1,0
34,49,1011978,1,0
34,50,1127286,1,0
34,51,1172563,1,0
34,52,1195098,1,0
34,53,1134634,1,0
34,54,1062771,1,0
34,55,1038855,1,0
34,56,1220038,1,0
34,57,1118880,1,0
34,58,1050521,1,0
34,59,1035446,1,0
35,0,202659,1,0
35,1,1760873,1,0
35,2,1440232,1,0
35,3,1295174,1,0
35,4,1301730,1,0
35,5,1519993,1,0
35,6,1555434,1,0
35,7,1664125,1,0
35,8,1312200,1,0
35,9,1251579,1,0
35,10,1253873,1,0
35,11,1582282,1,0
35,12,1447824,1,0
35,13,1689548,1,0
35,14,1844024,1,0
35,15,2174081,1,0
35,16,1801016,1,0
35,17,1530743,1,0
35,18,1514158,1,0
35,19,1206276,1,0
35,20,1148415,1,0
35,21,1133746,1,0
35,22,1157918,1,0
35,23,1188091,1,0
35,24,1558727,1,0
35,25,1287766,1,0
35,26,1128255,1,0
35,27,1167767,1,0
35,28,1093404,1,0
35,29,1059865,1,0
35,30,1256273,1,0
35,31,1150482,1,0
35,32,1071485,1,0
35,33,1130053,1,0
35,34,1055498,1,0
35,35,1231226,1,0
35,36,1078732,1,0
35,37,1049767,1,0
35,38,1052758,1,0
35,39,1206857,1,0
35,40,1004325,1,0
35,41,1075519,1,0
35,42,1060088,1,0
35,43,1243955,1,0
35,44,1050261,1,0
35,45,1065036,1,0
35,46,1043713,1,0
35,47,1363295,1,0
35,48,984356,1,0
35,49,1090081,1,0
35,50,1172197,1,0
35,51,1213441,1,0
35,52,1128874,1,0
35,53,1089080,1,0
35,54,1048204,1,0
35,55,1212581,1,0
35,56,1107466,1,0
35,57,1073279,1,0
35,58,1033407,1,0
35,59,1231585,1,0
36,0,205045,1,0
36,1,717626,1,0
36,2,1207795,1,0
36,3,1364709,1,0
36,4,1327251,1,0
36,5,1270499,1,0
36,6,1613144,1,0
36,7,1572890,1,0
36,8,1562178,1,0
36,9,1294395,1,0
36,10,1252019,1,0
36,11,1432251,1,0
36,12,1548073,1,0
36,13,1344725,1,0
36,14,1863089,1,0
36,15,1977352,1,0
36,16,2028394,1,0
36,17,1723291,1,0
36,18,1451287,1,0
36,19,1452875,1,0
36,20,1180604,1,0
36,21,1176489,1,0
36,22,1114646,1,0
36,23,1159255,1,0
36,24,1432903,1,0
36,25,1307114,1,0
36,26,1296831,1,0
36,27,1142570,1,0
36,28,1123358,1,0
36,29,1086966,1,0
36,30,1066995,1,0
36,31,1335144,1,0
36,32,1074275,1,0
36,33,1118820,1,0
36,34,1088412,1,0
36,35,1160093,1,0
36,36,1115923,1,0
36,37,1076284,1,0
36,38,1056021,1,0
36,39,1099566,1,0
36,40,1139629,1,0
36,41,1024386,1,0
36,42,1108982,1,0
36,43,1042140,1,0
36,44,1225158,1,0
36,45,1039566,1,0
36,46,1076301,1,0
36,47,1049956,1,0
36,48,1340674,1,0
36,49,1013174,1,0
36,50,1124673,1,0
36,51,1174308,1,0
36,52,1195406,1,0
36,53,1135881,1,0
36,54,1060722,1,0
36,55,1039531,1,0
36,56,1220998,1,0
36,57,1118375,1,0
36,58,1048260,1,0
36,59,1037194,1,0
37,0,208994,1,0
37,1,723040,1,0
37,2,1211786,1,0
37,3,1365589,1,0
37,4,1324999,1,0
37,5,1271920,1,0
37,6,1612501,1,0
37,7,1597513,1,0
37,8,1538137,1,0
37,9,1291461,1,0
37,10,1252603,1,0
37,11,1434137,1,0
37,12,1547241,1,0
37,13,1348240,1,0
37,14,1865819,1,0
37,15,1980107,1,0
37,16,2020642,1,0
37,17,1724263,1,0
37,18,1454345,1,0
37,19,1449169,1,0
37,20,1175974,1,0
37,21,1178386,1,0
37,22,1114336,1,0
37,23,1157690,1,0
37,24,1433671,1,0
37,25,1309925,1,0
37,26,1294959,1,0
37,27,1142644,1,0
37,28,1122590,1,0
37,29,1087758,1,0
37,30,1067799,1,0
37,31,1343849,1,0
37,32,1064657,1,0
37,33,1121054,1,0
37,34,1084273,1,0
37,35,1162469,1,0
37,36,1114621,1,0
37,37,1077493,1,0
37,38,1053707,1,0
37,39,1100312,1,0
37,40,1138383,1,0
37,41,1027525,1,0
37,42,1107963,1,0
37,43,1040885,1,0
37,44,1226338,1,0
37,45,1037022,1,0
37,46,1076318,1,0
37,47,1051117,1,0
37,48,1342730,1,0
37,49,1012108,1,0
37,50,1126856,1,0
37,51,1170455,1,0
37,52,1197555,1,0
37,53,1135515,1,0
37,54,1060931,1,0
37,55,1038844,1,0
37,56,1221159,1,0
37,57,1119363,1,0
37,58,1046263,1,0
37,59,1039591,1,0
38,0,211266,1,0
38,1,728145,1,0
38,2,1215194,1,0
38,3,1365480,1,0
38,4,1323567,1,0
38,5,1270720,1,0
38,6,1615778,1,0
38,7,1604750,1,0
38,8,1529963,1,0
38,9,1289713,1,0
38,10,1252612,1,0
38,11,1435846,1,0
38,12,1548055,1,0
38,13,1347891,1,0
38,14,1869121,1,0
38,15,1993477,1,0
38,16,2015918,1,0
38,17,1714038,1,0
38,18,1458001,1,0
38,19,1442241,1,0
38,20,1174924,1,0
38,21,1178179,1,0
38,22,1114427,1,0
38,23,1156197,1,0
38,24,1449334,1,0
38,25,1295631,1,0
38,26,1294387,1,0
38,27,1144732,1,0
38,28,1121438,1,0
38,29,1088931,1,0
38,30,1073874,1,0
38,31,1337018,1,0
38,32,1069482,1,0
38,33,1116394,1,0
38,34,1082439,1,0
38,35,1163535,1,0
38,36,1112833,1,0
38,37,1078821,1,0
38,38,1054943,1,0
38,39,1098384,1,0
38,40,1139277,1,0
38,41,1025723,1,0
38,42,1109661,1,0
38,43,1041651,1,0
38,44,1226098,1,0
38,45,1036441,1,0
38,46,1075661,1,0
38,47,1052171,1,0
38,48,1341061,1,0
38,49,1015124,1,0
38,50,1125181,1,0
38,51,1170434,1,0
38,52,1197392,1,0
38,53,1136323,1,0
38,54,1060333,1,0
38,55,1039082,1,0
38,56,1221698,1,0
38,57,1119505,1,0
38,58,1043906,1,0
38,59,1041853,1,0
39,0,214488,1,0
39,1,731327,1,0
39,2,1218544,1,0
39,3,1366875,1,0
39,4,1322860,1,0
39,5,1268936,1,0
39,6,1619564,1,0
39,7,1604147,1,0
39,8,1531149,1,0
39,9,1284567,1,0
39,10,1252772,1,0
39,11,1439203,1,0
39,12,1546284,1,0
39,13,1348211,1,0
39,14,1872796,1,0
39,15,2008508,1,0
39,16,1997624,1,0
39,17,1714612,1,0
39,18,1464126,1,0
39,19,1432885,1,0
39,20,1173597,1,0
39,21,1178659,1,0
39,22,1114687,1,0
39,23,1155377,1,0
39,24,1449716,1,0
39,25,1297854,1,0
39,26,1293875,1,0
39,27,1143881,1,0
39,28,1119726,1,0
39,29,1090770,1,0
39,30,1074475,1,0
39,31,1335251,1,0
39,32,1071818,1,0
39,33,1114917,1,0
39,34,1085796,1,0
39,35,1175109,1,0
39,36,1098616,1,0
39,37,1076469,1,0
39,38,1056084,1,0
39,39,1113593,1,0
39,40,1124013,1,0
39,41,1025898,1,0
39,42,1109333,1,0
39,43,1041780,1,0
39,44,1224843,1,0
39,45,1037235,1,0
39,46,1074619,1,0
39,47,1054786,1,0
39,48,1340306,1,0
39,49,1014654,1,0
39,50,1125970,1,0
39,51,1170283,1,0
39,52,1198018,1,0
39,53,1135767,1,0
39,54,1060225,1,0
39,55,1037030,1,0
39,56,1227536,1,0
39,57,1116142,1,0
39,58,1044018,1,0
39,59,1040152,1,0
40,0,217234,1,0
40,1,733647,1,0
40,2,1220805,1,0
40,3,1367069,1,0
40,4,1323574,1,0
40,5,1268847,1,0
40,6,1621705,1,0
40,7,1606394,1,0
40,8,1524262,1,0
40,9,1285001,1,0
40,10,1255205,1,0
40,11,1441370,1,0
40,12,1543379,1,0
40,13,1354052,1,0
40,14,1870468,1,0
40,15,2022640,1,0
40,16,1983244,1,0
40,17,1712498,1,0
40,18,1467621,1,0
40,19,1426813,1,0
40,20,1172827,1,0
40,21,1180486,1,0
40,22,1113265,1,0
40,23,1155914,1,0
40,24,1449362,1,0
40,25,1298797,1,0
40,26,1293279,1,0
40,27,1140932,1,0
40,28,1123484,1,0
40,29,1088187,1,0
40,30,1075147,1,0
40,31,1335252,1,0
40,32,1072704,1,0
40,33,1114825,1,0
40,34,1090776,1,0
40,35,1171496,1,0
40,36,1098722,1,0
40,37,1072673,1,0
40,38,1057776,1,0
40,39,1112627,1,0
40,40,1125559,1,0
40,41,1024259,1,0
40,42,1109610,1,0
40,43,1042174,1,0
40,44,1226659,1,0
40,45,1035290,1,0
40,46,1073969,1,0
40,47,1054702,1,0
40,48,1341052,1,0
40,49,1015319,1,0
40,50,1126234,1,0
40,51,1169913,1,0
40,52,1196841,1,0
40,53,1139703,1,0
40,54,1057181,1,0
40,55,1038267,1,0
40,56,1227335,1,0
40,57,1115468,1,0
40,58,1043736,1,0
40,59,1042805,1,0
41,0,220244,1,0
41,1,739621,1,0
41,2,1222270,1,0
41,3,1367605,1,0
41,4,1323431,1,0
41,5,1271087,1,0
41,6,1621409,1,0
41,7,1622333,1,0
41,8,1506780,1,0
41,9,1284353,1,0
41,10,1255405,1,0
41,11,1449282,1,0
41,12,1540116,1,0
41,13,1351413,1,0
41,14,1876477,1,0
41,15,2019235,1,0
41,16,1979892,1,0
41,17,1712285,1,0
41,18,1501022,1,0
41,19,1392994,1,0
41,20,1171469,1,0
41,21,1182499,1,0
41,22,1109575,1,0
41,23,1155368,1,0
41,24,1451374,1,0
41,25,1298591,1,0
41,26,1297024,1,0
41,27,1136577,1,0
41,28,1124065,1,0
41,29,1089087,1,0
41,30,1075161,1,0
41,31,1332654,1,0
41,32,1072703,1,0
41,33,1115941,1,0
41,34,1092956,1,0
41,35,1170599,1,0
41,36,1097572,1,0
41,37,1074445,1,0
41,38,1056180,1,0
41,39,1110687,1,0
41,40,1126608,1,0
41,41,1024604,1,0
41,42,1108487,1,0
41,43,1044420,1,0
41,44,1228677,1,0
41,45,1031384,1,0
41,46,1075961,1,0
41,47,1052170,1,0
41,48,1342059,1,0
41,49,1017044,1,0
41,50,1125211,1,0
41,51,1170007,1,0
41,52,1197758,1,0
41,53,1139353,1,0
41,54,1058090,1,0
41,55,1037011,1,0
41,56,1227915,1,0
41,57,1116719,1,0
41,58,1042351,1,0
41,59,1042337,1,0
42,0,221807,1,0
42,1,741984,1,0
42,2,1224386,1,0
42,3,1368352,1,0
42,4,1322831,1,0
42,5,1271332,1,0
42,6,1622686,1,0
42,7,1629766,1,0
42,8,1498856,1,0
42,9,1282437,1,0
42,10,1256003,1,0
42,11,1450144,1,0
42,12,1542104,1,0
42,13,1354554,1,0
42,14,1874985,1,0
42,15,2019078,1,0
42,16,1978337,1,0
42,17,1711101,1,0
42,18,1514441,1,0
42,19,1377958,1,0
42,20,1170357,1,0
42,21,1181956,1,0
42,22,1111432,1,0
42,23,1156836,1,0
42,24,1463736,1,0
42,25,1283513,1,0
42,26,1296508,1,0
42,27,1138495,1,0
42,28,1121532,1,0
42,29,1090668,1,0
42,30,1076481,1,0
42,31,1331476,1,0
42,32,1070850,1,0
42,33,1117627,1,0
42,34,1093882,1,0
42,35,1170583,1,0
42,36,1095374,1,0
42,37,1073798,1,0
42,38,1057244,1,0
42,39,1110854,1,0
42,40,1124977,1,0
42,41,1025002,1,0
42,42,1109174,1,0
42,43,1043637,1,0
42,44,1230755,1,0
42,45,1029173,1,0
42,46,1076157,1,0
42,47,1051502,1,0
42,48,1343321,1,0
42,49,1017346,1,0
42,50,1126123,1,0
42,51,1168684,1,0
42,52,1199404,1,0
42,53,1137848,1,0
42,54,1060148,1,0
42,55,1035208,1,0
42,56,1228123,1,0
42,57,1116184,1,0
42,58,1042044,1,0
42,59,1053417,1,0
43,0,227131,1,0
43,1,745374,1,0
43,2,1228162,1,0
43,3,1366181,1,0
43,4,1326938,1,0
43,5,1268484,1,0
43,6,1625985,1,0
43,7,1628976,1,0
43,8,1496191,1,0
43,9,1282864,1,0
43,10,1254094,1,0
43,11,1453017,1,0
43,12,1545167,1,0
43,13,1356638,1,0
43,14,1873221,1,0
43,15,2020592,1,0
43,16,1985983,1,0
43,17,1697864,1,0
43,18,1532623,1,0
43,19,1358755,1,0
43,20,1168080,1,0
43,21,1183244,1,0
43,22,1111084,1,0
43,23,1155549,1,0
43,24,1464746,1,0
43,25,1284068,1,0
43,26,1297519,1,0
43,27,1135761,1,0
43,28,1122700,1,0
43,29,1092336,1,0
43,30,1075556,1,0
43,31,1331641,1,0
43,32,1069478,1,0
43,33,1118552,1,0
43,34,1097194,1,0
43,35,1183672,1,0
43,36,1078930,1,0
43,37,1072673,1,0
43,38,1056457,1,0
43,39,1113334,1,0
43,40,1122945,1,0
43,41,1023813,1,0
43,42,1111689,1,0
43,43,1044229,1,0
43,44,1230119,1,0
43,45,1028412,1,0
43,46,1075220,1,0
43,47,1051754,1,0
43,48,1341906,1,0
43,49,1021427,1,0
43,50,1124589,1,0
43,51,1168497,1,0
43,52,1198584,1,0
43,53,1140257,1,0
43,54,1060160,1,0
43,55,1033800,1,0
43,56,1226900,1,0
43,57,1117519,1,0
43,58,1041839,1,0
43,59,1053693,1,0
44,0,233589,1,0
44,1,748491,1,0
44,2,1231777,1,0
44,3,1365509,1,0
44,4,1323824,1,0
44,5,1271887,1,0
44,6,1626381,1,0
44,7,1629481,1,0
44,8,1495033,1,0
44,9,1281753,1,0
44,10,1255028,1,0
44,11,1453705,1,0
44,12,1548408,1,0
44,13,1353897,1,0
44,14,1874773,1,0
44,15,2029095,1,0
44,16,1976637,1,0
44,17,1697169,1,0
44,18,1589417,1,0
44,19,1299278,1,0
44,20,1168524,1,0
44,21,1184501,1,0
44,22,1107228,1,0
44,23,1156613,1,0
44,24,1465736,1,0
44,25,1283866,1,0
44,26,1297043,1,0
44,27,1136731,1,0
44,28,1123719,1,0
44,29,1096296,1,0
44,30,1070642,1,0
44,31,1329747,1,0
44,32,1071171,1,0
44,33,1119579,1,0
44,34,1095202,1,0
44,35,1186329,1,0
44,36,1077590,1,0
44,37,1071665,1,0
44,38,1055991,1,0
44,39,1130259,1,0
44,40,1105977,1,0
44,41,1023897,1,0
44,42,1112243,1,0
44,43,1044482,1,0
44,44,1228977,1,0
44,45,1030016,1,0
44,46,1072829,1,0
44,47,1052253,1,0
44,48,1342859,1,0
44,49,1020993,1,0
44,50,1123661,1,0
44,51,1168682,1,0
44,52,1199810,1,0
44,53,1141884,1,0
44,54,1059763,1,0
44,55,1031698,1,0
44,56,1227415,1,0
44,57,1118357,1,0
44,58,1039487,1,0
44,59,1083155,1,0
45,0,236714,1,0
45,1,749349,1,0
45,2,1233289,1,0
45,3,1366472,1,0
45,4,1322970,1,0
45,5,1280995,1,0
45,6,1618384,1,0
45,7,1632466,1,0
45,8,1494954,1,0
45,9,1277268,1,0
45,10,1255122,1,0
45,11,1456249,1,0
45,12,1548559,1,0
45,13,1352930,1,0
45,14,1875822,1,0
45,15,2035321,1,0
45,16,1970457,1,0
45,17,1728592,1,0
45,18,1593542,1,0
45,19,1261132,1,0
45,20,1166923,1,0
45,21,1186068,1,0
45,22,1106630,1,0
45,23,1156325,1,0
45,24,1477453,1,0
45,25,1274354,1,0
45,26,1295537,1,0
45,27,1137877,1,0
45,28,1123017,1,0
45,29,1096088,1,0
45,30,1073935,1,0
45,31,1325423,1,0
45,32,1069085,1,0
45,33,1122668,1,0
45,34,1093609,1,0
45,35,1201639,1,0
45,36,1064582,1,0
45,37,1068996,1,0
45,38,1055531,1,0
45,39,1131924,1,0
45,40,1105532,1,0
45,41,1023325,1,0
45,42,1111472,1,0
45,43,1046595,1,0
45,44,1229636,1,0
45,45,1027426,1,0
45,46,1074360,1,0
45,47,1050404,1,0
45,48,1343262,1,0
45,49,1023196,1,0
45,50,1121934,1,0
45,51,1168550,1,0
45,52,1201160,1,0
45,53,1144683,1,0
45,54,1058183,1,0
45,55,1030431,1,0
45,56,1228252,1,0
45,57,1116806,1,0
45,58,1039777,1,0
45,59,1082758,1,0
46,0,242960,1,0
46,1,752264,1,0
46,2,1238120,1,0
46,3,1365741,1,0
46,4,1319531,1,0
46,5,1291129,1,0
46,6,1609632,1,0
46,7,1648979,1,0
46,8,1481667,1,0
46,9,1273835,1,0
46,10,1254107,1,0
46,11,1461474,1,0
46,12,1547737,1,0
46,13,1354341,1,0
46,14,1876127,1,0
46,15,2039042,1,0
46,16,1962765,1,0
46,17,1732935,1,0
46,18,1620110,1,0
46,19,1229130,1,0
46,20,1164500,1,0
46,21,1187184,1,0
46,22,1106120,1,0
46,23,1156971,1,0
46,24,1477635,1,0
46,25,1275913,1,0
46,26,1294803,1,0
46,27,1138933,1,0
46,28,1121985,1,0
46,29,1094887,1,0
46,30,1075300,1,0
46,31,1324863,1,0
46,32,1068353,1,0
46,33,1124677,1,0
46,34,1091294,1,0
46,35,1200849,1,0
46,36,1065341,1,0
46,37,1069554,1,0
46,38,1056091,1,0
46,39,1131210,1,0
46,40,1103989,1,0
46,41,1024657,1,0
46,42,1110981,1,0
46,43,1046437,1,0
46,44,1229970,1,0
46,45,1028227,1,0
46,46,1074330,1,0
46,47,1050566,1,0
46,48,1344893,1,0
46,49,1021604,1,0
46,50,1122687,1,0
46,51,1166085,1,0
46,52,1200623,1,0
46,53,1147135,1,0
46,54,1058148,1,0
46,55,1029461,1,0
46,56,1228957,1,0
46,57,1117199,1,0
46,58,1040166,1,0
46,59,1079877,1,0
47,0,246242,1,0
47,1,754963,1,0
47,2,1241114,1,0
47,3,1368924,1,0
47,4,1315519,1,0
47,5,1292806,1,0
47,6,1610251,1,0
47,7,1649739,1,0
47,8,1481263,1,0
47,9,1270278,1,0
47,10,1253166,1,0
47,11,1463816,1,0
47,12,1549008,1,0
47,13,1355883,1,0
47,14,1875304,1,0
47,15,2039842,1,0
47,16,1978961,1,0
47,17,1717200,1,0
47,18,1643449,1,0
47,19,1205498,1,0
47,20,1159822,1,0
47,21,1187438,1,0
47,22,1106673,1,0
47,23,1154635,1,0
47,24,1478799,1,0
47,25,1277284,1,0
47,26,1294545,1,0
47,27,1138503,1,0
47,28,1121513,1,0
47,29,1095248,1,0
47,30,1077221,1,0
47,31,1321234,1,0
47,32,1070370,1,0
47,33,1124420,1,0
47,34,1089202,1,0
47,35,1202859,1,0
47,36,1065938,1,0
47,37,1067223,1,0
47,38,1055743,1,0
47,39,1147506,1,0
47,40,1088610,1,0
47,41,1024097,1,0
47,42,1112417,1,0
47,43,1055912,1,0
47,44,1219401,1,0
47,45,1028426,1,0
47,46,1073911,1,0
47,47,1049631,1,0
47,48,1346235,1,0
47,49,1022171,1,0
47,50,1123331,1,0
47,51,1163612,1,0
47,52,1200779,1,0
47,53,1147632,1,0
47,54,1059842,1,0
47,55,1027874,1,0
47,56,1230099,1,0
47,57,1118332,1,0
47,58,1039165,1,0
47,59,1079378,1,0
48,0,249184,1,0
48,1,758509,1,0
48,2,1244443,1,0
48,3,1368560,1,0
48,4,1315037,1,0
48,5,1294590,1,0
48,6,1610748,1,0
48,7,1648851,1,0
48,8,1481228,1,0
48,9,1269812,1,0
48,10,1252543,1,0
48,11,1468703,1,0
48,12,1545435,1,0
48,13,1355519,1,0
48,14,1875447,1,0
48,15,2047136,1,0
48,16,1973855,1,0
48,17,1715386,1,0
48,18,1644653,1,0
48,19,1200885,1,0
48,20,1186527,1,0
48,21,1158503,1,0
48,22,1108988,1,0
48,23,1154253,1,0
48,24,1497201,1,0
48,25,1260478,1,0
48,26,1295113,1,0
48,27,1137547,1,0
48,28,1120507,1,0
48,29,1096605,1,0
48,30,1079276,1,0
48,31,1317622,1,0
48,32,1071615,1,0
48,33,1124205,1,0
48,34,1089318,1,0
48,35,1203436,1,0
48,36,1066148,1,0
48,37,1064348,1,0
48,38,1057050,1,0
48,39,1147717,1,0
48,40,1089622,1,0
48,41,1021861,1,0
48,42,1113188,1,0
48,43,1057737,1,0
48,44,1217793,1,0
48,45,1030485,1,0
48,46,1070637,1,0
48,47,1050043,1,0
48,48,1345390,1,0
48,49,1028408,1,0
48,50,1119482,1,0
48,51,1161329,1,0
48,52,1202977,1,0
48,53,1145593,1,0
48,54,1061676,1,0
48,55,1038165,1,0
48,56,1218972,1,0
48,57,1118024,1,0
48,58,1040739,1,0
48,59,1096941,1,0
49,0,252938,1,0
49,1,764996,1,0
49,2,1246184,1,0
49,3,1370631,1,0
49,4,1313549,1,0
49,5,1296626,1,0
49,6,1609856,1,0
49,7,1683504,1,0
49,8,1451056,1,0
49,9,1262985,1,0
49,10,1251706,1,0
49,11,1474163,1,0
49,12,1545748,1,0
49,13,1358344,1,0
49,14,1870628,1,0
49,15,2054290,1,0
49,16,1965705,1,0
49,17,1717078,1,0
49,18,1644712,1,0
49,19,1196972,1,0
49,20,1187486,1,0
49,21,1157734,1,0
49,22,1106865,1,0
49,23,1156292,1,0
49,24,1498792,1,0
49,25,1257109,1,0
49,26,1295958,1,0
49,27,1141353,1,0
49,28,1118765,1,0
49,29,1096430,1,0
49,30,1077248,1,0
49,31,1317168,1,0
49,32,1072873,1,0
49,33,1123648,1,0
49,34,1087445,1,0
49,35,1210680,1,0
49,36,1063542,1,0
49,37,1060098,1,0
49,38,1058497,1,0
49,39,1148034,1,0
49,40,1089968,1,0
49,41,1020478,1,0
49,42,1112774,1,0
49,43,1073295,1,0
49,44,1202849,1,0
49,45,1031436,1,0
49,46,1069783,1,0
49,47,1049010,1,0
49,48,1347694,1,0
49,49,1029476,1,0
49,50,1118916,1,0
49,51,1165419,1,0
49,52,1200150,1,0
49,53,1143329,1,0
49,54,1062315,1,0
49,55,1036385,1,0
49,56,1220771,1,0
49,57,1116616,1,0
49,58,1043719,1,0
49,59,1096106,1,0
50,0,257271,1,0
50,1,776901,1,0
50,2,1248957,1,0
50,3,1371534,1,0
50,4,1313917,1,0
50,5,1296903,1,0
50,6,1608851,1,0
50,7,1683723,1,0
50,8,1454820,1,0
50,9,1256421,1,0
50,10,1251722,1,0
50,11,1476677,1,0
50,12,1545568,1,0
50,13,1363273,1,0
50,14,1871328,1,0
50,15,2054302,1,0
50,16,1973011,1,0
50,17,1704902,1,0
50,18,1642677,1,0
50,19,1196376,1,0
50,20,1187169,1,0
50,21,1157121,1,0
50,22,1107651,1,0
50,23,1155198,1,0
50,24,1500617,1,0
50,25,1257508,1,0
50,26,1295604,1,0
50,27,1142466,1,0
50,28,1118190,1,0
50,29,1095456,1,0
50,30,1075999,1,0
50,31,1319431,1,0
50,32,1071476,1,0
50,33,1124434,1,0
50,34,1085819,1,0
50,35,1212309,1,0
50,36,1061869,1,0
50,37,1060805,1,0
50,38,1059741,1,0
50,39,1145713,1,0
50,40,1092383,1,0
50,41,1019249,1,0
50,42,1112340,1,0
50,43,1074129,1,0
50,44,1203830,1,0
50,45,1029919,1,0
50,46,1069600,1,0
50,47,1046951,1,0
50,48,1349736,1,0
50,49,1029786,1,0
50,50,1120521,1,0
50,51,1167834,1,0
50,52,1196214,1,0
50,53,1142084,1,0
50,54,1062365,1,0
50,55,1036111,1,0
50,56,1221834,1,0
50,57,1117582,1,0
50,58,1042888,1,0
50,59,1095326,1,0
51,0,260515,1,0
51,1,781670,1,0
51,2,1251142,1,0
51,3,1372863,1,0
51,4,1311600,1,0
51,5,1302346,1,0
51,6,1604931,1,0
51,7,1688046,1,0
51,8,1452645,1,0
51,9,1251255,1,0
51,10,1251596,1,0
51,11,1480986,1,0
51,12,1543263,1,0
51,13,1370364,1,0
51,14,1869549,1,0
51,15,2058887,1,0
51,16,1967738,1,0
51,17,1700834,1,0
51,18,1644378,1,0
51,19,1200897,1,0
51,20,1177105,1,0
51,21,1159085,1,0
51,22,1107313,1,0
51,23,1155117,1,0
51,24,1503781,1,0
51,25,1254579,1,0
51,26,1295990,1,0
51,27,1143255,1,0
51,28,1119141,1,0
51,29,1093886,1,0
51,30,1079037,1,0
51,31,1315942,1,0
51,32,1073047,1,0
51,33,1125127,1,0
51,34,1082395,1,0
51,35,1214188,1,0
51,36,1062136,1,0
51,37,1060510,1,0
51,38,1060184,1,0
51,39,1160709,1,0
51,40,1076410,1,0
51,41,1019620,1,0
51,42,1111601,1,0
51,43,1074856,1,0
51,44,1203884,1,0
51,45,1028858,1,0
51,46,1070215,1,0
51,47,1046235,1,0
51,48,1351486,1,0
51,49,1028761,1,0
51,50,1119221,1,0
51,51,1167434,1,0
51,52,1198707,1,0
51,53,1139865,1,0
51,54,1063760,1,0
51,55,1081477,1,0
51,56,1175385,1,0
51,57,1120015,1,0
51,58,1040735,1,0
51,59,1095247,1,0
52,0,265230,1,0
52,1,783770,1,0
52,2,1254111,1,0
52,3,1371723,1,0
52,4,1312902,1,0
52,5,1303038,1,0
52,6,1604946,1,0
52,7,1688257,1,0
52,8,1452908,1,0
52,9,1247526,1,0
52,10,1251352,1,0
52,11,1486156,1,0
52,12,1539344,1,0
52,13,1377499,1,0
52,14,1865022,1,0
52,15,2062627,1,0
52,16,1963068,1,0
52,17,1701623,1,0
52,18,1644168,1,0
52,19,1198537,1,0
52,20,1177103,1,0
52,21,1157007,1,0
52,22,1107554,1,0
52,23,1159301,1,0
52,24,1518143,1,0
52,25,1251790,1,0
52,26,1286420,1,0
52,27,1136382,1,0
52,28,1119753,1,0
52,29,1095492,1,0
52,30,1077847,1,0
52,31,1315532,1,0
52,32,1075665,1,0
52,33,1124031,1,0
52,34,1082591,1,0
52,35,1214635,1,0
52,36,1063546,1,0
52,37,1057937,1,0
52,38,1058641,1,0
52,39,1162526,1,0
52,40,1077921,1,0
52,41,1016136,1,0
52,42,1112837,1,0
52,43,1098540,1,0
52,44,1179027,1,0
52,45,1029142,1,0
52,46,1069771,1,0
52,47,1048033,1,0
52,48,1351132,1,0
52,49,1030372,1,0
52,50,1118479,1,0
52,51,1185302,1,0
52,52,1178652,1,0
52,53,1140478,1,0
52,54,1063939,1,0
52,55,1082295,1,0
52,56,1175342,1,0
52,57,1119164,1,0
52,58,1041249,1,0
52,59,1108615,1,0
53,0,267924,1,0
53,1,788375,1,0
53,2,1259673,1,0
53,3,1371996,1,0
53,4,1311300,1,0
53,5,1303504,1,0
53,6,1604483,1,0
53,7,1686053,1,0
53,8,1454186,1,0
53,9,1246591,1,0
53,10,1251875,1,0
53,11,1491391,1,0
53,12,1533179,1,0
53,13,1390100,1,0
53,14,1856003,1,0
53,15,2073480,1,0
53,16,1950581,1,0
53,17,1700022,1,0
53,18,1650587,1,0
53,19,1201741,1,0
53,20,1165930,1,0
53,21,1157687,1,0
53,22,1106278,1,0
53,23,1160148,1,0
53,24,1522294,1,0
53,25,1262794,1,0
53,26,1269576,1,0
53,27,1138477,1,0
53,28,1118847,1,0
53,29,1094642,1,0
53,30,1077551,1,0
53,31,1317730,1,0
53,32,1075274,1,0
53,33,1124537,1,0
53,34,1081143,1,0
53,35,1215481,1,0
53,36,1067195,1,0
53,37,1052455,1,0
53,38,1059198,1,0
53,39,1163162,1,0
53,40,1079081,1,0
53,41,1013892,1,0
53,42,1112602,1,0
53,43,1100689,1,0
53,44,1178048,1,0
53,45,1030186,1,0
53,46,1068531,1,0
53,47,1048969,1,0
53,48,1349851,1,0
53,49,1030014,1,0
53,50,1120288,1,0
53,51,1184183,1,0
53,52,1178679,1,0
53,53,1141162,1,0
53,54,1064062,1,0
53,55,1080352,1,0
53,56,1176570,1,0
53,57,1118939,1,0
53,58,1041404,1,0
53,59,1110573,1,0
54,0,270988,1,0
54,1,790992,1,0
54,2,1263445,1,0
54,3,1369677,1,0
54,4,1323659,1,0
54,5,1298229,1,0
54,6,1602826,1,0
54,7,1697447,1,0
54,8,1438902,1,0
54,9,1245519,1,0
54,10,1252332,1,0
54,11,1494992,1,0
54,12,1528729,1,0
54,13,1398672,1,0
54,14,1852046,1,0
54,15,2087210,1,0
54,16,1946183,1,0
54,17,1686849,1,0
54,18,1649249,1,0
54,19,1203248,1,0
54,20,1163711,1,0
54,21,1157341,1,0
54,22,1106305,1,0
54,23,1161761,1,0
54,24,1527185,1,0
54,25,1276391,1,0
54,26,1249714,1,0
54,27,1138216,1,0
54,28,1121881,1,0
54,29,1090910,1,0
54,30,1078252,1,0
54,31,1318466,1,0
54,32,1074114,1,0
54,33,1127261,1,0
54,34,1078953,1,0
54,35,1218123,1,0
54,36,1065541,1,0
54,37,1051032,1,0
54,38,1061269,1,0
54,39,1161737,1,0
54,40,1079032,1,0
54,41,1014632,1,0
54,42,1112402,1,0
54,43,1100126,1,0
54,44,1178108,1,0
54,45,1029862,1,0
54,46,1068331,1,0
54,47,1047358,1,0
54,48,1352078,1,0
54,49,1028803,1,0
54,50,1121234,1,0
54,51,1182939,1,0
54,52,1179171,1,0
54,53,1141090,1,0
54,54,1063702,1,0
54,55,1080401,1,0
54,56,1179307,1,0
54,57,1118571,1,0
54,58,1041192,1,0
54,59,1108591,1,0
55,0,273711,1,0
55,1,794727,1,0
55,2,1269050,1,0
55,3,1366166,1,0
55,4,1323408,1,0
55,5,1301972,1,0
55,6,1601393,1,0
55,7,1695523,1,0
55,8,1437419,1,0
55,9,1245725,1,0
55,10,1252796,1,0
55,11,1500818,1,0
55,12,1522524,1,0
55,13,1418039,1,0
55,14,1838535,1,0
55,15,2097049,1,0
55,16,1932819,1,0
55,17,1686705,1,0
55,18,1648957,1,0
55,19,1202119,1,0
55,20,1162717,1,0
55,21,1156671,1,0
55,22,1105113,1,0
55,23,1163699,1,0
55,24,1533707,1,0
55,25,1282221,1,0
55,26,1236577,1,0
55,27,1139442,1,0
55,28,1120432,1,0
55,29,1090700,1,0
55,30,1079108,1,0
55,31,1317389,1,0
55,32,1077644,1,0
55,33,1124746,1,0
55,34,1077553,1,0
55,35,1219847,1,0
55,36,1063942,1,0
55,37,1051148,1,0
55,38,1063603,1,0
55,39,1175245,1,0
55,40,1063539,1,0
55,41,1014881,1,0
55,42,1113272,1,0
55,43,1100619,1,0
55,44,1177229,1,0
55,45,1029352,1,0
55,46,1067253,1,0
55,47,1047572,1,0
55,48,1353496,1,0
55,49,1031275,1,0
55,50,1121023,1,0
55,51,1195554,1,0
55,52,1164166,1,0
55,53,1139435,1,0
55,54,1065400,1,0
55,55,1079592,1,0
55,56,1181855,1,0
55,57,1115805,1,0
55,58,1043250,1,0
55,59,1108055,1,0
56,0,277643,1,0
56,1,798615,1,0
56,2,1276423,1,0
56,3,1360990,1,0
56,4,1322976,1,0
56,5,1305351,1,0
56,6,1601520,1,0
56,7,1696478,1,0
56,8,1432744,1,0
56,9,1245614,1,0
56,10,1253256,1,0
56,11,1505771,1,0
56,12,1515955,1,0
56,13,1427681,1,0
56,14,1833044,1,0
56,15,2119173,1,0
56,16,1909044,1,0
56,17,1686933,1,0
56,18,1649502,1,0
56,19,1199599,1,0
56,20,1163775,1,0
56,21,1156425,1,0
56,22,1104611,1,0
56,23,1163153,1,0
56,24,1539014,1,0
56,25,1298092,1,0
56,26,1215171,1,0
56,27,1139886,1,0
56,28,1120296,1,0
56,29,1090804,1,0
56,30,1080548,1,0
56,31,1315593,1,0
56,32,1080470,1,0
56,33,1121371,1,0
56,34,1077588,1,0
56,35,1220880,1,0
56,36,1063950,1,0
56,37,1051480,1,0
56,38,1064040,1,0
56,39,1173665,1,0
56,40,1064194,1,0
56,41,1013688,1,0
56,42,1114596,1,0
56,43,1098966,1,0
56,44,1176817,1,0
56,45,1030879,1,0
56,46,1067551,1,0
56,47,1048522,1,0
56,48,1350577,1,0
56,49,1034470,1,0
56,50,1122969,1,0
56,51,1191500,1,0
56,52,1163347,1,0
56,53,1141839,1,0
56,54,1063716,1,0
56,55,1086255,1,0
56,56,1176437,1,0
56,57,1116637,1,0
56,58,1041653,1,0
56,59,1123277,1,0
57,0,282892,1,0
57,1,804844,1,0
57,2,1283635,1,0
57,3,1355672,1,0
57,4,1322353,1,0
57,5,1310617,1,0
57,6,1600225,1,0
57,7,1711904,1,0
57,8,1414233,1,0
57,9,1243560,1,0
57,10,1257182,1,0
57,11,1508244,1,0
57,12,1511482,1,0
57,13,1438597,1,0
57,14,1825417,1,0
57,15,2118911,1,0
57,16,1911718,1,0
57,17,1683581,1,0
57,18,1648244,1,0
57,19,1199089,1,0
57,20,1162904,1,0
57,21,1153411,1,0
57,22,1106577,1,0
57,23,1161893,1,0
57,24,1558673,1,0
57,25,1303750,1,0
57,26,1193295,1,0
57,27,1136242,1,0
57,28,1121742,1,0
57,29,1090271,1,0
57,30,1080177,1,0
57,31,1315430,1,0
57,32,1083760,1,0
57,33,1118056,1,0
57,34,1078517,1,0
57,35,1223025,1,0
57,36,1064298,1,0
57,37,1048940,1,0
57,38,1064378,1,0
57,39,1171178,1,0
57,40,1066852,1,0
57,41,1011146,1,0
57,42,1117378,1,0
57,43,1114102,1,0
57,44,1162149,1,0
57,45,1030122,1,0
57,46,1065922,1,0
57,47,1149294,1,0
57,48,1249035,1,0
57,49,1035500,1,0
57,50,1124759,1,0
57,51,1190573,1,0
57,52,1161962,1,0
57,53,1142036,1,0
57,54,1065383,1,0
57,55,1098751,1,0
57,56,1165285,1,0
57,57,1115705,1,0
57,58,1039549,1,0
57,59,1125239,1,0
58,0,284891,1,0
58,1,808954,1,0
58,2,1286100,1,0
58,3,1355046,1,0
58,4,1323059,1,0
58,5,1315161,1,0
58,6,1599669,1,0
58,7,1708382,1,0
58,8,1413341,1,0
58,9,1243494,1,0
58,10,1256544,1,0
58,11,1510957,1,0
58,12,1509334,1,0
58,13,1446292,1,0
58,14,1822930,1,0
58,15,2119052,1,0
58,16,1922529,1,0
58,17,1667431,1,0
58,18,1647754,1,0
58,19,1201754,1,0
58,20,1161217,1,0
58,21,1153193,1,0
58,22,1105351,1,0
58,23,1162751,1,0
58,24,1562660,1,0
58,25,1328135,1,0
58,26,1164695,1,0
58,27,1135718,1,0
58,28,1121800,1,0
58,29,1089856,1,0
58,30,1079738,1,0
58,31,1314946,1,0
58,32,1084762,1,0
58,33,1116315,1,0
58,34,1079959,1,0
58,35,1223530,1,0
58,36,1064518,1,0
58,37,1048824,1,0
58,38,1064937,1,0
58,39,1170085,1,0
58,40,1065556,1,0
58,41,1011876,1,0
58,42,1119126,1,0
58,43,1112122,1,0
58,44,1160978,1,0
58,45,1031318,1,0
58,46,1067158,1,0
58,47,1177861,1,0
58,48,1218379,1,0
58,49,1037638,1,0
58,50,1124624,1,0
58,51,1204361,1,0
58,52,1148096,1,0
58,53,1142796,1,0
58,54,1063690,1,0
58,55,1099448,1,0
58,56,1164097,1,0
58,57,1116704,1,0
58,58,1038313,1,0
58,59,1128074,1,0
59,0,289294,1,0
59,1,810350,1,0
59,2,1289987,1,0
59,3,1351092,1,0
59,4,1325254,1,0
59,5,1322138,1,0
59,6,1594844,1,0
59,7,1711127,1,0
59,8,1410954,1,0
59,9,1241778,1,0
59,10,1255514,1,0
59,11,1513996,1,0
59,12,1507080,1,0
59,13,1451352,1,0
59,14,1825658,1,0
59,15,2116618,1,0
59,16,1919854,1,0
59,17,1664307,1,0
59,18,1649050,1,0
59,19,1199624,1,0
59,20,1160044,1,0
59,21,1153912,1,0
59,22,1105586,1,0
59,23,1163972,1,0
59,24,1564693,1,0
59,25,1347433,1,0
59,26,1141239,1,0
59,27,1135890,1,0
59,28,1122091,1,0
59,29,1088896,1,0
59,30,1079344,1,0
59,31,1316986,1,0
59,32,1083214,1,0
59,33,1117549,1,0
59,34,1077697,1,0
59,35,1224654,1,0
59,36,1066719,1,0
59,37,1047149,1,0
59,38,1065619,1,0
59,39,1168217,1,0
59,40,1067390,1,0
59,41,1011768,1,0
59,42,1116822,1,0
59,43,1114344,1,0
59,44,1160932,1,0
59,45,1030752,1,0
59,46,1068561,1,0
59,47,1216074,1,0
59,48,1178606,1,0
59,49,1038452,1,0
59,50,1125280,1,0
59,51,1202235,1,0
59,52,1147992,1,0
59,53,1143152,1,0
59,54,1063604,1,0
59,55,1099657,1,0
59,56,1165435,1,0
59,57,1117084,1,0
59,58,1037440,1,0
59,59,1128904,1,0
60,0,290743,1,0
60,1,818758,1,0
60,2,1294343,1,0
60,3,1350381,1,0
60,4,1323989,1,0
60,5,1323443,1,0
60,6,1597851,1,0
60,7,1709893,1,0
60,8,1407840,1,0
60,9,1241497,1,0
60,10,1254840,1,0
60,11,1517450,1,0
60,12,1504076,1,0
60,13,1457482,1,0
60,14,1823061,1,0
60,15,2134105,1,0
60,16,1899573,1,0
60,17,1666729,1,0
60,18,1644821,1,0
60,19,1200347,1,0
60,20,1158867,1,0
60,21,1152756,1,0
60,22,1108348,1,0
60,23,1163205,1,0
60,24,1569044,1,0
60,25,1386436,1,0
60,26,1098177,1,0
60,27,1135790,1,0
60,28,1121213,1,0
60,29,1087710,1,0
60,30,1079214,1,0
60,31,1317787,1,0
60,32,1085065,1,0
60,33,1115880,1,0
60,34,1078497,1,0
60,35,1224472,1,0
60,36,1067411,1,0
60,37,1045058,1,0
60,38,1067935,1,0
60,39,1180383,1,0
60,40,1052421,1,0
60,41,1013777,1,0
60,42,1117461,1,0
60,43,1112791,1,0
60,44,1163736,1,0
60,45,1027937,1,0
60,46,1067771,1,0
60,47,1218462,1,0
60,48,1175984,1,0
60,49,1039797,1,0
60,50,1127618,1,0
60,51,1200527,1,0
60,52,1147637,1,0
60,53,1142639,1,0
60,54,1063678,1,0
60,55,1113599,1,0
60,56,1152491,1,0
60,57,1116820,1,0
60,58,1037775,1,0
60,59,1143335,1,0
61,0,291234,1,0
61,1,825187,1,0
61,2,1297237,1,0
61,3,1350308,1,0
61,4,1323221,1,0
61,5,1327582,1,0
61,6,1598885,1,0
61,7,1715655,1,0
61,8,1396239,1,0
61,9,1242170,1,0
61,10,1254558,1,0
61,11,1521752,1,0
61,12,1499744,1,0
61,13,1464360,1,0
61,14,1820682,1,0
61,15,2136460,1,0
61,16,1894893,1,0
61,17,1669809,1,0
61,18,1640283,1,0
61,19,1200008,1,0
61,20,1156065,1,0
61,21,1154331,1,0
61,22,1107217,1,0
61,23,1165237,1,0
61,24,1581513,1,0
61,25,1373437,1,0
61,26,1097774,1,0
61,27,1135449,1,0
61,28,1120106,1,0
61,29,1088508,1,0
61,30,1078004,1,0
61,31,1318420,1,0
61,32,1087408,1,0
61,33,1114805,1,0
61,34,1077404,1,0
61,35,1226410,1,0
61,36,1067699,1,0
61,37,1042355,1,0
61,38,1070065,1,0
61,39,1180877,1,0
61,40,1050850,1,0
61,41,1013668,1,0
61,42,1117093,1,0
61,43,1114388,1,0
61,44,1163053,1,0
61,45,1028260,1,0
61,46,1067008,1,0
61,47,1219164,1,0
61,48,1174007,1,0
61,49,1040923,1,0
61,50,1128300,1,0
61,51,1199278,1,0
61,52,1147750,1,0
61,53,1142682,1,0
61,54,1063758,1,0
61,55,1111950,1,0
61,56,1155743,1,0
61,57,1115669,1,0
61,58,1037366,1,0
61,59,1147651,1,0
62,0,295623,1,0
62,1,827626,1,0
62,2,1302082,1,0
62,3,1347991,1,0
62,4,1322742,1,0
62,5,1340389,1,0
62,6,1593369,1,0
62,7,1711166,1,0
62,8,1396373,1,0
62,9,1238655,1,0
62,10,1255447,1,0
62,11,1523436,1,0
62,12,1497436,1,0
62,13,1474155,1,0
62,14,1818198,1,0
62,15,2141039,1,0
62,16,1897220,1,0
62,17,1657635,1,0
62,18,1637804,1,0
62,19,1199926,1,0
62,20,1156901,1,0
62,21,1153464,1,0
62,22,1106107,1,0
62,23,1166777,1,0
62,24,1580994,1,0
62,25,1373680,1,0
62,26,1097017,1,0
62,27,1136470,1,0
62,28,1119820,1,0
62,29,1087200,1,0
62,30,1076911,1,0
62,31,1320494,1,0
62,32,1088239,1,0
62,33,1112542,1,0
62,34,1077521,1,0
62,35,1228480,1,0
62,36,1068404,1,0
62,37,1040654,1,0
62,38,1070379,1,0
62,39,1180640,1,0
62,40,1049953,1,0
62,41,1014218,1,0
62,42,1115478,1,0
62,43,1132929,1,0
62,44,1144568,1,0
62,45,1032225,1,0
62,46,1063978,1,0
62,47,1222421,1,0
62,48,1170494,1,0
62,49,1042774,1,0
62,50,1127398,1,0
62,51,1199267,1,0
62,52,1147870,1,0
62,53,1142226,1,0
62,54,1063186,1,0
62,55,1112058,1,0
62,56,1155984,1,0
62,57,1115637,1,0
62,58,1035847,1,0
62,59,1151965,1,0
63,0,300714,1,0
63,1,831409,1,0
63,2,1306656,1,0
63,3,1344734,1,0
63,4,1321917,1,0
63,5,1351848,1,0
63,6,1588403,1,0
63,7,1708074,1,0
63,8,1399650,1,0
63,9,1232590,1,0
63,10,1255454,1,0
63,11,1525482,1,0
63,12,1497710,1,0
63,13,1477931,1,0
63,14,1820516,1,0
63,15,2153897,1,0
63,16,1876507,1,0
63,17,1659683,1,0
63,18,1636077,1,0
63,19,1196704,1,0
63,20,1159701,1,0
63,21,1151474,1,0
63,22,1107567,1,0
63,23,1165561,1,0
63,24,1582454,1,0
63,25,1375003,1,0
63,26,1109694,1,0
63,27,1122657,1,0
63,28,1118718,1,0
63,29,1085737,1,0
63,30,1077252,1,0
63,31,1321189,1,0
63,32,1087854,1,0
63,33,1114478,1,0
63,34,1075913,1,0
63,35,1230180,1,0
63,36,1067737,1,0
63,37,1041834,1,0
63,38,1068159,1,0
63,39,1197986,1,0
63,40,1032171,1,0
63,41,1013784,1,0
63,42,1116200,1,0
63,43,1134500,1,0
63,44,1143931,1,0
63,45,1033306,1,0
63,46,1065375,1,0
63,47,1239399,1,0
63,48,1149801,1,0
63,49,1042583,1,0
63,50,1126895,1,0
63,51,1216616,1,0
63,52,1130857,1,0
63,53,1144156,1,0
63,54,1063332,1,0
63,55,1111575,1,0
63,56,1156383,1,0
63,57,1115643,1,0
63,58,1033679,1,0
63,59,1167058,1,0
64,0,311862,1,0
64,1,834936,1,0
64,2,1310723,1,0
64,3,1345609,1,0
64,4,1318654,1,0
64,5,1356320,1,0
64,6,1584985,1,0
64,7,1710628,1,0
64,8,1395819,1,0
64,9,1232951,1,0
64,10,1254569,1,0
64,11,1528943,1,0
64,12,1497787,1,0
64,13,1479192,1,0
64,14,1824126,1,0
64,15,2163476,1,0
64,16,1859003,1,0
64,17,1662423,1,0
64,18,1630896,1,0
64,19,1199074,1,0
64,20,1159573,1,0
64,21,1148892,1,0
64,22,1108758,1,0
64,23,1165380,1,0
64,24,1594248,1,0
64,25,1365153,1,0
64,26,1112019,1,0
64,27,1120434,1,0
64,28,1116638,1,0
64,29,1086614,1,0
64,30,1077910,1,0
64,31,1320365,1,0
64,32,1087455,1,0
64,33,1114930,1,0
64,34,1076780,1,0
64,35,1227685,1,0
64,36,1068670,1,0
64,37,1046200,1,0
64,38,1065180,1,0
64,39,1196902,1,0
64,40,1031505,1,0
64,41,1016607,1,0
64,42,1114360,1,0
64,43,1134192,1,0
64,44,1142356,1,0
64,45,1036897,1,0
64,46,1063354,1,0
64,47,1239786,1,0
64,48,1149255,1,0
64,49,1042737,1,0
64,50,1128694,1,0
64,51,1215600,1,0
64,52,1130911,1,0
64,53,1143752,1,0
64,54,1063520,1,0
64,55,1123759,1,0
64,56,1143381,1,0
64,57,1115091,1,0
64,58,1034506,1,0
64,59,1167673,1,0
65,0,315861,1,0
65,1,837329,1,0
65,2,1313345,1,0
65,3,1345707,1,0
65,4,1317121,1,0
65,5,1366456,1,0
65,6,1577968,1,0
65,7,1713199,1,0
65,8,1393672,1,0
65,9,1229913,1,0
65,10,1253356,1,0
65,11,1529957,1,0
65,12,1499061,1,0
65,13,1485054,1,0
65,14,1821370,1,0
65,15,2163490,1,0
65,16,1855281,1,0
65,17,1665677,1,0
65,18,1626892,1,0
65,19,1198505,1,0
65,20,1160202,1,0
65,21,1148128,1,0
65,22,1112261,1,0
65,23,1160183,1,0
65,24,1596807,1,0
65,25,1365886,1,0
65,26,1110050,1,0
65,27,1122380,1,0
65,28,1115296,1,0
65,29,1087598,1,0
65,30,1079466,1,0
65,31,1316530,1,0
65,32,1088396,1,0
65,33,1114064,1,0
65,34,1076646,1,0
65,35,1227331,1,0
65,36,1072668,1,0
65,37,1045155,1,0
65,38,1064053,1,0
65,39,1197857,1,0
65,40,1029494,1,0
65,41,1017345,1,0
65,42,1112897,1,0
65,43,1136065,1,0
65,44,1139882,1,0
65,45,1039429,1,0
65,46,1064295,1,0
65,47,1240126,1,0
65,48,1145832,1,0
65,49,1044179,1,0
65,50,1129371,1,0
65,51,1216435,1,0
65,52,1128674,1,0
65,53,1144173,1,0
65,54,1064509,1,0
65,55,1126764,1,0
65,56,1140037,1,0
65,57,1114121,1,0
65,58,1035577,1,0
65,59,1166226,1,0
66,0,319938,1,0
66,1,839873,1,0
66,2,1317434,1,0
66,3,1343660,1,0
66,4,1316203,1,0
66,5,1371880,1,0
66,6,1575341,1,0
66,7,1714903,1,0
66,8,1391573,1,0
66,9,1230946,1,0
66,10,1250288,1,0
66,11,1532363,1,0
66,12,1496298,1,0
66,13,1493828,1,0
66,14,1819431,1,0
66,15,2159404,1,0
66,16,1857617,1,0
66,17,1663928,1,0
66,18,1625739,1,0
66,19,1197111,1,0
66,20,1160739,1,0
66,21,1144752,1,0
66,22,1117144,1,0
66,23,1157410,1,0
66,24,1595941,1,0
66,25,1365890,1,0
66,26,1110146,1,0
66,27,1125474,1,0
66,28,1111510,1,0
66,29,1093298,1,0
66,30,1074661,1,0
66,31,1315707,1,0
66,32,1089539,1,0
66,33,1113316,1,0
66,34,1076384,1,0
66,35,1227885,1,0
66,36,1074265,1,0
66,37,1046074,1,0
66,38,1060799,1,0
66,39,1199193,1,0
66,40,1028822,1,0
66,41,1017681,1,0
66,42,1110758,1,0
66,43,1154243,1,0
66,44,1123417,1,0
66,45,1041949,1,0
66,46,1060231,1,0
66,47,1244558,1,0
66,48,1142414,1,0
66,49,1044676,1,0
66,50,1130485,1,0
66,51,1215865,1,0
66,52,1129020,1,0
66,53,1143635,1,0
66,54,1064335,1,0
66,55,1127254,1,0
66,56,1140568,1,0
66,57,1112930,1,0
66,58,1034673,1,0
66,59,1166090,1,0
67,0,323311,1,0
67,1,843068,1,0
67,2,1320897,1,0
67,3,1343619,1,0
67,4,1314739,1,0
67,5,1376408,1,0
67,6,1574530,1,0
67,7,1713532,1,0
67,8,1388394,1,0
67,9,1231197,1,0
67,10,1250157,1,0
67,11,1532883,1,0
67,12,1496470,1,0
67,13,1502714,1,0
67,14,1818850,1,0
67,15,2152652,1,0
67,16,1871213,1,0
67,17,1650577,1,0
67,18,1622726,1,0
67,19,1196585,1,0
67,20,1163198,1,0
67,21,1144294,1,0
67,22,1116362,1,0
67,23,1155976,1,0
67,24,1597064,1,0
67,25,1367122,1,0
67,26,1107351,1,0
67,27,1126997,1,0
67,28,1111850,1,0
67,29,1091689,1,0
67,30,1075312,1,0
67,31,1317471,1,0
67,32,1088398,1,0
67,33,1111515,1,0
67,34,1076903,1,0
67,35,1229471,1,0
67,36,1072803,1,0
67,37,1051591,1,0
67,38,1055914,1,0
67,39,1198036,1,0
67,40,1029919,1,0
67,41,1017451,1,0
67,42,1111009,1,0
67,43,1154934,1,0
67,44,1121689,1,0
67,45,1044398,1,0
67,46,1058656,1,0
67,47,1260708,1,0
67,48,1124573,1,0
67,49,1047024,1,0
67,50,1133164,1,0
67,51,1212412,1,0
67,52,1129558,1,0
67,53,1144248,1,0
67,54,1063242,1,0
67,55,1127668,1,0
67,56,1139305,1,0
67,57,1113267,1,0
67,58,1036253,1,0
67,59,1166320,1,0
68,0,325600,1,0
68,1,845182,1,0
68,2,1324193,1,0
68,3,1343679,1,0
68,4,1313828,1,0
68,5,1382358,1,0
68,6,1572918,1,0
68,7,1710755,1,0
68,8,1385793,1,0
68,9,1232253,1,0
68,10,1248607,1,0
68,11,1534105,1,0
68,12,1496778,1,0
68,13,1508070,1,0
68,14,1825296,1,0
68,15,2141604,1,0
68,16,1875724,1,0
68,17,1646146,1,0
68,18,1621134,1,0
68,19,1195000,1,0
68,20,1164321,1,0
68,21,1144555,1,0
68,22,1115608,1,0
68,23,1160547,1,0
68,24,1593506,1,0
68,25,1366118,1,0
68,26,1106757,1,0
68,27,1129024,1,0
68,28,1109524,1,0
68,29,1093120,1,0
68,30,1073414,1,0
68,31,1319707,1,0
68,32,1088126,1,0
68,33,1109622,1,0
68,34,1076713,1,0
68,35,1229364,1,0
68,36,1074699,1,0
68,37,1052838,1,0
68,38,1053848,1,0
68,39,1198653,1,0
68,40,1027886,1,0
68,41,1020073,1,0
68,42,1108143,1,0
68,43,1156686,1,0
68,44,1121634,1,0
68,45,1046289,1,0
68,46,1058494,1,0
68,47,1261793,1,0
68,48,1122589,1,0
68,49,1045540,1,0
68,50,1138600,1,0
68,51,1220670,1,0
68,52,1115212,1,0
68,53,1145271,1,0
68,54,1062173,1,0
68,55,1141499,1,0
68,56,1126890,1,0
68,57,1113473,1,0
68,58,1035067,1,0
68,59,1181139,1,0
69,0,331358,1,0
69,1,850348,1,0
69,2,1326902,1,0
69,3,1343632,1,0
69,4,1313814,1,0
69,5,1386612,1,0
69,6,1570211,1,0
69,7,1711636,1,0
69,8,1382123,1,0
69,9,1231820,1,0
69,10,1248073,1,0
69,11,1535399,1,0
69,12,1497103,1,0
69,13,1512349,1,0
69,14,1830817,1,0
69,15,2137008,1,0
69,16,1872638,1,0
69,17,1644551,1,0
69,18,1619946,1,0
69,19,1196348,1,0
69,20,1162360,1,0
69,21,1144949,1,0
69,22,1116172,1,0
69,23,1160693,1,0
69,24,1604043,1,0
69,25,1354790,1,0
69,26,1104561,1,0
69,27,1131687,1,0
69,28,1108727,1,0
69,29,1092881,1,0
69,30,1075629,1,0
69,31,1317444,1,0
69,32,1087084,1,0
69,33,1110333,1,0
69,34,1076576,1,0
69,35,1229877,1,0
69,36,1074137,1,0
69,37,1052579,1,0
69,38,1055144,1,0
69,39,1198143,1,0
69,40,1027314,1,0
69,41,1018744,1,0
69,42,1109547,1,0
69,43,1158667,1,0
69,44,1118551,1,0
69,45,1048735,1,0
69,46,1057886,1,0
69,47,1264536,1,0
69,48,1117914,1,0
69,49,1048539,1,0
69,50,1142288,1,0
69,51,1215868,1,0
69,52,1115481,1,0
69,53,1146169,1,0
69,54,1060762,1,0
69,55,1145902,1,0
69,56,1122610,1,0
69,57,1113876,1,0
69,58,1035382,1,0
69,59,1180588,1,0
70,0,335288,1,0
70,1,854644,1,0
70,2,1329940,1,0
70,3,1344441,1,0
70,4,1313542,1,0
70,5,1392564,1,0
70,6,1565650,1,0
70,7,1718235,1,0
70,8,1373153,1,0
70,9,1235030,1,0
70,10,1243097,1,0
70,11,1537281,1,0
70,12,1496835,1,0
70,13,1515813,1,0
70,14,1838231,1,0
70,15,2130219,1,0
70,16,1884518,1,0
70,17,1628501,1,0
70,18,1619692,1,0
70,19,1195585,1,0
70,20,1160832,1,0
70,21,1145535,1,0
70,22,1119004,1,0
70,23,1156120,1,0
70,24,1606532,1,0
70,25,1353446,1,0
70,26,1103745,1,0
70,27,1134123,1,0
70,28,1107799,1,0
70,29,1093611,1,0
70,30,1074631,1,0
70,31,1316223,1,0
70,32,1089002,1,0
70,33,1107879,1,0
70,34,1081288,1,0
70,35,1226744,1,0
70,36,1074952,1,0
70,37,1053561,1,0
70,38,1051971,1,0
70,39,1200041,1,0
70,40,1026226,1,0
70,41,1020929,1,0
70,42,1106968,1,0
70,43,1176236,1,0
70,44,1103777,1,0
70,45,1047668,1,0
70,46,1056385,1,0
70,47,1269652,1,0
70,48,1113269,1,0
70,49,1049036,1,0
70,50,1145355,1,0
70,51,1213395,1,0
70,52,1114363,1,0
70,53,1147034,1,0
70,54,1062196,1,0
70,55,1143282,1,0
70,56,1123839,1,0
70,57,1114332,1,0
70,58,1033833,1,0
70,59,1181499,1,0
71,0,340108,1,0
71,1,856573,1,0
71,2,1336173,1,0
71,3,1340770,1,0
71,4,1312990,1,0
71,5,1397714,1,0
71,6,1573516,1,0
71,7,1706921,1,0
71,8,1372850,1,0
71,9,1234218,1,0
71,10,1243074,1,0
71,11,1536774,1,0
71,12,1497991,1,0
71,13,1516566,1,0
71,14,1839541,1,0
71,15,2132020,1,0
71,16,1878623,1,0
71,17,1629925,1,0
71,18,1617947,1,0
71,19,1196212,1,0
71,20,1160855,1,0
71,21,1147642,1,0
71,22,1116440,1,0
71,23,1155830,1,0
71,24,1604671,1,0
71,25,1353997,1,0
71,26,1104953,1,0
71,27,1142625,1,0
71,28,1099981,1,0
71,29,1092689,1,0
71,30,1072778,1,0
71,31,1329158,1,0
71,32,1079864,1,0
71,33,1105628,1,0
71,34,1082663,1,0
71,35,1226211,1,0
71,36,1074908,1,0
71,37,1053819,1,0
71,38,1051753,1,0
71,39,1199508,1,0
71,40,1025131,1,0
71,41,1023757,1,0
71,42,1104586,1,0
71,43,1179542,1,0
71,44,1100853,1,0
71,45,1050108,1,0
71,46,1052667,1,0
71,47,1284957,1,0
71,48,1098624,1,0
71,49,1049450,1,0
71,50,1151415,1,0
71,51,1222553,1,0
71,52,1100256,1,0
71,53,1146661,1,0
71,54,1061190,1,0
71,55,1144232,1,0
71,56,1125321,1,0
71,57,1112096,1,0
71,58,1033626,1,0
71,59,1191176,1,0
72,0,349724,1,0
72,1,859795,1,0
72,2,1341623,1,0
72,3,1336863,1,0
72,4,1316078,1,0
72,5,1399674,1,0
72,6,1577338,1,0
72,7,1700275,1,0
72,8,1373300,1,0
72,9,1234371,1,0
72,10,1239835,1,0
72,11,1538452,1,0
72,12,1497380,1,0
72,13,1519946,1,0
72,14,1843971,1,0
72,15,2129476,1,0
72,16,1871177,1,0
72,17,1631943,1,0
72,18,1617053,1,0
72,19,1195123,1,0
72,20,1161999,1,0
72,21,1148088,1,0
72,22,1115893,1,0
72,23,1155647,1,0
72,24,1605445,1,0
72,25,1352718,1,0
72,26,1103597,1,0
72,27,1144795,1,0
72,28,1097749,1,0
72,29,1093242,1,0
72,30,1082209,1,0
72,31,1320467,1,0
72,32,1081393,1,0
72,33,1103560,1,0
72,34,1083848,1,0
72,35,1226008,1,0
72,36,1074249,1,0
72,37,1054850,1,0
72,38,1052143,1,0
72,39,1199100,1,0
72,40,1024659,1,0
72,41,1024742,1,0
72,42,1102788,1,0
72,43,1179734,1,0
72,44,1102603,1,0
72,45,1048234,1,0
72,46,1054658,1,0
72,47,1286265,1,0
72,48,1093992,1,0
72,49,1052042,1,0
72,50,1160680,1,0
72,51,1214045,1,0
72,52,1098141,1,0
72,53,1146712,1,0
72,54,1062522,1,0
72,55,1145294,1,0
72,56,1126062,1,0
72,57,1109180,1,0
72,58,1033007,1,0
72,59,1191358,1,0
73,0,357840,1,0
73,1,864550,1,0
73,2,1353430,1,0
73,3,1329268,1,0
73,4,1316069,1,0
73,5,1401785,1,0
73,6,1584178,1,0
73,7,1695234,1,0
73,8,1369203,1,0
73,9,1235694,1,0
73,10,1236182,1,0
73,11,1538098,1,0
73,12,1501191,1,0
73,13,1522032,1,0
73,14,1844078,1,0
73,15,2136921,1,0
73,16,1860188,1,0
73,17,1629938,1,0
73,18,1617113,1,0
73,19,1196315,1,0
73,20,1158837,1,0
73,21,1148444,1,0
73,22,1115946,1,0
73,23,1154575,1,0
73,24,1620794,1,0
73,25,1338069,1,0
73,26,1104404,1,0
73,27,1146890,1,0
73,28,1094820,1,0
73,29,1093262,1,0
73,30,1082195,1,0
73,31,1320871,1,0
73,32,1081922,1,0
73,33,1103830,1,0
73,34,1084200,1,0
73,35,1224572,1,0
73,36,1074518,1,0
73,37,1054846,1,0
73,38,1053633,1,0
73,39,1197153,1,0
73,40,1023544,1,0
73,41,1029245,1,0
73,42,1099438,1,0
73,43,1179610,1,0
73,44,1103786,1,0
73,45,1049584,1,0
73,46,1053230,1,0
73,47,1287624,1,0
73,48,1093181,1,0
73,49,1050666,1,0
73,50,1163479,1,0
73,51,1210687,1,0
73,52,1101392,1,0
73,53,1142034,1,0
73,54,1064805,1,0
73,55,1159018,1,0
73,56,1113584,1,0
73,57,1108361,1,0
73,58,1031943,1,0
73,59,1192799,1,0
74,0,362644,1,0
74,1,869855,1,0
74,2,1360018,1,0
74,3,1327277,1,0
74,4,1312591,1,0
74,5,1406813,1,0
74,6,1586818,1,0
74,7,1698619,1,0
74,8,1364748,1,0
74,9,1231125,1,0
74,10,1235957,1,0
74,11,1538220,1,0
74,12,1505160,1,0
74,13,1521502,1,0
74,14,1844187,1,0
74,15,2136344,1,0
74,16,1869569,1,0
74,17,1617478,1,0
74,18,1620524,1,0
74,19,1191400,1,0
74,20,1159568,1,0
74,21,1147144,1,0
74,22,1117409,1,0
74,23,1153481,1,0
74,24,1621765,1,0
74,25,1334888,1,0
74,26,1105583,1,0
74,27,1147251,1,0
74,28,1094521,1,0
74,29,1092925,1,0
74,30,1083193,1,0
74,31,1321097,1,0
74,32,1081030,1,0
74,33,1102717,1,0
74,34,1087860,1,0
74,35,1222532,1,0
74,36,1073354,1,0
74,37,1055121,1,0
74,38,1053180,1,0
74,39,1199584,1,0
74,40,1020271,1,0
74,41,1032803,1,0
74,42,1097700,1,0
74,43,1193641,1,0
74,44,1090348,1,0
74,45,1051030,1,0
74,46,1050375,1,0
74,47,1290104,1,0
74,48,1090422,1,0
74,49,1052751,1,0
74,50,1164039,1,0
74,51,1209898,1,0
74,52,1102213,1,0
74,53,1139254,1,0
74,54,1065940,1,0
74,55,1158124,1,0
74,56,1116266,1,0
74,57,1106589,1,0
74,58,1031488,1,0
74,59,1193222,1,0
75,0,371738,1,0
75,1,875174,1,0
75,2,1365002,1,0
75,3,1330628,1,0
75,4,1306324,1,0
75,5,1409642,1,0
75,6,1589746,1,0
75,7,1696904,1,0
75,8,1361016,1,0
75,9,1231810,1,0
75,10,1236038,1,0
75,11,1535545,1,0
75,12,1509971,1,0
75,13,1519996,1,0
75,14,1848400,1,0
75,15,2135014,1,0
75,16,1864508,1,0
75,17,1617746,1,0
75,18,1623942,1,0
75,19,1189187,1,0
75,20,1156721,1,0
75,21,1151329,1,0
75,22,1114593,1,0
75,23,1152232,1,0
75,24,1622820,1,0
75,25,1333769,1,0
75,26,1105985,1,0
75,27,1147871,1,0
75,28,1093138,1,0
75,29,1093256,1,0
75,30,1084706,1,0
75,31,1319863,1,0
75,32,1081815,1,0
75,33,1102412,1,0
75,34,1085393,1,0
75,35,1223556,1,0
75,36,1074026,1,0
75,37,1054359,1,0
75,38,1054505,1,0
75,39,1199439,1,0
75,40,1019711,1,0
75,41,1033178,1,0
75,42,1095440,1,0
75,43,1199056,1,0
75,44,1088813,1,0
75,45,1051847,1,0
75,46,1047954,1,0
75,47,1303765,1,0
75,48,1077050,1,0
75,49,1052414,1,0
75,50,1164261,1,0
75,51,1224723,1,0
75,52,1089453,1,0
75,53,1135693,1,0
75,54,1065006,1,0
75,55,1160505,1,0
75,56,1116809,1,0
75,57,1106326,1,0
75,58,1032824,1,0
75,59,1204920,1,0
76,0,379407,1,0
76,1,877995,1,0
76,2,1368755,1,0
76,3,1328803,1,0
76,4,1308786,1,0
76,5,1408613,1,0
76,6,1592900,1,0
76,7,1695108,1,0
76,8,1363956,1,0
76,9,1226955,1,0
76,10,1236540,1,0
76,11,1533602,1,0
76,12,1513669,1,0
76,13,1519424,1,0
76,14,1850405,1,0
76,15,2134474,1,0
76,16,1860492,1,0
76,17,1618060,1,0
76,18,1623463,1,0
76,19,1188858,1,0
76,20,1157548,1,0
76,21,1154015,1,0
76,22,1111036,1,0
76,23,1152082,1,0
76,24,1622765,1,0
76,25,1332923,1,0
76,26,1106460,1,0
76,27,1146736,1,0
76,28,1094357,1,0
76,29,1091293,1,0
76,30,1085915,1,0
76,31,1319517,1,0
76,32,1083277,1,0
76,33,1101710,1,0
76,34,1084838,1,0
76,35,1224810,1,0
76,36,1072294,1,0
76,37,1055894,1,0
76,38,1053710,1,0
76,39,1199140,1,0
76,40,1018433,1,0
76,41,1034360,1,0
76,42,1094641,1,0
76,43,1201595,1,0
76,44,1087567,1,0
76,45,1051259,1,0
76,46,1047777,1,0
76,47,1303716,1,0
76,48,1076550,1,0
76,49,1054424,1,0
76,50,1164553,1,0
76,51,1223535,1,0
76,52,1092046,1,0
76,53,1132983,1,0
76,54,1064213,1,0
76,55,1176295,1,0
76,56,1104665,1,0
76,57,1104721,1,0
76,58,1032007,1,0
76,59,1207444,1,0
77,0,384465,1,0
77,1,895843,1,0
77,2,1371157,1,0
77,3,1330395,1,0
77,4,1307668,1,0
77,5,1413091,1,0
77,6,1593804,1,0
77,7,1690472,1,0
77,8,1360798,1,0
77,9,1236119,1,0
77,10,1228465,1,0
77,11,1532567,1,0
77,12,1516710,1,0
77,13,1523548,1,0
77,14,1850181,1,0
77,15,2131228,1,0
77,16,1856367,1,0
77,17,1619359,1,0
77,18,1623656,1,0
77,19,1188628,1,0
77,20,1155838,1,0
77,21,1156498,1,0
77,22,1110085,1,0
77,23,1151893,1,0
77,24,1633419,1,0
77,25,1320011,1,0
77,26,1107367,1,0
77,27,1148239,1,0
77,28,1100557,1,0
77,29,1082521,1,0
77,30,1088259,1,0
77,31,1318959,1,0
77,32,1083251,1,0
77,33,1102398,1,0
77,34,1084511,1,0
77,35,1223455,1,0
77,36,1073616,1,0
77,37,1054071,1,0
77,38,1055924,1,0
77,39,1198551,1,0
77,40,1016734,1,0
77,41,1037789,1,0
77,42,1091750,1,0
77,43,1213725,1,0
77,44,1076838,1,0
77,45,1057727,1,0
77,46,1044275,1,0
77,47,1302385,1,0
77,48,1075514,1,0
77,49,1052450,1,0
77,50,1166561,1,0
77,51,1221988,1,0
77,52,1096185,1,0
77,53,1127577,1,0
77,54,1066002,1,0
77,55,1176387,1,0
77,56,1105425,1,0
77,57,1104349,1,0
77,58,1030494,1,0
77,59,1207713,1,0
78,0,391937,1,0
78,1,905929,1,0
78,2,1375603,1,0
78,3,1329320,1,0
78,4,1307769,1,0
78,5,1413577,1,0
78,6,1597351,1,0
78,7,1687714,1,0
78,8,1359423,1,0
78,9,1235930,1,0
78,10,1225884,1,0
78,11,1535669,1,0
78,12,1516690,1,0
78,13,1526372,1,0
78,14,1850776,1,0
78,15,2132466,1,0
78,16,1863480,1,0
78,17,1607033,1,0
78,18,1620837,1,0
78,19,1190496,1,0
78,20,1155298,1,0
78,21,1156615,1,0
78,22,1110753,1,0
78,23,1148509,1,0
78,24,1637763,1,0
78,25,1316342,1,0
78,26,1108662,1,0
78,27,1150276,1,0
78,28,1098529,1,0
78,29,1081087,1,0
78,30,1091381,1,0
78,31,1315499,1,0
78,32,1083476,1,0
78,33,1102140,1,0
78,34,1084917,1,0
78,35,1224998,1,0
78,36,1072502,1,0
78,37,1054892,1,0
78,38,1056213,1,0
78,39,1197637,1,0
78,40,1015634,1,0
78,41,1040330,1,0
78,42,1090978,1,0
78,43,1214272,1,0
78,44,1074403,1,0
78,45,1060153,1,0
78,46,1041638,1,0
78,47,1318149,1,0
78,48,1060172,1,0
78,49,1054439,1,0
78,50,1164549,1,0
78,51,1239551,1,0
78,52,1081620,1,0
78,53,1125350,1,0
78,54,1067281,1,0
78,55,1175809,1,0
78,56,1107202,1,0
78,57,1102898,1,0
78,58,1029962,1,0
78,59,1207444,1,0
79,0,398724,1,0
79,1,918832,1,0
79,2,1378237,1,0
79,3,1329187,1,0
79,4,1309353,1,0
79,5,1414617,1,0
79,6,1597975,1,0
79,7,1684675,1,0
79,8,1358711,1,0
79,9,1238304,1,0
79,10,1224939,1,0
79,11,1540508,1,0
79,12,1511853,1,0
79,13,1529260,1,0
79,14,1849990,1,0
79,15,2137018,1,0
79,16,1861158,1,0
79,17,1602145,1,0
79,18,1619145,1,0
79,19,1191107,1,0
79,20,1154422,1,0
79,21,1156686,1,0
79,22,1111319,1,0
79,23,1147809,1,0
79,24,1636865,1,0
79,25,1316884,1,0
79,26,1109889,1,0
79,27,1149325,1,0
79,28,1098222,1,0
79,29,1080486,1,0
79,30,1096518,1,0
79,31,1311535,1,0
79,32,1083785,1,0
79,33,1101009,1,0
79,34,1084507,1,0
79,35,1227708,1,0
79,36,1071651,1,0
79,37,1052163,1,0
79,38,1057893,1,0
79,39,1197982,1,0
79,40,1015155,1,0
79,41,1040699,1,0
79,42,1089942,1,0
79,43,1213838,1,0
79,44,1074977,1,0
79,45,1061231,1,0
79,46,1040767,1,0
79,47,1320458,1,0
79,48,1057801,1,0
79,49,1053620,1,0
79,50,1166134,1,0
79,51,1240635,1,0
79,52,1081537,1,0
79,53,1123083,1,0
79,54,1067294,1,0
79,55,1181361,1,0
79,56,1105674,1,0
79,57,1097743,1,0
79,58,1030763,1,0
79,59,1209029,1,0
80,0,406007,1,0
80,1,926523,1,0
80,2,1381365,1,0
80,3,1328850,1,0
80,4,1308017,1,0
80,5,1419585,1,0
80,6,1599115,1,0
80,7,1680602,1,0
80,8,1357002,1,0
80,9,1238854,1,0
80,10,1228353,1,0
80,11,1539793,1,0
80,12,1509722,1,0
80,13,1541067,1,0
80,14,1843082,1,0
80,15,2137411,1,0
80,16,1854672,1,0
80,17,1602725,1,0
80,18,1617614,1,0
80,19,1191036,1,0
80,20,1153986,1,0
80,21,1157605,1,0
80,22,1110929,1,0
80,23,1149640,1,0
80,24,1635158,1,0
80,25,1317806,1,0
80,26,1106913,1,0
80,27,1152565,1,0
80,28,1096552,1,0
80,29,1080601,1,0
80,30,1099020,1,0
80,31,1307150,1,0
80,32,1084435,1,0
80,33,1101578,1,0
80,34,1084018,1,0
80,35,1229482,1,0
80,36,1069528,1,0
80,37,1054166,1,0
80,38,1055768,1,0
80,39,1199387,1,0
80,40,1015756,1,0
80,41,1040673,1,0
80,42,1088564,1,0
80,43,1217323,1,0
80,44,1071763,1,0
80,45,1064872,1,0
80,46,1038412,1,0
80,47,1319587,1,0
80,48,1056754,1,0
80,49,1056134,1,0
80,50,1164551,1,0
80,51,1241363,1,0
80,52,1082747,1,0
80,53,1120854,1,0
80,54,1068942,1,0
80,55,1182471,1,0
80,56,1105024,1,0
80,57,1096926,1,0
80,58,1029183,1,0
80,59,1225113,1,0
81,0,412252,1,0
81,1,934232,1,0
81,2,1384803,1,0
81,3,1327854,1,0
81,4,1311163,1,0
81,5,1421093,1,0
81,6,1594781,1,0
81,7,1681866,1,0
81,8,1356722,1,0
81,9,1238836,1,0
81,10,1229577,1,0
81,11,1540275,1,0
81,12,1506754,1,0
81,13,1545427,1,0
81,14,1858406,1,0
81,15,2123174,1,0
81,16,1902690,1,0
81,17,1549709,1,0
81,18,1615594,1,0
81,19,1191510,1,0
81,20,1175437,1,0
81,21,1137459,1,0
81,22,1110870,1,0
81,23,1148812,1,0
81,24,1649626,1,0
81,25,1302022,1,0
81,26,1107322,1,0
81,27,1153354,1,0
81,28,1097144,1,0
81,29,1078324,1,0
81,30,1106462,1,0
81,31,1299226,1,0
81,32,1085549,1,0
81,33,1102650,1,0
81,34,1082632,1,0
81,35,1228316,1,0
81,36,1071272,1,0
81,37,1054427,1,0
81,38,1055616,1,0
81,39,1200081,1,0
81,40,1013585,1,0
81,41,1041014,1,0
81,42,1087982,1,0
81,43,1220391,1,0
81,44,1071297,1,0
81,45,1063072,1,0
81,46,1039666,1,0
81,47,1319529,1,0
81,48,1053826,1,0
81,49,1057856,1,0
81,50,1166449,1,0
81,51,1239028,1,0
81,52,1085524,1,0
81,53,1119196,1,0
81,54,1066406,1,0
81,55,1184503,1,0
81,56,1106920,1,0
81,57,1093963,1,0
81,58,1030871,1,0
81,59,1225090,1,0
82,0,419305,1,0
82,1,942937,1,0
82,2,1387655,1,0
82,3,1326755,1,0
82,4,1312578,1,0
82,5,1426172,1,0
82,6,1590335,1,0
82,7,1686445,1,0
82,8,1349580,1,0
82,9,1240635,1,0
82,10,1231763,1,0
82,11,1538805,1,0
82,12,1510795,1,0
82,13,1550055,1,0
82,14,1856760,1,0
82,15,2121240,1,0
82,16,1895700,1,0
82,17,1550308,1,0
82,18,1614471,1,0
82,19,1191080,1,0
82,20,1173829,1,0
82,21,1137177,1,0
82,22,1111918,1,0
82,23,1150150,1,0
82,24,1650538,1,0
82,25,1300300,1,0
82,26,1106149,1,0
82,27,1156839,1,0
82,28,1094621,1,0
82,29,1078559,1,0
82,30,1112497,1,0
82,31,1293277,1,0
82,32,1087061,1,0
82,33,1102084,1,0
82,34,1079563,1,0
82,35,1230060,1,0
82,36,1070280,1,0
82,37,1054318,1,0
82,38,1055755,1,0
82,39,1201420,1,0
82,40,1013366,1,0
82,41,1040629,1,0
82,42,1090066,1,0
82,43,1219270,1,0
82,44,1070678,1,0
82,45,1062907,1,0
82,46,1040090,1,0
82,47,1333076,1,0
82,48,1040169,1,0
82,49,1056723,1,0
82,50,1167353,1,0
82,51,1239427,1,0
82,52,1088259,1,0
82,53,1115674,1,0
82,54,1069203,1,0
82,55,1184107,1,0
82,56,1106356,1,0
82,57,1094618,1,0
82,58,1029429,1,0
82,59,1226053,1,0
83,0,426381,1,0
83,1,959442,1,0
83,2,1390578,1,0
83,3,1326741,1,0
83,4,1309796,1,0
83,5,1433557,1,0
83,6,1587038,1,0
83,7,1691208,1,0
83,8,1342977,1,0
83,9,1242443,1,0
83,10,1230112,1,0
83,11,1542004,1,0
83,12,1515243,1,0
83,13,1550283,1,0
83,14,1858950,1,0
83,15,2116849,1,0
83,16,1888414,1,0
83,17,1554148,1,0
83,18,1609193,1,0
83,19,1192627,1,0
83,20,1174014,1,0
83,21,1135273,1,0
83,22,1116009,1,0
83,23,1148263,1,0
83,24,1650855,1,0
83,25,1299128,1,0
83,26,1106993,1,0
83,27,1156084,1,0
83,28,1093589,1,0
83,29,1079318,1,0
83,30,1115023,1,0
83,31,1292011,1,0
83,32,1084741,1,0
83,33,1104056,1,0
83,34,1077927,1,0
83,35,1230279,1,0
83,36,1071420,1,0
83,37,1054405,1,0
83,38,1054354,1,0
83,39,1201829,1,0
83,40,1013536,1,0
83,41,1040278,1,0
83,42,1090643,1,0
83,43,1220454,1,0
83,44,1070472,1,0
83,45,1060601,1,0
83,46,1039628,1,0
83,47,1335807,1,0
83,48,1037927,1,0
83,49,1059991,1,0
83,50,1163870,1,0
83,51,1239069,1,0
83,52,1093097,1,0
83,53,1112077,1,0
83,54,1070006,1,0
83,55,1184051,1,0
83,56,1109002,1,0
83,57,1091362,1,0
83,58,1029607,1,0
83,59,1226976,1,0
84,0,440243,1,0
84,1,967966,1,0
84,2,1397772,1,0
84,3,1320417,1,0
84,4,1310519,1,0
84,5,1435353,1,0
84,6,1589690,1,0
84,7,1689265,1,0
84,8,1340558,1,0
84,9,1244957,1,0
84,10,1236664,1,0
84,11,1533995,1,0
84,12,1513828,1,0
84,13,1559180,1,0
84,14,1857276,1,0
84,15,2118947,1,0
84,16,1878152,1,0
84,17,1556824,1,0
84,18,1608914,1,0
84,19,1191715,1,0
84,20,1171372,1,0
84,21,1137780,1,0
84,22,1113707,1,0
84,23,1148910,1,0
84,24,1653534,1,0
84,25,1296158,1,0
84,26,1109867,1,0
84,27,1154598,1,0
84,28,1092999,1,0
84,29,1080156,1,0
84,30,1131267,1,0
84,31,1273225,1,0
84,32,1086532,1,0
84,33,1105489,1,0
84,34,1075145,1,0
84,35,1230925,1,0
84,36,1072828,1,0
84,37,1053189,1,0
84,38,1053870,1,0
84,39,1202135,1,0
84,40,1013500,1,0
84,41,1042055,1,0
84,42,1089239,1,0
84,43,1222154,1,0
84,44,1068465,1,0
84,45,1063320,1,0
84,46,1036247,1,0
84,47,1335664,1,0
84,48,1037905,1,0
84,49,1061577,1,0
84,50,1164206,1,0
84,51,1239152,1,0
84,52,1093499,1,0
84,53,1111242,1,0
84,54,1069154,1,0
84,55,1184846,1,0
84,56,1110387,1,0
84,57,1088077,1,0
84,58,1031354,1,0
84,59,1227314,1,0
85,0,445921,1,0
85,1,972912,1,0
85,2,1401933,1,0
85,3,1316815,1,0
85,4,1312311,1,0
85,5,1435833,1,0
85,6,1593382,1,0
85,7,1687292,1,0
85,8,1338682,1,0
85,9,1247027,1,0
85,10,1236879,1,0
85,11,1535657,1,0
85,12,1510466,1,0
85,13,1563750,1,0
85,14,1858714,1,0
85,15,2116152,1,0
85,16,1886946,1,0
85,17,1545435,1,0
85,18,1605713,1,0
85,19,1204112,1,0
85,20,1159589,1,0
85,21,1137235,1,0
85,22,1113681,1,0
85,23,1148177,1,0
85,24,1654082,1,0
85,25,1297263,1,0
85,26,1107752,1,0
85,27,1156925,1,0
85,28,1092411,1,0
85,29,1079943,1,0
85,30,1131041,1,0
85,31,1272543,1,0
85,32,1088021,1,0
85,33,1107662,1,0
85,34,1069883,1,0
85,35,1231519,1,0
85,36,1074048,1,0
85,37,1053482,1,0
85,38,1052156,1,0
85,39,1204074,1,0
85,40,1012153,1,0
85,41,1043502,1,0
85,42,1087840,1,0
85,43,1224835,1,0
85,44,1066913,1,0
85,45,1063299,1,0
85,46,1035910,1,0
85,47,1336872,1,0
85,48,1035407,1,0
85,49,1063709,1,0
85,50,1163029,1,0
85,51,1238100,1,0
85,52,1095514,1,0
85,53,1112463,1,0
85,54,1066402,1,0
85,55,1186600,1,0
85,56,1110455,1,0
85,57,1087049,1,0
85,58,1031469,1,0
85,59,1226823,1,0
86,0,450627,1,0
86,1,979512,1,0
86,2,1405201,1,0
86,3,1317865,1,0
86,4,1310438,1,0
86,5,1436220,1,0
86,6,1594865,1,0
86,7,1687401,1,0
86,8,1334893,1,0
86,9,1248804,1,0
86,10,1238557,1,0
86,11,1534849,1,0
86,12,1510193,1,0
86,13,1567791,1,0
86,14,1862194,1,0
86,15,2117761,1,0
86,16,1876909,1,0
86,17,1545415,1,0
86,18,1604846,1,0
86,19,1204198,1,0
86,20,1157468,1,0
86,21,1139191,1,0
86,22,1112687,1,0
86,23,1148171,1,0
86,24,1655473,1,0
86,25,1295622,1,0
86,26,1106662,1,0
86,27,1158766,1,0
86,28,1090619,1,0
86,29,1083393,1,0
86,30,1129143,1,0
86,31,1271787,1,0
86,32,1087708,1,0
86,33,1109379,1,0
86,34,1069046,1,0
86,35,1232364,1,0
86,36,1073124,1,0
86,37,1052809,1,0
86,38,1053985,1,0
86,39,1203502,1,0
86,40,1011810,1,0
86,41,1045150,1,0
86,42,1084543,1,0
86,43,1228327,1,0
86,44,1067159,1,0
86,45,1062151,1,0
86,46,1036819,1,0
86,47,1334405,1,0
86,48,1035582,1,0
86,49,1063560,1,0
86,50,1165395,1,0
86,51,1236949,1,0
86,52,1098118,1,0
86,53,1109328,1,0
86,54,1065300,1,0
86,55,1188595,1,0
86,56,1108035,1,0
86,57,1088156,1,0
86,58,1032985,1,0
86,59,1241873,1,0
87,0,453315,1,0
87,1,983072,1,0
87,2,1407519,1,0
87,3,1318925,1,0
87,4,1309946,1,0
87,5,1435516,1,0
87,6,1596408,1,0
87,7,1689138,1,0
87,8,1331220,1,0
87,9,1249854,1,0
87,10,1236658,1,0
87,11,1537200,1,0
87,12,1509852,1,0
87,13,1572007,1,0
87,14,1861413,1,0
87,15,2130083,1,0
87,16,1860956,1,0
87,17,1546245,1,0
87,18,1599854,1,0
87,19,1211660,1,0
87,20,1151208,1,0
87,21,1140980,1,0
87,22,1113024,1,0
87,23,1145856,1,0
87,24,1658524,1,0
87,25,1293856,1,0
87,26,1108398,1,0
87,27,1160187,1,0
87,28,1087015,1,0
87,29,1085230,1,0
87,30,1141999,1,0
87,31,1259130,1,0
87,32,1085495,1,0
87,33,1109971,1,0
87,34,1066855,1,0
87,35,1232823,1,0
87,36,1075211,1,0
87,37,1052355,1,0
87,38,1054288,1,0
87,39,1203220,1,0
87,40,1010920,1,0
87,41,1046829,1,0
87,42,1084977,1,0
87,43,1228022,1,0
87,44,1065844,1,0
87,45,1061485,1,0
87,46,1037280,1,0
87,47,1346020,1,0
87,48,1024052,1,0
87,49,1065759,1,0
87,50,1163714,1,0
87,51,1236623,1,0
87,52,1100107,1,0
87,53,1107143,1,0
87,54,1065616,1,0
87,55,1188790,1,0
87,56,1109910,1,0
87,57,1085179,1,0
87,58,1033091,1,0
87,59,1243345,1,0
88,0,456581,1,0
88,1,986086,1,0
88,2,1411030,1,0
88,3,1316784,1,0
88,4,1311029,1,0
88,5,1436544,1,0
88,6,1596626,1,0
88,7,1695103,1,0
88,8,1323895,1,0
88,9,1252635,1,0
88,10,1231900,1,0
88,11,1540414,1,0
88,12,1509684,1,0
88,13,1577339,1,0
88,14,1860176,1,0
88,15,2133008,1,0
88,16,1852486,1,0
88,17,1547798,1,0
88,18,1597975,1,0
88,19,1226249,1,0
88,20,1141165,1,0
88,21,1135814,1,0
88,22,1114233,1,0
88,23,1143682,1,0
88,24,1659236,1,0
88,25,1292693,1,0
88,26,1109206,1,0
88,27,1162857,1,0
88,28,1083389,1,0
88,29,1086561,1,0
88,30,1142227,1,0
88,31,1258808,1,0
88,32,1084575,1,0
88,33,1111282,1,0
88,34,1066347,1,0
88,35,1235363,1,0
88,36,1074631,1,0
88,37,1050732,1,0
88,38,1052962,1,0
88,39,1203439,1,0
88,40,1011737,1,0
88,41,1048668,1,0
88,42,1083245,1,0
88,43,1229920,1,0
88,44,1062737,1,0
88,45,1064571,1,0
88,46,1034994,1,0
88,47,1349115,1,0
88,48,1019695,1,0
88,49,1067904,1,0
88,50,1164712,1,0
88,51,1235601,1,0
88,52,1102355,1,0
88,53,1104468,1,0
88,54,1064748,1,0
88,55,1189279,1,0
88,56,1111008,1,0
88,57,1082911,1,0
88,58,1035010,1,0
88,59,1243247,1,0
89,0,467555,1,0
89,1,990344,1,0
89,2,1417205,1,0
89,3,1312623,1,0
89,4,1310238,1,0
89,5,1438156,1,0
89,6,1598535,1,0
89,7,1694931,1,0
89,8,1321327,1,0
89,9,1253626,1,0
89,10,1230470,1,0
89,11,1541335,1,0
89,12,1510287,1,0
89,13,1584796,1,0
89,14,1855926,1,0
89,15,2135360,1,0
89,16,1853287,1,0
89,17,1540722,1,0
89,18,1599807,1,0
89,19,1223168,1,0
89,20,1143749,1,0
89,21,1133294,1,0
89,22,1115088,1,0
89,23,1144354,1,0
89,24,1657705,1,0
89,25,1292588,1,0
89,26,1107951,1,0
89,27,1164629,1,0
89,28,1083370,1,0
89,29,1085033,1,0
89,30,1155838,1,0
89,31,1245715,1,0
89,32,1082265,1,0
89,33,1113994,1,0
89,34,1069282,1,0
89,35,1231877,1,0
89,36,1075464,1,0
89,37,1049785,1,0
89,38,1051740,1,0
89,39,1204606,1,0
89,40,1012193,1,0
89,41,1049134,1,0
89,42,1081558,1,0
89,43,1234764,1,0
89,44,1057696,1,0
89,45,1066186,1,0
89,46,1033920,1,0
89,47,1350698,1,0
89,48,1017787,1,0
89,49,1068164,1,0
89,50,1167005,1,0
89,51,1234178,1,0
89,52,1103271,1,0
89,53,1104028,1,0
89,54,1064384,1,0
89,55,1189153,1,0
89,56,1110378,1,0
89,57,1083958,1,0
89,58,1033558,1,0
89,59,1246669,1,0
90,0,473492,1,0
90,1,994626,1,0
90,2,1429773,1,0
90,3,1301894,1,0
90,4,1312701,1,0
90,5,1439421,1,0
90,6,1599058,1,0
90,7,1692236,1,0
90,8,1321006,1,0
90,9,1252754,1,0
90,10,1227179,1,0
90,11,1546139,1,0
90,12,1508438,1,0
90,13,1592208,1,0
90,14,1855536,1,0
90,15,2134553,1,0
90,16,1847397,1,0
90,17,1541389,1,0
90,18,1598559,1,0
90,19,1222044,1,0
90,20,1144817,1,0
90,21,1133195,1,0
90,22,1114256,1,0
90,23,1145902,1,0
90,24,1655492,1,0
90,25,1294689,1,0
90,26,1107089,1,0
90,27,1168704,1,0
90,28,1078818,1,0
90,29,1085678,1,0
90,30,1154541,1,0
90,31,1246313,1,0
90,32,1081404,1,0
90,33,1116209,1,0
90,34,1068240,1,0
90,35,1229518,1,0
90,36,1076822,1,0
90,37,1050838,1,0
90,38,1051953,1,0
90,39,1203816,1,0
90,40,1011907,1,0
90,41,1049116,1,0
90,42,1081698,1,0
90,43,1236557,1,0
90,44,1057924,1,0
90,45,1064648,1,0
90,46,1034482,1,0
90,47,1351080,1,0
90,48,1016972,1,0
90,49,1067051,1,0
90,50,1169150,1,0
90,51,1233486,1,0
90,52,1102231,1,0
90,53,1103166,1,0
90,54,1064907,1,0
90,55,1190653,1,0
90,56,1109198,1,0
90,57,1083597,1,0
90,58,1034269,1,0
90,59,1261097,1,0
91,0,477602,1,0
91,1,999360,1,0
91,2,1433578,1,0
91,3,1301979,1,0
91,4,1310304,1,0
91,5,1442468,1,0
91,6,1599180,1,0
91,7,1690920,1,0
91,8,1318969,1,0
91,9,1253647,1,0
91,10,1223680,1,0
91,11,1556293,1,0
91,12,1506353,1,0
91,13,1591684,1,0
91,14,1857247,1,0
91,15,2138074,1,0
91,16,1839328,1,0
91,17,1538098,1,0
91,18,1600880,1,0
91,19,1219525,1,0
91,20,1146878,1,0
91,21,1132567,1,0
91,22,1116297,1,0
91,23,1147177,1,0
91,24,1651181,1,0
91,25,1293193,1,0
91,26,1108386,1,0
91,27,1170142,1,0
91,28,1075803,1,0
91,29,1085385,1,0
91,30,1157224,1,0
91,31,1248311,1,0
91,32,1078898,1,0
91,33,1116047,1,0
91,34,1067787,1,0
91,35,1229021,1,0
91,36,1077640,1,0
91,37,1051757,1,0
91,38,1050952,1,0
91,39,1204331,1,0
91,40,1010053,1,0
91,41,1052564,1,0
91,42,1079238,1,0
91,43,1239762,1,0
91,44,1055690,1,0
91,45,1065027,1,0
91,46,1033494,1,0
91,47,1352115,1,0
91,48,1016134,1,0
91,49,1067818,1,0
91,50,1170617,1,0
91,51,1231361,1,0
91,52,1104770,1,0
91,53,1101453,1,0
91,54,1064229,1,0
91,55,1190672,1,0
91,56,1110161,1,0
91,57,1082027,1,0
91,58,1034349,1,0
91,59,1262809,1,0
92,0,480532,1,0
92,1,1002571,1,0
92,2,1434012,1,0
92,3,1301699,1,0
92,4,1309567,1,0
92,5,1443316,1,0
92,6,1602354,1,0
92,7,1689305,1,0
92,8,1316544,1,0
92,9,1253509,1,0
92,10,1222546,1,0
92,11,1564425,1,0
92,12,1501014,1,0
92,13,1594410,1,0
92,14,1856668,1,0
92,15,2144893,1,0
92,16,1829829,1,0
92,17,1538419,1,0
92,18,1599422,1,0
92,19,1218928,1,0
92,20,1149190,1,0
92,21,1130997,1,0
92,22,1116653,1,0
92,23,1146361,1,0
92,24,1651732,1,0
92,25,1291501,1,0
92,26,1108505,1,0
92,27,1169854,1,0
92,28,1074384,1,0
92,29,1088686,1,0
92,30,1169492,1,0
92,31,1235451,1,0
92,32,1078180,1,0
92,33,1116728,1,0
92,34,1066423,1,0
92,35,1228320,1,0
92,36,1077918,1,0
92,37,1051561,1,0
92,38,1050984,1,0
92,39,1205791,1,0
92,40,1009924,1,0
92,41,1053148,1,0
92,42,1077573,1,0
92,43,1240534,1,0
92,44,1056333,1,0
92,45,1064336,1,0
92,46,1033472,1,0
92,47,1356352,1,0
92,48,1010492,1,0
92,49,1068984,1,0
92,50,1172046,1,0
92,51,1229937,1,0
92,52,1107122,1,0
92,53,1099379,1,0
92,54,1062939,1,0
92,55,1191221,1,0
92,56,1111932,1,0
92,57,1079725,1,0
92,58,1035148,1,0
92,59,1264794,1,0
93,0,488086,1,0
93,1,1005906,1,0
93,2,1433795,1,0
93,3,1301820,1,0
93,4,1309401,1,0
93,5,1443025,1,0
93,6,1606830,1,0
93,7,1685486,1,0
93,8,1315871,1,0
93,9,1256268,1,0
93,10,1219592,1,0
93,11,1570614,1,0
93,12,1494143,1,0
93,13,1600676,1,0
93,14,1863205,1,0
93,15,2137823,1,0
93,16,1827642,1,0
93,17,1535127,1,0
93,18,1598743,1,0
93,19,1218004,1,0
93,20,1151087,1,0
93,21,1131337,1,0
93,22,1117644,1,0
93,23,1144925,1,0
93,24,1649021,1,0
93,25,1291073,1,0
93,26,1110952,1,0
93,27,1170197,1,0
93,28,1094123,1,0
93,29,1068711,1,0
93,30,1169324,1,0
93,31,1234655,1,0
93,32,1079030,1,0
93,33,1114921,1,0
93,34,1066087,1,0
93,35,1228450,1,0
93,36,1078364,1,0
93,37,1052202,1,0
93,38,1049245,1,0
93,39,1206440,1,0
93,40,1008696,1,0
93,41,1054348,1,0
93,42,1076921,1,0
93,43,1243251,1,0
93,44,1055966,1,0
93,45,1065661,1,0
93,46,1033120,1,0
93,47,1354770,1,0
93,48,1008728,1,0
93,49,1071368,1,0
93,50,1171752,1,0
93,51,1229447,1,0
93,52,1108420,1,0
93,53,1100456,1,0
93,54,1059214,1,0
93,55,1192982,1,0
93,56,1116787,1,0
93,57,1073034,1,0
93,58,1036766,1,0
93,59,1266164,1,0
94,0,496614,1,0
94,1,1008412,1,0
94,2,1434341,1,0
94,3,1303551,1,0
94,4,1310342,1,0
94,5,1447181,1,0
94,6,1605391,1,0
94,7,1679273,1,0
94,8,1317514,1,0
94,9,1254857,1,0
94,10,1217632,1,0
94,11,1578348,1,0
94,12,1489933,1,0
94,13,1604998,1,0
94,14,1865462,1,0
94,15,2134033,1,0
94,16,1831031,1,0
94,17,1524929,1,0
94,18,1600425,1,0
94,19,1216633,1,0
94,20,1151509,1,0
94,21,1131914,1,0
94,22,1119225,1,0
94,23,1143434,1,0
94,24,1647635,1,0
94,25,1291485,1,0
94,26,1110239,1,0
94,27,1171951,1,0
94,28,1092174,1,0
94,29,1069843,1,0
94,30,1185297,1,0
94,31,1220436,1,0
94,32,1075817,1,0
94,33,1119440,1,0
94,34,1063367,1,0
94,35,1229006,1,0
94,36,1078330,1,0
94,37,1052127,1,0
94,38,1048618,1,0
94,39,1207140,1,0
94,40,1007519,1,0
94,41,1054478,1,0
94,42,1077305,1,0
94,43,1243121,1,0
94,44,1054620,1,0
94,45,1067830,1,0
94,46,1033988,1,0
94,47,1359599,1,0
94,48,1001794,1,0
94,49,1072105,1,0
94,50,1172385,1,0
94,51,1227595,1,0
94,52,1110788,1,0
94,53,1097939,1,0
94,54,1058467,1,0
94,55,1195818,1,0
94,56,1115655,1,0
94,57,1072907,1,0
94,58,1035670,1,0
94,59,1268401,1,0
95,0,502065,1,0
95,1,1012989,1,0
95,2,1433646,1,0
95,3,1304240,1,0
95,4,1307610,1,0
95,5,1456901,1,0
95,6,1598967,1,0
95,7,1677012,1,0
95,8,1318545,1,0
95,9,1252960,1,0
95,10,1217803,1,0
95,11,1580531,1,0
95,12,1491052,1,0
95,13,1613527,1,0
95,14,1858240,1,0
95,15,2136517,1,0
95,16,1833829,1,0
95,17,1522817,1,0
95,18,1592175,1,0
95,19,1215163,1,0
95,20,1151563,1,0
95,21,1132395,1,0
95,22,1121722,1,0
95,23,1145041,1,0
95,24,1642226,1,0
95,25,1290933,1,0
95,26,1113018,1,0
95,27,1171072,1,0
95,28,1092040,1,0
95,29,1069129,1,0
95,30,1185960,1,0
95,31,1220009,1,0
95,32,1076262,1,0
95,33,1120154,1,0
95,34,1062816,1,0
95,35,1228881,1,0
95,36,1076905,1,0
95,37,1052678,1,0
95,38,1048372,1,0
95,39,1207173,1,0
95,40,1006906,1,0
95,41,1064026,1,0
95,42,1068236,1,0
95,43,1245376,1,0
95,44,1054151,1,0
95,45,1065778,1,0
95,46,1035540,1,0
95,47,1361628,1,0
95,48,998246,1,0
95,49,1072430,1,0
95,50,1174873,1,0
95,51,1224201,1,0
95,52,1117775,1,0
95,53,1093228,1,0
95,54,1056394,1,0
95,55,1196600,1,0
95,56,1115648,1,0
95,57,1073734,1,0
95,58,1034046,1,0
95,59,1281486,1,0
96,0,513032,1,0
96,1,1017576,1,0
96,2,1432637,1,0
96,3,1304990,1,0
96,4,1306584,1,0
96,5,1459241,1,0
96,6,1599549,1,0
96,7,1674399,1,0
96,8,1317810,1,0
96,9,1253465,1,0
96,10,1224373,1,0
96,11,1574776,1,0
96,12,1486886,1,0
96,13,1622293,1,0
96,14,1854521,1,0
96,15,2140633,1,0
96,16,1834369,1,0
96,17,1538764,1,0
96,18,1567473,1,0
96,19,1216515,1,0
96,20,1148573,1,0
96,21,1134443,1,0
96,22,1133273,1,0
96,23,1136922,1,0
96,24,1639472,1,0
96,25,1289329,1,0
96,26,1114294,1,0
96,27,1172958,1,0
96,28,1088046,1,0
96,29,1071394,1,0
96,30,1183986,1,0
96,31,1219429,1,0
96,32,1076515,1,0
96,33,1119706,1,0
96,34,1063051,1,0
96,35,1228598,1,0
96,36,1078814,1,0
96,37,1052067,1,0
96,38,1048723,1,0
96,39,1207272,1,0
96,40,1005273,1,0
96,41,1064232,1,0
96,42,1070589,1,0
96,43,1243993,1,0
96,44,1052792,1,0
96,45,1067958,1,0
96,46,1036434,1,0
96,47,1360703,1,0
96,48,997138,1,0
96,49,1075260,1,0
96,50,1172899,1,0
96,51,1223662,1,0
96,52,1118929,1,0
96,53,1091162,1,0
96,54,1058895,1,0
96,55,1195503,1,0
96,56,1116404,1,0
96,57,1072546,1,0
96,58,1033039,1,0
96,59,1281953,1,0
97,0,518137,1,0
97,1,1021600,1,0
97,2,1434069,1,0
97,3,1301962,1,0
97,4,1307165,1,0
97,5,1459460,1,0
97,6,1601059,1,0
97,7,1671068,1,0
97,8,1319500,1,0
97,9,1251073,1,0
97,10,1225950,1,0
97,11,1581304,1,0
97,12,1480637,1,0
97,13,1626931,1,0
97,14,1850678,1,0
97,15,2154291,1,0
97,16,1839184,1,0
97,17,1532262,1,0
97,18,1553123,1,0
97,19,1214225,1,0
97,20,1150850,1,0
97,21,1134552,1,0
97,22,1140323,1,0
97,23,1140675,1,0
97,24,1628039,1,0
97,25,1287546,1,0
97,26,1118387,1,0
97,27,1170782,1,0
97,28,1088660,1,0
97,29,1069655,1,0
97,30,1184952,1,0
97,31,1219065,1,0
97,32,1076431,1,0
97,33,1121628,1,0
97,34,1061996,1,0
97,35,1228910,1,0
97,36,1080769,1,0
97,37,1048029,1,0
97,38,1050789,1,0
97,39,1207932,1,0
97,40,1003563,1,0
97,41,1065232,1,0
97,42,1069085,1,0
97,43,1246066,1,0
97,44,1051505,1,0
97,45,1068112,1,0
97,46,1037293,1,0
97,47,1361688,1,0
97,48,993408,1,0
97,49,1077102,1,0
97,50,1172552,1,0
97,51,1224170,1,0
97,52,1120994,1,0
97,53,1088264,1,0
97,54,1058127,1,0
97,55,1198119,1,0
97,56,1116488,1,0
97,57,1071336,1,0
97,58,1033527,1,0
97,59,1280735,1,0
98,0,521635,1,0
98,1,1024927,1,0
98,2,1437351,1,0
98,3,1298154,1,0
98,4,1309231,1,0
98,5,1458912,1,0
98,6,1602317,1,0
98,7,1667063,1,0
98,8,1319299,1,0
98,9,1251604,1,0
98,10,1230977,1,0
98,11,1583647,1,0
98,12,1474266,1,0
98,13,1636522,1,0
98,14,1855979,1,0
98,15,2148808,1,0
98,16,1835407,1,0
98,17,1526498,1,0
98,18,1549698,1,0
98,19,1215851,1,0
98,20,1152261,1,0
98,21,1134225,1,0
98,22,1141790,1,0
98,23,1140626,1,0
98,24,1625582,1,0
98,25,1285107,1,0
98,26,1121730,1,0
98,27,1169815,1,0
98,28,1089468,1,0
98,29,1070401,1,0
98,30,1213301,1,0
98,31,1187889,1,0
98,32,1075988,1,0
98,33,1123314,1,0
98,34,1059874,1,0
98,35,1229935,1,0
98,36,1081724,1,0
98,37,1048356,1,0
98,38,1048920,1,0
98,39,1209489,1,0
98,40,1003053,1,0
98,41,1066488,1,0
98,42,1066883,1,0
98,43,1249133,1,0
98,44,1048357,1,0
98,45,1067583,1,0
98,46,1037547,1,0
98,47,1363946,1,0
98,48,991658,1,0
98,49,1079076,1,0
98,50,1172242,1,0
98,51,1223524,1,0
98,52,1124641,1,0
98,53,1084119,1,0
98,54,1057724,1,0
98,55,1201209,1,0
98,56,1113336,1,0
98,57,1073872,1,0
98,58,1031788,1,0
98,59,1284742,1,0
99,0,525740,1,0
99,1,1028978,1,0
99,2,1438207,1,0
99,3,1296339,1,0
99,4,1309359,1,0
99,5,1470030,1,0
99,6,1595492,1,0
99,7,1661903,1,0
99,8,1320874,1,0
99,9,1250479,1,0
99,10,1230150,1,0
99,11,1588468,1,0
99,12,1470903,1,0
99,13,1645453,1,0
99,14,1848415,1,0
99,15,2154415,1,0
99,16,1835767,1,0
99,17,1519372,1,0
99,18,1547663,1,0
99,19,1216579,1,0
99,20,1150879,1,0
99,21,1134147,1,0
99,22,1147761,1,0
99,23,1135445,1,0
99,24,1624044,1,0
99,25,1284434,1,0
99,26,1123887,1,0
99,27,1168633,1,0
99,28,1093099,1,0
99,29,1065078,1,0
99,30,1215621,1,0
99,31,1189649,1,0
99,32,1073045,1,0
99,33,1125145,1,0
99,34,1059460,1,0
99,35,1229412,1,0
99,36,1081596,1,0
99,37,1047240,1,0
99,38,1050866,1,0
99,39,1209483,1,0
99,40,1002174,1,0
99,41,1066936,1,0
99,42,1065479,1,0
99,43,1251302,1,0
99,44,1048499,1,0
99,45,1064922,1,0
99,46,1040167,1,0
99,47,1363280,1,0
99,48,991439,1,0
99,49,1079021,1,0
99,50,1173887,1,0
99,51,1220245,1,0
99,52,1126606,1,0
99,53,1083964,1,0
99,54,1056710,1,0
99,55,1208591,1,0
99,56,1107748,1,0
99,57,1074810,1,0
99,58,1034543,1,0
99,59,1281200,1,0
