worker_id,sequence,latency_us,success,status_code
0,0,1142540,1,0
0,1,1329109,1,0
0,2,1179917,1,0
0,3,1140949,1,0
0,4,1083871,1,0
0,5,1131237,1,0
0,6,1113985,1,0
0,7,1108526,1,0
0,8,1091305,1,0
0,9,1102734,1,0
0,10,1129467,1,0
0,11,1092156,1,0
0,12,1176121,1,0
0,13,1084712,1,0
0,14,1128533,1,0
0,15,1093187,1,0
0,16,1117755,1,0
0,17,1411391,1,0
0,18,1656571,1,0
0,19,1174731,1,0
0,20,1224244,1,0
0,21,1101164,1,0
0,22,1119944,1,0
0,23,1124794,1,0
0,24,1141126,1,0
0,25,1106642,1,0
0,26,1113803,1,0
0,27,1114141,1,0
0,28,1503167,1,0
0,29,1448650,1,0
0,30,1256344,1,0
0,31,1261322,1,0
0,32,1336061,1,0
0,33,1284404,1,0
0,34,1335477,1,0
0,35,1188469,1,0
0,36,1073189,1,0
0,37,1160155,1,0
0,38,1189797,1,0
0,39,1194448,1,0
0,40,1315918,1,0
0,41,1395010,1,0
0,42,1436543,1,0
0,43,1332528,1,0
0,44,1393243,1,0
0,45,1113292,1,0
0,46,1144787,1,0
0,47,1079423,1,0
0,48,1268212,1,0
0,49,1189193,1,0
0,50,1093037,1,0
0,51,1090152,1,0
0,52,1085212,1,0
0,53,1238457,1,0
0,54,1060329,1,0
0,55,1058680,1,0
0,56,1056223,1,0
0,57,1225443,1,0
0,58,1106489,1,0
0,59,1131290,1,0
1,0,1075668,1,0
1,1,1347714,1,0
1,2,1185889,1,0
1,3,1140074,1,0
1,4,1085047,1,0
1,5,1131189,1,0
1,6,1109078,1,0
1,7,1111706,1,0
1,8,1092387,1,0
1,9,1106614,1,0
1,10,1121848,1,0
1,11,1094986,1,0
1,12,1176041,1,0
1,13,1082341,1,0
1,14,1128213,1,0
1,15,1094265,1,0
1,16,1118926,1,0
1,17,1404502,1,0
1,18,1663816,1,0
1,19,1171157,1,0
1,20,1223126,1,0
1,21,1108950,1,0
1,22,1118543,1,0
1,23,1126257,1,0
1,24,1134696,1,0
1,25,1102976,1,0
1,26,1119940,1,0
1,27,1118243,1,0
1,28,1486577,1,0
1,29,1451316,1,0
1,30,1267809,1,0
1,31,1260723,1,0
1,32,1324319,1,0
1,33,1284050,1,0
1,34,1335994,1,0
1,35,1199062,1,0
1,36,1076288,1,0
1,37,1149123,1,0
1,38,1203048,1,0
1,39,1179098,1,0
1,40,1319917,1,0
1,41,1392809,1,0
1,42,1439732,1,0
1,43,1326833,1,0
1,44,1394053,1,0
1,45,1124626,1,0
1,46,1142491,1,0
1,47,1084364,1,0
1,48,1253751,1,0
1,49,1200198,1,0
1,50,1087803,1,0
1,51,1094285,1,0
1,52,1080559,1,0
1,53,1243800,1,0
1,54,1060803,1,0
1,55,1064343,1,0
1,56,1053249,1,0
1,57,1223509,1,0
1,58,1109084,1,0
1,59,1127637,1,0
2,0,1100275,1,0
2,1,1334662,1,0
2,2,1186330,1,0
2,3,1140453,1,0
2,4,1084154,1,0
2,5,1129633,1,0
2,6,1111805,1,0
2,7,1110405,1,0
2,8,1092351,1,0
2,9,1104606,1,0
2,10,1123764,1,0
2,11,1096159,1,0
2,12,1175278,1,0
2,13,1081318,1,0
2,14,1128810,1,0
2,15,1094502,1,0
2,16,1119893,1,0
2,17,1403668,1,0
2,18,1663483,1,0
2,19,1173739,1,0
2,20,1220895,1,0
2,21,1108370,1,0
2,22,1118283,1,0
2,23,1127579,1,0
2,24,1137651,1,0
2,25,1098861,1,0
2,26,1119628,1,0
2,27,1119455,1,0
2,28,1484795,1,0
2,29,1451324,1,0
2,30,1268557,1,0
2,31,1260745,1,0
2,32,1323777,1,0
2,33,1287756,1,0
2,34,1347072,1,0
2,35,1184898,1,0
2,36,1076163,1,0
2,37,1154635,1,0
2,38,1197625,1,0
2,39,1177989,1,0
2,40,1321325,1,0
2,41,1393731,1,0
2,42,1438166,1,0
2,43,1327732,1,0
2,44,1396154,1,0
2,45,1122340,1,0
2,46,1141625,1,0
2,47,1083912,1,0
2,48,1254706,1,0
2,49,1200493,1,0
2,50,1088049,1,0
2,51,1094376,1,0
2,52,1079685,1,0
2,53,1246407,1,0
2,54,1059296,1,0
2,55,1063791,1,0
2,56,1052918,1,0
2,57,1223415,1,0
2,58,1108474,1,0
2,59,1128033,1,0
3,0,1484190,1,0
3,1,1283713,1,0
3,2,1170495,1,0
3,3,1112139,1,0
3,4,1101296,1,0
3,5,1117788,1,0
3,6,1107605,1,0
3,7,1102320,1,0
3,8,1118322,1,0
3,9,1100786,1,0
3,10,1124981,1,0
3,11,1108299,1,0
3,12,1138972,1,0
3,13,1117799,1,0
3,14,1104672,1,0
3,15,1090347,1,0
3,16,1213879,1,0
3,17,1632925,1,0
3,18,1356057,1,0
3,19,1181551,1,0
3,20,1218280,1,0
3,21,1105472,1,0
3,22,1098168,1,0
3,23,1130186,1,0
3,24,1138671,1,0
3,25,1117821,1,0
3,26,1100714,1,0
3,27,1239532,1,0
3,28,1483330,1,0
3,29,1378467,1,0
3,30,1334756,1,0
3,31,1161597,1,0
3,32,1378647,1,0
3,33,1281970,1,0
3,34,1349524,1,0
3,35,1105060,1,0
3,36,1085595,1,0
3,37,1170207,1,0
3,38,1207568,1,0
3,39,1223847,1,0
3,40,1312307,1,0
3,41,1444121,1,0
3,42,1395332,1,0
3,43,1376526,1,0
3,44,1325884,1,0
3,45,1067961,1,0
3,46,1174576,1,0
3,47,1091909,1,0
3,48,1304424,1,0
3,49,1138881,1,0
3,50,1078723,1,0
3,51,1093146,1,0
3,52,1152384,1,0
3,53,1163555,1,0
3,54,1057998,1,0
3,55,1060558,1,0
3,56,1098203,1,0
3,57,1193717,1,0
3,58,1096547,1,0
3,59,1192926,1,0
4,0,1063317,1,0
4,1,1349411,1,0
4,2,1184994,1,0
4,3,1140238,1,0
4,4,1087196,1,0
4,5,1129835,1,0
4,6,1110227,1,0
4,7,1110192,1,0
4,8,1091435,1,0
4,9,1107712,1,0
4,10,1119472,1,0
4,11,1097269,1,0
4,12,1175604,1,0
4,13,1082746,1,0
4,14,1127724,1,0
4,15,1093360,1,0
4,16,1120075,1,0
4,17,1404137,1,0
4,18,1663542,1,0
4,19,1169189,1,0
4,20,1223576,1,0
4,21,1112179,1,0
4,22,1118234,1,0
4,23,1125769,1,0
4,24,1134418,1,0
4,25,1103668,1,0
4,26,1119686,1,0
4,27,1119688,1,0
4,28,1484810,1,0
4,29,1451206,1,0
4,30,1265596,1,0
4,31,1264055,1,0
4,32,1325235,1,0
4,33,1268602,1,0
4,34,1350062,1,0
4,35,1195871,1,0
4,36,1081615,1,0
4,37,1147094,1,0
4,38,1203089,1,0
4,39,1179662,1,0
4,40,1319580,1,0
4,41,1387188,1,0
4,42,1433682,1,0
4,43,1329245,1,0
4,44,1402129,1,0
4,45,1126411,1,0
4,46,1140641,1,0
4,47,1084290,1,0
4,48,1254329,1,0
4,49,1200517,1,0
4,50,1086419,1,0
4,51,1094536,1,0
4,52,1080395,1,0
4,53,1245991,1,0
4,54,1060967,1,0
4,55,1061439,1,0
4,56,1055621,1,0
4,57,1218168,1,0
4,58,1114978,1,0
4,59,1127329,1,0
5,0,1020183,1,0
5,1,1360448,1,0
5,2,1187119,1,0
5,3,1140018,1,0
5,4,1084879,1,0
5,5,1130634,1,0
5,6,1107812,1,0
5,7,1112779,1,0
5,8,1093253,1,0
5,9,1109433,1,0
5,10,1116922,1,0
5,11,1094771,1,0
5,12,1172351,1,0
5,13,1084036,1,0
5,14,1132524,1,0
5,15,1090300,1,0
5,16,1122435,1,0
5,17,1395723,1,0
5,18,1670538,1,0
5,19,1170197,1,0
5,20,1214405,1,0
5,21,1122569,1,0
5,22,1116374,1,0
5,23,1126680,1,0
5,24,1119497,1,0
5,25,1118921,1,0
5,26,1113163,1,0
5,27,1126892,1,0
5,28,1469940,1,0
5,29,1452866,1,0
5,30,1269561,1,0
5,31,1271563,1,0
5,32,1324659,1,0
5,33,1269575,1,0
5,34,1352928,1,0
5,35,1192045,1,0
5,36,1083747,1,0
5,37,1147815,1,0
5,38,1192884,1,0
5,39,1169125,1,0
5,40,1326970,1,0
5,41,1394707,1,0
5,42,1438274,1,0
5,43,1326481,1,0
5,44,1393730,1,0
5,45,1138343,1,0
5,46,1133810,1,0
5,47,1091312,1,0
5,48,1243922,1,0
5,49,1198036,1,0
5,50,1096642,1,0
5,51,1091765,1,0
5,52,1065849,1,0
5,53,1263615,1,0
5,54,1061632,1,0
5,55,1058083,1,0
5,56,1059335,1,0
5,57,1211463,1,0
5,58,1116780,1,0
5,59,1122863,1,0
6,0,1051037,1,0
6,1,1351089,1,0
6,2,1185700,1,0
6,3,1140080,1,0
6,4,1084791,1,0
6,5,1132589,1,0
6,6,1109675,1,0
6,7,1110117,1,0
6,8,1092780,1,0
6,9,1108065,1,0
6,10,1117917,1,0
6,11,1099056,1,0
6,12,1170799,1,0
6,13,1084493,1,0
6,14,1128998,1,0
6,15,1092172,1,0
6,16,1122089,1,0
6,17,1403781,1,0
6,18,1663475,1,0
6,19,1166635,1,0
6,20,1222187,1,0
6,21,1115213,1,0
6,22,1119198,1,0
6,23,1124704,1,0
6,24,1122789,1,0
6,25,1114806,1,0
6,26,1120511,1,0
6,27,1120698,1,0
6,28,1483803,1,0
6,29,1451861,1,0
6,30,1257783,1,0
6,31,1270744,1,0
6,32,1325729,1,0
6,33,1268641,1,0
6,34,1351084,1,0
6,35,1193887,1,0
6,36,1082416,1,0
6,37,1148211,1,0
6,38,1191598,1,0
6,39,1192489,1,0
6,40,1308185,1,0
6,41,1396640,1,0
6,42,1431466,1,0
6,43,1330194,1,0
6,44,1400406,1,0
6,45,1129829,1,0
6,46,1138863,1,0
6,47,1087689,1,0
6,48,1241808,1,0
6,49,1211780,1,0
6,50,1084080,1,0
6,51,1093454,1,0
6,52,1082710,1,0
6,53,1246162,1,0
6,54,1060208,1,0
6,55,1059438,1,0
6,56,1057307,1,0
6,57,1210981,1,0
6,58,1117762,1,0
6,59,1124447,1,0
7,0,230274,1,0
7,1,573456,1,0
7,2,894142,1,0
7,3,1017204,1,0
7,4,1107382,1,0
7,5,1114463,1,0
7,6,1104334,1,0
7,7,1109252,1,0
7,8,1103655,1,0
7,9,1117814,1,0
7,10,1099414,1,0
7,11,1124388,1,0
7,12,1119030,1,0
7,13,1126811,1,0
7,14,1122333,1,0
7,15,1105486,1,0
7,16,1088182,1,0
7,17,1233281,1,0
7,18,1717368,1,0
7,19,1256199,1,0
7,20,1181197,1,0
7,21,1215697,1,0
7,22,1107907,1,0
7,23,1102401,1,0
7,24,1128887,1,0
7,25,1140622,1,0
7,26,1110724,1,0
7,27,1097637,1,0
7,28,1265987,1,0
7,29,1468948,1,0
7,30,1387429,1,0
7,31,1332469,1,0
7,32,1146927,1,0
7,33,1389560,1,0
7,34,1295288,1,0
7,35,1341929,1,0
7,36,1085117,1,0
7,37,1085969,1,0
7,38,1169356,1,0
7,39,1215198,1,0
7,40,1223928,1,0
7,41,1326511,1,0
7,42,1456117,1,0
7,43,1373525,1,0
7,44,1384027,1,0
7,45,1307320,1,0
7,46,1068512,1,0
7,47,1171536,1,0
7,48,1106390,1,0
7,49,1315163,1,0
7,50,1120234,1,0
7,51,1075452,1,0
7,52,1092642,1,0
7,53,1177783,1,0
7,54,1132471,1,0
7,55,1062355,1,0
7,56,1065214,1,0
7,57,1096607,1,0
7,58,1190725,1,0
7,59,1109695,1,0
8,0,937412,1,0
8,1,1144033,1,0
8,2,1226902,1,0
8,3,1124058,1,0
8,4,1110406,1,0
8,5,1124235,1,0
8,6,1114689,1,0
8,7,1111676,1,0
8,8,1094694,1,0
8,9,1116644,1,0
8,10,1109963,1,0
8,11,1104698,1,0
8,12,1131310,1,0
8,13,1104642,1,0
8,14,1132084,1,0
8,15,1095533,1,0
8,16,1109505,1,0
8,17,1359267,1,0
8,18,1705608,1,0
8,19,1166222,1,0
8,20,1219988,1,0
8,21,1155003,1,0
8,22,1097169,1,0
8,23,1128729,1,0
8,24,1109303,1,0
8,25,1118930,1,0
8,26,1130578,1,0
8,27,1105081,1,0
8,28,1415648,1,0
8,29,1434460,1,0
8,30,1321904,1,0
8,31,1298906,1,0
8,32,1300545,1,0
8,33,1254572,1,0
8,34,1335212,1,0
8,35,1255428,1,0
8,36,1073937,1,0
8,37,1148389,1,0
8,38,1175087,1,0
8,39,1185997,1,0
8,40,1303953,1,0
8,41,1362111,1,0
8,42,1454278,1,0
8,43,1353004,1,0
8,44,1398158,1,0
8,45,1174637,1,0
8,46,1089595,1,0
8,47,1126502,1,0
8,48,1195081,1,0
8,49,1237926,1,0
8,50,1103776,1,0
8,51,1091761,1,0
8,52,1073441,1,0
8,53,1236177,1,0
8,54,1081155,1,0
8,55,1064036,1,0
8,56,1066413,1,0
8,57,1165412,1,0
8,58,1152406,1,0
8,59,1096696,1,0
9,0,997897,1,0
9,1,1154970,1,0
9,2,1228941,1,0
9,3,1122305,1,0
9,4,1109840,1,0
9,5,1127232,1,0
9,6,1112236,1,0
9,7,1112489,1,0
9,8,1093141,1,0
9,9,1116045,1,0
9,10,1109305,1,0
9,11,1104332,1,0
9,12,1136883,1,0
9,13,1102093,1,0
9,14,1131034,1,0
9,15,1096449,1,0
9,16,1111610,1,0
9,17,1364814,1,0
9,18,1698062,1,0
9,19,1165546,1,0
9,20,1219443,1,0
9,21,1153578,1,0
9,22,1099794,1,0
9,23,1128972,1,0
9,24,1107463,1,0
9,25,1120155,1,0
9,26,1133861,1,0
9,27,1101128,1,0
9,28,1429183,1,0
9,29,1420338,1,0
9,30,1322804,1,0
9,31,1298999,1,0
9,32,1299730,1,0
9,33,1254068,1,0
9,34,1335491,1,0
9,35,1254542,1,0
9,36,1075801,1,0
9,37,1148439,1,0
9,38,1172742,1,0
9,39,1191294,1,0
9,40,1301860,1,0
9,41,1371633,1,0
9,42,1451201,1,0
9,43,1350317,1,0
9,44,1393499,1,0
9,45,1171817,1,0
9,46,1093011,1,0
9,47,1123594,1,0
9,48,1211003,1,0
9,49,1224360,1,0
9,50,1103211,1,0
9,51,1093126,1,0
9,52,1072233,1,0
9,53,1237365,1,0
9,54,1078835,1,0
9,55,1065143,1,0
9,56,1065693,1,0
9,57,1166851,1,0
9,58,1153561,1,0
9,59,1095576,1,0
10,0,986541,1,0
10,1,783615,1,0
10,2,849290,1,0
10,3,1060514,1,0
10,4,1109457,1,0
10,5,1114436,1,0
10,6,1100373,1,0
10,7,1114033,1,0
10,8,1104575,1,0
10,9,1114324,1,0
10,10,1112949,1,0
10,11,1108734,1,0
10,12,1122116,1,0
10,13,1125155,1,0
10,14,1122368,1,0
10,15,1107396,1,0
10,16,1085189,1,0
10,17,1251117,1,0
10,18,1777270,1,0
10,19,1177269,1,0
10,20,1200503,1,0
10,21,1201699,1,0
10,22,1107445,1,0
10,23,1098742,1,0
10,24,1131788,1,0
10,25,1139003,1,0
10,26,1110721,1,0
10,27,1101317,1,0
10,28,1289122,1,0
10,29,1455581,1,0
10,30,1372578,1,0
10,31,1339707,1,0
10,32,1142504,1,0
10,33,1395054,1,0
10,34,1301704,1,0
10,35,1330981,1,0
10,36,1079834,1,0
10,37,1102583,1,0
10,38,1159436,1,0
10,39,1214049,1,0
10,40,1231908,1,0
10,41,1331087,1,0
10,42,1463351,1,0
10,43,1367279,1,0
10,44,1369146,1,0
10,45,1309284,1,0
10,46,1066648,1,0
10,47,1170314,1,0
10,48,1113902,1,0
10,49,1315557,1,0
10,50,1111317,1,0
10,51,1074874,1,0
10,52,1092351,1,0
10,53,1193121,1,0
10,54,1116809,1,0
10,55,1066012,1,0
10,56,1060495,1,0
10,57,1111555,1,0
10,58,1184783,1,0
10,59,1104618,1,0
11,0,965908,1,0
11,1,659848,1,0
11,2,826842,1,0
11,3,1039092,1,0
11,4,1107298,1,0
11,5,1116705,1,0
11,6,1100618,1,0
11,7,1112205,1,0
11,8,1101954,1,0
11,9,1117576,1,0
11,10,1111149,1,0
11,11,1112015,1,0
11,12,1121534,1,0
11,13,1126043,1,0
11,14,1121255,1,0
11,15,1107938,1,0
11,16,1084136,1,0
11,17,1236088,1,0
11,18,1731599,1,0
11,19,1238793,1,0
11,20,1193649,1,0
11,21,1206364,1,0
11,22,1108043,1,0
11,23,1101250,1,0
11,24,1129642,1,0
11,25,1141062,1,0
11,26,1108914,1,0
11,27,1100892,1,0
11,28,1277711,1,0
11,29,1453858,1,0
11,30,1386593,1,0
11,31,1338974,1,0
11,32,1142820,1,0
11,33,1387076,1,0
11,34,1303599,1,0
11,35,1335167,1,0
11,36,1084744,1,0
11,37,1087522,1,0
11,38,1172696,1,0
11,39,1217150,1,0
11,40,1227287,1,0
11,41,1317968,1,0
11,42,1465995,1,0
11,43,1376997,1,0
11,44,1370580,1,0
11,45,1312348,1,0
11,46,1062596,1,0
11,47,1169247,1,0
11,48,1117633,1,0
11,49,1318324,1,0
11,50,1107347,1,0
11,51,1075660,1,0
11,52,1092264,1,0
11,53,1176045,1,0
11,54,1135309,1,0
11,55,1061526,1,0
11,56,1062719,1,0
11,57,1109732,1,0
11,58,1184094,1,0
11,59,1105702,1,0
12,0,951030,1,0
12,1,1339895,1,0
12,2,1194285,1,0
12,3,1140683,1,0
12,4,1075524,1,0
12,5,1139241,1,0
12,6,1106922,1,0
12,7,1113747,1,0
12,8,1087871,1,0
12,9,1112199,1,0
12,10,1119330,1,0
12,11,1095980,1,0
12,12,1170010,1,0
12,13,1077807,1,0
12,14,1135953,1,0
12,15,1094826,1,0
12,16,1118271,1,0
12,17,1383454,1,0
12,18,1682117,1,0
12,19,1168348,1,0
12,20,1211600,1,0
12,21,1130121,1,0
12,22,1119469,1,0
12,23,1123025,1,0
12,24,1117827,1,0
12,25,1113842,1,0
12,26,1125014,1,0
12,27,1111093,1,0
12,28,1470778,1,0
12,29,1449456,1,0
12,30,1282680,1,0
12,31,1272803,1,0
12,32,1318087,1,0
12,33,1264856,1,0
12,34,1355185,1,0
12,35,1202367,1,0
12,36,1075153,1,0
12,37,1154030,1,0
12,38,1198757,1,0
12,39,1166061,1,0
12,40,1316618,1,0
12,41,1390010,1,0
12,42,1435123,1,0
12,43,1342310,1,0
12,44,1390595,1,0
12,45,1144312,1,0
12,46,1128906,1,0
12,47,1094413,1,0
12,48,1231072,1,0
12,49,1207862,1,0
12,50,1097559,1,0
12,51,1093690,1,0
12,52,1064864,1,0
12,53,1263051,1,0
12,54,1064399,1,0
12,55,1059840,1,0
12,56,1059473,1,0
12,57,1210586,1,0
12,58,1113835,1,0
12,59,1121650,1,0
13,0,922715,1,0
13,1,1202339,1,0
13,2,1229283,1,0
13,3,1122127,1,0
13,4,1103643,1,0
13,5,1131709,1,0
13,6,1109151,1,0
13,7,1115491,1,0
13,8,1091886,1,0
13,9,1114731,1,0
13,10,1111412,1,0
13,11,1100918,1,0
13,12,1144302,1,0
13,13,1095065,1,0
13,14,1133119,1,0
13,15,1097456,1,0
13,16,1111191,1,0
13,17,1378511,1,0
13,18,1689913,1,0
13,19,1162913,1,0
13,20,1213031,1,0
13,21,1154561,1,0
13,22,1107539,1,0
13,23,1122493,1,0
13,24,1111602,1,0
13,25,1116565,1,0
13,26,1130935,1,0
13,27,1101915,1,0
13,28,1442278,1,0
13,29,1420840,1,0
13,30,1319658,1,0
13,31,1295688,1,0
13,32,1303726,1,0
13,33,1257498,1,0
13,34,1337666,1,0
13,35,1240252,1,0
13,36,1075525,1,0
13,37,1156100,1,0
13,38,1169499,1,0
13,39,1185908,1,0
13,40,1309325,1,0
13,41,1373706,1,0
13,42,1453183,1,0
13,43,1336904,1,0
13,44,1414275,1,0
13,45,1149068,1,0
13,46,1099899,1,0
13,47,1121570,1,0
13,48,1218548,1,0
13,49,1214648,1,0
13,50,1104705,1,0
13,51,1088605,1,0
13,52,1074469,1,0
13,53,1246776,1,0
13,54,1071802,1,0
13,55,1063298,1,0
13,56,1062276,1,0
13,57,1181382,1,0
13,58,1139036,1,0
13,59,1109991,1,0
14,0,901518,1,0
14,1,1166440,1,0
14,2,1228493,1,0
14,3,1123102,1,0
14,4,1108022,1,0
14,5,1129833,1,0
14,6,1109291,1,0
14,7,1115003,1,0
14,8,1090431,1,0
14,9,1115944,1,0
14,10,1111246,1,0
14,11,1103540,1,0
14,12,1139256,1,0
14,13,1099859,1,0
14,14,1130642,1,0
14,15,1097740,1,0
14,16,1109756,1,0
14,17,1368323,1,0
14,18,1694811,1,0
14,19,1166664,1,0
14,20,1217938,1,0
14,21,1155150,1,0
14,22,1099741,1,0
14,23,1129337,1,0
14,24,1108243,1,0
14,25,1119057,1,0
14,26,1132481,1,0
14,27,1100826,1,0
14,28,1430942,1,0
14,29,1420366,1,0
14,30,1321986,1,0
14,31,1301103,1,0
14,32,1297678,1,0
14,33,1252993,1,0
14,34,1350286,1,0
14,35,1239705,1,0
14,36,1079108,1,0
14,37,1144730,1,0
14,38,1174559,1,0
14,39,1192440,1,0
14,40,1311967,1,0
14,41,1361139,1,0
14,42,1452289,1,0
14,43,1347903,1,0
14,44,1397181,1,0
14,45,1167878,1,0
14,46,1094169,1,0
14,47,1122553,1,0
14,48,1211538,1,0
14,49,1223801,1,0
14,50,1103325,1,0
14,51,1093243,1,0
14,52,1071946,1,0
14,53,1239290,1,0
14,54,1078807,1,0
14,55,1062763,1,0
14,56,1066723,1,0
14,57,1171756,1,0
14,58,1148334,1,0
14,59,1097331,1,0
15,0,889803,1,0
15,1,918485,1,0
15,2,1149290,1,0
15,3,1130024,1,0
15,4,1113916,1,0
15,5,1122835,1,0
15,6,1113256,1,0
15,7,1113249,1,0
15,8,1093935,1,0
15,9,1121458,1,0
15,10,1105263,1,0
15,11,1111716,1,0
15,12,1128602,1,0
15,13,1113862,1,0
15,14,1124204,1,0
15,15,1096325,1,0
15,16,1094904,1,0
15,17,1308292,1,0
15,18,1765052,1,0
15,19,1162328,1,0
15,20,1224455,1,0
15,21,1169635,1,0
15,22,1094256,1,0
15,23,1106387,1,0
15,24,1113294,1,0
15,25,1134918,1,0
15,26,1121404,1,0
15,27,1115423,1,0
15,28,1358228,1,0
15,29,1440699,1,0
15,30,1334331,1,0
15,31,1323912,1,0
15,32,1200661,1,0
15,33,1333245,1,0
15,34,1322000,1,0
15,35,1298876,1,0
15,36,1062675,1,0
15,37,1138131,1,0
15,38,1171729,1,0
15,39,1180984,1,0
15,40,1273529,1,0
15,41,1342019,1,0
15,42,1471338,1,0
15,43,1366668,1,0
15,44,1386832,1,0
15,45,1233061,1,0
15,46,1077004,1,0
15,47,1147443,1,0
15,48,1161356,1,0
15,49,1269315,1,0
15,50,1111480,1,0
15,51,1084962,1,0
15,52,1073578,1,0
15,53,1223219,1,0
15,54,1089970,1,0
15,55,1061777,1,0
15,56,1066844,1,0
15,57,1155312,1,0
15,58,1164964,1,0
15,59,1083436,1,0
16,0,859791,1,0
16,1,616403,1,0
16,2,905819,1,0
16,3,1073058,1,0
16,4,1106860,1,0
16,5,1116429,1,0
16,6,1102237,1,0
16,7,1112158,1,0
16,8,1103853,1,0
16,9,1113146,1,0
16,10,1114415,1,0
16,11,1108053,1,0
16,12,1120897,1,0
16,13,1126775,1,0
16,14,1121898,1,0
16,15,1107011,1,0
16,16,1085738,1,0
16,17,1254186,1,0
16,18,1787372,1,0
16,19,1164864,1,0
16,20,1199069,1,0
16,21,1201892,1,0
16,22,1107242,1,0
16,23,1100124,1,0
16,24,1131350,1,0
16,25,1136602,1,0
16,26,1112735,1,0
16,27,1100870,1,0
16,28,1290262,1,0
16,29,1455523,1,0
16,30,1371817,1,0
16,31,1342939,1,0
16,32,1138498,1,0
16,33,1394206,1,0
16,34,1303403,1,0
16,35,1330357,1,0
16,36,1079311,1,0
16,37,1111209,1,0
16,38,1151407,1,0
16,39,1213722,1,0
16,40,1231904,1,0
16,41,1331834,1,0
16,42,1464413,1,0
16,43,1378562,1,0
16,44,1358335,1,0
16,45,1307034,1,0
16,46,1068880,1,0
16,47,1169379,1,0
16,48,1123099,1,0
16,49,1306035,1,0
16,50,1111526,1,0
16,51,1075952,1,0
16,52,1090688,1,0
16,53,1194349,1,0
16,54,1114604,1,0
16,55,1066666,1,0
16,56,1060077,1,0
16,57,1112517,1,0
16,58,1184602,1,0
16,59,1104261,1,0
17,0,1130925,1,0
17,1,1329527,1,0
17,2,1181064,1,0
17,3,1141207,1,0
17,4,1084362,1,0
17,5,1131073,1,0
17,6,1110110,1,0
17,7,1111944,1,0
17,8,1091941,1,0
17,9,1103308,1,0
17,10,1124716,1,0
17,11,1094838,1,0
17,12,1175280,1,0
17,13,1086179,1,0
17,14,1126810,1,0
17,15,1094630,1,0
17,16,1119126,1,0
17,17,1411215,1,0
17,18,1653766,1,0
17,19,1176229,1,0
17,20,1224396,1,0
17,21,1101876,1,0
17,22,1120479,1,0
17,23,1124698,1,0
17,24,1140465,1,0
17,25,1105341,1,0
17,26,1115037,1,0
17,27,1114633,1,0
17,28,1501320,1,0
17,29,1449659,1,0
17,30,1254157,1,0
17,31,1262301,1,0
17,32,1337110,1,0
17,33,1272812,1,0
17,34,1346685,1,0
17,35,1188035,1,0
17,36,1075105,1,0
17,37,1160780,1,0
17,38,1189696,1,0
17,39,1190086,1,0
17,40,1319554,1,0
17,41,1394390,1,0
17,42,1428234,1,0
17,43,1329904,1,0
17,44,1402959,1,0
17,45,1113745,1,0
17,46,1144491,1,0
17,47,1080482,1,0
17,48,1267096,1,0
17,49,1191229,1,0
17,50,1088978,1,0
17,51,1094132,1,0
17,52,1085830,1,0
17,53,1238267,1,0
17,54,1058840,1,0
17,55,1060357,1,0
17,56,1054594,1,0
17,57,1224119,1,0
17,58,1108473,1,0
17,59,1130797,1,0
18,0,848446,1,0
18,1,860389,1,0
18,2,1171363,1,0
18,3,1129805,1,0
18,4,1113407,1,0
18,5,1125950,1,0
18,6,1111166,1,0
18,7,1115138,1,0
18,8,1093105,1,0
18,9,1121088,1,0
18,10,1104959,1,0
18,11,1109717,1,0
18,12,1128091,1,0
18,13,1115372,1,0
18,14,1122640,1,0
18,15,1097804,1,0
18,16,1095794,1,0
18,17,1323681,1,0
18,18,1748389,1,0
18,19,1161682,1,0
18,20,1225725,1,0
18,21,1167369,1,0
18,22,1096486,1,0
18,23,1107357,1,0
18,24,1113719,1,0
18,25,1134020,1,0
18,26,1125317,1,0
18,27,1110001,1,0
18,28,1369229,1,0
18,29,1432615,1,0
18,30,1339032,1,0
18,31,1318847,1,0
18,32,1209605,1,0
18,33,1331437,1,0
18,34,1323188,1,0
18,35,1289485,1,0
18,36,1060216,1,0
18,37,1139382,1,0
18,38,1180320,1,0
18,39,1175912,1,0
18,40,1282139,1,0
18,41,1345690,1,0
18,42,1465933,1,0
18,43,1369208,1,0
18,44,1373373,1,0
18,45,1235090,1,0
18,46,1078234,1,0
18,47,1144580,1,0
18,48,1160223,1,0
18,49,1273095,1,0
18,50,1108408,1,0
18,51,1087383,1,0
18,52,1070103,1,0
18,53,1222361,1,0
18,54,1091668,1,0
18,55,1062660,1,0
18,56,1067872,1,0
18,57,1153754,1,0
18,58,1168678,1,0
18,59,1081205,1,0
19,0,1294927,1,0
19,1,1303851,1,0
19,2,1170994,1,0
19,3,1141867,1,0
19,4,1090802,1,0
19,5,1126821,1,0
19,6,1114912,1,0
19,7,1104557,1,0
19,8,1100730,1,0
19,9,1096107,1,0
19,10,1136829,1,0
19,11,1086902,1,0
19,12,1167618,1,0
19,13,1096861,1,0
19,14,1118878,1,0
19,15,1086898,1,0
19,16,1165742,1,0
19,17,1467451,1,0
19,18,1569417,1,0
19,19,1172867,1,0
19,20,1225541,1,0
19,21,1096075,1,0
19,22,1111452,1,0
19,23,1131766,1,0
19,24,1135263,1,0
19,25,1118022,1,0
19,26,1100955,1,0
19,27,1183102,1,0
19,28,1471024,1,0
19,29,1433032,1,0
19,30,1268505,1,0
19,31,1243876,1,0
19,32,1346028,1,0
19,33,1289141,1,0
19,34,1340534,1,0
19,35,1146270,1,0
19,36,1082906,1,0
19,37,1157689,1,0
19,38,1201613,1,0
19,39,1203828,1,0
19,40,1316345,1,0
19,41,1425839,1,0
19,42,1401149,1,0
19,43,1363355,1,0
19,44,1378881,1,0
19,45,1079042,1,0
19,46,1163271,1,0
19,47,1067455,1,0
19,48,1291429,1,0
19,49,1170911,1,0
19,50,1089153,1,0
19,51,1090516,1,0
19,52,1117136,1,0
19,53,1203352,1,0
19,54,1061942,1,0
19,55,1053875,1,0
19,56,1074064,1,0
19,57,1210510,1,0
19,58,1104296,1,0
19,59,1173283,1,0
20,0,1318989,1,0
20,1,1307320,1,0
20,2,1169068,1,0
20,3,1138566,1,0
20,4,1092321,1,0
20,5,1124718,1,0
20,6,1112057,1,0
20,7,1106712,1,0
20,8,1100792,1,0
20,9,1095571,1,0
20,10,1136188,1,0
20,11,1093227,1,0
20,12,1163240,1,0
20,13,1099345,1,0
20,14,1116229,1,0
20,15,1085935,1,0
20,16,1176948,1,0
20,17,1477144,1,0
20,18,1555456,1,0
20,19,1168043,1,0
20,20,1224928,1,0
20,21,1100291,1,0
20,22,1106908,1,0
20,23,1128838,1,0
20,24,1138234,1,0
20,25,1114931,1,0
20,26,1101698,1,0
20,27,1199462,1,0
20,28,1470279,1,0
20,29,1417103,1,0
20,30,1279784,1,0
20,31,1235046,1,0
20,32,1358957,1,0
20,33,1289561,1,0
20,34,1328477,1,0
20,35,1145042,1,0
20,36,1082554,1,0
20,37,1163763,1,0
20,38,1197225,1,0
20,39,1213347,1,0
20,40,1314148,1,0
20,41,1427139,1,0
20,42,1406249,1,0
20,43,1353738,1,0
20,44,1374522,1,0
20,45,1075632,1,0
20,46,1166568,1,0
20,47,1073027,1,0
20,48,1296889,1,0
20,49,1158901,1,0
20,50,1088003,1,0
20,51,1094474,1,0
20,52,1115990,1,0
20,53,1199679,1,0
20,54,1062643,1,0
20,55,1055039,1,0
20,56,1076967,1,0
20,57,1210029,1,0
20,58,1099230,1,0
20,59,1178934,1,0
21,0,177448,1,0
21,1,1313100,1,0
21,2,1200826,1,0
21,3,1137466,1,0
21,4,1078436,1,0
21,5,1140800,1,0
21,6,1102985,1,0
21,7,1117388,1,0
21,8,1086463,1,0
21,9,1114724,1,0
21,10,1117809,1,0
21,11,1092782,1,0
21,12,1166837,1,0
21,13,1079562,1,0
21,14,1138449,1,0
21,15,1096598,1,0
21,16,1114812,1,0
21,17,1383416,1,0
21,18,1683437,1,0
21,19,1157923,1,0
21,20,1216900,1,0
21,21,1138096,1,0
21,22,1119280,1,0
21,23,1122721,1,0
21,24,1114724,1,0
21,25,1114539,1,0
21,26,1126142,1,0
21,27,1108659,1,0
21,28,1455794,1,0
21,29,1465538,1,0
21,30,1273252,1,0
21,31,1285331,1,0
21,32,1318119,1,0
21,33,1262597,1,0
21,34,1343381,1,0
21,35,1212773,1,0
21,36,1076072,1,0
21,37,1155864,1,0
21,38,1195145,1,0
21,39,1169458,1,0
21,40,1317556,1,0
21,41,1377492,1,0
21,42,1435547,1,0
21,43,1344087,1,0
21,44,1399580,1,0
21,45,1145681,1,0
21,46,1112514,1,0
21,47,1110126,1,0
21,48,1231994,1,0
21,49,1203311,1,0
21,50,1099927,1,0
21,51,1092129,1,0
21,52,1068054,1,0
21,53,1260151,1,0
21,54,1065288,1,0
21,55,1060310,1,0
21,56,1060046,1,0
21,57,1190811,1,0
21,58,1134984,1,0
21,59,1119343,1,0
22,0,1239475,1,0
22,1,1311388,1,0
22,2,1175411,1,0
22,3,1144185,1,0
22,4,1083671,1,0
22,5,1130081,1,0
22,6,1113244,1,0
22,7,1109220,1,0
22,8,1100702,1,0
22,9,1093131,1,0
22,10,1135495,1,0
22,11,1086366,1,0
22,12,1175637,1,0
22,13,1090371,1,0
22,14,1122193,1,0
22,15,1089071,1,0
22,16,1122681,1,0
22,17,1477085,1,0
22,18,1598403,1,0
22,19,1174158,1,0
22,20,1223849,1,0
22,21,1099553,1,0
22,22,1114039,1,0
22,23,1129230,1,0
22,24,1136740,1,0
22,25,1111100,1,0
22,26,1108990,1,0
22,27,1148906,1,0
22,28,1501789,1,0
22,29,1424335,1,0
22,30,1277561,1,0
22,31,1241295,1,0
22,32,1335645,1,0
22,33,1285876,1,0
22,34,1345738,1,0
22,35,1162391,1,0
22,36,1076079,1,0
22,37,1162559,1,0
22,38,1200039,1,0
22,39,1188857,1,0
22,40,1320140,1,0
22,41,1421995,1,0
22,42,1407318,1,0
22,43,1346174,1,0
22,44,1394596,1,0
22,45,1089141,1,0
22,46,1157708,1,0
22,47,1072981,1,0
22,48,1276381,1,0
22,49,1183672,1,0
22,50,1089776,1,0
22,51,1092690,1,0
22,52,1102115,1,0
22,53,1215648,1,0
22,54,1059928,1,0
22,55,1055920,1,0
22,56,1074030,1,0
22,57,1213263,1,0
22,58,1105806,1,0
22,59,1134799,1,0
23,0,835174,1,0
23,1,1110705,1,0
23,2,1225884,1,0
23,3,1125733,1,0
23,4,1111429,1,0
23,5,1123752,1,0
23,6,1112017,1,0
23,7,1112766,1,0
23,8,1092680,1,0
23,9,1122147,1,0
23,10,1101616,1,0
23,11,1110174,1,0
23,12,1129041,1,0
23,13,1110731,1,0
23,14,1126838,1,0
23,15,1094564,1,0
23,16,1106345,1,0
23,17,1364190,1,0
23,18,1705093,1,0
23,19,1163650,1,0
23,20,1217649,1,0
23,21,1163231,1,0
23,22,1098395,1,0
23,23,1117576,1,0
23,24,1116237,1,0
23,25,1116529,1,0
23,26,1135548,1,0
23,27,1105546,1,0
23,28,1414574,1,0
23,29,1420081,1,0
23,30,1327222,1,0
23,31,1310237,1,0
23,32,1288845,1,0
23,33,1262682,1,0
23,34,1326339,1,0
23,35,1267306,1,0
23,36,1068893,1,0
23,37,1152506,1,0
23,38,1172402,1,0
23,39,1178602,1,0
23,40,1302029,1,0
23,41,1358621,1,0
23,42,1469164,1,0
23,43,1346704,1,0
23,44,1390474,1,0
23,45,1191142,1,0
23,46,1084398,1,0
23,47,1127445,1,0
23,48,1198099,1,0
23,49,1234727,1,0
23,50,1106806,1,0
23,51,1089166,1,0
23,52,1074034,1,0
23,53,1228414,1,0
23,54,1088222,1,0
23,55,1065324,1,0
23,56,1065403,1,0
23,57,1167078,1,0
23,58,1154300,1,0
23,59,1094331,1,0
24,0,823514,1,0
24,1,893329,1,0
24,2,1159756,1,0
24,3,1130101,1,0
24,4,1113888,1,0
24,5,1125021,1,0
24,6,1111529,1,0
24,7,1114641,1,0
24,8,1092851,1,0
24,9,1122812,1,0
24,10,1104557,1,0
24,11,1110581,1,0
24,12,1128909,1,0
24,13,1113012,1,0
24,14,1123814,1,0
24,15,1096315,1,0
24,16,1095945,1,0
24,17,1322483,1,0
24,18,1749849,1,0
24,19,1162018,1,0
24,20,1225453,1,0
24,21,1168654,1,0
24,22,1094379,1,0
24,23,1107807,1,0
24,24,1113408,1,0
24,25,1135353,1,0
24,26,1123987,1,0
24,27,1111109,1,0
24,28,1359034,1,0
24,29,1442289,1,0
24,30,1341457,1,0
24,31,1315706,1,0
24,32,1200234,1,0
24,33,1343346,1,0
24,34,1321357,1,0
24,35,1290285,1,0
24,36,1061358,1,0
24,37,1138860,1,0
24,38,1177791,1,0
24,39,1174550,1,0
24,40,1284945,1,0
24,41,1344103,1,0
24,42,1456642,1,0
24,43,1380234,1,0
24,44,1375197,1,0
24,45,1233124,1,0
24,46,1076776,1,0
24,47,1146895,1,0
24,48,1161012,1,0
24,49,1270770,1,0
24,50,1110402,1,0
24,51,1085257,1,0
24,52,1071701,1,0
24,53,1223562,1,0
24,54,1091552,1,0
24,55,1061248,1,0
24,56,1067320,1,0
24,57,1153956,1,0
24,58,1166271,1,0
24,59,1083061,1,0
25,0,813652,1,0
25,1,946999,1,0
25,2,1183034,1,0
25,3,1128764,1,0
25,4,1112374,1,0
25,5,1128205,1,0
25,6,1110967,1,0
25,7,1113741,1,0
25,8,1093623,1,0
25,9,1121209,1,0
25,10,1105022,1,0
25,11,1109419,1,0
25,12,1127672,1,0
25,13,1116732,1,0
25,14,1119948,1,0
25,15,1099235,1,0
25,16,1097556,1,0
25,17,1322489,1,0
25,18,1748653,1,0
25,19,1160502,1,0
25,20,1227082,1,0
25,21,1167822,1,0
25,22,1098175,1,0
25,23,1105255,1,0
25,24,1113176,1,0
25,25,1133559,1,0
25,26,1124681,1,0
25,27,1110119,1,0
25,28,1372655,1,0
25,29,1441635,1,0
25,30,1325311,1,0
25,31,1322312,1,0
25,32,1211823,1,0
25,33,1327310,1,0
25,34,1322308,1,0
25,35,1291667,1,0
25,36,1060150,1,0
25,37,1138714,1,0
25,38,1181311,1,0
25,39,1176152,1,0
25,40,1280717,1,0
25,41,1346113,1,0
25,42,1468556,1,0
25,43,1374823,1,0
25,44,1367653,1,0
25,45,1233743,1,0
25,46,1076357,1,0
25,47,1143462,1,0
25,48,1160155,1,0
25,49,1274655,1,0
25,50,1108861,1,0
25,51,1087274,1,0
25,52,1068449,1,0
25,53,1223805,1,0
25,54,1091666,1,0
25,55,1061203,1,0
25,56,1069279,1,0
25,57,1163802,1,0
25,58,1159180,1,0
25,59,1081372,1,0
26,0,1039390,1,0
26,1,1351774,1,0
26,2,1187176,1,0
26,3,1139280,1,0
26,4,1083862,1,0
26,5,1132436,1,0
26,6,1109533,1,0
26,7,1110618,1,0
26,8,1093836,1,0
26,9,1107935,1,0
26,10,1118461,1,0
26,11,1097810,1,0
26,12,1169562,1,0
26,13,1084114,1,0
26,14,1131500,1,0
26,15,1089904,1,0
26,16,1122647,1,0
26,17,1396187,1,0
26,18,1672005,1,0
26,19,1168332,1,0
26,20,1216096,1,0
26,21,1119715,1,0
26,22,1118917,1,0
26,23,1124964,1,0
26,24,1121234,1,0
26,25,1117966,1,0
26,26,1116089,1,0
26,27,1124465,1,0
26,28,1481922,1,0
26,29,1440626,1,0
26,30,1268909,1,0
26,31,1270750,1,0
26,32,1326233,1,0
26,33,1269393,1,0
26,34,1350923,1,0
26,35,1192700,1,0
26,36,1084276,1,0
26,37,1147735,1,0
26,38,1192601,1,0
26,39,1190158,1,0
26,40,1306884,1,0
26,41,1400700,1,0
26,42,1431461,1,0
26,43,1328840,1,0
26,44,1395380,1,0
26,45,1135118,1,0
26,46,1136004,1,0
26,47,1088983,1,0
26,48,1243863,1,0
26,49,1204364,1,0
26,50,1091118,1,0
26,51,1091413,1,0
26,52,1077798,1,0
26,53,1252229,1,0
26,54,1060338,1,0
26,55,1058586,1,0
26,56,1058839,1,0
26,57,1211409,1,0
26,58,1117917,1,0
26,59,1122219,1,0
27,0,800392,1,0
27,1,558985,1,0
27,2,862067,1,0
27,3,1006446,1,0
27,4,1108202,1,0
27,5,1113593,1,0
27,6,1105367,1,0
27,7,1108252,1,0
27,8,1103412,1,0
27,9,1117888,1,0
27,10,1099503,1,0
27,11,1124521,1,0
27,12,1117315,1,0
27,13,1127992,1,0
27,14,1123579,1,0
27,15,1103696,1,0
27,16,1088689,1,0
27,17,1234576,1,0
27,18,1700236,1,0
27,19,1271911,1,0
27,20,1180362,1,0
27,21,1216938,1,0
27,22,1107093,1,0
27,23,1103613,1,0
27,24,1128636,1,0
27,25,1140176,1,0
27,26,1110815,1,0
27,27,1098943,1,0
27,28,1265323,1,0
27,29,1468120,1,0
27,30,1388576,1,0
27,31,1330899,1,0
27,32,1149312,1,0
27,33,1387143,1,0
27,34,1283048,1,0
27,35,1344514,1,0
27,36,1092585,1,0
27,37,1090892,1,0
27,38,1167356,1,0
27,39,1209334,1,0
27,40,1230989,1,0
27,41,1326767,1,0
27,42,1455066,1,0
27,43,1371399,1,0
27,44,1373415,1,0
27,45,1320887,1,0
27,46,1065271,1,0
27,47,1175698,1,0
27,48,1104303,1,0
27,49,1315836,1,0
27,50,1120052,1,0
27,51,1075548,1,0
27,52,1092027,1,0
27,53,1179805,1,0
27,54,1131352,1,0
27,55,1061854,1,0
27,56,1066649,1,0
27,57,1093356,1,0
27,58,1193036,1,0
27,59,1109062,1,0
28,0,789741,1,0
28,1,749729,1,0
28,2,1106001,1,0
28,3,1142958,1,0
28,4,1116329,1,0
28,5,1114023,1,0
28,6,1114824,1,0
28,7,1113184,1,0
28,8,1097457,1,0
28,9,1121191,1,0
28,10,1104303,1,0
28,11,1113127,1,0
28,12,1123621,1,0
28,13,1116955,1,0
28,14,1123025,1,0
28,15,1092669,1,0
28,16,1100584,1,0
28,17,1308443,1,0
28,18,1759546,1,0
28,19,1164975,1,0
28,20,1225660,1,0
28,21,1174831,1,0
28,22,1088563,1,0
28,23,1105165,1,0
28,24,1118058,1,0
28,25,1133848,1,0
28,26,1124776,1,0
28,27,1102397,1,0
28,28,1363904,1,0
28,29,1444591,1,0
28,30,1337850,1,0
28,31,1317565,1,0
28,32,1158101,1,0
28,33,1381033,1,0
28,34,1310505,1,0
28,35,1300239,1,0
28,36,1068846,1,0
28,37,1137301,1,0
28,38,1164542,1,0
28,39,1191017,1,0
28,40,1269650,1,0
28,41,1334100,1,0
28,42,1472133,1,0
28,43,1365880,1,0
28,44,1386601,1,0
28,45,1243749,1,0
28,46,1074228,1,0
28,47,1152681,1,0
28,48,1151477,1,0
28,49,1282162,1,0
28,50,1106683,1,0
28,51,1084486,1,0
28,52,1076806,1,0
28,53,1222273,1,0
28,54,1089644,1,0
28,55,1063108,1,0
28,56,1062788,1,0
28,57,1156193,1,0
28,58,1165613,1,0
28,59,1087446,1,0
29,0,102233,1,0
29,1,771473,1,0
29,2,1007912,1,0
29,3,1158917,1,0
29,4,1112403,1,0
29,5,1115561,1,0
29,6,1108260,1,0
29,7,1108714,1,0
29,8,1102860,1,0
29,9,1118922,1,0
29,10,1107539,1,0
29,11,1109105,1,0
29,12,1125950,1,0
29,13,1121676,1,0
29,14,1117700,1,0
29,15,1102219,1,0
29,16,1096873,1,0
29,17,1276714,1,0
29,18,1773606,1,0
29,19,1158974,1,0
29,20,1246649,1,0
29,21,1173933,1,0
29,22,1089382,1,0
29,23,1100560,1,0
29,24,1124786,1,0
29,25,1127080,1,0
29,26,1126533,1,0
29,27,1105586,1,0
29,28,1315975,1,0
29,29,1459092,1,0
29,30,1350452,1,0
29,31,1335331,1,0
29,32,1122252,1,0
29,33,1401239,1,0
29,34,1318490,1,0
29,35,1317317,1,0
29,36,1070263,1,0
29,37,1129473,1,0
29,38,1156707,1,0
29,39,1198117,1,0
29,40,1249533,1,0
29,41,1330033,1,0
29,42,1479813,1,0
29,43,1366917,1,0
29,44,1369603,1,0
29,45,1271991,1,0
29,46,1069441,1,0
29,47,1167717,1,0
29,48,1139990,1,0
29,49,1288911,1,0
29,50,1110209,1,0
29,51,1081761,1,0
29,52,1082811,1,0
29,53,1216696,1,0
29,54,1093694,1,0
29,55,1063911,1,0
29,56,1057814,1,0
29,57,1139257,1,0
29,58,1179933,1,0
29,59,1088798,1,0
30,0,876221,1,0
30,1,605368,1,0
30,2,938166,1,0
30,3,1125952,1,0
30,4,1109385,1,0
30,5,1112796,1,0
30,6,1106904,1,0
30,7,1112747,1,0
30,8,1103233,1,0
30,9,1117576,1,0
30,10,1107797,1,0
30,11,1110263,1,0
30,12,1121519,1,0
30,13,1125805,1,0
30,14,1120012,1,0
30,15,1101806,1,0
30,16,1092264,1,0
30,17,1267141,1,0
30,18,1777122,1,0
30,19,1163094,1,0
30,20,1203762,1,0
30,21,1220160,1,0
30,22,1092345,1,0
30,23,1100238,1,0
30,24,1126399,1,0
30,25,1124795,1,0
30,26,1124490,1,0
30,27,1102219,1,0
30,28,1309778,1,0
30,29,1454454,1,0
30,30,1371521,1,0
30,31,1324389,1,0
30,32,1129947,1,0
30,33,1402802,1,0
30,34,1317921,1,0
30,35,1306216,1,0
30,36,1081457,1,0
30,37,1123804,1,0
30,38,1146305,1,0
30,39,1209122,1,0
30,40,1246796,1,0
30,41,1325101,1,0
30,42,1475510,1,0
30,43,1370684,1,0
30,44,1374656,1,0
30,45,1276672,1,0
30,46,1069855,1,0
30,47,1168007,1,0
30,48,1130394,1,0
30,49,1299605,1,0
30,50,1112510,1,0
30,51,1077980,1,0
30,52,1087205,1,0
30,53,1208532,1,0
30,54,1100065,1,0
30,55,1062652,1,0
30,56,1061387,1,0
30,57,1119579,1,0
30,58,1193827,1,0
30,59,1089553,1,0
31,0,775848,1,0
31,1,820653,1,0
31,2,1095392,1,0
31,3,1143338,1,0
31,4,1116005,1,0
31,5,1112996,1,0
31,6,1113914,1,0
31,7,1114142,1,0
31,8,1097089,1,0
31,9,1121157,1,0
31,10,1105288,1,0
31,11,1112574,1,0
31,12,1123645,1,0
31,13,1117923,1,0
31,14,1123258,1,0
31,15,1092996,1,0
31,16,1098897,1,0
31,17,1296743,1,0
31,18,1769230,1,0
31,19,1159634,1,0
31,20,1234986,1,0
31,21,1172201,1,0
31,22,1089519,1,0
31,23,1106161,1,0
31,24,1117643,1,0
31,25,1126592,1,0
31,26,1131840,1,0
31,27,1101765,1,0
31,28,1356230,1,0
31,29,1438340,1,0
31,30,1353092,1,0
31,31,1317254,1,0
31,32,1155449,1,0
31,33,1383749,1,0
31,34,1310232,1,0
31,35,1301199,1,0
31,36,1067960,1,0
31,37,1137109,1,0
31,38,1165678,1,0
31,39,1191238,1,0
31,40,1257838,1,0
31,41,1345313,1,0
31,42,1472358,1,0
31,43,1366745,1,0
31,44,1382689,1,0
31,45,1244878,1,0
31,46,1074245,1,0
31,47,1153266,1,0
31,48,1151934,1,0
31,49,1280826,1,0
31,50,1108209,1,0
31,51,1083640,1,0
31,52,1079030,1,0
31,53,1220847,1,0
31,54,1090466,1,0
31,55,1060691,1,0
31,56,1063747,1,0
31,57,1153854,1,0
31,58,1169328,1,0
31,59,1086358,1,0
32,0,766077,1,0
32,1,848139,1,0
32,2,994384,1,0
32,3,1146464,1,0
32,4,1108983,1,0
32,5,1113822,1,0
32,6,1107728,1,0
32,7,1113529,1,0
32,8,1101814,1,0
32,9,1118388,1,0
32,10,1108778,1,0
32,11,1109419,1,0
32,12,1124494,1,0
32,13,1121784,1,0
32,14,1119552,1,0
32,15,1100707,1,0
32,16,1096112,1,0
32,17,1266005,1,0
32,18,1781473,1,0
32,19,1158345,1,0
32,20,1209226,1,0
32,21,1215964,1,0
32,22,1089249,1,0
32,23,1101146,1,0
32,24,1126366,1,0
32,25,1122536,1,0
32,26,1128524,1,0
32,27,1100022,1,0
32,28,1322705,1,0
32,29,1443062,1,0
32,30,1369239,1,0
32,31,1332473,1,0
32,32,1123536,1,0
32,33,1400382,1,0
32,34,1318981,1,0
32,35,1304799,1,0
32,36,1080820,1,0
32,37,1127690,1,0
32,38,1158707,1,0
32,39,1197941,1,0
32,40,1241696,1,0
32,41,1338535,1,0
32,42,1466499,1,0
32,43,1380605,1,0
32,44,1365296,1,0
32,45,1275603,1,0
32,46,1069617,1,0
32,47,1168720,1,0
32,48,1130629,1,0
32,49,1296892,1,0
32,50,1113553,1,0
32,51,1078593,1,0
32,52,1085192,1,0
32,53,1216405,1,0
32,54,1093392,1,0
32,55,1062043,1,0
32,56,1059930,1,0
32,57,1136235,1,0
32,58,1179912,1,0
32,59,1091455,1,0
33,0,1273540,1,0
33,1,1313519,1,0
33,2,1172562,1,0
33,3,1143081,1,0
33,4,1087076,1,0
33,5,1128196,1,0
33,6,1115804,1,0
33,7,1104595,1,0
33,8,1100358,1,0
33,9,1096254,1,0
33,10,1134920,1,0
33,11,1086646,1,0
33,12,1170023,1,0
33,13,1096125,1,0
33,14,1120021,1,0
33,15,1086835,1,0
33,16,1156702,1,0
33,17,1465429,1,0
33,18,1578417,1,0
33,19,1175641,1,0
33,20,1224339,1,0
33,21,1096105,1,0
33,22,1111429,1,0
33,23,1132822,1,0
33,24,1135616,1,0
33,25,1116503,1,0
33,26,1103464,1,0
33,27,1180653,1,0
33,28,1470940,1,0
33,29,1432515,1,0
33,30,1269599,1,0
33,31,1243211,1,0
33,32,1346004,1,0
33,33,1287010,1,0
33,34,1329970,1,0
33,35,1160059,1,0
33,36,1079118,1,0
33,37,1160699,1,0
33,38,1200620,1,0
33,39,1203565,1,0
33,40,1318751,1,0
33,41,1423877,1,0
33,42,1401665,1,0
33,43,1358041,1,0
33,44,1382205,1,0
33,45,1081614,1,0
33,46,1162520,1,0
33,47,1069169,1,0
33,48,1289868,1,0
33,49,1171128,1,0
33,50,1089329,1,0
33,51,1091261,1,0
33,52,1103550,1,0
33,53,1215981,1,0
33,54,1061236,1,0
33,55,1054267,1,0
33,56,1075346,1,0
33,57,1209667,1,0
33,58,1105590,1,0
33,59,1169746,1,0
34,0,1383233,1,0
34,1,1313246,1,0
34,2,1169819,1,0
34,3,1119436,1,0
34,4,1100458,1,0
34,5,1116955,1,0
34,6,1111725,1,0
34,7,1104231,1,0
34,8,1105892,1,0
34,9,1101143,1,0
34,10,1134451,1,0
34,11,1098966,1,0
34,12,1151422,1,0
34,13,1111889,1,0
34,14,1106653,1,0
34,15,1085654,1,0
34,16,1188893,1,0
34,17,1571844,1,0
34,18,1450886,1,0
34,19,1170073,1,0
34,20,1221816,1,0
34,21,1099164,1,0
34,22,1108421,1,0
34,23,1126523,1,0
34,24,1141346,1,0
34,25,1109822,1,0
34,26,1104550,1,0
34,27,1228383,1,0
34,28,1452057,1,0
34,29,1413103,1,0
34,30,1335541,1,0
34,31,1171817,1,0
34,32,1366242,1,0
34,33,1283295,1,0
34,34,1343009,1,0
34,35,1124126,1,0
34,36,1086550,1,0
34,37,1164156,1,0
34,38,1206693,1,0
34,39,1213023,1,0
34,40,1314027,1,0
34,41,1437775,1,0
34,42,1400579,1,0
34,43,1371185,1,0
34,44,1350098,1,0
34,45,1069915,1,0
34,46,1168737,1,0
34,47,1080725,1,0
34,48,1292607,1,0
34,49,1158505,1,0
34,50,1083533,1,0
34,51,1092635,1,0
34,52,1147492,1,0
34,53,1168569,1,0
34,54,1062962,1,0
34,55,1053450,1,0
34,56,1080147,1,0
34,57,1210208,1,0
34,58,1098514,1,0
34,59,1181239,1,0
35,0,1261318,1,0
35,1,1314382,1,0
35,2,1171604,1,0
35,3,1145339,1,0
35,4,1085564,1,0
35,5,1128380,1,0
35,6,1110614,1,0
35,7,1110057,1,0
35,8,1099915,1,0
35,9,1096348,1,0
35,10,1134279,1,0
35,11,1085935,1,0
35,12,1173244,1,0
35,13,1094303,1,0
35,14,1119986,1,0
35,15,1087277,1,0
35,16,1145404,1,0
35,17,1466183,1,0
35,18,1591640,1,0
35,19,1172348,1,0
35,20,1224978,1,0
35,21,1097534,1,0
35,22,1111492,1,0
35,23,1130486,1,0
35,24,1136322,1,0
35,25,1115835,1,0
35,26,1103013,1,0
35,27,1181454,1,0
35,28,1470892,1,0
35,29,1434424,1,0
35,30,1269289,1,0
35,31,1241061,1,0
35,32,1347010,1,0
35,33,1273647,1,0
35,34,1342873,1,0
35,35,1162850,1,0
35,36,1076519,1,0
35,37,1162284,1,0
35,38,1200425,1,0
35,39,1203541,1,0
35,40,1317439,1,0
35,41,1411190,1,0
35,42,1416830,1,0
35,43,1345015,1,0
35,44,1391777,1,0
35,45,1083290,1,0
35,46,1160840,1,0
35,47,1071501,1,0
35,48,1288707,1,0
35,49,1171556,1,0
35,50,1090568,1,0
35,51,1091034,1,0
35,52,1102016,1,0
35,53,1216219,1,0
35,54,1061576,1,0
35,55,1054572,1,0
35,56,1075802,1,0
35,57,1209459,1,0
35,58,1104750,1,0
35,59,1138923,1,0
36,0,754140,1,0
36,1,1191276,1,0
36,2,1228471,1,0
36,3,1119736,1,0
36,4,1106367,1,0
36,5,1130821,1,0
36,6,1110830,1,0
36,7,1114959,1,0
36,8,1091812,1,0
36,9,1116429,1,0
36,10,1107405,1,0
36,11,1103723,1,0
36,12,1142181,1,0
36,13,1097122,1,0
36,14,1132920,1,0
36,15,1098467,1,0
36,16,1110378,1,0
36,17,1377037,1,0
36,18,1686944,1,0
36,19,1162655,1,0
36,20,1219157,1,0
36,21,1151984,1,0
36,22,1109429,1,0
36,23,1122595,1,0
36,24,1110255,1,0
36,25,1118288,1,0
36,26,1130006,1,0
36,27,1101373,1,0
36,28,1428413,1,0
36,29,1434992,1,0
36,30,1320177,1,0
36,31,1294282,1,0
36,32,1305236,1,0
36,33,1255667,1,0
36,34,1337266,1,0
36,35,1236809,1,0
36,36,1081051,1,0
36,37,1155619,1,0
36,38,1167905,1,0
36,39,1187811,1,0
36,40,1311402,1,0
36,41,1371527,1,0
36,42,1444745,1,0
36,43,1346901,1,0
36,44,1411746,1,0
36,45,1151107,1,0
36,46,1095278,1,0
36,47,1125138,1,0
36,48,1207932,1,0
36,49,1223443,1,0
36,50,1106356,1,0
36,51,1088676,1,0
36,52,1074237,1,0
36,53,1244559,1,0
36,54,1075905,1,0
36,55,1062047,1,0
36,56,1063314,1,0
36,57,1178127,1,0
36,58,1142434,1,0
36,59,1107983,1,0
37,0,740582,1,0
37,1,538901,1,0
37,2,927363,1,0
37,3,1050105,1,0
37,4,1107204,1,0
37,5,1116477,1,0
37,6,1098796,1,0
37,7,1114408,1,0
37,8,1103088,1,0
37,9,1117349,1,0
37,10,1109038,1,0
37,11,1111754,1,0
37,12,1122402,1,0
37,13,1125689,1,0
37,14,1122064,1,0
37,15,1107951,1,0
37,16,1085273,1,0
37,17,1235474,1,0
37,18,1778452,1,0
37,19,1191351,1,0
37,20,1195494,1,0
37,21,1206358,1,0
37,22,1105580,1,0
37,23,1100808,1,0
37,24,1131291,1,0
37,25,1139309,1,0
37,26,1110114,1,0
37,27,1101459,1,0
37,28,1276373,1,0
37,29,1467269,1,0
37,30,1374875,1,0
37,31,1338544,1,0
37,32,1143539,1,0
37,33,1395643,1,0
37,34,1299945,1,0
37,35,1328157,1,0
37,36,1084405,1,0
37,37,1093063,1,0
37,38,1169476,1,0
37,39,1214634,1,0
37,40,1229513,1,0
37,41,1327582,1,0
37,42,1456024,1,0
37,43,1377020,1,0
37,44,1369470,1,0
37,45,1312477,1,0
37,46,1064674,1,0
37,47,1170281,1,0
37,48,1114435,1,0
37,49,1316547,1,0
37,50,1110456,1,0
37,51,1075351,1,0
37,52,1092219,1,0
37,53,1191357,1,0
37,54,1117912,1,0
37,55,1064392,1,0
37,56,1061775,1,0
37,57,1109856,1,0
37,58,1185304,1,0
37,59,1106497,1,0
38,0,707797,1,0
38,1,906551,1,0
38,2,1040590,1,0
38,3,1158621,1,0
38,4,1111963,1,0
38,5,1114279,1,0
38,6,1111731,1,0
38,7,1109031,1,0
38,8,1101195,1,0
38,9,1123316,1,0
38,10,1103718,1,0
38,11,1115241,1,0
38,12,1122983,1,0
38,13,1118214,1,0
38,14,1120963,1,0
38,15,1095667,1,0
38,16,1099955,1,0
38,17,1274974,1,0
38,18,1777816,1,0
38,19,1154156,1,0
38,20,1250642,1,0
38,21,1173446,1,0
38,22,1085027,1,0
38,23,1110025,1,0
38,24,1119478,1,0
38,25,1126324,1,0
38,26,1132286,1,0
38,27,1100098,1,0
38,28,1329346,1,0
38,29,1461166,1,0
38,30,1345351,1,0
38,31,1326731,1,0
38,32,1122243,1,0
38,33,1409473,1,0
38,34,1314217,1,0
38,35,1308703,1,0
38,36,1071516,1,0
38,37,1132350,1,0
38,38,1166144,1,0
38,39,1187152,1,0
38,40,1251184,1,0
38,41,1340605,1,0
38,42,1476339,1,0
38,43,1368173,1,0
38,44,1376246,1,0
38,45,1262505,1,0
38,46,1065714,1,0
38,47,1161851,1,0
38,48,1139674,1,0
38,49,1288409,1,0
38,50,1112829,1,0
38,51,1081289,1,0
38,52,1083223,1,0
38,53,1219520,1,0
38,54,1091820,1,0
38,55,1061260,1,0
38,56,1058879,1,0
38,57,1143040,1,0
38,58,1181372,1,0
38,59,1080305,1,0
39,0,720712,1,0
39,1,795160,1,0
39,2,1118762,1,0
39,3,1139996,1,0
39,4,1115751,1,0
39,5,1117222,1,0
39,6,1113582,1,0
39,7,1115176,1,0
39,8,1095337,1,0
39,9,1119872,1,0
39,10,1105867,1,0
39,11,1112794,1,0
39,12,1124572,1,0
39,13,1116086,1,0
39,14,1123134,1,0
39,15,1094069,1,0
39,16,1099489,1,0
39,17,1309432,1,0
39,18,1761039,1,0
39,19,1163126,1,0
39,20,1224271,1,0
39,21,1174094,1,0
39,22,1091141,1,0
39,23,1102591,1,0
39,24,1117656,1,0
39,25,1135457,1,0
39,26,1122926,1,0
39,27,1104092,1,0
39,28,1362964,1,0
39,29,1445613,1,0
39,30,1335734,1,0
39,31,1319725,1,0
39,32,1190643,1,0
39,33,1346247,1,0
39,34,1320959,1,0
39,35,1294106,1,0
39,36,1065470,1,0
39,37,1138895,1,0
39,38,1164350,1,0
39,39,1190379,1,0
39,40,1270146,1,0
39,41,1344722,1,0
39,42,1461137,1,0
39,43,1364951,1,0
39,44,1386690,1,0
39,45,1245541,1,0
39,46,1075474,1,0
39,47,1149045,1,0
39,48,1163694,1,0
39,49,1269998,1,0
39,50,1107037,1,0
39,51,1086822,1,0
39,52,1074723,1,0
39,53,1221259,1,0
39,54,1091946,1,0
39,55,1060748,1,0
39,56,1063201,1,0
39,57,1158907,1,0
39,58,1165035,1,0
39,59,1086357,1,0
40,0,694794,1,0
40,1,683066,1,0
40,2,971550,1,0
40,3,1157454,1,0
40,4,1112897,1,0
40,5,1108355,1,0
40,6,1109809,1,0
40,7,1113358,1,0
40,8,1101175,1,0
40,9,1118906,1,0
40,10,1108641,1,0
40,11,1107927,1,0
40,12,1125352,1,0
40,13,1121732,1,0
40,14,1119548,1,0
40,15,1101348,1,0
40,16,1096653,1,0
40,17,1264000,1,0
40,18,1784438,1,0
40,19,1156828,1,0
40,20,1221508,1,0
40,21,1203469,1,0
40,22,1088778,1,0
40,23,1101097,1,0
40,24,1127259,1,0
40,25,1124329,1,0
40,26,1128022,1,0
40,27,1103539,1,0
40,28,1316819,1,0
40,29,1459389,1,0
40,30,1351847,1,0
40,31,1334381,1,0
40,32,1121844,1,0
40,33,1402657,1,0
40,34,1318438,1,0
40,35,1307776,1,0
40,36,1079095,1,0
40,37,1129754,1,0
40,38,1156329,1,0
40,39,1196782,1,0
40,40,1240641,1,0
40,41,1339714,1,0
40,42,1477393,1,0
40,43,1370036,1,0
40,44,1367550,1,0
40,45,1272916,1,0
40,46,1070448,1,0
40,47,1167804,1,0
40,48,1141541,1,0
40,49,1287095,1,0
40,50,1111273,1,0
40,51,1080954,1,0
40,52,1084042,1,0
40,53,1216540,1,0
40,54,1092437,1,0
40,55,1064209,1,0
40,56,1058366,1,0
40,57,1138286,1,0
40,58,1178972,1,0
40,59,1090488,1,0
41,0,1184323,1,0
41,1,1320837,1,0
41,2,1177673,1,0
41,3,1144011,1,0
41,4,1082469,1,0
41,5,1129986,1,0
41,6,1114079,1,0
41,7,1111534,1,0
41,8,1092202,1,0
41,9,1097859,1,0
41,10,1134502,1,0
41,11,1089303,1,0
41,12,1176329,1,0
41,13,1085948,1,0
41,14,1126014,1,0
41,15,1091733,1,0
41,16,1120276,1,0
41,17,1423219,1,0
41,18,1649916,1,0
41,19,1171164,1,0
41,20,1223429,1,0
41,21,1104627,1,0
41,22,1115139,1,0
41,23,1127846,1,0
41,24,1134922,1,0
41,25,1113066,1,0
41,26,1109839,1,0
41,27,1125582,1,0
41,28,1491169,1,0
41,29,1461548,1,0
41,30,1255642,1,0
41,31,1252142,1,0
41,32,1344282,1,0
41,33,1273794,1,0
41,34,1345270,1,0
41,35,1175635,1,0
41,36,1077291,1,0
41,37,1158247,1,0
41,38,1191805,1,0
41,39,1204330,1,0
41,40,1305004,1,0
41,41,1407852,1,0
41,42,1423756,1,0
41,43,1331545,1,0
41,44,1404573,1,0
41,45,1102723,1,0
41,46,1153279,1,0
41,47,1072828,1,0
41,48,1269249,1,0
41,49,1191385,1,0
41,50,1089380,1,0
41,51,1090458,1,0
41,52,1094330,1,0
41,53,1227987,1,0
41,54,1059476,1,0
41,55,1059182,1,0
41,56,1057801,1,0
41,57,1229917,1,0
41,58,1100700,1,0
41,59,1137067,1,0
42,0,1466208,1,0
42,1,1290430,1,0
42,2,1170310,1,0
42,3,1113590,1,0
42,4,1100847,1,0
42,5,1117745,1,0
42,6,1107046,1,0
42,7,1102736,1,0
42,8,1117166,1,0
42,9,1100769,1,0
42,10,1126088,1,0
42,11,1106028,1,0
42,12,1142672,1,0
42,13,1116279,1,0
42,14,1104135,1,0
42,15,1091577,1,0
42,16,1210035,1,0
42,17,1618627,1,0
42,18,1374516,1,0
42,19,1177323,1,0
42,20,1220269,1,0
42,21,1102640,1,0
42,22,1100218,1,0
42,23,1131705,1,0
42,24,1135618,1,0
42,25,1121462,1,0
42,26,1099962,1,0
42,27,1239910,1,0
42,28,1482928,1,0
42,29,1379500,1,0
42,30,1331274,1,0
42,31,1162977,1,0
42,32,1367620,1,0
42,33,1294460,1,0
42,34,1339556,1,0
42,35,1116508,1,0
42,36,1084792,1,0
42,37,1170436,1,0
42,38,1204627,1,0
42,39,1215323,1,0
42,40,1321330,1,0
42,41,1446343,1,0
42,42,1394912,1,0
42,43,1376530,1,0
42,44,1324915,1,0
42,45,1069038,1,0
42,46,1175184,1,0
42,47,1079677,1,0
42,48,1315357,1,0
42,49,1138363,1,0
42,50,1079405,1,0
42,51,1093092,1,0
42,52,1153892,1,0
42,53,1162229,1,0
42,54,1059386,1,0
42,55,1058607,1,0
42,56,1096281,1,0
42,57,1196116,1,0
42,58,1095698,1,0
42,59,1194003,1,0
43,0,666440,1,0
43,1,697523,1,0
43,2,836488,1,0
43,3,995717,1,0
43,4,1094450,1,0
43,5,1105634,1,0
43,6,1111273,1,0
43,7,1111564,1,0
43,8,1101854,1,0
43,9,1118924,1,0
43,10,1098137,1,0
43,11,1124686,1,0
43,12,1113306,1,0
43,13,1134560,1,0
43,14,1117607,1,0
43,15,1106787,1,0
43,16,1087675,1,0
43,17,1224629,1,0
43,18,1695216,1,0
43,19,1286078,1,0
43,20,1181591,1,0
43,21,1217992,1,0
43,22,1106644,1,0
43,23,1103838,1,0
43,24,1125734,1,0
43,25,1142974,1,0
43,26,1107810,1,0
43,27,1100918,1,0
43,28,1252495,1,0
43,29,1474978,1,0
43,30,1384552,1,0
43,31,1339902,1,0
43,32,1149562,1,0
43,33,1378647,1,0
43,34,1294262,1,0
43,35,1345176,1,0
43,36,1090854,1,0
43,37,1090991,1,0
43,38,1167770,1,0
43,39,1208986,1,0
43,40,1231809,1,0
43,41,1312847,1,0
43,42,1456426,1,0
43,43,1384376,1,0
43,44,1373610,1,0
43,45,1318427,1,0
43,46,1065986,1,0
43,47,1174371,1,0
43,48,1103840,1,0
43,49,1306322,1,0
43,50,1128897,1,0
43,51,1078941,1,0
43,52,1090951,1,0
43,53,1165002,1,0
43,54,1148757,1,0
43,55,1058129,1,0
43,56,1068944,1,0
43,57,1092742,1,0
43,58,1191229,1,0
43,59,1113169,1,0
44,0,651653,1,0
44,1,670675,1,0
44,2,982763,1,0
44,3,1136229,1,0
44,4,1109163,1,0
44,5,1112945,1,0
44,6,1105611,1,0
44,7,1115482,1,0
44,8,1102110,1,0
44,9,1118225,1,0
44,10,1108655,1,0
44,11,1110570,1,0
44,12,1122888,1,0
44,13,1122050,1,0
44,14,1119403,1,0
44,15,1102529,1,0
44,16,1092683,1,0
44,17,1266913,1,0
44,18,1777563,1,0
44,19,1162618,1,0
44,20,1209408,1,0
44,21,1215641,1,0
44,22,1091442,1,0
44,23,1099250,1,0
44,24,1127770,1,0
44,25,1123402,1,0
44,26,1126707,1,0
44,27,1099664,1,0
44,28,1310334,1,0
44,29,1455357,1,0
44,30,1370678,1,0
44,31,1330074,1,0
44,32,1125871,1,0
44,33,1401205,1,0
44,34,1318838,1,0
44,35,1305234,1,0
44,36,1080745,1,0
44,37,1125482,1,0
44,38,1156359,1,0
44,39,1200366,1,0
44,40,1243404,1,0
44,41,1337979,1,0
44,42,1464911,1,0
44,43,1371020,1,0
44,44,1375038,1,0
44,45,1275826,1,0
44,46,1069811,1,0
44,47,1167677,1,0
44,48,1130058,1,0
44,49,1298685,1,0
44,50,1115238,1,0
44,51,1076630,1,0
44,52,1084538,1,0
44,53,1217473,1,0
44,54,1093034,1,0
44,55,1063593,1,0
44,56,1060706,1,0
44,57,1129939,1,0
44,58,1184860,1,0
44,59,1092421,1,0
45,0,625296,1,0
45,1,808765,1,0
45,2,1075276,1,0
45,3,1154504,1,0
45,4,1113275,1,0
45,5,1114818,1,0
45,6,1112575,1,0
45,7,1114306,1,0
45,8,1097151,1,0
45,9,1122098,1,0
45,10,1105125,1,0
45,11,1112093,1,0
45,12,1124820,1,0
45,13,1116031,1,0
45,14,1123636,1,0
45,15,1092981,1,0
45,16,1099506,1,0
45,17,1295386,1,0
45,18,1764916,1,0
45,19,1154864,1,0
45,20,1242160,1,0
45,21,1175898,1,0
45,22,1089416,1,0
45,23,1104953,1,0
45,24,1119336,1,0
45,25,1125225,1,0
45,26,1133063,1,0
45,27,1101218,1,0
45,28,1341438,1,0
45,29,1452246,1,0
45,30,1353866,1,0
45,31,1315118,1,0
45,32,1134349,1,0
45,33,1405947,1,0
45,34,1312608,1,0
45,35,1298836,1,0
45,36,1069942,1,0
45,37,1133895,1,0
45,38,1168059,1,0
45,39,1191366,1,0
45,40,1257611,1,0
45,41,1343413,1,0
45,42,1474304,1,0
45,43,1367912,1,0
45,44,1380788,1,0
45,45,1245839,1,0
45,46,1072652,1,0
45,47,1153772,1,0
45,48,1152585,1,0
45,49,1281802,1,0
45,50,1107734,1,0
45,51,1083355,1,0
45,52,1079505,1,0
45,53,1220646,1,0
45,54,1090117,1,0
45,55,1061663,1,0
45,56,1064458,1,0
45,57,1149394,1,0
45,58,1171627,1,0
45,59,1087332,1,0
46,0,636052,1,0
46,1,959725,1,0
46,2,1225385,1,0
46,3,1129475,1,0
46,4,1107731,1,0
46,5,1136169,1,0
46,6,1106982,1,0
46,7,1115952,1,0
46,8,1091497,1,0
46,9,1122475,1,0
46,10,1105628,1,0
46,11,1105331,1,0
46,12,1126798,1,0
46,13,1120507,1,0
46,14,1120708,1,0
46,15,1096159,1,0
46,16,1107539,1,0
46,17,1341395,1,0
46,18,1723473,1,0
46,19,1160058,1,0
46,20,1225930,1,0
46,21,1164651,1,0
46,22,1100145,1,0
46,23,1118189,1,0
46,24,1103940,1,0
46,25,1128064,1,0
46,26,1124769,1,0
46,27,1111681,1,0
46,28,1389188,1,0
46,29,1424880,1,0
46,30,1334022,1,0
46,31,1319618,1,0
46,32,1249831,1,0
46,33,1290012,1,0
46,34,1328451,1,0
46,35,1282704,1,0
46,36,1057267,1,0
46,37,1149849,1,0
46,38,1178017,1,0
46,39,1170119,1,0
46,40,1291543,1,0
46,41,1346780,1,0
46,42,1473857,1,0
46,43,1365246,1,0
46,44,1378187,1,0
46,45,1217776,1,0
46,46,1079124,1,0
46,47,1135416,1,0
46,48,1169613,1,0
46,49,1263906,1,0
46,50,1112865,1,0
46,51,1087279,1,0
46,52,1064355,1,0
46,53,1224514,1,0
46,54,1091335,1,0
46,55,1061062,1,0
46,56,1078171,1,0
46,57,1158815,1,0
46,58,1156818,1,0
46,59,1088040,1,0
47,0,1348080,1,0
47,1,1301931,1,0
47,2,1171746,1,0
47,3,1132989,1,0
47,4,1096101,1,0
47,5,1120171,1,0
47,6,1112696,1,0
47,7,1106694,1,0
47,8,1101304,1,0
47,9,1099308,1,0
47,10,1134788,1,0
47,11,1093993,1,0
47,12,1160536,1,0
47,13,1101795,1,0
47,14,1115130,1,0
47,15,1085916,1,0
47,16,1188392,1,0
47,17,1517263,1,0
47,18,1501906,1,0
47,19,1172370,1,0
47,20,1224900,1,0
47,21,1098026,1,0
47,22,1106420,1,0
47,23,1126735,1,0
47,24,1144867,1,0
47,25,1109122,1,0
47,26,1103991,1,0
47,27,1214463,1,0
47,28,1454058,1,0
47,29,1426879,1,0
47,30,1292593,1,0
47,31,1211953,1,0
47,32,1358158,1,0
47,33,1290311,1,0
47,34,1344359,1,0
47,35,1127046,1,0
47,36,1084572,1,0
47,37,1165087,1,0
47,38,1204856,1,0
47,39,1205232,1,0
47,40,1311748,1,0
47,41,1438375,1,0
47,42,1409832,1,0
47,43,1347488,1,0
47,44,1369143,1,0
47,45,1075971,1,0
47,46,1164114,1,0
47,47,1075112,1,0
47,48,1295762,1,0
47,49,1161237,1,0
47,50,1087295,1,0
47,51,1091755,1,0
47,52,1136064,1,0
47,53,1180967,1,0
47,54,1062239,1,0
47,55,1055108,1,0
47,56,1077321,1,0
47,57,1208364,1,0
47,58,1098910,1,0
47,59,1181810,1,0
48,0,612312,1,0
48,1,548753,1,0
48,2,960190,1,0
48,3,1028508,1,0
48,4,1106753,1,0
48,5,1116285,1,0
48,6,1102214,1,0
48,7,1110313,1,0
48,8,1103043,1,0
48,9,1116181,1,0
48,10,1104758,1,0
48,11,1120535,1,0
48,12,1118656,1,0
48,13,1127419,1,0
48,14,1121633,1,0
48,15,1108246,1,0
48,16,1085530,1,0
48,17,1233639,1,0
48,18,1717937,1,0
48,19,1254590,1,0
48,20,1188872,1,0
48,21,1210778,1,0
48,22,1107030,1,0
48,23,1101311,1,0
48,24,1127721,1,0
48,25,1141440,1,0
48,26,1110069,1,0
48,27,1102757,1,0
48,28,1275030,1,0
48,29,1456075,1,0
48,30,1385628,1,0
48,31,1337200,1,0
48,32,1143324,1,0
48,33,1389838,1,0
48,34,1296546,1,0
48,35,1340825,1,0
48,36,1083950,1,0
48,37,1087348,1,0
48,38,1175302,1,0
48,39,1216273,1,0
48,40,1218116,1,0
48,41,1325500,1,0
48,42,1457139,1,0
48,43,1386674,1,0
48,44,1370126,1,0
48,45,1307299,1,0
48,46,1068162,1,0
48,47,1170173,1,0
48,48,1116655,1,0
48,49,1305654,1,0
48,50,1119764,1,0
48,51,1075515,1,0
48,52,1092760,1,0
48,53,1178189,1,0
48,54,1133820,1,0
48,55,1061638,1,0
48,56,1063726,1,0
48,57,1101328,1,0
48,58,1191855,1,0
48,59,1106422,1,0
49,0,598014,1,0
49,1,583648,1,0
49,2,883220,1,0
49,3,1115257,1,0
49,4,1110854,1,0
49,5,1111799,1,0
49,6,1106008,1,0
49,7,1112633,1,0
49,8,1103992,1,0
49,9,1117791,1,0
49,10,1106713,1,0
49,11,1109512,1,0
49,12,1123306,1,0
49,13,1125311,1,0
49,14,1122157,1,0
49,15,1101349,1,0
49,16,1091099,1,0
49,17,1266320,1,0
49,18,1776321,1,0
49,19,1164093,1,0
49,20,1195468,1,0
49,21,1225495,1,0
49,22,1086253,1,0
49,23,1109869,1,0
49,24,1125761,1,0
49,25,1127195,1,0
49,26,1121108,1,0
49,27,1103593,1,0
49,28,1308262,1,0
49,29,1454662,1,0
49,30,1360132,1,0
49,31,1335760,1,0
49,32,1132352,1,0
49,33,1402330,1,0
49,34,1307961,1,0
49,35,1316713,1,0
49,36,1080384,1,0
49,37,1122565,1,0
49,38,1139163,1,0
49,39,1218161,1,0
49,40,1235430,1,0
49,41,1336364,1,0
49,42,1470578,1,0
49,43,1373996,1,0
49,44,1357599,1,0
49,45,1295685,1,0
49,46,1068619,1,0
49,47,1169938,1,0
49,48,1118655,1,0
49,49,1308545,1,0
49,50,1113723,1,0
49,51,1077370,1,0
49,52,1086983,1,0
49,53,1210402,1,0
49,54,1096567,1,0
49,55,1064517,1,0
49,56,1062294,1,0
49,57,1117661,1,0
49,58,1195137,1,0
49,59,1088547,1,0
50,0,1215816,1,0
50,1,1312101,1,0
50,2,1177042,1,0
50,3,1143767,1,0
50,4,1080778,1,0
50,5,1132656,1,0
50,6,1112789,1,0
50,7,1110919,1,0
50,8,1096584,1,0
50,9,1095901,1,0
50,10,1134259,1,0
50,11,1088846,1,0
50,12,1175908,1,0
50,13,1088924,1,0
50,14,1123297,1,0
50,15,1089129,1,0
50,16,1121533,1,0
50,17,1426999,1,0
50,18,1648191,1,0
50,19,1170568,1,0
50,20,1224769,1,0
50,21,1103553,1,0
50,22,1111911,1,0
50,23,1130946,1,0
50,24,1135917,1,0
50,25,1113080,1,0
50,26,1108388,1,0
50,27,1136781,1,0
50,28,1494825,1,0
50,29,1443959,1,0
50,30,1260045,1,0
50,31,1251427,1,0
50,32,1342194,1,0
50,33,1286996,1,0
50,34,1344274,1,0
50,35,1165378,1,0
50,36,1074149,1,0
50,37,1161968,1,0
50,38,1198237,1,0
50,39,1193137,1,0
50,40,1317688,1,0
50,41,1410701,1,0
50,42,1420556,1,0
50,43,1339085,1,0
50,44,1394885,1,0
50,45,1094465,1,0
50,46,1155864,1,0
50,47,1071548,1,0
50,48,1277185,1,0
50,49,1183595,1,0
50,50,1090620,1,0
50,51,1090606,1,0
50,52,1094371,1,0
50,53,1225591,1,0
50,54,1059234,1,0
50,55,1058136,1,0
50,56,1073674,1,0
50,57,1213608,1,0
50,58,1106315,1,0
50,59,1134131,1,0
51,0,427859,1,0
51,1,722701,1,0
51,2,1053261,1,0
51,3,1155713,1,0
51,4,1112144,1,0
51,5,1114570,1,0
51,6,1111918,1,0
51,7,1109617,1,0
51,8,1101728,1,0
51,9,1124386,1,0
51,10,1102886,1,0
51,11,1113074,1,0
51,12,1124230,1,0
51,13,1118068,1,0
51,14,1120995,1,0
51,15,1095664,1,0
51,16,1098875,1,0
51,17,1290312,1,0
51,18,1767156,1,0
51,19,1152838,1,0
51,20,1247787,1,0
51,21,1174045,1,0
51,22,1086007,1,0
51,23,1109860,1,0
51,24,1118080,1,0
51,25,1126468,1,0
51,26,1133497,1,0
51,27,1100003,1,0
51,28,1329560,1,0
51,29,1461672,1,0
51,30,1344448,1,0
51,31,1327048,1,0
51,32,1120493,1,0
51,33,1411219,1,0
51,34,1313165,1,0
51,35,1307195,1,0
51,36,1071547,1,0
51,37,1132478,1,0
51,38,1168402,1,0
51,39,1191891,1,0
51,40,1257406,1,0
51,41,1328905,1,0
51,42,1476543,1,0
51,43,1368637,1,0
51,44,1376386,1,0
51,45,1261452,1,0
51,46,1069248,1,0
51,47,1157733,1,0
51,48,1139676,1,0
51,49,1288092,1,0
51,50,1113894,1,0
51,51,1083230,1,0
51,52,1080243,1,0
51,53,1220899,1,0
51,54,1089749,1,0
51,55,1063120,1,0
51,56,1059822,1,0
51,57,1143230,1,0
51,58,1180295,1,0
51,59,1079481,1,0
52,0,1229338,1,0
52,1,1310672,1,0
52,2,1175553,1,0
52,3,1143871,1,0
52,4,1081424,1,0
52,5,1132859,1,0
52,6,1113059,1,0
52,7,1109529,1,0
52,8,1098386,1,0
52,9,1095495,1,0
52,10,1135638,1,0
52,11,1087095,1,0
52,12,1175210,1,0
52,13,1089525,1,0
52,14,1121920,1,0
52,15,1090722,1,0
52,16,1121526,1,0
52,17,1452143,1,0
52,18,1623709,1,0
52,19,1170010,1,0
52,20,1227170,1,0
52,21,1101032,1,0
52,22,1112757,1,0
52,23,1130518,1,0
52,24,1136773,1,0
52,25,1112007,1,0
52,26,1107818,1,0
52,27,1137563,1,0
52,28,1494672,1,0
52,29,1443967,1,0
52,30,1261633,1,0
52,31,1248866,1,0
52,32,1341279,1,0
52,33,1288647,1,0
52,34,1344451,1,0
52,35,1162756,1,0
52,36,1076049,1,0
52,37,1161322,1,0
52,38,1199791,1,0
52,39,1191835,1,0
52,40,1316460,1,0
52,41,1411194,1,0
52,42,1421018,1,0
52,43,1341832,1,0
52,44,1395366,1,0
52,45,1091955,1,0
52,46,1156904,1,0
52,47,1071644,1,0
52,48,1276572,1,0
52,49,1184484,1,0
52,50,1090867,1,0
52,51,1090474,1,0
52,52,1102287,1,0
52,53,1216940,1,0
52,54,1058779,1,0
52,55,1056968,1,0
52,56,1075094,1,0
52,57,1212262,1,0
52,58,1107297,1,0
52,59,1133146,1,0
53,0,583353,1,0
53,1,1050137,1,0
53,2,1220695,1,0
53,3,1130785,1,0
53,4,1114545,1,0
53,5,1126313,1,0
53,6,1110022,1,0
53,7,1116639,1,0
53,8,1090379,1,0
53,9,1121736,1,0
53,10,1102342,1,0
53,11,1110289,1,0
53,12,1124526,1,0
53,13,1118797,1,0
53,14,1122572,1,0
53,15,1094433,1,0
53,16,1107837,1,0
53,17,1343732,1,0
53,18,1723760,1,0
53,19,1158656,1,0
53,20,1226022,1,0
53,21,1162207,1,0
53,22,1102081,1,0
53,23,1114423,1,0
53,24,1111243,1,0
53,25,1121954,1,0
53,26,1134330,1,0
53,27,1104437,1,0
53,28,1389357,1,0
53,29,1435942,1,0
53,30,1331863,1,0
53,31,1308345,1,0
53,32,1287515,1,0
53,33,1252369,1,0
53,34,1339339,1,0
53,35,1272399,1,0
53,36,1063617,1,0
53,37,1147392,1,0
53,38,1184401,1,0
53,39,1176622,1,0
53,40,1286994,1,0
53,41,1353982,1,0
53,42,1466843,1,0
53,43,1363091,1,0
53,44,1384181,1,0
53,45,1203650,1,0
53,46,1081059,1,0
53,47,1131550,1,0
53,48,1179691,1,0
53,49,1252887,1,0
53,50,1112342,1,0
53,51,1087670,1,0
53,52,1073451,1,0
53,53,1217468,1,0
53,54,1089287,1,0
53,55,1068957,1,0
53,56,1074254,1,0
53,57,1153938,1,0
53,58,1161220,1,0
53,59,1084447,1,0
54,0,552728,1,0
54,1,981811,1,0
54,2,1063150,1,0
54,3,1156526,1,0
54,4,1114568,1,0
54,5,1113316,1,0
54,6,1112096,1,0
54,7,1113085,1,0
54,8,1098254,1,0
54,9,1123400,1,0
54,10,1102567,1,0
54,11,1113858,1,0
54,12,1123525,1,0
54,13,1116929,1,0
54,14,1122655,1,0
54,15,1095178,1,0
54,16,1098112,1,0
54,17,1295104,1,0
54,18,1766098,1,0
54,19,1151804,1,0
54,20,1245583,1,0
54,21,1175742,1,0
54,22,1087421,1,0
54,23,1106412,1,0
54,24,1117778,1,0
54,25,1126601,1,0
54,26,1134382,1,0
54,27,1100251,1,0
54,28,1340648,1,0
54,29,1452321,1,0
54,30,1342834,1,0
54,31,1326950,1,0
54,32,1127083,1,0
54,33,1404207,1,0
54,34,1321913,1,0
54,35,1297797,1,0
54,36,1070092,1,0
54,37,1134750,1,0
54,38,1168454,1,0
54,39,1190972,1,0
54,40,1257730,1,0
54,41,1339665,1,0
54,42,1466476,1,0
54,43,1365880,1,0
54,44,1379832,1,0
54,45,1259036,1,0
54,46,1072335,1,0
54,47,1156301,1,0
54,48,1151159,1,0
54,49,1280570,1,0
54,50,1108153,1,0
54,51,1084326,1,0
54,52,1079801,1,0
54,53,1219775,1,0
54,54,1092203,1,0
54,55,1060483,1,0
54,56,1062504,1,0
54,57,1141207,1,0
54,58,1180018,1,0
54,59,1082583,1,0
55,0,567898,1,0
55,1,1219489,1,0
55,2,1224622,1,0
55,3,1123945,1,0
55,4,1099101,1,0
55,5,1134780,1,0
55,6,1107934,1,0
55,7,1117052,1,0
55,8,1090458,1,0
55,9,1112887,1,0
55,10,1113543,1,0
55,11,1098712,1,0
55,12,1147708,1,0
55,13,1094676,1,0
55,14,1133236,1,0
55,15,1100211,1,0
55,16,1108121,1,0
55,17,1377479,1,0
55,18,1690864,1,0
55,19,1162365,1,0
55,20,1212633,1,0
55,21,1153341,1,0
55,22,1107477,1,0
55,23,1124852,1,0
55,24,1111061,1,0
55,25,1119427,1,0
55,26,1126700,1,0
55,27,1104619,1,0
55,28,1441670,1,0
55,29,1421473,1,0
55,30,1320886,1,0
55,31,1295781,1,0
55,32,1302601,1,0
55,33,1255370,1,0
55,34,1351731,1,0
55,35,1226855,1,0
55,36,1075563,1,0
55,37,1157334,1,0
55,38,1170565,1,0
55,39,1181342,1,0
55,40,1321036,1,0
55,41,1370580,1,0
55,42,1448444,1,0
55,43,1344155,1,0
55,44,1404745,1,0
55,45,1148676,1,0
55,46,1104087,1,0
55,47,1118048,1,0
55,48,1218218,1,0
55,49,1214297,1,0
55,50,1105455,1,0
55,51,1086880,1,0
55,52,1073888,1,0
55,53,1250998,1,0
55,54,1070051,1,0
55,55,1063137,1,0
55,56,1060713,1,0
55,57,1182845,1,0
55,58,1137151,1,0
55,59,1113053,1,0
56,0,150805,1,0
56,1,1083415,1,0
56,2,1231173,1,0
56,3,1123229,1,0
56,4,1115401,1,0
56,5,1120521,1,0
56,6,1113018,1,0
56,7,1112742,1,0
56,8,1093016,1,0
56,9,1125257,1,0
56,10,1099388,1,0
56,11,1109596,1,0
56,12,1127531,1,0
56,13,1112935,1,0
56,14,1129230,1,0
56,15,1090878,1,0
56,16,1107363,1,0
56,17,1355517,1,0
56,18,1710853,1,0
56,19,1162041,1,0
56,20,1224811,1,0
56,21,1158236,1,0
56,22,1103141,1,0
56,23,1116327,1,0
56,24,1113843,1,0
56,25,1119773,1,0
56,26,1133607,1,0
56,27,1107487,1,0
56,28,1399873,1,0
56,29,1433916,1,0
56,30,1328635,1,0
56,31,1304953,1,0
56,32,1293282,1,0
56,33,1249496,1,0
56,34,1339405,1,0
56,35,1268568,1,0
56,36,1060668,1,0
56,37,1153453,1,0
56,38,1174122,1,0
56,39,1180983,1,0
56,40,1293571,1,0
56,41,1356002,1,0
56,42,1468115,1,0
56,43,1359912,1,0
56,44,1385842,1,0
56,45,1196272,1,0
56,46,1080749,1,0
56,47,1130459,1,0
56,48,1199333,1,0
56,49,1231025,1,0
56,50,1110891,1,0
56,51,1088892,1,0
56,52,1074142,1,0
56,53,1221808,1,0
56,54,1091038,1,0
56,55,1064111,1,0
56,56,1072563,1,0
56,57,1164633,1,0
56,58,1151924,1,0
56,59,1095038,1,0
57,0,522196,1,0
57,1,648951,1,0
57,2,815457,1,0
57,3,1094288,1,0
57,4,1109569,1,0
57,5,1112171,1,0
57,6,1104338,1,0
57,7,1113790,1,0
57,8,1103662,1,0
57,9,1117986,1,0
57,10,1108286,1,0
57,11,1110100,1,0
57,12,1119808,1,0
57,13,1123900,1,0
57,14,1127249,1,0
57,15,1101163,1,0
57,16,1087568,1,0
57,17,1254593,1,0
57,18,1788060,1,0
57,19,1164517,1,0
57,20,1198008,1,0
57,21,1200965,1,0
57,22,1110428,1,0
57,23,1107674,1,0
57,24,1127186,1,0
57,25,1130118,1,0
57,26,1114923,1,0
57,27,1109624,1,0
57,28,1291216,1,0
57,29,1449011,1,0
57,30,1378860,1,0
57,31,1331938,1,0
57,32,1135712,1,0
57,33,1394892,1,0
57,34,1315577,1,0
57,35,1320926,1,0
57,36,1076977,1,0
57,37,1115131,1,0
57,38,1149819,1,0
57,39,1211419,1,0
57,40,1241927,1,0
57,41,1334240,1,0
57,42,1460818,1,0
57,43,1370932,1,0
57,44,1370208,1,0
57,45,1295834,1,0
57,46,1068219,1,0
57,47,1169074,1,0
57,48,1122363,1,0
57,49,1308374,1,0
57,50,1112261,1,0
57,51,1075570,1,0
57,52,1090390,1,0
57,53,1204837,1,0
57,54,1101964,1,0
57,55,1064010,1,0
57,56,1061949,1,0
57,57,1114350,1,0
57,58,1190569,1,0
57,59,1097103,1,0
58,0,245507,1,0
58,1,1327073,1,0
58,2,1196130,1,0
58,3,1140838,1,0
58,4,1076222,1,0
58,5,1140268,1,0
58,6,1105194,1,0
58,7,1115078,1,0
58,8,1086701,1,0
58,9,1114190,1,0
58,10,1118391,1,0
58,11,1094286,1,0
58,12,1166066,1,0
58,13,1080463,1,0
58,14,1137578,1,0
58,15,1095037,1,0
58,16,1116895,1,0
58,17,1386267,1,0
58,18,1679184,1,0
58,19,1170248,1,0
58,20,1210791,1,0
58,21,1132213,1,0
58,22,1118957,1,0
58,23,1122704,1,0
58,24,1115557,1,0
58,25,1115396,1,0
58,26,1123165,1,0
58,27,1113070,1,0
58,28,1455307,1,0
58,29,1463722,1,0
58,30,1272558,1,0
58,31,1285456,1,0
58,32,1317974,1,0
58,33,1264234,1,0
58,34,1342181,1,0
58,35,1212654,1,0
58,36,1077469,1,0
58,37,1154768,1,0
58,38,1196631,1,0
58,39,1167487,1,0
58,40,1317458,1,0
58,41,1379037,1,0
58,42,1443934,1,0
58,43,1332940,1,0
58,44,1399721,1,0
58,45,1146137,1,0
58,46,1117026,1,0
58,47,1104670,1,0
58,48,1231758,1,0
58,49,1206261,1,0
58,50,1100099,1,0
58,51,1092109,1,0
58,52,1067199,1,0
58,53,1261288,1,0
58,54,1064312,1,0
58,55,1061163,1,0
58,56,1058000,1,0
58,57,1203405,1,0
58,58,1122587,1,0
58,59,1121608,1,0
59,0,1360012,1,0
59,1,1311319,1,0
59,2,1166614,1,0
59,3,1127535,1,0
59,4,1097688,1,0
59,5,1118166,1,0
59,6,1112899,1,0
59,7,1105375,1,0
59,8,1103246,1,0
59,9,1099311,1,0
59,10,1133497,1,0
59,11,1096061,1,0
59,12,1157583,1,0
59,13,1104230,1,0
59,14,1113055,1,0
59,15,1087741,1,0
59,16,1187866,1,0
59,17,1531112,1,0
59,18,1491907,1,0
59,19,1169139,1,0
59,20,1224075,1,0
59,21,1096513,1,0
59,22,1106970,1,0
59,23,1128518,1,0
59,24,1142633,1,0
59,25,1109431,1,0
59,26,1106041,1,0
59,27,1226880,1,0
59,28,1453889,1,0
59,29,1412876,1,0
59,30,1316297,1,0
59,31,1189708,1,0
59,32,1356471,1,0
59,33,1291644,1,0
59,34,1342657,1,0
59,35,1127080,1,0
59,36,1087749,1,0
59,37,1163277,1,0
59,38,1205514,1,0
59,39,1215360,1,0
59,40,1300256,1,0
59,41,1439060,1,0
59,42,1408751,1,0
59,43,1363405,1,0
59,44,1357932,1,0
59,45,1070460,1,0
59,46,1170365,1,0
59,47,1072072,1,0
59,48,1301700,1,0
59,49,1154694,1,0
59,50,1085271,1,0
59,51,1094455,1,0
59,52,1135502,1,0
59,53,1180131,1,0
59,54,1062218,1,0
59,55,1055089,1,0
59,56,1077177,1,0
59,57,1211433,1,0
59,58,1099145,1,0
59,59,1179108,1,0
60,0,534790,1,0
60,1,627642,1,0
60,2,872283,1,0
60,3,984539,1,0
60,4,1104096,1,0
60,5,1106997,1,0
60,6,1111148,1,0
60,7,1109845,1,0
60,8,1102241,1,0
60,9,1118888,1,0
60,10,1098056,1,0
60,11,1125808,1,0
60,12,1113903,1,0
60,13,1131686,1,0
60,14,1120433,1,0
60,15,1107117,1,0
60,16,1086684,1,0
60,17,1223334,1,0
60,18,1696611,1,0
60,19,1288116,1,0
60,20,1179876,1,0
60,21,1217975,1,0
60,22,1106588,1,0
60,23,1102669,1,0
60,24,1128309,1,0
60,25,1141226,1,0
60,26,1110866,1,0
60,27,1098482,1,0
60,28,1264584,1,0
60,29,1463271,1,0
60,30,1383698,1,0
60,31,1341487,1,0
60,32,1149400,1,0
60,33,1387395,1,0
60,34,1283227,1,0
60,35,1346240,1,0
60,36,1091320,1,0
60,37,1089708,1,0
60,38,1166860,1,0
60,39,1211071,1,0
60,40,1231225,1,0
60,41,1324688,1,0
60,42,1445025,1,0
60,43,1383506,1,0
60,44,1373405,1,0
60,45,1319166,1,0
60,46,1065853,1,0
60,47,1175057,1,0
60,48,1105204,1,0
60,49,1302357,1,0
60,50,1132211,1,0
60,51,1076172,1,0
60,52,1091882,1,0
60,53,1165359,1,0
60,54,1147807,1,0
60,55,1058838,1,0
60,56,1069163,1,0
60,57,1092156,1,0
60,58,1193196,1,0
60,59,1110609,1,0
61,0,1437769,1,0
61,1,1291969,1,0
61,2,1172889,1,0
61,3,1117015,1,0
61,4,1100287,1,0
61,5,1119653,1,0
61,6,1107436,1,0
61,7,1102401,1,0
61,8,1112222,1,0
61,9,1103596,1,0
61,10,1128108,1,0
61,11,1105468,1,0
61,12,1142507,1,0
61,13,1118047,1,0
61,14,1102497,1,0
61,15,1092992,1,0
61,16,1198521,1,0
61,17,1609553,1,0
61,18,1395076,1,0
61,19,1172506,1,0
61,20,1222294,1,0
61,21,1097465,1,0
61,22,1108204,1,0
61,23,1129198,1,0
61,24,1137767,1,0
61,25,1120503,1,0
61,26,1096982,1,0
61,27,1236524,1,0
61,28,1457842,1,0
61,29,1409403,1,0
61,30,1328876,1,0
61,31,1167052,1,0
61,32,1366150,1,0
61,33,1293996,1,0
61,34,1341975,1,0
61,35,1117209,1,0
61,36,1086251,1,0
61,37,1157593,1,0
61,38,1208873,1,0
61,39,1222019,1,0
61,40,1319524,1,0
61,41,1436237,1,0
61,42,1397206,1,0
61,43,1381999,1,0
61,44,1330033,1,0
61,45,1067410,1,0
61,46,1175034,1,0
61,47,1080399,1,0
61,48,1298625,1,0
61,49,1151949,1,0
61,50,1081164,1,0
61,51,1093155,1,0
61,52,1144439,1,0
61,53,1170992,1,0
61,54,1061955,1,0
61,55,1055282,1,0
61,56,1095819,1,0
61,57,1195594,1,0
61,58,1096231,1,0
61,59,1196253,1,0
62,0,472921,1,0
62,1,735840,1,0
62,2,1018639,1,0
62,3,1161297,1,0
62,4,1110869,1,0
62,5,1113367,1,0
62,6,1110224,1,0
62,7,1112338,1,0
62,8,1098959,1,0
62,9,1118348,1,0
62,10,1108359,1,0
62,11,1108863,1,0
62,12,1127630,1,0
62,13,1122445,1,0
62,14,1114704,1,0
62,15,1101965,1,0
62,16,1098350,1,0
62,17,1275747,1,0
62,18,1773890,1,0
62,19,1157277,1,0
62,20,1248765,1,0
62,21,1173988,1,0
62,22,1087530,1,0
62,23,1108090,1,0
62,24,1120736,1,0
62,25,1127126,1,0
62,26,1123323,1,0
62,27,1105599,1,0
62,28,1317854,1,0
62,29,1460061,1,0
62,30,1357342,1,0
62,31,1327550,1,0
62,32,1122978,1,0
62,33,1408708,1,0
62,34,1319098,1,0
62,35,1307425,1,0
62,36,1068720,1,0
62,37,1134230,1,0
62,38,1154237,1,0
62,39,1196302,1,0
62,40,1250507,1,0
62,41,1329558,1,0
62,42,1481462,1,0
62,43,1364560,1,0
62,44,1385303,1,0
62,45,1256561,1,0
62,46,1072506,1,0
62,47,1165807,1,0
62,48,1139172,1,0
62,49,1289078,1,0
62,50,1110558,1,0
62,51,1081739,1,0
62,52,1082248,1,0
62,53,1217706,1,0
62,54,1095822,1,0
62,55,1060366,1,0
62,56,1059219,1,0
62,57,1140781,1,0
62,58,1178027,1,0
62,59,1088421,1,0
63,0,1173592,1,0
63,1,1321128,1,0
63,2,1179591,1,0
63,3,1142310,1,0
63,4,1082662,1,0
63,5,1130193,1,0
63,6,1115148,1,0
63,7,1109869,1,0
63,8,1092643,1,0
63,9,1098988,1,0
63,10,1132274,1,0
63,11,1089909,1,0
63,12,1176503,1,0
63,13,1085386,1,0
63,14,1128288,1,0
63,15,1091558,1,0
63,16,1118067,1,0
63,17,1416743,1,0
63,18,1655564,1,0
63,19,1171805,1,0
63,20,1223846,1,0
63,21,1104039,1,0
63,22,1115622,1,0
63,23,1129463,1,0
63,24,1135802,1,0
63,25,1109038,1,0
63,26,1112506,1,0
63,27,1117668,1,0
63,28,1499164,1,0
63,29,1450955,1,0
63,30,1265975,1,0
63,31,1249626,1,0
63,32,1346582,1,0
63,33,1274852,1,0
63,34,1345822,1,0
63,35,1176390,1,0
63,36,1074789,1,0
63,37,1159319,1,0
63,38,1190223,1,0
63,39,1200753,1,0
63,40,1308663,1,0
63,41,1409508,1,0
63,42,1423228,1,0
63,43,1332381,1,0
63,44,1400154,1,0
63,45,1107062,1,0
63,46,1149760,1,0
63,47,1073865,1,0
63,48,1271960,1,0
63,49,1189878,1,0
63,50,1088591,1,0
63,51,1090548,1,0
63,52,1096879,1,0
63,53,1227234,1,0
63,54,1058586,1,0
63,55,1059533,1,0
63,56,1055415,1,0
63,57,1229069,1,0
63,58,1105285,1,0
63,59,1134884,1,0
64,0,162482,1,0
64,1,1038979,1,0
64,2,1220538,1,0
64,3,1129842,1,0
64,4,1114613,1,0
64,5,1129634,1,0
64,6,1106682,1,0
64,7,1117342,1,0
64,8,1091574,1,0
64,9,1121340,1,0
64,10,1103728,1,0
64,11,1109265,1,0
64,12,1124078,1,0
64,13,1117689,1,0
64,14,1124307,1,0
64,15,1092545,1,0
64,16,1108328,1,0
64,17,1342389,1,0
64,18,1727011,1,0
64,19,1157928,1,0
64,20,1225407,1,0
64,21,1163397,1,0
64,22,1100053,1,0
64,23,1114713,1,0
64,24,1108934,1,0
64,25,1124537,1,0
64,26,1126622,1,0
64,27,1112478,1,0
64,28,1391077,1,0
64,29,1434741,1,0
64,30,1331861,1,0
64,31,1307744,1,0
64,32,1275039,1,0
64,33,1266854,1,0
64,34,1336726,1,0
64,35,1273878,1,0
64,36,1062813,1,0
64,37,1148306,1,0
64,38,1185087,1,0
64,39,1175033,1,0
64,40,1286467,1,0
64,41,1345740,1,0
64,42,1477481,1,0
64,43,1361541,1,0
64,44,1385754,1,0
64,45,1201574,1,0
64,46,1079281,1,0
64,47,1135121,1,0
64,48,1179315,1,0
64,49,1253769,1,0
64,50,1111470,1,0
64,51,1085734,1,0
64,52,1074415,1,0
64,53,1218500,1,0
64,54,1088420,1,0
64,55,1068232,1,0
64,56,1076639,1,0
64,57,1152937,1,0
64,58,1155852,1,0
64,59,1089997,1,0
65,0,492268,1,0
65,1,970628,1,0
65,2,1213302,1,0
65,3,1129820,1,0
65,4,1111120,1,0
65,5,1131593,1,0
65,6,1108428,1,0
65,7,1115863,1,0
65,8,1092578,1,0
65,9,1123526,1,0
65,10,1103031,1,0
65,11,1107686,1,0
65,12,1126569,1,0
65,13,1121881,1,0
65,14,1117845,1,0
65,15,1096231,1,0
65,16,1107443,1,0
65,17,1327768,1,0
65,18,1736047,1,0
65,19,1160219,1,0
65,20,1228622,1,0
65,21,1164495,1,0
65,22,1098692,1,0
65,23,1118527,1,0
65,24,1103314,1,0
65,25,1128435,1,0
65,26,1126070,1,0
65,27,1111606,1,0
65,28,1375110,1,0
65,29,1439748,1,0
65,30,1333350,1,0
65,31,1315864,1,0
65,32,1244129,1,0
65,33,1300298,1,0
65,34,1326972,1,0
65,35,1282985,1,0
65,36,1056059,1,0
65,37,1149766,1,0
65,38,1178025,1,0
65,39,1170512,1,0
65,40,1291270,1,0
65,41,1346459,1,0
65,42,1471893,1,0
65,43,1368286,1,0
65,44,1377355,1,0
65,45,1218189,1,0
65,46,1076688,1,0
65,47,1139062,1,0
65,48,1169108,1,0
65,49,1264675,1,0
65,50,1110952,1,0
65,51,1086886,1,0
65,52,1067259,1,0
65,53,1224266,1,0
65,54,1089094,1,0
65,55,1062938,1,0
65,56,1076346,1,0
65,57,1160080,1,0
65,58,1156706,1,0
65,59,1088102,1,0
66,0,507007,1,0
66,1,935172,1,0
66,2,1138128,1,0
66,3,1130735,1,0
66,4,1114134,1,0
66,5,1120482,1,0
66,6,1113997,1,0
66,7,1114141,1,0
66,8,1095006,1,0
66,9,1119725,1,0
66,10,1106263,1,0
66,11,1111042,1,0
66,12,1129644,1,0
66,13,1113306,1,0
66,14,1123265,1,0
66,15,1097640,1,0
66,16,1094711,1,0
66,17,1308459,1,0
66,18,1764103,1,0
66,19,1163872,1,0
66,20,1221017,1,0
66,21,1173664,1,0
66,22,1093505,1,0
66,23,1104896,1,0
66,24,1114257,1,0
66,25,1135948,1,0
66,26,1120257,1,0
66,27,1112895,1,0
66,28,1361608,1,0
66,29,1440190,1,0
66,30,1334107,1,0
66,31,1321295,1,0
66,32,1202341,1,0
66,33,1334074,1,0
66,34,1322489,1,0
66,35,1297364,1,0
66,36,1061184,1,0
66,37,1138936,1,0
66,38,1164242,1,0
66,39,1189366,1,0
66,40,1272546,1,0
66,41,1342946,1,0
66,42,1471248,1,0
66,43,1367049,1,0
66,44,1373280,1,0
66,45,1247084,1,0
66,46,1076070,1,0
66,47,1147335,1,0
66,48,1162410,1,0
66,49,1270864,1,0
66,50,1109105,1,0
66,51,1086497,1,0
66,52,1072884,1,0
66,53,1222808,1,0
66,54,1091363,1,0
66,55,1061208,1,0
66,56,1065486,1,0
66,57,1156703,1,0
66,58,1164302,1,0
66,59,1085060,1,0
67,0,456514,1,0
67,1,1180063,1,0
67,2,1227998,1,0
67,3,1121593,1,0
67,4,1107081,1,0
67,5,1129909,1,0
67,6,1108526,1,0
67,7,1116529,1,0
67,8,1091535,1,0
67,9,1118493,1,0
67,10,1107720,1,0
67,11,1101318,1,0
67,12,1140914,1,0
67,13,1099082,1,0
67,14,1132810,1,0
67,15,1097705,1,0
67,16,1110680,1,0
67,17,1369979,1,0
67,18,1691093,1,0
67,19,1165648,1,0
67,20,1217879,1,0
67,21,1154841,1,0
67,22,1108128,1,0
67,23,1122671,1,0
67,24,1109098,1,0
67,25,1118666,1,0
67,26,1130740,1,0
67,27,1100909,1,0
67,28,1429038,1,0
67,29,1435335,1,0
67,30,1309190,1,0
67,31,1301399,1,0
67,32,1296940,1,0
67,33,1266783,1,0
67,34,1337675,1,0
67,35,1239089,1,0
67,36,1079556,1,0
67,37,1144956,1,0
67,38,1173351,1,0
67,39,1193143,1,0
67,40,1311915,1,0
67,41,1369530,1,0
67,42,1444527,1,0
67,43,1348270,1,0
67,44,1397176,1,0
67,45,1166830,1,0
67,46,1093946,1,0
67,47,1124990,1,0
67,48,1209135,1,0
67,49,1222850,1,0
67,50,1105040,1,0
67,51,1090582,1,0
67,52,1072108,1,0
67,53,1243571,1,0
67,54,1077620,1,0
67,55,1061935,1,0
67,56,1065330,1,0
67,57,1175667,1,0
67,58,1144587,1,0
67,59,1096939,1,0
68,0,443642,1,0
68,1,874164,1,0
68,2,1029318,1,0
68,3,1161538,1,0
68,4,1108922,1,0
68,5,1115026,1,0
68,6,1111154,1,0
68,7,1109739,1,0
68,8,1100506,1,0
68,9,1118496,1,0
68,10,1108781,1,0
68,11,1107541,1,0
68,12,1130345,1,0
68,13,1119537,1,0
68,14,1120652,1,0
68,15,1096360,1,0
68,16,1099308,1,0
68,17,1275265,1,0
68,18,1776242,1,0
68,19,1154989,1,0
68,20,1250737,1,0
68,21,1172509,1,0
68,22,1087780,1,0
68,23,1107494,1,0
68,24,1119913,1,0
68,25,1127541,1,0
68,26,1125583,1,0
68,27,1104470,1,0
68,28,1330159,1,0
68,29,1448123,1,0
68,30,1358285,1,0
68,31,1326904,1,0
68,32,1123774,1,0
68,33,1407319,1,0
68,34,1316550,1,0
68,35,1307953,1,0
68,36,1072172,1,0
68,37,1132095,1,0
68,38,1154264,1,0
68,39,1197350,1,0
68,40,1250805,1,0
68,41,1341551,1,0
68,42,1467663,1,0
68,43,1376334,1,0
68,44,1375029,1,0
68,45,1263259,1,0
68,46,1065079,1,0
68,47,1164989,1,0
68,48,1138343,1,0
68,49,1288407,1,0
68,50,1113069,1,0
68,51,1081749,1,0
68,52,1082097,1,0
68,53,1219899,1,0
68,54,1092915,1,0
68,55,1060984,1,0
68,56,1057745,1,0
68,57,1143030,1,0
68,58,1177265,1,0
68,59,1087081,1,0
69,0,135770,1,0
69,1,1026193,1,0
69,2,1221162,1,0
69,3,1130176,1,0
69,4,1113202,1,0
69,5,1131229,1,0
69,6,1107240,1,0
69,7,1117023,1,0
69,8,1091373,1,0
69,9,1120365,1,0
69,10,1104638,1,0
69,11,1109203,1,0
69,12,1124852,1,0
69,13,1117851,1,0
69,14,1123459,1,0
69,15,1093472,1,0
69,16,1107324,1,0
69,17,1344046,1,0
69,18,1724207,1,0
69,19,1158735,1,0
69,20,1226467,1,0
69,21,1164852,1,0
69,22,1100888,1,0
69,23,1113814,1,0
69,24,1107553,1,0
69,25,1125147,1,0
69,26,1125614,1,0
69,27,1112752,1,0
69,28,1391634,1,0
69,29,1434662,1,0
69,30,1323762,1,0
69,31,1316998,1,0
69,32,1273634,1,0
69,33,1265721,1,0
69,34,1339539,1,0
69,35,1273211,1,0
69,36,1060400,1,0
69,37,1151231,1,0
69,38,1184523,1,0
69,39,1158281,1,0
69,40,1300864,1,0
69,41,1347069,1,0
69,42,1477763,1,0
69,43,1362666,1,0
69,44,1382842,1,0
69,45,1202392,1,0
69,46,1079640,1,0
69,47,1135025,1,0
69,48,1179640,1,0
69,49,1252572,1,0
69,50,1112819,1,0
69,51,1086594,1,0
69,52,1073549,1,0
69,53,1218583,1,0
69,54,1088701,1,0
69,55,1066756,1,0
69,56,1076867,1,0
69,57,1155109,1,0
69,58,1155233,1,0
69,59,1090184,1,0
70,0,372604,1,0
70,1,1133157,1,0
70,2,1226558,1,0
70,3,1125735,1,0
70,4,1109736,1,0
70,5,1122413,1,0
70,6,1114016,1,0
70,7,1112066,1,0
70,8,1093591,1,0
70,9,1119484,1,0
70,10,1109593,1,0
70,11,1103507,1,0
70,12,1131204,1,0
70,13,1105846,1,0
70,14,1130821,1,0
70,15,1095764,1,0
70,16,1104023,1,0
70,17,1365122,1,0
70,18,1705915,1,0
70,19,1166034,1,0
70,20,1215469,1,0
70,21,1160281,1,0
70,22,1098874,1,0
70,23,1124249,1,0
70,24,1111567,1,0
70,25,1119782,1,0
70,26,1131397,1,0
70,27,1105177,1,0
70,28,1414934,1,0
70,29,1432921,1,0
70,30,1322668,1,0
70,31,1300538,1,0
70,32,1289755,1,0
70,33,1262099,1,0
70,34,1338643,1,0
70,35,1255476,1,0
70,36,1071597,1,0
70,37,1150248,1,0
70,38,1174124,1,0
70,39,1175591,1,0
70,40,1313618,1,0
70,41,1362308,1,0
70,42,1454664,1,0
70,43,1353106,1,0
70,44,1397203,1,0
70,45,1177788,1,0
70,46,1086843,1,0
70,47,1126653,1,0
70,48,1195952,1,0
70,49,1235800,1,0
70,50,1106184,1,0
70,51,1088992,1,0
70,52,1075684,1,0
70,53,1234193,1,0
70,54,1081816,1,0
70,55,1064366,1,0
70,56,1067459,1,0
70,57,1164911,1,0
70,58,1152555,1,0
70,59,1097980,1,0
71,0,413127,1,0
71,1,1014311,1,0
71,2,1223043,1,0
71,3,1128799,1,0
71,4,1108579,1,0
71,5,1135865,1,0
71,6,1107988,1,0
71,7,1116246,1,0
71,8,1090792,1,0
71,9,1121130,1,0
71,10,1106059,1,0
71,11,1105895,1,0
71,12,1127280,1,0
71,13,1118942,1,0
71,14,1122302,1,0
71,15,1093813,1,0
71,16,1108039,1,0
71,17,1342181,1,0
71,18,1724220,1,0
71,19,1158134,1,0
71,20,1227596,1,0
71,21,1165035,1,0
71,22,1101590,1,0
71,23,1114952,1,0
71,24,1105743,1,0
71,25,1126412,1,0
71,26,1125428,1,0
71,27,1111301,1,0
71,28,1391067,1,0
71,29,1436259,1,0
71,30,1321458,1,0
71,31,1318424,1,0
71,32,1260665,1,0
71,33,1278637,1,0
71,34,1327839,1,0
71,35,1285576,1,0
71,36,1056832,1,0
71,37,1149590,1,0
71,38,1178563,1,0
71,39,1170057,1,0
71,40,1291388,1,0
71,41,1355283,1,0
71,42,1476633,1,0
71,43,1351686,1,0
71,44,1380892,1,0
71,45,1215922,1,0
71,46,1079472,1,0
71,47,1135824,1,0
71,48,1167625,1,0
71,49,1264440,1,0
71,50,1113515,1,0
71,51,1087161,1,0
71,52,1070877,1,0
71,53,1219016,1,0
71,54,1091454,1,0
71,55,1063947,1,0
71,56,1075694,1,0
71,57,1157725,1,0
71,58,1155179,1,0
71,59,1089571,1,0
72,0,388206,1,0
72,1,1251192,1,0
72,2,1204163,1,0
72,3,1127301,1,0
72,4,1093389,1,0
72,5,1134383,1,0
72,6,1109357,1,0
72,7,1116850,1,0
72,8,1089340,1,0
72,9,1116621,1,0
72,10,1111577,1,0
72,11,1098273,1,0
72,12,1150194,1,0
72,13,1092451,1,0
72,14,1135197,1,0
72,15,1097079,1,0
72,16,1109698,1,0
72,17,1377766,1,0
72,18,1689336,1,0
72,19,1164983,1,0
72,20,1209330,1,0
72,21,1151973,1,0
72,22,1109756,1,0
72,23,1129004,1,0
72,24,1107235,1,0
72,25,1121683,1,0
72,26,1123281,1,0
72,27,1104641,1,0
72,28,1443099,1,0
72,29,1468100,1,0
72,30,1274808,1,0
72,31,1298061,1,0
72,32,1299510,1,0
72,33,1267977,1,0
72,34,1340524,1,0
72,35,1226326,1,0
72,36,1073694,1,0
72,37,1159387,1,0
72,38,1172081,1,0
72,39,1179458,1,0
72,40,1318986,1,0
72,41,1369568,1,0
72,42,1450531,1,0
72,43,1343477,1,0
72,44,1405207,1,0
72,45,1149228,1,0
72,46,1105161,1,0
72,47,1114761,1,0
72,48,1218886,1,0
72,49,1216033,1,0
72,50,1105220,1,0
72,51,1086893,1,0
72,52,1073007,1,0
72,53,1253432,1,0
72,54,1068147,1,0
72,55,1063714,1,0
72,56,1060673,1,0
72,57,1181798,1,0
72,58,1137968,1,0
72,59,1114154,1,0
73,0,1307134,1,0
73,1,1306300,1,0
73,2,1168757,1,0
73,3,1141023,1,0
73,4,1090482,1,0
73,5,1127070,1,0
73,6,1113990,1,0
73,7,1104396,1,0
73,8,1100167,1,0
73,9,1097428,1,0
73,10,1136045,1,0
73,11,1091548,1,0
73,12,1162781,1,0
73,13,1100598,1,0
73,14,1117548,1,0
73,15,1085384,1,0
73,16,1175636,1,0
73,17,1467956,1,0
73,18,1565173,1,0
73,19,1168984,1,0
73,20,1223967,1,0
73,21,1097999,1,0
73,22,1109008,1,0
73,23,1129925,1,0
73,24,1137456,1,0
73,25,1115212,1,0
73,26,1103230,1,0
73,27,1196788,1,0
73,28,1469939,1,0
73,29,1418081,1,0
73,30,1282001,1,0
73,31,1232572,1,0
73,32,1345633,1,0
73,33,1289401,1,0
73,34,1341761,1,0
73,35,1144193,1,0
73,36,1083611,1,0
73,37,1158156,1,0
73,38,1201942,1,0
73,39,1202590,1,0
73,40,1318305,1,0
73,41,1435015,1,0
73,42,1404883,1,0
73,43,1351696,1,0
73,44,1377090,1,0
73,45,1078401,1,0
73,46,1164987,1,0
73,47,1071103,1,0
73,48,1298144,1,0
73,49,1158080,1,0
73,50,1090996,1,0
73,51,1092544,1,0
73,52,1115340,1,0
73,53,1200640,1,0
73,54,1062625,1,0
73,55,1055006,1,0
73,56,1076556,1,0
73,57,1210485,1,0
73,58,1099134,1,0
73,59,1178076,1,0
74,0,1333734,1,0
74,1,1304065,1,0
74,2,1171165,1,0
74,3,1135436,1,0
74,4,1092519,1,0
74,5,1124803,1,0
74,6,1111635,1,0
74,7,1107240,1,0
74,8,1101150,1,0
74,9,1096776,1,0
74,10,1135278,1,0
74,11,1093994,1,0
74,12,1161846,1,0
74,13,1099635,1,0
74,14,1116891,1,0
74,15,1085629,1,0
74,16,1188413,1,0
74,17,1491653,1,0
74,18,1529475,1,0
74,19,1168153,1,0
74,20,1224777,1,0
74,21,1100583,1,0
74,22,1106252,1,0
74,23,1127094,1,0
74,24,1138817,1,0
74,25,1114294,1,0
74,26,1105457,1,0
74,27,1214132,1,0
74,28,1453229,1,0
74,29,1427350,1,0
74,30,1291542,1,0
74,31,1213592,1,0
74,32,1358616,1,0
74,33,1288956,1,0
74,34,1327768,1,0
74,35,1145464,1,0
74,36,1083271,1,0
74,37,1165637,1,0
74,38,1202041,1,0
74,39,1206179,1,0
74,40,1313189,1,0
74,41,1428360,1,0
74,42,1406747,1,0
74,43,1356544,1,0
74,44,1371815,1,0
74,45,1075908,1,0
74,46,1164529,1,0
74,47,1074125,1,0
74,48,1297673,1,0
74,49,1159063,1,0
74,50,1090254,1,0
74,51,1090684,1,0
74,52,1116962,1,0
74,53,1200145,1,0
74,54,1062265,1,0
74,55,1054721,1,0
74,56,1077527,1,0
74,57,1207807,1,0
74,58,1101109,1,0
74,59,1179787,1,0
75,0,1158639,1,0
75,1,1324780,1,0
75,2,1179396,1,0
75,3,1139800,1,0
75,4,1084192,1,0
75,5,1132164,1,0
75,6,1114125,1,0
75,7,1110656,1,0
75,8,1090845,1,0
75,9,1100163,1,0
75,10,1131611,1,0
75,11,1091728,1,0
75,12,1174951,1,0
75,13,1085271,1,0
75,14,1129358,1,0
75,15,1091036,1,0
75,16,1119399,1,0
75,17,1415562,1,0
75,18,1653051,1,0
75,19,1173231,1,0
75,20,1225758,1,0
75,21,1099873,1,0
75,22,1119981,1,0
75,23,1125014,1,0
75,24,1140001,1,0
75,25,1107285,1,0
75,26,1112505,1,0
75,27,1118930,1,0
75,28,1500115,1,0
75,29,1448850,1,0
75,30,1267719,1,0
75,31,1249232,1,0
75,32,1335459,1,0
75,33,1283542,1,0
75,34,1348471,1,0
75,35,1175610,1,0
75,36,1074218,1,0
75,37,1160750,1,0
75,38,1188346,1,0
75,39,1194857,1,0
75,40,1316617,1,0
75,41,1395823,1,0
75,42,1436391,1,0
75,43,1332538,1,0
75,44,1394577,1,0
75,45,1112108,1,0
75,46,1146029,1,0
75,47,1077241,1,0
75,48,1266500,1,0
75,49,1193629,1,0
75,50,1090189,1,0
75,51,1090827,1,0
75,52,1083789,1,0
75,53,1240352,1,0
75,54,1059042,1,0
75,55,1058140,1,0
75,56,1056120,1,0
75,57,1228075,1,0
75,58,1106580,1,0
75,59,1135511,1,0
76,0,65430,1,0
76,1,1299485,1,0
76,2,1202136,1,0
76,3,1137623,1,0
76,4,1079357,1,0
76,5,1142741,1,0
76,6,1101539,1,0
76,7,1118047,1,0
76,8,1086940,1,0
76,9,1113569,1,0
76,10,1117624,1,0
76,11,1093633,1,0
76,12,1163745,1,0
76,13,1081496,1,0
76,14,1136679,1,0
76,15,1097749,1,0
76,16,1113986,1,0
76,17,1386353,1,0
76,18,1682257,1,0
76,19,1159439,1,0
76,20,1212122,1,0
76,21,1142978,1,0
76,22,1116315,1,0
76,23,1124575,1,0
76,24,1114363,1,0
76,25,1115129,1,0
76,26,1122518,1,0
76,27,1112083,1,0
76,28,1454774,1,0
76,29,1453061,1,0
76,30,1285476,1,0
76,31,1285970,1,0
76,32,1308061,1,0
76,33,1259508,1,0
76,34,1356039,1,0
76,35,1212970,1,0
76,36,1077694,1,0
76,37,1151405,1,0
76,38,1196221,1,0
76,39,1172869,1,0
76,40,1317244,1,0
76,41,1376921,1,0
76,42,1435291,1,0
76,43,1343458,1,0
76,44,1400471,1,0
76,45,1145425,1,0
76,46,1109815,1,0
76,47,1112165,1,0
76,48,1231889,1,0
76,49,1203923,1,0
76,50,1099997,1,0
76,51,1092154,1,0
76,52,1068702,1,0
76,53,1259372,1,0
76,54,1065091,1,0
76,55,1061594,1,0
76,56,1059832,1,0
76,57,1183289,1,0
76,58,1141456,1,0
76,59,1111580,1,0
77,0,1371645,1,0
77,1,1312445,1,0
77,2,1167842,1,0
77,3,1124465,1,0
77,4,1098526,1,0
77,5,1117041,1,0
77,6,1113187,1,0
77,7,1105269,1,0
77,8,1103195,1,0
77,9,1099766,1,0
77,10,1134645,1,0
77,11,1097371,1,0
77,12,1153558,1,0
77,13,1107161,1,0
77,14,1111696,1,0
77,15,1087670,1,0
77,16,1187703,1,0
77,17,1542895,1,0
77,18,1479116,1,0
77,19,1171169,1,0
77,20,1223100,1,0
77,21,1097391,1,0
77,22,1108874,1,0
77,23,1125512,1,0
77,24,1142148,1,0
77,25,1110565,1,0
77,26,1104297,1,0
77,27,1227371,1,0
77,28,1454478,1,0
77,29,1412015,1,0
77,30,1330324,1,0
77,31,1175160,1,0
77,32,1356789,1,0
77,33,1292209,1,0
77,34,1344800,1,0
77,35,1124934,1,0
77,36,1086141,1,0
77,37,1164117,1,0
77,38,1206402,1,0
77,39,1213520,1,0
77,40,1312758,1,0
77,41,1428645,1,0
77,42,1410632,1,0
77,43,1365997,1,0
77,44,1355187,1,0
77,45,1067957,1,0
77,46,1170130,1,0
77,47,1078830,1,0
77,48,1294958,1,0
77,49,1157359,1,0
77,50,1084059,1,0
77,51,1092800,1,0
77,52,1136479,1,0
77,53,1179848,1,0
77,54,1063401,1,0
77,55,1054284,1,0
77,56,1077281,1,0
77,57,1212284,1,0
77,58,1096327,1,0
77,59,1183313,1,0
78,0,1450471,1,0
78,1,1293549,1,0
78,2,1170396,1,0
78,3,1115079,1,0
78,4,1100098,1,0
78,5,1119969,1,0
78,6,1105117,1,0
78,7,1104143,1,0
78,8,1111140,1,0
78,9,1106755,1,0
78,10,1125226,1,0
78,11,1106187,1,0
78,12,1143396,1,0
78,13,1117215,1,0
78,14,1101553,1,0
78,15,1093694,1,0
78,16,1199727,1,0
78,17,1610239,1,0
78,18,1392171,1,0
78,19,1175963,1,0
78,20,1219855,1,0
78,21,1099690,1,0
78,22,1104835,1,0
78,23,1131553,1,0
78,24,1136869,1,0
78,25,1121429,1,0
78,26,1099403,1,0
78,27,1232381,1,0
78,28,1477662,1,0
78,29,1391773,1,0
78,30,1328130,1,0
78,31,1166956,1,0
78,32,1366031,1,0
78,33,1294998,1,0
78,34,1339599,1,0
78,35,1116773,1,0
78,36,1086742,1,0
78,37,1158589,1,0
78,38,1209942,1,0
78,39,1221547,1,0
78,40,1319331,1,0
78,41,1446391,1,0
78,42,1386893,1,0
78,43,1383174,1,0
78,44,1327238,1,0
78,45,1070400,1,0
78,46,1173243,1,0
78,47,1080736,1,0
78,48,1300042,1,0
78,49,1152196,1,0
78,50,1079607,1,0
78,51,1093687,1,0
78,52,1153332,1,0
78,53,1162397,1,0
78,54,1059884,1,0
78,55,1057361,1,0
78,56,1096902,1,0
78,57,1196178,1,0
78,58,1094478,1,0
78,59,1195820,1,0
79,0,677256,1,0
79,1,1261972,1,0
79,2,1207505,1,0
79,3,1126658,1,0
79,4,1091925,1,0
79,5,1134145,1,0
79,6,1108257,1,0
79,7,1115283,1,0
79,8,1091801,1,0
79,9,1113438,1,0
79,10,1113637,1,0
79,11,1097280,1,0
79,12,1155760,1,0
79,13,1088547,1,0
79,14,1134971,1,0
79,15,1097588,1,0
79,16,1110973,1,0
79,17,1383636,1,0
79,18,1684218,1,0
79,19,1165480,1,0
79,20,1208534,1,0
79,21,1148719,1,0
79,22,1109541,1,0
79,23,1130630,1,0
79,24,1107043,1,0
79,25,1120462,1,0
79,26,1124194,1,0
79,27,1109597,1,0
79,28,1438957,1,0
79,29,1467722,1,0
79,30,1273658,1,0
79,31,1299394,1,0
79,32,1309024,1,0
79,33,1258779,1,0
79,34,1339458,1,0
79,35,1226895,1,0
79,36,1078025,1,0
79,37,1154476,1,0
79,38,1175003,1,0
79,39,1176688,1,0
79,40,1319683,1,0
79,41,1379605,1,0
79,42,1446216,1,0
79,43,1336083,1,0
79,44,1404978,1,0
79,45,1149866,1,0
79,46,1106536,1,0
79,47,1113725,1,0
79,48,1220677,1,0
79,49,1214535,1,0
79,50,1103770,1,0
79,51,1089032,1,0
79,52,1072582,1,0
79,53,1254947,1,0
79,54,1065014,1,0
79,55,1063458,1,0
79,56,1061034,1,0
79,57,1182233,1,0
79,58,1138907,1,0
79,59,1113055,1,0
80,0,352597,1,0
80,1,1287067,1,0
80,2,1204293,1,0
80,3,1134256,1,0
80,4,1083368,1,0
80,5,1134468,1,0
80,6,1110070,1,0
80,7,1116990,1,0
80,8,1086890,1,0
80,9,1114706,1,0
80,10,1117218,1,0
80,11,1093293,1,0
80,12,1160599,1,0
80,13,1084048,1,0
80,14,1137153,1,0
80,15,1097038,1,0
80,16,1113945,1,0
80,17,1379400,1,0
80,18,1691168,1,0
80,19,1157146,1,0
80,20,1212398,1,0
80,21,1142990,1,0
80,22,1116273,1,0
80,23,1125927,1,0
80,24,1110505,1,0
80,25,1117624,1,0
80,26,1122958,1,0
80,27,1112583,1,0
80,28,1452387,1,0
80,29,1454847,1,0
80,30,1283453,1,0
80,31,1288516,1,0
80,32,1308426,1,0
80,33,1258648,1,0
80,34,1354929,1,0
80,35,1213054,1,0
80,36,1077155,1,0
80,37,1153141,1,0
80,38,1187634,1,0
80,39,1177512,1,0
80,40,1310234,1,0
80,41,1377004,1,0
80,42,1444869,1,0
80,43,1345613,1,0
80,44,1398215,1,0
80,45,1146089,1,0
80,46,1109407,1,0
80,47,1113843,1,0
80,48,1230546,1,0
80,49,1204128,1,0
80,50,1101053,1,0
80,51,1091971,1,0
80,52,1069265,1,0
80,53,1259612,1,0
80,54,1061371,1,0
80,55,1064610,1,0
80,56,1059142,1,0
80,57,1183734,1,0
80,58,1136751,1,0
80,59,1115324,1,0
81,0,1423169,1,0
81,1,1295429,1,0
81,2,1172529,1,0
81,3,1115707,1,0
81,4,1101374,1,0
81,5,1119096,1,0
81,6,1109644,1,0
81,7,1101651,1,0
81,8,1109083,1,0
81,9,1105523,1,0
81,10,1128763,1,0
81,11,1105608,1,0
81,12,1142595,1,0
81,13,1117519,1,0
81,14,1102885,1,0
81,15,1092202,1,0
81,16,1200377,1,0
81,17,1569641,1,0
81,18,1435583,1,0
81,19,1170558,1,0
81,20,1222910,1,0
81,21,1096924,1,0
81,22,1106951,1,0
81,23,1130419,1,0
81,24,1138349,1,0
81,25,1120617,1,0
81,26,1095016,1,0
81,27,1238959,1,0
81,28,1453000,1,0
81,29,1413373,1,0
81,30,1327564,1,0
81,31,1169107,1,0
81,32,1364679,1,0
81,33,1295343,1,0
81,34,1341411,1,0
81,35,1116257,1,0
81,36,1087568,1,0
81,37,1157172,1,0
81,38,1209260,1,0
81,39,1222134,1,0
81,40,1308592,1,0
81,41,1448896,1,0
81,42,1396281,1,0
81,43,1379692,1,0
81,44,1331956,1,0
81,45,1066675,1,0
81,46,1172329,1,0
81,47,1084263,1,0
81,48,1297845,1,0
81,49,1150257,1,0
81,50,1082245,1,0
81,51,1092465,1,0
81,52,1145893,1,0
81,53,1172121,1,0
81,54,1060179,1,0
81,55,1056235,1,0
81,56,1090527,1,0
81,57,1199984,1,0
81,58,1097377,1,0
81,59,1193801,1,0
82,0,329232,1,0
82,1,1274672,1,0
82,2,1204817,1,0
82,3,1128689,1,0
82,4,1090555,1,0
82,5,1132950,1,0
82,6,1111273,1,0
82,7,1114130,1,0
82,8,1089967,1,0
82,9,1114940,1,0
82,10,1116047,1,0
82,11,1095985,1,0
82,12,1158211,1,0
82,13,1084729,1,0
82,14,1136631,1,0
82,15,1096094,1,0
82,16,1111555,1,0
82,17,1383222,1,0
82,18,1688893,1,0
82,19,1159663,1,0
82,20,1210218,1,0
82,21,1146928,1,0
82,22,1110969,1,0
82,23,1128374,1,0
82,24,1109873,1,0
82,25,1119046,1,0
82,26,1122178,1,0
82,27,1112617,1,0
82,28,1451588,1,0
82,29,1455425,1,0
82,30,1283009,1,0
82,31,1290084,1,0
82,32,1309024,1,0
82,33,1258433,1,0
82,34,1339513,1,0
82,35,1226432,1,0
82,36,1078391,1,0
82,37,1153621,1,0
82,38,1176624,1,0
82,39,1174782,1,0
82,40,1322483,1,0
82,41,1376892,1,0
82,42,1446696,1,0
82,43,1333930,1,0
82,44,1410621,1,0
82,45,1144907,1,0
82,46,1108462,1,0
82,47,1113681,1,0
82,48,1220060,1,0
82,49,1214591,1,0
82,50,1102485,1,0
82,51,1089601,1,0
82,52,1071850,1,0
82,53,1258244,1,0
82,54,1063366,1,0
82,55,1065210,1,0
82,56,1058767,1,0
82,57,1183484,1,0
82,58,1136469,1,0
82,59,1112714,1,0
83,0,1119927,1,0
83,1,1326911,1,0
83,2,1184290,1,0
83,3,1140894,1,0
83,4,1085150,1,0
83,5,1129493,1,0
83,6,1112101,1,0
83,7,1108580,1,0
83,8,1094225,1,0
83,9,1105051,1,0
83,10,1121494,1,0
83,11,1097496,1,0
83,12,1173733,1,0
83,13,1084861,1,0
83,14,1128202,1,0
83,15,1094563,1,0
83,16,1119147,1,0
83,17,1410698,1,0
83,18,1655673,1,0
83,19,1174209,1,0
83,20,1224666,1,0
83,21,1102596,1,0
83,22,1121312,1,0
83,23,1123703,1,0
83,24,1141280,1,0
83,25,1097821,1,0
83,26,1121890,1,0
83,27,1115271,1,0
83,28,1500692,1,0
83,29,1448351,1,0
83,30,1256539,1,0
83,31,1262183,1,0
83,32,1334348,1,0
83,33,1276120,1,0
83,34,1345744,1,0
83,35,1186474,1,0
83,36,1076356,1,0
83,37,1154929,1,0
83,38,1195727,1,0
83,39,1181776,1,0
83,40,1318480,1,0
83,41,1392594,1,0
83,42,1439516,1,0
83,43,1328667,1,0
83,44,1400587,1,0
83,45,1116664,1,0
83,46,1143748,1,0
83,47,1082511,1,0
83,48,1255873,1,0
83,49,1200311,1,0
83,50,1089647,1,0
83,51,1094428,1,0
83,52,1087217,1,0
83,53,1235778,1,0
83,54,1059758,1,0
83,55,1061892,1,0
83,56,1054104,1,0
83,57,1222967,1,0
83,58,1109767,1,0
83,59,1129002,1,0
84,0,315935,1,0
84,1,837472,1,0
84,2,1203049,1,0
84,3,1130981,1,0
84,4,1110491,1,0
84,5,1131547,1,0
84,6,1109440,1,0
84,7,1112638,1,0
84,8,1094373,1,0
84,9,1121164,1,0
84,10,1105042,1,0
84,11,1107942,1,0
84,12,1127744,1,0
84,13,1120624,1,0
84,14,1119438,1,0
84,15,1096000,1,0
84,16,1104308,1,0
84,17,1330510,1,0
84,18,1734292,1,0
84,19,1162623,1,0
84,20,1227480,1,0
84,21,1164809,1,0
84,22,1099148,1,0
84,23,1112123,1,0
84,24,1107615,1,0
84,25,1129953,1,0
84,26,1125528,1,0
84,27,1112860,1,0
84,28,1373539,1,0
84,29,1439266,1,0
84,30,1335581,1,0
84,31,1314491,1,0
84,32,1243309,1,0
84,33,1291426,1,0
84,34,1335643,1,0
84,35,1283658,1,0
84,36,1056364,1,0
84,37,1147462,1,0
84,38,1176608,1,0
84,39,1174596,1,0
84,40,1289889,1,0
84,41,1347760,1,0
84,42,1470672,1,0
84,43,1368963,1,0
84,44,1376119,1,0
84,45,1219027,1,0
84,46,1074946,1,0
84,47,1142614,1,0
84,48,1169769,1,0
84,49,1262566,1,0
84,50,1112050,1,0
84,51,1085762,1,0
84,52,1068617,1,0
84,53,1223647,1,0
84,54,1090888,1,0
84,55,1060367,1,0
84,56,1075929,1,0
84,57,1161144,1,0
84,58,1158243,1,0
84,59,1087660,1,0
85,0,1499568,1,0
85,1,1279807,1,0
85,2,1169892,1,0
85,3,1111694,1,0
85,4,1101750,1,0
85,5,1116465,1,0
85,6,1109298,1,0
85,7,1100175,1,0
85,8,1119494,1,0
85,9,1099969,1,0
85,10,1125287,1,0
85,11,1110072,1,0
85,12,1137143,1,0
85,13,1120030,1,0
85,14,1101286,1,0
85,15,1091468,1,0
85,16,1213527,1,0
85,17,1649744,1,0
85,18,1341126,1,0
85,19,1180547,1,0
85,20,1219664,1,0
85,21,1103966,1,0
85,22,1098996,1,0
85,23,1130037,1,0
85,24,1139915,1,0
85,25,1114443,1,0
85,26,1102699,1,0
85,27,1237967,1,0
85,28,1483289,1,0
85,29,1390742,1,0
85,30,1327474,1,0
85,31,1158264,1,0
85,32,1379242,1,0
85,33,1294190,1,0
85,34,1335157,1,0
85,35,1103317,1,0
85,36,1088184,1,0
85,37,1172014,1,0
85,38,1205873,1,0
85,39,1223765,1,0
85,40,1312846,1,0
85,41,1454267,1,0
85,42,1384067,1,0
85,43,1386207,1,0
85,44,1317263,1,0
85,45,1066843,1,0
85,46,1175583,1,0
85,47,1091094,1,0
85,48,1305099,1,0
85,49,1139323,1,0
85,50,1077450,1,0
85,51,1094085,1,0
85,52,1151277,1,0
85,53,1164539,1,0
85,54,1056344,1,0
85,55,1060880,1,0
85,56,1099679,1,0
85,57,1192976,1,0
85,58,1105753,1,0
85,59,1184193,1,0
86,0,279049,1,0
86,1,711666,1,0
86,2,949943,1,0
86,3,1084661,1,0
86,4,1109223,1,0
86,5,1112176,1,0
86,6,1101852,1,0
86,7,1115167,1,0
86,8,1103354,1,0
86,9,1118235,1,0
86,10,1109226,1,0
86,11,1108082,1,0
86,12,1120779,1,0
86,13,1125675,1,0
86,14,1125785,1,0
86,15,1101509,1,0
86,16,1087830,1,0
86,17,1254619,1,0
86,18,1785953,1,0
86,19,1165627,1,0
86,20,1198838,1,0
86,21,1201815,1,0
86,22,1108518,1,0
86,23,1108226,1,0
86,24,1125749,1,0
86,25,1132681,1,0
86,26,1114340,1,0
86,27,1098471,1,0
86,28,1303659,1,0
86,29,1444562,1,0
86,30,1382031,1,0
86,31,1331543,1,0
86,32,1138136,1,0
86,33,1394183,1,0
86,34,1304114,1,0
86,35,1330277,1,0
86,36,1079898,1,0
86,37,1110890,1,0
86,38,1150850,1,0
86,39,1212451,1,0
86,40,1242014,1,0
86,41,1323987,1,0
86,42,1469404,1,0
86,43,1372919,1,0
86,44,1368554,1,0
86,45,1296473,1,0
86,46,1068868,1,0
86,47,1168573,1,0
86,48,1122388,1,0
86,49,1307800,1,0
86,50,1111834,1,0
86,51,1076244,1,0
86,52,1087909,1,0
86,53,1195911,1,0
86,54,1115196,1,0
86,55,1064837,1,0
86,56,1060532,1,0
86,57,1114467,1,0
86,58,1185427,1,0
86,59,1102061,1,0
87,0,1512631,1,0
87,1,1276633,1,0
87,2,1169811,1,0
87,3,1112899,1,0
87,4,1100226,1,0
87,5,1116374,1,0
87,6,1108852,1,0
87,7,1099944,1,0
87,8,1119034,1,0
87,9,1099647,1,0
87,10,1125120,1,0
87,11,1112005,1,0
87,12,1137774,1,0
87,13,1117102,1,0
87,14,1103038,1,0
87,15,1091796,1,0
87,16,1223419,1,0
87,17,1638159,1,0
87,18,1340428,1,0
87,19,1183321,1,0
87,20,1219148,1,0
87,21,1105521,1,0
87,22,1099771,1,0
87,23,1127641,1,0
87,24,1139952,1,0
87,25,1113703,1,0
87,26,1102257,1,0
87,27,1237710,1,0
87,28,1485232,1,0
87,29,1388554,1,0
87,30,1332286,1,0
87,31,1156260,1,0
87,32,1378459,1,0
87,33,1293917,1,0
87,34,1335205,1,0
87,35,1103074,1,0
87,36,1088025,1,0
87,37,1171377,1,0
87,38,1206101,1,0
87,39,1222636,1,0
87,40,1323856,1,0
87,41,1443370,1,0
87,42,1385357,1,0
87,43,1386535,1,0
87,44,1317031,1,0
87,45,1065674,1,0
87,46,1174490,1,0
87,47,1091349,1,0
87,48,1317500,1,0
87,49,1129421,1,0
87,50,1077107,1,0
87,51,1093072,1,0
87,52,1166359,1,0
87,53,1148728,1,0
87,54,1057405,1,0
87,55,1062308,1,0
87,56,1096556,1,0
87,57,1193772,1,0
87,58,1110911,1,0
87,59,1179473,1,0
88,0,1197032,1,0
88,1,1318780,1,0
88,2,1176504,1,0
88,3,1144228,1,0
88,4,1081155,1,0
88,5,1131108,1,0
88,6,1114856,1,0
88,7,1110158,1,0
88,8,1092250,1,0
88,9,1099212,1,0
88,10,1132987,1,0
88,11,1090107,1,0
88,12,1176465,1,0
88,13,1088659,1,0
88,14,1123334,1,0
88,15,1090088,1,0
88,16,1120899,1,0
88,17,1425074,1,0
88,18,1648926,1,0
88,19,1171140,1,0
88,20,1224042,1,0
88,21,1105171,1,0
88,22,1113692,1,0
88,23,1128826,1,0
88,24,1134063,1,0
88,25,1114904,1,0
88,26,1108103,1,0
88,27,1131811,1,0
88,28,1499482,1,0
88,29,1447001,1,0
88,30,1255842,1,0
88,31,1254559,1,0
88,32,1341718,1,0
88,33,1285710,1,0
88,34,1333677,1,0
88,35,1177372,1,0
88,36,1074234,1,0
88,37,1157175,1,0
88,38,1203697,1,0
88,39,1192722,1,0
88,40,1315852,1,0
88,41,1410378,1,0
88,42,1421694,1,0
88,43,1322628,1,0
88,44,1409772,1,0
88,45,1096177,1,0
88,46,1154226,1,0
88,47,1072550,1,0
88,48,1275389,1,0
88,49,1184890,1,0
88,50,1090701,1,0
88,51,1090707,1,0
88,52,1093639,1,0
88,53,1226622,1,0
88,54,1061226,1,0
88,55,1056471,1,0
88,56,1073883,1,0
88,57,1214229,1,0
88,58,1100200,1,0
88,59,1139504,1,0
89,0,211884,1,0
89,1,1367990,1,0
89,2,1186124,1,0
89,3,1141375,1,0
89,4,1083772,1,0
89,5,1130503,1,0
89,6,1108076,1,0
89,7,1113610,1,0
89,8,1088959,1,0
89,9,1112320,1,0
89,10,1118444,1,0
89,11,1093433,1,0
89,12,1173325,1,0
89,13,1082190,1,0
89,14,1133586,1,0
89,15,1090812,1,0
89,16,1119847,1,0
89,17,1396666,1,0
89,18,1673929,1,0
89,19,1167416,1,0
89,20,1212925,1,0
89,21,1125823,1,0
89,22,1116413,1,0
89,23,1123650,1,0
89,24,1120019,1,0
89,25,1121002,1,0
89,26,1113429,1,0
89,27,1121504,1,0
89,28,1474664,1,0
89,29,1451913,1,0
89,30,1268836,1,0
89,31,1274854,1,0
89,32,1313548,1,0
89,33,1278658,1,0
89,34,1341372,1,0
89,35,1203909,1,0
89,36,1078400,1,0
89,37,1152485,1,0
89,38,1194873,1,0
89,39,1167870,1,0
89,40,1327278,1,0
89,41,1392012,1,0
89,42,1426582,1,0
89,43,1339670,1,0
89,44,1393425,1,0
89,45,1140137,1,0
89,46,1132256,1,0
89,47,1092706,1,0
89,48,1240885,1,0
89,49,1197879,1,0
89,50,1098620,1,0
89,51,1091824,1,0
89,52,1065997,1,0
89,53,1262293,1,0
89,54,1063808,1,0
89,55,1058545,1,0
89,56,1059671,1,0
89,57,1211327,1,0
89,58,1114373,1,0
89,59,1123851,1,0
90,0,301526,1,0
90,1,1356482,1,0
90,2,1188234,1,0
90,3,1140546,1,0
90,4,1076330,1,0
90,5,1139286,1,0
90,6,1106292,1,0
90,7,1114472,1,0
90,8,1086486,1,0
90,9,1112323,1,0
90,10,1120908,1,0
90,11,1094171,1,0
90,12,1171591,1,0
90,13,1080513,1,0
90,14,1135002,1,0
90,15,1093726,1,0
90,16,1116805,1,0
90,17,1397005,1,0
90,18,1671284,1,0
90,19,1164067,1,0
90,20,1216270,1,0
90,21,1130069,1,0
90,22,1117200,1,0
90,23,1121227,1,0
90,24,1119837,1,0
90,25,1121353,1,0
90,26,1116342,1,0
90,27,1109920,1,0
90,28,1472557,1,0
90,29,1463484,1,0
90,30,1267978,1,0
90,31,1275673,1,0
90,32,1315817,1,0
90,33,1264160,1,0
90,34,1354623,1,0
90,35,1203478,1,0
90,36,1075074,1,0
90,37,1154098,1,0
90,38,1196721,1,0
90,39,1166632,1,0
90,40,1317833,1,0
90,41,1390257,1,0
90,42,1437153,1,0
90,43,1339229,1,0
90,44,1392774,1,0
90,45,1142278,1,0
90,46,1130692,1,0
90,47,1093795,1,0
90,48,1241163,1,0
90,49,1197565,1,0
90,50,1097524,1,0
90,51,1092572,1,0
90,52,1066719,1,0
90,53,1261803,1,0
90,54,1066016,1,0
90,55,1056967,1,0
90,56,1059237,1,0
90,57,1212548,1,0
90,58,1114439,1,0
90,59,1122551,1,0
91,0,50997,1,0
91,1,1061703,1,0
91,2,1220358,1,0
91,3,1132352,1,0
91,4,1115709,1,0
91,5,1123670,1,0
91,6,1110069,1,0
91,7,1115702,1,0
91,8,1091626,1,0
91,9,1120761,1,0
91,10,1102111,1,0
91,11,1111572,1,0
91,12,1124398,1,0
91,13,1116848,1,0
91,14,1127536,1,0
91,15,1091499,1,0
91,16,1107660,1,0
91,17,1354745,1,0
91,18,1712719,1,0
91,19,1157219,1,0
91,20,1226937,1,0
91,21,1162406,1,0
91,22,1100258,1,0
91,23,1114169,1,0
91,24,1113653,1,0
91,25,1122178,1,0
91,26,1132428,1,0
91,27,1104841,1,0
91,28,1403283,1,0
91,29,1422745,1,0
91,30,1331673,1,0
91,31,1310120,1,0
91,32,1285974,1,0
91,33,1261166,1,0
91,34,1328183,1,0
91,35,1279032,1,0
91,36,1060303,1,0
91,37,1145113,1,0
91,38,1184839,1,0
91,39,1177981,1,0
91,40,1293990,1,0
91,41,1351835,1,0
91,42,1473326,1,0
91,43,1349309,1,0
91,44,1384477,1,0
91,45,1205912,1,0
91,46,1081367,1,0
91,47,1130497,1,0
91,48,1179210,1,0
91,49,1252743,1,0
91,50,1111733,1,0
91,51,1088586,1,0
91,52,1073052,1,0
91,53,1218588,1,0
91,54,1091956,1,0
91,55,1065674,1,0
91,56,1073526,1,0
91,57,1165506,1,0
91,58,1151104,1,0
91,59,1084846,1,0
92,0,116584,1,0
92,1,1095127,1,0
92,2,1230441,1,0
92,3,1122971,1,0
92,4,1115375,1,0
92,5,1119748,1,0
92,6,1114348,1,0
92,7,1112083,1,0
92,8,1094895,1,0
92,9,1121949,1,0
92,10,1100219,1,0
92,11,1110945,1,0
92,12,1128241,1,0
92,13,1112004,1,0
92,14,1128153,1,0
92,15,1091590,1,0
92,16,1107852,1,0
92,17,1355057,1,0
92,18,1711955,1,0
92,19,1164813,1,0
92,20,1219671,1,0
92,21,1161840,1,0
92,22,1098832,1,0
92,23,1118338,1,0
92,24,1113814,1,0
92,25,1119877,1,0
92,26,1133801,1,0
92,27,1105417,1,0
92,28,1413966,1,0
92,29,1422467,1,0
92,30,1326372,1,0
92,31,1306097,1,0
92,32,1291831,1,0
92,33,1252370,1,0
92,34,1338391,1,0
92,35,1267913,1,0
92,36,1065071,1,0
92,37,1154676,1,0
92,38,1171898,1,0
92,39,1177815,1,0
92,40,1302026,1,0
92,41,1359476,1,0
92,42,1467323,1,0
92,43,1349204,1,0
92,44,1389588,1,0
92,45,1191342,1,0
92,46,1082836,1,0
92,47,1129288,1,0
92,48,1198962,1,0
92,49,1233141,1,0
92,50,1107958,1,0
92,51,1088421,1,0
92,52,1075275,1,0
92,53,1224579,1,0
92,54,1088848,1,0
92,55,1066160,1,0
92,56,1068692,1,0
92,57,1165729,1,0
92,58,1153392,1,0
92,59,1093791,1,0
93,0,289956,1,0
93,1,996952,1,0
93,2,1192712,1,0
93,3,1129593,1,0
93,4,1111186,1,0
93,5,1131123,1,0
93,6,1109794,1,0
93,7,1111883,1,0
93,8,1093138,1,0
93,9,1123471,1,0
93,10,1105598,1,0
93,11,1106807,1,0
93,12,1129881,1,0
93,13,1117864,1,0
93,14,1120398,1,0
93,15,1095812,1,0
93,16,1102684,1,0
93,17,1330993,1,0
93,18,1736519,1,0
93,19,1161536,1,0
93,20,1225768,1,0
93,21,1167426,1,0
93,22,1097944,1,0
93,23,1112043,1,0
93,24,1107533,1,0
93,25,1131451,1,0
93,26,1124643,1,0
93,27,1111533,1,0
93,28,1373899,1,0
93,29,1441853,1,0
93,30,1324257,1,0
93,31,1322897,1,0
93,32,1225897,1,0
93,33,1310872,1,0
93,34,1324492,1,0
93,35,1293635,1,0
93,36,1057813,1,0
93,37,1138824,1,0
93,38,1182655,1,0
93,39,1175093,1,0
93,40,1280744,1,0
93,41,1346981,1,0
93,42,1468720,1,0
93,43,1372964,1,0
93,44,1370834,1,0
93,45,1232939,1,0
93,46,1074704,1,0
93,47,1142841,1,0
93,48,1171045,1,0
93,49,1262666,1,0
93,50,1110915,1,0
93,51,1084896,1,0
93,52,1069831,1,0
93,53,1222567,1,0
93,54,1091987,1,0
93,55,1060258,1,0
93,56,1074900,1,0
93,57,1163408,1,0
93,58,1157011,1,0
93,59,1086906,1,0
94,0,1396313,1,0
94,1,1309102,1,0
94,2,1170510,1,0
94,3,1117778,1,0
94,4,1101834,1,0
94,5,1118409,1,0
94,6,1111003,1,0
94,7,1102783,1,0
94,8,1105076,1,0
94,9,1102965,1,0
94,10,1133981,1,0
94,11,1103734,1,0
94,12,1145350,1,0
94,13,1114770,1,0
94,14,1104045,1,0
94,15,1089621,1,0
94,16,1200626,1,0
94,17,1560843,1,0
94,18,1446153,1,0
94,19,1170652,1,0
94,20,1222745,1,0
94,21,1098276,1,0
94,22,1107040,1,0
94,23,1126751,1,0
94,24,1143056,1,0
94,25,1109655,1,0
94,26,1105240,1,0
94,27,1227765,1,0
94,28,1450890,1,0
94,29,1413860,1,0
94,30,1338281,1,0
94,31,1168027,1,0
94,32,1367155,1,0
94,33,1295752,1,0
94,34,1341930,1,0
94,35,1114273,1,0
94,36,1084285,1,0
94,37,1163459,1,0
94,38,1206899,1,0
94,39,1215298,1,0
94,40,1313853,1,0
94,41,1450924,1,0
94,42,1396666,1,0
94,43,1376555,1,0
94,44,1334812,1,0
94,45,1068522,1,0
94,46,1170680,1,0
94,47,1083380,1,0
94,48,1297926,1,0
94,49,1148748,1,0
94,50,1085564,1,0
94,51,1091073,1,0
94,52,1147291,1,0
94,53,1170519,1,0
94,54,1060472,1,0
94,55,1055325,1,0
94,56,1088728,1,0
94,57,1200964,1,0
94,58,1098459,1,0
94,59,1193815,1,0
95,0,1524896,1,0
95,1,1276537,1,0
95,2,1169152,1,0
95,3,1110243,1,0
95,4,1102624,1,0
95,5,1114989,1,0
95,6,1109932,1,0
95,7,1099728,1,0
95,8,1119848,1,0
95,9,1099556,1,0
95,10,1123251,1,0
95,11,1114073,1,0
95,12,1135985,1,0
95,13,1117799,1,0
95,14,1103806,1,0
95,15,1090585,1,0
95,16,1223752,1,0
95,17,1639796,1,0
95,18,1341583,1,0
95,19,1181142,1,0
95,20,1219317,1,0
95,21,1105358,1,0
95,22,1104544,1,0
95,23,1123754,1,0
95,24,1141189,1,0
95,25,1111220,1,0
95,26,1102535,1,0
95,27,1249450,1,0
95,28,1477563,1,0
95,29,1383886,1,0
95,30,1337687,1,0
95,31,1151038,1,0
95,32,1379051,1,0
95,33,1294577,1,0
95,34,1333138,1,0
95,35,1104043,1,0
95,36,1090336,1,0
95,37,1166872,1,0
95,38,1208879,1,0
95,39,1222417,1,0
95,40,1323304,1,0
95,41,1454394,1,0
95,42,1373469,1,0
95,43,1385981,1,0
95,44,1318744,1,0
95,45,1065194,1,0
95,46,1174666,1,0
95,47,1103229,1,0
95,48,1306155,1,0
95,49,1128535,1,0
95,50,1079455,1,0
95,51,1090837,1,0
95,52,1165655,1,0
95,53,1148011,1,0
95,54,1058906,1,0
95,55,1062631,1,0
95,56,1098341,1,0
95,57,1190748,1,0
95,58,1113964,1,0
95,59,1176544,1,0
96,0,1248869,1,0
96,1,1313274,1,0
96,2,1171444,1,0
96,3,1146331,1,0
96,4,1085658,1,0
96,5,1128474,1,0
96,6,1110818,1,0
96,7,1111884,1,0
96,8,1098837,1,0
96,9,1093998,1,0
96,10,1135516,1,0
96,11,1086377,1,0
96,12,1173843,1,0
96,13,1092856,1,0
96,14,1121622,1,0
96,15,1088240,1,0
96,16,1130790,1,0
96,17,1478708,1,0
96,18,1592158,1,0
96,19,1172611,1,0
96,20,1222583,1,0
96,21,1099213,1,0
96,22,1112924,1,0
96,23,1130015,1,0
96,24,1136354,1,0
96,25,1112301,1,0
96,26,1108223,1,0
96,27,1166753,1,0
96,28,1484759,1,0
96,29,1422089,1,0
96,30,1279401,1,0
96,31,1242305,1,0
96,32,1347061,1,0
96,33,1273078,1,0
96,34,1344115,1,0
96,35,1163679,1,0
96,36,1076595,1,0
96,37,1161185,1,0
96,38,1200279,1,0
96,39,1203297,1,0
96,40,1316354,1,0
96,41,1411812,1,0
96,42,1406532,1,0
96,43,1351880,1,0
96,44,1392674,1,0
96,45,1085253,1,0
96,46,1159971,1,0
96,47,1072638,1,0
96,48,1287656,1,0
96,49,1173370,1,0
96,50,1089041,1,0
96,51,1092305,1,0
96,52,1102463,1,0
96,53,1216006,1,0
96,54,1060541,1,0
96,55,1055162,1,0
96,56,1074530,1,0
96,57,1211403,1,0
96,58,1106087,1,0
96,59,1137245,1,0
97,0,82602,1,0
97,1,1072939,1,0
97,2,1230026,1,0
97,3,1123309,1,0
97,4,1116223,1,0
97,5,1120518,1,0
97,6,1112525,1,0
97,7,1114688,1,0
97,8,1092119,1,0
97,9,1120836,1,0
97,10,1103291,1,0
97,11,1108339,1,0
97,12,1128028,1,0
97,13,1114729,1,0
97,14,1129128,1,0
97,15,1090773,1,0
97,16,1106844,1,0
97,17,1354888,1,0
97,18,1711833,1,0
97,19,1159042,1,0
97,20,1224788,1,0
97,21,1162442,1,0
97,22,1102716,1,0
97,23,1113794,1,0
97,24,1114010,1,0
97,25,1121157,1,0
97,26,1132707,1,0
97,27,1107067,1,0
97,28,1400626,1,0
97,29,1435105,1,0
97,30,1319422,1,0
97,31,1311888,1,0
97,32,1295282,1,0
97,33,1248592,1,0
97,34,1341076,1,0
97,35,1267425,1,0
97,36,1059215,1,0
97,37,1148400,1,0
97,38,1182298,1,0
97,39,1178488,1,0
97,40,1294014,1,0
97,41,1355800,1,0
97,42,1467585,1,0
97,43,1361913,1,0
97,44,1373318,1,0
97,45,1206524,1,0
97,46,1081205,1,0
97,47,1130141,1,0
97,48,1179924,1,0
97,49,1251954,1,0
97,50,1111057,1,0
97,51,1088279,1,0
97,52,1071949,1,0
97,53,1220186,1,0
97,54,1093692,1,0
97,55,1064988,1,0
97,56,1072522,1,0
97,57,1165903,1,0
97,58,1151206,1,0
97,59,1084847,1,0
98,0,260527,1,0
98,1,1122132,1,0
98,2,1225542,1,0
98,3,1126746,1,0
98,4,1109225,1,0
98,5,1123532,1,0
98,6,1113948,1,0
98,7,1111059,1,0
98,8,1093758,1,0
98,9,1120424,1,0
98,10,1108191,1,0
98,11,1104566,1,0
98,12,1129812,1,0
98,13,1109406,1,0
98,14,1128596,1,0
98,15,1094559,1,0
98,16,1105297,1,0
98,17,1364603,1,0
98,18,1705695,1,0
98,19,1164111,1,0
98,20,1219960,1,0
98,21,1159418,1,0
98,22,1097440,1,0
98,23,1122616,1,0
98,24,1113901,1,0
98,25,1119024,1,0
98,26,1132060,1,0
98,27,1103934,1,0
98,28,1416025,1,0
98,29,1432297,1,0
98,30,1314087,1,0
98,31,1310380,1,0
98,32,1290165,1,0
98,33,1261034,1,0
98,34,1339506,1,0
98,35,1255579,1,0
98,36,1071130,1,0
98,37,1150807,1,0
98,38,1170424,1,0
98,39,1179373,1,0
98,40,1302418,1,0
98,41,1358329,1,0
98,42,1468464,1,0
98,43,1351780,1,0
98,44,1386950,1,0
98,45,1189207,1,0
98,46,1086015,1,0
98,47,1127002,1,0
98,48,1197556,1,0
98,49,1235557,1,0
98,50,1105967,1,0
98,51,1088313,1,0
98,52,1075431,1,0
98,53,1230514,1,0
98,54,1086252,1,0
98,55,1065053,1,0
98,56,1066425,1,0
98,57,1166395,1,0
98,58,1152880,1,0
98,59,1095833,1,0
99,0,194044,1,0
99,1,594962,1,0
99,2,916330,1,0
99,3,1105379,1,0
99,4,1110397,1,0
99,5,1111891,1,0
99,6,1104966,1,0
99,7,1113121,1,0
99,8,1101832,1,0
99,9,1120207,1,0
99,10,1107221,1,0
99,11,1109378,1,0
99,12,1120305,1,0
99,13,1123011,1,0
99,14,1127560,1,0
99,15,1102655,1,0
99,16,1087639,1,0
99,17,1253597,1,0
99,18,1787726,1,0
99,19,1165960,1,0
99,20,1197130,1,0
99,21,1201489,1,0
99,22,1109641,1,0
99,23,1109792,1,0
99,24,1126949,1,0
99,25,1127283,1,0
99,26,1118192,1,0
99,27,1107086,1,0
99,28,1292953,1,0
99,29,1465751,1,0
99,30,1361926,1,0
99,31,1331805,1,0
99,32,1137736,1,0
99,33,1393456,1,0
99,34,1314539,1,0
99,35,1318644,1,0
99,36,1080009,1,0
99,37,1116645,1,0
99,38,1146187,1,0
99,39,1212154,1,0
99,40,1241011,1,0
99,41,1336158,1,0
99,42,1462209,1,0
99,43,1380160,1,0
99,44,1357787,1,0
99,45,1297348,1,0
99,46,1066693,1,0
99,47,1172229,1,0
99,48,1119342,1,0
99,49,1307178,1,0
99,50,1114901,1,0
99,51,1074123,1,0
99,52,1090308,1,0
99,53,1208909,1,0
99,54,1098419,1,0
99,55,1064291,1,0
99,56,1060785,1,0
99,57,1115881,1,0
99,58,1190888,1,0
99,59,1096168,1,0
