worker_id,sequence,latency_us,success,status_code
0,0,2193707,1,0
0,1,2240207,1,0
0,2,2162989,1,0
0,3,2220815,1,0
0,4,2507029,1,0
0,5,2190750,1,0
0,6,2288773,1,0
0,7,2211767,1,0
0,8,2182010,1,0
0,9,2188872,1,0
0,10,2246151,1,0
0,11,2225291,1,0
0,12,2392280,1,0
0,13,2496989,1,0
0,14,2189127,1,0
0,15,2474434,1,0
0,16,2809655,1,0
0,17,2598928,1,0
0,18,2453492,1,0
0,19,2248273,1,0
0,20,2100766,1,0
0,21,2047639,1,0
0,22,2027290,1,0
0,23,2152474,1,0
0,24,2028725,1,0
0,25,2197307,1,0
0,26,2068359,1,0
0,27,2127909,1,0
0,28,2159108,1,0
0,29,2080080,1,0
0,30,2211912,1,0
0,31,2115684,1,0
0,32,2099526,1,0
0,33,2025192,1,0
0,34,2186644,1,0
0,35,2228204,1,0
0,36,2132111,1,0
0,37,2088808,1,0
0,38,2108037,1,0
0,39,2175904,1,0
0,40,2240213,1,0
0,41,1994891,1,0
0,42,2128569,1,0
0,43,2021707,1,0
0,44,2244505,1,0
0,45,2099673,1,0
0,46,2098745,1,0
0,47,2012724,1,0
0,48,2158431,1,0
0,49,2066949,1,0
0,50,2190859,1,0
0,51,2066820,1,0
0,52,2201417,1,0
0,53,2043205,1,0
0,54,2208416,1,0
0,55,1964999,1,0
0,56,2072317,1,0
0,57,2057545,1,0
0,58,2158236,1,0
0,59,2091023,1,0
1,0,2182799,1,0
1,1,2240609,1,0
1,2,2162815,1,0
1,3,2212176,1,0
1,4,2513968,1,0
1,5,2193154,1,0
1,6,2289195,1,0
1,7,2212400,1,0
1,8,2180514,1,0
1,9,2180223,1,0
1,10,2252910,1,0
1,11,2225714,1,0
1,12,2391610,1,0
1,13,2497258,1,0
1,14,2191902,1,0
1,15,2472230,1,0
1,16,2807295,1,0
1,17,2599389,1,0
1,18,2454933,1,0
1,19,2249555,1,0
1,20,2100362,1,0
1,21,2047500,1,0
1,22,2028551,1,0
1,23,2151265,1,0
1,24,2030527,1,0
1,25,2195860,1,0
1,26,2069477,1,0
1,27,2126999,1,0
1,28,2159817,1,0
1,29,2078663,1,0
1,30,2213330,1,0
1,31,2115032,1,0
1,32,2099400,1,0
1,33,2026518,1,0
1,34,2186789,1,0
1,35,2228076,1,0
1,36,2129784,1,0
1,37,2090931,1,0
1,38,2107760,1,0
1,39,2173862,1,0
1,40,2242990,1,0
1,41,1993436,1,0
1,42,2128573,1,0
1,43,2022968,1,0
1,44,2242213,1,0
1,45,2100745,1,0
1,46,2098982,1,0
1,47,2013229,1,0
1,48,2157455,1,0
1,49,2067995,1,0
1,50,2189541,1,0
1,51,2068696,1,0
1,52,2200248,1,0
1,53,2036460,1,0
1,54,2215501,1,0
1,55,1964473,1,0
1,56,2074062,1,0
1,57,2055824,1,0
1,58,2157566,1,0
1,59,2091780,1,0
2,0,209915,1,0
2,1,1567654,1,0
2,2,2215080,1,0
2,3,2167022,1,0
2,4,2326808,1,0
2,5,2414728,1,0
2,6,2207681,1,0
2,7,2293424,1,0
2,8,2169137,1,0
2,9,2192513,1,0
2,10,2206853,1,0
2,11,2241781,1,0
2,12,2214243,1,0
2,13,2432900,1,0
2,14,2466102,1,0
2,15,2199121,1,0
2,16,2469780,1,0
2,17,2946939,1,0
2,18,2459513,1,0
2,19,2475982,1,0
2,20,2187793,1,0
2,21,2118877,1,0
2,22,2038052,1,0
2,23,2021957,1,0
2,24,2149517,1,0
2,25,2032695,1,0
2,26,2224975,1,0
2,27,2098726,1,0
2,28,2081526,1,0
2,29,2164051,1,0
2,30,2080084,1,0
2,31,2184313,1,0
2,32,2141610,1,0
2,33,2090585,1,0
2,34,2006286,1,0
2,35,2245542,1,0
2,36,2179491,1,0
2,37,2127741,1,0
2,38,2077535,1,0
2,39,2142864,1,0
2,40,2176324,1,0
2,41,2211680,1,0
2,42,2011131,1,0
2,43,2145101,1,0
2,44,1982569,1,0
2,45,2293167,1,0
2,46,2056200,1,0
2,47,2124799,1,0
2,48,1995577,1,0
2,49,2151946,1,0
2,50,2086877,1,0
2,51,2185718,1,0
2,52,2065813,1,0
2,53,2197378,1,0
2,54,2071744,1,0
2,55,2156422,1,0
2,56,1959354,1,0
2,57,2089812,1,0
2,58,2101516,1,0
2,59,2120669,1,0
3,0,2160080,1,0
3,1,2243369,1,0
3,2,2161183,1,0
3,3,2210416,1,0
3,4,2515514,1,0
3,5,2193357,1,0
3,6,2284619,1,0
3,7,2217510,1,0
3,8,2180786,1,0
3,9,2176954,1,0
3,10,2254458,1,0
3,11,2224375,1,0
3,12,2391913,1,0
3,13,2496332,1,0
3,14,2195893,1,0
3,15,2469291,1,0
3,16,2801394,1,0
3,17,2604438,1,0
3,18,2456819,1,0
3,19,2253133,1,0
3,20,2098180,1,0
3,21,2048264,1,0
3,22,2030910,1,0
3,23,2146333,1,0
3,24,2034001,1,0
3,25,2192665,1,0
3,26,2070475,1,0
3,27,2126861,1,0
3,28,2132161,1,0
3,29,2107711,1,0
3,30,2215003,1,0
3,31,2112584,1,0
3,32,2101117,1,0
3,33,2025862,1,0
3,34,2188014,1,0
3,35,2225470,1,0
3,36,2134074,1,0
3,37,2091734,1,0
3,38,2101024,1,0
3,39,2176866,1,0
3,40,2242075,1,0
3,41,1994041,1,0
3,42,2128456,1,0
3,43,2022299,1,0
3,44,2242004,1,0
3,45,2100057,1,0
3,46,2098668,1,0
3,47,2015995,1,0
3,48,2159195,1,0
3,49,2063399,1,0
3,50,2192060,1,0
3,51,2069669,1,0
3,52,2198753,1,0
3,53,2033296,1,0
3,54,2221038,1,0
3,55,1962960,1,0
3,56,2077008,1,0
3,57,2052351,1,0
3,58,2158759,1,0
3,59,2091166,1,0
4,0,2170272,1,0
4,1,2241789,1,0
4,2,2163669,1,0
4,3,2210441,1,0
4,4,2516112,1,0
4,5,2193766,1,0
4,6,2287154,1,0
4,7,2211954,1,0
4,8,2181259,1,0
4,9,2181034,1,0
4,10,2250276,1,0
4,11,2227082,1,0
4,12,2391609,1,0
4,13,2497533,1,0
4,14,2193852,1,0
4,15,2470581,1,0
4,16,2803843,1,0
4,17,2600142,1,0
4,18,2458059,1,0
4,19,2252207,1,0
4,20,2096542,1,0
4,21,2048870,1,0
4,22,2030341,1,0
4,23,2147725,1,0
4,24,2032900,1,0
4,25,2195191,1,0
4,26,2069048,1,0
4,27,2127072,1,0
4,28,2159345,1,0
4,29,2079334,1,0
4,30,2214660,1,0
4,31,2114252,1,0
4,32,2099805,1,0
4,33,2025690,1,0
4,34,2187573,1,0
4,35,2227067,1,0
4,36,2131506,1,0
4,37,2091563,1,0
4,38,2104561,1,0
4,39,2175801,1,0
4,40,2243142,1,0
4,41,1993565,1,0
4,42,2127545,1,0
4,43,2023842,1,0
4,44,2240929,1,0
4,45,2102506,1,0
4,46,2096853,1,0
4,47,2014673,1,0
4,48,2157775,1,0
4,49,2064093,1,0
4,50,2192350,1,0
4,51,2069854,1,0
4,52,2200269,1,0
4,53,2034030,1,0
4,54,2217510,1,0
4,55,1964058,1,0
4,56,2076441,1,0
4,57,2052935,1,0
4,58,2158910,1,0
4,59,2090957,1,0
5,0,923800,1,0
5,1,2018495,1,0
5,2,2182989,1,0
5,3,2156021,1,0
5,4,2427703,1,0
5,5,2312407,1,0
5,6,2193131,1,0
5,7,2305314,1,0
5,8,2211316,1,0
5,9,2153967,1,0
5,10,2232677,1,0
5,11,2249394,1,0
5,12,2188472,1,0
5,13,2476038,1,0
5,14,2416654,1,0
5,15,2241973,1,0
5,16,2504880,1,0
5,17,2869856,1,0
5,18,2494063,1,0
5,19,2509824,1,0
5,20,2098794,1,0
5,21,2105984,1,0
5,22,2055216,1,0
5,23,2075934,1,0
5,24,2113499,1,0
5,25,2074444,1,0
5,26,2137148,1,0
5,27,2122676,1,0
5,28,2069055,1,0
5,29,2175057,1,0
5,30,2068914,1,0
5,31,2175034,1,0
5,32,2144251,1,0
5,33,2096773,1,0
5,34,2011132,1,0
5,35,2255885,1,0
5,36,2173002,1,0
5,37,2141191,1,0
5,38,2065038,1,0
5,39,2138005,1,0
5,40,2183132,1,0
5,41,2213504,1,0
5,42,1995869,1,0
5,43,2141852,1,0
5,44,2014168,1,0
5,45,2282516,1,0
5,46,2032983,1,0
5,47,2122508,1,0
5,48,2074411,1,0
5,49,2110509,1,0
5,50,2141112,1,0
5,51,2116486,1,0
5,52,2153555,1,0
5,53,2081330,1,0
5,54,2186021,1,0
5,55,2036880,1,0
5,56,2041194,1,0
5,57,2031893,1,0
5,58,2134810,1,0
5,59,2095794,1,0
6,0,2150843,1,0
6,1,2240232,1,0
6,2,2162615,1,0
6,3,2209241,1,0
6,4,2515788,1,0
6,5,2195679,1,0
6,6,2284039,1,0
6,7,2216974,1,0
6,8,2180559,1,0
6,9,2176403,1,0
6,10,2255193,1,0
6,11,2220768,1,0
6,12,2394934,1,0
6,13,2495835,1,0
6,14,2197001,1,0
6,15,2469644,1,0
6,16,2799021,1,0
6,17,2603901,1,0
6,18,2459217,1,0
6,19,2253598,1,0
6,20,2097283,1,0
6,21,2050452,1,0
6,22,2029991,1,0
6,23,2145158,1,0
6,24,2035349,1,0
6,25,2189073,1,0
6,26,2073543,1,0
6,27,2125471,1,0
6,28,2127621,1,0
6,29,2113855,1,0
6,30,2214640,1,0
6,31,2114347,1,0
6,32,2098762,1,0
6,33,2027889,1,0
6,34,2187611,1,0
6,35,2223153,1,0
6,36,2135687,1,0
6,37,2092140,1,0
6,38,2099587,1,0
6,39,2178714,1,0
6,40,2242338,1,0
6,41,1992642,1,0
6,42,2129267,1,0
6,43,2023114,1,0
6,44,2240528,1,0
6,45,2100110,1,0
6,46,2099453,1,0
6,47,2016388,1,0
6,48,2156943,1,0
6,49,2063098,1,0
6,50,2193000,1,0
6,51,2070868,1,0
6,52,2195428,1,0
6,53,2034112,1,0
6,54,2222245,1,0
6,55,1964839,1,0
6,56,2076481,1,0
6,57,2050490,1,0
6,58,2159175,1,0
6,59,2092938,1,0
7,0,2141353,1,0
7,1,2238234,1,0
7,2,2162954,1,0
7,3,2208860,1,0
7,4,2511335,1,0
7,5,2201572,1,0
7,6,2282800,1,0
7,7,2217671,1,0
7,8,2182536,1,0
7,9,2175160,1,0
7,10,2253758,1,0
7,11,2219907,1,0
7,12,2396810,1,0
7,13,2494369,1,0
7,14,2198827,1,0
7,15,2469204,1,0
7,16,2795427,1,0
7,17,2605166,1,0
7,18,2460090,1,0
7,19,2254975,1,0
7,20,2097279,1,0
7,21,2051005,1,0
7,22,2029147,1,0
7,23,2146029,1,0
7,24,2034987,1,0
7,25,2185801,1,0
7,26,2078506,1,0
7,27,2125492,1,0
7,28,2124700,1,0
7,29,2114658,1,0
7,30,2215591,1,0
7,31,2114201,1,0
7,32,2099508,1,0
7,33,2028726,1,0
7,34,2185089,1,0
7,35,2223685,1,0
7,36,2136595,1,0
7,37,2091719,1,0
7,38,2099389,1,0
7,39,2177956,1,0
7,40,2244153,1,0
7,41,1990692,1,0
7,42,2129025,1,0
7,43,2025460,1,0
7,44,2236979,1,0
7,45,2103431,1,0
7,46,2099003,1,0
7,47,2014842,1,0
7,48,2158165,1,0
7,49,2061820,1,0
7,50,2193066,1,0
7,51,2072935,1,0
7,52,2193951,1,0
7,53,2031168,1,0
7,54,2225122,1,0
7,55,1966004,1,0
7,56,2076245,1,0
7,57,2049875,1,0
7,58,2159640,1,0
7,59,2092219,1,0
8,0,2238211,1,0
8,1,2234150,1,0
8,2,2168527,1,0
8,3,2265370,1,0
8,4,2462362,1,0
8,5,2189902,1,0
8,6,2297669,1,0
8,7,2200035,1,0
8,8,2185370,1,0
8,9,2188309,1,0
8,10,2247205,1,0
8,11,2229340,1,0
8,12,2389216,1,0
8,13,2496668,1,0
8,14,2186966,1,0
8,15,2475530,1,0
8,16,2831005,1,0
8,17,2577109,1,0
8,18,2457233,1,0
8,19,2241400,1,0
8,20,2102578,1,0
8,21,2046687,1,0
8,22,2027583,1,0
8,23,2156162,1,0
8,24,2024828,1,0
8,25,2205070,1,0
8,26,2060452,1,0
8,27,2134050,1,0
8,28,2165972,1,0
8,29,2070996,1,0
8,30,2204513,1,0
8,31,2120735,1,0
8,32,2095873,1,0
8,33,2030573,1,0
8,34,2185168,1,0
8,35,2229380,1,0
8,36,2128981,1,0
8,37,2085125,1,0
8,38,2113109,1,0
8,39,2174706,1,0
8,40,2236653,1,0
8,41,2000640,1,0
8,42,2129168,1,0
8,43,2015082,1,0
8,44,2251345,1,0
8,45,2095403,1,0
8,46,2104544,1,0
8,47,2009022,1,0
8,48,2157379,1,0
8,49,2066954,1,0
8,50,2188248,1,0
8,51,2070648,1,0
8,52,2201546,1,0
8,53,2052852,1,0
8,54,2195385,1,0
8,55,1963402,1,0
8,56,2074612,1,0
8,57,2061305,1,0
8,58,2154323,1,0
8,59,2123289,1,0
9,0,795600,1,0
9,1,1429171,1,0
9,2,2217953,1,0
9,3,2180720,1,0
9,4,2284113,1,0
9,5,2452093,1,0
9,6,2194724,1,0
9,7,2297337,1,0
9,8,2169235,1,0
9,9,2196573,1,0
9,10,2210307,1,0
9,11,2242998,1,0
9,12,2213172,1,0
9,13,2418126,1,0
9,14,2469989,1,0
9,15,2205786,1,0
9,16,2461627,1,0
9,17,2891607,1,0
9,18,2526340,1,0
9,19,2459027,1,0
9,20,2218629,1,0
9,21,2109773,1,0
9,22,2040043,1,0
9,23,2020550,1,0
9,24,2156704,1,0
9,25,2029187,1,0
9,26,2215686,1,0
9,27,2109171,1,0
9,28,2080819,1,0
9,29,2160041,1,0
9,30,2069570,1,0
9,31,2199387,1,0
9,32,2135139,1,0
9,33,2093352,1,0
9,34,2012938,1,0
9,35,2209873,1,0
9,36,2209178,1,0
9,37,2128215,1,0
9,38,2079983,1,0
9,39,2128112,1,0
9,40,2181912,1,0
9,41,2221377,1,0
9,42,2012563,1,0
9,43,2132799,1,0
9,44,1989997,1,0
9,45,2292515,1,0
9,46,2062179,1,0
9,47,2118436,1,0
9,48,1995173,1,0
9,49,2160944,1,0
9,50,2070863,1,0
9,51,2188775,1,0
9,52,2071613,1,0
9,53,2204475,1,0
9,54,2060451,1,0
9,55,2173888,1,0
9,56,1956358,1,0
9,57,2080629,1,0
9,58,2072054,1,0
9,59,2147349,1,0
10,0,2116654,1,0
10,1,2239207,1,0
10,2,2160808,1,0
10,3,2210111,1,0
10,4,2511548,1,0
10,5,2199067,1,0
10,6,2284371,1,0
10,7,2219665,1,0
10,8,2183966,1,0
10,9,2172880,1,0
10,10,2252443,1,0
10,11,2218616,1,0
10,12,2399895,1,0
10,13,2492674,1,0
10,14,2200633,1,0
10,15,2466698,1,0
10,16,2789955,1,0
10,17,2609462,1,0
10,18,2458723,1,0
10,19,2260197,1,0
10,20,2096227,1,0
10,21,2052194,1,0
10,22,2030128,1,0
10,23,2143587,1,0
10,24,2037717,1,0
10,25,2184561,1,0
10,26,2079417,1,0
10,27,2123349,1,0
10,28,2122195,1,0
10,29,2118393,1,0
10,30,2217511,1,0
10,31,2113192,1,0
10,32,2100731,1,0
10,33,2029567,1,0
10,34,2182844,1,0
10,35,2222155,1,0
10,36,2138336,1,0
10,37,2092657,1,0
10,38,2096043,1,0
10,39,2180734,1,0
10,40,2244054,1,0
10,41,1987524,1,0
10,42,2131929,1,0
10,43,2025228,1,0
10,44,2233690,1,0
10,45,2107745,1,0
10,46,2098020,1,0
10,47,2013286,1,0
10,48,2157894,1,0
10,49,2058996,1,0
10,50,2198436,1,0
10,51,2070639,1,0
10,52,2195110,1,0
10,53,2027367,1,0
10,54,2225527,1,0
10,55,1968716,1,0
10,56,2077541,1,0
10,57,2049121,1,0
10,58,2161445,1,0
10,59,2091039,1,0
11,0,2128997,1,0
11,1,2239331,1,0
11,2,2162286,1,0
11,3,2209861,1,0
11,4,2512267,1,0
11,5,2200823,1,0
11,6,2282150,1,0
11,7,2218211,1,0
11,8,2183504,1,0
11,9,2173995,1,0
11,10,2251742,1,0
11,11,2221287,1,0
11,12,2398040,1,0
11,13,2493039,1,0
11,14,2199054,1,0
11,15,2468685,1,0
11,16,2794115,1,0
11,17,2606642,1,0
11,18,2459116,1,0
11,19,2256918,1,0
11,20,2096006,1,0
11,21,2051806,1,0
11,22,2030400,1,0
11,23,2145477,1,0
11,24,2035147,1,0
11,25,2186599,1,0
11,26,2078490,1,0
11,27,2124593,1,0
11,28,2123699,1,0
11,29,2114715,1,0
11,30,2218833,1,0
11,31,2111703,1,0
11,32,2101300,1,0
11,33,2029256,1,0
11,34,2182695,1,0
11,35,2223840,1,0
11,36,2137221,1,0
11,37,2091338,1,0
11,38,2099136,1,0
11,39,2178662,1,0
11,40,2244865,1,0
11,41,1988107,1,0
11,42,2131526,1,0
11,43,2025410,1,0
11,44,2235302,1,0
11,45,2104373,1,0
11,46,2099635,1,0
11,47,2013434,1,0
11,48,2159142,1,0
11,49,2059514,1,0
11,50,2195682,1,0
11,51,2073166,1,0
11,52,2192501,1,0
11,53,2029458,1,0
11,54,2223894,1,0
11,55,1967996,1,0
11,56,2077458,1,0
11,57,2051293,1,0
11,58,2159734,1,0
11,59,2091442,1,0
12,0,715497,1,0
12,1,1656457,1,0
12,2,2205421,1,0
12,3,2170555,1,0
12,4,2350123,1,0
12,5,2380948,1,0
12,6,2204100,1,0
12,7,2296325,1,0
12,8,2203114,1,0
12,9,2165416,1,0
12,10,2210970,1,0
12,11,2233731,1,0
12,12,2221971,1,0
12,13,2428442,1,0
12,14,2463912,1,0
12,15,2204385,1,0
12,16,2474885,1,0
12,17,2943421,1,0
12,18,2450129,1,0
12,19,2499686,1,0
12,20,2161753,1,0
12,21,2120497,1,0
12,22,2039476,1,0
12,23,2018455,1,0
12,24,2158087,1,0
12,25,2053604,1,0
12,26,2196031,1,0
12,27,2102625,1,0
12,28,2078849,1,0
12,29,2164540,1,0
12,30,2077881,1,0
12,31,2183459,1,0
12,32,2143259,1,0
12,33,2088452,1,0
12,34,2004167,1,0
12,35,2255460,1,0
12,36,2176626,1,0
12,37,2131172,1,0
12,38,2070549,1,0
12,39,2144088,1,0
12,40,2177906,1,0
12,41,2211282,1,0
12,42,2008619,1,0
12,43,2147985,1,0
12,44,1991795,1,0
12,45,2289923,1,0
12,46,2044752,1,0
12,47,2122533,1,0
12,48,1999676,1,0
12,49,2151138,1,0
12,50,2095120,1,0
12,51,2184951,1,0
12,52,2057829,1,0
12,53,2193396,1,0
12,54,2082840,1,0
12,55,2150355,1,0
12,56,1956578,1,0
12,57,2094057,1,0
12,58,2141150,1,0
12,59,2079388,1,0
13,0,440928,1,0
13,1,2106696,1,0
13,2,2179648,1,0
13,3,2154890,1,0
13,4,2442805,1,0
13,5,2303490,1,0
13,6,2191898,1,0
13,7,2303167,1,0
13,8,2212584,1,0
13,9,2148805,1,0
13,10,2249830,1,0
13,11,2241654,1,0
13,12,2203035,1,0
13,13,2462079,1,0
13,14,2409278,1,0
13,15,2283366,1,0
13,16,2496991,1,0
13,17,2844487,1,0
13,18,2504375,1,0
13,19,2491255,1,0
13,20,2095454,1,0
13,21,2099498,1,0
13,22,2068290,1,0
13,23,2067612,1,0
13,24,2113946,1,0
13,25,2090389,1,0
13,26,2118981,1,0
13,27,2134141,1,0
13,28,2071905,1,0
13,29,2157041,1,0
13,30,2076952,1,0
13,31,2185731,1,0
13,32,2132856,1,0
13,33,2094615,1,0
13,34,2021332,1,0
13,35,2252706,1,0
13,36,2170782,1,0
13,37,2136597,1,0
13,38,2067013,1,0
13,39,2146032,1,0
13,40,2184661,1,0
13,41,2200202,1,0
13,42,1995552,1,0
13,43,2147137,1,0
13,44,2016962,1,0
13,45,2273830,1,0
13,46,2046500,1,0
13,47,2111285,1,0
13,48,2117529,1,0
13,49,2068574,1,0
13,50,2143812,1,0
13,51,2116206,1,0
13,52,2158001,1,0
13,53,2072625,1,0
13,54,2188560,1,0
13,55,2030689,1,0
13,56,2048116,1,0
13,57,2037810,1,0
13,58,2124749,1,0
13,59,2101574,1,0
14,0,198940,1,0
14,1,2060419,1,0
14,2,2183217,1,0
14,3,2153844,1,0
14,4,2442220,1,0
14,5,2301633,1,0
14,6,2196133,1,0
14,7,2298999,1,0
14,8,2215359,1,0
14,9,2150481,1,0
14,10,2239929,1,0
14,11,2249206,1,0
14,12,2193216,1,0
14,13,2473120,1,0
14,14,2411472,1,0
14,15,2267237,1,0
14,16,2498280,1,0
14,17,2852850,1,0
14,18,2500052,1,0
14,19,2500112,1,0
14,20,2097121,1,0
14,21,2102249,1,0
14,22,2061460,1,0
14,23,2071302,1,0
14,24,2115587,1,0
14,25,2078954,1,0
14,26,2129666,1,0
14,27,2127018,1,0
14,28,2078380,1,0
14,29,2161537,1,0
14,30,2072541,1,0
14,31,2186209,1,0
14,32,2133114,1,0
14,33,2095340,1,0
14,34,2013323,1,0
14,35,2255290,1,0
14,36,2173913,1,0
14,37,2140734,1,0
14,38,2063209,1,0
14,39,2141961,1,0
14,40,2185381,1,0
14,41,2206477,1,0
14,42,1995364,1,0
14,43,2140746,1,0
14,44,2019327,1,0
14,45,2279063,1,0
14,46,2034271,1,0
14,47,2121467,1,0
14,48,2076433,1,0
14,49,2108445,1,0
14,50,2143333,1,0
14,51,2116881,1,0
14,52,2153471,1,0
14,53,2079219,1,0
14,54,2184338,1,0
14,55,2035032,1,0
14,56,2045863,1,0
14,57,2035285,1,0
14,58,2127277,1,0
14,59,2099933,1,0
15,0,854500,1,0
15,1,2128292,1,0
15,2,2186655,1,0
15,3,2145999,1,0
15,4,2445486,1,0
15,5,2301845,1,0
15,6,2193720,1,0
15,7,2301164,1,0
15,8,2216092,1,0
15,9,2152338,1,0
15,10,2245299,1,0
15,11,2240829,1,0
15,12,2207250,1,0
15,13,2457842,1,0
15,14,2406495,1,0
15,15,2292156,1,0
15,16,2499389,1,0
15,17,2842150,1,0
15,18,2503696,1,0
15,19,2484831,1,0
15,20,2095017,1,0
15,21,2098888,1,0
15,22,2068697,1,0
15,23,2067412,1,0
15,24,2115453,1,0
15,25,2089377,1,0
15,26,2120916,1,0
15,27,2133880,1,0
15,28,2068658,1,0
15,29,2157003,1,0
15,30,2079989,1,0
15,31,2183366,1,0
15,32,2135172,1,0
15,33,2089685,1,0
15,34,2028590,1,0
15,35,2251055,1,0
15,36,2170220,1,0
15,37,2134817,1,0
15,38,2066888,1,0
15,39,2149570,1,0
15,40,2181938,1,0
15,41,2197248,1,0
15,42,1996535,1,0
15,43,2147359,1,0
15,44,2018437,1,0
15,45,2275189,1,0
15,46,2044651,1,0
15,47,2109245,1,0
15,48,2119683,1,0
15,49,2069144,1,0
15,50,2141915,1,0
15,51,2119276,1,0
15,52,2155620,1,0
15,53,2072969,1,0
15,54,2188780,1,0
15,55,2031041,1,0
15,56,2046425,1,0
15,57,2043306,1,0
15,58,2123495,1,0
15,59,2098457,1,0
16,0,2107094,1,0
16,1,2239805,1,0
16,2,2161124,1,0
16,3,2210473,1,0
16,4,2509862,1,0
16,5,2198781,1,0
16,6,2285031,1,0
16,7,2222507,1,0
16,8,2183983,1,0
16,9,2169631,1,0
16,10,2253925,1,0
16,11,2217381,1,0
16,12,2400720,1,0
16,13,2490757,1,0
16,14,2203581,1,0
16,15,2465497,1,0
16,16,2786539,1,0
16,17,2613307,1,0
16,18,2455778,1,0
16,19,2263188,1,0
16,20,2096536,1,0
16,21,2052308,1,0
16,22,2030321,1,0
16,23,2142378,1,0
16,24,2039385,1,0
16,25,2184168,1,0
16,26,2079147,1,0
16,27,2124048,1,0
16,28,2108977,1,0
16,29,2131799,1,0
16,30,2216957,1,0
16,31,2112784,1,0
16,32,2101840,1,0
16,33,2029763,1,0
16,34,2182170,1,0
16,35,2222256,1,0
16,36,2139297,1,0
16,37,2092414,1,0
16,38,2094123,1,0
16,39,2182190,1,0
16,40,2243931,1,0
16,41,1987485,1,0
16,42,2132051,1,0
16,43,2025390,1,0
16,44,2232939,1,0
16,45,2107644,1,0
16,46,2098083,1,0
16,47,2013240,1,0
16,48,2158733,1,0
16,49,2056767,1,0
16,50,2199539,1,0
16,51,2072827,1,0
16,52,2192084,1,0
16,53,2028972,1,0
16,54,2226287,1,0
16,55,1969213,1,0
16,56,2074761,1,0
16,57,2049866,1,0
16,58,2157866,1,0
16,59,2098054,1,0
17,0,272205,1,0
17,1,1645969,1,0
17,2,2205001,1,0
17,3,2168421,1,0
17,4,2345325,1,0
17,5,2389169,1,0
17,6,2204545,1,0
17,7,2295648,1,0
17,8,2200027,1,0
17,9,2168376,1,0
17,10,2207506,1,0
17,11,2236492,1,0
17,12,2220985,1,0
17,13,2428616,1,0
17,14,2464002,1,0
17,15,2204533,1,0
17,16,2474019,1,0
17,17,2945142,1,0
17,18,2450623,1,0
17,19,2493428,1,0
17,20,2167911,1,0
17,21,2121768,1,0
17,22,2037391,1,0
17,23,2019083,1,0
17,24,2156865,1,0
17,25,2054852,1,0
17,26,2196805,1,0
17,27,2100448,1,0
17,28,2080156,1,0
17,29,2165537,1,0
17,30,2078571,1,0
17,31,2182039,1,0
17,32,2144158,1,0
17,33,2087648,1,0
17,34,2005678,1,0
17,35,2254417,1,0
17,36,2176221,1,0
17,37,2129322,1,0
17,38,2072178,1,0
17,39,2143415,1,0
17,40,2178266,1,0
17,41,2212186,1,0
17,42,2008124,1,0
17,43,2145682,1,0
17,44,1991695,1,0
17,45,2291446,1,0
17,46,2047044,1,0
17,47,2121717,1,0
17,48,1998961,1,0
17,49,2151818,1,0
17,50,2093878,1,0
17,51,2184231,1,0
17,52,2059077,1,0
17,53,2194771,1,0
17,54,2081305,1,0
17,55,2151419,1,0
17,56,1956509,1,0
17,57,2093763,1,0
17,58,2141378,1,0
17,59,2078392,1,0
18,0,2096349,1,0
18,1,2233326,1,0
18,2,2168216,1,0
18,3,2209180,1,0
18,4,2507582,1,0
18,5,2200112,1,0
18,6,2284471,1,0
18,7,2225249,1,0
18,8,2181964,1,0
18,9,2172110,1,0
18,10,2252352,1,0
18,11,2217146,1,0
18,12,2401208,1,0
18,13,2489688,1,0
18,14,2203151,1,0
18,15,2466380,1,0
18,16,2784897,1,0
18,17,2616706,1,0
18,18,2453032,1,0
18,19,2266971,1,0
18,20,2093457,1,0
18,21,2055022,1,0
18,22,2027799,1,0
18,23,2142395,1,0
18,24,2041350,1,0
18,25,2184079,1,0
18,26,2080660,1,0
18,27,2120482,1,0
18,28,2109624,1,0
18,29,2133350,1,0
18,30,2215347,1,0
18,31,2114338,1,0
18,32,2101795,1,0
18,33,2029988,1,0
18,34,2179955,1,0
18,35,2223211,1,0
18,36,2139355,1,0
18,37,2092217,1,0
18,38,2096165,1,0
18,39,2179499,1,0
18,40,2245363,1,0
18,41,1986227,1,0
18,42,2133292,1,0
18,43,2027012,1,0
18,44,2230067,1,0
18,45,2110930,1,0
18,46,2097283,1,0
18,47,2013105,1,0
18,48,2156761,1,0
18,49,2054291,1,0
18,50,2203755,1,0
18,51,2072331,1,0
18,52,2192113,1,0
18,53,2028410,1,0
18,54,2224747,1,0
18,55,1971094,1,0
18,56,2074489,1,0
18,57,2047600,1,0
18,58,2160001,1,0
18,59,2099155,1,0
19,0,2086842,1,0
19,1,2226127,1,0
19,2,2174413,1,0
19,3,2207897,1,0
19,4,2509010,1,0
19,5,2199042,1,0
19,6,2284479,1,0
19,7,2222556,1,0
19,8,2186667,1,0
19,9,2170101,1,0
19,10,2252705,1,0
19,11,2216586,1,0
19,12,2401714,1,0
19,13,2490414,1,0
19,14,2203093,1,0
19,15,2465802,1,0
19,16,2783988,1,0
19,17,2616687,1,0
19,18,2449774,1,0
19,19,2271533,1,0
19,20,2094433,1,0
19,21,2056424,1,0
19,22,2024729,1,0
19,23,2140801,1,0
19,24,2043621,1,0
19,25,2183634,1,0
19,26,2082403,1,0
19,27,2118293,1,0
19,28,2102608,1,0
19,29,2141403,1,0
19,30,2215601,1,0
19,31,2114119,1,0
19,32,2103192,1,0
19,33,2029240,1,0
19,34,2179969,1,0
19,35,2223530,1,0
19,36,2137391,1,0
19,37,2095142,1,0
19,38,2095298,1,0
19,39,2177718,1,0
19,40,2247159,1,0
19,41,1985082,1,0
19,42,2134163,1,0
19,43,2027611,1,0
19,44,2227153,1,0
19,45,2113774,1,0
19,46,2095650,1,0
19,47,2013180,1,0
19,48,2153746,1,0
19,49,2057625,1,0
19,50,2203342,1,0
19,51,2073008,1,0
19,52,2192036,1,0
19,53,2027761,1,0
19,54,2224800,1,0
19,55,1972533,1,0
19,56,2073093,1,0
19,57,2045820,1,0
19,58,2163482,1,0
19,59,2097218,1,0
20,0,87972,1,0
20,1,1858153,1,0
20,2,2189863,1,0
20,3,2157976,1,0
20,4,2411503,1,0
20,5,2325790,1,0
20,6,2198479,1,0
20,7,2297416,1,0
20,8,2222830,1,0
20,9,2145466,1,0
20,10,2227049,1,0
20,11,2242708,1,0
20,12,2199559,1,0
20,13,2453742,1,0
20,14,2436412,1,0
20,15,2214045,1,0
20,16,2490101,1,0
20,17,2914892,1,0
20,18,2472372,1,0
20,19,2522265,1,0
20,20,2113640,1,0
20,21,2112412,1,0
20,22,2046474,1,0
20,23,2039565,1,0
20,24,2150483,1,0
20,25,2085916,1,0
20,26,2140839,1,0
20,27,2111454,1,0
20,28,2075139,1,0
20,29,2176040,1,0
20,30,2068705,1,0
20,31,2166845,1,0
20,32,2150317,1,0
20,33,2089808,1,0
20,34,2003314,1,0
20,35,2271019,1,0
20,36,2173876,1,0
20,37,2138169,1,0
20,38,2063164,1,0
20,39,2132414,1,0
20,40,2184410,1,0
20,41,2218500,1,0
20,42,1995709,1,0
20,43,2148787,1,0
20,44,2013254,1,0
20,45,2278426,1,0
20,46,2037179,1,0
20,47,2114755,1,0
20,48,2024619,1,0
20,49,2140381,1,0
20,50,2092957,1,0
20,51,2186107,1,0
20,52,2096781,1,0
20,53,2142969,1,0
20,54,2169815,1,0
20,55,2057414,1,0
20,56,2035327,1,0
20,57,2029918,1,0
20,58,2138556,1,0
20,59,2083789,1,0
21,0,2268926,1,0
21,1,2230498,1,0
21,2,2172926,1,0
21,3,2266323,1,0
21,4,2461775,1,0
21,5,2187684,1,0
21,6,2296693,1,0
21,7,2195888,1,0
21,8,2188443,1,0
21,9,2189171,1,0
21,10,2248270,1,0
21,11,2228112,1,0
21,12,2393001,1,0
21,13,2495994,1,0
21,14,2184990,1,0
21,15,2476227,1,0
21,16,2838922,1,0
21,17,2576709,1,0
21,18,2450194,1,0
21,19,2240290,1,0
21,20,2103855,1,0
21,21,2043307,1,0
21,22,2025390,1,0
21,23,2156208,1,0
21,24,2027979,1,0
21,25,2207235,1,0
21,26,2055793,1,0
21,27,2139924,1,0
21,28,2161012,1,0
21,29,2070255,1,0
21,30,2205653,1,0
21,31,2122799,1,0
21,32,2096950,1,0
21,33,2027579,1,0
21,34,2192559,1,0
21,35,2222100,1,0
21,36,2127923,1,0
21,37,2082614,1,0
21,38,2116890,1,0
21,39,2176038,1,0
21,40,2234832,1,0
21,41,2004156,1,0
21,42,2126517,1,0
21,43,2012495,1,0
21,44,2262462,1,0
21,45,2083532,1,0
21,46,2108238,1,0
21,47,2005286,1,0
21,48,2159243,1,0
21,49,2065099,1,0
21,50,2190881,1,0
21,51,2068793,1,0
21,52,2200885,1,0
21,53,2064335,1,0
21,54,2185904,1,0
21,55,1961097,1,0
21,56,2078242,1,0
21,57,2061875,1,0
21,58,2151134,1,0
21,59,2121220,1,0
22,0,395961,1,0
22,1,1473961,1,0
22,2,2218157,1,0
22,3,2176734,1,0
22,4,2285403,1,0
22,5,2453864,1,0
22,6,2200612,1,0
22,7,2294533,1,0
22,8,2168824,1,0
22,9,2191036,1,0
22,10,2211030,1,0
22,11,2244342,1,0
22,12,2212624,1,0
22,13,2423515,1,0
22,14,2472583,1,0
22,15,2201089,1,0
22,16,2463514,1,0
22,17,2906829,1,0
22,18,2506348,1,0
22,19,2465756,1,0
22,20,2206681,1,0
22,21,2111926,1,0
22,22,2040184,1,0
22,23,2024288,1,0
22,24,2151100,1,0
22,25,2032121,1,0
22,26,2217427,1,0
22,27,2111163,1,0
22,28,2076702,1,0
22,29,2159346,1,0
22,30,2077523,1,0
22,31,2186723,1,0
22,32,2143653,1,0
22,33,2091642,1,0
22,34,2007817,1,0
22,35,2220304,1,0
22,36,2200300,1,0
22,37,2127473,1,0
22,38,2079799,1,0
22,39,2130708,1,0
22,40,2182209,1,0
22,41,2219722,1,0
22,42,2013129,1,0
22,43,2138433,1,0
22,44,1988199,1,0
22,45,2290848,1,0
22,46,2058436,1,0
22,47,2122189,1,0
22,48,1995749,1,0
22,49,2156489,1,0
22,50,2078983,1,0
22,51,2184967,1,0
22,52,2069919,1,0
22,53,2203569,1,0
22,54,2063661,1,0
22,55,2168350,1,0
22,56,1955756,1,0
22,57,2084052,1,0
22,58,2069674,1,0
22,59,2150264,1,0
23,0,2035510,1,0
23,1,2221995,1,0
23,2,2177027,1,0
23,3,2204461,1,0
23,4,2501302,1,0
23,5,2206700,1,0
23,6,2284418,1,0
23,7,2229133,1,0
23,8,2185997,1,0
23,9,2167856,1,0
23,10,2252061,1,0
23,11,2218175,1,0
23,12,2397333,1,0
23,13,2491209,1,0
23,14,2199289,1,0
23,15,2464449,1,0
23,16,2774314,1,0
23,17,2627085,1,0
23,18,2443077,1,0
23,19,2290337,1,0
23,20,2081366,1,0
23,21,2068987,1,0
23,22,2020160,1,0
23,23,2123321,1,0
23,24,2063907,1,0
23,25,2184859,1,0
23,26,2081267,1,0
23,27,2115470,1,0
23,28,2099155,1,0
23,29,2143981,1,0
23,30,2220767,1,0
23,31,2110340,1,0
23,32,2106864,1,0
23,33,2029484,1,0
23,34,2145701,1,0
23,35,2257578,1,0
23,36,2129430,1,0
23,37,2106102,1,0
23,38,2091334,1,0
23,39,2175338,1,0
23,40,2252203,1,0
23,41,1983438,1,0
23,42,2133997,1,0
23,43,2025922,1,0
23,44,2226597,1,0
23,45,2115833,1,0
23,46,2092333,1,0
23,47,2011586,1,0
23,48,2150837,1,0
23,49,2058454,1,0
23,50,2204761,1,0
23,51,2071679,1,0
23,52,2194600,1,0
23,53,2029182,1,0
23,54,2226254,1,0
23,55,1969148,1,0
23,56,2079084,1,0
23,57,2039582,1,0
23,58,2165266,1,0
23,59,2097051,1,0
24,0,2024648,1,0
24,1,2222148,1,0
24,2,2176851,1,0
24,3,2202889,1,0
24,4,2503325,1,0
24,5,2207964,1,0
24,6,2282492,1,0
24,7,2227613,1,0
24,8,2189066,1,0
24,9,2167682,1,0
24,10,2249642,1,0
24,11,2219930,1,0
24,12,2396770,1,0
24,13,2490366,1,0
24,14,2201314,1,0
24,15,2460607,1,0
24,16,2773232,1,0
24,17,2629001,1,0
24,18,2442009,1,0
24,19,2294032,1,0
24,20,2077953,1,0
24,21,2073051,1,0
24,22,2020478,1,0
24,23,2116827,1,0
24,24,2068574,1,0
24,25,2185060,1,0
24,26,2081596,1,0
24,27,2114165,1,0
24,28,2099840,1,0
24,29,2144214,1,0
24,30,2221219,1,0
24,31,2108852,1,0
24,32,2108501,1,0
24,33,2030094,1,0
24,34,2145765,1,0
24,35,2256777,1,0
24,36,2128654,1,0
24,37,2107743,1,0
24,38,2089901,1,0
24,39,2176079,1,0
24,40,2252930,1,0
24,41,1982159,1,0
24,42,2134028,1,0
24,43,2026897,1,0
24,44,2225346,1,0
24,45,2116057,1,0
24,46,2092625,1,0
24,47,2011582,1,0
24,48,2151234,1,0
24,49,2058891,1,0
24,50,2203862,1,0
24,51,2071697,1,0
24,52,2193890,1,0
24,53,2030944,1,0
24,54,2224113,1,0
24,55,1971657,1,0
24,56,2076140,1,0
24,57,2040548,1,0
24,58,2165403,1,0
24,59,2095244,1,0
25,0,133483,1,0
25,1,1951060,1,0
25,2,2182759,1,0
25,3,2158529,1,0
25,4,2417726,1,0
25,5,2320140,1,0
25,6,2193549,1,0
25,7,2306356,1,0
25,8,2213833,1,0
25,9,2154515,1,0
25,10,2226546,1,0
25,11,2245037,1,0
25,12,2189888,1,0
25,13,2475289,1,0
25,14,2419848,1,0
25,15,2226737,1,0
25,16,2498415,1,0
25,17,2890033,1,0
25,18,2488493,1,0
25,19,2520210,1,0
25,20,2099388,1,0
25,21,2108550,1,0
25,22,2052079,1,0
25,23,2081849,1,0
25,24,2112565,1,0
25,25,2072579,1,0
25,26,2141063,1,0
25,27,2117083,1,0
25,28,2070991,1,0
25,29,2179099,1,0
25,30,2069889,1,0
25,31,2160717,1,0
25,32,2154687,1,0
25,33,2091752,1,0
25,34,2005399,1,0
25,35,2269733,1,0
25,36,2167043,1,0
25,37,2142577,1,0
25,38,2065286,1,0
25,39,2133202,1,0
25,40,2185527,1,0
25,41,2217713,1,0
25,42,1995732,1,0
25,43,2142005,1,0
25,44,2015809,1,0
25,45,2281389,1,0
25,46,2034219,1,0
25,47,2118622,1,0
25,48,2028490,1,0
25,49,2156264,1,0
25,50,2139513,1,0
25,51,2118160,1,0
25,52,2117735,1,0
25,53,2121861,1,0
25,54,2173842,1,0
25,55,2049947,1,0
25,56,2033756,1,0
25,57,2036100,1,0
25,58,2136934,1,0
25,59,2093619,1,0
26,0,1968588,1,0
26,1,2223906,1,0
26,2,2179819,1,0
26,3,2188183,1,0
26,4,2513339,1,0
26,5,2204937,1,0
26,6,2279631,1,0
26,7,2232417,1,0
26,8,2196677,1,0
26,9,2166112,1,0
26,10,2246031,1,0
26,11,2219879,1,0
26,12,2393043,1,0
26,13,2496399,1,0
26,14,2201480,1,0
26,15,2445226,1,0
26,16,2773178,1,0
26,17,2635387,1,0
26,18,2438709,1,0
26,19,2308087,1,0
26,20,2062873,1,0
26,21,2088861,1,0
26,22,2020938,1,0
26,23,2106519,1,0
26,24,2081166,1,0
26,25,2182315,1,0
26,26,2083321,1,0
26,27,2114038,1,0
26,28,2094879,1,0
26,29,2144228,1,0
26,30,2193793,1,0
26,31,2137948,1,0
26,32,2111527,1,0
26,33,2029486,1,0
26,34,2132358,1,0
26,35,2267710,1,0
26,36,2131792,1,0
26,37,2108656,1,0
26,38,2085495,1,0
26,39,2174345,1,0
26,40,2258240,1,0
26,41,1985138,1,0
26,42,2123982,1,0
26,43,2033968,1,0
26,44,2221225,1,0
26,45,2120703,1,0
26,46,2094986,1,0
26,47,2002908,1,0
26,48,2152046,1,0
26,49,2057215,1,0
26,50,2205770,1,0
26,51,2073113,1,0
26,52,2193346,1,0
26,53,2021389,1,0
26,54,2230592,1,0
26,55,1976364,1,0
26,56,2075431,1,0
26,57,2039867,1,0
26,58,2164642,1,0
26,59,2094545,1,0
27,0,1935385,1,0
27,1,2218163,1,0
27,2,2188514,1,0
27,3,2184641,1,0
27,4,2513995,1,0
27,5,2203744,1,0
27,6,2274650,1,0
27,7,2237203,1,0
27,8,2201656,1,0
27,9,2157092,1,0
27,10,2249403,1,0
27,11,2223712,1,0
27,12,2391141,1,0
27,13,2496137,1,0
27,14,2202924,1,0
27,15,2436643,1,0
27,16,2771850,1,0
27,17,2638950,1,0
27,18,2439923,1,0
27,19,2314883,1,0
27,20,2059045,1,0
27,21,2093951,1,0
27,22,2021023,1,0
27,23,2103242,1,0
27,24,2083410,1,0
27,25,2178333,1,0
27,26,2089609,1,0
27,27,2109424,1,0
27,28,2094732,1,0
27,29,2148307,1,0
27,30,2166073,1,0
27,31,2162972,1,0
27,32,2107610,1,0
27,33,2035721,1,0
27,34,2119447,1,0
27,35,2273697,1,0
27,36,2137964,1,0
27,37,2104703,1,0
27,38,2087692,1,0
27,39,2172940,1,0
27,40,2262082,1,0
27,41,1985990,1,0
27,42,2118989,1,0
27,43,2036927,1,0
27,44,2219242,1,0
27,45,2125009,1,0
27,46,2091037,1,0
27,47,2003242,1,0
27,48,2153010,1,0
27,49,2057429,1,0
27,50,2202048,1,0
27,51,2074892,1,0
27,52,2190998,1,0
27,53,2025355,1,0
27,54,2228456,1,0
27,55,1979656,1,0
27,56,2071722,1,0
27,57,2043188,1,0
27,58,2163726,1,0
27,59,2094652,1,0
28,0,1958607,1,0
28,1,2221848,1,0
28,2,2182566,1,0
28,3,2185357,1,0
28,4,2514253,1,0
28,5,2204235,1,0
28,6,2277460,1,0
28,7,2234270,1,0
28,8,2198715,1,0
28,9,2160066,1,0
28,10,2250145,1,0
28,11,2220516,1,0
28,12,2391682,1,0
28,13,2498209,1,0
28,14,2200176,1,0
28,15,2443318,1,0
28,16,2772893,1,0
28,17,2638189,1,0
28,18,2437367,1,0
28,19,2309443,1,0
28,20,2064023,1,0
28,21,2089720,1,0
28,22,2021534,1,0
28,23,2105006,1,0
28,24,2082566,1,0
28,25,2179838,1,0
28,26,2085444,1,0
28,27,2111965,1,0
28,28,2094453,1,0
28,29,2146790,1,0
28,30,2167007,1,0
28,31,2162944,1,0
28,32,2112540,1,0
28,33,2030152,1,0
28,34,2131796,1,0
28,35,2265939,1,0
28,36,2133780,1,0
28,37,2105135,1,0
28,38,2088513,1,0
28,39,2171723,1,0
28,40,2260591,1,0
28,41,1986801,1,0
28,42,2121352,1,0
28,43,2036193,1,0
28,44,2219253,1,0
28,45,2122791,1,0
28,46,2094561,1,0
28,47,2001813,1,0
28,48,2152822,1,0
28,49,2057461,1,0
28,50,2205374,1,0
28,51,2071970,1,0
28,52,2193281,1,0
28,53,2022296,1,0
28,54,2229388,1,0
28,55,1978258,1,0
28,56,2072535,1,0
28,57,2040422,1,0
28,58,2167090,1,0
28,59,2094079,1,0
29,0,229913,1,0
29,1,1962253,1,0
29,2,2182303,1,0
29,3,2159499,1,0
29,4,2415047,1,0
29,5,2322646,1,0
29,6,2192454,1,0
29,7,2307032,1,0
29,8,2212851,1,0
29,9,2153170,1,0
29,10,2227044,1,0
29,11,2248251,1,0
29,12,2188975,1,0
29,13,2475782,1,0
29,14,2419429,1,0
29,15,2227834,1,0
29,16,2501702,1,0
29,17,2885567,1,0
29,18,2487943,1,0
29,19,2520162,1,0
29,20,2099831,1,0
29,21,2108204,1,0
29,22,2051840,1,0
29,23,2080039,1,0
29,24,2113317,1,0
29,25,2073371,1,0
29,26,2139873,1,0
29,27,2119480,1,0
29,28,2069954,1,0
29,29,2178755,1,0
29,30,2070605,1,0
29,31,2160403,1,0
29,32,2153085,1,0
29,33,2094314,1,0
29,34,2004507,1,0
29,35,2267952,1,0
29,36,2168841,1,0
29,37,2142366,1,0
29,38,2063741,1,0
29,39,2134925,1,0
29,40,2185773,1,0
29,41,2217360,1,0
29,42,1996322,1,0
29,43,2139981,1,0
29,44,2015901,1,0
29,45,2280893,1,0
29,46,2036895,1,0
29,47,2116052,1,0
29,48,2031287,1,0
29,49,2155381,1,0
29,50,2138070,1,0
29,51,2118091,1,0
29,52,2119425,1,0
29,53,2120347,1,0
29,54,2177269,1,0
29,55,2047175,1,0
29,56,2034514,1,0
29,57,2036477,1,0
29,58,2135273,1,0
29,59,2093889,1,0
30,0,822319,1,0
30,1,1882968,1,0
30,2,2188440,1,0
30,3,2156509,1,0
30,4,2415022,1,0
30,5,2324893,1,0
30,6,2195258,1,0
30,7,2299891,1,0
30,8,2221175,1,0
30,9,2143386,1,0
30,10,2230945,1,0
30,11,2241374,1,0
30,12,2200087,1,0
30,13,2459572,1,0
30,14,2430101,1,0
30,15,2217334,1,0
30,16,2489301,1,0
30,17,2910628,1,0
30,18,2479995,1,0
30,19,2519092,1,0
30,20,2109768,1,0
30,21,2111354,1,0
30,22,2047003,1,0
30,23,2075729,1,0
30,24,2115442,1,0
30,25,2084026,1,0
30,26,2141972,1,0
30,27,2112041,1,0
30,28,2072294,1,0
30,29,2179283,1,0
30,30,2067522,1,0
30,31,2163812,1,0
30,32,2154632,1,0
30,33,2088588,1,0
30,34,2003670,1,0
30,35,2275234,1,0
30,36,2166082,1,0
30,37,2140737,1,0
30,38,2062759,1,0
30,39,2134248,1,0
30,40,2185359,1,0
30,41,2217874,1,0
30,42,1993407,1,0
30,43,2149466,1,0
30,44,2012132,1,0
30,45,2280578,1,0
30,46,2034824,1,0
30,47,2115347,1,0
30,48,2025800,1,0
30,49,2145597,1,0
30,50,2097809,1,0
30,51,2176628,1,0
30,52,2094604,1,0
30,53,2143388,1,0
30,54,2174837,1,0
30,55,2054489,1,0
30,56,2032833,1,0
30,57,2031230,1,0
30,58,2137677,1,0
30,59,2088838,1,0
31,0,1872268,1,0
31,1,2222374,1,0
31,2,2191600,1,0
31,3,2187575,1,0
31,4,2511426,1,0
31,5,2203358,1,0
31,6,2270320,1,0
31,7,2236780,1,0
31,8,2209912,1,0
31,9,2160775,1,0
31,10,2245822,1,0
31,11,2225403,1,0
31,12,2381540,1,0
31,13,2499517,1,0
31,14,2204861,1,0
31,15,2422401,1,0
31,16,2764302,1,0
31,17,2651070,1,0
31,18,2441821,1,0
31,19,2327987,1,0
31,20,2053846,1,0
31,21,2096705,1,0
31,22,2020408,1,0
31,23,2104142,1,0
31,24,2082647,1,0
31,25,2176656,1,0
31,26,2092388,1,0
31,27,2109696,1,0
31,28,2093512,1,0
31,29,2151844,1,0
31,30,2123989,1,0
31,31,2202346,1,0
31,32,2054713,1,0
31,33,2091324,1,0
31,34,2104596,1,0
31,35,2287556,1,0
31,36,2092033,1,0
31,37,2148719,1,0
31,38,2086647,1,0
31,39,2168978,1,0
31,40,2267837,1,0
31,41,1986036,1,0
31,42,2117691,1,0
31,43,2037328,1,0
31,44,2215636,1,0
31,45,2127463,1,0
31,46,2088774,1,0
31,47,2005477,1,0
31,48,2156001,1,0
31,49,2053239,1,0
31,50,2203056,1,0
31,51,2077651,1,0
31,52,2185822,1,0
31,53,2033771,1,0
31,54,2217761,1,0
31,55,1985467,1,0
31,56,2071872,1,0
31,57,2042606,1,0
31,58,2164507,1,0
31,59,2095454,1,0
32,0,736179,1,0
32,1,1532056,1,0
32,2,2216395,1,0
32,3,2170828,1,0
32,4,2320676,1,0
32,5,2418837,1,0
32,6,2206656,1,0
32,7,2290935,1,0
32,8,2170479,1,0
32,9,2195597,1,0
32,10,2201959,1,0
32,11,2246057,1,0
32,12,2213482,1,0
32,13,2430027,1,0
32,14,2470479,1,0
32,15,2198161,1,0
32,16,2467868,1,0
32,17,2936985,1,0
32,18,2470709,1,0
32,19,2470693,1,0
32,20,2198141,1,0
32,21,2115665,1,0
32,22,2038037,1,0
32,23,2021426,1,0
32,24,2151200,1,0
32,25,2033462,1,0
32,26,2220227,1,0
32,27,2104438,1,0
32,28,2081284,1,0
32,29,2161218,1,0
32,30,2080079,1,0
32,31,2183728,1,0
32,32,2142746,1,0
32,33,2090414,1,0
32,34,2007848,1,0
32,35,2239236,1,0
32,36,2183642,1,0
32,37,2125585,1,0
32,38,2079591,1,0
32,39,2132886,1,0
32,40,2184528,1,0
32,41,2214765,1,0
32,42,2013426,1,0
32,43,2140108,1,0
32,44,1984989,1,0
32,45,2293858,1,0
32,46,2056037,1,0
32,47,2122518,1,0
32,48,1998465,1,0
32,49,2152874,1,0
32,50,2084400,1,0
32,51,2181788,1,0
32,52,2067859,1,0
32,53,2201985,1,0
32,54,2065672,1,0
32,55,2163985,1,0
32,56,1958426,1,0
32,57,2087725,1,0
32,58,2102782,1,0
32,59,2117668,1,0
33,0,417620,1,0
33,1,1929138,1,0
33,2,2184566,1,0
33,3,2157245,1,0
33,4,2418044,1,0
33,5,2320995,1,0
33,6,2192531,1,0
33,7,2303861,1,0
33,8,2219349,1,0
33,9,2148115,1,0
33,10,2228335,1,0
33,11,2244486,1,0
33,12,2193781,1,0
33,13,2471774,1,0
33,14,2421746,1,0
33,15,2220864,1,0
33,16,2497129,1,0
33,17,2896290,1,0
33,18,2487557,1,0
33,19,2519590,1,0
33,20,2102727,1,0
33,21,2108710,1,0
33,22,2050636,1,0
33,23,2071979,1,0
33,24,2123567,1,0
33,25,2073498,1,0
33,26,2142603,1,0
33,27,2115161,1,0
33,28,2071535,1,0
33,29,2179011,1,0
33,30,2067480,1,0
33,31,2163121,1,0
33,32,2154571,1,0
33,33,2090675,1,0
33,34,2002847,1,0
33,35,2274623,1,0
33,36,2164373,1,0
33,37,2144350,1,0
33,38,2062047,1,0
33,39,2133779,1,0
33,40,2185919,1,0
33,41,2217159,1,0
33,42,1994246,1,0
33,43,2146571,1,0
33,44,2014793,1,0
33,45,2281435,1,0
33,46,2033447,1,0
33,47,2117700,1,0
33,48,2025453,1,0
33,49,2154705,1,0
33,50,2124427,1,0
33,51,2140236,1,0
33,52,2103628,1,0
33,53,2134308,1,0
33,54,2174685,1,0
33,55,2050134,1,0
33,56,2034597,1,0
33,57,2034237,1,0
33,58,2136555,1,0
33,59,2092284,1,0
34,0,1859814,1,0
34,1,2223046,1,0
34,2,2191809,1,0
34,3,2185973,1,0
34,4,2513546,1,0
34,5,2203152,1,0
34,6,2269894,1,0
34,7,2234678,1,0
34,8,2212430,1,0
34,9,2163935,1,0
34,10,2244292,1,0
34,11,2224595,1,0
34,12,2377293,1,0
34,13,2502380,1,0
34,14,2205338,1,0
34,15,2421591,1,0
34,16,2760135,1,0
34,17,2655963,1,0
34,18,2442959,1,0
34,19,2328084,1,0
34,20,2055480,1,0
34,21,2094059,1,0
34,22,2022712,1,0
34,23,2104152,1,0
34,24,2083031,1,0
34,25,2175583,1,0
34,26,2093069,1,0
34,27,2109024,1,0
34,28,2092655,1,0
34,29,2150947,1,0
34,30,2124371,1,0
34,31,2203123,1,0
34,32,2054613,1,0
34,33,2091034,1,0
34,34,2105890,1,0
34,35,2288094,1,0
34,36,2092502,1,0
34,37,2148007,1,0
34,38,2084124,1,0
34,39,2169426,1,0
34,40,2267666,1,0
34,41,1987550,1,0
34,42,2116427,1,0
34,43,2038570,1,0
34,44,2214575,1,0
34,45,2127416,1,0
34,46,2089678,1,0
34,47,2005231,1,0
34,48,2156498,1,0
34,49,2053706,1,0
34,50,2202216,1,0
34,51,2078871,1,0
34,52,2182889,1,0
34,53,2036666,1,0
34,54,2214846,1,0
34,55,1987957,1,0
34,56,2072084,1,0
34,57,2042448,1,0
34,58,2163396,1,0
34,59,2095715,1,0
35,0,1908897,1,0
35,1,2222847,1,0
35,2,2188822,1,0
35,3,2185532,1,0
35,4,2512499,1,0
35,5,2203523,1,0
35,6,2273845,1,0
35,7,2237410,1,0
35,8,2203946,1,0
35,9,2157438,1,0
35,10,2248927,1,0
35,11,2224095,1,0
35,12,2388337,1,0
35,13,2495544,1,0
35,14,2204842,1,0
35,15,2431993,1,0
35,16,2765778,1,0
35,17,2644953,1,0
35,18,2441720,1,0
35,19,2319559,1,0
35,20,2056901,1,0
35,21,2095593,1,0
35,22,2022056,1,0
35,23,2102797,1,0
35,24,2082988,1,0
35,25,2176463,1,0
35,26,2090513,1,0
35,27,2109552,1,0
35,28,2093848,1,0
35,29,2152679,1,0
35,30,2130082,1,0
35,31,2197186,1,0
35,32,2078217,1,0
35,33,2064740,1,0
35,34,2118448,1,0
35,35,2274407,1,0
35,36,2137955,1,0
35,37,2103239,1,0
35,38,2089005,1,0
35,39,2170634,1,0
35,40,2263837,1,0
35,41,1986652,1,0
35,42,2119659,1,0
35,43,2034394,1,0
35,44,2220508,1,0
35,45,2123320,1,0
35,46,2091869,1,0
35,47,2002279,1,0
35,48,2155323,1,0
35,49,2060244,1,0
35,50,2199397,1,0
35,51,2076482,1,0
35,52,2187096,1,0
35,53,2029405,1,0
35,54,2223435,1,0
35,55,1984112,1,0
35,56,2070357,1,0
35,57,2041919,1,0
35,58,2164056,1,0
35,59,2096547,1,0
36,0,1920631,1,0
36,1,2220792,1,0
36,2,2189628,1,0
36,3,2183729,1,0
36,4,2514875,1,0
36,5,2202654,1,0
36,6,2273910,1,0
36,7,2237829,1,0
36,8,2202417,1,0
36,9,2157903,1,0
36,10,2249735,1,0
36,11,2221347,1,0
36,12,2391589,1,0
36,13,2495469,1,0
36,14,2204695,1,0
36,15,2433998,1,0
36,16,2768543,1,0
36,17,2641981,1,0
36,18,2441891,1,0
36,19,2316602,1,0
36,20,2057319,1,0
36,21,2094402,1,0
36,22,2022685,1,0
36,23,2102545,1,0
36,24,2083519,1,0
36,25,2177810,1,0
36,26,2089809,1,0
36,27,2108553,1,0
36,28,2094458,1,0
36,29,2151124,1,0
36,30,2135320,1,0
36,31,2193026,1,0
36,32,2078196,1,0
36,33,2064402,1,0
36,34,2119322,1,0
36,35,2275038,1,0
36,36,2136410,1,0
36,37,2104530,1,0
36,38,2087350,1,0
36,39,2173176,1,0
36,40,2262142,1,0
36,41,1986171,1,0
36,42,2118637,1,0
36,43,2035125,1,0
36,44,2221704,1,0
36,45,2122341,1,0
36,46,2093274,1,0
36,47,2001481,1,0
36,48,2155350,1,0
36,49,2058427,1,0
36,50,2200043,1,0
36,51,2076319,1,0
36,52,2190654,1,0
36,53,2025524,1,0
36,54,2226874,1,0
36,55,1981045,1,0
36,56,2071955,1,0
36,57,2043261,1,0
36,58,2161933,1,0
36,59,2096331,1,0
37,0,956495,1,0
37,1,1742071,1,0
37,2,2201233,1,0
37,3,2165235,1,0
37,4,2377950,1,0
37,5,2353720,1,0
37,6,2203206,1,0
37,7,2291894,1,0
37,8,2218211,1,0
37,9,2153638,1,0
37,10,2227186,1,0
37,11,2225243,1,0
37,12,2218165,1,0
37,13,2436080,1,0
37,14,2453789,1,0
37,15,2206701,1,0
37,16,2481988,1,0
37,17,2934263,1,0
37,18,2461768,1,0
37,19,2501604,1,0
37,20,2143016,1,0
37,21,2122331,1,0
37,22,2036542,1,0
37,23,2017826,1,0
37,24,2162315,1,0
37,25,2102946,1,0
37,26,2140604,1,0
37,27,2109933,1,0
37,28,2076466,1,0
37,29,2165701,1,0
37,30,2074083,1,0
37,31,2176547,1,0
37,32,2148228,1,0
37,33,2088378,1,0
37,34,2002296,1,0
37,35,2264061,1,0
37,36,2179616,1,0
37,37,2133323,1,0
37,38,2063336,1,0
37,39,2140244,1,0
37,40,2178769,1,0
37,41,2212187,1,0
37,42,2003924,1,0
37,43,2153643,1,0
37,44,1996740,1,0
37,45,2291175,1,0
37,46,2038543,1,0
37,47,2117718,1,0
37,48,2009495,1,0
37,49,2144605,1,0
37,50,2096232,1,0
37,51,2187018,1,0
37,52,2061866,1,0
37,53,2184955,1,0
37,54,2109917,1,0
37,55,2120903,1,0
37,56,2025864,1,0
37,57,2028977,1,0
37,58,2139768,1,0
37,59,2082898,1,0
38,0,122917,1,0
38,1,1590510,1,0
38,2,2216421,1,0
38,3,2163228,1,0
38,4,2330043,1,0
38,5,2410939,1,0
38,6,2207331,1,0
38,7,2296455,1,0
38,8,2179104,1,0
38,9,2183837,1,0
38,10,2204379,1,0
38,11,2242164,1,0
38,12,2214174,1,0
38,13,2433258,1,0
38,14,2463877,1,0
38,15,2202018,1,0
38,16,2472107,1,0
38,17,2946321,1,0
38,18,2456140,1,0
38,19,2482606,1,0
38,20,2180965,1,0
38,21,2119366,1,0
38,22,2038257,1,0
38,23,2021649,1,0
38,24,2151500,1,0
38,25,2030891,1,0
38,26,2224384,1,0
38,27,2099731,1,0
38,28,2079424,1,0
38,29,2164475,1,0
38,30,2082419,1,0
38,31,2181235,1,0
38,32,2141423,1,0
38,33,2092225,1,0
38,34,2004779,1,0
38,35,2248213,1,0
38,36,2176913,1,0
38,37,2129928,1,0
38,38,2077034,1,0
38,39,2141458,1,0
38,40,2176345,1,0
38,41,2211815,1,0
38,42,2010308,1,0
38,43,2146843,1,0
38,44,1984380,1,0
38,45,2291399,1,0
38,46,2054687,1,0
38,47,2124830,1,0
38,48,1997801,1,0
38,49,2149148,1,0
38,50,2086157,1,0
38,51,2188249,1,0
38,52,2065481,1,0
38,53,2194657,1,0
38,54,2077888,1,0
38,55,2151087,1,0
38,56,1961153,1,0
38,57,2092039,1,0
38,58,2139144,1,0
38,59,2081589,1,0
39,0,145881,1,0
39,1,1440447,1,0
39,2,2217239,1,0
39,3,2182204,1,0
39,4,2282576,1,0
39,5,2454003,1,0
39,6,2192757,1,0
39,7,2299852,1,0
39,8,2169686,1,0
39,9,2193058,1,0
39,10,2211509,1,0
39,11,2243252,1,0
39,12,2213093,1,0
39,13,2417571,1,0
39,14,2470890,1,0
39,15,2204574,1,0
39,16,2463143,1,0
39,17,2892932,1,0
39,18,2523785,1,0
39,19,2460258,1,0
39,20,2216268,1,0
39,21,2111145,1,0
39,22,2037987,1,0
39,23,2024642,1,0
39,24,2152844,1,0
39,25,2030200,1,0
39,26,2217102,1,0
39,27,2108664,1,0
39,28,2079181,1,0
39,29,2159970,1,0
39,30,2072156,1,0
39,31,2195786,1,0
39,32,2136969,1,0
39,33,2093889,1,0
39,34,2011640,1,0
39,35,2212424,1,0
39,36,2207575,1,0
39,37,2127756,1,0
39,38,2079235,1,0
39,39,2128953,1,0
39,40,2181696,1,0
39,41,2221960,1,0
39,42,2012994,1,0
39,43,2133604,1,0
39,44,1988252,1,0
39,45,2293519,1,0
39,46,2061406,1,0
39,47,2117925,1,0
39,48,1997077,1,0
39,49,2158948,1,0
39,50,2073004,1,0
39,51,2188830,1,0
39,52,2070170,1,0
39,53,2203562,1,0
39,54,2061700,1,0
39,55,2171968,1,0
39,56,1956533,1,0
39,57,2081668,1,0
39,58,2071037,1,0
39,59,2148961,1,0
40,0,527670,1,0
40,1,1496151,1,0
40,2,2217259,1,0
40,3,2176976,1,0
40,4,2311783,1,0
40,5,2427752,1,0
40,6,2202872,1,0
40,7,2293802,1,0
40,8,2167608,1,0
40,9,2194814,1,0
40,10,2204753,1,0
40,11,2245580,1,0
40,12,2214595,1,0
40,13,2424684,1,0
40,14,2473683,1,0
40,15,2198686,1,0
40,16,2463389,1,0
40,17,2918646,1,0
40,18,2492176,1,0
40,19,2469632,1,0
40,20,2202886,1,0
40,21,2112699,1,0
40,22,2038926,1,0
40,23,2024034,1,0
40,24,2151452,1,0
40,25,2032877,1,0
40,26,2218457,1,0
40,27,2107376,1,0
40,28,2079837,1,0
40,29,2160300,1,0
40,30,2078023,1,0
40,31,2182327,1,0
40,32,2147018,1,0
40,33,2090923,1,0
40,34,2005444,1,0
40,35,2230843,1,0
40,36,2192974,1,0
40,37,2127090,1,0
40,38,2077838,1,0
40,39,2133195,1,0
40,40,2180057,1,0
40,41,2219895,1,0
40,42,2011525,1,0
40,43,2141995,1,0
40,44,1984547,1,0
40,45,2294275,1,0
40,46,2055306,1,0
40,47,2123141,1,0
40,48,1996586,1,0
40,49,2157079,1,0
40,50,2080044,1,0
40,51,2185056,1,0
40,52,2066422,1,0
40,53,2204046,1,0
40,54,2063473,1,0
40,55,2168227,1,0
40,56,1956041,1,0
40,57,2087049,1,0
40,58,2082296,1,0
40,59,2136231,1,0
41,0,1683353,1,0
41,1,2239630,1,0
41,2,2196109,1,0
41,3,2153177,1,0
41,4,2526940,1,0
41,5,2215284,1,0
41,6,2253738,1,0
41,7,2243111,1,0
41,8,2239235,1,0
41,9,2150794,1,0
41,10,2256046,1,0
41,11,2215367,1,0
41,12,2345113,1,0
41,13,2521553,1,0
41,14,2212356,1,0
41,15,2396421,1,0
41,16,2697801,1,0
41,17,2717501,1,0
41,18,2450073,1,0
41,19,2350641,1,0
41,20,2062942,1,0
41,21,2095777,1,0
41,22,2024641,1,0
41,23,2098765,1,0
41,24,2089689,1,0
41,25,2171517,1,0
41,26,2088572,1,0
41,27,2102234,1,0
41,28,2093268,1,0
41,29,2150625,1,0
41,30,2131875,1,0
41,31,2192314,1,0
41,32,2060282,1,0
41,33,2099830,1,0
41,34,2039383,1,0
41,35,2343065,1,0
41,36,2077740,1,0
41,37,2175829,1,0
41,38,2064077,1,0
41,39,2136188,1,0
41,40,2317667,1,0
41,41,1994859,1,0
41,42,2106401,1,0
41,43,2043195,1,0
41,44,2203716,1,0
41,45,2130740,1,0
41,46,2097860,1,0
41,47,2015207,1,0
41,48,2144554,1,0
41,49,2056530,1,0
41,50,2177317,1,0
41,51,2103656,1,0
41,52,2171289,1,0
41,53,2042142,1,0
41,54,2210566,1,0
41,55,1994404,1,0
41,56,2057524,1,0
41,57,2052956,1,0
41,58,2135194,1,0
41,59,2125787,1,0
42,0,1780904,1,0
42,1,2231970,1,0
42,2,2196152,1,0
42,3,2165128,1,0
42,4,2523980,1,0
42,5,2210916,1,0
42,6,2263765,1,0
42,7,2236360,1,0
42,8,2226798,1,0
42,9,2158080,1,0
42,10,2247967,1,0
42,11,2219516,1,0
42,12,2369934,1,0
42,13,2504977,1,0
42,14,2208211,1,0
42,15,2409812,1,0
42,16,2742982,1,0
42,17,2676235,1,0
42,18,2445401,1,0
42,19,2336216,1,0
42,20,2062686,1,0
42,21,2091494,1,0
42,22,2020798,1,0
42,23,2104111,1,0
42,24,2084119,1,0
42,25,2173405,1,0
42,26,2091148,1,0
42,27,2106581,1,0
42,28,2094277,1,0
42,29,2151242,1,0
42,30,2124523,1,0
42,31,2200584,1,0
42,32,2050572,1,0
42,33,2103547,1,0
42,34,2075989,1,0
42,35,2315358,1,0
42,36,2068431,1,0
42,37,2174387,1,0
42,38,2078708,1,0
42,39,2146488,1,0
42,40,2295558,1,0
42,41,1989117,1,0
42,42,2109275,1,0
42,43,2041322,1,0
42,44,2212542,1,0
42,45,2128575,1,0
42,46,2089005,1,0
42,47,2013355,1,0
42,48,2149820,1,0
42,49,2052188,1,0
42,50,2196703,1,0
42,51,2087558,1,0
42,52,2177545,1,0
42,53,2040928,1,0
42,54,2209280,1,0
42,55,1992028,1,0
42,56,2068781,1,0
42,57,2045339,1,0
42,58,2154298,1,0
42,59,2106335,1,0
43,0,1794686,1,0
43,1,2231669,1,0
43,2,2194649,1,0
43,3,2168004,1,0
43,4,2521178,1,0
43,5,2211211,1,0
43,6,2264306,1,0
43,7,2236555,1,0
43,8,2223450,1,0
43,9,2159673,1,0
43,10,2248187,1,0
43,11,2219665,1,0
43,12,2370444,1,0
43,13,2505547,1,0
43,14,2207405,1,0
43,15,2412410,1,0
43,16,2744133,1,0
43,17,2677166,1,0
43,18,2442655,1,0
43,19,2334925,1,0
43,20,2060539,1,0
43,21,2091825,1,0
43,22,2022117,1,0
43,23,2102989,1,0
43,24,2085816,1,0
43,25,2172591,1,0
43,26,2090255,1,0
43,27,2105997,1,0
43,28,2096045,1,0
43,29,2150123,1,0
43,30,2126303,1,0
43,31,2200774,1,0
43,32,2048111,1,0
43,33,2103350,1,0
43,34,2078180,1,0
43,35,2313788,1,0
43,36,2068395,1,0
43,37,2174570,1,0
43,38,2080078,1,0
43,39,2148413,1,0
43,40,2291272,1,0
43,41,1989579,1,0
43,42,2111454,1,0
43,43,2039825,1,0
43,44,2212858,1,0
43,45,2127276,1,0
43,46,2091808,1,0
43,47,2011349,1,0
43,48,2148976,1,0
43,49,2051881,1,0
43,50,2201548,1,0
43,51,2084491,1,0
43,52,2180509,1,0
43,53,2038171,1,0
43,54,2210277,1,0
43,55,1991153,1,0
43,56,2069460,1,0
43,57,2043429,1,0
43,58,2158543,1,0
43,59,2102937,1,0
44,0,357876,1,0
44,1,2237009,1,0
44,2,2192308,1,0
44,3,2142159,1,0
44,4,2461635,1,0
44,5,2283467,1,0
44,6,2203820,1,0
44,7,2302809,1,0
44,8,2236897,1,0
44,9,2121944,1,0
44,10,2257381,1,0
44,11,2231514,1,0
44,12,2244839,1,0
44,13,2433033,1,0
44,14,2393971,1,0
44,15,2335920,1,0
44,16,2477722,1,0
44,17,2856702,1,0
44,18,2513237,1,0
44,19,2437748,1,0
44,20,2087459,1,0
44,21,2099078,1,0
44,22,2072619,1,0
44,23,2062558,1,0
44,24,2124805,1,0
44,25,2079374,1,0
44,26,2132487,1,0
44,27,2133074,1,0
44,28,2066034,1,0
44,29,2149810,1,0
44,30,2113516,1,0
44,31,2155639,1,0
44,32,2134227,1,0
44,33,2088393,1,0
44,34,2035130,1,0
44,35,2277850,1,0
44,36,2141972,1,0
44,37,2134121,1,0
44,38,2059839,1,0
44,39,2163996,1,0
44,40,2177739,1,0
44,41,2193513,1,0
44,42,1990159,1,0
44,43,2144429,1,0
44,44,2026910,1,0
44,45,2277401,1,0
44,46,2071956,1,0
44,47,2073465,1,0
44,48,2123641,1,0
44,49,2070369,1,0
44,50,2143565,1,0
44,51,2134418,1,0
44,52,2135742,1,0
44,53,2073461,1,0
44,54,2195669,1,0
44,55,2021407,1,0
44,56,2055155,1,0
44,57,2042384,1,0
44,58,2130933,1,0
44,59,2091146,1,0
45,0,426836,1,0
45,1,2287232,1,0
45,2,2196256,1,0
45,3,2141730,1,0
45,4,2473792,1,0
45,5,2269176,1,0
45,6,2203768,1,0
45,7,2308822,1,0
45,8,2241811,1,0
45,9,2108375,1,0
45,10,2265879,1,0
45,11,2229080,1,0
45,12,2250568,1,0
45,13,2433972,1,0
45,14,2384463,1,0
45,15,2353678,1,0
45,16,2468039,1,0
45,17,2865905,1,0
45,18,2511660,1,0
45,19,2420422,1,0
45,20,2090285,1,0
45,21,2096192,1,0
45,22,2071030,1,0
45,23,2062035,1,0
45,24,2123733,1,0
45,25,2081349,1,0
45,26,2130083,1,0
45,27,2137163,1,0
45,28,2067803,1,0
45,29,2145420,1,0
45,30,2124318,1,0
45,31,2151143,1,0
45,32,2129326,1,0
45,33,2090337,1,0
45,34,2034852,1,0
45,35,2289441,1,0
45,36,2131146,1,0
45,37,2138061,1,0
45,38,2053272,1,0
45,39,2170364,1,0
45,40,2178085,1,0
45,41,2186790,1,0
45,42,1992641,1,0
45,43,2142331,1,0
45,44,2025156,1,0
45,45,2278624,1,0
45,46,2107824,1,0
45,47,2039606,1,0
45,48,2122706,1,0
45,49,2073079,1,0
45,50,2145098,1,0
45,51,2134453,1,0
45,52,2132211,1,0
45,53,2071797,1,0
45,54,2198447,1,0
45,55,2019947,1,0
45,56,2052107,1,0
45,57,2049392,1,0
45,58,2140139,1,0
45,59,2076913,1,0
46,0,1723548,1,0
46,1,2239944,1,0
46,2,2196507,1,0
46,3,2157302,1,0
46,4,2524265,1,0
46,5,2216163,1,0
46,6,2257543,1,0
46,7,2238644,1,0
46,8,2239591,1,0
46,9,2150980,1,0
46,10,2251522,1,0
46,11,2214619,1,0
46,12,2356560,1,0
46,13,2516776,1,0
46,14,2210869,1,0
46,15,2399688,1,0
46,16,2730111,1,0
46,17,2688519,1,0
46,18,2447989,1,0
46,19,2342092,1,0
46,20,2066221,1,0
46,21,2092985,1,0
46,22,2020456,1,0
46,23,2104227,1,0
46,24,2085873,1,0
46,25,2175273,1,0
46,26,2085372,1,0
46,27,2107544,1,0
46,28,2088885,1,0
46,29,2152136,1,0
46,30,2130558,1,0
46,31,2196960,1,0
46,32,2054860,1,0
46,33,2104313,1,0
46,34,2048075,1,0
46,35,2338162,1,0
46,36,2072330,1,0
46,37,2175230,1,0
46,38,2070849,1,0
46,39,2137324,1,0
46,40,2310551,1,0
46,41,1991790,1,0
46,42,2108351,1,0
46,43,2042154,1,0
46,44,2209022,1,0
46,45,2127584,1,0
46,46,2094996,1,0
46,47,2013395,1,0
46,48,2144907,1,0
46,49,2056272,1,0
46,50,2184482,1,0
46,51,2099038,1,0
46,52,2174540,1,0
46,53,2038618,1,0
46,54,2208907,1,0
46,55,1997398,1,0
46,56,2063686,1,0
46,57,2048305,1,0
46,58,2136197,1,0
46,59,2124884,1,0
47,0,1735005,1,0
47,1,2238808,1,0
47,2,2198034,1,0
47,3,2156657,1,0
47,4,2524212,1,0
47,5,2216523,1,0
47,6,2258901,1,0
47,7,2238105,1,0
47,8,2237342,1,0
47,9,2150743,1,0
47,10,2251674,1,0
47,11,2216255,1,0
47,12,2358068,1,0
47,13,2514540,1,0
47,14,2211068,1,0
47,15,2401447,1,0
47,16,2736047,1,0
47,17,2682347,1,0
47,18,2448154,1,0
47,19,2339695,1,0
47,20,2067364,1,0
47,21,2092544,1,0
47,22,2020448,1,0
47,23,2104487,1,0
47,24,2084398,1,0
47,25,2175654,1,0
47,26,2084553,1,0
47,27,2108168,1,0
47,28,2090012,1,0
47,29,2152872,1,0
47,30,2128283,1,0
47,31,2198420,1,0
47,32,2053160,1,0
47,33,2104765,1,0
47,34,2056856,1,0
47,35,2330986,1,0
47,36,2071456,1,0
47,37,2175809,1,0
47,38,2069267,1,0
47,39,2140268,1,0
47,40,2308003,1,0
47,41,1992654,1,0
47,42,2107795,1,0
47,43,2041188,1,0
47,44,2211257,1,0
47,45,2126692,1,0
47,46,2095067,1,0
47,47,2013602,1,0
47,48,2144240,1,0
47,49,2055801,1,0
47,50,2186859,1,0
47,51,2096588,1,0
47,52,2174576,1,0
47,53,2038641,1,0
47,54,2208211,1,0
47,55,1997952,1,0
47,56,2063641,1,0
47,57,2048680,1,0
47,58,2138413,1,0
47,59,2123302,1,0
48,0,811103,1,0
48,1,1996766,1,0
48,2,2182019,1,0
48,3,2159428,1,0
48,4,2420463,1,0
48,5,2316279,1,0
48,6,2192132,1,0
48,7,2306684,1,0
48,8,2210920,1,0
48,9,2155050,1,0
48,10,2230970,1,0
48,11,2247574,1,0
48,12,2187463,1,0
48,13,2477676,1,0
48,14,2417168,1,0
48,15,2237001,1,0
48,16,2505842,1,0
48,17,2874535,1,0
48,18,2491843,1,0
48,19,2515717,1,0
48,20,2095275,1,0
48,21,2107224,1,0
48,22,2054302,1,0
48,23,2079117,1,0
48,24,2111780,1,0
48,25,2073443,1,0
48,26,2139432,1,0
48,27,2120066,1,0
48,28,2070359,1,0
48,29,2178118,1,0
48,30,2067871,1,0
48,31,2163411,1,0
48,32,2152870,1,0
48,33,2097045,1,0
48,34,2006966,1,0
48,35,2262081,1,0
48,36,2171678,1,0
48,37,2140613,1,0
48,38,2064554,1,0
48,39,2139012,1,0
48,40,2182186,1,0
48,41,2215120,1,0
48,42,1995141,1,0
48,43,2144119,1,0
48,44,2013093,1,0
48,45,2281844,1,0
48,46,2034881,1,0
48,47,2119392,1,0
48,48,2042005,1,0
48,49,2143865,1,0
48,50,2141400,1,0
48,51,2114618,1,0
48,52,2141131,1,0
48,53,2096370,1,0
48,54,2183676,1,0
48,55,2040175,1,0
48,56,2038709,1,0
48,57,2032263,1,0
48,58,2136733,1,0
48,59,2094408,1,0
49,0,1701950,1,0
49,1,2239831,1,0
49,2,2195789,1,0
49,3,2154732,1,0
49,4,2527178,1,0
49,5,2213806,1,0
49,6,2256358,1,0
49,7,2240246,1,0
49,8,2239299,1,0
49,9,2152165,1,0
49,10,2254247,1,0
49,11,2213431,1,0
49,12,2353266,1,0
49,13,2517435,1,0
49,14,2212533,1,0
49,15,2396336,1,0
49,16,2721159,1,0
49,17,2697353,1,0
49,18,2449472,1,0
49,19,2344486,1,0
49,20,2064879,1,0
49,21,2094291,1,0
49,22,2024854,1,0
49,23,2099793,1,0
49,24,2088257,1,0
49,25,2173321,1,0
49,26,2085881,1,0
49,27,2104291,1,0
49,28,2094524,1,0
49,29,2149144,1,0
49,30,2130388,1,0
49,31,2194334,1,0
49,32,2058154,1,0
49,33,2102382,1,0
49,34,2039118,1,0
49,35,2346079,1,0
49,36,2074352,1,0
49,37,2176252,1,0
49,38,2069961,1,0
49,39,2134574,1,0
49,40,2314172,1,0
49,41,1992031,1,0
49,42,2106926,1,0
49,43,2041848,1,0
49,44,2208467,1,0
49,45,2129846,1,0
49,46,2094645,1,0
49,47,2014938,1,0
49,48,2144186,1,0
49,49,2055861,1,0
49,50,2182165,1,0
49,51,2100320,1,0
49,52,2174657,1,0
49,53,2038594,1,0
49,54,2211451,1,0
49,55,1995189,1,0
49,56,2062327,1,0
49,57,2047298,1,0
49,58,2136116,1,0
49,59,2127644,1,0
50,0,1649198,1,0
50,1,2239378,1,0
50,2,2196296,1,0
50,3,2147917,1,0
50,4,2531810,1,0
50,5,2212442,1,0
50,6,2252199,1,0
50,7,2246649,1,0
50,8,2242092,1,0
50,9,2151372,1,0
50,10,2255287,1,0
50,11,2213846,1,0
50,12,2331650,1,0
50,13,2533483,1,0
50,14,2214307,1,0
50,15,2389744,1,0
50,16,2667509,1,0
50,17,2749732,1,0
50,18,2448565,1,0
50,19,2351864,1,0
50,20,2067166,1,0
50,21,2097665,1,0
50,22,2027120,1,0
50,23,2093450,1,0
50,24,2093282,1,0
50,25,2171240,1,0
50,26,2087733,1,0
50,27,2100036,1,0
50,28,2090745,1,0
50,29,2151875,1,0
50,30,2133653,1,0
50,31,2189189,1,0
50,32,2066513,1,0
50,33,2098636,1,0
50,34,2035076,1,0
50,35,2339674,1,0
50,36,2086927,1,0
50,37,2173391,1,0
50,38,2056735,1,0
50,39,2141087,1,0
50,40,2321070,1,0
50,41,1995352,1,0
50,42,2107142,1,0
50,43,2041797,1,0
50,44,2202418,1,0
50,45,2130137,1,0
50,46,2101949,1,0
50,47,2012351,1,0
50,48,2142794,1,0
50,49,2060648,1,0
50,50,2172636,1,0
50,51,2107348,1,0
50,52,2169729,1,0
50,53,2043041,1,0
50,54,2211272,1,0
50,55,1994162,1,0
50,56,2057179,1,0
50,57,2051449,1,0
50,58,2133064,1,0
50,59,2122166,1,0
51,0,1626203,1,0
51,1,2241902,1,0
51,2,2196743,1,0
51,3,2150934,1,0
51,4,2528062,1,0
51,5,2215201,1,0
51,6,2250079,1,0
51,7,2250310,1,0
51,8,2242603,1,0
51,9,2144394,1,0
51,10,2260685,1,0
51,11,2216015,1,0
51,12,2325281,1,0
51,13,2535429,1,0
51,14,2214460,1,0
51,15,2388818,1,0
51,16,2650915,1,0
51,17,2765166,1,0
51,18,2446194,1,0
51,19,2357639,1,0
51,20,2067409,1,0
51,21,2098260,1,0
51,22,2028825,1,0
51,23,2090857,1,0
51,24,2093850,1,0
51,25,2173494,1,0
51,26,2086052,1,0
51,27,2098143,1,0
51,28,2093074,1,0
51,29,2151001,1,0
51,30,2133457,1,0
51,31,2188945,1,0
51,32,2067196,1,0
51,33,2099086,1,0
51,34,2034028,1,0
51,35,2337429,1,0
51,36,2090679,1,0
51,37,2174118,1,0
51,38,2018410,1,0
51,39,2177670,1,0
51,40,2322120,1,0
51,41,1995019,1,0
51,42,2107481,1,0
51,43,2041475,1,0
51,44,2200649,1,0
51,45,2131052,1,0
51,46,2101772,1,0
51,47,2014247,1,0
51,48,2142544,1,0
51,49,2059564,1,0
51,50,2170605,1,0
51,51,2110780,1,0
51,52,2167084,1,0
51,53,2044846,1,0
51,54,2210658,1,0
51,55,1993877,1,0
51,56,2059643,1,0
51,57,2047292,1,0
51,58,2134605,1,0
51,59,2121771,1,0
52,0,1672531,1,0
52,1,2241164,1,0
52,2,2195457,1,0
52,3,2148211,1,0
52,4,2530330,1,0
52,5,2215112,1,0
52,6,2252820,1,0
52,7,2242682,1,0
52,8,2240775,1,0
52,9,2151613,1,0
52,10,2256113,1,0
52,11,2216213,1,0
52,12,2340152,1,0
52,13,2524837,1,0
52,14,2213005,1,0
52,15,2394895,1,0
52,16,2681996,1,0
52,17,2733989,1,0
52,18,2448477,1,0
52,19,2351845,1,0
52,20,2062753,1,0
52,21,2097023,1,0
52,22,2026477,1,0
52,23,2095980,1,0
52,24,2092023,1,0
52,25,2170544,1,0
52,26,2089729,1,0
52,27,2100142,1,0
52,28,2092857,1,0
52,29,2150996,1,0
52,30,2132599,1,0
52,31,2191402,1,0
52,32,2062394,1,0
52,33,2100442,1,0
52,34,2037301,1,0
52,35,2342289,1,0
52,36,2078230,1,0
52,37,2177173,1,0
52,38,2054877,1,0
52,39,2145575,1,0
52,40,2318077,1,0
52,41,1993845,1,0
52,42,2105932,1,0
52,43,2044185,1,0
52,44,2201503,1,0
52,45,2132788,1,0
52,46,2097362,1,0
52,47,2014524,1,0
52,48,2144913,1,0
52,49,2056538,1,0
52,50,2176748,1,0
52,51,2104902,1,0
52,52,2171672,1,0
52,53,2039427,1,0
52,54,2213737,1,0
52,55,1992731,1,0
52,56,2059420,1,0
52,57,2052784,1,0
52,58,2131935,1,0
52,59,2125943,1,0
53,0,693275,1,0
53,1,1393123,1,0
53,2,2221451,1,0
53,3,2184454,1,0
53,4,2275900,1,0
53,5,2456715,1,0
53,6,2188050,1,0
53,7,2301235,1,0
53,8,2170391,1,0
53,9,2190379,1,0
53,10,2218527,1,0
53,11,2238253,1,0
53,12,2220375,1,0
53,13,2409409,1,0
53,14,2475394,1,0
53,15,2199156,1,0
53,16,2466249,1,0
53,17,2880088,1,0
53,18,2538878,1,0
53,19,2453734,1,0
53,20,2229921,1,0
53,21,2104368,1,0
53,22,2041741,1,0
53,23,2021544,1,0
53,24,2152988,1,0
53,25,2035448,1,0
53,26,2210314,1,0
53,27,2065059,1,0
53,28,2124448,1,0
53,29,2161957,1,0
53,30,2070303,1,0
53,31,2199787,1,0
53,32,2131618,1,0
53,33,2091365,1,0
53,34,2020089,1,0
53,35,2204243,1,0
53,36,2215889,1,0
53,37,2126893,1,0
53,38,2079365,1,0
53,39,2125514,1,0
53,40,2182735,1,0
53,41,2225384,1,0
53,42,2008076,1,0
53,43,2132236,1,0
53,44,1995015,1,0
53,45,2288627,1,0
53,46,2062686,1,0
53,47,2117195,1,0
53,48,1994398,1,0
53,49,2165889,1,0
53,50,2064807,1,0
53,51,2191299,1,0
53,52,2066347,1,0
53,53,2211550,1,0
53,54,2060443,1,0
53,55,2176559,1,0
53,56,1952682,1,0
53,57,2084345,1,0
53,58,2069265,1,0
53,59,2147742,1,0
54,0,627493,1,0
54,1,1543159,1,0
54,2,2216130,1,0
54,3,2170942,1,0
54,4,2323679,1,0
54,5,2416594,1,0
54,6,2207795,1,0
54,7,2290104,1,0
54,8,2169774,1,0
54,9,2193708,1,0
54,10,2204984,1,0
54,11,2243291,1,0
54,12,2214561,1,0
54,13,2431981,1,0
54,14,2468185,1,0
54,15,2199294,1,0
54,16,2467014,1,0
54,17,2942575,1,0
54,18,2465658,1,0
54,19,2470930,1,0
54,20,2196593,1,0
54,21,2117352,1,0
54,22,2036308,1,0
54,23,2022266,1,0
54,24,2150250,1,0
54,25,2032691,1,0
54,26,2222649,1,0
54,27,2102601,1,0
54,28,2080807,1,0
54,29,2161943,1,0
54,30,2080423,1,0
54,31,2185732,1,0
54,32,2140305,1,0
54,33,2092203,1,0
54,34,2004822,1,0
54,35,2243604,1,0
54,36,2180988,1,0
54,37,2126793,1,0
54,38,2081194,1,0
54,39,2132819,1,0
54,40,2181920,1,0
54,41,2214227,1,0
54,42,2013198,1,0
54,43,2140860,1,0
54,44,1984290,1,0
54,45,2294154,1,0
54,46,2056318,1,0
54,47,2121768,1,0
54,48,1999799,1,0
54,49,2151164,1,0
54,50,2084809,1,0
54,51,2186036,1,0
54,52,2065145,1,0
54,53,2200358,1,0
54,54,2066963,1,0
54,55,2162808,1,0
54,56,1957756,1,0
54,57,2087941,1,0
54,58,2102685,1,0
54,59,2120444,1,0
55,0,112240,1,0
55,1,1554471,1,0
55,2,2215956,1,0
55,3,2169297,1,0
55,4,2324373,1,0
55,5,2416611,1,0
55,6,2207272,1,0
55,7,2291205,1,0
55,8,2170661,1,0
55,9,2193538,1,0
55,10,2205409,1,0
55,11,2243294,1,0
55,12,2213475,1,0
55,13,2433015,1,0
55,14,2465331,1,0
55,15,2200525,1,0
55,16,2467733,1,0
55,17,2945251,1,0
55,18,2463957,1,0
55,19,2472610,1,0
55,20,2191909,1,0
55,21,2117937,1,0
55,22,2036095,1,0
55,23,2023376,1,0
55,24,2150421,1,0
55,25,2032111,1,0
55,26,2223977,1,0
55,27,2100321,1,0
55,28,2081140,1,0
55,29,2163249,1,0
55,30,2080134,1,0
55,31,2186450,1,0
55,32,2139282,1,0
55,33,2091553,1,0
55,34,2005755,1,0
55,35,2245018,1,0
55,36,2179746,1,0
55,37,2128194,1,0
55,38,2079108,1,0
55,39,2140252,1,0
55,40,2176187,1,0
55,41,2213527,1,0
55,42,2010995,1,0
55,43,2143260,1,0
55,44,1983604,1,0
55,45,2292859,1,0
55,46,2056174,1,0
55,47,2124677,1,0
55,48,1996783,1,0
55,49,2152880,1,0
55,50,2084936,1,0
55,51,2185620,1,0
55,52,2066028,1,0
55,53,2199080,1,0
55,54,2069209,1,0
55,55,2160351,1,0
55,56,1958782,1,0
55,57,2086024,1,0
55,58,2103520,1,0
55,59,2120037,1,0
56,0,1578832,1,0
56,1,2248201,1,0
56,2,2195340,1,0
56,3,2151322,1,0
56,4,2518960,1,0
56,5,2226539,1,0
56,6,2240792,1,0
56,7,2255315,1,0
56,8,2242945,1,0
56,9,2145357,1,0
56,10,2259649,1,0
56,11,2216890,1,0
56,12,2318873,1,0
56,13,2537567,1,0
56,14,2217943,1,0
56,15,2384826,1,0
56,16,2630492,1,0
56,17,2789196,1,0
56,18,2441161,1,0
56,19,2365572,1,0
56,20,2069194,1,0
56,21,2094155,1,0
56,22,2033388,1,0
56,23,2087150,1,0
56,24,2098078,1,0
56,25,2172105,1,0
56,26,2086447,1,0
56,27,2096633,1,0
56,28,2091593,1,0
56,29,2152778,1,0
56,30,2133376,1,0
56,31,2186153,1,0
56,32,2070496,1,0
56,33,2097301,1,0
56,34,2032852,1,0
56,35,2335430,1,0
56,36,2096027,1,0
56,37,2171449,1,0
56,38,1999245,1,0
56,39,2200184,1,0
56,40,2319759,1,0
56,41,1997022,1,0
56,42,2106732,1,0
56,43,2042928,1,0
56,44,2198753,1,0
56,45,2131723,1,0
56,46,2099976,1,0
56,47,2018540,1,0
56,48,2140929,1,0
56,49,2060393,1,0
56,50,2167325,1,0
56,51,2112877,1,0
56,52,2160753,1,0
56,53,2052301,1,0
56,54,2208754,1,0
56,55,1997045,1,0
56,56,2059189,1,0
56,57,2040773,1,0
56,58,2139570,1,0
56,59,2115592,1,0
57,0,2306202,1,0
57,1,2229668,1,0
57,2,2174059,1,0
57,3,2266780,1,0
57,4,2461888,1,0
57,5,2181820,1,0
57,6,2307526,1,0
57,7,2186519,1,0
57,8,2188565,1,0
57,9,2187993,1,0
57,10,2252332,1,0
57,11,2227584,1,0
57,12,2396947,1,0
57,13,2491254,1,0
57,14,2191196,1,0
57,15,2469614,1,0
57,16,2846064,1,0
57,17,2572879,1,0
57,18,2448255,1,0
57,19,2239921,1,0
57,20,2103107,1,0
57,21,2041924,1,0
57,22,2026089,1,0
57,23,2156308,1,0
57,24,2028781,1,0
57,25,2208806,1,0
57,26,2050089,1,0
57,27,2144262,1,0
57,28,2159622,1,0
57,29,2069769,1,0
57,30,2202651,1,0
57,31,2125531,1,0
57,32,2098235,1,0
57,33,2024620,1,0
57,34,2195761,1,0
57,35,2222177,1,0
57,36,2124896,1,0
57,37,2083584,1,0
57,38,2117364,1,0
57,39,2178743,1,0
57,40,2233485,1,0
57,41,2003684,1,0
57,42,2128827,1,0
57,43,2007427,1,0
57,44,2269074,1,0
57,45,2078029,1,0
57,46,2110220,1,0
57,47,2002531,1,0
57,48,2161293,1,0
57,49,2064735,1,0
57,50,2192614,1,0
57,51,2068312,1,0
57,52,2201485,1,0
57,53,2066658,1,0
57,54,2181531,1,0
57,55,1959418,1,0
57,56,2077670,1,0
57,57,2066955,1,0
57,58,2149849,1,0
57,59,2151279,1,0
58,0,325379,1,0
58,1,1824373,1,0
58,2,2192453,1,0
58,3,2157293,1,0
58,4,2406656,1,0
58,5,2329460,1,0
58,6,2197476,1,0
58,7,2298435,1,0
58,8,2216291,1,0
58,9,2154031,1,0
58,10,2224409,1,0
58,11,2241735,1,0
58,12,2202914,1,0
58,13,2443012,1,0
58,14,2448692,1,0
58,15,2205766,1,0
58,16,2489883,1,0
58,17,2918875,1,0
58,18,2472510,1,0
58,19,2514987,1,0
58,20,2121481,1,0
58,21,2116823,1,0
58,22,2043999,1,0
58,23,2023646,1,0
58,24,2163649,1,0
58,25,2090603,1,0
58,26,2142942,1,0
58,27,2107847,1,0
58,28,2076439,1,0
58,29,2172428,1,0
58,30,2072161,1,0
58,31,2166818,1,0
58,32,2150841,1,0
58,33,2090681,1,0
58,34,2002260,1,0
58,35,2268495,1,0
58,36,2178234,1,0
58,37,2137345,1,0
58,38,2058334,1,0
58,39,2136209,1,0
58,40,2183691,1,0
58,41,2215631,1,0
58,42,1995145,1,0
58,43,2155225,1,0
58,44,2010482,1,0
58,45,2278314,1,0
58,46,2037991,1,0
58,47,2115692,1,0
58,48,2021296,1,0
58,49,2139566,1,0
58,50,2092062,1,0
58,51,2190971,1,0
58,52,2082322,1,0
58,53,2159291,1,0
58,54,2163244,1,0
58,55,2063971,1,0
58,56,2033240,1,0
58,57,2027274,1,0
58,58,2139889,1,0
58,59,2083643,1,0
59,0,883221,1,0
59,1,2296842,1,0
59,2,2199922,1,0
59,3,2139856,1,0
59,4,2477218,1,0
59,5,2265544,1,0
59,6,2203553,1,0
59,7,2310550,1,0
59,8,2238451,1,0
59,9,2108443,1,0
59,10,2269032,1,0
59,11,2226966,1,0
59,12,2251950,1,0
59,13,2432529,1,0
59,14,2384359,1,0
59,15,2358562,1,0
59,16,2467606,1,0
59,17,2863858,1,0
59,18,2511705,1,0
59,19,2420314,1,0
59,20,2089345,1,0
59,21,2094144,1,0
59,22,2071061,1,0
59,23,2062741,1,0
59,24,2122626,1,0
59,25,2082921,1,0
59,26,2129501,1,0
59,27,2137803,1,0
59,28,2066930,1,0
59,29,2145732,1,0
59,30,2124053,1,0
59,31,2152156,1,0
59,32,2128689,1,0
59,33,2090990,1,0
59,34,2033936,1,0
59,35,2291119,1,0
59,36,2129767,1,0
59,37,2138057,1,0
59,38,2051096,1,0
59,39,2173518,1,0
59,40,2177761,1,0
59,41,2184590,1,0
59,42,1992408,1,0
59,43,2145654,1,0
59,44,2021200,1,0
59,45,2281703,1,0
59,46,2107694,1,0
59,47,2038925,1,0
59,48,2121841,1,0
59,49,2073595,1,0
59,50,2145880,1,0
59,51,2134261,1,0
59,52,2132102,1,0
59,53,2072207,1,0
59,54,2197209,1,0
59,55,2018829,1,0
59,56,2052989,1,0
59,57,2049132,1,0
59,58,2147237,1,0
59,59,2072210,1,0
60,0,2203899,1,0
60,1,2240121,1,0
60,2,2166595,1,0
60,3,2255713,1,0
60,4,2469308,1,0
60,5,2189857,1,0
60,6,2295948,1,0
60,7,2205404,1,0
60,8,2183159,1,0
60,9,2187157,1,0
60,10,2246785,1,0
60,11,2227472,1,0
60,12,2391023,1,0
60,13,2496074,1,0
60,14,2189486,1,0
60,15,2474089,1,0
60,16,2816406,1,0
60,17,2591724,1,0
60,18,2455536,1,0
60,19,2244933,1,0
60,20,2101756,1,0
60,21,2047465,1,0
60,22,2028147,1,0
60,23,2151775,1,0
60,24,2029930,1,0
60,25,2197921,1,0
60,26,2066809,1,0
60,27,2129280,1,0
60,28,2159494,1,0
60,29,2079036,1,0
60,30,2209524,1,0
60,31,2117600,1,0
60,32,2098686,1,0
60,33,2025461,1,0
60,34,2188878,1,0
60,35,2228204,1,0
60,36,2131376,1,0
60,37,2087361,1,0
60,38,2108022,1,0
60,39,2176203,1,0
60,40,2238855,1,0
60,41,1996516,1,0
60,42,2129921,1,0
60,43,2019400,1,0
60,44,2244889,1,0
60,45,2099209,1,0
60,46,2100132,1,0
60,47,2011935,1,0
60,48,2158429,1,0
60,49,2066194,1,0
60,50,2191266,1,0
60,51,2067855,1,0
60,52,2202102,1,0
60,53,2043524,1,0
60,54,2207275,1,0
60,55,1963195,1,0
60,56,2073861,1,0
60,57,2058542,1,0
60,58,2157668,1,0
60,59,2090119,1,0
61,0,253128,1,0
61,1,1463628,1,0
61,2,2214369,1,0
61,3,2181085,1,0
61,4,2284484,1,0
61,5,2454646,1,0
61,6,2197494,1,0
61,7,2296022,1,0
61,8,2168967,1,0
61,9,2191981,1,0
61,10,2211114,1,0
61,11,2243885,1,0
61,12,2212569,1,0
61,13,2420178,1,0
61,14,2472185,1,0
61,15,2205068,1,0
61,16,2462222,1,0
61,17,2900836,1,0
61,18,2513880,1,0
61,19,2463947,1,0
61,20,2209182,1,0
61,21,2112251,1,0
61,22,2038947,1,0
61,23,2024239,1,0
61,24,2151618,1,0
61,25,2032783,1,0
61,26,2216626,1,0
61,27,2109624,1,0
61,28,2077177,1,0
61,29,2159955,1,0
61,30,2076606,1,0
61,31,2190876,1,0
61,32,2141412,1,0
61,33,2089755,1,0
61,34,2009680,1,0
61,35,2216844,1,0
61,36,2204552,1,0
61,37,2126488,1,0
61,38,2080172,1,0
61,39,2130640,1,0
61,40,2180429,1,0
61,41,2221857,1,0
61,42,2012272,1,0
61,43,2137391,1,0
61,44,1988281,1,0
61,45,2291472,1,0
61,46,2060180,1,0
61,47,2121065,1,0
61,48,1996221,1,0
61,49,2155213,1,0
61,50,2077211,1,0
61,51,2186966,1,0
61,52,2069107,1,0
61,53,2205598,1,0
61,54,2061485,1,0
61,55,2171334,1,0
61,56,1955179,1,0
61,57,2083236,1,0
61,58,2069821,1,0
61,59,2150528,1,0
62,0,1535650,1,0
62,1,2251145,1,0
62,2,2191693,1,0
62,3,2153387,1,0
62,4,2520641,1,0
62,5,2225854,1,0
62,6,2232821,1,0
62,7,2260845,1,0
62,8,2243698,1,0
62,9,2144071,1,0
62,10,2262316,1,0
62,11,2217517,1,0
62,12,2305666,1,0
62,13,2542827,1,0
62,14,2224467,1,0
62,15,2378527,1,0
62,16,2610570,1,0
62,17,2813630,1,0
62,18,2437415,1,0
62,19,2369685,1,0
62,20,2070230,1,0
62,21,2098302,1,0
62,22,2035228,1,0
62,23,2081005,1,0
62,24,2102148,1,0
62,25,2167510,1,0
62,26,2085100,1,0
62,27,2101441,1,0
62,28,2087807,1,0
62,29,2155156,1,0
62,30,2132835,1,0
62,31,2182690,1,0
62,32,2073797,1,0
62,33,2097595,1,0
62,34,2033855,1,0
62,35,2326570,1,0
62,36,2103843,1,0
62,37,2159314,1,0
62,38,1996952,1,0
62,39,2216898,1,0
62,40,2277833,1,0
62,41,2038490,1,0
62,42,2105753,1,0
62,43,2045786,1,0
62,44,2197010,1,0
62,45,2122146,1,0
62,46,2108352,1,0
62,47,2021225,1,0
62,48,2138112,1,0
62,49,2061190,1,0
62,50,2164042,1,0
62,51,2114101,1,0
62,52,2157770,1,0
62,53,2056900,1,0
62,54,2209160,1,0
62,55,1998599,1,0
62,56,2058378,1,0
62,57,2040401,1,0
62,58,2140265,1,0
62,59,2113771,1,0
63,0,2328869,1,0
63,1,2226004,1,0
63,2,2176005,1,0
63,3,2268969,1,0
63,4,2458205,1,0
63,5,2181749,1,0
63,6,2314467,1,0
63,7,2179247,1,0
63,8,2192245,1,0
63,9,2187126,1,0
63,10,2254476,1,0
63,11,2225091,1,0
63,12,2398197,1,0
63,13,2491102,1,0
63,14,2192669,1,0
63,15,2468888,1,0
63,16,2852708,1,0
63,17,2565873,1,0
63,18,2446961,1,0
63,19,2238217,1,0
63,20,2103479,1,0
63,21,2043300,1,0
63,22,2024310,1,0
63,23,2155215,1,0
63,24,2030204,1,0
63,25,2207693,1,0
63,26,2049427,1,0
63,27,2146933,1,0
63,28,2157574,1,0
63,29,2071820,1,0
63,30,2200930,1,0
63,31,2129137,1,0
63,32,2094736,1,0
63,33,2023821,1,0
63,34,2195750,1,0
63,35,2223049,1,0
63,36,2124597,1,0
63,37,2081153,1,0
63,38,2122306,1,0
63,39,2176933,1,0
63,40,2236837,1,0
63,41,2002996,1,0
63,42,2128117,1,0
63,43,2004453,1,0
63,44,2273036,1,0
63,45,2075317,1,0
63,46,2111529,1,0
63,47,2001090,1,0
63,48,2162508,1,0
63,49,2062727,1,0
63,50,2192740,1,0
63,51,2070344,1,0
63,52,2201753,1,0
63,53,2067926,1,0
63,54,2179496,1,0
63,55,1956447,1,0
63,56,2080337,1,0
63,57,2066041,1,0
63,58,2151017,1,0
63,59,2149555,1,0
64,0,680479,1,0
64,1,1417333,1,0
64,2,2217133,1,0
64,3,2183492,1,0
64,4,2282009,1,0
64,5,2454267,1,0
64,6,2191352,1,0
64,7,2298178,1,0
64,8,2169262,1,0
64,9,2195339,1,0
64,10,2214235,1,0
64,11,2237728,1,0
64,12,2216932,1,0
64,13,2415936,1,0
64,14,2472878,1,0
64,15,2204036,1,0
64,16,2462702,1,0
64,17,2888581,1,0
64,18,2527638,1,0
64,19,2457073,1,0
64,20,2224484,1,0
64,21,2107700,1,0
64,22,2040458,1,0
64,23,2020270,1,0
64,24,2156373,1,0
64,25,2031350,1,0
64,26,2213275,1,0
64,27,2102590,1,0
64,28,2087619,1,0
64,29,2159657,1,0
64,30,2069212,1,0
64,31,2200779,1,0
64,32,2134534,1,0
64,33,2095318,1,0
64,34,2013014,1,0
64,35,2205432,1,0
64,36,2214251,1,0
64,37,2126803,1,0
64,38,2080390,1,0
64,39,2127482,1,0
64,40,2180924,1,0
64,41,2224470,1,0
64,42,2010091,1,0
64,43,2132545,1,0
64,44,1991716,1,0
64,45,2292291,1,0
64,46,2061290,1,0
64,47,2118498,1,0
64,48,1993948,1,0
64,49,2163603,1,0
64,50,2068632,1,0
64,51,2188447,1,0
64,52,2071544,1,0
64,53,2205895,1,0
64,54,2059914,1,0
64,55,2175138,1,0
64,56,1953875,1,0
64,57,2083766,1,0
64,58,2071111,1,0
64,59,2147182,1,0
65,0,384567,1,0
65,1,1835644,1,0
65,2,2192376,1,0
65,3,2155583,1,0
65,4,2407766,1,0
65,5,2328910,1,0
65,6,2198955,1,0
65,7,2297966,1,0
65,8,2216779,1,0
65,9,2153655,1,0
65,10,2225422,1,0
65,11,2242376,1,0
65,12,2199697,1,0
65,13,2445547,1,0
65,14,2446600,1,0
65,15,2209292,1,0
65,16,2488669,1,0
65,17,2917587,1,0
65,18,2473905,1,0
65,19,2515050,1,0
65,20,2120627,1,0
65,21,2114463,1,0
65,22,2045724,1,0
65,23,2040311,1,0
65,24,2146737,1,0
65,25,2089966,1,0
65,26,2141808,1,0
65,27,2108102,1,0
65,28,2077258,1,0
65,29,2174144,1,0
65,30,2070210,1,0
65,31,2166810,1,0
65,32,2151274,1,0
65,33,2090486,1,0
65,34,2002078,1,0
65,35,2269121,1,0
65,36,2176978,1,0
65,37,2137625,1,0
65,38,2059155,1,0
65,39,2136549,1,0
65,40,2183239,1,0
65,41,2218323,1,0
65,42,1993348,1,0
65,43,2152702,1,0
65,44,2011599,1,0
65,45,2279028,1,0
65,46,2036938,1,0
65,47,2116698,1,0
65,48,2021734,1,0
65,49,2140299,1,0
65,50,2089887,1,0
65,51,2191457,1,0
65,52,2082444,1,0
65,53,2159999,1,0
65,54,2163885,1,0
65,55,2061731,1,0
65,56,2034338,1,0
65,57,2027640,1,0
65,58,2139450,1,0
65,59,2084148,1,0
66,0,1511826,1,0
66,1,2252085,1,0
66,2,2194149,1,0
66,3,2151964,1,0
66,4,2520581,1,0
66,5,2222990,1,0
66,6,2233282,1,0
66,7,2262512,1,0
66,8,2244951,1,0
66,9,2134587,1,0
66,10,2272229,1,0
66,11,2218772,1,0
66,12,2299075,1,0
66,13,2543580,1,0
66,14,2209850,1,0
66,15,2393397,1,0
66,16,2604615,1,0
66,17,2819589,1,0
66,18,2436440,1,0
66,19,2372045,1,0
66,20,2072604,1,0
66,21,2101115,1,0
66,22,2033823,1,0
66,23,2080720,1,0
66,24,2102846,1,0
66,25,2161383,1,0
66,26,2087643,1,0
66,27,2105641,1,0
66,28,2085998,1,0
66,29,2152432,1,0
66,30,2133861,1,0
66,31,2180884,1,0
66,32,2075546,1,0
66,33,2097563,1,0
66,34,2035638,1,0
66,35,2327100,1,0
66,36,2103680,1,0
66,37,2156414,1,0
66,38,1999707,1,0
66,39,2215387,1,0
66,40,2257336,1,0
66,41,2060048,1,0
66,42,2105558,1,0
66,43,2047813,1,0
66,44,2195548,1,0
66,45,2121230,1,0
66,46,2108142,1,0
66,47,2023654,1,0
66,48,2137165,1,0
66,49,2060682,1,0
66,50,2161713,1,0
66,51,2115777,1,0
66,52,2157884,1,0
66,53,2055543,1,0
66,54,2210637,1,0
66,55,1996951,1,0
66,56,2061356,1,0
66,57,2040232,1,0
66,58,2139786,1,0
66,59,2107975,1,0
67,0,2283864,1,0
67,1,2228325,1,0
67,2,2174839,1,0
67,3,2265979,1,0
67,4,2462582,1,0
67,5,2186036,1,0
67,6,2303311,1,0
67,7,2189852,1,0
67,8,2188614,1,0
67,9,2187697,1,0
67,10,2250414,1,0
67,11,2228898,1,0
67,12,2394147,1,0
67,13,2493619,1,0
67,14,2185638,1,0
67,15,2475340,1,0
67,16,2843117,1,0
67,17,2573261,1,0
67,18,2451245,1,0
67,19,2237751,1,0
67,20,2105569,1,0
67,21,2042116,1,0
67,22,2024800,1,0
67,23,2157578,1,0
67,24,2027371,1,0
67,25,2207665,1,0
67,26,2053823,1,0
67,27,2141084,1,0
67,28,2160868,1,0
67,29,2070109,1,0
67,30,2205699,1,0
67,31,2122445,1,0
67,32,2097322,1,0
67,33,2026718,1,0
67,34,2194344,1,0
67,35,2220528,1,0
67,36,2127276,1,0
67,37,2082895,1,0
67,38,2117755,1,0
67,39,2176725,1,0
67,40,2233554,1,0
67,41,2004893,1,0
67,42,2127631,1,0
67,43,2011757,1,0
67,44,2262517,1,0
67,45,2082395,1,0
67,46,2109208,1,0
67,47,2003684,1,0
67,48,2160246,1,0
67,49,2067237,1,0
67,50,2188758,1,0
67,51,2070405,1,0
67,52,2199667,1,0
67,53,2068239,1,0
67,54,2181836,1,0
67,55,1961687,1,0
67,56,2076974,1,0
67,57,2063729,1,0
67,58,2150674,1,0
67,59,2121014,1,0
68,0,1467307,1,0
68,1,2257752,1,0
68,2,2190514,1,0
68,3,2146345,1,0
68,4,2520366,1,0
68,5,2231398,1,0
68,6,2225157,1,0
68,7,2266931,1,0
68,8,2246009,1,0
68,9,2130497,1,0
68,10,2278571,1,0
68,11,2218740,1,0
68,12,2276909,1,0
68,13,2550709,1,0
68,14,2220365,1,0
68,15,2387344,1,0
68,16,2590163,1,0
68,17,2837632,1,0
68,18,2437142,1,0
68,19,2377088,1,0
68,20,2073895,1,0
68,21,2099023,1,0
68,22,2038965,1,0
68,23,2078282,1,0
68,24,2105236,1,0
68,25,2145563,1,0
68,26,2100400,1,0
68,27,2104973,1,0
68,28,2086858,1,0
68,29,2150541,1,0
68,30,2135765,1,0
68,31,2177732,1,0
68,32,2080174,1,0
68,33,2096315,1,0
68,34,2035066,1,0
68,35,2326867,1,0
68,36,2102312,1,0
68,37,2153520,1,0
68,38,2006601,1,0
68,39,2212865,1,0
68,40,2249348,1,0
68,41,2071253,1,0
68,42,2101764,1,0
68,43,2052505,1,0
68,44,2191114,1,0
68,45,2120291,1,0
68,46,2107267,1,0
68,47,2027659,1,0
68,48,2136011,1,0
68,49,2063323,1,0
68,50,2156082,1,0
68,51,2117801,1,0
68,52,2155608,1,0
68,53,2051676,1,0
68,54,2216399,1,0
68,55,1998933,1,0
68,56,2060743,1,0
68,57,2043302,1,0
68,58,2139370,1,0
68,59,2105072,1,0
69,0,1478810,1,0
69,1,2255531,1,0
69,2,2192856,1,0
69,3,2144287,1,0
69,4,2522895,1,0
69,5,2229949,1,0
69,6,2227219,1,0
69,7,2267764,1,0
69,8,2244456,1,0
69,9,2134414,1,0
69,10,2273049,1,0
69,11,2219515,1,0
69,12,2282766,1,0
69,13,2548220,1,0
69,14,2217158,1,0
69,15,2388305,1,0
69,16,2593835,1,0
69,17,2835855,1,0
69,18,2434293,1,0
69,19,2377104,1,0
69,20,2073950,1,0
69,21,2097591,1,0
69,22,2038266,1,0
69,23,2080742,1,0
69,24,2103469,1,0
69,25,2148193,1,0
69,26,2099011,1,0
69,27,2104949,1,0
69,28,2086489,1,0
69,29,2149874,1,0
69,30,2135420,1,0
69,31,2179494,1,0
69,32,2079156,1,0
69,33,2096963,1,0
69,34,2034243,1,0
69,35,2326506,1,0
69,36,2103314,1,0
69,37,2153380,1,0
69,38,2005569,1,0
69,39,2215007,1,0
69,40,2249252,1,0
69,41,2069613,1,0
69,42,2102502,1,0
69,43,2051851,1,0
69,44,2193029,1,0
69,45,2120374,1,0
69,46,2106628,1,0
69,47,2025363,1,0
69,48,2138094,1,0
69,49,2062031,1,0
69,50,2157574,1,0
69,51,2116478,1,0
69,52,2157024,1,0
69,53,2054551,1,0
69,54,2212869,1,0
69,55,1998508,1,0
69,56,2061412,1,0
69,57,2040986,1,0
69,58,2140194,1,0
69,59,2106377,1,0
70,0,2262246,1,0
70,1,2231279,1,0
70,2,2171211,1,0
70,3,2263966,1,0
70,4,2464052,1,0
70,5,2187258,1,0
70,6,2297302,1,0
70,7,2196850,1,0
70,8,2186624,1,0
70,9,2190672,1,0
70,10,2247217,1,0
70,11,2228863,1,0
70,12,2392796,1,0
70,13,2495022,1,0
70,14,2186542,1,0
70,15,2473815,1,0
70,16,2836659,1,0
70,17,2574375,1,0
70,18,2456745,1,0
70,19,2240267,1,0
70,20,2103754,1,0
70,21,2044525,1,0
70,22,2026039,1,0
70,23,2155295,1,0
70,24,2027818,1,0
70,25,2205493,1,0
70,26,2056808,1,0
70,27,2138556,1,0
70,28,2163659,1,0
70,29,2069633,1,0
70,30,2206526,1,0
70,31,2120734,1,0
70,32,2099159,1,0
70,33,2026667,1,0
70,34,2191742,1,0
70,35,2223355,1,0
70,36,2127298,1,0
70,37,2084203,1,0
70,38,2114405,1,0
70,39,2176540,1,0
70,40,2235879,1,0
70,41,2001727,1,0
70,42,2129084,1,0
70,43,2011526,1,0
70,44,2260795,1,0
70,45,2085726,1,0
70,46,2107856,1,0
70,47,2006845,1,0
70,48,2158687,1,0
70,49,2065501,1,0
70,50,2189208,1,0
70,51,2069538,1,0
70,52,2201888,1,0
70,53,2059505,1,0
70,54,2189028,1,0
70,55,1961904,1,0
70,56,2078281,1,0
70,57,2060407,1,0
70,58,2152564,1,0
70,59,2122301,1,0
71,0,1412589,1,0
71,1,2261645,1,0
71,2,2191598,1,0
71,3,2142061,1,0
71,4,2517687,1,0
71,5,2229883,1,0
71,6,2224303,1,0
71,7,2270874,1,0
71,8,2253047,1,0
71,9,2102824,1,0
71,10,2303618,1,0
71,11,2217477,1,0
71,12,2254211,1,0
71,13,2546595,1,0
71,14,2246309,1,0
71,15,2384464,1,0
71,16,2570671,1,0
71,17,2848760,1,0
71,18,2444885,1,0
71,19,2382809,1,0
71,20,2074270,1,0
71,21,2095615,1,0
71,22,2045878,1,0
71,23,2071148,1,0
71,24,2112617,1,0
71,25,2133768,1,0
71,26,2108142,1,0
71,27,2105791,1,0
71,28,2088298,1,0
71,29,2142611,1,0
71,30,2139219,1,0
71,31,2176555,1,0
71,32,2086276,1,0
71,33,2094917,1,0
71,34,2036569,1,0
71,35,2320341,1,0
71,36,2107130,1,0
71,37,2148633,1,0
71,38,2012579,1,0
71,39,2210122,1,0
71,40,2202657,1,0
71,41,2122022,1,0
71,42,2099605,1,0
71,43,2050191,1,0
71,44,2187498,1,0
71,45,2119790,1,0
71,46,2112901,1,0
71,47,2030182,1,0
71,48,2131688,1,0
71,49,2068008,1,0
71,50,2145075,1,0
71,51,2129819,1,0
71,52,2148218,1,0
71,53,2050936,1,0
71,54,2212216,1,0
71,55,2008026,1,0
71,56,2056766,1,0
71,57,2045850,1,0
71,58,2142120,1,0
71,59,2101161,1,0
72,0,1523845,1,0
72,1,2252955,1,0
72,2,2191287,1,0
72,3,2152254,1,0
72,4,2521927,1,0
72,5,2226485,1,0
72,6,2230785,1,0
72,7,2261562,1,0
72,8,2244583,1,0
72,9,2142005,1,0
72,10,2264270,1,0
72,11,2218986,1,0
72,12,2301179,1,0
72,13,2543813,1,0
72,14,2226979,1,0
72,15,2376214,1,0
72,16,2605920,1,0
72,17,2818180,1,0
72,18,2435774,1,0
72,19,2370896,1,0
72,20,2072410,1,0
72,21,2099628,1,0
72,22,2033900,1,0
72,23,2081925,1,0
72,24,2102477,1,0
72,25,2165720,1,0
72,26,2085773,1,0
72,27,2102958,1,0
72,28,2086436,1,0
72,29,2153877,1,0
72,30,2135113,1,0
72,31,2179804,1,0
72,32,2075939,1,0
72,33,2097487,1,0
72,34,2034618,1,0
72,35,2325584,1,0
72,36,2103722,1,0
72,37,2158668,1,0
72,38,1997419,1,0
72,39,2217455,1,0
72,40,2276989,1,0
72,41,2039729,1,0
72,42,2105123,1,0
72,43,2047421,1,0
72,44,2196306,1,0
72,45,2121478,1,0
72,46,2107394,1,0
72,47,2022684,1,0
72,48,2138113,1,0
72,49,2060467,1,0
72,50,2162579,1,0
72,51,2114862,1,0
72,52,2159091,1,0
72,53,2054622,1,0
72,54,2209777,1,0
72,55,1999314,1,0
72,56,2059744,1,0
72,57,2041004,1,0
72,58,2140099,1,0
72,59,2107689,1,0
73,0,1434916,1,0
73,1,2260172,1,0
73,2,2190834,1,0
73,3,2143060,1,0
73,4,2519363,1,0
73,5,2228868,1,0
73,6,2225564,1,0
73,7,2271655,1,0
73,8,2248329,1,0
73,9,2109371,1,0
73,10,2299791,1,0
73,11,2217690,1,0
73,12,2259793,1,0
73,13,2552769,1,0
73,14,2233905,1,0
73,15,2383895,1,0
73,16,2580382,1,0
73,17,2849685,1,0
73,18,2434218,1,0
73,19,2382199,1,0
73,20,2075437,1,0
73,21,2095470,1,0
73,22,2042062,1,0
73,23,2074472,1,0
73,24,2110621,1,0
73,25,2139165,1,0
73,26,2106121,1,0
73,27,2103918,1,0
73,28,2088141,1,0
73,29,2146485,1,0
73,30,2137171,1,0
73,31,2177415,1,0
73,32,2082490,1,0
73,33,2096002,1,0
73,34,2034477,1,0
73,35,2323290,1,0
73,36,2106738,1,0
73,37,2150928,1,0
73,38,2009801,1,0
73,39,2210990,1,0
73,40,2205025,1,0
73,41,2118896,1,0
73,42,2097596,1,0
73,43,2054057,1,0
73,44,2188340,1,0
73,45,2120295,1,0
73,46,2111532,1,0
73,47,2029485,1,0
73,48,2130562,1,0
73,49,2068323,1,0
73,50,2150645,1,0
73,51,2123526,1,0
73,52,2151027,1,0
73,53,2049486,1,0
73,54,2214713,1,0
73,55,2005430,1,0
73,56,2057352,1,0
73,57,2044847,1,0
73,58,2141361,1,0
73,59,2101452,1,0
74,0,1388422,1,0
74,1,2262671,1,0
74,2,2193618,1,0
74,3,2141678,1,0
74,4,2516073,1,0
74,5,2232348,1,0
74,6,2220876,1,0
74,7,2275071,1,0
74,8,2253115,1,0
74,9,2100554,1,0
74,10,2302359,1,0
74,11,2220885,1,0
74,12,2247886,1,0
74,13,2541764,1,0
74,14,2254833,1,0
74,15,2386597,1,0
74,16,2559434,1,0
74,17,2854650,1,0
74,18,2445668,1,0
74,19,2385411,1,0
74,20,2077966,1,0
74,21,2093889,1,0
74,22,2047242,1,0
74,23,2070952,1,0
74,24,2111083,1,0
74,25,2131985,1,0
74,26,2106989,1,0
74,27,2109597,1,0
74,28,2088035,1,0
74,29,2142789,1,0
74,30,2135828,1,0
74,31,2175308,1,0
74,32,2091222,1,0
74,33,2095695,1,0
74,34,2032055,1,0
74,35,2320256,1,0
74,36,2110361,1,0
74,37,2149366,1,0
74,38,2014055,1,0
74,39,2206653,1,0
74,40,2186492,1,0
74,41,2142585,1,0
74,42,2094590,1,0
74,43,2054278,1,0
74,44,2185979,1,0
74,45,2119516,1,0
74,46,2113651,1,0
74,47,2029993,1,0
74,48,2130120,1,0
74,49,2070489,1,0
74,50,2145094,1,0
74,51,2130203,1,0
74,52,2143609,1,0
74,53,2055910,1,0
74,54,2211999,1,0
74,55,2006045,1,0
74,56,2058476,1,0
74,57,2045364,1,0
74,58,2142047,1,0
74,59,2098894,1,0
75,0,1399238,1,0
75,1,2262066,1,0
75,2,2193662,1,0
75,3,2141741,1,0
75,4,2516586,1,0
75,5,2231659,1,0
75,6,2222817,1,0
75,7,2271972,1,0
75,8,2254946,1,0
75,9,2100894,1,0
75,10,2301732,1,0
75,11,2221009,1,0
75,12,2248784,1,0
75,13,2544178,1,0
75,14,2252528,1,0
75,15,2385427,1,0
75,16,2566161,1,0
75,17,2850335,1,0
75,18,2445445,1,0
75,19,2384047,1,0
75,20,2075953,1,0
75,21,2094145,1,0
75,22,2047210,1,0
75,23,2071131,1,0
75,24,2112306,1,0
75,25,2132715,1,0
75,26,2107248,1,0
75,27,2106542,1,0
75,28,2089030,1,0
75,29,2143022,1,0
75,30,2136984,1,0
75,31,2176915,1,0
75,32,2086600,1,0
75,33,2096145,1,0
75,34,2035592,1,0
75,35,2318820,1,0
75,36,2109017,1,0
75,37,2149080,1,0
75,38,2013751,1,0
75,39,2208673,1,0
75,40,2185049,1,0
75,41,2141585,1,0
75,42,2097063,1,0
75,43,2052661,1,0
75,44,2186911,1,0
75,45,2120577,1,0
75,46,2112704,1,0
75,47,2031279,1,0
75,48,2128197,1,0
75,49,2070158,1,0
75,50,2145567,1,0
75,51,2130468,1,0
75,52,2143916,1,0
75,53,2054231,1,0
75,54,2211476,1,0
75,55,2007580,1,0
75,56,2058043,1,0
75,57,2046578,1,0
75,58,2140026,1,0
75,59,2099951,1,0
76,0,1278379,1,0
76,1,2264530,1,0
76,2,2199039,1,0
76,3,2141574,1,0
76,4,2494158,1,0
76,5,2251731,1,0
76,6,2202555,1,0
76,7,2287813,1,0
76,8,2254967,1,0
76,9,2096624,1,0
76,10,2310194,1,0
76,11,2214096,1,0
76,12,2248751,1,0
76,13,2493582,1,0
76,14,2299500,1,0
76,15,2386702,1,0
76,16,2544643,1,0
76,17,2851961,1,0
76,18,2460346,1,0
76,19,2390583,1,0
76,20,2084300,1,0
76,21,2096104,1,0
76,22,2056757,1,0
76,23,2063916,1,0
76,24,2117011,1,0
76,25,2115898,1,0
76,26,2117751,1,0
76,27,2110348,1,0
76,28,2087665,1,0
76,29,2136926,1,0
76,30,2137126,1,0
76,31,2165287,1,0
76,32,2108063,1,0
76,33,2089510,1,0
76,34,2035741,1,0
76,35,2312482,1,0
76,36,2116616,1,0
76,37,2139701,1,0
76,38,2027537,1,0
76,39,2199636,1,0
76,40,2168878,1,0
76,41,2170635,1,0
76,42,2017582,1,0
76,43,2128360,1,0
76,44,2188247,1,0
76,45,2114914,1,0
76,46,2111516,1,0
76,47,2031606,1,0
76,48,2128009,1,0
76,49,2070530,1,0
76,50,2144337,1,0
76,51,2133854,1,0
76,52,2135100,1,0
76,53,2060294,1,0
76,54,2211636,1,0
76,55,2007948,1,0
76,56,2061270,1,0
76,57,2049262,1,0
76,58,2139900,1,0
76,59,2091548,1,0
77,0,1290102,1,0
77,1,2263582,1,0
77,2,2197247,1,0
77,3,2141412,1,0
77,4,2497847,1,0
77,5,2249588,1,0
77,6,2202455,1,0
77,7,2285731,1,0
77,8,2258612,1,0
77,9,2094852,1,0
77,10,2312556,1,0
77,11,2212695,1,0
77,12,2249120,1,0
77,13,2497272,1,0
77,14,2295419,1,0
77,15,2387745,1,0
77,16,2545095,1,0
77,17,2851482,1,0
77,18,2459176,1,0
77,19,2389991,1,0
77,20,2086656,1,0
77,21,2094672,1,0
77,22,2055370,1,0
77,23,2063815,1,0
77,24,2115968,1,0
77,25,2117100,1,0
77,26,2118461,1,0
77,27,2108650,1,0
77,28,2087537,1,0
77,29,2139866,1,0
77,30,2135309,1,0
77,31,2167034,1,0
77,32,2105433,1,0
77,33,2089091,1,0
77,34,2035900,1,0
77,35,2313974,1,0
77,36,2115403,1,0
77,37,2140375,1,0
77,38,2027964,1,0
77,39,2201225,1,0
77,40,2167937,1,0
77,41,2169090,1,0
77,42,2033445,1,0
77,43,2113079,1,0
77,44,2187318,1,0
77,45,2116190,1,0
77,46,2111526,1,0
77,47,2033991,1,0
77,48,2126425,1,0
77,49,2070999,1,0
77,50,2142616,1,0
77,51,2133601,1,0
77,52,2136068,1,0
77,53,2061421,1,0
77,54,2209563,1,0
77,55,2010410,1,0
77,56,2058218,1,0
77,57,2049290,1,0
77,58,2141278,1,0
77,59,2090691,1,0
78,0,485655,1,0
78,1,1623813,1,0
78,2,2206799,1,0
78,3,2163871,1,0
78,4,2340858,1,0
78,5,2396712,1,0
78,6,2206940,1,0
78,7,2296347,1,0
78,8,2188592,1,0
78,9,2176592,1,0
78,10,2206356,1,0
78,11,2235769,1,0
78,12,2221396,1,0
78,13,2429548,1,0
78,14,2464011,1,0
78,15,2203429,1,0
78,16,2471311,1,0
78,17,2948501,1,0
78,18,2453554,1,0
78,19,2484989,1,0
78,20,2175883,1,0
78,21,2120400,1,0
78,22,2039280,1,0
78,23,2020209,1,0
78,24,2152399,1,0
78,25,2040132,1,0
78,26,2214681,1,0
78,27,2100117,1,0
78,28,2079686,1,0
78,29,2164639,1,0
78,30,2082312,1,0
78,31,2180058,1,0
78,32,2144270,1,0
78,33,2088154,1,0
78,34,2004366,1,0
78,35,2252014,1,0
78,36,2177172,1,0
78,37,2128504,1,0
78,38,2075237,1,0
78,39,2143366,1,0
78,40,2177477,1,0
78,41,2211482,1,0
78,42,2009220,1,0
78,43,2147944,1,0
78,44,1985000,1,0
78,45,2296812,1,0
78,46,2046024,1,0
78,47,2124731,1,0
78,48,1997377,1,0
78,49,2151322,1,0
78,50,2086773,1,0
78,51,2188932,1,0
78,52,2061560,1,0
78,53,2195584,1,0
78,54,2079991,1,0
78,55,2150150,1,0
78,56,1957633,1,0
78,57,2095836,1,0
78,58,2138158,1,0
78,59,2081655,1,0
79,0,1267777,1,0
79,1,2265649,1,0
79,2,2197649,1,0
79,3,2140823,1,0
79,4,2492240,1,0
79,5,2255699,1,0
79,6,2201036,1,0
79,7,2288198,1,0
79,8,2254020,1,0
79,9,2097620,1,0
79,10,2309893,1,0
79,11,2214027,1,0
79,12,2249679,1,0
79,13,2487234,1,0
79,14,2302532,1,0
79,15,2388965,1,0
79,16,2541909,1,0
79,17,2852163,1,0
79,18,2462369,1,0
79,19,2390909,1,0
79,20,2084834,1,0
79,21,2097351,1,0
79,22,2056274,1,0
79,23,2062867,1,0
79,24,2116978,1,0
79,25,2115642,1,0
79,26,2119225,1,0
79,27,2110987,1,0
79,28,2086063,1,0
79,29,2136428,1,0
79,30,2139885,1,0
79,31,2163188,1,0
79,32,2108541,1,0
79,33,2087640,1,0
79,34,2037016,1,0
79,35,2312688,1,0
79,36,2116861,1,0
79,37,2138665,1,0
79,38,2029361,1,0
79,39,2198614,1,0
79,40,2169556,1,0
79,41,2169889,1,0
79,42,2011792,1,0
79,43,2134654,1,0
79,44,2189215,1,0
79,45,2112181,1,0
79,46,2113698,1,0
79,47,2029772,1,0
79,48,2129386,1,0
79,49,2071044,1,0
79,50,2143370,1,0
79,51,2133567,1,0
79,52,2135214,1,0
79,53,2061529,1,0
79,54,2210960,1,0
79,55,2004800,1,0
79,56,2065966,1,0
79,57,2047350,1,0
79,58,2140777,1,0
79,59,2091654,1,0
80,0,1352741,1,0
80,1,2262877,1,0
80,2,2195858,1,0
80,3,2139855,1,0
80,4,2506228,1,0
80,5,2242029,1,0
80,6,2217554,1,0
80,7,2272342,1,0
80,8,2257723,1,0
80,9,2102798,1,0
80,10,2302573,1,0
80,11,2217965,1,0
80,12,2247939,1,0
80,13,2527855,1,0
80,14,2266720,1,0
80,15,2391613,1,0
80,16,2552642,1,0
80,17,2854144,1,0
80,18,2448898,1,0
80,19,2386483,1,0
80,20,2080782,1,0
80,21,2093747,1,0
80,22,2052474,1,0
80,23,2065823,1,0
80,24,2113012,1,0
80,25,2128690,1,0
80,26,2108518,1,0
80,27,2111443,1,0
80,28,2087300,1,0
80,29,2141374,1,0
80,30,2135665,1,0
80,31,2173518,1,0
80,32,2095636,1,0
80,33,2093656,1,0
80,34,2032234,1,0
80,35,2319529,1,0
80,36,2111267,1,0
80,37,2146794,1,0
80,38,2017659,1,0
80,39,2204692,1,0
80,40,2178581,1,0
80,41,2153435,1,0
80,42,2091301,1,0
80,43,2056374,1,0
80,44,2189241,1,0
80,45,2116047,1,0
80,46,2114092,1,0
80,47,2030855,1,0
80,48,2127810,1,0
80,49,2071780,1,0
80,50,2144443,1,0
80,51,2131400,1,0
80,52,2137941,1,0
80,53,2058742,1,0
80,54,2211852,1,0
80,55,2007982,1,0
80,56,2059801,1,0
80,57,2047774,1,0
80,58,2138840,1,0
80,59,2098620,1,0
81,0,1367526,1,0
81,1,2261257,1,0
81,2,2196149,1,0
81,3,2138889,1,0
81,4,2508936,1,0
81,5,2241747,1,0
81,6,2217801,1,0
81,7,2274727,1,0
81,8,2253946,1,0
81,9,2102285,1,0
81,10,2302813,1,0
81,11,2219235,1,0
81,12,2247590,1,0
81,13,2533557,1,0
81,14,2260473,1,0
81,15,2390381,1,0
81,16,2556383,1,0
81,17,2853364,1,0
81,18,2447452,1,0
81,19,2385476,1,0
81,20,2080735,1,0
81,21,2094332,1,0
81,22,2050919,1,0
81,23,2065490,1,0
81,24,2114815,1,0
81,25,2130163,1,0
81,26,2106743,1,0
81,27,2111475,1,0
81,28,2087710,1,0
81,29,2140449,1,0
81,30,2136911,1,0
81,31,2172768,1,0
81,32,2096011,1,0
81,33,2092786,1,0
81,34,2034445,1,0
81,35,2318476,1,0
81,36,2111674,1,0
81,37,2146209,1,0
81,38,2017172,1,0
81,39,2206300,1,0
81,40,2178827,1,0
81,41,2151156,1,0
81,42,2092859,1,0
81,43,2055027,1,0
81,44,2188349,1,0
81,45,2116778,1,0
81,46,2115114,1,0
81,47,2028964,1,0
81,48,2128551,1,0
81,49,2070958,1,0
81,50,2147136,1,0
81,51,2129989,1,0
81,52,2140343,1,0
81,53,2055100,1,0
81,54,2211547,1,0
81,55,2008110,1,0
81,56,2060356,1,0
81,57,2047500,1,0
81,58,2138741,1,0
81,59,2101380,1,0
82,0,300612,1,0
82,1,2205922,1,0
82,2,2192887,1,0
82,3,2140119,1,0
82,4,2460943,1,0
82,5,2287834,1,0
82,6,2198113,1,0
82,7,2304265,1,0
82,8,2232168,1,0
82,9,2131942,1,0
82,10,2251530,1,0
82,11,2234859,1,0
82,12,2237626,1,0
82,13,2438627,1,0
82,14,2395104,1,0
82,15,2322875,1,0
82,16,2486440,1,0
82,17,2853176,1,0
82,18,2513420,1,0
82,19,2443086,1,0
82,20,2091264,1,0
82,21,2098737,1,0
82,22,2070650,1,0
82,23,2066715,1,0
82,24,2120753,1,0
82,25,2081092,1,0
82,26,2132699,1,0
82,27,2130870,1,0
82,28,2067392,1,0
82,29,2149982,1,0
82,30,2103171,1,0
82,31,2163940,1,0
82,32,2136534,1,0
82,33,2088512,1,0
82,34,2033577,1,0
82,35,2265986,1,0
82,36,2153702,1,0
82,37,2137518,1,0
82,38,2059136,1,0
82,39,2157674,1,0
82,40,2181632,1,0
82,41,2188600,1,0
82,42,1995663,1,0
82,43,2147700,1,0
82,44,2023996,1,0
82,45,2277046,1,0
82,46,2046317,1,0
82,47,2099360,1,0
82,48,2124474,1,0
82,49,2069635,1,0
82,50,2141096,1,0
82,51,2137771,1,0
82,52,2134565,1,0
82,53,2075360,1,0
82,54,2192516,1,0
82,55,2024351,1,0
82,56,2053613,1,0
82,57,2041853,1,0
82,58,2127022,1,0
82,59,2093505,1,0
83,0,1311492,1,0
83,1,2264683,1,0
83,2,2198202,1,0
83,3,2140115,1,0
83,4,2497439,1,0
83,5,2248851,1,0
83,6,2210766,1,0
83,7,2277972,1,0
83,8,2259604,1,0
83,9,2099892,1,0
83,10,2303422,1,0
83,11,2215265,1,0
83,12,2248197,1,0
83,13,2509151,1,0
83,14,2285932,1,0
83,15,2390457,1,0
83,16,2543850,1,0
83,17,2854462,1,0
83,18,2454659,1,0
83,19,2390315,1,0
83,20,2084520,1,0
83,21,2094636,1,0
83,22,2053819,1,0
83,23,2065638,1,0
83,24,2114329,1,0
83,25,2121152,1,0
83,26,2114118,1,0
83,27,2110443,1,0
83,28,2086917,1,0
83,29,2139272,1,0
83,30,2136672,1,0
83,31,2167989,1,0
83,32,2102536,1,0
83,33,2093095,1,0
83,34,2034329,1,0
83,35,2314588,1,0
83,36,2112546,1,0
83,37,2145266,1,0
83,38,2023532,1,0
83,39,2202133,1,0
83,40,2169390,1,0
83,41,2165967,1,0
83,42,2041391,1,0
83,43,2104128,1,0
83,44,2190459,1,0
83,45,2112791,1,0
83,46,2113806,1,0
83,47,2032995,1,0
83,48,2127951,1,0
83,49,2071757,1,0
83,50,2143744,1,0
83,51,2132277,1,0
83,52,2136310,1,0
83,53,2060203,1,0
83,54,2211342,1,0
83,55,2008204,1,0
83,56,2057655,1,0
83,57,2051729,1,0
83,58,2138090,1,0
83,59,2094010,1,0
84,0,292095,1,0
84,1,1895650,1,0
84,2,2185395,1,0
84,3,2157623,1,0
84,4,2416163,1,0
84,5,2323267,1,0
84,6,2196236,1,0
84,7,2299767,1,0
84,8,2220537,1,0
84,9,2143431,1,0
84,10,2231850,1,0
84,11,2242031,1,0
84,12,2198978,1,0
84,13,2461433,1,0
84,14,2428375,1,0
84,15,2218982,1,0
84,16,2490157,1,0
84,17,2907180,1,0
84,18,2482769,1,0
84,19,2518680,1,0
84,20,2108525,1,0
84,21,2110829,1,0
84,22,2046851,1,0
84,23,2074601,1,0
84,24,2116142,1,0
84,25,2084469,1,0
84,26,2141507,1,0
84,27,2111770,1,0
84,28,2072444,1,0
84,29,2179215,1,0
84,30,2066773,1,0
84,31,2166082,1,0
84,32,2152316,1,0
84,33,2089009,1,0
84,34,2006121,1,0
84,35,2273998,1,0
84,36,2166422,1,0
84,37,2138961,1,0
84,38,2063959,1,0
84,39,2133421,1,0
84,40,2185036,1,0
84,41,2218892,1,0
84,42,1993727,1,0
84,43,2148482,1,0
84,44,2013319,1,0
84,45,2279501,1,0
84,46,2034327,1,0
84,47,2115593,1,0
84,48,2026817,1,0
84,49,2148172,1,0
84,50,2114547,1,0
84,51,2157486,1,0
84,52,2107320,1,0
84,53,2130048,1,0
84,54,2174521,1,0
84,55,2053194,1,0
84,56,2033751,1,0
84,57,2033313,1,0
84,58,2135502,1,0
84,59,2091297,1,0
85,0,1322784,1,0
85,1,2263863,1,0
85,2,2196944,1,0
85,3,2140669,1,0
85,4,2500010,1,0
85,5,2246966,1,0
85,6,2212576,1,0
85,7,2276773,1,0
85,8,2258350,1,0
85,9,2100486,1,0
85,10,2303410,1,0
85,11,2216888,1,0
85,12,2247682,1,0
85,13,2514138,1,0
85,14,2280902,1,0
85,15,2389881,1,0
85,16,2545454,1,0
85,17,2855089,1,0
85,18,2454065,1,0
85,19,2388215,1,0
85,20,2083702,1,0
85,21,2096871,1,0
85,22,2051334,1,0
85,23,2066158,1,0
85,24,2114384,1,0
85,25,2123053,1,0
85,26,2111608,1,0
85,27,2111440,1,0
85,28,2086204,1,0
85,29,2139777,1,0
85,30,2135975,1,0
85,31,2170196,1,0
85,32,2100646,1,0
85,33,2094444,1,0
85,34,2033739,1,0
85,35,2315554,1,0
85,36,2112713,1,0
85,37,2144155,1,0
85,38,2022394,1,0
85,39,2204052,1,0
85,40,2173200,1,0
85,41,2160484,1,0
85,42,2043277,1,0
85,43,2103916,1,0
85,44,2188461,1,0
85,45,2115594,1,0
85,46,2111244,1,0
85,47,2033330,1,0
85,48,2128276,1,0
85,49,2072094,1,0
85,50,2142902,1,0
85,51,2133937,1,0
85,52,2134090,1,0
85,53,2059773,1,0
85,54,2211762,1,0
85,55,2009559,1,0
85,56,2057684,1,0
85,57,2052225,1,0
85,58,2136599,1,0
85,59,2095574,1,0
86,0,346594,1,0
86,1,1578835,1,0
86,2,2217398,1,0
86,3,2163546,1,0
86,4,2327440,1,0
86,5,2413024,1,0
86,6,2207517,1,0
86,7,2295063,1,0
86,8,2171319,1,0
86,9,2191943,1,0
86,10,2205055,1,0
86,11,2243458,1,0
86,12,2212618,1,0
86,13,2434027,1,0
86,14,2465500,1,0
86,15,2199901,1,0
86,16,2470887,1,0
86,17,2948181,1,0
86,18,2456242,1,0
86,19,2479824,1,0
86,20,2184647,1,0
86,21,2119129,1,0
86,22,2037387,1,0
86,23,2020841,1,0
86,24,2151571,1,0
86,25,2031654,1,0
86,26,2224083,1,0
86,27,2099386,1,0
86,28,2081230,1,0
86,29,2163784,1,0
86,30,2080175,1,0
86,31,2184125,1,0
86,32,2141160,1,0
86,33,2090585,1,0
86,34,2006454,1,0
86,35,2247539,1,0
86,36,2177377,1,0
86,37,2127040,1,0
86,38,2079496,1,0
86,39,2142089,1,0
86,40,2175342,1,0
86,41,2212057,1,0
86,42,2010852,1,0
86,43,2145584,1,0
86,44,1983523,1,0
86,45,2291752,1,0
86,46,2055910,1,0
86,47,2125935,1,0
86,48,1997100,1,0
86,49,2148832,1,0
86,50,2087850,1,0
86,51,2186692,1,0
86,52,2065674,1,0
86,53,2195380,1,0
86,54,2075571,1,0
86,55,2154666,1,0
86,56,1959894,1,0
86,57,2090765,1,0
86,58,2126199,1,0
86,59,2094209,1,0
87,0,1218915,1,0
87,1,2267341,1,0
87,2,2199909,1,0
87,3,2142682,1,0
87,4,2482981,1,0
87,5,2264087,1,0
87,6,2194631,1,0
87,7,2295419,1,0
87,8,2253065,1,0
87,9,2099368,1,0
87,10,2309480,1,0
87,11,2208952,1,0
87,12,2254570,1,0
87,13,2458675,1,0
87,14,2330045,1,0
87,15,2383449,1,0
87,16,2539516,1,0
87,17,2841349,1,0
87,18,2475863,1,0
87,19,2394861,1,0
87,20,2078658,1,0
87,21,2105534,1,0
87,22,2056617,1,0
87,23,2061291,1,0
87,24,2119933,1,0
87,25,2108172,1,0
87,26,2124211,1,0
87,27,2114359,1,0
87,28,2083823,1,0
87,29,2134940,1,0
87,30,2138870,1,0
87,31,2161763,1,0
87,32,2109893,1,0
87,33,2087018,1,0
87,34,2039871,1,0
87,35,2306183,1,0
87,36,2120670,1,0
87,37,2140269,1,0
87,38,2029735,1,0
87,39,2198741,1,0
87,40,2168768,1,0
87,41,2170161,1,0
87,42,2000131,1,0
87,43,2149764,1,0
87,44,2189318,1,0
87,45,2112537,1,0
87,46,2107744,1,0
87,47,2030942,1,0
87,48,2127839,1,0
87,49,2074564,1,0
87,50,2144922,1,0
87,51,2131546,1,0
87,52,2133042,1,0
87,53,2066665,1,0
87,54,2205331,1,0
87,55,2005415,1,0
87,56,2071480,1,0
87,57,2047969,1,0
87,58,2137967,1,0
87,59,2086487,1,0
88,0,2042119,1,0
88,1,2222670,1,0
88,2,2175489,1,0
88,3,2206249,1,0
88,4,2502689,1,0
88,5,2205212,1,0
88,6,2284484,1,0
88,7,2228740,1,0
88,8,2185821,1,0
88,9,2166744,1,0
88,10,2252673,1,0
88,11,2218404,1,0
88,12,2399071,1,0
88,13,2490407,1,0
88,14,2200072,1,0
88,15,2464606,1,0
88,16,2781917,1,0
88,17,2620034,1,0
88,18,2441717,1,0
88,19,2288185,1,0
88,20,2084969,1,0
88,21,2065150,1,0
88,22,2021097,1,0
88,23,2125599,1,0
88,24,2061598,1,0
88,25,2184083,1,0
88,26,2082472,1,0
88,27,2115389,1,0
88,28,2098438,1,0
88,29,2145757,1,0
88,30,2218216,1,0
88,31,2111540,1,0
88,32,2106849,1,0
88,33,2027810,1,0
88,34,2148240,1,0
88,35,2255008,1,0
88,36,2130245,1,0
88,37,2105645,1,0
88,38,2093176,1,0
88,39,2175531,1,0
88,40,2250549,1,0
88,41,1984037,1,0
88,42,2133512,1,0
88,43,2027201,1,0
88,44,2225409,1,0
88,45,2115216,1,0
88,46,2092818,1,0
88,47,2012220,1,0
88,48,2150308,1,0
88,49,2062332,1,0
88,50,2202073,1,0
88,51,2074006,1,0
88,52,2191781,1,0
88,53,2029714,1,0
88,54,2225417,1,0
88,55,1969779,1,0
88,56,2077826,1,0
88,57,2038953,1,0
88,58,2166172,1,0
88,59,2101224,1,0
89,0,314408,1,0
89,1,1383146,1,0
89,2,2221821,1,0
89,3,2182995,1,0
89,4,2274678,1,0
89,5,2456700,1,0
89,6,2187537,1,0
89,7,2301704,1,0
89,8,2173027,1,0
89,9,2190935,1,0
89,10,2191254,1,0
89,11,2264067,1,0
89,12,2220179,1,0
89,13,2406747,1,0
89,14,2479341,1,0
89,15,2198472,1,0
89,16,2465801,1,0
89,17,2875824,1,0
89,18,2540963,1,0
89,19,2455446,1,0
89,20,2230690,1,0
89,21,2105560,1,0
89,22,2040221,1,0
89,23,2020723,1,0
89,24,2151765,1,0
89,25,2036262,1,0
89,26,2211439,1,0
89,27,2067618,1,0
89,28,2123155,1,0
89,29,2160854,1,0
89,30,2071782,1,0
89,31,2199665,1,0
89,32,2129740,1,0
89,33,2092942,1,0
89,34,2020857,1,0
89,35,2201639,1,0
89,36,2216704,1,0
89,37,2127769,1,0
89,38,2079690,1,0
89,39,2126388,1,0
89,40,2180278,1,0
89,41,2227462,1,0
89,42,2007494,1,0
89,43,2130193,1,0
89,44,1997443,1,0
89,45,2285059,1,0
89,46,2066059,1,0
89,47,2116855,1,0
89,48,1993635,1,0
89,49,2167151,1,0
89,50,2061449,1,0
89,51,2192284,1,0
89,52,2067913,1,0
89,53,2211306,1,0
89,54,2059037,1,0
89,55,2178835,1,0
89,56,1953398,1,0
89,57,2083888,1,0
89,58,2069277,1,0
89,59,2147724,1,0
90,0,1199863,1,0
90,1,2269779,1,0
90,2,2193625,1,0
90,3,2149277,1,0
90,4,2480243,1,0
90,5,2264365,1,0
90,6,2193984,1,0
90,7,2298833,1,0
90,8,2249102,1,0
90,9,2098382,1,0
90,10,2310765,1,0
90,11,2207739,1,0
90,12,2255462,1,0
90,13,2443515,1,0
90,14,2346614,1,0
90,15,2381663,1,0
90,16,2538456,1,0
90,17,2826907,1,0
90,18,2490710,1,0
90,19,2396094,1,0
90,20,2080168,1,0
90,21,2103795,1,0
90,22,2061465,1,0
90,23,2061899,1,0
90,24,2120035,1,0
90,25,2097222,1,0
90,26,2133413,1,0
90,27,2112985,1,0
90,28,2084807,1,0
90,29,2135791,1,0
90,30,2135365,1,0
90,31,2161094,1,0
90,32,2110859,1,0
90,33,2086716,1,0
90,34,2040547,1,0
90,35,2305218,1,0
90,36,2121140,1,0
90,37,2140254,1,0
90,38,2033290,1,0
90,39,2196640,1,0
90,40,2168189,1,0
90,41,2170620,1,0
90,42,2002185,1,0
90,43,2147761,1,0
90,44,2189554,1,0
90,45,2111430,1,0
90,46,2109758,1,0
90,47,2031783,1,0
90,48,2125145,1,0
90,49,2074684,1,0
90,50,2147871,1,0
90,51,2128270,1,0
90,52,2132721,1,0
90,53,2068629,1,0
90,54,2203430,1,0
90,55,2008207,1,0
90,56,2068870,1,0
90,57,2047467,1,0
90,58,2139666,1,0
90,59,2087556,1,0
91,0,1241409,1,0
91,1,2267026,1,0
91,2,2198827,1,0
91,3,2140660,1,0
91,4,2490809,1,0
91,5,2256253,1,0
91,6,2199027,1,0
91,7,2292672,1,0
91,8,2253594,1,0
91,9,2097978,1,0
91,10,2309688,1,0
91,11,2209496,1,0
91,12,2251478,1,0
91,13,2476584,1,0
91,14,2313476,1,0
91,15,2386131,1,0
91,16,2543375,1,0
91,17,2845165,1,0
91,18,2469143,1,0
91,19,2393367,1,0
91,20,2080864,1,0
91,21,2101708,1,0
91,22,2055491,1,0
91,23,2063532,1,0
91,24,2118133,1,0
91,25,2112723,1,0
91,26,2121098,1,0
91,27,2113710,1,0
91,28,2082336,1,0
91,29,2138686,1,0
91,30,2137487,1,0
91,31,2164313,1,0
91,32,2107559,1,0
91,33,2088617,1,0
91,34,2037286,1,0
91,35,2307907,1,0
91,36,2120168,1,0
91,37,2141963,1,0
91,38,2028402,1,0
91,39,2198923,1,0
91,40,2165463,1,0
91,41,2171748,1,0
91,42,2000883,1,0
91,43,2149961,1,0
91,44,2185573,1,0
91,45,2114790,1,0
91,46,2110321,1,0
91,47,2030714,1,0
91,48,2126487,1,0
91,49,2074316,1,0
91,50,2144217,1,0
91,51,2131750,1,0
91,52,2134279,1,0
91,53,2064421,1,0
91,54,2206935,1,0
91,55,2005647,1,0
91,56,2068667,1,0
91,57,2047505,1,0
91,58,2141732,1,0
91,59,2088364,1,0
92,0,1140291,1,0
92,1,2278273,1,0
92,2,2187464,1,0
92,3,2153220,1,0
92,4,2477167,1,0
92,5,2257212,1,0
92,6,2204656,1,0
92,7,2301578,1,0
92,8,2244667,1,0
92,9,2098256,1,0
92,10,2307878,1,0
92,11,2204845,1,0
92,12,2256396,1,0
92,13,2432854,1,0
92,14,2362445,1,0
92,15,2379711,1,0
92,16,2521979,1,0
92,17,2830717,1,0
92,18,2504978,1,0
92,19,2392784,1,0
92,20,2084853,1,0
92,21,2099692,1,0
92,22,2068068,1,0
92,23,2064119,1,0
92,24,2118830,1,0
92,25,2084955,1,0
92,26,2143091,1,0
92,27,2118005,1,0
92,28,2078879,1,0
92,29,2137528,1,0
92,30,2133684,1,0
92,31,2150674,1,0
92,32,2122694,1,0
92,33,2088893,1,0
92,34,2038022,1,0
92,35,2301027,1,0
92,36,2121427,1,0
92,37,2140025,1,0
92,38,2039713,1,0
92,39,2194707,1,0
92,40,2159906,1,0
92,41,2183306,1,0
92,42,1995245,1,0
92,43,2149115,1,0
92,44,2144974,1,0
92,45,2155480,1,0
92,46,2112643,1,0
92,47,2032845,1,0
92,48,2121808,1,0
92,49,2073501,1,0
92,50,2151586,1,0
92,51,2127624,1,0
92,52,2132592,1,0
92,53,2071826,1,0
92,54,2198706,1,0
92,55,2014872,1,0
92,56,2060366,1,0
92,57,2048564,1,0
92,58,2144587,1,0
92,59,2072770,1,0
93,0,1162030,1,0
93,1,2277544,1,0
93,2,2187154,1,0
93,3,2152241,1,0
93,4,2479411,1,0
93,5,2264835,1,0
93,6,2196484,1,0
93,7,2300029,1,0
93,8,2247114,1,0
93,9,2098975,1,0
93,10,2309304,1,0
93,11,2203832,1,0
93,12,2258450,1,0
93,13,2435288,1,0
93,14,2355663,1,0
93,15,2379684,1,0
93,16,2532071,1,0
93,17,2828003,1,0
93,18,2499119,1,0
93,19,2393426,1,0
93,20,2082967,1,0
93,21,2101897,1,0
93,22,2066557,1,0
93,23,2059349,1,0
93,24,2121805,1,0
93,25,2093094,1,0
93,26,2135885,1,0
93,27,2116209,1,0
93,28,2082674,1,0
93,29,2134799,1,0
93,30,2134591,1,0
93,31,2152722,1,0
93,32,2120579,1,0
93,33,2086396,1,0
93,34,2040265,1,0
93,35,2301248,1,0
93,36,2122908,1,0
93,37,2140280,1,0
93,38,2037672,1,0
93,39,2193538,1,0
93,40,2168134,1,0
93,41,2172662,1,0
93,42,2000468,1,0
93,43,2147333,1,0
93,44,2183154,1,0
93,45,2117305,1,0
93,46,2111888,1,0
93,47,2034849,1,0
93,48,2121451,1,0
93,49,2072101,1,0
93,50,2150668,1,0
93,51,2127596,1,0
93,52,2132972,1,0
93,53,2071307,1,0
93,54,2200506,1,0
93,55,2012393,1,0
93,56,2063803,1,0
93,57,2048541,1,0
93,58,2142428,1,0
93,59,2078064,1,0
94,0,1086077,1,0
94,1,2285700,1,0
94,2,2191162,1,0
94,3,2151114,1,0
94,4,2476653,1,0
94,5,2259858,1,0
94,6,2202137,1,0
94,7,2307826,1,0
94,8,2239837,1,0
94,9,2102348,1,0
94,10,2279077,1,0
94,11,2232265,1,0
94,12,2250773,1,0
94,13,2427956,1,0
94,14,2375815,1,0
94,15,2373966,1,0
94,16,2481304,1,0
94,17,2863007,1,0
94,18,2507715,1,0
94,19,2400497,1,0
94,20,2086601,1,0
94,21,2092615,1,0
94,22,2075230,1,0
94,23,2061392,1,0
94,24,2120867,1,0
94,25,2079865,1,0
94,26,2143362,1,0
94,27,2125962,1,0
94,28,2073062,1,0
94,29,2141270,1,0
94,30,2131172,1,0
94,31,2149177,1,0
94,32,2123808,1,0
94,33,2091839,1,0
94,34,2035768,1,0
94,35,2296182,1,0
94,36,2123882,1,0
94,37,2141730,1,0
94,38,2042070,1,0
94,39,2194190,1,0
94,40,2160873,1,0
94,41,2179980,1,0
94,42,1996171,1,0
94,43,2148610,1,0
94,44,2039245,1,0
94,45,2263757,1,0
94,46,2113692,1,0
94,47,2030874,1,0
94,48,2120754,1,0
94,49,2074464,1,0
94,50,2153228,1,0
94,51,2125955,1,0
94,52,2133338,1,0
94,53,2072175,1,0
94,54,2197277,1,0
94,55,2018042,1,0
94,56,2055127,1,0
94,57,2050070,1,0
94,58,2147146,1,0
94,59,2071902,1,0
95,0,544822,1,0
95,1,2256357,1,0
95,2,2194594,1,0
95,3,2142128,1,0
95,4,2466062,1,0
95,5,2279607,1,0
95,6,2201967,1,0
95,7,2305909,1,0
95,8,2240731,1,0
95,9,2113697,1,0
95,10,2262565,1,0
95,11,2230877,1,0
95,12,2245844,1,0
95,13,2431931,1,0
95,14,2390442,1,0
95,15,2343797,1,0
95,16,2473003,1,0
95,17,2857587,1,0
95,18,2517749,1,0
95,19,2427875,1,0
95,20,2090785,1,0
95,21,2096086,1,0
95,22,2072283,1,0
95,23,2063921,1,0
95,24,2122281,1,0
95,25,2080381,1,0
95,26,2134082,1,0
95,27,2133415,1,0
95,28,2066574,1,0
95,29,2148812,1,0
95,30,2117308,1,0
95,31,2154181,1,0
95,32,2132219,1,0
95,33,2090163,1,0
95,34,2033698,1,0
95,35,2284063,1,0
95,36,2135841,1,0
95,37,2135051,1,0
95,38,2058613,1,0
95,39,2167058,1,0
95,40,2175963,1,0
95,41,2193613,1,0
95,42,1988169,1,0
95,43,2145104,1,0
95,44,2024719,1,0
95,45,2279536,1,0
95,46,2071386,1,0
95,47,2074988,1,0
95,48,2121312,1,0
95,49,2074232,1,0
95,50,2140672,1,0
95,51,2136581,1,0
95,52,2132971,1,0
95,53,2072464,1,0
95,54,2198599,1,0
95,55,2019862,1,0
95,56,2055078,1,0
95,57,2044446,1,0
95,58,2137476,1,0
95,59,2082736,1,0
96,0,1210225,1,0
96,1,2268588,1,0
96,2,2194607,1,0
96,3,2147829,1,0
96,4,2480499,1,0
96,5,2266259,1,0
96,6,2194752,1,0
96,7,2296263,1,0
96,8,2250923,1,0
96,9,2099929,1,0
96,10,2309086,1,0
96,11,2207763,1,0
96,12,2255340,1,0
96,13,2450574,1,0
96,14,2337870,1,0
96,15,2383601,1,0
96,16,2539791,1,0
96,17,2827881,1,0
96,18,2488485,1,0
96,19,2395845,1,0
96,20,2079893,1,0
96,21,2103850,1,0
96,22,2059447,1,0
96,23,2061494,1,0
96,24,2120216,1,0
96,25,2099223,1,0
96,26,2132432,1,0
96,27,2113748,1,0
96,28,2083273,1,0
96,29,2135642,1,0
96,30,2135970,1,0
96,31,2162982,1,0
96,32,2109602,1,0
96,33,2087788,1,0
96,34,2039144,1,0
96,35,2305541,1,0
96,36,2122130,1,0
96,37,2140570,1,0
96,38,2031710,1,0
96,39,2196964,1,0
96,40,2167040,1,0
96,41,2171037,1,0
96,42,2002424,1,0
96,43,2147942,1,0
96,44,2189908,1,0
96,45,2111685,1,0
96,46,2109356,1,0
96,47,2030854,1,0
96,48,2127323,1,0
96,49,2073247,1,0
96,50,2146819,1,0
96,51,2129895,1,0
96,52,2134565,1,0
96,53,2066529,1,0
96,54,2204483,1,0
96,55,2006714,1,0
96,56,2070018,1,0
96,57,2048240,1,0
96,58,2138775,1,0
96,59,2086655,1,0
97,0,177683,1,0
97,1,1521050,1,0
97,2,2216736,1,0
97,3,2172279,1,0
97,4,2318359,1,0
97,5,2419859,1,0
97,6,2206284,1,0
97,7,2292451,1,0
97,8,2167613,1,0
97,9,2197032,1,0
97,10,2202317,1,0
97,11,2246388,1,0
97,12,2211703,1,0
97,13,2430498,1,0
97,14,2472050,1,0
97,15,2197074,1,0
97,16,2468499,1,0
97,17,2930354,1,0
97,18,2476956,1,0
97,19,2470010,1,0
97,20,2198983,1,0
97,21,2114592,1,0
97,22,2039361,1,0
97,23,2020789,1,0
97,24,2152115,1,0
97,25,2033870,1,0
97,26,2219039,1,0
97,27,2106671,1,0
97,28,2080319,1,0
97,29,2160288,1,0
97,30,2079353,1,0
97,31,2186217,1,0
97,32,2141084,1,0
97,33,2091694,1,0
97,34,2006584,1,0
97,35,2236476,1,0
97,36,2185457,1,0
97,37,2127197,1,0
97,38,2079368,1,0
97,39,2132674,1,0
97,40,2182674,1,0
97,41,2217775,1,0
97,42,2011891,1,0
97,43,2140715,1,0
97,44,1984408,1,0
97,45,2293386,1,0
97,46,2057414,1,0
97,47,2121093,1,0
97,48,1997458,1,0
97,49,2156222,1,0
97,50,2081546,1,0
97,51,2184060,1,0
97,52,2066923,1,0
97,53,2203088,1,0
97,54,2064683,1,0
97,55,2165840,1,0
97,56,1956061,1,0
97,57,2088258,1,0
97,58,2102184,1,0
97,59,2117554,1,0
98,0,1010897,1,0
98,1,2300806,1,0
98,2,2200702,1,0
98,3,2139540,1,0
98,4,2479105,1,0
98,5,2262905,1,0
98,6,2204618,1,0
98,7,2309367,1,0
98,8,2237460,1,0
98,9,2109093,1,0
98,10,2269402,1,0
98,11,2230146,1,0
98,12,2249111,1,0
98,13,2434255,1,0
98,14,2381943,1,0
98,15,2361059,1,0
98,16,2471073,1,0
98,17,2862271,1,0
98,18,2510101,1,0
98,19,2417736,1,0
98,20,2089698,1,0
98,21,2092558,1,0
98,22,2071193,1,0
98,23,2063966,1,0
98,24,2120680,1,0
98,25,2084052,1,0
98,26,2129909,1,0
98,27,2137616,1,0
98,28,2067253,1,0
98,29,2146038,1,0
98,30,2126724,1,0
98,31,2150549,1,0
98,32,2125885,1,0
98,33,2092052,1,0
98,34,2034347,1,0
98,35,2292427,1,0
98,36,2128579,1,0
98,37,2138992,1,0
98,38,2048970,1,0
98,39,2177639,1,0
98,40,2173746,1,0
98,41,2183624,1,0
98,42,1994767,1,0
98,43,2144325,1,0
98,44,2026334,1,0
98,45,2277365,1,0
98,46,2112541,1,0
98,47,2034528,1,0
98,48,2121941,1,0
98,49,2072367,1,0
98,50,2147029,1,0
98,51,2133273,1,0
98,52,2131713,1,0
98,53,2072253,1,0
98,54,2197221,1,0
98,55,2019770,1,0
98,56,2053297,1,0
98,57,2048258,1,0
98,58,2149228,1,0
98,59,2070370,1,0
99,0,451920,1,0
99,1,1634909,1,0
99,2,2205585,1,0
99,3,2166454,1,0
99,4,2339510,1,0
99,5,2396938,1,0
99,6,2204582,1,0
99,7,2296165,1,0
99,8,2194227,1,0
99,9,2173467,1,0
99,10,2206975,1,0
99,11,2234046,1,0
99,12,2223163,1,0
99,13,2427581,1,0
99,14,2465447,1,0
99,15,2202614,1,0
99,16,2474081,1,0
99,17,2946856,1,0
99,18,2451125,1,0
99,19,2489487,1,0
99,20,2173609,1,0
99,21,2119685,1,0
99,22,2039059,1,0
99,23,2019107,1,0
99,24,2154969,1,0
99,25,2056381,1,0
99,26,2196744,1,0
99,27,2099923,1,0
99,28,2080385,1,0
99,29,2164776,1,0
99,30,2079898,1,0
99,31,2181585,1,0
99,32,2143731,1,0
99,33,2087872,1,0
99,34,2006789,1,0
99,35,2252412,1,0
99,36,2176290,1,0
99,37,2128784,1,0
99,38,2073268,1,0
99,39,2143987,1,0
99,40,2178047,1,0
99,41,2211449,1,0
99,42,2009202,1,0
99,43,2146757,1,0
99,44,1988050,1,0
99,45,2295060,1,0
99,46,2045060,1,0
99,47,2123866,1,0
99,48,1997106,1,0
99,49,2151201,1,0
99,50,2087797,1,0
99,51,2189334,1,0
99,52,2060816,1,0
99,53,2195727,1,0
99,54,2080899,1,0
99,55,2149281,1,0
99,56,1959769,1,0
99,57,2092842,1,0
99,58,2139560,1,0
99,59,2080260,1,0
100,0,1072385,1,0
100,1,2288737,1,0
100,2,2192750,1,0
100,3,2148029,1,0
100,4,2477701,1,0
100,5,2259149,1,0
100,6,2204391,1,0
100,7,2307586,1,0
100,8,2239173,1,0
100,9,2101804,1,0
100,10,2278958,1,0
100,11,2233933,1,0
100,12,2249548,1,0
100,13,2427836,1,0
100,14,2376892,1,0
100,15,2372110,1,0
100,16,2480419,1,0
100,17,2861456,1,0
100,18,2504334,1,0
100,19,2406461,1,0
100,20,2088120,1,0
100,21,2093176,1,0
100,22,2073323,1,0
100,23,2061948,1,0
100,24,2120877,1,0
100,25,2081003,1,0
100,26,2142081,1,0
100,27,2127832,1,0
100,28,2071035,1,0
100,29,2141709,1,0
100,30,2130795,1,0
100,31,2150496,1,0
100,32,2123597,1,0
100,33,2091469,1,0
100,34,2033964,1,0
100,35,2296888,1,0
100,36,2125314,1,0
100,37,2140300,1,0
100,38,2044127,1,0
100,39,2191917,1,0
100,40,2163670,1,0
100,41,2177670,1,0
100,42,1996557,1,0
100,43,2146899,1,0
100,44,2040496,1,0
100,45,2264596,1,0
100,46,2112422,1,0
100,47,2031005,1,0
100,48,2122692,1,0
100,49,2074297,1,0
100,50,2151081,1,0
100,51,2128105,1,0
100,52,2134117,1,0
100,53,2070137,1,0
100,54,2197579,1,0
100,55,2018731,1,0
100,56,2055093,1,0
100,57,2049892,1,0
100,58,2147365,1,0
100,59,2071329,1,0
101,0,475175,1,0
101,1,1604620,1,0
101,2,2214425,1,0
101,3,2163679,1,0
101,4,2340019,1,0
101,5,2398840,1,0
101,6,2206773,1,0
101,7,2297345,1,0
101,8,2184768,1,0
101,9,2178826,1,0
101,10,2205076,1,0
101,11,2239261,1,0
101,12,2221436,1,0
101,13,2427367,1,0
101,14,2464452,1,0
101,15,2203089,1,0
101,16,2471036,1,0
101,17,2947402,1,0
101,18,2454362,1,0
101,19,2485264,1,0
101,20,2177804,1,0
101,21,2119028,1,0
101,22,2037916,1,0
101,23,2023903,1,0
101,24,2150906,1,0
101,25,2038924,1,0
101,26,2216087,1,0
101,27,2098977,1,0
101,28,2079284,1,0
101,29,2164617,1,0
101,30,2083348,1,0
101,31,2179604,1,0
101,32,2144348,1,0
101,33,2088670,1,0
101,34,2005299,1,0
101,35,2250270,1,0
101,36,2177103,1,0
101,37,2129599,1,0
101,38,2075630,1,0
101,39,2142722,1,0
101,40,2177511,1,0
101,41,2209600,1,0
101,42,2010926,1,0
101,43,2147155,1,0
101,44,1984779,1,0
101,45,2295182,1,0
101,46,2049131,1,0
101,47,2124001,1,0
101,48,1998747,1,0
101,49,2150136,1,0
101,50,2086482,1,0
101,51,2188760,1,0
101,52,2063487,1,0
101,53,2195723,1,0
101,54,2078982,1,0
101,55,2149331,1,0
101,56,1959927,1,0
101,57,2092580,1,0
101,58,2139684,1,0
101,59,2082451,1,0
102,0,669206,1,0
102,1,2038209,1,0
102,2,2184071,1,0
102,3,2155297,1,0
102,4,2437752,1,0
102,5,2306620,1,0
102,6,2190467,1,0
102,7,2304903,1,0
102,8,2214002,1,0
102,9,2150774,1,0
102,10,2236166,1,0
102,11,2249385,1,0
102,12,2189204,1,0
102,13,2476801,1,0
102,14,2413103,1,0
102,15,2255942,1,0
102,16,2501005,1,0
102,17,2861468,1,0
102,18,2495602,1,0
102,19,2507428,1,0
102,20,2095901,1,0
102,21,2104960,1,0
102,22,2058897,1,0
102,23,2074755,1,0
102,24,2112972,1,0
102,25,2075755,1,0
102,26,2133751,1,0
102,27,2124154,1,0
102,28,2069698,1,0
102,29,2174088,1,0
102,30,2068926,1,0
102,31,2186219,1,0
102,32,2134445,1,0
102,33,2095819,1,0
102,34,2012135,1,0
102,35,2256041,1,0
102,36,2174813,1,0
102,37,2139707,1,0
102,38,2064090,1,0
102,39,2140508,1,0
102,40,2180812,1,0
102,41,2212524,1,0
102,42,1994063,1,0
102,43,2143474,1,0
102,44,2013162,1,0
102,45,2283852,1,0
102,46,2032339,1,0
102,47,2122983,1,0
102,48,2075450,1,0
102,49,2109319,1,0
102,50,2142069,1,0
102,51,2117857,1,0
102,52,2152258,1,0
102,53,2080983,1,0
102,54,2184080,1,0
102,55,2037259,1,0
102,56,2042344,1,0
102,57,2033636,1,0
102,58,2132743,1,0
102,59,2097040,1,0
103,0,492716,1,0
103,1,2276846,1,0
103,2,2195914,1,0
103,3,2141894,1,0
103,4,2471502,1,0
103,5,2272763,1,0
103,6,2203767,1,0
103,7,2304657,1,0
103,8,2243300,1,0
103,9,2111720,1,0
103,10,2262727,1,0
103,11,2230650,1,0
103,12,2248312,1,0
103,13,2433064,1,0
103,14,2386036,1,0
103,15,2351033,1,0
103,16,2469282,1,0
103,17,2861518,1,0
103,18,2514913,1,0
103,19,2423982,1,0
103,20,2090887,1,0
103,21,2094901,1,0
103,22,2072586,1,0
103,23,2062898,1,0
103,24,2123586,1,0
103,25,2081259,1,0
103,26,2130258,1,0
103,27,2137014,1,0
103,28,2065595,1,0
103,29,2147911,1,0
103,30,2120452,1,0
103,31,2153423,1,0
103,32,2129736,1,0
103,33,2091651,1,0
103,34,2032895,1,0
103,35,2288364,1,0
103,36,2132455,1,0
103,37,2135683,1,0
103,38,2056565,1,0
103,39,2168314,1,0
103,40,2177778,1,0
103,41,2189455,1,0
103,42,1991157,1,0
103,43,2143093,1,0
103,44,2025842,1,0
103,45,2277976,1,0
103,46,2106319,1,0
103,47,2041985,1,0
103,48,2120871,1,0
103,49,2074707,1,0
103,50,2142156,1,0
103,51,2134839,1,0
103,52,2132549,1,0
103,53,2074661,1,0
103,54,2195880,1,0
103,55,2021523,1,0
103,56,2051753,1,0
103,57,2049149,1,0
103,58,2139330,1,0
103,59,2077895,1,0
104,0,1039846,1,0
104,1,2293044,1,0
104,2,2196998,1,0
104,3,2142596,1,0
104,4,2479279,1,0
104,5,2263294,1,0
104,6,2202933,1,0
104,7,2307339,1,0
104,8,2239281,1,0
104,9,2105368,1,0
104,10,2274212,1,0
104,11,2231678,1,0
104,12,2248948,1,0
104,13,2431885,1,0
104,14,2379576,1,0
104,15,2365542,1,0
104,16,2477496,1,0
104,17,2862666,1,0
104,18,2504796,1,0
104,19,2414564,1,0
104,20,2087141,1,0
104,21,2093013,1,0
104,22,2070687,1,0
104,23,2063954,1,0
104,24,2122163,1,0
104,25,2080163,1,0
104,26,2139389,1,0
104,27,2130736,1,0
104,28,2069812,1,0
104,29,2143004,1,0
104,30,2130064,1,0
104,31,2148111,1,0
104,32,2124142,1,0
104,33,2092842,1,0
104,34,2035057,1,0
104,35,2292787,1,0
104,36,2127729,1,0
104,37,2139906,1,0
104,38,2047453,1,0
104,39,2186835,1,0
104,40,2167037,1,0
104,41,2179953,1,0
104,42,1996259,1,0
104,43,2141819,1,0
104,44,2028810,1,0
104,45,2279330,1,0
104,46,2112041,1,0
104,47,2032818,1,0
104,48,2122231,1,0
104,49,2072994,1,0
104,50,2150456,1,0
104,51,2128735,1,0
104,52,2134249,1,0
104,53,2069499,1,0
104,54,2198705,1,0
104,55,2018079,1,0
104,56,2055916,1,0
104,57,2047815,1,0
104,58,2148426,1,0
104,59,2070767,1,0
105,0,832576,1,0
105,1,1730973,1,0
105,2,2201309,1,0
105,3,2166264,1,0
105,4,2375037,1,0
105,5,2355809,1,0
105,6,2203254,1,0
105,7,2293294,1,0
105,8,2214484,1,0
105,9,2156098,1,0
105,10,2226353,1,0
105,11,2224959,1,0
105,12,2218800,1,0
105,13,2435151,1,0
105,14,2455147,1,0
105,15,2206012,1,0
105,16,2481308,1,0
105,17,2935491,1,0
105,18,2461286,1,0
105,19,2499072,1,0
105,20,2146024,1,0
105,21,2123243,1,0
105,22,2035721,1,0
105,23,2018709,1,0
105,24,2161500,1,0
105,25,2104124,1,0
105,26,2140116,1,0
105,27,2109153,1,0
105,28,2076014,1,0
105,29,2167448,1,0
105,30,2073792,1,0
105,31,2176832,1,0
105,32,2148268,1,0
105,33,2088594,1,0
105,34,2003084,1,0
105,35,2261733,1,0
105,36,2178530,1,0
105,37,2134417,1,0
105,38,2063297,1,0
105,39,2142473,1,0
105,40,2177210,1,0
105,41,2211125,1,0
105,42,2003659,1,0
105,43,2156080,1,0
105,44,1994052,1,0
105,45,2291221,1,0
105,46,2040717,1,0
105,47,2117875,1,0
105,48,2007527,1,0
105,49,2145878,1,0
105,50,2095195,1,0
105,51,2188026,1,0
105,52,2062793,1,0
105,53,2184285,1,0
105,54,2109437,1,0
105,55,2121624,1,0
105,56,1999838,1,0
105,57,2054360,1,0
105,58,2140047,1,0
105,59,2081536,1,0
106,0,517450,1,0
106,1,1751454,1,0
106,2,2206211,1,0
106,3,2160104,1,0
106,4,2402095,1,0
106,5,2330949,1,0
106,6,2203327,1,0
106,7,2289667,1,0
106,8,2221538,1,0
106,9,2152496,1,0
106,10,2226485,1,0
106,11,2227187,1,0
106,12,2217742,1,0
106,13,2438711,1,0
106,14,2450173,1,0
106,15,2207568,1,0
106,16,2482188,1,0
106,17,2933007,1,0
106,18,2461859,1,0
106,19,2505057,1,0
106,20,2139520,1,0
106,21,2122810,1,0
106,22,2036515,1,0
106,23,2016086,1,0
106,24,2164120,1,0
106,25,2102082,1,0
106,26,2140497,1,0
106,27,2108486,1,0
106,28,2078914,1,0
106,29,2165356,1,0
106,30,2076500,1,0
106,31,2171692,1,0
106,32,2148683,1,0
106,33,2091090,1,0
106,34,1999156,1,0
106,35,2264442,1,0
106,36,2180336,1,0
106,37,2136141,1,0
106,38,2062353,1,0
106,39,2137424,1,0
106,40,2179417,1,0
106,41,2212563,1,0
106,42,2003528,1,0
106,43,2155109,1,0
106,44,1997803,1,0
106,45,2288476,1,0
106,46,2039053,1,0
106,47,2118946,1,0
106,48,2009281,1,0
106,49,2143398,1,0
106,50,2096384,1,0
106,51,2188287,1,0
106,52,2076257,1,0
106,53,2169695,1,0
106,54,2148289,1,0
106,55,2081461,1,0
106,56,2027077,1,0
106,57,2030164,1,0
106,58,2137346,1,0
106,59,2083561,1,0
107,0,987807,1,0
107,1,1983711,1,0
107,2,2185039,1,0
107,3,2158666,1,0
107,4,2420417,1,0
107,5,2315557,1,0
107,6,2192173,1,0
107,7,2307146,1,0
107,8,2212666,1,0
107,9,2153915,1,0
107,10,2230446,1,0
107,11,2246699,1,0
107,12,2188915,1,0
107,13,2476847,1,0
107,14,2417745,1,0
107,15,2235334,1,0
107,16,2504590,1,0
107,17,2875807,1,0
107,18,2491608,1,0
107,19,2516688,1,0
107,20,2096946,1,0
107,21,2106488,1,0
107,22,2053739,1,0
107,23,2079534,1,0
107,24,2112631,1,0
107,25,2073050,1,0
107,26,2140905,1,0
107,27,2119548,1,0
107,28,2069386,1,0
107,29,2179501,1,0
107,30,2069112,1,0
107,31,2160571,1,0
107,32,2154522,1,0
107,33,2095538,1,0
107,34,2006534,1,0
107,35,2264324,1,0
107,36,2171969,1,0
107,37,2140553,1,0
107,38,2062230,1,0
107,39,2139372,1,0
107,40,2182308,1,0
107,41,2215551,1,0
107,42,1997082,1,0
107,43,2141577,1,0
107,44,2014571,1,0
107,45,2280704,1,0
107,46,2035021,1,0
107,47,2119062,1,0
107,48,2032295,1,0
107,49,2154714,1,0
107,50,2141085,1,0
107,51,2115479,1,0
107,52,2141278,1,0
107,53,2096709,1,0
107,54,2182359,1,0
107,55,2040133,1,0
107,56,2036735,1,0
107,57,2034635,1,0
107,58,2136745,1,0
107,59,2094420,1,0
108,0,2214715,1,0
108,1,2238423,1,0
108,2,2166315,1,0
108,3,2261579,1,0
108,4,2465448,1,0
108,5,2190214,1,0
108,6,2294812,1,0
108,7,2204532,1,0
108,8,2182555,1,0
108,9,2189529,1,0
108,10,2246269,1,0
108,11,2228705,1,0
108,12,2390610,1,0
108,13,2494942,1,0
108,14,2189558,1,0
108,15,2474340,1,0
108,16,2823298,1,0
108,17,2583631,1,0
108,18,2456681,1,0
108,19,2243439,1,0
108,20,2101911,1,0
108,21,2048360,1,0
108,22,2028042,1,0
108,23,2151996,1,0
108,24,2028747,1,0
108,25,2201070,1,0
108,26,2063342,1,0
108,27,2131412,1,0
108,28,2168621,1,0
108,29,2069335,1,0
108,30,2208868,1,0
108,31,2119281,1,0
108,32,2097007,1,0
108,33,2028128,1,0
108,34,2186839,1,0
108,35,2228374,1,0
108,36,2130368,1,0
108,37,2086085,1,0
108,38,2110429,1,0
108,39,2174881,1,0
108,40,2238876,1,0
108,41,1996282,1,0
108,42,2131249,1,0
108,43,2018425,1,0
108,44,2245602,1,0
108,45,2099910,1,0
108,46,2101076,1,0
108,47,2008677,1,0
108,48,2159661,1,0
108,49,2066538,1,0
108,50,2189481,1,0
108,51,2068778,1,0
108,52,2203548,1,0
108,53,2046282,1,0
108,54,2202834,1,0
108,55,1962850,1,0
108,56,2075408,1,0
108,57,2058848,1,0
108,58,2155918,1,0
108,59,2089609,1,0
109,0,998096,1,0
109,1,2007955,1,0
109,2,2182164,1,0
109,3,2156881,1,0
109,4,2424566,1,0
109,5,2314220,1,0
109,6,2192550,1,0
109,7,2305550,1,0
109,8,2213122,1,0
109,9,2153487,1,0
109,10,2231783,1,0
109,11,2250339,1,0
109,12,2186869,1,0
109,13,2475314,1,0
109,14,2417663,1,0
109,15,2239078,1,0
109,16,2504666,1,0
109,17,2873462,1,0
109,18,2491654,1,0
109,19,2513914,1,0
109,20,2098451,1,0
109,21,2103724,1,0
109,22,2055724,1,0
109,23,2077645,1,0
109,24,2113563,1,0
109,25,2072469,1,0
109,26,2139466,1,0
109,27,2121918,1,0
109,28,2069600,1,0
109,29,2175575,1,0
109,30,2069493,1,0
109,31,2167020,1,0
109,32,2149485,1,0
109,33,2096018,1,0
109,34,2009998,1,0
109,35,2259185,1,0
109,36,2171473,1,0
109,37,2140840,1,0
109,38,2066376,1,0
109,39,2137707,1,0
109,40,2182698,1,0
109,41,2215114,1,0
109,42,1996283,1,0
109,43,2141228,1,0
109,44,2014410,1,0
109,45,2281586,1,0
109,46,2035064,1,0
109,47,2120529,1,0
109,48,2040667,1,0
109,49,2143622,1,0
109,50,2142816,1,0
109,51,2114922,1,0
109,52,2152240,1,0
109,53,2084154,1,0
109,54,2184993,1,0
109,55,2038115,1,0
109,56,2039418,1,0
109,57,2032829,1,0
109,58,2135359,1,0
109,59,2094708,1,0
110,0,934021,1,0
110,1,2116785,1,0
110,2,2186678,1,0
110,3,2145970,1,0
110,4,2444341,1,0
110,5,2304468,1,0
110,6,2191153,1,0
110,7,2303229,1,0
110,8,2212674,1,0
110,9,2155154,1,0
110,10,2243684,1,0
110,11,2241549,1,0
110,12,2205093,1,0
110,13,2460170,1,0
110,14,2407925,1,0
110,15,2286834,1,0
110,16,2501358,1,0
110,17,2839252,1,0
110,18,2505197,1,0
110,19,2488617,1,0
110,20,2094664,1,0
110,21,2099746,1,0
110,22,2067453,1,0
110,23,2067925,1,0
110,24,2115523,1,0
110,25,2088768,1,0
110,26,2118895,1,0
110,27,2136204,1,0
110,28,2068873,1,0
110,29,2157466,1,0
110,30,2078464,1,0
110,31,2185809,1,0
110,32,2133313,1,0
110,33,2092116,1,0
110,34,2022906,1,0
110,35,2253462,1,0
110,36,2170867,1,0
110,37,2136321,1,0
110,38,2065248,1,0
110,39,2148648,1,0
110,40,2183176,1,0
110,41,2199167,1,0
110,42,1995496,1,0
110,43,2148315,1,0
110,44,2016153,1,0
110,45,2276384,1,0
110,46,2044447,1,0
110,47,2110514,1,0
110,48,2118783,1,0
110,49,2069078,1,0
110,50,2143744,1,0
110,51,2116740,1,0
110,52,2157040,1,0
110,53,2070915,1,0
110,54,2190461,1,0
110,55,2030158,1,0
110,56,2047392,1,0
110,57,2043453,1,0
110,58,2120296,1,0
110,59,2100254,1,0
111,0,1127528,1,0
111,1,2280072,1,0
111,2,2188058,1,0
111,3,2151309,1,0
111,4,2476648,1,0
111,5,2259378,1,0
111,6,2202871,1,0
111,7,2303742,1,0
111,8,2244596,1,0
111,9,2096837,1,0
111,10,2307642,1,0
111,11,2206776,1,0
111,12,2255123,1,0
111,13,2431059,1,0
111,14,2365537,1,0
111,15,2376737,1,0
111,16,2514641,1,0
111,17,2836839,1,0
111,18,2506692,1,0
111,19,2393692,1,0
111,20,2085133,1,0
111,21,2099394,1,0
111,22,2069542,1,0
111,23,2062906,1,0
111,24,2120202,1,0
111,25,2082678,1,0
111,26,2141756,1,0
111,27,2121471,1,0
111,28,2078133,1,0
111,29,2138024,1,0
111,30,2132568,1,0
111,31,2151116,1,0
111,32,2124436,1,0
111,33,2088038,1,0
111,34,2036946,1,0
111,35,2300379,1,0
111,36,2122033,1,0
111,37,2140798,1,0
111,38,2039504,1,0
111,39,2194034,1,0
111,40,2159697,1,0
111,41,2179571,1,0
111,42,1999413,1,0
111,43,2148981,1,0
111,44,2143486,1,0
111,45,2158250,1,0
111,46,2112522,1,0
111,47,2031686,1,0
111,48,2122313,1,0
111,49,2072317,1,0
111,50,2153797,1,0
111,51,2127116,1,0
111,52,2132847,1,0
111,53,2070060,1,0
111,54,2199100,1,0
111,55,2015285,1,0
111,56,2059249,1,0
111,57,2049519,1,0
111,58,2144362,1,0
111,59,2073484,1,0
112,0,1175085,1,0
112,1,2274694,1,0
112,2,2186959,1,0
112,3,2151868,1,0
112,4,2478864,1,0
112,5,2264837,1,0
112,6,2197501,1,0
112,7,2299820,1,0
112,8,2246511,1,0
112,9,2098679,1,0
112,10,2310975,1,0
112,11,2204702,1,0
112,12,2257624,1,0
112,13,2436456,1,0
112,14,2354347,1,0
112,15,2379688,1,0
112,16,2532921,1,0
112,17,2830373,1,0
112,18,2495532,1,0
112,19,2393387,1,0
112,20,2081941,1,0
112,21,2102366,1,0
112,22,2067139,1,0
112,23,2058825,1,0
112,24,2120790,1,0
112,25,2095419,1,0
112,26,2134983,1,0
112,27,2114715,1,0
112,28,2082338,1,0
112,29,2135339,1,0
112,30,2134758,1,0
112,31,2162263,1,0
112,32,2111765,1,0
112,33,2086995,1,0
112,34,2038833,1,0
112,35,2303122,1,0
112,36,2122727,1,0
112,37,2140326,1,0
112,38,2035325,1,0
112,39,2195878,1,0
112,40,2168478,1,0
112,41,2170673,1,0
112,42,2000007,1,0
112,43,2149766,1,0
112,44,2185079,1,0
112,45,2115979,1,0
112,46,2110119,1,0
112,47,2033192,1,0
112,48,2123715,1,0
112,49,2072912,1,0
112,50,2147931,1,0
112,51,2129740,1,0
112,52,2132678,1,0
112,53,2069176,1,0
112,54,2202604,1,0
112,55,2010837,1,0
112,56,2065646,1,0
112,57,2048311,1,0
112,58,2140474,1,0
112,59,2086163,1,0
113,0,2359850,1,0
113,1,2225665,1,0
113,2,2182394,1,0
113,3,2266964,1,0
113,4,2460362,1,0
113,5,2185118,1,0
113,6,2306171,1,0
113,7,2173982,1,0
113,8,2191061,1,0
113,9,2191814,1,0
113,10,2258987,1,0
113,11,2222999,1,0
113,12,2401782,1,0
113,13,2483359,1,0
113,14,2200154,1,0
113,15,2465110,1,0
113,16,2864860,1,0
113,17,2552176,1,0
113,18,2450479,1,0
113,19,2237380,1,0
113,20,2100922,1,0
113,21,2044718,1,0
113,22,2020784,1,0
113,23,2152210,1,0
113,24,2037084,1,0
113,25,2208064,1,0
113,26,2069706,1,0
113,27,2122935,1,0
113,28,2160405,1,0
113,29,2069455,1,0
113,30,2201425,1,0
113,31,2129708,1,0
113,32,2093295,1,0
113,33,2023816,1,0
113,34,2198001,1,0
113,35,2219655,1,0
113,36,2125962,1,0
113,37,2079951,1,0
113,38,2125829,1,0
113,39,2180386,1,0
113,40,2229505,1,0
113,41,2004158,1,0
113,42,2131428,1,0
113,43,1998843,1,0
113,44,2281753,1,0
113,45,2067721,1,0
113,46,2115657,1,0
113,47,1995681,1,0
113,48,2168208,1,0
113,49,2059504,1,0
113,50,2194951,1,0
113,51,2065394,1,0
113,52,2211652,1,0
113,53,2060109,1,0
113,54,2179793,1,0
113,55,1953415,1,0
113,56,2082920,1,0
113,57,2070716,1,0
113,58,2148067,1,0
113,59,2163430,1,0
114,0,406679,1,0
114,1,1939394,1,0
114,2,2183988,1,0
114,3,2158528,1,0
114,4,2417835,1,0
114,5,2320285,1,0
114,6,2191805,1,0
114,7,2307497,1,0
114,8,2215445,1,0
114,9,2151412,1,0
114,10,2227854,1,0
114,11,2244280,1,0
114,12,2191802,1,0
114,13,2474123,1,0
114,14,2419693,1,0
114,15,2225313,1,0
114,16,2497073,1,0
114,17,2892358,1,0
114,18,2489546,1,0
114,19,2519175,1,0
114,20,2101305,1,0
114,21,2108788,1,0
114,22,2049599,1,0
114,23,2083592,1,0
114,24,2111245,1,0
114,25,2074092,1,0
114,26,2141847,1,0
114,27,2115437,1,0
114,28,2071409,1,0
114,29,2180732,1,0
114,30,2068005,1,0
114,31,2160976,1,0
114,32,2155143,1,0
114,33,2092161,1,0
114,34,2003817,1,0
114,35,2271692,1,0
114,36,2165432,1,0
114,37,2143280,1,0
114,38,2064204,1,0
114,39,2133685,1,0
114,40,2184614,1,0
114,41,2218317,1,0
114,42,1993984,1,0
114,43,2144923,1,0
114,44,2015059,1,0
114,45,2281410,1,0
114,46,2034683,1,0
114,47,2118125,1,0
114,48,2026532,1,0
114,49,2157620,1,0
114,50,2138685,1,0
114,51,2119841,1,0
114,52,2103674,1,0
114,53,2136921,1,0
114,54,2172682,1,0
114,55,2050546,1,0
114,56,2034833,1,0
114,57,2035770,1,0
114,58,2136845,1,0
114,59,2091531,1,0
115,0,842847,1,0
115,1,1798887,1,0
115,2,2206099,1,0
115,3,2157190,1,0
115,4,2406663,1,0
115,5,2329244,1,0
115,6,2199471,1,0
115,7,2295341,1,0
115,8,2215690,1,0
115,9,2156851,1,0
115,10,2222867,1,0
115,11,2238967,1,0
115,12,2206636,1,0
115,13,2441862,1,0
115,14,2451296,1,0
115,15,2203051,1,0
115,16,2487494,1,0
115,17,2924819,1,0
115,18,2468970,1,0
115,19,2513140,1,0
115,20,2125155,1,0
115,21,2117870,1,0
115,22,2042801,1,0
115,23,2023109,1,0
115,24,2162654,1,0
115,25,2092816,1,0
115,26,2141799,1,0
115,27,2108256,1,0
115,28,2077726,1,0
115,29,2172583,1,0
115,30,2071856,1,0
115,31,2167153,1,0
115,32,2148927,1,0
115,33,2091209,1,0
115,34,2001693,1,0
115,35,2267626,1,0
115,36,2180764,1,0
115,37,2136485,1,0
115,38,2058737,1,0
115,39,2136676,1,0
115,40,2182986,1,0
115,41,2213402,1,0
115,42,1998707,1,0
115,43,2154740,1,0
115,44,2009971,1,0
115,45,2276237,1,0
115,46,2039498,1,0
115,47,2115680,1,0
115,48,2015395,1,0
115,49,2143995,1,0
115,50,2092936,1,0
115,51,2191245,1,0
115,52,2081660,1,0
115,53,2161122,1,0
115,54,2160597,1,0
115,55,2067245,1,0
115,56,2032842,1,0
115,57,2026850,1,0
115,58,2139052,1,0
115,59,2082636,1,0
116,0,2339735,1,0
116,1,2225057,1,0
116,2,2176912,1,0
116,3,2269597,1,0
116,4,2461370,1,0
116,5,2178046,1,0
116,6,2314057,1,0
116,7,2177708,1,0
116,8,2191841,1,0
116,9,2188194,1,0
116,10,2256445,1,0
116,11,2223925,1,0
116,12,2399809,1,0
116,13,2488642,1,0
116,14,2194809,1,0
116,15,2467392,1,0
116,16,2855666,1,0
116,17,2564821,1,0
116,18,2445795,1,0
116,19,2238062,1,0
116,20,2101909,1,0
116,21,2043459,1,0
116,22,2025254,1,0
116,23,2153543,1,0
116,24,2032454,1,0
116,25,2209023,1,0
116,26,2057639,1,0
116,27,2136548,1,0
116,28,2157863,1,0
116,29,2071214,1,0
116,30,2200160,1,0
116,31,2130452,1,0
116,32,2094763,1,0
116,33,2022602,1,0
116,34,2196448,1,0
116,35,2222317,1,0
116,36,2125055,1,0
116,37,2079754,1,0
116,38,2123246,1,0
116,39,2179840,1,0
116,40,2233422,1,0
116,41,2003155,1,0
116,42,2128784,1,0
116,43,2003481,1,0
116,44,2278671,1,0
116,45,2069906,1,0
116,46,2111459,1,0
116,47,2001330,1,0
116,48,2163056,1,0
116,49,2063328,1,0
116,50,2194461,1,0
116,51,2067710,1,0
116,52,2202514,1,0
116,53,2067015,1,0
116,54,2179798,1,0
116,55,1955660,1,0
116,56,2079929,1,0
116,57,2068714,1,0
116,58,2148899,1,0
116,59,2166613,1,0
117,0,1029259,1,0
117,1,2297454,1,0
117,2,2197150,1,0
117,3,2139295,1,0
117,4,2480582,1,0
117,5,2263671,1,0
117,6,2202099,1,0
117,7,2309359,1,0
117,8,2239668,1,0
117,9,2105572,1,0
117,10,2271799,1,0
117,11,2230918,1,0
117,12,2248436,1,0
117,13,2433323,1,0
117,14,2381567,1,0
117,15,2364177,1,0
117,16,2473927,1,0
117,17,2861081,1,0
117,18,2508065,1,0
117,19,2416555,1,0
117,20,2088552,1,0
117,21,2091809,1,0
117,22,2071333,1,0
117,23,2063702,1,0
117,24,2121462,1,0
117,25,2081596,1,0
117,26,2135349,1,0
117,27,2133753,1,0
117,28,2067877,1,0
117,29,2145343,1,0
117,30,2127403,1,0
117,31,2150721,1,0
117,32,2124884,1,0
117,33,2092701,1,0
117,34,2034349,1,0
117,35,2292407,1,0
117,36,2129111,1,0
117,37,2139444,1,0
117,38,2046658,1,0
117,39,2183485,1,0
117,40,2170323,1,0
117,41,2181186,1,0
117,42,1994926,1,0
117,43,2143179,1,0
117,44,2029103,1,0
117,45,2275527,1,0
117,46,2114811,1,0
117,47,2033033,1,0
117,48,2121675,1,0
117,49,2073491,1,0
117,50,2148185,1,0
117,51,2131754,1,0
117,52,2132492,1,0
117,53,2071436,1,0
117,54,2196830,1,0
117,55,2018800,1,0
117,56,2054642,1,0
117,57,2048001,1,0
117,58,2149119,1,0
117,59,2070270,1,0
118,0,1231954,1,0
118,1,2268024,1,0
118,2,2198363,1,0
118,3,2143573,1,0
118,4,2488481,1,0
118,5,2256826,1,0
118,6,2197352,1,0
118,7,2294813,1,0
118,8,2252632,1,0
118,9,2098167,1,0
118,10,2309348,1,0
118,11,2209855,1,0
118,12,2253143,1,0
118,13,2469058,1,0
118,14,2320910,1,0
118,15,2383406,1,0
118,16,2542436,1,0
118,17,2841212,1,0
118,18,2473858,1,0
118,19,2392930,1,0
118,20,2081209,1,0
118,21,2103838,1,0
118,22,2055331,1,0
118,23,2063724,1,0
118,24,2118899,1,0
118,25,2109187,1,0
118,26,2124260,1,0
118,27,2113552,1,0
118,28,2082368,1,0
118,29,2135503,1,0
118,30,2139653,1,0
118,31,2164118,1,0
118,32,2108779,1,0
118,33,2087448,1,0
118,34,2038359,1,0
118,35,2306595,1,0
118,36,2121788,1,0
118,37,2139696,1,0
118,38,2028816,1,0
118,39,2199610,1,0
118,40,2166915,1,0
118,41,2170425,1,0
118,42,2001792,1,0
118,43,2149205,1,0
118,44,2187060,1,0
118,45,2112841,1,0
118,46,2109013,1,0
118,47,2030534,1,0
118,48,2129023,1,0
118,49,2074940,1,0
118,50,2143130,1,0
118,51,2132985,1,0
118,52,2132923,1,0
118,53,2064645,1,0
118,54,2206287,1,0
118,55,2005321,1,0
118,56,2070617,1,0
118,57,2048325,1,0
118,58,2139968,1,0
118,59,2087368,1,0
119,0,2248013,1,0
119,1,2236580,1,0
119,2,2169666,1,0
119,3,2263489,1,0
119,4,2463388,1,0
119,5,2186929,1,0
119,6,2300120,1,0
119,7,2197709,1,0
119,8,2184873,1,0
119,9,2188602,1,0
119,10,2248634,1,0
119,11,2230005,1,0
119,12,2389995,1,0
119,13,2496360,1,0
119,14,2187117,1,0
119,15,2474853,1,0
119,16,2833656,1,0
119,17,2574437,1,0
119,18,2457521,1,0
119,19,2240201,1,0
119,20,2104262,1,0
119,21,2045964,1,0
119,22,2025639,1,0
119,23,2155999,1,0
119,24,2026793,1,0
119,25,2205598,1,0
119,26,2057844,1,0
119,27,2136557,1,0
119,28,2164087,1,0
119,29,2071146,1,0
119,30,2204147,1,0
119,31,2122113,1,0
119,32,2093732,1,0
119,33,2031346,1,0
119,34,2187322,1,0
119,35,2229562,1,0
119,36,2127478,1,0
119,37,2084910,1,0
119,38,2111917,1,0
119,39,2177051,1,0
119,40,2236215,1,0
119,41,2000359,1,0
119,42,2130440,1,0
119,43,2012520,1,0
119,44,2257932,1,0
119,45,2088782,1,0
119,46,2105112,1,0
119,47,2008443,1,0
119,48,2158204,1,0
119,49,2065515,1,0
119,50,2190115,1,0
119,51,2069930,1,0
119,52,2202061,1,0
119,53,2056351,1,0
119,54,2190941,1,0
119,55,1962736,1,0
119,56,2076166,1,0
119,57,2059439,1,0
119,58,2155966,1,0
119,59,2122919,1,0
120,0,1059012,1,0
120,1,2288209,1,0
120,2,2196266,1,0
120,3,2144311,1,0
120,4,2479871,1,0
120,5,2260269,1,0
120,6,2204203,1,0
120,7,2309846,1,0
120,8,2236731,1,0
120,9,2103520,1,0
120,10,2276853,1,0
120,11,2234966,1,0
120,12,2247253,1,0
120,13,2430023,1,0
120,14,2377827,1,0
120,15,2367452,1,0
120,16,2483494,1,0
120,17,2859095,1,0
120,18,2503958,1,0
120,19,2411484,1,0
120,20,2086961,1,0
120,21,2092935,1,0
120,22,2073227,1,0
120,23,2062124,1,0
120,24,2120728,1,0
120,25,2080358,1,0
120,26,2141842,1,0
120,27,2129858,1,0
120,28,2069133,1,0
120,29,2142643,1,0
120,30,2131511,1,0
120,31,2148955,1,0
120,32,2123523,1,0
120,33,2092431,1,0
120,34,2033926,1,0
120,35,2295470,1,0
120,36,2125784,1,0
120,37,2140201,1,0
120,38,2046847,1,0
120,39,2188262,1,0
120,40,2165534,1,0
120,41,2178901,1,0
120,42,1996607,1,0
120,43,2145768,1,0
120,44,2025285,1,0
120,45,2280689,1,0
120,46,2111816,1,0
120,47,2031306,1,0
120,48,2123658,1,0
120,49,2073355,1,0
120,50,2149804,1,0
120,51,2129388,1,0
120,52,2133307,1,0
120,53,2069910,1,0
120,54,2197473,1,0
120,55,2019443,1,0
120,56,2056282,1,0
120,57,2048142,1,0
120,58,2147327,1,0
120,59,2070983,1,0
121,0,1110630,1,0
121,1,2286617,1,0
121,2,2187104,1,0
121,3,2150789,1,0
121,4,2477068,1,0
121,5,2258335,1,0
121,6,2203366,1,0
121,7,2305381,1,0
121,8,2243841,1,0
121,9,2098394,1,0
121,10,2281612,1,0
121,11,2231373,1,0
121,12,2254208,1,0
121,13,2427836,1,0
121,14,2371240,1,0
121,15,2375220,1,0
121,16,2501537,1,0
121,17,2848453,1,0
121,18,2507906,1,0
121,19,2393515,1,0
121,20,2086838,1,0
121,21,2096054,1,0
121,22,2072276,1,0
121,23,2061690,1,0
121,24,2120592,1,0
121,25,2082833,1,0
121,26,2141098,1,0
121,27,2122860,1,0
121,28,2079069,1,0
121,29,2137599,1,0
121,30,2130944,1,0
121,31,2151470,1,0
121,32,2124681,1,0
121,33,2087849,1,0
121,34,2037455,1,0
121,35,2299759,1,0
121,36,2119769,1,0
121,37,2142720,1,0
121,38,2039961,1,0
121,39,2195083,1,0
121,40,2159987,1,0
121,41,2179739,1,0
121,42,1997576,1,0
121,43,2148247,1,0
121,44,2140199,1,0
121,45,2162193,1,0
121,46,2113854,1,0
121,47,2030289,1,0
121,48,2123799,1,0
121,49,2072532,1,0
121,50,2154673,1,0
121,51,2124910,1,0
121,52,2132444,1,0
121,53,2072037,1,0
121,54,2198363,1,0
121,55,2015832,1,0
121,56,2058486,1,0
121,57,2049928,1,0
121,58,2144547,1,0
121,59,2071950,1,0
122,0,1096244,1,0
122,1,2287432,1,0
122,2,2188971,1,0
122,3,2152027,1,0
122,4,2475114,1,0
122,5,2260177,1,0
122,6,2203521,1,0
122,7,2305736,1,0
122,8,2242896,1,0
122,9,2100146,1,0
122,10,2279453,1,0
122,11,2231343,1,0
122,12,2253573,1,0
122,13,2427543,1,0
122,14,2374263,1,0
122,15,2372840,1,0
122,16,2488218,1,0
122,17,2859856,1,0
122,18,2508317,1,0
122,19,2397519,1,0
122,20,2084968,1,0
122,21,2094743,1,0
122,22,2074703,1,0
122,23,2062175,1,0
122,24,2118788,1,0
122,25,2082378,1,0
122,26,2142731,1,0
122,27,2124148,1,0
122,28,2075630,1,0
122,29,2139833,1,0
122,30,2130485,1,0
122,31,2151002,1,0
122,32,2124175,1,0
122,33,2089539,1,0
122,34,2036202,1,0
122,35,2297454,1,0
122,36,2123408,1,0
122,37,2141961,1,0
122,38,2038758,1,0
122,39,2196128,1,0
122,40,2160437,1,0
122,41,2180044,1,0
122,42,1998448,1,0
122,43,2147645,1,0
122,44,2089347,1,0
122,45,2212794,1,0
122,46,2113456,1,0
122,47,2030463,1,0
122,48,2123823,1,0
122,49,2070892,1,0
122,50,2155452,1,0
122,51,2125088,1,0
122,52,2132046,1,0
122,53,2072192,1,0
122,54,2198798,1,0
122,55,2016570,1,0
122,56,2057112,1,0
122,57,2050203,1,0
122,58,2146687,1,0
122,59,2070099,1,0
123,0,1150263,1,0
123,1,2278303,1,0
123,2,2186150,1,0
123,3,2153438,1,0
123,4,2478608,1,0
123,5,2255788,1,0
123,6,2205278,1,0
123,7,2301113,1,0
123,8,2245266,1,0
123,9,2098437,1,0
123,10,2309085,1,0
123,11,2204560,1,0
123,12,2257463,1,0
123,13,2432929,1,0
123,14,2360720,1,0
123,15,2379160,1,0
123,16,2525877,1,0
123,17,2832605,1,0
123,18,2498606,1,0
123,19,2394015,1,0
123,20,2085741,1,0
123,21,2098392,1,0
123,22,2068598,1,0
123,23,2061182,1,0
123,24,2120736,1,0
123,25,2090456,1,0
123,26,2138280,1,0
123,27,2115458,1,0
123,28,2082456,1,0
123,29,2136396,1,0
123,30,2132362,1,0
123,31,2152104,1,0
123,32,2122346,1,0
123,33,2088214,1,0
123,34,2037358,1,0
123,35,2302824,1,0
123,36,2121318,1,0
123,37,2139658,1,0
123,38,2039362,1,0
123,39,2193800,1,0
123,40,2166756,1,0
123,41,2175193,1,0
123,42,1998788,1,0
123,43,2148283,1,0
123,44,2146092,1,0
123,45,2154209,1,0
123,46,2112735,1,0
123,47,2032933,1,0
123,48,2120234,1,0
123,49,2074856,1,0
123,50,2151594,1,0
123,51,2125478,1,0
123,52,2133644,1,0
123,53,2072245,1,0
123,54,2198481,1,0
123,55,2014049,1,0
123,56,2061654,1,0
123,57,2049196,1,0
123,58,2143559,1,0
123,59,2074837,1,0
124,0,506963,1,0
124,1,1917880,1,0
124,2,2183659,1,0
124,3,2157356,1,0
124,4,2417142,1,0
124,5,2322733,1,0
124,6,2194844,1,0
124,7,2300990,1,0
124,8,2220200,1,0
124,9,2147108,1,0
124,10,2229405,1,0
124,11,2244225,1,0
124,12,2195090,1,0
124,13,2469632,1,0
124,14,2422868,1,0
124,15,2218759,1,0
124,16,2495698,1,0
124,17,2900068,1,0
124,18,2486814,1,0
124,19,2520361,1,0
124,20,2103443,1,0
124,21,2108713,1,0
124,22,2048983,1,0
124,23,2072400,1,0
124,24,2123888,1,0
124,25,2075239,1,0
124,26,2141110,1,0
124,27,2115457,1,0
124,28,2071774,1,0
124,29,2179176,1,0
124,30,2067562,1,0
124,31,2163926,1,0
124,32,2153437,1,0
124,33,2089441,1,0
124,34,2004989,1,0
124,35,2273706,1,0
124,36,2165774,1,0
124,37,2142958,1,0
124,38,2061430,1,0
124,39,2133867,1,0
124,40,2185565,1,0
124,41,2218506,1,0
124,42,1992457,1,0
124,43,2147462,1,0
124,44,2015576,1,0
124,45,2280622,1,0
124,46,2033954,1,0
124,47,2116859,1,0
124,48,2025102,1,0
124,49,2153900,1,0
124,50,2109539,1,0
124,51,2156372,1,0
124,52,2105946,1,0
124,53,2131914,1,0
124,54,2176131,1,0
124,55,2050173,1,0
124,56,2034101,1,0
124,57,2033354,1,0
124,58,2136583,1,0
124,59,2091217,1,0
125,0,559184,1,0
125,1,1906220,1,0
125,2,2184062,1,0
125,3,2158957,1,0
125,4,2416469,1,0
125,5,2322010,1,0
125,6,2195910,1,0
125,7,2299886,1,0
125,8,2220332,1,0
125,9,2142978,1,0
125,10,2232957,1,0
125,11,2243351,1,0
125,12,2196700,1,0
125,13,2464909,1,0
125,14,2426991,1,0
125,15,2218995,1,0
125,16,2492384,1,0
125,17,2903768,1,0
125,18,2485586,1,0
125,19,2519157,1,0
125,20,2105638,1,0
125,21,2108636,1,0
125,22,2049332,1,0
125,23,2073545,1,0
125,24,2116492,1,0
125,25,2082899,1,0
125,26,2141849,1,0
125,27,2113233,1,0
125,28,2073232,1,0
125,29,2177847,1,0
125,30,2067568,1,0
125,31,2164390,1,0
125,32,2153625,1,0
125,33,2089532,1,0
125,34,2004666,1,0
125,35,2274180,1,0
125,36,2165923,1,0
125,37,2140343,1,0
125,38,2063814,1,0
125,39,2134349,1,0
125,40,2184716,1,0
125,41,2218832,1,0
125,42,1993360,1,0
125,43,2147266,1,0
125,44,2015589,1,0
125,45,2278108,1,0
125,46,2034860,1,0
125,47,2117796,1,0
125,48,2024965,1,0
125,49,2151127,1,0
125,50,2112854,1,0
125,51,2155696,1,0
125,52,2105569,1,0
125,53,2131271,1,0
125,54,2175345,1,0
125,55,2051354,1,0
125,56,2034905,1,0
125,57,2033700,1,0
125,58,2135757,1,0
125,59,2092159,1,0
126,0,1186427,1,0
126,1,2272804,1,0
126,2,2191099,1,0
126,3,2152611,1,0
126,4,2476380,1,0
126,5,2265922,1,0
126,6,2195361,1,0
126,7,2299756,1,0
126,8,2247728,1,0
126,9,2097104,1,0
126,10,2312999,1,0
126,11,2206160,1,0
126,12,2255363,1,0
126,13,2439884,1,0
126,14,2351638,1,0
126,15,2380576,1,0
126,16,2535618,1,0
126,17,2827399,1,0
126,18,2492853,1,0
126,19,2394495,1,0
126,20,2082970,1,0
126,21,2103202,1,0
126,22,2062863,1,0
126,23,2061551,1,0
126,24,2119593,1,0
126,25,2096689,1,0
126,26,2134629,1,0
126,27,2113181,1,0
126,28,2084284,1,0
126,29,2134749,1,0
126,30,2135721,1,0
126,31,2161980,1,0
126,32,2111269,1,0
126,33,2085859,1,0
126,34,2039716,1,0
126,35,2305693,1,0
126,36,2121334,1,0
126,37,2138304,1,0
126,38,2034855,1,0
126,39,2197216,1,0
126,40,2167206,1,0
126,41,2171880,1,0
126,42,1999754,1,0
126,43,2150025,1,0
126,44,2185563,1,0
126,45,2115360,1,0
126,46,2109239,1,0
126,47,2033457,1,0
126,48,2124518,1,0
126,49,2072957,1,0
126,50,2147849,1,0
126,51,2128804,1,0
126,52,2132969,1,0
126,53,2070588,1,0
126,54,2201043,1,0
126,55,2009770,1,0
126,56,2068461,1,0
126,57,2047212,1,0
126,58,2140188,1,0
126,59,2085290,1,0
127,0,156059,1,0
127,1,2138296,1,0
127,2,2189244,1,0
127,3,2142875,1,0
127,4,2447683,1,0
127,5,2301097,1,0
127,6,2193023,1,0
127,7,2301936,1,0
127,8,2220737,1,0
127,9,2147228,1,0
127,10,2246314,1,0
127,11,2238591,1,0
127,12,2210111,1,0
127,13,2456877,1,0
127,14,2405385,1,0
127,15,2296120,1,0
127,16,2498776,1,0
127,17,2844516,1,0
127,18,2503898,1,0
127,19,2478643,1,0
127,20,2096791,1,0
127,21,2096288,1,0
127,22,2070274,1,0
127,23,2067261,1,0
127,24,2114246,1,0
127,25,2090820,1,0
127,26,2119976,1,0
127,27,2133985,1,0
127,28,2069684,1,0
127,29,2156383,1,0
127,30,2080877,1,0
127,31,2183670,1,0
127,32,2133255,1,0
127,33,2089788,1,0
127,34,2030750,1,0
127,35,2251818,1,0
127,36,2167077,1,0
127,37,2135477,1,0
127,38,2066623,1,0
127,39,2150527,1,0
127,40,2182041,1,0
127,41,2197682,1,0
127,42,1994410,1,0
127,43,2147641,1,0
127,44,2020227,1,0
127,45,2273446,1,0
127,46,2045640,1,0
127,47,2109031,1,0
127,48,2119797,1,0
127,49,2069493,1,0
127,50,2141084,1,0
127,51,2119846,1,0
127,52,2154490,1,0
127,53,2074572,1,0
127,54,2189299,1,0
127,55,2028593,1,0
127,56,2047525,1,0
127,57,2044060,1,0
127,58,2123221,1,0
127,59,2097956,1,0
128,0,911395,1,0
128,1,2159064,1,0
128,2,2188683,1,0
128,3,2141784,1,0
128,4,2450207,1,0
128,5,2299715,1,0
128,6,2195887,1,0
128,7,2300126,1,0
128,8,2223512,1,0
128,9,2143244,1,0
128,10,2249156,1,0
128,11,2238118,1,0
128,12,2215335,1,0
128,13,2451883,1,0
128,14,2405274,1,0
128,15,2300849,1,0
128,16,2498889,1,0
128,17,2846569,1,0
128,18,2504834,1,0
128,19,2468493,1,0
128,20,2093678,1,0
128,21,2099569,1,0
128,22,2071210,1,0
128,23,2064929,1,0
128,24,2118708,1,0
128,25,2085416,1,0
128,26,2123541,1,0
128,27,2134208,1,0
128,28,2068090,1,0
128,29,2153641,1,0
128,30,2087657,1,0
128,31,2179377,1,0
128,32,2134800,1,0
128,33,2087910,1,0
128,34,2030626,1,0
128,35,2256228,1,0
128,36,2163281,1,0
128,37,2137646,1,0
128,38,2064332,1,0
128,39,2149955,1,0
128,40,2183542,1,0
128,41,2195035,1,0
128,42,1996978,1,0
128,43,2144257,1,0
128,44,2020458,1,0
128,45,2277014,1,0
128,46,2046226,1,0
128,47,2106808,1,0
128,48,2120146,1,0
128,49,2069353,1,0
128,50,2142094,1,0
128,51,2122515,1,0
128,52,2150476,1,0
128,53,2076550,1,0
128,54,2187942,1,0
128,55,2028203,1,0
128,56,2051587,1,0
128,57,2041523,1,0
128,58,2123305,1,0
128,59,2096120,1,0
129,0,1299369,1,0
129,1,2263838,1,0
129,2,2199613,1,0
129,3,2140478,1,0
129,4,2498011,1,0
129,5,2248162,1,0
129,6,2208066,1,0
129,7,2280502,1,0
129,8,2260698,1,0
129,9,2093205,1,0
129,10,2310894,1,0
129,11,2214575,1,0
129,12,2247467,1,0
129,13,2505401,1,0
129,14,2289369,1,0
129,15,2387190,1,0
129,16,2546256,1,0
129,17,2853753,1,0
129,18,2455333,1,0
129,19,2390804,1,0
129,20,2084966,1,0
129,21,2095521,1,0
129,22,2053445,1,0
129,23,2065629,1,0
129,24,2114247,1,0
129,25,2119823,1,0
129,26,2115985,1,0
129,27,2109818,1,0
129,28,2086948,1,0
129,29,2139943,1,0
129,30,2135365,1,0
129,31,2168044,1,0
129,32,2104114,1,0
129,33,2091580,1,0
129,34,2034943,1,0
129,35,2313106,1,0
129,36,2115493,1,0
129,37,2141745,1,0
129,38,2026046,1,0
129,39,2202439,1,0
129,40,2167235,1,0
129,41,2168431,1,0
129,42,2039120,1,0
129,43,2106008,1,0
129,44,2189765,1,0
129,45,2114437,1,0
129,46,2113013,1,0
129,47,2033685,1,0
129,48,2125218,1,0
129,49,2071974,1,0
129,50,2144018,1,0
129,51,2132660,1,0
129,52,2135955,1,0
129,53,2059954,1,0
129,54,2211493,1,0
129,55,2008750,1,0
129,56,2058218,1,0
129,57,2051129,1,0
129,58,2139726,1,0
129,59,2091100,1,0
130,0,1255666,1,0
130,1,2267943,1,0
130,2,2196449,1,0
130,3,2142087,1,0
130,4,2490777,1,0
130,5,2254033,1,0
130,6,2202345,1,0
130,7,2289734,1,0
130,8,2254862,1,0
130,9,2097466,1,0
130,10,2308752,1,0
130,11,2211864,1,0
130,12,2249723,1,0
130,13,2483802,1,0
130,14,2306957,1,0
130,15,2388822,1,0
130,16,2541964,1,0
130,17,2848460,1,0
130,18,2465916,1,0
130,19,2392307,1,0
130,20,2082234,1,0
130,21,2099486,1,0
130,22,2058179,1,0
130,23,2060896,1,0
130,24,2118498,1,0
130,25,2114630,1,0
130,26,2119174,1,0
130,27,2112519,1,0
130,28,2084495,1,0
130,29,2138100,1,0
130,30,2136889,1,0
130,31,2163814,1,0
130,32,2108051,1,0
130,33,2088234,1,0
130,34,2038569,1,0
130,35,2309187,1,0
130,36,2118672,1,0
130,37,2141000,1,0
130,38,2028406,1,0
130,39,2199512,1,0
130,40,2166723,1,0
130,41,2170718,1,0
130,42,2001526,1,0
130,43,2147517,1,0
130,44,2188078,1,0
130,45,2112143,1,0
130,46,2112395,1,0
130,47,2031436,1,0
130,48,2126139,1,0
130,49,2071894,1,0
130,50,2145288,1,0
130,51,2131867,1,0
130,52,2134037,1,0
130,53,2064649,1,0
130,54,2208260,1,0
130,55,2005113,1,0
130,56,2068806,1,0
130,57,2045677,1,0
130,58,2142271,1,0
130,59,2089134,1,0
131,0,279483,1,0
131,1,2266860,1,0
131,2,2196103,1,0
131,3,2140869,1,0
131,4,2469348,1,0
131,5,2275377,1,0
131,6,2202217,1,0
131,7,2305743,1,0
131,8,2243637,1,0
131,9,2111256,1,0
131,10,2261849,1,0
131,11,2231756,1,0
131,12,2248008,1,0
131,13,2430530,1,0
131,14,2388882,1,0
131,15,2348515,1,0
131,16,2470944,1,0
131,17,2858605,1,0
131,18,2517080,1,0
131,19,2425993,1,0
131,20,2090095,1,0
131,21,2095724,1,0
131,22,2072929,1,0
131,23,2063013,1,0
131,24,2122294,1,0
131,25,2081940,1,0
131,26,2131798,1,0
131,27,2135317,1,0
131,28,2064802,1,0
131,29,2150112,1,0
131,30,2118540,1,0
131,31,2153490,1,0
131,32,2131689,1,0
131,33,2090650,1,0
131,34,2033334,1,0
131,35,2287117,1,0
131,36,2131811,1,0
131,37,2134601,1,0
131,38,2059315,1,0
131,39,2168194,1,0
131,40,2176026,1,0
131,41,2192885,1,0
131,42,1987824,1,0
131,43,2146105,1,0
131,44,2023487,1,0
131,45,2278444,1,0
131,46,2072320,1,0
131,47,2076240,1,0
131,48,2121232,1,0
131,49,2074217,1,0
131,50,2140831,1,0
131,51,2135881,1,0
131,52,2133676,1,0
131,53,2073116,1,0
131,54,2196937,1,0
131,55,2020287,1,0
131,56,2053956,1,0
131,57,2046171,1,0
131,58,2137720,1,0
131,59,2081315,1,0
132,0,726109,1,0
132,1,1706311,1,0
132,2,2201320,1,0
132,3,2169344,1,0
132,4,2366522,1,0
132,5,2366838,1,0
132,6,2199634,1,0
132,7,2295441,1,0
132,8,2210136,1,0
132,9,2158239,1,0
132,10,2226664,1,0
132,11,2223648,1,0
132,12,2219804,1,0
132,13,2431989,1,0
132,14,2459481,1,0
132,15,2203528,1,0
132,16,2480384,1,0
132,17,2939613,1,0
132,18,2455704,1,0
132,19,2499720,1,0
132,20,2152315,1,0
132,21,2121473,1,0
132,22,2037005,1,0
132,23,2018735,1,0
132,24,2161068,1,0
132,25,2097200,1,0
132,26,2148161,1,0
132,27,2107367,1,0
132,28,2077230,1,0
132,29,2164356,1,0
132,30,2076129,1,0
132,31,2178338,1,0
132,32,2145096,1,0
132,33,2089604,1,0
132,34,2003983,1,0
132,35,2261379,1,0
132,36,2176409,1,0
132,37,2134069,1,0
132,38,2064774,1,0
132,39,2144091,1,0
132,40,2176789,1,0
132,41,2212510,1,0
132,42,2004129,1,0
132,43,2153070,1,0
132,44,1995002,1,0
132,45,2287917,1,0
132,46,2043255,1,0
132,47,2119245,1,0
132,48,2007790,1,0
132,49,2145356,1,0
132,50,2096025,1,0
132,51,2187162,1,0
132,52,2052541,1,0
132,53,2194829,1,0
132,54,2111926,1,0
132,55,2120247,1,0
132,56,1985714,1,0
132,57,2068025,1,0
132,58,2139899,1,0
132,59,2080266,1,0
133,0,780162,1,0
133,1,2168523,1,0
133,2,2189622,1,0
133,3,2141916,1,0
133,4,2453183,1,0
133,5,2297160,1,0
133,6,2195677,1,0
133,7,2301476,1,0
133,8,2222287,1,0
133,9,2146350,1,0
133,10,2247009,1,0
133,11,2235904,1,0
133,12,2219294,1,0
133,13,2449704,1,0
133,14,2404734,1,0
133,15,2303460,1,0
133,16,2498790,1,0
133,17,2847563,1,0
133,18,2508836,1,0
133,19,2459444,1,0
133,20,2095434,1,0
133,21,2098181,1,0
133,22,2070762,1,0
133,23,2066775,1,0
133,24,2116698,1,0
133,25,2086128,1,0
133,26,2126225,1,0
133,27,2132264,1,0
133,28,2067359,1,0
133,29,2152371,1,0
133,30,2090031,1,0
133,31,2177247,1,0
133,32,2136368,1,0
133,33,2088443,1,0
133,34,2031419,1,0
133,35,2261203,1,0
133,36,2157421,1,0
133,37,2137219,1,0
133,38,2065234,1,0
133,39,2150010,1,0
133,40,2183595,1,0
133,41,2193197,1,0
133,42,1996648,1,0
133,43,2146246,1,0
133,44,2020244,1,0
133,45,2277454,1,0
133,46,2045414,1,0
133,47,2105213,1,0
133,48,2120420,1,0
133,49,2069807,1,0
133,50,2141723,1,0
133,51,2123827,1,0
133,52,2149526,1,0
133,53,2077877,1,0
133,54,2187760,1,0
133,55,2027890,1,0
133,56,2051947,1,0
133,57,2041840,1,0
133,58,2123178,1,0
133,59,2096951,1,0
134,0,1334205,1,0
134,1,2263035,1,0
134,2,2195252,1,0
134,3,2142266,1,0
134,4,2500283,1,0
134,5,2245461,1,0
134,6,2215440,1,0
134,7,2275975,1,0
134,8,2258319,1,0
134,9,2101558,1,0
134,10,2303148,1,0
134,11,2216376,1,0
134,12,2246045,1,0
134,13,2518419,1,0
134,14,2277614,1,0
134,15,2391283,1,0
134,16,2549568,1,0
134,17,2851503,1,0
134,18,2452264,1,0
134,19,2389778,1,0
134,20,2082396,1,0
134,21,2095400,1,0
134,22,2051645,1,0
134,23,2065845,1,0
134,24,2113817,1,0
134,25,2125109,1,0
134,26,2111524,1,0
134,27,2110253,1,0
134,28,2086612,1,0
134,29,2140390,1,0
134,30,2135822,1,0
134,31,2171082,1,0
134,32,2100207,1,0
134,33,2093482,1,0
134,34,2034131,1,0
134,35,2315686,1,0
134,36,2112143,1,0
134,37,2146015,1,0
134,38,2019556,1,0
134,39,2204509,1,0
134,40,2175249,1,0
134,41,2158383,1,0
134,42,2086976,1,0
134,43,2060185,1,0
134,44,2188615,1,0
134,45,2115749,1,0
134,46,2111078,1,0
134,47,2034137,1,0
134,48,2127599,1,0
134,49,2071982,1,0
134,50,2143525,1,0
134,51,2132580,1,0
134,52,2135809,1,0
134,53,2060096,1,0
134,54,2211026,1,0
134,55,2009702,1,0
134,56,2056851,1,0
134,57,2050242,1,0
134,58,2139469,1,0
134,59,2095094,1,0
135,0,2318212,1,0
135,1,2227222,1,0
135,2,2174466,1,0
135,3,2269110,1,0
135,4,2459697,1,0
135,5,2181702,1,0
135,6,2311715,1,0
135,7,2181780,1,0
135,8,2192501,1,0
135,9,2186897,1,0
135,10,2251352,1,0
135,11,2225458,1,0
135,12,2398069,1,0
135,13,2493058,1,0
135,14,2191119,1,0
135,15,2469879,1,0
135,16,2849517,1,0
135,17,2568715,1,0
135,18,2446896,1,0
135,19,2240698,1,0
135,20,2101366,1,0
135,21,2043921,1,0
135,22,2024269,1,0
135,23,2155439,1,0
135,24,2031426,1,0
135,25,2208024,1,0
135,26,2047692,1,0
135,27,2146593,1,0
135,28,2159002,1,0
135,29,2070927,1,0
135,30,2202491,1,0
135,31,2126923,1,0
135,32,2095472,1,0
135,33,2025138,1,0
135,34,2194616,1,0
135,35,2223303,1,0
135,36,2124346,1,0
135,37,2083088,1,0
135,38,2120886,1,0
135,39,2175982,1,0
135,40,2236421,1,0
135,41,2003518,1,0
135,42,2127486,1,0
135,43,2006583,1,0
135,44,2270231,1,0
135,45,2077626,1,0
135,46,2109817,1,0
135,47,2001748,1,0
135,48,2162067,1,0
135,49,2063699,1,0
135,50,2192296,1,0
135,51,2069022,1,0
135,52,2202494,1,0
135,53,2065084,1,0
135,54,2182678,1,0
135,55,1957731,1,0
135,56,2078769,1,0
135,57,2066830,1,0
135,58,2149861,1,0
135,59,2150851,1,0
136,0,656588,1,0
136,1,1846183,1,0
136,2,2192229,1,0
136,3,2156298,1,0
136,4,2411191,1,0
136,5,2328279,1,0
136,6,2196518,1,0
136,7,2297414,1,0
136,8,2217723,1,0
136,9,2152035,1,0
136,10,2225592,1,0
136,11,2242262,1,0
136,12,2200339,1,0
136,13,2448284,1,0
136,14,2442706,1,0
136,15,2210657,1,0
136,16,2489144,1,0
136,17,2918187,1,0
136,18,2471815,1,0
136,19,2519174,1,0
136,20,2116910,1,0
136,21,2113782,1,0
136,22,2046436,1,0
136,23,2039026,1,0
136,24,2148149,1,0
136,25,2088788,1,0
136,26,2142035,1,0
136,27,2108699,1,0
136,28,2075249,1,0
136,29,2177316,1,0
136,30,2068296,1,0
136,31,2167004,1,0
136,32,2151267,1,0
136,33,2088829,1,0
136,34,2003213,1,0
136,35,2269687,1,0
136,36,2176291,1,0
136,37,2137921,1,0
136,38,2060164,1,0
136,39,2135818,1,0
136,40,2184085,1,0
136,41,2217474,1,0
136,42,1994625,1,0
136,43,2150843,1,0
136,44,2012402,1,0
136,45,2277880,1,0
136,46,2038644,1,0
136,47,2114667,1,0
136,48,2022202,1,0
136,49,2140631,1,0
136,50,2089968,1,0
136,51,2191763,1,0
136,52,2080689,1,0
136,53,2159796,1,0
136,54,2165880,1,0
136,55,2061206,1,0
136,56,2034536,1,0
136,57,2027728,1,0
136,58,2139057,1,0
136,59,2084189,1,0
137,0,1344026,1,0
137,1,2261949,1,0
137,2,2197936,1,0
137,3,2139033,1,0
137,4,2502646,1,0
137,5,2245375,1,0
137,6,2215723,1,0
137,7,2274481,1,0
137,8,2257705,1,0
137,9,2103644,1,0
137,10,2300727,1,0
137,11,2218622,1,0
137,12,2246712,1,0
137,13,2523785,1,0
137,14,2270524,1,0
137,15,2393401,1,0
137,16,2550629,1,0
137,17,2852800,1,0
137,18,2449651,1,0
137,19,2388878,1,0
137,20,2081513,1,0
137,21,2094299,1,0
137,22,2053070,1,0
137,23,2065634,1,0
137,24,2113436,1,0
137,25,2125958,1,0
137,26,2110132,1,0
137,27,2110666,1,0
137,28,2087476,1,0
137,29,2140814,1,0
137,30,2136702,1,0
137,31,2172313,1,0
137,32,2095836,1,0
137,33,2095529,1,0
137,34,2032750,1,0
137,35,2316353,1,0
137,36,2113380,1,0
137,37,2146062,1,0
137,38,2018485,1,0
137,39,2204663,1,0
137,40,2176844,1,0
137,41,2155808,1,0
137,42,2088890,1,0
137,43,2058960,1,0
137,44,2188582,1,0
137,45,2115679,1,0
137,46,2112398,1,0
137,47,2032282,1,0
137,48,2127538,1,0
137,49,2073292,1,0
137,50,2143112,1,0
137,51,2132932,1,0
137,52,2135722,1,0
137,53,2059805,1,0
137,54,2210353,1,0
137,55,2009699,1,0
137,56,2058211,1,0
137,57,2048807,1,0
137,58,2139583,1,0
137,59,2097115,1,0
138,0,1946021,1,0
138,1,2221775,1,0
138,2,2184371,1,0
138,3,2185876,1,0
138,4,2513261,1,0
138,5,2203424,1,0
138,6,2276384,1,0
138,7,2236410,1,0
138,8,2199926,1,0
138,9,2158947,1,0
138,10,2249067,1,0
138,11,2223059,1,0
138,12,2391554,1,0
138,13,2496206,1,0
138,14,2200584,1,0
138,15,2441192,1,0
138,16,2770675,1,0
138,17,2639357,1,0
138,18,2438214,1,0
138,19,2312859,1,0
138,20,2062648,1,0
138,21,2091546,1,0
138,22,2019699,1,0
138,23,2105865,1,0
138,24,2081915,1,0
138,25,2178780,1,0
138,26,2088180,1,0
138,27,2111678,1,0
138,28,2093091,1,0
138,29,2147909,1,0
138,30,2167255,1,0
138,31,2163087,1,0
138,32,2113356,1,0
138,33,2029834,1,0
138,34,2130527,1,0
138,35,2264934,1,0
138,36,2133842,1,0
138,37,2105097,1,0
138,38,2087719,1,0
138,39,2174369,1,0
138,40,2261916,1,0
138,41,1985851,1,0
138,42,2119185,1,0
138,43,2037272,1,0
138,44,2217946,1,0
138,45,2125140,1,0
138,46,2091957,1,0
138,47,2002563,1,0
138,48,2153715,1,0
138,49,2057787,1,0
138,50,2202072,1,0
138,51,2074587,1,0
138,52,2191936,1,0
138,53,2024116,1,0
138,54,2229520,1,0
138,55,1978423,1,0
138,56,2071254,1,0
138,57,2042885,1,0
138,58,2165386,1,0
138,59,2093873,1,0
139,0,946748,1,0
139,1,1371844,1,0
139,2,2223298,1,0
139,3,2184022,1,0
139,4,2269877,1,0
139,5,2458645,1,0
139,6,2187394,1,0
139,7,2303209,1,0
139,8,2172949,1,0
139,9,2191402,1,0
139,10,2192171,1,0
139,11,2260140,1,0
139,12,2221009,1,0
139,13,2404358,1,0
139,14,2482318,1,0
139,15,2199814,1,0
139,16,2465338,1,0
139,17,2872088,1,0
139,18,2543578,1,0
139,19,2452583,1,0
139,20,2234505,1,0
139,21,2104304,1,0
139,22,2041371,1,0
139,23,2022213,1,0
139,24,2152390,1,0
139,25,2034988,1,0
139,26,2210022,1,0
139,27,2069412,1,0
139,28,2123313,1,0
139,29,2160252,1,0
139,30,2069262,1,0
139,31,2201348,1,0
139,32,2130461,1,0
139,33,2092815,1,0
139,34,2022529,1,0
139,35,2200740,1,0
139,36,2216391,1,0
139,37,2127522,1,0
139,38,2078895,1,0
139,39,2126700,1,0
139,40,2180066,1,0
139,41,2229130,1,0
139,42,2005599,1,0
139,43,2130337,1,0
139,44,1999695,1,0
139,45,2281469,1,0
139,46,2068155,1,0
139,47,2116258,1,0
139,48,1994234,1,0
139,49,2167160,1,0
139,50,2059306,1,0
139,51,2195161,1,0
139,52,2067795,1,0
139,53,2210773,1,0
139,54,2060053,1,0
139,55,2177843,1,0
139,56,1954269,1,0
139,57,2083832,1,0
139,58,2069310,1,0
139,59,2148813,1,0
140,0,978294,1,0
140,1,2178080,1,0
140,2,2189186,1,0
140,3,2143952,1,0
140,4,2450964,1,0
140,5,2297029,1,0
140,6,2196973,1,0
140,7,2302419,1,0
140,8,2224172,1,0
140,9,2142478,1,0
140,10,2248490,1,0
140,11,2235769,1,0
140,12,2220893,1,0
140,13,2449018,1,0
140,14,2403689,1,0
140,15,2309856,1,0
140,16,2493648,1,0
140,17,2849996,1,0
140,18,2510912,1,0
140,19,2454186,1,0
140,20,2093654,1,0
140,21,2098720,1,0
140,22,2071200,1,0
140,23,2065598,1,0
140,24,2118188,1,0
140,25,2084966,1,0
140,26,2129407,1,0
140,27,2130109,1,0
140,28,2066852,1,0
140,29,2153430,1,0
140,30,2089813,1,0
140,31,2178341,1,0
140,32,2135103,1,0
140,33,2088955,1,0
140,34,2031973,1,0
140,35,2261919,1,0
140,36,2156947,1,0
140,37,2136498,1,0
140,38,2064548,1,0
140,39,2151331,1,0
140,40,2184185,1,0
140,41,2191554,1,0
140,42,1995680,1,0
140,43,2145920,1,0
140,44,2022094,1,0
140,45,2276941,1,0
140,46,2045011,1,0
140,47,2105463,1,0
140,48,2120225,1,0
140,49,2069806,1,0
140,50,2140273,1,0
140,51,2128081,1,0
140,52,2146142,1,0
140,53,2077886,1,0
140,54,2188309,1,0
140,55,2027916,1,0
140,56,2051662,1,0
140,57,2042351,1,0
140,58,2123697,1,0
140,59,2096417,1,0
141,0,1377327,1,0
141,1,2261043,1,0
141,2,2195458,1,0
141,3,2140347,1,0
141,4,2512892,1,0
141,5,2236435,1,0
141,6,2218792,1,0
141,7,2276131,1,0
141,8,2253875,1,0
141,9,2100600,1,0
141,10,2302351,1,0
141,11,2220524,1,0
141,12,2247051,1,0
141,13,2539463,1,0
141,14,2253010,1,0
141,15,2391302,1,0
141,16,2557454,1,0
141,17,2855333,1,0
141,18,2446525,1,0
141,19,2385580,1,0
141,20,2078318,1,0
141,21,2095805,1,0
141,22,2047744,1,0
141,23,2068795,1,0
141,24,2111753,1,0
141,25,2131361,1,0
141,26,2107746,1,0
141,27,2109472,1,0
141,28,2088618,1,0
141,29,2141722,1,0
141,30,2136590,1,0
141,31,2174076,1,0
141,32,2093340,1,0
141,33,2094149,1,0
141,34,2033710,1,0
141,35,2318774,1,0
141,36,2111454,1,0
141,37,2147858,1,0
141,38,2015753,1,0
141,39,2206288,1,0
141,40,2180607,1,0
141,41,2148777,1,0
141,42,2094206,1,0
141,43,2053899,1,0
141,44,2187458,1,0
141,45,2118150,1,0
141,46,2114132,1,0
141,47,2029519,1,0
141,48,2129258,1,0
141,49,2070550,1,0
141,50,2146149,1,0
141,51,2131234,1,0
141,52,2141071,1,0
141,53,2054865,1,0
141,54,2209318,1,0
141,55,2010244,1,0
141,56,2060068,1,0
141,57,2045163,1,0
141,58,2140602,1,0
141,59,2100407,1,0
142,0,1422340,1,0
142,1,2260240,1,0
142,2,2191129,1,0
142,3,2143007,1,0
142,4,2518661,1,0
142,5,2229252,1,0
142,6,2224327,1,0
142,7,2272692,1,0
142,8,2249301,1,0
142,9,2106403,1,0
142,10,2300965,1,0
142,11,2218509,1,0
142,12,2255772,1,0
142,13,2550431,1,0
142,14,2241187,1,0
142,15,2384016,1,0
142,16,2573074,1,0
142,17,2854710,1,0
142,18,2435938,1,0
142,19,2381729,1,0
142,20,2074505,1,0
142,21,2097152,1,0
142,22,2043570,1,0
142,23,2071356,1,0
142,24,2112594,1,0
142,25,2136679,1,0
142,26,2107560,1,0
142,27,2103875,1,0
142,28,2087971,1,0
142,29,2144426,1,0
142,30,2139027,1,0
142,31,2177405,1,0
142,32,2083609,1,0
142,33,2096089,1,0
142,34,2035146,1,0
142,35,2322479,1,0
142,36,2106466,1,0
142,37,2150069,1,0
142,38,2011945,1,0
142,39,2208875,1,0
142,40,2205856,1,0
142,41,2118929,1,0
142,42,2099297,1,0
142,43,2051818,1,0
142,44,2188185,1,0
142,45,2120260,1,0
142,46,2110678,1,0
142,47,2031704,1,0
142,48,2129875,1,0
142,49,2068109,1,0
142,50,2149706,1,0
142,51,2125773,1,0
142,52,2150535,1,0
142,53,2048323,1,0
142,54,2212652,1,0
142,55,2007566,1,0
142,56,2057415,1,0
142,57,2045903,1,0
142,58,2140910,1,0
142,59,2101688,1,0
143,0,968132,1,0
143,1,2198688,1,0
143,2,2188694,1,0
143,3,2143176,1,0
143,4,2460056,1,0
143,5,2287671,1,0
143,6,2200091,1,0
143,7,2301636,1,0
143,8,2230831,1,0
143,9,2135849,1,0
143,10,2249068,1,0
143,11,2235150,1,0
143,12,2238576,1,0
143,13,2431855,1,0
143,14,2403908,1,0
143,15,2314497,1,0
143,16,2493557,1,0
143,17,2851775,1,0
143,18,2512354,1,0
143,19,2445302,1,0
143,20,2091433,1,0
143,21,2099579,1,0
143,22,2069645,1,0
143,23,2067142,1,0
143,24,2119903,1,0
143,25,2083266,1,0
143,26,2131532,1,0
143,27,2130691,1,0
143,28,2067589,1,0
143,29,2149891,1,0
143,30,2098485,1,0
143,31,2168730,1,0
143,32,2136172,1,0
143,33,2088071,1,0
143,34,2033747,1,0
143,35,2264249,1,0
143,36,2155059,1,0
143,37,2137841,1,0
143,38,2061215,1,0
143,39,2155751,1,0
143,40,2180971,1,0
143,41,2190464,1,0
143,42,1995583,1,0
143,43,2146717,1,0
143,44,2023344,1,0
143,45,2277939,1,0
143,46,2042630,1,0
143,47,2103696,1,0
143,48,2123209,1,0
143,49,2069846,1,0
143,50,2141478,1,0
143,51,2135953,1,0
143,52,2136891,1,0
143,53,2075805,1,0
143,54,2191125,1,0
143,55,2026368,1,0
143,56,2051976,1,0
143,57,2042560,1,0
143,58,2125770,1,0
143,59,2093353,1,0
144,0,1445309,1,0
144,1,2258391,1,0
144,2,2190832,1,0
144,3,2144116,1,0
144,4,2519692,1,0
144,5,2229109,1,0
144,6,2229654,1,0
144,7,2266598,1,0
144,8,2247521,1,0
144,9,2122569,1,0
144,10,2288127,1,0
144,11,2216871,1,0
144,12,2265011,1,0
144,13,2553692,1,0
144,14,2227693,1,0
144,15,2385652,1,0
144,16,2586105,1,0
144,17,2842699,1,0
144,18,2435238,1,0
144,19,2381895,1,0
144,20,2075254,1,0
144,21,2094875,1,0
144,22,2042926,1,0
144,23,2072364,1,0
144,24,2110991,1,0
144,25,2142090,1,0
144,26,2103574,1,0
144,27,2103300,1,0
144,28,2088146,1,0
144,29,2148098,1,0
144,30,2136542,1,0
144,31,2177629,1,0
144,32,2082180,1,0
144,33,2095233,1,0
144,34,2035870,1,0
144,35,2323686,1,0
144,36,2104468,1,0
144,37,2152735,1,0
144,38,2008012,1,0
144,39,2211440,1,0
144,40,2206816,1,0
144,41,2116547,1,0
144,42,2100859,1,0
144,43,2051883,1,0
144,44,2191604,1,0
144,45,2116624,1,0
144,46,2112330,1,0
144,47,2027201,1,0
144,48,2132390,1,0
144,49,2067567,1,0
144,50,2152960,1,0
144,51,2120409,1,0
144,52,2154106,1,0
144,53,2048842,1,0
144,54,2217865,1,0
144,55,2001099,1,0
144,56,2059047,1,0
144,57,2043602,1,0
144,58,2141153,1,0
144,59,2101618,1,0
145,0,863178,1,0
145,1,2095009,1,0
145,2,2179852,1,0
145,3,2154958,1,0
145,4,2441724,1,0
145,5,2303283,1,0
145,6,2193138,1,0
145,7,2303072,1,0
145,8,2213528,1,0
145,9,2148401,1,0
145,10,2245739,1,0
145,11,2244556,1,0
145,12,2197859,1,0
145,13,2467489,1,0
145,14,2409706,1,0
145,15,2280776,1,0
145,16,2496601,1,0
145,17,2845818,1,0
145,18,2503732,1,0
145,19,2493107,1,0
145,20,2095561,1,0
145,21,2100468,1,0
145,22,2067035,1,0
145,23,2068096,1,0
145,24,2115046,1,0
145,25,2087978,1,0
145,26,2119983,1,0
145,27,2128852,1,0
145,28,2077816,1,0
145,29,2158817,1,0
145,30,2074499,1,0
145,31,2187474,1,0
145,32,2133267,1,0
145,33,2094667,1,0
145,34,2020849,1,0
145,35,2252156,1,0
145,36,2170937,1,0
145,37,2136882,1,0
145,38,2065025,1,0
145,39,2145878,1,0
145,40,2184504,1,0
145,41,2202023,1,0
145,42,1994469,1,0
145,43,2149018,1,0
145,44,2015064,1,0
145,45,2276209,1,0
145,46,2044202,1,0
145,47,2111812,1,0
145,48,2115663,1,0
145,49,2071288,1,0
145,50,2144313,1,0
145,51,2115429,1,0
145,52,2155348,1,0
145,53,2075590,1,0
145,54,2186200,1,0
145,55,2031813,1,0
145,56,2048262,1,0
145,57,2037551,1,0
145,58,2125028,1,0
145,59,2100898,1,0
146,0,583105,1,0
146,1,2084189,1,0
146,2,2181743,1,0
146,3,2152338,1,0
146,4,2443773,1,0
146,5,2300938,1,0
146,6,2195359,1,0
146,7,2301590,1,0
146,8,2214082,1,0
146,9,2148979,1,0
146,10,2243328,1,0
146,11,2247594,1,0
146,12,2194636,1,0
146,13,2469928,1,0
146,14,2411431,1,0
146,15,2276803,1,0
146,16,2496163,1,0
146,17,2847681,1,0
146,18,2503983,1,0
146,19,2496141,1,0
146,20,2095233,1,0
146,21,2100787,1,0
146,22,2063309,1,0
146,23,2070950,1,0
146,24,2113683,1,0
146,25,2083961,1,0
146,26,2124568,1,0
146,27,2128515,1,0
146,28,2078670,1,0
146,29,2159745,1,0
146,30,2072851,1,0
146,31,2188237,1,0
146,32,2134230,1,0
146,33,2093809,1,0
146,34,2018279,1,0
146,35,2252699,1,0
146,36,2171923,1,0
146,37,2138231,1,0
146,38,2064917,1,0
146,39,2144357,1,0
146,40,2184950,1,0
146,41,2203916,1,0
146,42,1994115,1,0
146,43,2147795,1,0
146,44,2013470,1,0
146,45,2278884,1,0
146,46,2036430,1,0
146,47,2119667,1,0
146,48,2115388,1,0
146,49,2070837,1,0
146,50,2142571,1,0
146,51,2116004,1,0
146,52,2155388,1,0
146,53,2076782,1,0
146,54,2186287,1,0
146,55,2032661,1,0
146,56,2047610,1,0
146,57,2036194,1,0
146,58,2126095,1,0
146,59,2101115,1,0
147,0,872831,1,0
147,1,2215893,1,0
147,2,2193151,1,0
147,3,2139045,1,0
147,4,2462546,1,0
147,5,2286311,1,0
147,6,2200073,1,0
147,7,2304108,1,0
147,8,2232735,1,0
147,9,2129212,1,0
147,10,2253586,1,0
147,11,2234625,1,0
147,12,2238385,1,0
147,13,2438128,1,0
147,14,2394400,1,0
147,15,2328570,1,0
147,16,2481102,1,0
147,17,2855149,1,0
147,18,2513558,1,0
147,19,2439485,1,0
147,20,2091411,1,0
147,21,2099694,1,0
147,22,2069409,1,0
147,23,2067262,1,0
147,24,2122305,1,0
147,25,2079792,1,0
147,26,2131832,1,0
147,27,2133270,1,0
147,28,2064858,1,0
147,29,2151541,1,0
147,30,2105128,1,0
147,31,2163251,1,0
147,32,2135018,1,0
147,33,2088704,1,0
147,34,2033190,1,0
147,35,2270202,1,0
147,36,2151269,1,0
147,37,2135466,1,0
147,38,2060527,1,0
147,39,2158148,1,0
147,40,2181498,1,0
147,41,2187806,1,0
147,42,1993583,1,0
147,43,2147053,1,0
147,44,2025924,1,0
147,45,2277354,1,0
147,46,2054648,1,0
147,47,2091018,1,0
147,48,2123941,1,0
147,49,2070505,1,0
147,50,2140825,1,0
147,51,2137083,1,0
147,52,2134374,1,0
147,53,2076444,1,0
147,54,2192637,1,0
147,55,2024267,1,0
147,56,2053376,1,0
147,57,2042226,1,0
147,58,2128600,1,0
147,59,2092196,1,0
148,0,1496956,1,0
148,1,2254378,1,0
148,2,2193254,1,0
148,3,2150265,1,0
148,4,2521371,1,0
148,5,2223947,1,0
148,6,2232338,1,0
148,7,2263798,1,0
148,8,2243355,1,0
148,9,2136264,1,0
148,10,2271874,1,0
148,11,2219526,1,0
148,12,2292681,1,0
148,13,2546122,1,0
148,14,2212704,1,0
148,15,2392323,1,0
148,16,2602890,1,0
148,17,2822542,1,0
148,18,2435611,1,0
148,19,2372188,1,0
148,20,2074280,1,0
148,21,2101133,1,0
148,22,2035284,1,0
148,23,2080880,1,0
148,24,2101891,1,0
148,25,2157353,1,0
148,26,2090646,1,0
148,27,2105428,1,0
148,28,2087713,1,0
148,29,2151212,1,0
148,30,2132711,1,0
148,31,2181477,1,0
148,32,2074990,1,0
148,33,2099269,1,0
148,34,2031624,1,0
148,35,2328412,1,0
148,36,2105207,1,0
148,37,2155519,1,0
148,38,2000261,1,0
148,39,2216632,1,0
148,40,2256219,1,0
148,41,2061578,1,0
148,42,2104612,1,0
148,43,2049182,1,0
148,44,2194061,1,0
148,45,2123167,1,0
148,46,2105892,1,0
148,47,2023925,1,0
148,48,2138353,1,0
148,49,2061064,1,0
148,50,2159244,1,0
148,51,2117029,1,0
148,52,2156100,1,0
148,53,2057259,1,0
148,54,2209861,1,0
148,55,1997537,1,0
148,56,2061394,1,0
148,57,2041397,1,0
148,58,2139714,1,0
148,59,2107504,1,0
149,0,1601877,1,0
149,1,2245889,1,0
149,2,2195919,1,0
149,3,2150168,1,0
149,4,2528902,1,0
149,5,2215056,1,0
149,6,2247419,1,0
149,7,2251597,1,0
149,8,2245319,1,0
149,9,2144403,1,0
149,10,2257419,1,0
149,11,2217580,1,0
149,12,2321960,1,0
149,13,2537207,1,0
149,14,2214332,1,0
149,15,2387570,1,0
149,16,2641669,1,0
149,17,2778198,1,0
149,18,2441827,1,0
149,19,2360711,1,0
149,20,2069234,1,0
149,21,2092598,1,0
149,22,2035003,1,0
149,23,2088919,1,0
149,24,2096497,1,0
149,25,2174438,1,0
149,26,2083453,1,0
149,27,2098097,1,0
149,28,2092205,1,0
149,29,2151888,1,0
149,30,2131703,1,0
149,31,2188877,1,0
149,32,2069152,1,0
149,33,2098793,1,0
149,34,2032724,1,0
149,35,2337091,1,0
149,36,2093685,1,0
149,37,2170796,1,0
149,38,2017026,1,0
149,39,2182617,1,0
149,40,2320318,1,0
149,41,1995836,1,0
149,42,2109151,1,0
149,43,2040461,1,0
149,44,2200788,1,0
149,45,2129216,1,0
149,46,2103305,1,0
149,47,2015431,1,0
149,48,2141470,1,0
149,49,2060759,1,0
149,50,2167884,1,0
149,51,2112115,1,0
149,52,2163561,1,0
149,53,2048528,1,0
149,54,2209500,1,0
149,55,1996211,1,0
149,56,2059092,1,0
149,57,2044421,1,0
149,58,2136411,1,0
149,59,2119085,1,0
150,0,1488648,1,0
150,1,2255164,1,0
150,2,2193062,1,0
150,3,2151188,1,0
150,4,2519150,1,0
150,5,2227134,1,0
150,6,2228882,1,0
150,7,2267839,1,0
150,8,2242597,1,0
150,9,2135358,1,0
150,10,2272562,1,0
150,11,2218647,1,0
150,12,2288065,1,0
150,13,2548093,1,0
150,14,2214441,1,0
150,15,2392129,1,0
150,16,2595518,1,0
150,17,2830430,1,0
150,18,2433812,1,0
150,19,2376556,1,0
150,20,2072689,1,0
150,21,2098316,1,0
150,22,2037850,1,0
150,23,2081713,1,0
150,24,2101232,1,0
150,25,2152519,1,0
150,26,2095961,1,0
150,27,2105638,1,0
150,28,2086652,1,0
150,29,2150949,1,0
150,30,2134349,1,0
150,31,2180146,1,0
150,32,2077098,1,0
150,33,2097261,1,0
150,34,2033401,1,0
150,35,2326267,1,0
150,36,2104959,1,0
150,37,2155084,1,0
150,38,2003071,1,0
150,39,2215608,1,0
150,40,2250653,1,0
150,41,2067711,1,0
150,42,2103289,1,0
150,43,2050840,1,0
150,44,2192559,1,0
150,45,2122898,1,0
150,46,2105940,1,0
150,47,2025744,1,0
150,48,2137218,1,0
150,49,2061411,1,0
150,50,2158464,1,0
150,51,2115046,1,0
150,52,2157057,1,0
150,53,2057678,1,0
150,54,2210037,1,0
150,55,1999707,1,0
150,56,2059819,1,0
150,57,2040935,1,0
150,58,2141029,1,0
150,59,2105823,1,0
151,0,1457066,1,0
151,1,2258616,1,0
151,2,2190255,1,0
151,3,2145000,1,0
151,4,2520891,1,0
151,5,2226882,1,0
151,6,2229937,1,0
151,7,2267431,1,0
151,8,2246295,1,0
151,9,2124837,1,0
151,10,2284837,1,0
151,11,2218277,1,0
151,12,2270596,1,0
151,13,2551204,1,0
151,14,2226065,1,0
151,15,2386260,1,0
151,16,2587508,1,0
151,17,2840941,1,0
151,18,2435201,1,0
151,19,2379905,1,0
151,20,2074718,1,0
151,21,2097283,1,0
151,22,2039635,1,0
151,23,2073412,1,0
151,24,2110660,1,0
151,25,2143578,1,0
151,26,2102530,1,0
151,27,2104756,1,0
151,28,2086922,1,0
151,29,2148635,1,0
151,30,2135836,1,0
151,31,2177033,1,0
151,32,2083039,1,0
151,33,2095771,1,0
151,34,2034235,1,0
151,35,2326716,1,0
151,36,2103898,1,0
151,37,2151879,1,0
151,38,2007198,1,0
151,39,2211383,1,0
151,40,2231516,1,0
151,41,2090467,1,0
151,42,2103702,1,0
151,43,2050129,1,0
151,44,2192863,1,0
151,45,2117177,1,0
151,46,2110441,1,0
151,47,2026770,1,0
151,48,2135073,1,0
151,49,2063939,1,0
151,50,2154591,1,0
151,51,2119710,1,0
151,52,2155330,1,0
151,53,2049117,1,0
151,54,2218918,1,0
151,55,1999772,1,0
151,56,2060120,1,0
151,57,2041444,1,0
151,58,2141115,1,0
151,59,2103711,1,0
152,0,216307,1,0
152,1,2226474,1,0
152,2,2192955,1,0
152,3,2137406,1,0
152,4,2464590,1,0
152,5,2286415,1,0
152,6,2200237,1,0
152,7,2304490,1,0
152,8,2235994,1,0
152,9,2123493,1,0
152,10,2256552,1,0
152,11,2232292,1,0
152,12,2240169,1,0
152,13,2438103,1,0
152,14,2392624,1,0
152,15,2333420,1,0
152,16,2478875,1,0
152,17,2856901,1,0
152,18,2512724,1,0
152,19,2435446,1,0
152,20,2090842,1,0
152,21,2101111,1,0
152,22,2071160,1,0
152,23,2063732,1,0
152,24,2124687,1,0
152,25,2079423,1,0
152,26,2131388,1,0
152,27,2132474,1,0
152,28,2066677,1,0
152,29,2151410,1,0
152,30,2108869,1,0
152,31,2159846,1,0
152,32,2133424,1,0
152,33,2089441,1,0
152,34,2034191,1,0
152,35,2274161,1,0
152,36,2145414,1,0
152,37,2135722,1,0
152,38,2060267,1,0
152,39,2161526,1,0
152,40,2179148,1,0
152,41,2191190,1,0
152,42,1991510,1,0
152,43,2144925,1,0
152,44,2026988,1,0
152,45,2277701,1,0
152,46,2068738,1,0
152,47,2077332,1,0
152,48,2123005,1,0
152,49,2071191,1,0
152,50,2141636,1,0
152,51,2135789,1,0
152,52,2135025,1,0
152,53,2074072,1,0
152,54,2194769,1,0
152,55,2024077,1,0
152,56,2052443,1,0
152,57,2042802,1,0
152,58,2130184,1,0
152,59,2090952,1,0
153,0,592763,1,0
153,1,2149371,1,0
153,2,2188712,1,0
153,3,2141682,1,0
153,4,2449542,1,0
153,5,2300800,1,0
153,6,2194580,1,0
153,7,2300710,1,0
153,8,2222482,1,0
153,9,2143546,1,0
153,10,2248123,1,0
153,11,2238681,1,0
153,12,2213661,1,0
153,13,2451822,1,0
153,14,2406059,1,0
153,15,2298887,1,0
153,16,2498530,1,0
153,17,2847034,1,0
153,18,2502573,1,0
153,19,2473825,1,0
153,20,2096206,1,0
153,21,2096836,1,0
153,22,2072462,1,0
153,23,2065095,1,0
153,24,2114534,1,0
153,25,2090541,1,0
153,26,2119932,1,0
153,27,2136010,1,0
153,28,2068450,1,0
153,29,2154617,1,0
153,30,2083598,1,0
153,31,2182057,1,0
153,32,2134498,1,0
153,33,2088968,1,0
153,34,2030934,1,0
153,35,2252318,1,0
153,36,2167254,1,0
153,37,2134707,1,0
153,38,2065711,1,0
153,39,2151570,1,0
153,40,2181715,1,0
153,41,2197435,1,0
153,42,1996641,1,0
153,43,2144768,1,0
153,44,2020497,1,0
153,45,2275073,1,0
153,46,2045128,1,0
153,47,2107591,1,0
153,48,2120413,1,0
153,49,2070491,1,0
153,50,2140149,1,0
153,51,2121610,1,0
153,52,2151790,1,0
153,53,2078805,1,0
153,54,2187070,1,0
153,55,2028121,1,0
153,56,2049831,1,0
153,57,2042782,1,0
153,58,2121623,1,0
153,59,2098390,1,0
154,0,1547715,1,0
154,1,2250022,1,0
154,2,2192662,1,0
154,3,2152409,1,0
154,4,2519930,1,0
154,5,2225852,1,0
154,6,2234849,1,0
154,7,2259647,1,0
154,8,2243382,1,0
154,9,2145354,1,0
154,10,2259997,1,0
154,11,2218417,1,0
154,12,2308930,1,0
154,13,2540006,1,0
154,14,2224359,1,0
154,15,2379655,1,0
154,16,2614442,1,0
154,17,2809455,1,0
154,18,2437992,1,0
154,19,2367326,1,0
154,20,2070070,1,0
154,21,2098373,1,0
154,22,2034692,1,0
154,23,2082774,1,0
154,24,2101284,1,0
154,25,2170453,1,0
154,26,2083484,1,0
154,27,2099642,1,0
154,28,2088750,1,0
154,29,2155082,1,0
154,30,2132930,1,0
154,31,2182903,1,0
154,32,2072541,1,0
154,33,2098125,1,0
154,34,2033632,1,0
154,35,2326506,1,0
154,36,2102917,1,0
154,37,2164241,1,0
154,38,1992379,1,0
154,39,2216325,1,0
154,40,2279444,1,0
154,41,2037635,1,0
154,42,2107240,1,0
154,43,2043349,1,0
154,44,2198143,1,0
154,45,2125755,1,0
154,46,2106176,1,0
154,47,2019722,1,0
154,48,2138049,1,0
154,49,2061907,1,0
154,50,2165793,1,0
154,51,2111920,1,0
154,52,2158547,1,0
154,53,2056430,1,0
154,54,2208163,1,0
154,55,1999543,1,0
154,56,2058163,1,0
154,57,2040452,1,0
154,58,2138778,1,0
154,59,2115437,1,0
155,0,1589110,1,0
155,1,2247197,1,0
155,2,2196978,1,0
155,3,2149538,1,0
155,4,2519148,1,0
155,5,2225980,1,0
155,6,2243993,1,0
155,7,2254268,1,0
155,8,2244760,1,0
155,9,2144702,1,0
155,10,2258428,1,0
155,11,2215906,1,0
155,12,2321356,1,0
155,13,2536078,1,0
155,14,2216459,1,0
155,15,2386581,1,0
155,16,2636421,1,0
155,17,2784697,1,0
155,18,2441052,1,0
155,19,2362936,1,0
155,20,2068268,1,0
155,21,2094038,1,0
155,22,2033324,1,0
155,23,2088292,1,0
155,24,2098982,1,0
155,25,2172109,1,0
155,26,2085020,1,0
155,27,2097271,1,0
155,28,2092144,1,0
155,29,2152169,1,0
155,30,2133127,1,0
155,31,2187409,1,0
155,32,2068844,1,0
155,33,2099467,1,0
155,34,2032140,1,0
155,35,2336139,1,0
155,36,2095515,1,0
155,37,2170013,1,0
155,38,2000164,1,0
155,39,2198879,1,0
155,40,2322040,1,0
155,41,1994072,1,0
155,42,2107215,1,0
155,43,2043789,1,0
155,44,2200642,1,0
155,45,2129579,1,0
155,46,2102023,1,0
155,47,2016769,1,0
155,48,2141561,1,0
155,49,2060249,1,0
155,50,2168105,1,0
155,51,2112250,1,0
155,52,2161162,1,0
155,53,2050791,1,0
155,54,2209434,1,0
155,55,1996244,1,0
155,56,2059108,1,0
155,57,2042846,1,0
155,58,2138066,1,0
155,59,2116530,1,0
156,0,1569525,1,0
156,1,2247559,1,0
156,2,2193719,1,0
156,3,2152245,1,0
156,4,2520868,1,0
156,5,2225045,1,0
156,6,2238795,1,0
156,7,2256370,1,0
156,8,2242231,1,0
156,9,2145950,1,0
156,10,2259455,1,0
156,11,2218554,1,0
156,12,2316561,1,0
156,13,2537476,1,0
156,14,2219185,1,0
156,15,2384126,1,0
156,16,2624878,1,0
156,17,2796488,1,0
156,18,2440106,1,0
156,19,2364209,1,0
156,20,2069678,1,0
156,21,2096043,1,0
156,22,2035372,1,0
156,23,2084356,1,0
156,24,2099203,1,0
156,25,2171495,1,0
156,26,2084866,1,0
156,27,2099885,1,0
156,28,2089151,1,0
156,29,2153850,1,0
156,30,2133820,1,0
156,31,2184551,1,0
156,32,2071915,1,0
156,33,2098169,1,0
156,34,2032021,1,0
156,35,2331842,1,0
156,36,2098729,1,0
156,37,2171471,1,0
156,38,1991488,1,0
156,39,2208057,1,0
156,40,2320976,1,0
156,41,1994474,1,0
156,42,2108562,1,0
156,43,2043348,1,0
156,44,2199631,1,0
156,45,2131633,1,0
156,46,2099450,1,0
156,47,2016797,1,0
156,48,2142657,1,0
156,49,2058443,1,0
156,50,2167318,1,0
156,51,2112440,1,0
156,52,2162060,1,0
156,53,2052526,1,0
156,54,2208327,1,0
156,55,1996847,1,0
156,56,2061192,1,0
156,57,2038883,1,0
156,58,2138795,1,0
156,59,2116158,1,0
157,0,571986,1,0
157,1,2071803,1,0
157,2,2183485,1,0
157,3,2153566,1,0
157,4,2442968,1,0
157,5,2300257,1,0
157,6,2195046,1,0
157,7,2301498,1,0
157,8,2214482,1,0
157,9,2148214,1,0
157,10,2243502,1,0
157,11,2247471,1,0
157,12,2193060,1,0
157,13,2472502,1,0
157,14,2411376,1,0
157,15,2272371,1,0
157,16,2497175,1,0
157,17,2850073,1,0
157,18,2504212,1,0
157,19,2496227,1,0
157,20,2095704,1,0
157,21,2102248,1,0
157,22,2062379,1,0
157,23,2070269,1,0
157,24,2114997,1,0
157,25,2082025,1,0
157,26,2127327,1,0
157,27,2127644,1,0
157,28,2079250,1,0
157,29,2159380,1,0
157,30,2073147,1,0
157,31,2186458,1,0
157,32,2134969,1,0
157,33,2094307,1,0
157,34,2016738,1,0
157,35,2252580,1,0
157,36,2171785,1,0
157,37,2140466,1,0
157,38,2064801,1,0
157,39,2142611,1,0
157,40,2185235,1,0
157,41,2204877,1,0
157,42,1994294,1,0
157,43,2148539,1,0
157,44,2012612,1,0
157,45,2279049,1,0
157,46,2035979,1,0
157,47,2118880,1,0
157,48,2115149,1,0
157,49,2071414,1,0
157,50,2142776,1,0
157,51,2117406,1,0
157,52,2153146,1,0
157,53,2078483,1,0
157,54,2185156,1,0
157,55,2033363,1,0
157,56,2047127,1,0
157,57,2035852,1,0
157,58,2126874,1,0
157,59,2101495,1,0
158,0,1559911,1,0
158,1,2247794,1,0
158,2,2192405,1,0
158,3,2151799,1,0
158,4,2521346,1,0
158,5,2225864,1,0
158,6,2237239,1,0
158,7,2257598,1,0
158,8,2241619,1,0
158,9,2146152,1,0
158,10,2261272,1,0
158,11,2215764,1,0
158,12,2312977,1,0
158,13,2539774,1,0
158,14,2222128,1,0
158,15,2381264,1,0
158,16,2618487,1,0
158,17,2804627,1,0
158,18,2438693,1,0
158,19,2365724,1,0
158,20,2070651,1,0
158,21,2096571,1,0
158,22,2035186,1,0
158,23,2084297,1,0
158,24,2100181,1,0
158,25,2169790,1,0
158,26,2084558,1,0
158,27,2099687,1,0
158,28,2089933,1,0
158,29,2153383,1,0
158,30,2134147,1,0
158,31,2182286,1,0
158,32,2073803,1,0
158,33,2097871,1,0
158,34,2032094,1,0
158,35,2328488,1,0
158,36,2103046,1,0
158,37,2167615,1,0
158,38,1991797,1,0
158,39,2212075,1,0
158,40,2288143,1,0
158,41,2027332,1,0
158,42,2108192,1,0
158,43,2043909,1,0
158,44,2198354,1,0
158,45,2128465,1,0
158,46,2102985,1,0
158,47,2018547,1,0
158,48,2140685,1,0
158,49,2059499,1,0
158,50,2166749,1,0
158,51,2112490,1,0
158,52,2160661,1,0
158,53,2054724,1,0
158,54,2208513,1,0
158,55,1997156,1,0
158,56,2060635,1,0
158,57,2039544,1,0
158,58,2138142,1,0
158,59,2116353,1,0
159,0,1614510,1,0
159,1,2244225,1,0
159,2,2195917,1,0
159,3,2151431,1,0
159,4,2525767,1,0
159,5,2215307,1,0
159,6,2250468,1,0
159,7,2250134,1,0
159,8,2244759,1,0
159,9,2142881,1,0
159,10,2259444,1,0
159,11,2217313,1,0
159,12,2324657,1,0
159,13,2535836,1,0
159,14,2213289,1,0
159,15,2388158,1,0
159,16,2646365,1,0
159,17,2770795,1,0
159,18,2445211,1,0
159,19,2359742,1,0
159,20,2067964,1,0
159,21,2099018,1,0
159,22,2027407,1,0
159,23,2090656,1,0
159,24,2095871,1,0
159,25,2173889,1,0
159,26,2083700,1,0
159,27,2098838,1,0
159,28,2092402,1,0
159,29,2151870,1,0
159,30,2132140,1,0
159,31,2189769,1,0
159,32,2067948,1,0
159,33,2098628,1,0
159,34,2033478,1,0
159,35,2337824,1,0
159,36,2091878,1,0
159,37,2172412,1,0
159,38,2017311,1,0
159,39,2179414,1,0
159,40,2322847,1,0
159,41,1993956,1,0
159,42,2109520,1,0
159,43,2039818,1,0
159,44,2201302,1,0
159,45,2130726,1,0
159,46,2101798,1,0
159,47,2014325,1,0
159,48,2143438,1,0
159,49,2058772,1,0
159,50,2169928,1,0
159,51,2111984,1,0
159,52,2164515,1,0
159,53,2047131,1,0
159,54,2209810,1,0
159,55,1995615,1,0
159,56,2059089,1,0
159,57,2045947,1,0
159,58,2134269,1,0
159,59,2121024,1,0
160,0,538274,1,0
160,1,1788036,1,0
160,2,2204714,1,0
160,3,2158656,1,0
160,4,2405768,1,0
160,5,2329458,1,0
160,6,2200698,1,0
160,7,2292161,1,0
160,8,2218547,1,0
160,9,2157717,1,0
160,10,2222333,1,0
160,11,2234475,1,0
160,12,2209904,1,0
160,13,2440451,1,0
160,14,2455367,1,0
160,15,2200939,1,0
160,16,2485948,1,0
160,17,2926689,1,0
160,18,2467778,1,0
160,19,2511003,1,0
160,20,2127970,1,0
160,21,2119808,1,0
160,22,2040704,1,0
160,23,2015792,1,0
160,24,2167246,1,0
160,25,2096459,1,0
160,26,2142469,1,0
160,27,2107692,1,0
160,28,2078611,1,0
160,29,2171383,1,0
160,30,2071395,1,0
160,31,2169196,1,0
160,32,2149498,1,0
160,33,2090250,1,0
160,34,2002070,1,0
160,35,2265356,1,0
160,36,2182625,1,0
160,37,2135474,1,0
160,38,2057847,1,0
160,39,2138251,1,0
160,40,2182338,1,0
160,41,2212809,1,0
160,42,1999347,1,0
160,43,2156119,1,0
160,44,2008381,1,0
160,45,2278360,1,0
160,46,2038541,1,0
160,47,2116090,1,0
160,48,2013990,1,0
160,49,2143207,1,0
160,50,2095233,1,0
160,51,2189385,1,0
160,52,2071313,1,0
160,53,2172674,1,0
160,54,2151686,1,0
160,55,2077137,1,0
160,56,2031387,1,0
160,57,2027360,1,0
160,58,2139027,1,0
160,59,2081840,1,0
161,0,897887,1,0
161,1,1764806,1,0
161,2,2205320,1,0
161,3,2159563,1,0
161,4,2401204,1,0
161,5,2330742,1,0
161,6,2202591,1,0
161,7,2291914,1,0
161,8,2219543,1,0
161,9,2155334,1,0
161,10,2224634,1,0
161,11,2227789,1,0
161,12,2216828,1,0
161,13,2439076,1,0
161,14,2449777,1,0
161,15,2208280,1,0
161,16,2483076,1,0
161,17,2929650,1,0
161,18,2463544,1,0
161,19,2506695,1,0
161,20,2138375,1,0
161,21,2120463,1,0
161,22,2037935,1,0
161,23,2017370,1,0
161,24,2164078,1,0
161,25,2099210,1,0
161,26,2142858,1,0
161,27,2107545,1,0
161,28,2078402,1,0
161,29,2172283,1,0
161,30,2070896,1,0
161,31,2170331,1,0
161,32,2148880,1,0
161,33,2091143,1,0
161,34,1998497,1,0
161,35,2266463,1,0
161,36,2180519,1,0
161,37,2136959,1,0
161,38,2059434,1,0
161,39,2139635,1,0
161,40,2178959,1,0
161,41,2213058,1,0
161,42,2000400,1,0
161,43,2158438,1,0
161,44,1998536,1,0
161,45,2286707,1,0
161,46,2037319,1,0
161,47,2118274,1,0
161,48,2012137,1,0
161,49,2141439,1,0
161,50,2097409,1,0
161,51,2188922,1,0
161,52,2074471,1,0
161,53,2170633,1,0
161,54,2148026,1,0
161,55,2081567,1,0
161,56,2031418,1,0
161,57,2025544,1,0
161,58,2138706,1,0
161,59,2083016,1,0
162,0,1638517,1,0
162,1,2240337,1,0
162,2,2198035,1,0
162,3,2148175,1,0
162,4,2530420,1,0
162,5,2213610,1,0
162,6,2250787,1,0
162,7,2247630,1,0
162,8,2242473,1,0
162,9,2149294,1,0
162,10,2258297,1,0
162,11,2213260,1,0
162,12,2329888,1,0
162,13,2533995,1,0
162,14,2212820,1,0
162,15,2390296,1,0
162,16,2657348,1,0
162,17,2760380,1,0
162,18,2448811,1,0
162,19,2351416,1,0
162,20,2069357,1,0
162,21,2096321,1,0
162,22,2028164,1,0
162,23,2092334,1,0
162,24,2092879,1,0
162,25,2173655,1,0
162,26,2087138,1,0
162,27,2098478,1,0
162,28,2091816,1,0
162,29,2152360,1,0
162,30,2132342,1,0
162,31,2189845,1,0
162,32,2065816,1,0
162,33,2099682,1,0
162,34,2034667,1,0
162,35,2338163,1,0
162,36,2088082,1,0
162,37,2174813,1,0
162,38,2040015,1,0
162,39,2155835,1,0
162,40,2323565,1,0
162,41,1994598,1,0
162,42,2106610,1,0
162,43,2041582,1,0
162,44,2201915,1,0
162,45,2130915,1,0
162,46,2101185,1,0
162,47,2013878,1,0
162,48,2141964,1,0
162,49,2059974,1,0
162,50,2172504,1,0
162,51,2107765,1,0
162,52,2168319,1,0
162,53,2045476,1,0
162,54,2209158,1,0
162,55,1995842,1,0
162,56,2058932,1,0
162,57,2046991,1,0
162,58,2134036,1,0
162,59,2122693,1,0
163,0,1691785,1,0
163,1,2240925,1,0
163,2,2196582,1,0
163,3,2153582,1,0
163,4,2528369,1,0
163,5,2214341,1,0
163,6,2253186,1,0
163,7,2243653,1,0
163,8,2238742,1,0
163,9,2152478,1,0
163,10,2253357,1,0
163,11,2214596,1,0
163,12,2348914,1,0
163,13,2519731,1,0
163,14,2212414,1,0
163,15,2397136,1,0
163,16,2712933,1,0
163,17,2702785,1,0
163,18,2450864,1,0
163,19,2347616,1,0
163,20,2063879,1,0
163,21,2094633,1,0
163,22,2025427,1,0
163,23,2098509,1,0
163,24,2089690,1,0
163,25,2172019,1,0
163,26,2086941,1,0
163,27,2101836,1,0
163,28,2094774,1,0
163,29,2149966,1,0
163,30,2131541,1,0
163,31,2193555,1,0
163,32,2057979,1,0
163,33,2102168,1,0
163,34,2039585,1,0
163,35,2344223,1,0
163,36,2075974,1,0
163,37,2175992,1,0
163,38,2068586,1,0
163,39,2134228,1,0
163,40,2313835,1,0
163,41,1995306,1,0
163,42,2106729,1,0
163,43,2042209,1,0
163,44,2206263,1,0
163,45,2129600,1,0
163,46,2096547,1,0
163,47,2015146,1,0
163,48,2144259,1,0
163,49,2056638,1,0
163,50,2179421,1,0
163,51,2102654,1,0
163,52,2172606,1,0
163,53,2040911,1,0
163,54,2210532,1,0
163,55,1994375,1,0
163,56,2058521,1,0
163,57,2051606,1,0
163,58,2136464,1,0
163,59,2126311,1,0
164,0,1663130,1,0
164,1,2239887,1,0
164,2,2194547,1,0
164,3,2149145,1,0
164,4,2531664,1,0
164,5,2213205,1,0
164,6,2252006,1,0
164,7,2244646,1,0
164,8,2240905,1,0
164,9,2152231,1,0
164,10,2256285,1,0
164,11,2214158,1,0
164,12,2334466,1,0
164,13,2531323,1,0
164,14,2213453,1,0
164,15,2392174,1,0
164,16,2675828,1,0
164,17,2739969,1,0
164,18,2449225,1,0
164,19,2352701,1,0
164,20,2064133,1,0
164,21,2098107,1,0
164,22,2026066,1,0
164,23,2094559,1,0
164,24,2093036,1,0
164,25,2170220,1,0
164,26,2087987,1,0
164,27,2102030,1,0
164,28,2090745,1,0
164,29,2150457,1,0
164,30,2135926,1,0
164,31,2187732,1,0
164,32,2065251,1,0
164,33,2099810,1,0
164,34,2037061,1,0
164,35,2340892,1,0
164,36,2082788,1,0
164,37,2174351,1,0
164,38,2055409,1,0
164,39,2143482,1,0
164,40,2319343,1,0
164,41,1993949,1,0
164,42,2107390,1,0
164,43,2043139,1,0
164,44,2201469,1,0
164,45,2131830,1,0
164,46,2099383,1,0
164,47,2014601,1,0
164,48,2143694,1,0
164,49,2058511,1,0
164,50,2174122,1,0
164,51,2105709,1,0
164,52,2171462,1,0
164,53,2040860,1,0
164,54,2211902,1,0
164,55,1994536,1,0
164,56,2058482,1,0
164,57,2053630,1,0
164,58,2129721,1,0
164,59,2124672,1,0
165,0,1715443,1,0
165,1,2239059,1,0
165,2,2196881,1,0
165,3,2155667,1,0
165,4,2524723,1,0
165,5,2215963,1,0
165,6,2255548,1,0
165,7,2238515,1,0
165,8,2241513,1,0
165,9,2152063,1,0
165,10,2250882,1,0
165,11,2215404,1,0
165,12,2354738,1,0
165,13,2518360,1,0
165,14,2211233,1,0
165,15,2396067,1,0
165,16,2726159,1,0
165,17,2692366,1,0
165,18,2449315,1,0
165,19,2343512,1,0
165,20,2065244,1,0
165,21,2095694,1,0
165,22,2021323,1,0
165,23,2102067,1,0
165,24,2086920,1,0
165,25,2174604,1,0
165,26,2085219,1,0
165,27,2105535,1,0
165,28,2092089,1,0
165,29,2151115,1,0
165,30,2130327,1,0
165,31,2195464,1,0
165,32,2056071,1,0
165,33,2104338,1,0
165,34,2048025,1,0
165,35,2336206,1,0
165,36,2073911,1,0
165,37,2176304,1,0
165,38,2069576,1,0
165,39,2136119,1,0
165,40,2314083,1,0
165,41,1990926,1,0
165,42,2107851,1,0
165,43,2041385,1,0
165,44,2207736,1,0
165,45,2130023,1,0
165,46,2093820,1,0
165,47,2015526,1,0
165,48,2143847,1,0
165,49,2056053,1,0
165,50,2184354,1,0
165,51,2097328,1,0
165,52,2176035,1,0
165,53,2038045,1,0
165,54,2210326,1,0
165,55,1995786,1,0
165,56,2063892,1,0
165,57,2047128,1,0
165,58,2136264,1,0
165,59,2126517,1,0
166,0,167756,1,0
166,1,1507105,1,0
166,2,2217591,1,0
166,3,2175543,1,0
166,4,2315090,1,0
166,5,2423394,1,0
166,6,2204772,1,0
166,7,2292977,1,0
166,8,2167444,1,0
166,9,2198641,1,0
166,10,2200047,1,0
166,11,2245779,1,0
166,12,2214887,1,0
166,13,2428075,1,0
166,14,2471853,1,0
166,15,2197401,1,0
166,16,2466006,1,0
166,17,2927198,1,0
166,18,2482505,1,0
166,19,2469589,1,0
166,20,2201417,1,0
166,21,2112629,1,0
166,22,2039978,1,0
166,23,2022428,1,0
166,24,2151444,1,0
166,25,2032587,1,0
166,26,2219640,1,0
166,27,2107106,1,0
166,28,2080289,1,0
166,29,2160025,1,0
166,30,2078548,1,0
166,31,2188056,1,0
166,32,2140848,1,0
166,33,2090180,1,0
166,34,2007086,1,0
166,35,2233517,1,0
166,36,2189290,1,0
166,37,2126835,1,0
166,38,2078748,1,0
166,39,2132479,1,0
166,40,2182512,1,0
166,41,2219158,1,0
166,42,2012010,1,0
166,43,2140830,1,0
166,44,1984254,1,0
166,45,2292396,1,0
166,46,2056421,1,0
166,47,2123389,1,0
166,48,1996048,1,0
166,49,2155971,1,0
166,50,2082179,1,0
166,51,2184417,1,0
166,52,2066295,1,0
166,53,2203970,1,0
166,54,2063390,1,0
166,55,2168077,1,0
166,56,1954840,1,0
166,57,2087879,1,0
166,58,2084330,1,0
166,59,2134813,1,0
167,0,636616,1,0
167,1,1684631,1,0
167,2,2200090,1,0
167,3,2169489,1,0
167,4,2355158,1,0
167,5,2378166,1,0
167,6,2200483,1,0
167,7,2295275,1,0
167,8,2208154,1,0
167,9,2163437,1,0
167,10,2223282,1,0
167,11,2221781,1,0
167,12,2221765,1,0
167,13,2429394,1,0
167,14,2464047,1,0
167,15,2204406,1,0
167,16,2476295,1,0
167,17,2942884,1,0
167,18,2450204,1,0
167,19,2500308,1,0
167,20,2156734,1,0
167,21,2120925,1,0
167,22,2036768,1,0
167,23,2019793,1,0
167,24,2160089,1,0
167,25,2099336,1,0
167,26,2147598,1,0
167,27,2105200,1,0
167,28,2079368,1,0
167,29,2164472,1,0
167,30,2075604,1,0
167,31,2181808,1,0
167,32,2144070,1,0
167,33,2088876,1,0
167,34,2004604,1,0
167,35,2257223,1,0
167,36,2175810,1,0
167,37,2132384,1,0
167,38,2067472,1,0
167,39,2144975,1,0
167,40,2178255,1,0
167,41,2212534,1,0
167,42,2006699,1,0
167,43,2149513,1,0
167,44,1994645,1,0
167,45,2287041,1,0
167,46,2044662,1,0
167,47,2121048,1,0
167,48,2003207,1,0
167,49,2149685,1,0
167,50,2093576,1,0
167,51,2186065,1,0
167,52,2055192,1,0
167,53,2195991,1,0
167,54,2093351,1,0
167,55,2139021,1,0
167,56,1957462,1,0
167,57,2094435,1,0
167,58,2141689,1,0
167,59,2077533,1,0
168,0,704420,1,0
168,1,1776767,1,0
168,2,2205377,1,0
168,3,2158024,1,0
168,4,2403180,1,0
168,5,2329080,1,0
168,6,2202116,1,0
168,7,2293211,1,0
168,8,2219342,1,0
168,9,2157324,1,0
168,10,2222791,1,0
168,11,2230754,1,0
168,12,2213821,1,0
168,13,2439340,1,0
168,14,2448202,1,0
168,15,2208899,1,0
168,16,2484272,1,0
168,17,2928521,1,0
168,18,2465680,1,0
168,19,2508320,1,0
168,20,2134023,1,0
168,21,2120418,1,0
168,22,2037478,1,0
168,23,2018468,1,0
168,24,2165213,1,0
168,25,2098227,1,0
168,26,2141651,1,0
168,27,2107095,1,0
168,28,2079930,1,0
168,29,2172460,1,0
168,30,2069996,1,0
168,31,2170484,1,0
168,32,2148192,1,0
168,33,2091370,1,0
168,34,2000822,1,0
168,35,2265428,1,0
168,36,2181218,1,0
168,37,2138053,1,0
168,38,2056742,1,0
168,39,2138950,1,0
168,40,2180351,1,0
168,41,2213906,1,0
168,42,1999799,1,0
168,43,2156474,1,0
168,44,2003822,1,0
168,45,2282131,1,0
168,46,2037536,1,0
168,47,2117538,1,0
168,48,2015164,1,0
168,49,2140709,1,0
168,50,2096000,1,0
168,51,2190382,1,0
168,52,2072122,1,0
168,53,2172900,1,0
168,54,2147348,1,0
168,55,2080222,1,0
168,56,2031484,1,0
168,57,2027208,1,0
168,58,2140194,1,0
168,59,2081216,1,0
169,0,1762427,1,0
169,1,2233664,1,0
169,2,2196764,1,0
169,3,2159984,1,0
169,4,2525012,1,0
169,5,2212762,1,0
169,6,2261790,1,0
169,7,2236094,1,0
169,8,2231539,1,0
169,9,2155507,1,0
169,10,2249629,1,0
169,11,2217433,1,0
169,12,2363667,1,0
169,13,2512561,1,0
169,14,2208248,1,0
169,15,2404861,1,0
169,16,2740998,1,0
169,17,2678375,1,0
169,18,2446849,1,0
169,19,2335449,1,0
169,20,2065105,1,0
169,21,2096268,1,0
169,22,2018090,1,0
169,23,2103554,1,0
169,24,2084525,1,0
169,25,2176272,1,0
169,26,2087964,1,0
169,27,2105574,1,0
169,28,2091809,1,0
169,29,2151297,1,0
169,30,2127322,1,0
169,31,2200954,1,0
169,32,2051609,1,0
169,33,2103839,1,0
169,34,2061066,1,0
169,35,2329847,1,0
169,36,2068552,1,0
169,37,2175739,1,0
169,38,2071668,1,0
169,39,2147030,1,0
169,40,2300636,1,0
169,41,1990201,1,0
169,42,2109084,1,0
169,43,2041190,1,0
169,44,2211998,1,0
169,45,2125460,1,0
169,46,2094794,1,0
169,47,2011915,1,0
169,48,2148267,1,0
169,49,2052497,1,0
169,50,2192829,1,0
169,51,2091868,1,0
169,52,2175472,1,0
169,53,2040104,1,0
169,54,2207976,1,0
169,55,1995378,1,0
169,56,2066766,1,0
169,57,2049544,1,0
169,58,2142820,1,0
169,59,2115744,1,0
170,0,1747535,1,0
170,1,2236346,1,0
170,2,2198401,1,0
170,3,2157383,1,0
170,4,2527975,1,0
170,5,2211613,1,0
170,6,2262120,1,0
170,7,2237517,1,0
170,8,2234027,1,0
170,9,2153501,1,0
170,10,2249418,1,0
170,11,2216141,1,0
170,12,2361310,1,0
170,13,2515160,1,0
170,14,2210309,1,0
170,15,2401862,1,0
170,16,2738069,1,0
170,17,2680383,1,0
170,18,2447934,1,0
170,19,2336804,1,0
170,20,2066782,1,0
170,21,2093844,1,0
170,22,2020426,1,0
170,23,2103044,1,0
170,24,2085896,1,0
170,25,2174421,1,0
170,26,2086569,1,0
170,27,2106154,1,0
170,28,2090826,1,0
170,29,2153617,1,0
170,30,2126246,1,0
170,31,2199029,1,0
170,32,2052959,1,0
170,33,2104688,1,0
170,34,2058915,1,0
170,35,2330761,1,0
170,36,2070394,1,0
170,37,2175845,1,0
170,38,2071360,1,0
170,39,2144495,1,0
170,40,2302494,1,0
170,41,1991805,1,0
170,42,2108716,1,0
170,43,2038775,1,0
170,44,2213155,1,0
170,45,2127104,1,0
170,46,2092850,1,0
170,47,2013628,1,0
170,48,2145473,1,0
170,49,2055773,1,0
170,50,2189031,1,0
170,51,2093884,1,0
170,52,2176242,1,0
170,53,2038452,1,0
170,54,2208138,1,0
170,55,1997061,1,0
170,56,2065701,1,0
170,57,2047834,1,0
170,58,2141302,1,0
170,59,2119316,1,0
171,0,187185,1,0
171,1,2189123,1,0
171,2,2189042,1,0
171,3,2142911,1,0
171,4,2453334,1,0
171,5,2293648,1,0
171,6,2199831,1,0
171,7,2301904,1,0
171,8,2226399,1,0
171,9,2139575,1,0
171,10,2248837,1,0
171,11,2237237,1,0
171,12,2232723,1,0
171,13,2436175,1,0
171,14,2404443,1,0
171,15,2310427,1,0
171,16,2495728,1,0
171,17,2850730,1,0
171,18,2509833,1,0
171,19,2449577,1,0
171,20,2093536,1,0
171,21,2097924,1,0
171,22,2071943,1,0
171,23,2066901,1,0
171,24,2118701,1,0
171,25,2084888,1,0
171,26,2129340,1,0
171,27,2129269,1,0
171,28,2068460,1,0
171,29,2152216,1,0
171,30,2092652,1,0
171,31,2173866,1,0
171,32,2135796,1,0
171,33,2088133,1,0
171,34,2033793,1,0
171,35,2263199,1,0
171,36,2155079,1,0
171,37,2136625,1,0
171,38,2064574,1,0
171,39,2152516,1,0
171,40,2182204,1,0
171,41,2191532,1,0
171,42,1996139,1,0
171,43,2146549,1,0
171,44,2022660,1,0
171,45,2277218,1,0
171,46,2044090,1,0
171,47,2104139,1,0
171,48,2120779,1,0
171,49,2070409,1,0
171,50,2141433,1,0
171,51,2132803,1,0
171,52,2139689,1,0
171,53,2077803,1,0
171,54,2188823,1,0
171,55,2028139,1,0
171,56,2051553,1,0
171,57,2041358,1,0
171,58,2126460,1,0
171,59,2093581,1,0
172,0,612479,1,0
172,1,2247310,1,0
172,2,2191870,1,0
172,3,2141624,1,0
172,4,2464000,1,0
172,5,2283224,1,0
172,6,2203383,1,0
172,7,2302670,1,0
172,8,2241170,1,0
172,9,2115803,1,0
172,10,2259438,1,0
172,11,2233484,1,0
172,12,2244613,1,0
172,13,2432232,1,0
172,14,2390703,1,0
172,15,2342572,1,0
172,16,2474228,1,0
172,17,2856383,1,0
172,18,2516454,1,0
172,19,2432384,1,0
172,20,2088264,1,0
172,21,2098280,1,0
172,22,2071887,1,0
172,23,2063152,1,0
172,24,2124339,1,0
172,25,2079215,1,0
172,26,2133503,1,0
172,27,2134188,1,0
172,28,2064606,1,0
172,29,2150800,1,0
172,30,2116003,1,0
172,31,2153552,1,0
172,32,2134971,1,0
172,33,2086871,1,0
172,34,2035857,1,0
172,35,2280893,1,0
172,36,2137880,1,0
172,37,2136542,1,0
172,38,2056982,1,0
172,39,2166018,1,0
172,40,2177301,1,0
172,41,2194876,1,0
172,42,1987031,1,0
172,43,2146120,1,0
172,44,2025136,1,0
172,45,2278660,1,0
172,46,2071019,1,0
172,47,2074867,1,0
172,48,2122951,1,0
172,49,2072150,1,0
172,50,2141161,1,0
172,51,2136674,1,0
172,52,2133883,1,0
172,53,2073384,1,0
172,54,2197363,1,0
172,55,2018954,1,0
172,56,2055025,1,0
172,57,2044888,1,0
172,58,2134200,1,0
172,59,2085420,1,0
173,0,1808740,1,0
173,1,2229790,1,0
173,2,2195921,1,0
173,3,2171506,1,0
173,4,2518675,1,0
173,5,2209854,1,0
173,6,2265871,1,0
173,7,2236311,1,0
173,8,2221586,1,0
173,9,2157916,1,0
173,10,2249498,1,0
173,11,2220606,1,0
173,12,2369919,1,0
173,13,2506615,1,0
173,14,2205295,1,0
173,15,2415046,1,0
173,16,2745267,1,0
173,17,2676422,1,0
173,18,2441811,1,0
173,19,2332942,1,0
173,20,2060705,1,0
173,21,2091025,1,0
173,22,2023586,1,0
173,23,2103384,1,0
173,24,2084482,1,0
173,25,2172136,1,0
173,26,2091259,1,0
173,27,2108161,1,0
173,28,2095079,1,0
173,29,2149230,1,0
173,30,2127934,1,0
173,31,2199479,1,0
173,32,2049218,1,0
173,33,2100143,1,0
173,34,2080084,1,0
173,35,2315333,1,0
173,36,2078351,1,0
173,37,2161826,1,0
173,38,2080681,1,0
173,39,2152180,1,0
173,40,2286882,1,0
173,41,1990057,1,0
173,42,2112657,1,0
173,43,2038932,1,0
173,44,2213437,1,0
173,45,2127320,1,0
173,46,2091529,1,0
173,47,2009507,1,0
173,48,2152240,1,0
173,49,2050742,1,0
173,50,2201407,1,0
173,51,2082870,1,0
173,52,2181967,1,0
173,53,2037967,1,0
173,54,2211746,1,0
173,55,1990013,1,0
173,56,2071012,1,0
173,57,2040831,1,0
173,58,2159532,1,0
173,59,2103729,1,0
174,0,1774202,1,0
174,1,2233531,1,0
174,2,2195095,1,0
174,3,2162053,1,0
174,4,2526009,1,0
174,5,2210931,1,0
174,6,2263363,1,0
174,7,2237776,1,0
174,8,2228407,1,0
174,9,2155761,1,0
174,10,2248590,1,0
174,11,2219799,1,0
174,12,2363036,1,0
174,13,2511569,1,0
174,14,2208623,1,0
174,15,2407581,1,0
174,16,2741873,1,0
174,17,2676031,1,0
174,18,2446970,1,0
174,19,2331833,1,0
174,20,2067228,1,0
174,21,2093762,1,0
174,22,2019506,1,0
174,23,2104208,1,0
174,24,2084029,1,0
174,25,2175664,1,0
174,26,2089372,1,0
174,27,2105956,1,0
174,28,2093153,1,0
174,29,2150370,1,0
174,30,2125474,1,0
174,31,2202280,1,0
174,32,2051281,1,0
174,33,2102778,1,0
174,34,2074290,1,0
174,35,2317227,1,0
174,36,2068970,1,0
174,37,2174301,1,0
174,38,2072477,1,0
174,39,2149325,1,0
174,40,2298798,1,0
174,41,1989874,1,0
174,42,2107952,1,0
174,43,2041256,1,0
174,44,2212326,1,0
174,45,2128564,1,0
174,46,2091368,1,0
174,47,2011837,1,0
174,48,2148843,1,0
174,49,2052676,1,0
174,50,2195246,1,0
174,51,2090657,1,0
174,52,2175734,1,0
174,53,2039919,1,0
174,54,2209938,1,0
174,55,1992661,1,0
174,56,2068408,1,0
174,57,2046980,1,0
174,58,2150080,1,0
174,59,2109395,1,0
175,0,1833360,1,0
175,1,2226023,1,0
175,2,2194459,1,0
175,3,2183167,1,0
175,4,2512798,1,0
175,5,2206622,1,0
175,6,2267062,1,0
175,7,2235614,1,0
175,8,2216861,1,0
175,9,2159915,1,0
175,10,2248117,1,0
175,11,2223598,1,0
175,12,2372255,1,0
175,13,2505355,1,0
175,14,2205373,1,0
175,15,2416554,1,0
175,16,2756900,1,0
175,17,2663692,1,0
175,18,2442190,1,0
175,19,2332533,1,0
175,20,2056681,1,0
175,21,2092017,1,0
175,22,2021797,1,0
175,23,2105439,1,0
175,24,2083422,1,0
175,25,2173088,1,0
175,26,2094200,1,0
175,27,2105915,1,0
175,28,2096517,1,0
175,29,2148892,1,0
175,30,2126871,1,0
175,31,2200717,1,0
175,32,2047582,1,0
175,33,2102129,1,0
175,34,2096765,1,0
175,35,2295442,1,0
175,36,2082852,1,0
175,37,2158207,1,0
175,38,2082215,1,0
175,39,2165986,1,0
175,40,2273174,1,0
175,41,1987735,1,0
175,42,2114306,1,0
175,43,2039316,1,0
175,44,2212877,1,0
175,45,2127344,1,0
175,46,2089559,1,0
175,47,2009120,1,0
175,48,2154804,1,0
175,49,2051713,1,0
175,50,2200152,1,0
175,51,2081806,1,0
175,52,2184225,1,0
175,53,2036434,1,0
175,54,2211845,1,0
175,55,1991280,1,0
175,56,2069723,1,0
175,57,2039496,1,0
175,58,2165351,1,0
175,59,2098257,1,0
176,0,1885251,1,0
176,1,2221507,1,0
176,2,2191173,1,0
176,3,2185762,1,0
176,4,2511860,1,0
176,5,2203065,1,0
176,6,2271115,1,0
176,7,2239174,1,0
176,8,2207729,1,0
176,9,2158511,1,0
176,10,2248256,1,0
176,11,2224768,1,0
176,12,2382260,1,0
176,13,2498735,1,0
176,14,2204540,1,0
176,15,2426596,1,0
176,16,2762877,1,0
176,17,2650913,1,0
176,18,2441283,1,0
176,19,2326442,1,0
176,20,2052431,1,0
176,21,2098670,1,0
176,22,2020021,1,0
176,23,2102721,1,0
176,24,2082120,1,0
176,25,2178822,1,0
176,26,2092005,1,0
176,27,2108426,1,0
176,28,2093055,1,0
176,29,2151969,1,0
176,30,2124507,1,0
176,31,2204133,1,0
176,32,2076073,1,0
176,33,2067352,1,0
176,34,2105393,1,0
176,35,2288737,1,0
176,36,2089848,1,0
176,37,2150630,1,0
176,38,2085477,1,0
176,39,2170112,1,0
176,40,2266174,1,0
176,41,1988908,1,0
176,42,2115232,1,0
176,43,2038363,1,0
176,44,2216212,1,0
176,45,2126027,1,0
176,46,2089167,1,0
176,47,2005304,1,0
176,48,2154762,1,0
176,49,2056759,1,0
176,50,2201021,1,0
176,51,2079136,1,0
176,52,2184310,1,0
176,53,2033832,1,0
176,54,2218948,1,0
176,55,1983636,1,0
176,56,2073592,1,0
176,57,2040980,1,0
176,58,2164826,1,0
176,59,2095351,1,0
177,0,2295685,1,0
177,1,2226709,1,0
177,2,2176952,1,0
177,3,2264695,1,0
177,4,2463202,1,0
177,5,2183517,1,0
177,6,2306720,1,0
177,7,2186776,1,0
177,8,2189568,1,0
177,9,2187297,1,0
177,10,2250764,1,0
177,11,2227999,1,0
177,12,2396237,1,0
177,13,2491793,1,0
177,14,2187203,1,0
177,15,2474968,1,0
177,16,2844053,1,0
177,17,2572890,1,0
177,18,2449741,1,0
177,19,2237695,1,0
177,20,2104672,1,0
177,21,2043087,1,0
177,22,2023926,1,0
177,23,2158856,1,0
177,24,2026943,1,0
177,25,2210270,1,0
177,26,2050594,1,0
177,27,2142519,1,0
177,28,2158605,1,0
177,29,2071529,1,0
177,30,2204327,1,0
177,31,2124057,1,0
177,32,2098195,1,0
177,33,2025545,1,0
177,34,2194875,1,0
177,35,2220469,1,0
177,36,2126421,1,0
177,37,2083767,1,0
177,38,2116688,1,0
177,39,2178065,1,0
177,40,2232707,1,0
177,41,2004688,1,0
177,42,2128699,1,0
177,43,2009383,1,0
177,44,2266245,1,0
177,45,2079691,1,0
177,46,2110050,1,0
177,47,2003413,1,0
177,48,2160585,1,0
177,49,2064957,1,0
177,50,2192236,1,0
177,51,2068525,1,0
177,52,2200207,1,0
177,53,2069065,1,0
177,54,2180275,1,0
177,55,1961297,1,0
177,56,2076715,1,0
177,57,2065695,1,0
177,58,2148807,1,0
177,59,2134719,1,0
178,0,1821537,1,0
178,1,2226912,1,0
178,2,2195230,1,0
178,3,2178898,1,0
178,4,2514261,1,0
178,5,2209630,1,0
178,6,2264770,1,0
178,7,2236343,1,0
178,8,2218968,1,0
178,9,2159854,1,0
178,10,2248087,1,0
178,11,2222585,1,0
178,12,2371519,1,0
178,13,2505863,1,0
178,14,2204805,1,0
178,15,2416316,1,0
178,16,2754406,1,0
178,17,2666238,1,0
178,18,2441698,1,0
178,19,2333652,1,0
178,20,2057796,1,0
178,21,2092954,1,0
178,22,2021342,1,0
178,23,2103873,1,0
178,24,2084280,1,0
178,25,2173930,1,0
178,26,2090166,1,0
178,27,2108055,1,0
178,28,2096367,1,0
178,29,2149131,1,0
178,30,2127931,1,0
178,31,2200316,1,0
178,32,2047406,1,0
178,33,2101694,1,0
178,34,2080939,1,0
178,35,2312621,1,0
178,36,2078583,1,0
178,37,2163246,1,0
178,38,2079979,1,0
178,39,2155143,1,0
178,40,2283774,1,0
178,41,1988543,1,0
178,42,2113529,1,0
178,43,2039897,1,0
178,44,2213932,1,0
178,45,2126649,1,0
178,46,2090112,1,0
178,47,2009270,1,0
178,48,2154406,1,0
178,49,2049911,1,0
178,50,2201554,1,0
178,51,2081814,1,0
178,52,2184912,1,0
178,53,2035640,1,0
178,54,2211177,1,0
178,55,1990777,1,0
178,56,2070865,1,0
178,57,2040793,1,0
178,58,2162265,1,0
178,59,2101076,1,0
179,0,1846985,1,0
179,1,2224530,1,0
179,2,2192958,1,0
179,3,2184863,1,0
179,4,2513541,1,0
179,5,2204193,1,0
179,6,2267755,1,0
179,7,2235879,1,0
179,8,2215175,1,0
179,9,2160358,1,0
179,10,2248035,1,0
179,11,2223874,1,0
179,12,2374677,1,0
179,13,2504118,1,0
179,14,2203387,1,0
179,15,2418669,1,0
179,16,2759886,1,0
179,17,2660542,1,0
179,18,2442732,1,0
179,19,2329332,1,0
179,20,2056376,1,0
179,21,2094349,1,0
179,22,2019150,1,0
179,23,2106683,1,0
179,24,2082309,1,0
179,25,2175894,1,0
179,26,2093774,1,0
179,27,2106397,1,0
179,28,2095320,1,0
179,29,2149597,1,0
179,30,2125695,1,0
179,31,2201621,1,0
179,32,2056334,1,0
179,33,2091839,1,0
179,34,2101887,1,0
179,35,2291787,1,0
179,36,2090864,1,0
179,37,2149494,1,0
179,38,2082865,1,0
179,39,2167696,1,0
179,40,2270434,1,0
179,41,1987660,1,0
179,42,2115529,1,0
179,43,2039251,1,0
179,44,2213436,1,0
179,45,2126734,1,0
179,46,2089964,1,0
179,47,2006581,1,0
179,48,2156140,1,0
179,49,2053116,1,0
179,50,2201853,1,0
179,51,2079037,1,0
179,52,2183914,1,0
179,53,2035958,1,0
179,54,2212475,1,0
179,55,1990868,1,0
179,56,2071399,1,0
179,57,2043039,1,0
179,58,2162104,1,0
179,59,2098118,1,0
180,0,1898197,1,0
180,1,2220927,1,0
180,2,2189413,1,0
180,3,2186283,1,0
180,4,2512573,1,0
180,5,2203292,1,0
180,6,2271676,1,0
180,7,2238099,1,0
180,8,2206640,1,0
180,9,2158303,1,0
180,10,2248811,1,0
180,11,2224536,1,0
180,12,2384835,1,0
180,13,2496568,1,0
180,14,2205553,1,0
180,15,2428684,1,0
180,16,2766905,1,0
180,17,2645935,1,0
180,18,2441273,1,0
180,19,2323085,1,0
180,20,2054862,1,0
180,21,2095964,1,0
180,22,2021149,1,0
180,23,2104101,1,0
180,24,2079989,1,0
180,25,2178511,1,0
180,26,2092077,1,0
180,27,2108579,1,0
180,28,2094235,1,0
180,29,2152688,1,0
180,30,2123142,1,0
180,31,2205414,1,0
180,32,2076091,1,0
180,33,2066318,1,0
180,34,2117576,1,0
180,35,2276049,1,0
180,36,2136975,1,0
180,37,2103259,1,0
180,38,2087299,1,0
180,39,2171275,1,0
180,40,2263689,1,0
180,41,1987806,1,0
180,42,2117397,1,0
180,43,2036351,1,0
180,44,2218710,1,0
180,45,2124716,1,0
180,46,2090603,1,0
180,47,2004942,1,0
180,48,2154323,1,0
180,49,2059268,1,0
180,50,2200303,1,0
180,51,2077112,1,0
180,52,2185711,1,0
180,53,2031300,1,0
180,54,2220132,1,0
180,55,1985041,1,0
180,56,2071324,1,0
180,57,2042417,1,0
180,58,2164773,1,0
180,59,2094139,1,0
181,0,2014234,1,0
181,1,2222098,1,0
181,2,2177184,1,0
181,3,2199100,1,0
181,4,2506704,1,0
181,5,2207021,1,0
181,6,2281895,1,0
181,7,2230354,1,0
181,8,2185986,1,0
181,9,2170343,1,0
181,10,2247997,1,0
181,11,2220064,1,0
181,12,2395071,1,0
181,13,2491940,1,0
181,14,2201642,1,0
181,15,2457700,1,0
181,16,2774769,1,0
181,17,2628799,1,0
181,18,2441922,1,0
181,19,2296642,1,0
181,20,2073844,1,0
181,21,2077274,1,0
181,22,2020905,1,0
181,23,2113227,1,0
181,24,2072097,1,0
181,25,2184808,1,0
181,26,2081772,1,0
181,27,2112055,1,0
181,28,2101133,1,0
181,29,2144396,1,0
181,30,2216943,1,0
181,31,2112824,1,0
181,32,2108576,1,0
181,33,2030581,1,0
181,34,2145250,1,0
181,35,2256251,1,0
181,36,2130344,1,0
181,37,2108103,1,0
181,38,2089432,1,0
181,39,2174846,1,0
181,40,2252526,1,0
181,41,1984348,1,0
181,42,2133339,1,0
181,43,2025867,1,0
181,44,2226060,1,0
181,45,2116879,1,0
181,46,2093375,1,0
181,47,2011584,1,0
181,48,2147648,1,0
181,49,2059133,1,0
181,50,2204474,1,0
181,51,2071888,1,0
181,52,2193920,1,0
181,53,2029647,1,0
181,54,2226762,1,0
181,55,1971202,1,0
181,56,2075181,1,0
181,57,2040834,1,0
181,58,2164242,1,0
181,59,2097380,1,0
182,0,101092,1,0
182,1,1405019,1,0
182,2,2218739,1,0
182,3,2183725,1,0
182,4,2277455,1,0
182,5,2458299,1,0
182,6,2188249,1,0
182,7,2300607,1,0
182,8,2170882,1,0
182,9,2196663,1,0
182,10,2212047,1,0
182,11,2237824,1,0
182,12,2218286,1,0
182,13,2412780,1,0
182,14,2474600,1,0
182,15,2203187,1,0
182,16,2462377,1,0
182,17,2883103,1,0
182,18,2535115,1,0
182,19,2453448,1,0
182,20,2227987,1,0
182,21,2106115,1,0
182,22,2041106,1,0
182,23,2022502,1,0
182,24,2153695,1,0
182,25,2033684,1,0
182,26,2212264,1,0
182,27,2102289,1,0
182,28,2086547,1,0
182,29,2160506,1,0
182,30,2070191,1,0
182,31,2201292,1,0
182,32,2132728,1,0
182,33,2095848,1,0
182,34,2013542,1,0
182,35,2204421,1,0
182,36,2215674,1,0
182,37,2126516,1,0
182,38,2080177,1,0
182,39,2126188,1,0
182,40,2181404,1,0
182,41,2227142,1,0
182,42,2007955,1,0
182,43,2132576,1,0
182,44,1992187,1,0
182,45,2290758,1,0
182,46,2061776,1,0
182,47,2119148,1,0
182,48,1992336,1,0
182,49,2166311,1,0
182,50,2066501,1,0
182,51,2190104,1,0
182,52,2064604,1,0
182,53,2212572,1,0
182,54,2059602,1,0
182,55,2176640,1,0
182,56,1953347,1,0
182,57,2084727,1,0
182,58,2069024,1,0
182,59,2147179,1,0
183,0,2351298,1,0
183,1,2223739,1,0
183,2,2181596,1,0
183,3,2265834,1,0
183,4,2461456,1,0
183,5,2181950,1,0
183,6,2309911,1,0
183,7,2175423,1,0
183,8,2192286,1,0
183,9,2188681,1,0
183,10,2258290,1,0
183,11,2224659,1,0
183,12,2399505,1,0
183,13,2486902,1,0
183,14,2198268,1,0
183,15,2466349,1,0
183,16,2858402,1,0
183,17,2558688,1,0
183,18,2448698,1,0
183,19,2238341,1,0
183,20,2100776,1,0
183,21,2043031,1,0
183,22,2025278,1,0
183,23,2151564,1,0
183,24,2035355,1,0
183,25,2207977,1,0
183,26,2056432,1,0
183,27,2136229,1,0
183,28,2160303,1,0
183,29,2069635,1,0
183,30,2200246,1,0
183,31,2130736,1,0
183,32,2094285,1,0
183,33,2022645,1,0
183,34,2197232,1,0
183,35,2220710,1,0
183,36,2126539,1,0
183,37,2081340,1,0
183,38,2121151,1,0
183,39,2182721,1,0
183,40,2229877,1,0
183,41,2004660,1,0
183,42,2129331,1,0
183,43,2000527,1,0
183,44,2282022,1,0
183,45,2068404,1,0
183,46,2112673,1,0
183,47,1999260,1,0
183,48,2164757,1,0
183,49,2062825,1,0
183,50,2193194,1,0
183,51,2067393,1,0
183,52,2208404,1,0
183,53,2061016,1,0
183,54,2181264,1,0
183,55,1953976,1,0
183,56,2079947,1,0
183,57,2072061,1,0
183,58,2147645,1,0
183,59,2165238,1,0
184,0,242097,1,0
184,1,1718474,1,0
184,2,2203131,1,0
184,3,2166050,1,0
184,4,2371805,1,0
184,5,2360197,1,0
184,6,2202420,1,0
184,7,2292660,1,0
184,8,2213690,1,0
184,9,2156569,1,0
184,10,2226972,1,0
184,11,2223916,1,0
184,12,2218809,1,0
184,13,2434044,1,0
184,14,2457630,1,0
184,15,2205267,1,0
184,16,2481046,1,0
184,17,2936249,1,0
184,18,2459058,1,0
184,19,2498723,1,0
184,20,2149182,1,0
184,21,2124118,1,0
184,22,2034692,1,0
184,23,2019155,1,0
184,24,2160993,1,0
184,25,2103617,1,0
184,26,2142346,1,0
184,27,2108635,1,0
184,28,2076047,1,0
184,29,2167498,1,0
184,30,2073065,1,0
184,31,2176783,1,0
184,32,2147347,1,0
184,33,2089155,1,0
184,34,2002457,1,0
184,35,2263133,1,0
184,36,2176293,1,0
184,37,2134358,1,0
184,38,2064064,1,0
184,39,2143492,1,0
184,40,2177938,1,0
184,41,2211924,1,0
184,42,2003610,1,0
184,43,2154043,1,0
184,44,1993884,1,0
184,45,2289262,1,0
184,46,2043249,1,0
184,47,2118142,1,0
184,48,2006972,1,0
184,49,2145519,1,0
184,50,2096723,1,0
184,51,2187682,1,0
184,52,2052688,1,0
184,53,2193899,1,0
184,54,2111424,1,0
184,55,2121316,1,0
184,56,1986070,1,0
184,57,2067128,1,0
184,58,2141297,1,0
184,59,2080128,1,0
185,0,645087,1,0
185,1,1973336,1,0
185,2,2183189,1,0
185,3,2158697,1,0
185,4,2419317,1,0
185,5,2318402,1,0
185,6,2190359,1,0
185,7,2308998,1,0
185,8,2211266,1,0
185,9,2153435,1,0
185,10,2229274,1,0
185,11,2247426,1,0
185,12,2189655,1,0
185,13,2475815,1,0
185,14,2418762,1,0
185,15,2229851,1,0
185,16,2504970,1,0
185,17,2881280,1,0
185,18,2488253,1,0
185,19,2520464,1,0
185,20,2097996,1,0
185,21,2106669,1,0
185,22,2053275,1,0
185,23,2078279,1,0
185,24,2114112,1,0
185,25,2072795,1,0
185,26,2140007,1,0
185,27,2120465,1,0
185,28,2069905,1,0
185,29,2177723,1,0
185,30,2071431,1,0
185,31,2159196,1,0
185,32,2153021,1,0
185,33,2096356,1,0
185,34,2007212,1,0
185,35,2265168,1,0
185,36,2170626,1,0
185,37,2140596,1,0
185,38,2062623,1,0
185,39,2137177,1,0
185,40,2183315,1,0
185,41,2217272,1,0
185,42,1997134,1,0
185,43,2140070,1,0
185,44,2015379,1,0
185,45,2281398,1,0
185,46,2036351,1,0
185,47,2116578,1,0
185,48,2031824,1,0
185,49,2155889,1,0
185,50,2136662,1,0
185,51,2119834,1,0
185,52,2119275,1,0
185,53,2117631,1,0
185,54,2181583,1,0
185,55,2042455,1,0
185,56,2036377,1,0
185,57,2035227,1,0
185,58,2136605,1,0
185,59,2094611,1,0
186,0,604134,1,0
186,1,2048633,1,0
186,2,2183112,1,0
186,3,2155043,1,0
186,4,2441222,1,0
186,5,2303815,1,0
186,6,2194549,1,0
186,7,2299965,1,0
186,8,2215863,1,0
186,9,2149286,1,0
186,10,2239193,1,0
186,11,2248199,1,0
186,12,2191718,1,0
186,13,2475093,1,0
186,14,2413435,1,0
186,15,2258319,1,0
186,16,2500691,1,0
186,17,2857824,1,0
186,18,2496473,1,0
186,19,2506049,1,0
186,20,2096339,1,0
186,21,2102466,1,0
186,22,2061052,1,0
186,23,2073140,1,0
186,24,2115169,1,0
186,25,2075877,1,0
186,26,2132431,1,0
186,27,2125481,1,0
186,28,2073137,1,0
186,29,2168924,1,0
186,30,2068463,1,0
186,31,2188487,1,0
186,32,2134765,1,0
186,33,2095007,1,0
186,34,2012525,1,0
186,35,2255703,1,0
186,36,2173837,1,0
186,37,2138930,1,0
186,38,2064628,1,0
186,39,2140387,1,0
186,40,2182404,1,0
186,41,2211525,1,0
186,42,1994826,1,0
186,43,2141547,1,0
186,44,2016130,1,0
186,45,2280853,1,0
186,46,2034418,1,0
186,47,2121529,1,0
186,48,2075554,1,0
186,49,2110580,1,0
186,50,2141535,1,0
186,51,2118307,1,0
186,52,2152200,1,0
186,53,2080075,1,0
186,54,2184057,1,0
186,55,2035935,1,0
186,56,2044530,1,0
186,57,2034179,1,0
186,58,2130313,1,0
186,59,2098974,1,0
187,0,748770,1,0
187,1,1870792,1,0
187,2,2189705,1,0
187,3,2155492,1,0
187,4,2415022,1,0
187,5,2326691,1,0
187,6,2195622,1,0
187,7,2299119,1,0
187,8,2221971,1,0
187,9,2143426,1,0
187,10,2229619,1,0
187,11,2242278,1,0
187,12,2199392,1,0
187,13,2457113,1,0
187,14,2431983,1,0
187,15,2216917,1,0
187,16,2488709,1,0
187,17,2913517,1,0
187,18,2474211,1,0
187,19,2522989,1,0
187,20,2111529,1,0
187,21,2111939,1,0
187,22,2045404,1,0
187,23,2039601,1,0
187,24,2151117,1,0
187,25,2084929,1,0
187,26,2142131,1,0
187,27,2112138,1,0
187,28,2073319,1,0
187,29,2176781,1,0
187,30,2069469,1,0
187,31,2164173,1,0
187,32,2152924,1,0
187,33,2088856,1,0
187,34,2004022,1,0
187,35,2273542,1,0
187,36,2169733,1,0
187,37,2139784,1,0
187,38,2062968,1,0
187,39,2132545,1,0
187,40,2184729,1,0
187,41,2219520,1,0
187,42,1994180,1,0
187,43,2148643,1,0
187,44,2013009,1,0
187,45,2279263,1,0
187,46,2036234,1,0
187,47,2114394,1,0
187,48,2025600,1,0
187,49,2142227,1,0
187,50,2101159,1,0
187,51,2176986,1,0
187,52,2095193,1,0
187,53,2141646,1,0
187,54,2173321,1,0
187,55,2055520,1,0
187,56,2035086,1,0
187,57,2030645,1,0
187,58,2137524,1,0
187,59,2084205,1,0
188,0,373534,1,0
188,1,1484643,1,0
188,2,2217920,1,0
188,3,2175243,1,0
188,4,2302595,1,0
188,5,2438889,1,0
188,6,2201759,1,0
188,7,2294428,1,0
188,8,2166759,1,0
188,9,2192319,1,0
188,10,2209131,1,0
188,11,2245754,1,0
188,12,2213554,1,0
188,13,2423981,1,0
188,14,2472937,1,0
188,15,2198917,1,0
188,16,2464681,1,0
188,17,2912777,1,0
188,18,2498714,1,0
188,19,2467714,1,0
188,20,2204238,1,0
188,21,2114265,1,0
188,22,2037757,1,0
188,23,2024425,1,0
188,24,2150755,1,0
188,25,2031924,1,0
188,26,2219891,1,0
188,27,2109552,1,0
188,28,2078444,1,0
188,29,2158013,1,0
188,30,2078972,1,0
188,31,2183711,1,0
188,32,2144405,1,0
188,33,2093151,1,0
188,34,2005449,1,0
188,35,2225345,1,0
188,36,2197894,1,0
188,37,2127478,1,0
188,38,2077643,1,0
188,39,2131350,1,0
188,40,2181937,1,0
188,41,2219773,1,0
188,42,2012217,1,0
188,43,2139765,1,0
188,44,1987416,1,0
188,45,2291196,1,0
188,46,2057587,1,0
188,47,2123772,1,0
188,48,1996365,1,0
188,49,2155238,1,0
188,50,2080808,1,0
188,51,2184391,1,0
188,52,2068527,1,0
188,53,2203929,1,0
188,54,2062946,1,0
188,55,2168275,1,0
188,56,1955322,1,0
188,57,2086085,1,0
188,58,2069671,1,0
188,59,2148376,1,0
189,0,463150,1,0
189,1,1673718,1,0
189,2,2197856,1,0
189,3,2172153,1,0
189,4,2352221,1,0
189,5,2379348,1,0
189,6,2201900,1,0
189,7,2296952,1,0
189,8,2204921,1,0
189,9,2165290,1,0
189,10,2213082,1,0
189,11,2230461,1,0
189,12,2222947,1,0
189,13,2428524,1,0
189,14,2463612,1,0
189,15,2205080,1,0
189,16,2474235,1,0
189,17,2943244,1,0
189,18,2451435,1,0
189,19,2499457,1,0
189,20,2159258,1,0
189,21,2121052,1,0
189,22,2037602,1,0
189,23,2019365,1,0
189,24,2159404,1,0
189,25,2053467,1,0
189,26,2194751,1,0
189,27,2103682,1,0
189,28,2077768,1,0
189,29,2167461,1,0
189,30,2076357,1,0
189,31,2181407,1,0
189,32,2144600,1,0
189,33,2086884,1,0
189,34,2005287,1,0
189,35,2256842,1,0
189,36,2176293,1,0
189,37,2131723,1,0
189,38,2069077,1,0
189,39,2143347,1,0
189,40,2179271,1,0
189,41,2211139,1,0
189,42,2007578,1,0
189,43,2149602,1,0
189,44,1992488,1,0
189,45,2287948,1,0
189,46,2045021,1,0
189,47,2122275,1,0
189,48,2001128,1,0
189,49,2151194,1,0
189,50,2093190,1,0
189,51,2186339,1,0
189,52,2056575,1,0
189,53,2195374,1,0
189,54,2081174,1,0
189,55,2151724,1,0
189,56,1954949,1,0
189,57,2094332,1,0
189,58,2142620,1,0
189,59,2078377,1,0
190,0,1980620,1,0
190,1,2223143,1,0
190,2,2179244,1,0
190,3,2189723,1,0
190,4,2512168,1,0
190,5,2205969,1,0
190,6,2280418,1,0
190,7,2231802,1,0
190,8,2192531,1,0
190,9,2169701,1,0
190,10,2245401,1,0
190,11,2219193,1,0
190,12,2393298,1,0
190,13,2497571,1,0
190,14,2199295,1,0
190,15,2450280,1,0
190,16,2772762,1,0
190,17,2632475,1,0
190,18,2439097,1,0
190,19,2307099,1,0
190,20,2064350,1,0
190,21,2086992,1,0
190,22,2021517,1,0
190,23,2104745,1,0
190,24,2081187,1,0
190,25,2183447,1,0
190,26,2082462,1,0
190,27,2113520,1,0
190,28,2096135,1,0
190,29,2144812,1,0
190,30,2220279,1,0
190,31,2111807,1,0
190,32,2109091,1,0
190,33,2032072,1,0
190,34,2131115,1,0
190,35,2268683,1,0
190,36,2131174,1,0
190,37,2109383,1,0
190,38,2085139,1,0
190,39,2175285,1,0
190,40,2257184,1,0
190,41,1984552,1,0
190,42,2126674,1,0
190,43,2031212,1,0
190,44,2220623,1,0
190,45,2122853,1,0
190,46,2092301,1,0
190,47,2006296,1,0
190,48,2149691,1,0
190,49,2057989,1,0
190,50,2205382,1,0
190,51,2072117,1,0
190,52,2195419,1,0
190,53,2022292,1,0
190,54,2230061,1,0
190,55,1975691,1,0
190,56,2075678,1,0
190,57,2039989,1,0
190,58,2163637,1,0
190,59,2093283,1,0
191,0,1991806,1,0
191,1,2222457,1,0
191,2,2177021,1,0
191,3,2196384,1,0
191,4,2507820,1,0
191,5,2209533,1,0
191,6,2278640,1,0
191,7,2233037,1,0
191,8,2190265,1,0
191,9,2169575,1,0
191,10,2245588,1,0
191,11,2217311,1,0
191,12,2397991,1,0
191,13,2493515,1,0
191,14,2200268,1,0
191,15,2451543,1,0
191,16,2776912,1,0
191,17,2627657,1,0
191,18,2443339,1,0
191,19,2301153,1,0
191,20,2068267,1,0
191,21,2083401,1,0
191,22,2020649,1,0
191,23,2106620,1,0
191,24,2079058,1,0
191,25,2184069,1,0
191,26,2083704,1,0
191,27,2112452,1,0
191,28,2097066,1,0
191,29,2143926,1,0
191,30,2220464,1,0
191,31,2111310,1,0
191,32,2110418,1,0
191,33,2030059,1,0
191,34,2131370,1,0
191,35,2269425,1,0
191,36,2129866,1,0
191,37,2109998,1,0
191,38,2086768,1,0
191,39,2174951,1,0
191,40,2255810,1,0
191,41,1985213,1,0
191,42,2128901,1,0
191,43,2027414,1,0
191,44,2223378,1,0
191,45,2121779,1,0
191,46,2091489,1,0
191,47,2008260,1,0
191,48,2149787,1,0
191,49,2058829,1,0
191,50,2202518,1,0
191,51,2073877,1,0
191,52,2194268,1,0
191,53,2026853,1,0
191,54,2228619,1,0
191,55,1972492,1,0
191,56,2075419,1,0
191,57,2040184,1,0
191,58,2163743,1,0
191,59,2094608,1,0
192,0,335938,1,0
192,1,2027277,1,0
192,2,2182912,1,0
192,3,2156690,1,0
192,4,2435523,1,0
192,5,2307745,1,0
192,6,2191301,1,0
192,7,2305317,1,0
192,8,2212633,1,0
192,9,2150875,1,0
192,10,2235139,1,0
192,11,2249265,1,0
192,12,2188251,1,0
192,13,2478892,1,0
192,14,2412830,1,0
192,15,2250558,1,0
192,16,2500006,1,0
192,17,2867646,1,0
192,18,2495272,1,0
192,19,2507457,1,0
192,20,2097885,1,0
192,21,2104546,1,0
192,22,2056848,1,0
192,23,2076665,1,0
192,24,2113140,1,0
192,25,2073537,1,0
192,26,2137704,1,0
192,27,2123021,1,0
192,28,2068545,1,0
192,29,2173779,1,0
192,30,2070819,1,0
192,31,2181001,1,0
192,32,2138105,1,0
192,33,2096813,1,0
192,34,2010859,1,0
192,35,2256076,1,0
192,36,2174596,1,0
192,37,2138793,1,0
192,38,2064605,1,0
192,39,2141188,1,0
192,40,2182014,1,0
192,41,2212012,1,0
192,42,1995308,1,0
192,43,2142259,1,0
192,44,2013839,1,0
192,45,2281898,1,0
192,46,2034847,1,0
192,47,2121115,1,0
192,48,2075545,1,0
192,49,2108390,1,0
192,50,2142817,1,0
192,51,2117730,1,0
192,52,2154109,1,0
192,53,2079500,1,0
192,54,2185735,1,0
192,55,2036921,1,0
192,56,2041649,1,0
192,57,2032609,1,0
192,58,2134363,1,0
192,59,2095689,1,0
193,0,2001020,1,0
193,1,2221805,1,0
193,2,2178743,1,0
193,3,2198159,1,0
193,4,2506579,1,0
193,5,2207450,1,0
193,6,2280505,1,0
193,7,2232017,1,0
193,8,2187074,1,0
193,9,2170282,1,0
193,10,2246747,1,0
193,11,2218621,1,0
193,12,2396763,1,0
193,13,2493135,1,0
193,14,2200599,1,0
193,15,2454853,1,0
193,16,2776126,1,0
193,17,2627901,1,0
193,18,2442821,1,0
193,19,2299227,1,0
193,20,2070576,1,0
193,21,2080280,1,0
193,22,2019673,1,0
193,23,2107262,1,0
193,24,2078408,1,0
193,25,2183918,1,0
193,26,2084165,1,0
193,27,2112120,1,0
193,28,2098495,1,0
193,29,2146285,1,0
193,30,2217196,1,0
193,31,2111938,1,0
193,32,2109650,1,0
193,33,2030889,1,0
193,34,2144365,1,0
193,35,2256415,1,0
193,36,2130679,1,0
193,37,2108783,1,0
193,38,2088338,1,0
193,39,2173051,1,0
193,40,2255121,1,0
193,41,1984861,1,0
193,42,2129904,1,0
193,43,2027781,1,0
193,44,2224726,1,0
193,45,2119168,1,0
193,46,2092586,1,0
193,47,2010200,1,0
193,48,2148989,1,0
193,49,2059034,1,0
193,50,2203854,1,0
193,51,2071753,1,0
193,52,2194046,1,0
193,53,2028287,1,0
193,54,2227835,1,0
193,55,1972051,1,0
193,56,2075818,1,0
193,57,2039570,1,0
193,58,2164910,1,0
193,59,2095982,1,0
194,0,263410,1,0
194,1,1451601,1,0
194,2,2215461,1,0
194,3,2182929,1,0
194,4,2282294,1,0
194,5,2455359,1,0
194,6,2194783,1,0
194,7,2298163,1,0
194,8,2169432,1,0
194,9,2193529,1,0
194,10,2210629,1,0
194,11,2243922,1,0
194,12,2212071,1,0
194,13,2420007,1,0
194,14,2469143,1,0
194,15,2206975,1,0
194,16,2462150,1,0
194,17,2895857,1,0
194,18,2519010,1,0
194,19,2464519,1,0
194,20,2209898,1,0
194,21,2113062,1,0
194,22,2036933,1,0
194,23,2025754,1,0
194,24,2152191,1,0
194,25,2031539,1,0
194,26,2217587,1,0
194,27,2108595,1,0
194,28,2076803,1,0
194,29,2160697,1,0
194,30,2072673,1,0
194,31,2193518,1,0
194,32,2141477,1,0
194,33,2091322,1,0
194,34,2009582,1,0
194,35,2214434,1,0
194,36,2206390,1,0
194,37,2127595,1,0
194,38,2080030,1,0
194,39,2129095,1,0
194,40,2181746,1,0
194,41,2221277,1,0
194,42,2012580,1,0
194,43,2135742,1,0
194,44,1987798,1,0
194,45,2292286,1,0
194,46,2062443,1,0
194,47,2119748,1,0
194,48,1996544,1,0
194,49,2156885,1,0
194,50,2075603,1,0
194,51,2187243,1,0
194,52,2068735,1,0
194,53,2204679,1,0
194,54,2062410,1,0
194,55,2172063,1,0
194,56,1954855,1,0
194,57,2081752,1,0
194,58,2072323,1,0
194,59,2147892,1,0
195,0,2055038,1,0
195,1,2224420,1,0
195,2,2175817,1,0
195,3,2206845,1,0
195,4,2509840,1,0
195,5,2195314,1,0
195,6,2285312,1,0
195,7,2227654,1,0
195,8,2187458,1,0
195,9,2166214,1,0
195,10,2252880,1,0
195,11,2216714,1,0
195,12,2400392,1,0
195,13,2491848,1,0
195,14,2200890,1,0
195,15,2465128,1,0
195,16,2781524,1,0
195,17,2620761,1,0
195,18,2443790,1,0
195,19,2282021,1,0
195,20,2088648,1,0
195,21,2061062,1,0
195,22,2024465,1,0
195,23,2127199,1,0
195,24,2058962,1,0
195,25,2182800,1,0
195,26,2082063,1,0
195,27,2116594,1,0
195,28,2099090,1,0
195,29,2145204,1,0
195,30,2216900,1,0
195,31,2113782,1,0
195,32,2105253,1,0
195,33,2028151,1,0
195,34,2179833,1,0
195,35,2222834,1,0
195,36,2131758,1,0
195,37,2104047,1,0
195,38,2094333,1,0
195,39,2175574,1,0
195,40,2249472,1,0
195,41,1984067,1,0
195,42,2133994,1,0
195,43,2026693,1,0
195,44,2227029,1,0
195,45,2114275,1,0
195,46,2092973,1,0
195,47,2012403,1,0
195,48,2150138,1,0
195,49,2062481,1,0
195,50,2202754,1,0
195,51,2074002,1,0
195,52,2191630,1,0
195,53,2030607,1,0
195,54,2224036,1,0
195,55,1975264,1,0
195,56,2070641,1,0
195,57,2039023,1,0
195,58,2167623,1,0
195,59,2101588,1,0
196,0,2227067,1,0
196,1,2235888,1,0
196,2,2167463,1,0
196,3,2263949,1,0
196,4,2463975,1,0
196,5,2189150,1,0
196,6,2296008,1,0
196,7,2202927,1,0
196,8,2185632,1,0
196,9,2188087,1,0
196,10,2245514,1,0
196,11,2229676,1,0
196,12,2389605,1,0
196,13,2495984,1,0
196,14,2187353,1,0
196,15,2475784,1,0
196,16,2826291,1,0
196,17,2580845,1,0
196,18,2456962,1,0
196,19,2242370,1,0
196,20,2101494,1,0
196,21,2047687,1,0
196,22,2028460,1,0
196,23,2154634,1,0
196,24,2027138,1,0
196,25,2203452,1,0
196,26,2060993,1,0
196,27,2132765,1,0
196,28,2167133,1,0
196,29,2068905,1,0
196,30,2207645,1,0
196,31,2120375,1,0
196,32,2096266,1,0
196,33,2030111,1,0
196,34,2184793,1,0
196,35,2230360,1,0
196,36,2128580,1,0
196,37,2085144,1,0
196,38,2112229,1,0
196,39,2174845,1,0
196,40,2237806,1,0
196,41,1999298,1,0
196,42,2128885,1,0
196,43,2017334,1,0
196,44,2248665,1,0
196,45,2097310,1,0
196,46,2102520,1,0
196,47,2008525,1,0
196,48,2159457,1,0
196,49,2065379,1,0
196,50,2189566,1,0
196,51,2069715,1,0
196,52,2203734,1,0
196,53,2048171,1,0
196,54,2198543,1,0
196,55,1965019,1,0
196,56,2075354,1,0
196,57,2059050,1,0
196,58,2153825,1,0
196,59,2104379,1,0
197,0,2064339,1,0
197,1,2226490,1,0
197,2,2172220,1,0
197,3,2208285,1,0
197,4,2511635,1,0
197,5,2194141,1,0
197,6,2286474,1,0
197,7,2225111,1,0
197,8,2186049,1,0
197,9,2167687,1,0
197,10,2253968,1,0
197,11,2217244,1,0
197,12,2400407,1,0
197,13,2490465,1,0
197,14,2202957,1,0
197,15,2464441,1,0
197,16,2781702,1,0
197,17,2620487,1,0
197,18,2445317,1,0
197,19,2279292,1,0
197,20,2091258,1,0
197,21,2058748,1,0
197,22,2024794,1,0
197,23,2131249,1,0
197,24,2053540,1,0
197,25,2182356,1,0
197,26,2084017,1,0
197,27,2117545,1,0
197,28,2099230,1,0
197,29,2143518,1,0
197,30,2216878,1,0
197,31,2112727,1,0
197,32,2106044,1,0
197,33,2027921,1,0
197,34,2179147,1,0
197,35,2224728,1,0
197,36,2129710,1,0
197,37,2103398,1,0
197,38,2094965,1,0
197,39,2177411,1,0
197,40,2247157,1,0
197,41,1984789,1,0
197,42,2134430,1,0
197,43,2026115,1,0
197,44,2227783,1,0
197,45,2113453,1,0
197,46,2094168,1,0
197,47,2012468,1,0
197,48,2152717,1,0
197,49,2060359,1,0
197,50,2202148,1,0
197,51,2073503,1,0
197,52,2194054,1,0
197,53,2026983,1,0
197,54,2226046,1,0
197,55,1974488,1,0
197,56,2071400,1,0
197,57,2041358,1,0
197,58,2165595,1,0
197,59,2101166,1,0
198,0,761719,1,0
198,1,1695862,1,0
198,2,2200607,1,0
198,3,2169869,1,0
198,4,2362720,1,0
198,5,2369525,1,0
198,6,2199197,1,0
198,7,2296306,1,0
198,8,2211016,1,0
198,9,2159341,1,0
198,10,2223814,1,0
198,11,2223948,1,0
198,12,2221321,1,0
198,13,2430368,1,0
198,14,2461398,1,0
198,15,2203777,1,0
198,16,2478610,1,0
198,17,2941984,1,0
198,18,2452315,1,0
198,19,2499968,1,0
198,20,2155136,1,0
198,21,2120038,1,0
198,22,2037556,1,0
198,23,2019195,1,0
198,24,2161339,1,0
198,25,2098267,1,0
198,26,2147562,1,0
198,27,2105890,1,0
198,28,2078616,1,0
198,29,2163835,1,0
198,30,2076998,1,0
198,31,2178916,1,0
198,32,2145103,1,0
198,33,2088819,1,0
198,34,2004065,1,0
198,35,2260455,1,0
198,36,2175980,1,0
198,37,2132505,1,0
198,38,2066141,1,0
198,39,2143884,1,0
198,40,2178365,1,0
198,41,2213107,1,0
198,42,2004805,1,0
198,43,2151154,1,0
198,44,1995053,1,0
198,45,2285893,1,0
198,46,2044812,1,0
198,47,2121197,1,0
198,48,2004829,1,0
198,49,2147658,1,0
198,50,2094461,1,0
198,51,2186206,1,0
198,52,2055045,1,0
198,53,2193525,1,0
198,54,2098431,1,0
198,55,2135681,1,0
198,56,1967485,1,0
198,57,2084617,1,0
198,58,2141400,1,0
198,59,2076829,1,0
199,0,2075692,1,0
199,1,2227617,1,0
199,2,2172593,1,0
199,3,2208749,1,0
199,4,2509755,1,0
199,5,2198732,1,0
199,6,2283172,1,0
199,7,2222887,1,0
199,8,2187264,1,0
199,9,2169510,1,0
199,10,2251945,1,0
199,11,2218260,1,0
199,12,2400701,1,0
199,13,2491718,1,0
199,14,2201882,1,0
199,15,2465110,1,0
199,16,2784330,1,0
199,17,2616438,1,0
199,18,2447974,1,0
199,19,2276139,1,0
199,20,2092186,1,0
199,21,2057223,1,0
199,22,2025620,1,0
199,23,2134211,1,0
199,24,2050510,1,0
199,25,2181103,1,0
199,26,2083902,1,0
199,27,2118997,1,0
199,28,2099743,1,0
199,29,2143291,1,0
199,30,2216275,1,0
199,31,2113188,1,0
199,32,2104217,1,0
199,33,2029942,1,0
199,34,2179221,1,0
199,35,2223114,1,0
199,36,2137107,1,0
199,37,2097025,1,0
199,38,2094627,1,0
199,39,2177963,1,0
199,40,2246868,1,0
199,41,1985106,1,0
199,42,2132887,1,0
199,43,2027553,1,0
199,44,2226928,1,0
199,45,2114109,1,0
199,46,2095208,1,0
199,47,2011836,1,0
199,48,2153764,1,0
199,49,2058318,1,0
199,50,2205227,1,0
199,51,2071454,1,0
199,52,2193226,1,0
199,53,2026132,1,0
199,54,2226631,1,0
199,55,1973444,1,0
199,56,2072131,1,0
199,57,2044274,1,0
199,58,2164723,1,0
199,59,2098009,1,0
