worker_id,sequence,latency_us,success,status_code
0,0,824606,1,0
0,1,781268,1,0
0,2,925720,1,0
0,3,1088461,1,0
0,4,1160534,1,0
0,5,1148337,1,0
0,6,1063166,1,0
0,7,1133347,1,0
0,8,1163585,1,0
0,9,1133863,1,0
0,10,1120647,1,0
0,11,1074210,1,0
0,12,1219441,1,0
0,13,1186203,1,0
0,14,1149291,1,0
0,15,1118869,1,0
0,16,1061298,1,0
0,17,1127688,1,0
0,18,1150310,1,0
0,19,1174981,1,0
0,20,1069550,1,0
0,21,1091196,1,0
0,22,1077600,1,0
0,23,1144424,1,0
0,24,1023190,1,0
0,25,1076341,1,0
0,26,1110210,1,0
0,27,1217945,1,0
0,28,1068966,1,0
0,29,1066675,1,0
0,30,1073031,1,0
0,31,1211544,1,0
0,32,1114710,1,0
0,33,1009688,1,0
0,34,1122718,1,0
0,35,1226550,1,0
0,36,1104964,1,0
0,37,1084783,1,0
0,38,1059353,1,0
0,39,1226627,1,0
0,40,1136163,1,0
0,41,1077681,1,0
0,42,1075061,1,0
0,43,1105408,1,0
0,44,1150063,1,0
0,45,1169209,1,0
0,46,1278643,1,0
0,47,1056739,1,0
0,48,1083767,1,0
0,49,1061690,1,0
0,50,1231445,1,0
0,51,1032496,1,0
0,52,1092722,1,0
0,53,1117883,1,0
0,54,1255554,1,0
0,55,1074624,1,0
0,56,1012141,1,0
0,57,1027205,1,0
0,58,1146331,1,0
0,59,1111507,1,0
1,0,1267190,1,0
1,1,1154858,1,0
1,2,1158299,1,0
1,3,1152628,1,0
1,4,1178698,1,0
1,5,1084595,1,0
1,6,1102836,1,0
1,7,1157020,1,0
1,8,1103534,1,0
1,9,1157277,1,0
1,10,1102636,1,0
1,11,1159048,1,0
1,12,1185749,1,0
1,13,1208860,1,0
1,14,1064166,1,0
1,15,1130048,1,0
1,16,1091078,1,0
1,17,1144077,1,0
1,18,1198407,1,0
1,19,1059154,1,0
1,20,1096143,1,0
1,21,1067601,1,0
1,22,1151900,1,0
1,23,1052079,1,0
1,24,1052697,1,0
1,25,1125740,1,0
1,26,1214336,1,0
1,27,1072462,1,0
1,28,1070974,1,0
1,29,1073249,1,0
1,30,1195682,1,0
1,31,1090489,1,0
1,32,1057385,1,0
1,33,1041254,1,0
1,34,1281053,1,0
1,35,1079607,1,0
1,36,1101371,1,0
1,37,1067820,1,0
1,38,1218511,1,0
1,39,1127415,1,0
1,40,1089684,1,0
1,41,1072440,1,0
1,42,1097332,1,0
1,43,1122230,1,0
1,44,1200302,1,0
1,45,1234078,1,0
1,46,1149299,1,0
1,47,1047213,1,0
1,48,1054987,1,0
1,49,1131833,1,0
1,50,1146755,1,0
1,51,1084390,1,0
1,52,1108831,1,0
1,53,1126541,1,0
1,54,1236504,1,0
1,55,1030129,1,0
1,56,1008985,1,0
1,57,1061691,1,0
1,58,1161837,1,0
1,59,1058269,1,0
2,0,752934,1,0
2,1,637430,1,0
2,2,596720,1,0
2,3,887026,1,0
2,4,1119944,1,0
2,5,1146023,1,0
2,6,1071748,1,0
2,7,1121453,1,0
2,8,1167937,1,0
2,9,1114487,1,0
2,10,1143247,1,0
2,11,1068053,1,0
2,12,1203402,1,0
2,13,1196261,1,0
2,14,1158511,1,0
2,15,1124605,1,0
2,16,1066119,1,0
2,17,1113376,1,0
2,18,1146146,1,0
2,19,1191814,1,0
2,20,1063931,1,0
2,21,1102878,1,0
2,22,1061274,1,0
2,23,1143900,1,0
2,24,1032301,1,0
2,25,1068775,1,0
2,26,1115038,1,0
2,27,1215406,1,0
2,28,1071079,1,0
2,29,1072162,1,0
2,30,1071510,1,0
2,31,1206339,1,0
2,32,1116014,1,0
2,33,1010864,1,0
2,34,1099471,1,0
2,35,1252203,1,0
2,36,1095262,1,0
2,37,1094919,1,0
2,38,1055188,1,0
2,39,1223422,1,0
2,40,1121765,1,0
2,41,1083452,1,0
2,42,1094632,1,0
2,43,1091375,1,0
2,44,1126686,1,0
2,45,1193554,1,0
2,46,1284149,1,0
2,47,1060459,1,0
2,48,1074759,1,0
2,49,1065047,1,0
2,50,1230181,1,0
2,51,1034499,1,0
2,52,1079793,1,0
2,53,1122936,1,0
2,54,1249241,1,0
2,55,1095558,1,0
2,56,1017381,1,0
2,57,1015838,1,0
2,58,1145385,1,0
2,59,1103573,1,0
3,0,720906,1,0
3,1,646019,1,0
3,2,753142,1,0
3,3,30057,1,0
3,4,939204,1,0
3,5,1102329,1,0
3,6,1067251,1,0
3,7,1133800,1,0
3,8,1145695,1,0
3,9,1102073,1,0
3,10,1167184,1,0
3,11,1079938,1,0
3,12,1182841,1,0
3,13,1183252,1,0
3,14,1186045,1,0
3,15,1131051,1,0
3,16,1069089,1,0
3,17,1094007,1,0
3,18,1143246,1,0
3,19,1212523,1,0
3,20,1048072,1,0
3,21,1084039,1,0
3,22,1084214,1,0
3,23,1145186,1,0
3,24,1043332,1,0
3,25,1061053,1,0
3,26,1131294,1,0
3,27,1199254,1,0
3,28,1075746,1,0
3,29,1070551,1,0
3,30,1070588,1,0
3,31,1200837,1,0
3,32,1104803,1,0
3,33,1032511,1,0
3,34,1090124,1,0
3,35,1254158,1,0
3,36,1085344,1,0
3,37,1104772,1,0
3,38,1051287,1,0
3,39,1228331,1,0
3,40,1114734,1,0
3,41,1093022,1,0
3,42,1079553,1,0
3,43,1086851,1,0
3,44,1125106,1,0
3,45,1212112,1,0
3,46,1268412,1,0
3,47,1083957,1,0
3,48,1061255,1,0
3,49,1059399,1,0
3,50,1186876,1,0
3,51,1086665,1,0
3,52,1076818,1,0
3,53,1119783,1,0
3,54,1189477,1,0
3,55,1165014,1,0
3,56,1030527,1,0
3,57,1011094,1,0
3,58,1135041,1,0
3,59,1096876,1,0
4,0,734525,1,0
4,1,965206,1,0
4,2,1116325,1,0
4,3,1151392,1,0
4,4,1152936,1,0
4,5,1152213,1,0
4,6,1058623,1,0
4,7,1150851,1,0
4,8,1152926,1,0
4,9,1136742,1,0
4,10,1107910,1,0
4,11,1091011,1,0
4,12,1214806,1,0
4,13,1198634,1,0
4,14,1132019,1,0
4,15,1113200,1,0
4,16,1086716,1,0
4,17,1112898,1,0
4,18,1151581,1,0
4,19,1158294,1,0
4,20,1075648,1,0
4,21,1084768,1,0
4,22,1086821,1,0
4,23,1135794,1,0
4,24,1020363,1,0
4,25,1100852,1,0
4,26,1119213,1,0
4,27,1194571,1,0
4,28,1069266,1,0
4,29,1052463,1,0
4,30,1145817,1,0
4,31,1149167,1,0
4,32,1109695,1,0
4,33,1017596,1,0
4,34,1181668,1,0
4,35,1160780,1,0
4,36,1132138,1,0
4,37,1055618,1,0
4,38,1096746,1,0
4,39,1205868,1,0
4,40,1129207,1,0
4,41,1081191,1,0
4,42,1063480,1,0
4,43,1136603,1,0
4,44,1152525,1,0
4,45,1149001,1,0
4,46,1284053,1,0
4,47,1044325,1,0
4,48,1087854,1,0
4,49,1059737,1,0
4,50,1212106,1,0
4,51,1055461,1,0
4,52,1107038,1,0
4,53,1096865,1,0
4,54,1258246,1,0
4,55,1063359,1,0
4,56,1009913,1,0
4,57,1045538,1,0
4,58,1147756,1,0
4,59,1094804,1,0
5,0,700168,1,0
5,1,592778,1,0
5,2,697467,1,0
5,3,944971,1,0
5,4,889811,1,0
5,5,1123946,1,0
5,6,1067163,1,0
5,7,1132899,1,0
5,8,1147861,1,0
5,9,1102923,1,0
5,10,1165562,1,0
5,11,1078870,1,0
5,12,1184695,1,0
5,13,1181515,1,0
5,14,1184639,1,0
5,15,1130906,1,0
5,16,1069114,1,0
5,17,1096628,1,0
5,18,1146935,1,0
5,19,1206576,1,0
5,20,1048735,1,0
5,21,1084589,1,0
5,22,1084793,1,0
5,23,1144203,1,0
5,24,1041152,1,0
5,25,1063694,1,0
5,26,1128686,1,0
5,27,1200396,1,0
5,28,1077444,1,0
5,29,1069668,1,0
5,30,1071264,1,0
5,31,1203899,1,0
5,32,1107196,1,0
5,33,1025377,1,0
5,34,1090467,1,0
5,35,1256529,1,0
5,36,1086664,1,0
5,37,1104107,1,0
5,38,1051567,1,0
5,39,1224919,1,0
5,40,1119496,1,0
5,41,1089279,1,0
5,42,1082417,1,0
5,43,1086275,1,0
5,44,1126170,1,0
5,45,1209664,1,0
5,46,1282479,1,0
5,47,1070251,1,0
5,48,1059603,1,0
5,49,1059968,1,0
5,50,1189745,1,0
5,51,1083850,1,0
5,52,1085885,1,0
5,53,1110532,1,0
5,54,1192280,1,0
5,55,1163479,1,0
5,56,1028188,1,0
5,57,1010175,1,0
5,58,1137438,1,0
5,59,1095966,1,0
6,0,684711,1,0
6,1,501157,1,0
6,2,632412,1,0
6,3,852878,1,0
6,4,952681,1,0
6,5,1093293,1,0
6,6,1067264,1,0
6,7,1130499,1,0
6,8,1146816,1,0
6,9,1101942,1,0
6,10,1168516,1,0
6,11,1080347,1,0
6,12,1180572,1,0
6,13,1183929,1,0
6,14,1187228,1,0
6,15,1125471,1,0
6,16,1073563,1,0
6,17,1094544,1,0
6,18,1143440,1,0
6,19,1212965,1,0
6,20,1042092,1,0
6,21,1089684,1,0
6,22,1083946,1,0
6,23,1145876,1,0
6,24,1041695,1,0
6,25,1061732,1,0
6,26,1128965,1,0
6,27,1203904,1,0
6,28,1071991,1,0
6,29,1072354,1,0
6,30,1070963,1,0
6,31,1200649,1,0
6,32,1104195,1,0
6,33,1031590,1,0
6,34,1093110,1,0
6,35,1251910,1,0
6,36,1085048,1,0
6,37,1105397,1,0
6,38,1051604,1,0
6,39,1226404,1,0
6,40,1115002,1,0
6,41,1094179,1,0
6,42,1078272,1,0
6,43,1087924,1,0
6,44,1126519,1,0
6,45,1211896,1,0
6,46,1264711,1,0
6,47,1088296,1,0
6,48,1060164,1,0
6,49,1059235,1,0
6,50,1167891,1,0
6,51,1105157,1,0
6,52,1077485,1,0
6,53,1120148,1,0
6,54,1189837,1,0
6,55,1164228,1,0
6,56,1031353,1,0
6,57,1009138,1,0
6,58,1131276,1,0
6,59,1101428,1,0
7,0,851672,1,0
7,1,848851,1,0
7,2,1071107,1,0
7,3,1153560,1,0
7,4,1151016,1,0
7,5,1150137,1,0
7,6,1061593,1,0
7,7,1145149,1,0
7,8,1158142,1,0
7,9,1138073,1,0
7,10,1108959,1,0
7,11,1088646,1,0
7,12,1216309,1,0
7,13,1195683,1,0
7,14,1133448,1,0
7,15,1115121,1,0
7,16,1075120,1,0
7,17,1121578,1,0
7,18,1147716,1,0
7,19,1162533,1,0
7,20,1065450,1,0
7,21,1098307,1,0
7,22,1084797,1,0
7,23,1138739,1,0
7,24,1018555,1,0
7,25,1093083,1,0
7,26,1105260,1,0
7,27,1216482,1,0
7,28,1064015,1,0
7,29,1061782,1,0
7,30,1125680,1,0
7,31,1167861,1,0
7,32,1107330,1,0
7,33,1018010,1,0
7,34,1162460,1,0
7,35,1180831,1,0
7,36,1127002,1,0
7,37,1060044,1,0
7,38,1083005,1,0
7,39,1218553,1,0
7,40,1127542,1,0
7,41,1080276,1,0
7,42,1067371,1,0
7,43,1123115,1,0
7,44,1160958,1,0
7,45,1151198,1,0
7,46,1284928,1,0
7,47,1046392,1,0
7,48,1086273,1,0
7,49,1058635,1,0
7,50,1217318,1,0
7,51,1049002,1,0
7,52,1111843,1,0
7,53,1093428,1,0
7,54,1260785,1,0
7,55,1063289,1,0
7,56,1012013,1,0
7,57,1040880,1,0
7,58,1148275,1,0
7,59,1094850,1,0
8,0,87445,1,0
8,1,614084,1,0
8,2,744400,1,0
8,3,807156,1,0
8,4,916973,1,0
8,5,1068922,1,0
8,6,1071630,1,0
8,7,1128222,1,0
8,8,1148011,1,0
8,9,1099067,1,0
8,10,1169321,1,0
8,11,1080879,1,0
8,12,1175606,1,0
8,13,1191614,1,0
8,14,1187185,1,0
8,15,1125362,1,0
8,16,1072500,1,0
8,17,1093727,1,0
8,18,1144034,1,0
8,19,1212590,1,0
8,20,1043603,1,0
8,21,1088445,1,0
8,22,1082942,1,0
8,23,1145470,1,0
8,24,1043834,1,0
8,25,1063377,1,0
8,26,1125754,1,0
8,27,1206327,1,0
8,28,1071283,1,0
8,29,1071683,1,0
8,30,1072856,1,0
8,31,1197940,1,0
8,32,1102555,1,0
8,33,1035078,1,0
8,34,1064421,1,0
8,35,1276319,1,0
8,36,1087378,1,0
8,37,1103491,1,0
8,38,1055473,1,0
8,39,1218648,1,0
8,40,1122563,1,0
8,41,1089575,1,0
8,42,1082399,1,0
8,43,1087660,1,0
8,44,1125168,1,0
8,45,1212672,1,0
8,46,1263962,1,0
8,47,1090255,1,0
8,48,1060894,1,0
8,49,1057553,1,0
8,50,1162607,1,0
8,51,1112082,1,0
8,52,1076452,1,0
8,53,1120076,1,0
8,54,1175713,1,0
8,55,1178023,1,0
8,56,1032748,1,0
8,57,1008379,1,0
8,58,1131382,1,0
8,59,1101044,1,0
9,0,947710,1,0
9,1,1045225,1,0
9,2,1136164,1,0
9,3,1151031,1,0
9,4,1163506,1,0
9,5,1142933,1,0
9,6,1057253,1,0
9,7,1146520,1,0
9,8,1155575,1,0
9,9,1140020,1,0
9,10,1112186,1,0
9,11,1090360,1,0
9,12,1213969,1,0
9,13,1208540,1,0
9,14,1116181,1,0
9,15,1118751,1,0
9,16,1090908,1,0
9,17,1113658,1,0
9,18,1147918,1,0
9,19,1152060,1,0
9,20,1073049,1,0
9,21,1080752,1,0
9,22,1117489,1,0
9,23,1113375,1,0
9,24,1024972,1,0
9,25,1110589,1,0
9,26,1129705,1,0
9,27,1170242,1,0
9,28,1070222,1,0
9,29,1050920,1,0
9,30,1159395,1,0
9,31,1133418,1,0
9,32,1105604,1,0
9,33,1021754,1,0
9,34,1219000,1,0
9,35,1120202,1,0
9,36,1132109,1,0
9,37,1057741,1,0
9,38,1134283,1,0
9,39,1182567,1,0
9,40,1116738,1,0
9,41,1076166,1,0
9,42,1064971,1,0
9,43,1146029,1,0
9,44,1152145,1,0
9,45,1146118,1,0
9,46,1285270,1,0
9,47,1042636,1,0
9,48,1079703,1,0
9,49,1067161,1,0
9,50,1207666,1,0
9,51,1059449,1,0
9,52,1108088,1,0
9,53,1095538,1,0
9,54,1264843,1,0
9,55,1052697,1,0
9,56,1008171,1,0
9,57,1053487,1,0
9,58,1145763,1,0
9,59,1089814,1,0
10,0,1200110,1,0
10,1,1156019,1,0
10,2,1156969,1,0
10,3,1146218,1,0
10,4,1176928,1,0
10,5,1095567,1,0
10,6,1096420,1,0
10,7,1156684,1,0
10,8,1107524,1,0
10,9,1149060,1,0
10,10,1109393,1,0
10,11,1153614,1,0
10,12,1183703,1,0
10,13,1210828,1,0
10,14,1074420,1,0
10,15,1131381,1,0
10,16,1084082,1,0
10,17,1143371,1,0
10,18,1143499,1,0
10,19,1116071,1,0
10,20,1094629,1,0
10,21,1073748,1,0
10,22,1153512,1,0
10,23,1056228,1,0
10,24,1039889,1,0
10,25,1122304,1,0
10,26,1222827,1,0
10,27,1074530,1,0
10,28,1072764,1,0
10,29,1072796,1,0
10,30,1195179,1,0
10,31,1083981,1,0
10,32,1068286,1,0
10,33,1032390,1,0
10,34,1286555,1,0
10,35,1071530,1,0
10,36,1112466,1,0
10,37,1057604,1,0
10,38,1207863,1,0
10,39,1137467,1,0
10,40,1095085,1,0
10,41,1074230,1,0
10,42,1092957,1,0
10,43,1127990,1,0
10,44,1186308,1,0
10,45,1231093,1,0
10,46,1167029,1,0
10,47,1043464,1,0
10,48,1052265,1,0
10,49,1124876,1,0
10,50,1163212,1,0
10,51,1074780,1,0
10,52,1113465,1,0
10,53,1112309,1,0
10,54,1247341,1,0
10,55,1033804,1,0
10,56,1005522,1,0
10,57,1068562,1,0
10,58,1156822,1,0
10,59,1060237,1,0
11,0,648347,1,0
11,1,692413,1,0
11,2,860347,1,0
11,3,1099886,1,0
11,4,1159937,1,0
11,5,1148120,1,0
11,6,1064149,1,0
11,7,1132102,1,0
11,8,1164624,1,0
11,9,1132767,1,0
11,10,1121426,1,0
11,11,1073990,1,0
11,12,1220760,1,0
11,13,1187947,1,0
11,14,1146504,1,0
11,15,1119425,1,0
11,16,1063776,1,0
11,17,1124777,1,0
11,18,1149424,1,0
11,19,1173744,1,0
11,20,1071410,1,0
11,21,1091175,1,0
11,22,1077257,1,0
11,23,1144168,1,0
11,24,1022727,1,0
11,25,1077927,1,0
11,26,1108800,1,0
11,27,1219116,1,0
11,28,1069626,1,0
11,29,1064810,1,0
11,30,1072788,1,0
11,31,1214054,1,0
11,32,1111736,1,0
11,33,1010559,1,0
11,34,1129794,1,0
11,35,1219631,1,0
11,36,1104477,1,0
11,37,1086107,1,0
11,38,1059585,1,0
11,39,1224538,1,0
11,40,1138710,1,0
11,41,1077534,1,0
11,42,1074833,1,0
11,43,1103559,1,0
11,44,1154559,1,0
11,45,1166192,1,0
11,46,1279458,1,0
11,47,1056958,1,0
11,48,1081081,1,0
11,49,1063038,1,0
11,50,1231092,1,0
11,51,1033159,1,0
11,52,1095306,1,0
11,53,1115303,1,0
11,54,1255894,1,0
11,55,1072116,1,0
11,56,1013178,1,0
11,57,1029331,1,0
11,58,1145319,1,0
11,59,1111695,1,0
12,0,622301,1,0
12,1,1079328,1,0
12,2,1138609,1,0
12,3,1154001,1,0
12,4,1162327,1,0
12,5,1137893,1,0
12,6,1059520,1,0
12,7,1144007,1,0
12,8,1152468,1,0
12,9,1143204,1,0
12,10,1113427,1,0
12,11,1090864,1,0
12,12,1211956,1,0
12,13,1215398,1,0
12,14,1107985,1,0
12,15,1120532,1,0
12,16,1088804,1,0
12,17,1118373,1,0
12,18,1145389,1,0
12,19,1151312,1,0
12,20,1072357,1,0
12,21,1079900,1,0
12,22,1115060,1,0
12,23,1118784,1,0
12,24,1024274,1,0
12,25,1115012,1,0
12,26,1127885,1,0
12,27,1167576,1,0
12,28,1070104,1,0
12,29,1072400,1,0
12,30,1135841,1,0
12,31,1135264,1,0
12,32,1103647,1,0
12,33,1018790,1,0
12,34,1238824,1,0
12,35,1103044,1,0
12,36,1131415,1,0
12,37,1057139,1,0
12,38,1135807,1,0
12,39,1186084,1,0
12,40,1117338,1,0
12,41,1069975,1,0
12,42,1070929,1,0
12,43,1145761,1,0
12,44,1150828,1,0
12,45,1148306,1,0
12,46,1288239,1,0
12,47,1035560,1,0
12,48,1078584,1,0
12,49,1067382,1,0
12,50,1206127,1,0
12,51,1063162,1,0
12,52,1105441,1,0
12,53,1101971,1,0
12,54,1266054,1,0
12,55,1047690,1,0
12,56,1007558,1,0
12,57,1054799,1,0
12,58,1145600,1,0
12,59,1089831,1,0
13,0,634613,1,0
13,1,887254,1,0
13,2,1127590,1,0
13,3,1149272,1,0
13,4,1156460,1,0
13,5,1150404,1,0
13,6,1058927,1,0
13,7,1149104,1,0
13,8,1155772,1,0
13,9,1140331,1,0
13,10,1103141,1,0
13,11,1092154,1,0
13,12,1215873,1,0
13,13,1196834,1,0
13,14,1130807,1,0
13,15,1114371,1,0
13,16,1089544,1,0
13,17,1110886,1,0
13,18,1150711,1,0
13,19,1157804,1,0
13,20,1075491,1,0
13,21,1083716,1,0
13,22,1088274,1,0
13,23,1134980,1,0
13,24,1021568,1,0
13,25,1103205,1,0
13,26,1114513,1,0
13,27,1196929,1,0
13,28,1069173,1,0
13,29,1052736,1,0
13,30,1144608,1,0
13,31,1148416,1,0
13,32,1109860,1,0
13,33,1018349,1,0
13,34,1196598,1,0
13,35,1145191,1,0
13,36,1133543,1,0
13,37,1055129,1,0
13,38,1096040,1,0
13,39,1207352,1,0
13,40,1128850,1,0
13,41,1080411,1,0
13,42,1065366,1,0
13,43,1137593,1,0
13,44,1149641,1,0
13,45,1149312,1,0
13,46,1284411,1,0
13,47,1044257,1,0
13,48,1085997,1,0
13,49,1061872,1,0
13,50,1211827,1,0
13,51,1054771,1,0
13,52,1106589,1,0
13,53,1097740,1,0
13,54,1258909,1,0
13,55,1062209,1,0
13,56,1008506,1,0
13,57,1047717,1,0
13,58,1147670,1,0
13,59,1093295,1,0
14,0,895435,1,0
14,1,955085,1,0
14,2,1002689,1,0
14,3,1180115,1,0
14,4,1151474,1,0
14,5,1149419,1,0
14,6,1063584,1,0
14,7,1137721,1,0
14,8,1159478,1,0
14,9,1137513,1,0
14,10,1114462,1,0
14,11,1084489,1,0
14,12,1216454,1,0
14,13,1195110,1,0
14,14,1134177,1,0
14,15,1121048,1,0
14,16,1070074,1,0
14,17,1120434,1,0
14,18,1149955,1,0
14,19,1163766,1,0
14,20,1071014,1,0
14,21,1095340,1,0
14,22,1082048,1,0
14,23,1136162,1,0
14,24,1022620,1,0
14,25,1084915,1,0
14,26,1106605,1,0
14,27,1220016,1,0
14,28,1067032,1,0
14,29,1063087,1,0
14,30,1086857,1,0
14,31,1202807,1,0
14,32,1109300,1,0
14,33,1018837,1,0
14,34,1138913,1,0
14,35,1203919,1,0
14,36,1118839,1,0
14,37,1070149,1,0
14,38,1061716,1,0
14,39,1230680,1,0
14,40,1135501,1,0
14,41,1075523,1,0
14,42,1072146,1,0
14,43,1114692,1,0
14,44,1161567,1,0
14,45,1156238,1,0
14,46,1280668,1,0
14,47,1051586,1,0
14,48,1083410,1,0
14,49,1060232,1,0
14,50,1223356,1,0
14,51,1044335,1,0
14,52,1111077,1,0
14,53,1092726,1,0
14,54,1259797,1,0
14,55,1068930,1,0
14,56,1011158,1,0
14,57,1034247,1,0
14,58,1152582,1,0
14,59,1104940,1,0
15,0,609650,1,0
15,1,899101,1,0
15,2,1932690,1,0
15,3,929676,1,0
15,4,1182078,1,0
15,5,1071986,1,0
15,6,1127437,1,0
15,7,1145374,1,0
15,8,1099715,1,0
15,9,1173264,1,0
15,10,1084097,1,0
15,11,1172848,1,0
15,12,1189532,1,0
15,13,1190159,1,0
15,14,1088015,1,0
15,15,1108525,1,0
15,16,1095175,1,0
15,17,1140820,1,0
15,18,1215528,1,0
15,19,1043933,1,0
15,20,1086261,1,0
15,21,1082140,1,0
15,22,1147994,1,0
15,23,1042363,1,0
15,24,1062226,1,0
15,25,1124541,1,0
15,26,1210836,1,0
15,27,1068649,1,0
15,28,1073646,1,0
15,29,1073571,1,0
15,30,1196764,1,0
15,31,1100564,1,0
15,32,1037418,1,0
15,33,1064565,1,0
15,34,1271967,1,0
15,35,1089119,1,0
15,36,1101384,1,0
15,37,1058355,1,0
15,38,1216796,1,0
15,39,1126606,1,0
15,40,1090611,1,0
15,41,1078679,1,0
15,42,1089044,1,0
15,43,1126781,1,0
15,44,1208282,1,0
15,45,1249838,1,0
15,46,1108425,1,0
15,47,1060355,1,0
15,48,1056002,1,0
15,49,1161977,1,0
15,50,1114190,1,0
15,51,1077921,1,0
15,52,1119014,1,0
15,53,1163709,1,0
15,54,1190394,1,0
15,55,1033286,1,0
15,56,1006756,1,0
15,57,1084157,1,0
15,58,1148164,1,0
15,59,1027835,1,0
16,0,585784,1,0
16,1,430668,1,0
16,2,709542,1,0
16,3,723084,1,0
16,4,1023091,1,0
16,5,1156168,1,0
16,6,1067787,1,0
16,7,1127119,1,0
16,8,1152707,1,0
16,9,1108020,1,0
16,10,1162438,1,0
16,11,1073314,1,0
16,12,1190698,1,0
16,13,1190111,1,0
16,14,1170208,1,0
16,15,1133943,1,0
16,16,1064433,1,0
16,17,1101939,1,0
16,18,1148543,1,0
16,19,1199517,1,0
16,20,1054417,1,0
16,21,1081336,1,0
16,22,1088816,1,0
16,23,1141377,1,0
16,24,1040658,1,0
16,25,1067575,1,0
16,26,1119190,1,0
16,27,1209633,1,0
16,28,1072390,1,0
16,29,1069476,1,0
16,30,1074405,1,0
16,31,1203446,1,0
16,32,1111524,1,0
16,33,1016612,1,0
16,34,1096714,1,0
16,35,1257927,1,0
16,36,1086741,1,0
16,37,1100087,1,0
16,38,1053134,1,0
16,39,1223081,1,0
16,40,1117099,1,0
16,41,1089079,1,0
16,42,1092493,1,0
16,43,1083362,1,0
16,44,1125919,1,0
16,45,1201182,1,0
16,46,1286796,1,0
16,47,1066735,1,0
16,48,1066664,1,0
16,49,1056204,1,0
16,50,1234829,1,0
16,51,1039338,1,0
16,52,1086712,1,0
16,53,1112930,1,0
16,54,1199483,1,0
16,55,1151343,1,0
16,56,1024452,1,0
16,57,1011531,1,0
16,58,1140971,1,0
16,59,1099510,1,0
17,0,596840,1,0
17,1,837777,1,0
17,2,968055,1,0
17,3,1156550,1,0
17,4,1157282,1,0
17,5,1144701,1,0
17,6,1066633,1,0
17,7,1134662,1,0
17,8,1162919,1,0
17,9,1138093,1,0
17,10,1114026,1,0
17,11,1082719,1,0
17,12,1215729,1,0
17,13,1197445,1,0
17,14,1134218,1,0
17,15,1120127,1,0
17,16,1070576,1,0
17,17,1121194,1,0
17,18,1150505,1,0
17,19,1166695,1,0
17,20,1070394,1,0
17,21,1094167,1,0
17,22,1079837,1,0
17,23,1136731,1,0
17,24,1024217,1,0
17,25,1082967,1,0
17,26,1108400,1,0
17,27,1216513,1,0
17,28,1070568,1,0
17,29,1061959,1,0
17,30,1088280,1,0
17,31,1202231,1,0
17,32,1109792,1,0
17,33,1011794,1,0
17,34,1146193,1,0
17,35,1203312,1,0
17,36,1113950,1,0
17,37,1074328,1,0
17,38,1062630,1,0
17,39,1227881,1,0
17,40,1137305,1,0
17,41,1075973,1,0
17,42,1069902,1,0
17,43,1112961,1,0
17,44,1157575,1,0
17,45,1161557,1,0
17,46,1279672,1,0
17,47,1055171,1,0
17,48,1081774,1,0
17,49,1057240,1,0
17,50,1227707,1,0
17,51,1043340,1,0
17,52,1107869,1,0
17,53,1097101,1,0
17,54,1258641,1,0
17,55,1069592,1,0
17,56,1012508,1,0
17,57,1032974,1,0
17,58,1143568,1,0
17,59,1112612,1,0
18,0,1157276,1,0
18,1,1154817,1,0
18,2,1156668,1,0
18,3,1144568,1,0
18,4,1173765,1,0
18,5,1106118,1,0
18,6,1079545,1,0
18,7,1166919,1,0
18,8,1114154,1,0
18,9,1145805,1,0
18,10,1104669,1,0
18,11,1151714,1,0
18,12,1181279,1,0
18,13,1216072,1,0
18,14,1079325,1,0
18,15,1129438,1,0
18,16,1080339,1,0
18,17,1138310,1,0
18,18,1138672,1,0
18,19,1130609,1,0
18,20,1072174,1,0
18,21,1095358,1,0
18,22,1155095,1,0
18,23,1055265,1,0
18,24,1040763,1,0
18,25,1124611,1,0
18,26,1206876,1,0
18,27,1085599,1,0
18,28,1075158,1,0
18,29,1073568,1,0
18,30,1193684,1,0
18,31,1082791,1,0
18,32,1070891,1,0
18,33,1029512,1,0
18,34,1288450,1,0
18,35,1062686,1,0
18,36,1118969,1,0
18,37,1061612,1,0
18,38,1202643,1,0
18,39,1133346,1,0
18,40,1103428,1,0
18,41,1072088,1,0
18,42,1081769,1,0
18,43,1137835,1,0
18,44,1187059,1,0
18,45,1220300,1,0
18,46,1180229,1,0
18,47,1041948,1,0
18,48,1054353,1,0
18,49,1108216,1,0
18,50,1178493,1,0
18,51,1076162,1,0
18,52,1112753,1,0
18,53,1107700,1,0
18,54,1251633,1,0
18,55,1034420,1,0
18,56,1005076,1,0
18,57,1071147,1,0
18,58,1155170,1,0
18,59,1062970,1,0
19,0,572297,1,0
19,1,811963,1,0
19,2,947981,1,0
19,3,1145288,1,0
19,4,1156563,1,0
19,5,1145756,1,0
19,6,1065188,1,0
19,7,1135758,1,0
19,8,1164041,1,0
19,9,1136678,1,0
19,10,1115535,1,0
19,11,1080082,1,0
19,12,1215940,1,0
19,13,1197166,1,0
19,14,1134427,1,0
19,15,1122587,1,0
19,16,1069616,1,0
19,17,1121380,1,0
19,18,1146479,1,0
19,19,1171567,1,0
19,20,1070616,1,0
19,21,1094485,1,0
19,22,1078264,1,0
19,23,1138776,1,0
19,24,1021709,1,0
19,25,1084624,1,0
19,26,1108132,1,0
19,27,1215557,1,0
19,28,1071791,1,0
19,29,1062526,1,0
19,30,1085233,1,0
19,31,1204366,1,0
19,32,1109609,1,0
19,33,1012810,1,0
19,34,1146112,1,0
19,35,1203134,1,0
19,36,1110500,1,0
19,37,1076973,1,0
19,38,1061100,1,0
19,39,1229874,1,0
19,40,1138128,1,0
19,41,1075845,1,0
19,42,1069554,1,0
19,43,1112596,1,0
19,44,1153230,1,0
19,45,1165293,1,0
19,46,1278891,1,0
19,47,1055578,1,0
19,48,1082593,1,0
19,49,1055578,1,0
19,50,1230098,1,0
19,51,1042441,1,0
19,52,1105427,1,0
19,53,1099900,1,0
19,54,1258458,1,0
19,55,1067677,1,0
19,56,1014094,1,0
19,57,1032751,1,0
19,58,1143068,1,0
19,59,1113991,1,0
20,0,559890,1,0
20,1,827434,1,0
20,2,957641,1,0
20,3,1133930,1,0
20,4,1157289,1,0
20,5,1145580,1,0
20,6,1064482,1,0
20,7,1134294,1,0
20,8,1165540,1,0
20,9,1136679,1,0
20,10,1118047,1,0
20,11,1073383,1,0
20,12,1222753,1,0
20,13,1192738,1,0
20,14,1138107,1,0
20,15,1121076,1,0
20,16,1068688,1,0
20,17,1123171,1,0
20,18,1145572,1,0
20,19,1172729,1,0
20,20,1070046,1,0
20,21,1090735,1,0
20,22,1081508,1,0
20,23,1139404,1,0
20,24,1022957,1,0
20,25,1082643,1,0
20,26,1107917,1,0
20,27,1216630,1,0
20,28,1070173,1,0
20,29,1064771,1,0
20,30,1085494,1,0
20,31,1201540,1,0
20,32,1112360,1,0
20,33,1011484,1,0
20,34,1130410,1,0
20,35,1217619,1,0
20,36,1110989,1,0
20,37,1078825,1,0
20,38,1059875,1,0
20,39,1228563,1,0
20,40,1141020,1,0
20,41,1076357,1,0
20,42,1069240,1,0
20,43,1108122,1,0
20,44,1154788,1,0
20,45,1165615,1,0
20,46,1278826,1,0
20,47,1055690,1,0
20,48,1082826,1,0
20,49,1057363,1,0
20,50,1231071,1,0
20,51,1039896,1,0
20,52,1103929,1,0
20,53,1102989,1,0
20,54,1256333,1,0
20,55,1068628,1,0
20,56,1012697,1,0
20,57,1032811,1,0
20,58,1145508,1,0
20,59,1112400,1,0
21,0,547057,1,0
21,1,1066873,1,0
21,2,1140188,1,0
21,3,1151631,1,0
21,4,1162456,1,0
21,5,1139201,1,0
21,6,1059767,1,0
21,7,1142771,1,0
21,8,1156076,1,0
21,9,1141714,1,0
21,10,1111831,1,0
21,11,1091400,1,0
21,12,1210483,1,0
21,13,1214009,1,0
21,14,1111444,1,0
21,15,1120669,1,0
21,16,1089987,1,0
21,17,1116417,1,0
21,18,1144883,1,0
21,19,1154207,1,0
21,20,1070197,1,0
21,21,1081982,1,0
21,22,1114368,1,0
21,23,1117728,1,0
21,24,1025477,1,0
21,25,1112335,1,0
21,26,1128101,1,0
21,27,1167874,1,0
21,28,1070949,1,0
21,29,1072090,1,0
21,30,1137747,1,0
21,31,1134174,1,0
21,32,1104576,1,0
21,33,1019050,1,0
21,34,1221573,1,0
21,35,1119382,1,0
21,36,1132580,1,0
21,37,1055506,1,0
21,38,1135683,1,0
21,39,1185495,1,0
21,40,1118830,1,0
21,41,1070609,1,0
21,42,1069193,1,0
21,43,1144375,1,0
21,44,1150902,1,0
21,45,1149987,1,0
21,46,1288362,1,0
21,47,1036926,1,0
21,48,1079165,1,0
21,49,1065662,1,0
21,50,1207166,1,0
21,51,1061436,1,0
21,52,1107254,1,0
21,53,1097147,1,0
21,54,1268233,1,0
21,55,1047258,1,0
21,56,1010160,1,0
21,57,1053634,1,0
21,58,1144345,1,0
21,59,1091484,1,0
22,0,1080606,1,0
22,1,1159628,1,0
22,2,1152694,1,0
22,3,1153723,1,0
22,4,1173927,1,0
22,5,1111486,1,0
22,6,1069380,1,0
22,7,1162514,1,0
22,8,1125129,1,0
22,9,1146084,1,0
22,10,1105049,1,0
22,11,1143786,1,0
22,12,1182600,1,0
22,13,1208440,1,0
22,14,1099558,1,0
22,15,1113599,1,0
22,16,1090298,1,0
22,17,1132432,1,0
22,18,1144023,1,0
22,19,1133798,1,0
22,20,1071582,1,0
22,21,1089762,1,0
22,22,1156799,1,0
22,23,1063013,1,0
22,24,1035892,1,0
22,25,1122795,1,0
22,26,1200978,1,0
22,27,1089586,1,0
22,28,1076581,1,0
22,29,1070606,1,0
22,30,1196327,1,0
22,31,1077662,1,0
22,32,1082822,1,0
22,33,1026575,1,0
22,34,1282875,1,0
22,35,1061785,1,0
22,36,1121251,1,0
22,37,1066924,1,0
22,38,1185888,1,0
22,39,1147329,1,0
22,40,1103218,1,0
22,41,1072230,1,0
22,42,1078762,1,0
22,43,1137850,1,0
22,44,1172354,1,0
22,45,1211015,1,0
22,46,1210224,1,0
22,47,1037045,1,0
22,48,1061064,1,0
22,49,1087398,1,0
22,50,1192889,1,0
22,51,1075346,1,0
22,52,1110797,1,0
22,53,1092057,1,0
22,54,1271056,1,0
22,55,1033015,1,0
22,56,1008282,1,0
22,57,1071732,1,0
22,58,1148769,1,0
22,59,1068639,1,0
23,0,350412,1,0
23,1,1126222,1,0
23,2,1138237,1,0
23,3,1148355,1,0
23,4,1175191,1,0
23,5,1126429,1,0
23,6,1061766,1,0
23,7,1145540,1,0
23,8,1147468,1,0
23,9,1147246,1,0
23,10,1109392,1,0
23,11,1099852,1,0
23,12,1208421,1,0
23,13,1215025,1,0
23,14,1102621,1,0
23,15,1120462,1,0
23,16,1093386,1,0
23,17,1126846,1,0
23,18,1134185,1,0
23,19,1148064,1,0
23,20,1074111,1,0
23,21,1081833,1,0
23,22,1152291,1,0
23,23,1081501,1,0
23,24,1022247,1,0
23,25,1123712,1,0
23,26,1137417,1,0
23,27,1147960,1,0
23,28,1075506,1,0
23,29,1075141,1,0
23,30,1157333,1,0
23,31,1109809,1,0
23,32,1100714,1,0
23,33,1022429,1,0
23,34,1240407,1,0
23,35,1097457,1,0
23,36,1130988,1,0
23,37,1057832,1,0
23,38,1150892,1,0
23,39,1178164,1,0
23,40,1111333,1,0
23,41,1071401,1,0
23,42,1077023,1,0
23,43,1138575,1,0
23,44,1156760,1,0
23,45,1143696,1,0
23,46,1290508,1,0
23,47,1032838,1,0
23,48,1073171,1,0
23,49,1071074,1,0
23,50,1204352,1,0
23,51,1067283,1,0
23,52,1103990,1,0
23,53,1103563,1,0
23,54,1266873,1,0
23,55,1042778,1,0
23,56,1009616,1,0
23,57,1057097,1,0
23,58,1148494,1,0
23,59,1084761,1,0
24,0,1335417,1,0
24,1,1145402,1,0
24,2,1159616,1,0
24,3,1147592,1,0
24,4,1184629,1,0
24,5,1077001,1,0
24,6,1106743,1,0
24,7,1158434,1,0
24,8,1096872,1,0
24,9,1172008,1,0
24,10,1088335,1,0
24,11,1162566,1,0
24,12,1195399,1,0
24,13,1197041,1,0
24,14,1064428,1,0
24,15,1133050,1,0
24,16,1087249,1,0
24,17,1144295,1,0
24,18,1206885,1,0
24,19,1052063,1,0
24,20,1091688,1,0
24,21,1072656,1,0
24,22,1149271,1,0
24,23,1049599,1,0
24,24,1056292,1,0
24,25,1129689,1,0
24,26,1206705,1,0
24,27,1076857,1,0
24,28,1069873,1,0
24,29,1073798,1,0
24,30,1196963,1,0
24,31,1093999,1,0
24,32,1045059,1,0
24,33,1060180,1,0
24,34,1270641,1,0
24,35,1079534,1,0
24,36,1106259,1,0
24,37,1059120,1,0
24,38,1220266,1,0
24,39,1127045,1,0
24,40,1089308,1,0
24,41,1078087,1,0
24,42,1091906,1,0
24,43,1125281,1,0
24,44,1208864,1,0
24,45,1232137,1,0
24,46,1134554,1,0
24,47,1055023,1,0
24,48,1054609,1,0
24,49,1139518,1,0
24,50,1134546,1,0
24,51,1086204,1,0
24,52,1110843,1,0
24,53,1131761,1,0
24,54,1228252,1,0
24,55,1030860,1,0
24,56,1011390,1,0
24,57,1054336,1,0
24,58,1171432,1,0
24,59,1046302,1,0
25,0,980652,1,0
25,1,1001066,1,0
25,2,1136601,1,0
25,3,1149772,1,0
25,4,1158525,1,0
25,5,1147154,1,0
25,6,1060011,1,0
25,7,1150149,1,0
25,8,1154539,1,0
25,9,1140664,1,0
25,10,1102646,1,0
25,11,1092139,1,0
25,12,1216090,1,0
25,13,1200673,1,0
25,14,1128086,1,0
25,15,1114693,1,0
25,16,1089981,1,0
25,17,1111322,1,0
25,18,1150119,1,0
25,19,1155286,1,0
25,20,1075792,1,0
25,21,1082973,1,0
25,22,1090082,1,0
25,23,1135723,1,0
25,24,1019984,1,0
25,25,1107249,1,0
25,26,1112219,1,0
25,27,1196774,1,0
25,28,1067020,1,0
25,29,1055160,1,0
25,30,1143035,1,0
25,31,1149928,1,0
25,32,1107599,1,0
25,33,1019457,1,0
25,34,1202932,1,0
25,35,1138690,1,0
25,36,1133194,1,0
25,37,1055152,1,0
25,38,1096754,1,0
25,39,1206271,1,0
25,40,1130100,1,0
25,41,1079607,1,0
25,42,1065779,1,0
25,43,1138375,1,0
25,44,1149162,1,0
25,45,1149119,1,0
25,46,1284631,1,0
25,47,1044878,1,0
25,48,1084859,1,0
25,49,1062955,1,0
25,50,1209541,1,0
25,51,1056866,1,0
25,52,1108551,1,0
25,53,1095664,1,0
25,54,1260747,1,0
25,55,1058813,1,0
25,56,1009825,1,0
25,57,1047747,1,0
25,58,1146519,1,0
25,59,1093486,1,0
26,0,765838,1,0
26,1,454950,1,0
26,2,562018,1,0
26,3,793064,1,0
26,4,1045760,1,0
26,5,1156497,1,0
26,6,1067585,1,0
26,7,1128212,1,0
26,8,1155379,1,0
26,9,1103305,1,0
26,10,1162047,1,0
26,11,1072639,1,0
26,12,1193939,1,0
26,13,1191351,1,0
26,14,1165510,1,0
26,15,1131857,1,0
26,16,1065184,1,0
26,17,1103192,1,0
26,18,1151312,1,0
26,19,1195805,1,0
26,20,1055458,1,0
26,21,1114478,1,0
26,22,1057796,1,0
26,23,1137231,1,0
26,24,1041425,1,0
26,25,1069496,1,0
26,26,1117004,1,0
26,27,1211346,1,0
26,28,1071488,1,0
26,29,1071631,1,0
26,30,1071995,1,0
26,31,1205744,1,0
26,32,1110551,1,0
26,33,1015820,1,0
26,34,1099119,1,0
26,35,1256957,1,0
26,36,1087275,1,0
26,37,1099308,1,0
26,38,1054858,1,0
26,39,1220405,1,0
26,40,1116852,1,0
26,41,1089224,1,0
26,42,1093343,1,0
26,43,1084597,1,0
26,44,1127298,1,0
26,45,1199886,1,0
26,46,1285198,1,0
26,47,1064943,1,0
26,48,1068607,1,0
26,49,1056157,1,0
26,50,1235207,1,0
26,51,1040445,1,0
26,52,1084618,1,0
26,53,1114687,1,0
26,54,1217218,1,0
26,55,1131962,1,0
26,56,1022934,1,0
26,57,1013431,1,0
26,58,1142647,1,0
26,59,1099044,1,0
27,0,883413,1,0
27,1,705064,1,0
27,2,822946,1,0
27,3,1055182,1,0
27,4,1162207,1,0
27,5,1148312,1,0
27,6,1065382,1,0
27,7,1129854,1,0
27,8,1164939,1,0
27,9,1131126,1,0
27,10,1122585,1,0
27,11,1072862,1,0
27,12,1216538,1,0
27,13,1183979,1,0
27,14,1156703,1,0
27,15,1121709,1,0
27,16,1059871,1,0
27,17,1126165,1,0
27,18,1147916,1,0
27,19,1178398,1,0
27,20,1068669,1,0
27,21,1093846,1,0
27,22,1070668,1,0
27,23,1147999,1,0
27,24,1024272,1,0
27,25,1075520,1,0
27,26,1107980,1,0
27,27,1216355,1,0
27,28,1071789,1,0
27,29,1068211,1,0
27,30,1074384,1,0
27,31,1207959,1,0
27,32,1117002,1,0
27,33,1009921,1,0
27,34,1112611,1,0
27,35,1237109,1,0
27,36,1103064,1,0
27,37,1087799,1,0
27,38,1055976,1,0
27,39,1228355,1,0
27,40,1134103,1,0
27,41,1078200,1,0
27,42,1080611,1,0
27,43,1099310,1,0
27,44,1149340,1,0
27,45,1171718,1,0
27,46,1275453,1,0
27,47,1060541,1,0
27,48,1080079,1,0
27,49,1066030,1,0
27,50,1229047,1,0
27,51,1034474,1,0
27,52,1080561,1,0
27,53,1126046,1,0
27,54,1258995,1,0
27,55,1075944,1,0
27,56,1012970,1,0
27,57,1023724,1,0
27,58,1145389,1,0
27,59,1113083,1,0
28,0,1221426,1,0
28,1,1154981,1,0
28,2,1160133,1,0
28,3,1148147,1,0
28,4,1174891,1,0
28,5,1093897,1,0
28,6,1099169,1,0
28,7,1156365,1,0
28,8,1106425,1,0
28,9,1149207,1,0
28,10,1110733,1,0
28,11,1152420,1,0
28,12,1186625,1,0
28,13,1209364,1,0
28,14,1071360,1,0
28,15,1131010,1,0
28,16,1086927,1,0
28,17,1141092,1,0
28,18,1161540,1,0
28,19,1099256,1,0
28,20,1093399,1,0
28,21,1072529,1,0
28,22,1154049,1,0
28,23,1054802,1,0
28,24,1045186,1,0
28,25,1120903,1,0
28,26,1220581,1,0
28,27,1073896,1,0
28,28,1075370,1,0
28,29,1070320,1,0
28,30,1196817,1,0
28,31,1084591,1,0
28,32,1066024,1,0
28,33,1035172,1,0
28,34,1280999,1,0
28,35,1078112,1,0
28,36,1107547,1,0
28,37,1064421,1,0
28,38,1219178,1,0
28,39,1124268,1,0
28,40,1093877,1,0
28,41,1073309,1,0
28,42,1094147,1,0
28,43,1124451,1,0
28,44,1194256,1,0
28,45,1223895,1,0
28,46,1166723,1,0
28,47,1045263,1,0
28,48,1052218,1,0
28,49,1137399,1,0
28,50,1147691,1,0
28,51,1077980,1,0
28,52,1110775,1,0
28,53,1116828,1,0
28,54,1245558,1,0
28,55,1030376,1,0
28,56,1009416,1,0
28,57,1063961,1,0
28,58,1159971,1,0
28,59,1059982,1,0
29,0,672067,1,0
29,1,1102409,1,0
29,2,1138274,1,0
29,3,1150011,1,0
29,4,1168561,1,0
29,5,1133684,1,0
29,6,1059848,1,0
29,7,1144597,1,0
29,8,1151164,1,0
29,9,1147523,1,0
29,10,1109994,1,0
29,11,1094407,1,0
29,12,1212357,1,0
29,13,1210614,1,0
29,14,1108236,1,0
29,15,1120250,1,0
29,16,1092490,1,0
29,17,1120549,1,0
29,18,1141419,1,0
29,19,1148044,1,0
29,20,1072862,1,0
29,21,1080292,1,0
29,22,1154773,1,0
29,23,1081944,1,0
29,24,1019902,1,0
29,25,1120825,1,0
29,26,1140425,1,0
29,27,1150758,1,0
29,28,1071666,1,0
29,29,1075148,1,0
29,30,1144775,1,0
29,31,1123618,1,0
29,32,1102750,1,0
29,33,1020902,1,0
29,34,1244490,1,0
29,35,1094846,1,0
29,36,1129018,1,0
29,37,1059302,1,0
29,38,1151119,1,0
29,39,1174806,1,0
29,40,1114158,1,0
29,41,1069770,1,0
29,42,1073417,1,0
29,43,1144594,1,0
29,44,1152952,1,0
29,45,1147508,1,0
29,46,1287458,1,0
29,47,1033691,1,0
29,48,1076983,1,0
29,49,1068814,1,0
29,50,1204403,1,0
29,51,1065474,1,0
29,52,1105304,1,0
29,53,1103139,1,0
29,54,1266969,1,0
29,55,1044132,1,0
29,56,1008176,1,0
29,57,1055806,1,0
29,58,1147891,1,0
29,59,1087428,1,0
30,0,534488,1,0
30,1,1021606,1,0
30,2,1138100,1,0
30,3,1151475,1,0
30,4,1157497,1,0
30,5,1146514,1,0
30,6,1060916,1,0
30,7,1147978,1,0
30,8,1154886,1,0
30,9,1140399,1,0
30,10,1101541,1,0
30,11,1095799,1,0
30,12,1215554,1,0
30,13,1200939,1,0
30,14,1123485,1,0
30,15,1118323,1,0
30,16,1089738,1,0
30,17,1112865,1,0
30,18,1147067,1,0
30,19,1154566,1,0
30,20,1076991,1,0
30,21,1081601,1,0
30,22,1098668,1,0
30,23,1127836,1,0
30,24,1023613,1,0
30,25,1108328,1,0
30,26,1121952,1,0
30,27,1184503,1,0
30,28,1067480,1,0
30,29,1052659,1,0
30,30,1144444,1,0
30,31,1151036,1,0
30,32,1105173,1,0
30,33,1019594,1,0
30,34,1205874,1,0
30,35,1134041,1,0
30,36,1132172,1,0
30,37,1057664,1,0
30,38,1104492,1,0
30,39,1209221,1,0
30,40,1119030,1,0
30,41,1078249,1,0
30,42,1066864,1,0
30,43,1140186,1,0
30,44,1150866,1,0
30,45,1148180,1,0
30,46,1283862,1,0
30,47,1045735,1,0
30,48,1080160,1,0
30,49,1066560,1,0
30,50,1207646,1,0
30,51,1059135,1,0
30,52,1106987,1,0
30,53,1096638,1,0
30,54,1263157,1,0
30,55,1055235,1,0
30,56,1008544,1,0
30,57,1051565,1,0
30,58,1146048,1,0
30,59,1092040,1,0
31,0,1107650,1,0
31,1,1155970,1,0
31,2,1157492,1,0
31,3,1147882,1,0
31,4,1174204,1,0
31,5,1109408,1,0
31,6,1077199,1,0
31,7,1158880,1,0
31,8,1122675,1,0
31,9,1144912,1,0
31,10,1107744,1,0
31,11,1144859,1,0
31,12,1181020,1,0
31,13,1211709,1,0
31,14,1093266,1,0
31,15,1117976,1,0
31,16,1087585,1,0
31,17,1135034,1,0
31,18,1140954,1,0
31,19,1133941,1,0
31,20,1069781,1,0
31,21,1094263,1,0
31,22,1154307,1,0
31,23,1060886,1,0
31,24,1037489,1,0
31,25,1124508,1,0
31,26,1199973,1,0
31,27,1091397,1,0
31,28,1076364,1,0
31,29,1067631,1,0
31,30,1197635,1,0
31,31,1077633,1,0
31,32,1081257,1,0
31,33,1026175,1,0
31,34,1288523,1,0
31,35,1057966,1,0
31,36,1122870,1,0
31,37,1064709,1,0
31,38,1199858,1,0
31,39,1132541,1,0
31,40,1103076,1,0
31,41,1073328,1,0
31,42,1080216,1,0
31,43,1138073,1,0
31,44,1180389,1,0
31,45,1210784,1,0
31,46,1198161,1,0
31,47,1039348,1,0
31,48,1060054,1,0
31,49,1106498,1,0
31,50,1176206,1,0
31,51,1073936,1,0
31,52,1111925,1,0
31,53,1094132,1,0
31,54,1268559,1,0
31,55,1031457,1,0
31,56,1008856,1,0
31,57,1070810,1,0
31,58,1151951,1,0
31,59,1066766,1,0
32,0,1325096,1,0
32,1,1143856,1,0
32,2,1159656,1,0
32,3,1147806,1,0
32,4,1179173,1,0
32,5,1083465,1,0
32,6,1105906,1,0
32,7,1158610,1,0
32,8,1097602,1,0
32,9,1169018,1,0
32,10,1091926,1,0
32,11,1158149,1,0
32,12,1198539,1,0
32,13,1198126,1,0
32,14,1062873,1,0
32,15,1132390,1,0
32,16,1090188,1,0
32,17,1142824,1,0
32,18,1206121,1,0
32,19,1053166,1,0
32,20,1091048,1,0
32,21,1072823,1,0
32,22,1150242,1,0
32,23,1049398,1,0
32,24,1055339,1,0
32,25,1131281,1,0
32,26,1205902,1,0
32,27,1077675,1,0
32,28,1068841,1,0
32,29,1074431,1,0
32,30,1195643,1,0
32,31,1093330,1,0
32,32,1047546,1,0
32,33,1056067,1,0
32,34,1272359,1,0
32,35,1080497,1,0
32,36,1106668,1,0
32,37,1060038,1,0
32,38,1219695,1,0
32,39,1126808,1,0
32,40,1088073,1,0
32,41,1077150,1,0
32,42,1093942,1,0
32,43,1126248,1,0
32,44,1204649,1,0
32,45,1235811,1,0
32,46,1133894,1,0
32,47,1054947,1,0
32,48,1052383,1,0
32,49,1143195,1,0
32,50,1133413,1,0
32,51,1087453,1,0
32,52,1108923,1,0
32,53,1132387,1,0
32,54,1228809,1,0
32,55,1029983,1,0
32,56,1011529,1,0
32,57,1055695,1,0
32,58,1167950,1,0
32,59,1050386,1,0
33,0,522746,1,0
33,1,489795,1,0
33,2,586089,1,0
33,3,711048,1,0
33,4,2146796,1,0
33,5,1067566,1,0
33,6,1128057,1,0
33,7,1150237,1,0
33,8,1104352,1,0
33,9,1166554,1,0
33,10,1077215,1,0
33,11,1189205,1,0
33,12,1184145,1,0
33,13,1175447,1,0
33,14,1133159,1,0
33,15,1067453,1,0
33,16,1098826,1,0
33,17,1145929,1,0
33,18,1205487,1,0
33,19,1048377,1,0
33,20,1085224,1,0
33,21,1087782,1,0
33,22,1143998,1,0
33,23,1038888,1,0
33,24,1065427,1,0
33,25,1124404,1,0
33,26,1204931,1,0
33,27,1074696,1,0
33,28,1069953,1,0
33,29,1070892,1,0
33,30,1205277,1,0
33,31,1108371,1,0
33,32,1023492,1,0
33,33,1091087,1,0
33,34,1257524,1,0
33,35,1085511,1,0
33,36,1103108,1,0
33,37,1053217,1,0
33,38,1226349,1,0
33,39,1115255,1,0
33,40,1090532,1,0
33,41,1087128,1,0
33,42,1086788,1,0
33,43,1124288,1,0
33,44,1204272,1,0
33,45,1285893,1,0
33,46,1068373,1,0
33,47,1062844,1,0
33,48,1057273,1,0
33,49,1192398,1,0
33,50,1081105,1,0
33,51,1089047,1,0
33,52,1110864,1,0
33,53,1199966,1,0
33,54,1152791,1,0
33,55,1026895,1,0
33,56,1010659,1,0
33,57,1139575,1,0
33,58,1094399,1,0
33,59,944064,1,0
34,0,870192,1,0
34,1,656949,1,0
34,2,834011,1,0
34,3,965797,1,0
34,4,1129904,1,0
34,5,1150929,1,0
34,6,1067069,1,0
34,7,1122189,1,0
34,8,1165869,1,0
34,9,1118571,1,0
34,10,1141339,1,0
34,11,1072807,1,0
34,12,1200741,1,0
34,13,1191899,1,0
34,14,1160528,1,0
34,15,1122158,1,0
34,16,1067185,1,0
34,17,1113574,1,0
34,18,1146664,1,0
34,19,1193462,1,0
34,20,1063550,1,0
34,21,1100313,1,0
34,22,1062148,1,0
34,23,1144652,1,0
34,24,1030514,1,0
34,25,1070195,1,0
34,26,1115430,1,0
34,27,1215271,1,0
34,28,1069315,1,0
34,29,1071935,1,0
34,30,1072779,1,0
34,31,1207224,1,0
34,32,1116691,1,0
34,33,1009997,1,0
34,34,1100204,1,0
34,35,1250167,1,0
34,36,1096500,1,0
34,37,1094992,1,0
34,38,1055279,1,0
34,39,1225528,1,0
34,40,1117867,1,0
34,41,1085089,1,0
34,42,1094608,1,0
34,43,1091859,1,0
34,44,1129226,1,0
34,45,1188525,1,0
34,46,1287023,1,0
34,47,1059477,1,0
34,48,1073541,1,0
34,49,1066046,1,0
34,50,1231935,1,0
34,51,1031816,1,0
34,52,1080023,1,0
34,53,1125116,1,0
34,54,1247397,1,0
34,55,1096727,1,0
34,56,1015339,1,0
34,57,1015964,1,0
34,58,1147806,1,0
34,59,1103306,1,0
35,0,510939,1,0
35,1,876288,1,0
35,2,1038812,1,0
35,3,1153701,1,0
35,4,1151934,1,0
35,5,1149076,1,0
35,6,1064132,1,0
35,7,1138786,1,0
35,8,1158953,1,0
35,9,1136593,1,0
35,10,1115411,1,0
35,11,1085709,1,0
35,12,1215163,1,0
35,13,1195665,1,0
35,14,1134867,1,0
35,15,1117814,1,0
35,16,1071380,1,0
35,17,1120326,1,0
35,18,1151043,1,0
35,19,1163545,1,0
35,20,1069475,1,0
35,21,1095675,1,0
35,22,10021,1,0
35,23,1083013,1,0
35,24,1137669,1,0
35,25,1021020,1,0
35,26,1088118,1,0
35,27,1106063,1,0
35,28,1217156,1,0
35,29,1068044,1,0
35,30,1061207,1,0
35,31,1105441,1,0
35,32,1185286,1,0
35,33,1110318,1,0
35,34,1017846,1,0
35,35,1159383,1,0
35,36,1183972,1,0
35,37,1122528,1,0
35,38,1064076,1,0
35,39,1078158,1,0
35,40,1216089,1,0
35,41,1134464,1,0
35,42,1078781,1,0
35,43,1070286,1,0
35,44,1116819,1,0
35,45,1162379,1,0
35,46,1155851,1,0
35,47,1280286,1,0
35,48,1051276,1,0
35,49,1084199,1,0
35,50,1057756,1,0
35,51,1221611,1,0
35,52,1045254,1,0
35,53,1113614,1,0
35,54,1090824,1,0
35,55,1260046,1,0
35,56,1066944,1,0
35,57,1011632,1,0
35,58,1039130,1,0
35,59,1149358,1,0
36,0,488468,1,0
36,1,604366,1,0
36,2,686248,1,0
36,3,746628,1,0
36,4,962991,1,0
36,5,1112159,1,0
36,6,1069456,1,0
36,7,1132939,1,0
36,8,1147243,1,0
36,9,1102775,1,0
36,10,1164537,1,0
36,11,1078963,1,0
36,12,1185087,1,0
36,13,1183607,1,0
36,14,1183434,1,0
36,15,1131145,1,0
36,16,1069147,1,0
36,17,1095270,1,0
36,18,1148328,1,0
36,19,1205221,1,0
36,20,1048965,1,0
36,21,1084131,1,0
36,22,1085229,1,0
36,23,1145597,1,0
36,24,1040822,1,0
36,25,1062641,1,0
36,26,1130402,1,0
36,27,1198938,1,0
36,28,1077470,1,0
36,29,1068837,1,0
36,30,1071394,1,0
36,31,1203555,1,0
36,32,1101926,1,0
36,33,1032624,1,0
36,34,1089709,1,0
36,35,1256790,1,0
36,36,1084232,1,0
36,37,1104636,1,0
36,38,1051179,1,0
36,39,1228480,1,0
36,40,1117426,1,0
36,41,1089998,1,0
36,42,1081016,1,0
36,43,1086245,1,0
36,44,1124714,1,0
36,45,1211424,1,0
36,46,1283844,1,0
36,47,1069027,1,0
36,48,1059529,1,0
36,49,1061315,1,0
36,50,1188109,1,0
36,51,1085541,1,0
36,52,1081285,1,0
36,53,1115045,1,0
36,54,1190697,1,0
36,55,1163458,1,0
36,56,1030846,1,0
36,57,1008650,1,0
36,58,1137465,1,0
36,59,1096539,1,0
37,0,473661,1,0
37,1,715066,1,0
37,2,800897,1,0
37,3,1024383,1,0
37,4,1162739,1,0
37,5,1147357,1,0
37,6,1065166,1,0
37,7,1129576,1,0
37,8,1164975,1,0
37,9,1123190,1,0
37,10,1133077,1,0
37,11,1069220,1,0
37,12,1208413,1,0
37,13,1189834,1,0
37,14,1158350,1,0
37,15,1120111,1,0
37,16,1064187,1,0
37,17,1125157,1,0
37,18,1143317,1,0
37,19,1185564,1,0
37,20,1066007,1,0
37,21,1096601,1,0
37,22,1066467,1,0
37,23,1147442,1,0
37,24,1027710,1,0
37,25,1071620,1,0
37,26,1111723,1,0
37,27,1216336,1,0
37,28,1071884,1,0
37,29,1069557,1,0
37,30,1071317,1,0
37,31,1208648,1,0
37,32,1116066,1,0
37,33,1010998,1,0
37,34,1106102,1,0
37,35,1245580,1,0
37,36,1099197,1,0
37,37,1089998,1,0
37,38,1054789,1,0
37,39,1229936,1,0
37,40,1127189,1,0
37,41,1080165,1,0
37,42,1085228,1,0
37,43,1095617,1,0
37,44,1148955,1,0
37,45,1170863,1,0
37,46,1281886,1,0
37,47,1057774,1,0
37,48,1081723,1,0
37,49,1064200,1,0
37,50,1231469,1,0
37,51,1032766,1,0
37,52,1077616,1,0
37,53,1127996,1,0
37,54,1260126,1,0
37,55,1079115,1,0
37,56,1011873,1,0
37,57,1020751,1,0
37,58,1146515,1,0
37,59,1112309,1,0
38,0,838365,1,0
38,1,668910,1,0
38,2,870788,1,0
38,3,1045268,1,0
38,4,1162568,1,0
38,5,1148675,1,0
38,6,1064107,1,0
38,7,1129481,1,0
38,8,1166722,1,0
38,9,1125778,1,0
38,10,1126985,1,0
38,11,1071621,1,0
38,12,1215627,1,0
38,13,1183419,1,0
38,14,1158320,1,0
38,15,1123851,1,0
38,16,1058300,1,0
38,17,1126573,1,0
38,18,1146897,1,0
38,19,1180909,1,0
38,20,1067848,1,0
38,21,1093626,1,0
38,22,1071017,1,0
38,23,1147064,1,0
38,24,1024019,1,0
38,25,1075585,1,0
38,26,1108761,1,0
38,27,1216189,1,0
38,28,1072535,1,0
38,29,1067663,1,0
38,30,1073211,1,0
38,31,1209692,1,0
38,32,1114050,1,0
38,33,1012194,1,0
38,34,1107973,1,0
38,35,1242700,1,0
38,36,1100527,1,0
38,37,1088219,1,0
38,38,1055830,1,0
38,39,1228795,1,0
38,40,1133368,1,0
38,41,1077732,1,0
38,42,1081598,1,0
38,43,1098999,1,0
38,44,1150707,1,0
38,45,1171933,1,0
38,46,1275255,1,0
38,47,1060578,1,0
38,48,1079964,1,0
38,49,1064465,1,0
38,50,1229809,1,0
38,51,1033701,1,0
38,52,1079962,1,0
38,53,1127918,1,0
38,54,1258852,1,0
38,55,1077169,1,0
38,56,1013095,1,0
38,57,1021981,1,0
38,58,1145106,1,0
38,59,1112777,1,0
39,0,1344434,1,0
39,1,1148367,1,0
39,2,1159077,1,0
39,3,1148738,1,0
39,4,1184391,1,0
39,5,1074202,1,0
39,6,1109089,1,0
39,7,1158226,1,0
39,8,1096080,1,0
39,9,1170881,1,0
39,10,1089650,1,0
39,11,1162048,1,0
39,12,1196003,1,0
39,13,1195511,1,0
39,14,1063543,1,0
39,15,1134438,1,0
39,16,1088244,1,0
39,17,1144457,1,0
39,18,1204967,1,0
39,19,1059694,1,0
39,20,1084795,1,0
39,21,1072046,1,0
39,22,1150023,1,0
39,23,1048802,1,0
39,24,1057756,1,0
39,25,1130485,1,0
39,26,1203694,1,0
39,27,1078637,1,0
39,28,1069268,1,0
39,29,1074972,1,0
39,30,1196974,1,0
39,31,1095667,1,0
39,32,1041010,1,0
39,33,1062509,1,0
39,34,1271626,1,0
39,35,1077223,1,0
39,36,1108046,1,0
39,37,1058434,1,0
39,38,1222419,1,0
39,39,1123232,1,0
39,40,1091703,1,0
39,41,1076678,1,0
39,42,1091453,1,0
39,43,1127020,1,0
39,44,1207921,1,0
39,45,1234173,1,0
39,46,1132640,1,0
39,47,1053728,1,0
39,48,1056216,1,0
39,49,1139234,1,0
39,50,1135036,1,0
39,51,1083836,1,0
39,52,1114407,1,0
39,53,1136301,1,0
39,54,1222207,1,0
39,55,1029165,1,0
39,56,1011788,1,0
39,57,1057375,1,0
39,58,1169532,1,0
39,59,1044506,1,0
40,0,1210517,1,0
40,1,1156048,1,0
40,2,1157876,1,0
40,3,1147896,1,0
40,4,1175210,1,0
40,5,1095182,1,0
40,6,1098994,1,0
40,7,1154145,1,0
40,8,1108086,1,0
40,9,1149494,1,0
40,10,1107071,1,0
40,11,1156278,1,0
40,12,1184121,1,0
40,13,1211614,1,0
40,14,1071989,1,0
40,15,1131742,1,0
40,16,1085033,1,0
40,17,1141657,1,0
40,18,1144485,1,0
40,19,1117057,1,0
40,20,1092214,1,0
40,21,1074110,1,0
40,22,1153097,1,0
40,23,1056196,1,0
40,24,1040905,1,0
40,25,1124091,1,0
40,26,1220854,1,0
40,27,1073424,1,0
40,28,1076981,1,0
40,29,1069483,1,0
40,30,1195364,1,0
40,31,1083299,1,0
40,32,1068942,1,0
40,33,1032566,1,0
40,34,1284485,1,0
40,35,1074793,1,0
40,36,1111289,1,0
40,37,1058572,1,0
40,38,1214510,1,0
40,39,1130647,1,0
40,40,1094366,1,0
40,41,1073089,1,0
40,42,1094707,1,0
40,43,1126038,1,0
40,44,1190515,1,0
40,45,1228299,1,0
40,46,1166680,1,0
40,47,1044339,1,0
40,48,1051353,1,0
40,49,1137733,1,0
40,50,1148323,1,0
40,51,1078353,1,0
40,52,1111586,1,0
40,53,1113249,1,0
40,54,1247413,1,0
40,55,1031253,1,0
40,56,1008749,1,0
40,57,1065342,1,0
40,58,1157850,1,0
40,59,1061218,1,0
41,0,934700,1,0
41,1,1011317,1,0
41,2,1136468,1,0
41,3,1150242,1,0
41,4,1158374,1,0
41,5,1147678,1,0
41,6,1060974,1,0
41,7,1147345,1,0
41,8,1156569,1,0
41,9,1139821,1,0
41,10,1102782,1,0
41,11,1093370,1,0
41,12,1217070,1,0
41,13,1200165,1,0
41,14,1125955,1,0
41,15,1115441,1,0
41,16,1089485,1,0
41,17,1113059,1,0
41,18,1149395,1,0
41,19,1154760,1,0
41,20,1074440,1,0
41,21,1083620,1,0
41,22,1098290,1,0
41,23,1128024,1,0
41,24,1021846,1,0
41,25,1108226,1,0
41,26,1122569,1,0
41,27,1184725,1,0
41,28,1067027,1,0
41,29,1053410,1,0
41,30,1143777,1,0
41,31,1151891,1,0
41,32,1105483,1,0
41,33,1020038,1,0
41,34,1203478,1,0
41,35,1136535,1,0
41,36,1133202,1,0
41,37,1055428,1,0
41,38,1096889,1,0
41,39,1207927,1,0
41,40,1127949,1,0
41,41,1080247,1,0
41,42,1066622,1,0
41,43,1138134,1,0
41,44,1150964,1,0
41,45,1147479,1,0
41,46,1284475,1,0
41,47,1045952,1,0
41,48,1082331,1,0
41,49,1064373,1,0
41,50,1207749,1,0
41,51,1058538,1,0
41,52,1108948,1,0
41,53,1095042,1,0
41,54,1262524,1,0
41,55,1057662,1,0
41,56,1007916,1,0
41,57,1049569,1,0
41,58,1147156,1,0
41,59,1092094,1,0
42,0,1256692,1,0
42,1,1151347,1,0
42,2,1162280,1,0
42,3,1150314,1,0
42,4,1177092,1,0
42,5,1089140,1,0
42,6,1100787,1,0
42,7,1156072,1,0
42,8,1105590,1,0
42,9,1155357,1,0
42,10,1102597,1,0
42,11,1157141,1,0
42,12,1186554,1,0
42,13,1210121,1,0
42,14,1065768,1,0
42,15,1129595,1,0
42,16,1091835,1,0
42,17,1140188,1,0
42,18,1189749,1,0
42,19,1069314,1,0
42,20,1096726,1,0
42,21,1068151,1,0
42,22,1154000,1,0
42,23,1051256,1,0
42,24,1051880,1,0
42,25,1124924,1,0
42,26,1215488,1,0
42,27,1071939,1,0
42,28,1072550,1,0
42,29,1072296,1,0
42,30,1194807,1,0
42,31,1090650,1,0
42,32,1058881,1,0
42,33,1038816,1,0
42,34,1281819,1,0
42,35,1079641,1,0
42,36,1103823,1,0
42,37,1064789,1,0
42,38,1220458,1,0
42,39,1126345,1,0
42,40,1091489,1,0
42,41,1071480,1,0
42,42,1097540,1,0
42,43,1122075,1,0
42,44,1200112,1,0
42,45,1233338,1,0
42,46,1150691,1,0
42,47,1045900,1,0
42,48,1055059,1,0
42,49,1134213,1,0
42,50,1145205,1,0
42,51,1084207,1,0
42,52,1108315,1,0
42,53,1117405,1,0
42,54,1246934,1,0
42,55,1028093,1,0
42,56,1008129,1,0
42,57,1064501,1,0
42,58,1159926,1,0
42,59,1060135,1,0
43,0,450784,1,0
43,1,546729,1,0
43,2,662652,1,0
43,3,841466,1,0
43,4,1094595,1,0
43,5,1151359,1,0
43,6,1070635,1,0
43,7,1122679,1,0
43,8,1162447,1,0
43,9,1114154,1,0
43,10,1148441,1,0
43,11,1067918,1,0
43,12,1200857,1,0
43,13,1190777,1,0
43,14,1165398,1,0
43,15,1124651,1,0
43,16,1067892,1,0
43,17,1104706,1,0
43,18,1150579,1,0
43,19,1195124,1,0
43,20,1063989,1,0
43,21,1104373,1,0
43,22,1059753,1,0
43,23,1139723,1,0
43,24,1036808,1,0
43,25,1070946,1,0
43,26,1113612,1,0
43,27,1216433,1,0
43,28,1067587,1,0
43,29,1074834,1,0
43,30,1071608,1,0
43,31,1205237,1,0
43,32,1112612,1,0
43,33,1014152,1,0
43,34,1096822,1,0
43,35,1255230,1,0
43,36,1095427,1,0
43,37,1095597,1,0
43,38,1052846,1,0
43,39,1221824,1,0
43,40,1122209,1,0
43,41,1082650,1,0
43,42,1096961,1,0
43,43,1088113,1,0
43,44,1127074,1,0
43,45,1195209,1,0
43,46,1285629,1,0
43,47,1060655,1,0
43,48,1073087,1,0
43,49,1055844,1,0
43,50,1240795,1,0
43,51,1034615,1,0
43,52,1079472,1,0
43,53,1122447,1,0
43,54,1233405,1,0
43,55,1111375,1,0
43,56,1019118,1,0
43,57,1015032,1,0
43,58,1146069,1,0
43,59,1100367,1,0
44,0,136563,1,0
44,1,408314,1,0
44,2,653369,1,0
44,3,735108,1,0
44,4,928492,1,0
44,5,13295,1,0
44,6,1078802,1,0
44,7,1115541,1,0
44,8,1154687,1,0
44,9,1095156,1,0
44,10,1172525,1,0
44,11,1090108,1,0
44,12,1167936,1,0
44,13,1190832,1,0
44,14,1192609,1,0
44,15,1063713,1,0
44,16,1134518,1,0
44,17,1089194,1,0
44,18,1144059,1,0
44,19,1211213,1,0
44,20,1052117,1,0
44,21,1085454,1,0
44,22,1076670,1,0
44,23,1144414,1,0
44,24,1050696,1,0
44,25,1058916,1,0
44,26,1130052,1,0
44,27,1202931,1,0
44,28,1076937,1,0
44,29,1070625,1,0
44,30,1075403,1,0
44,31,1196712,1,0
44,32,1095768,1,0
44,33,1039953,1,0
44,34,1063769,1,0
44,35,1273352,1,0
44,36,1077761,1,0
44,37,1108104,1,0
44,38,1059439,1,0
44,39,1221199,1,0
44,40,1123424,1,0
44,41,1088702,1,0
44,42,1078295,1,0
44,43,1091985,1,0
44,44,1124787,1,0
44,45,1210414,1,0
44,46,1252835,1,0
44,47,1109494,1,0
44,48,1056213,1,0
44,49,1056371,1,0
44,50,1150248,1,0
44,51,1126391,1,0
44,52,1079998,1,0
44,53,1117849,1,0
44,54,1135616,1,0
44,55,1220504,1,0
44,56,1030857,1,0
44,57,1008982,1,0
44,58,1063894,1,0
44,59,1164548,1,0
45,0,1281509,1,0
45,1,1156244,1,0
45,2,1157002,1,0
45,3,1149943,1,0
45,4,1179329,1,0
45,5,1085092,1,0
45,6,1103092,1,0
45,7,1156460,1,0
45,8,1101897,1,0
45,9,1158416,1,0
45,10,1101614,1,0
45,11,1159248,1,0
45,12,1191339,1,0
45,13,1205365,1,0
45,14,1062349,1,0
45,15,1129943,1,0
45,16,1091334,1,0
45,17,1144016,1,0
45,18,1201529,1,0
45,19,1056654,1,0
45,20,1096165,1,0
45,21,1067770,1,0
45,22,1151267,1,0
45,23,1052166,1,0
45,24,1052968,1,0
45,25,1124901,1,0
45,26,1215354,1,0
45,27,1075389,1,0
45,28,1067114,1,0
45,29,1075356,1,0
45,30,1193359,1,0
45,31,1092162,1,0
45,32,1055115,1,0
45,33,1046448,1,0
45,34,1278103,1,0
45,35,1078385,1,0
45,36,1102428,1,0
45,37,1068150,1,0
45,38,1218537,1,0
45,39,1124944,1,0
45,40,1089586,1,0
45,41,1074213,1,0
45,42,1095739,1,0
45,43,1125836,1,0
45,44,1198097,1,0
45,45,1233421,1,0
45,46,1149546,1,0
45,47,1048343,1,0
45,48,1054839,1,0
45,49,1141861,1,0
45,50,1135454,1,0
45,51,1085529,1,0
45,52,1108020,1,0
45,53,1126664,1,0
45,54,1236675,1,0
45,55,1029130,1,0
45,56,1010153,1,0
45,57,1059997,1,0
45,58,1163616,1,0
45,59,1056105,1,0
46,0,437374,1,0
46,1,558978,1,0
46,2,621053,1,0
46,3,897764,1,0
46,4,1073605,1,0
46,5,1149239,1,0
46,6,1070427,1,0
46,7,1124668,1,0
46,8,1158622,1,0
46,9,1102780,1,0
46,10,1162228,1,0
46,11,1070017,1,0
46,12,1194861,1,0
46,13,1193445,1,0
46,14,1161940,1,0
46,15,1131280,1,0
46,16,1067042,1,0
46,17,1105433,1,0
46,18,1150358,1,0
46,19,1192825,1,0
46,20,1056843,1,0
46,21,1114138,1,0
46,22,1058729,1,0
46,23,1136187,1,0
46,24,1042165,1,0
46,25,1069617,1,0
46,26,1115496,1,0
46,27,1214098,1,0
46,28,1070063,1,0
46,29,1071133,1,0
46,30,1074825,1,0
46,31,1204713,1,0
46,32,1112411,1,0
46,33,1012745,1,0
46,34,1098591,1,0
46,35,1254674,1,0
46,36,1090914,1,0
46,37,1099339,1,0
46,38,1055183,1,0
46,39,1220472,1,0
46,40,1120748,1,0
46,41,1083850,1,0
46,42,1095262,1,0
46,43,1081004,1,0
46,44,1133717,1,0
46,45,1196236,1,0
46,46,1284870,1,0
46,47,1064119,1,0
46,48,1069934,1,0
46,49,1057203,1,0
46,50,1234161,1,0
46,51,1042269,1,0
46,52,1079836,1,0
46,53,1116165,1,0
46,54,1218878,1,0
46,55,1132537,1,0
46,56,1020784,1,0
46,57,1013946,1,0
46,58,1142476,1,0
46,59,1099469,1,0
47,0,1382960,1,0
47,1,1144694,1,0
47,2,1157992,1,0
47,3,1152091,1,0
47,4,1182231,1,0
47,5,1077025,1,0
47,6,1121412,1,0
47,7,1150184,1,0
47,8,1094603,1,0
47,9,1173134,1,0
47,10,1089908,1,0
47,11,1168052,1,0
47,12,1192737,1,0
47,13,1192129,1,0
47,14,1072566,1,0
47,15,1120845,1,0
47,16,1096557,1,0
47,17,1141163,1,0
47,18,1212839,1,0
47,19,1048026,1,0
47,20,1085284,1,0
47,21,1080237,1,0
47,22,1144831,1,0
47,23,1049068,1,0
47,24,1056620,1,0
47,25,1132238,1,0
47,26,1201258,1,0
47,27,1076129,1,0
47,28,1071888,1,0
47,29,1075215,1,0
47,30,1196502,1,0
47,31,1099487,1,0
47,32,1035677,1,0
47,33,1065446,1,0
47,34,1273484,1,0
47,35,1084873,1,0
47,36,1101089,1,0
47,37,1061009,1,0
47,38,1218300,1,0
47,39,1123615,1,0
47,40,1093237,1,0
47,41,1075455,1,0
47,42,1090463,1,0
47,43,1129165,1,0
47,44,1208117,1,0
47,45,1250022,1,0
47,46,1108882,1,0
47,47,1056738,1,0
47,48,1058236,1,0
47,49,1148417,1,0
47,50,1128903,1,0
47,51,1078182,1,0
47,52,1116204,1,0
47,53,1158505,1,0
47,54,1195850,1,0
47,55,1035485,1,0
47,56,1008439,1,0
47,57,1079706,1,0
47,58,1150184,1,0
47,59,1029444,1,0
48,0,1121257,1,0
48,1,1155245,1,0
48,2,1157580,1,0
48,3,1146591,1,0
48,4,1172447,1,0
48,5,1110174,1,0
48,6,1076738,1,0
48,7,1163115,1,0
48,8,1117355,1,0
48,9,1146641,1,0
48,10,1105904,1,0
48,11,1147010,1,0
48,12,1180874,1,0
48,13,1213094,1,0
48,14,1090821,1,0
48,15,1120429,1,0
48,16,1085220,1,0
48,17,1135668,1,0
48,18,1142748,1,0
48,19,1131155,1,0
48,20,1071186,1,0
48,21,1093838,1,0
48,22,1154150,1,0
48,23,1060636,1,0
48,24,1038096,1,0
48,25,1123409,1,0
48,26,1199561,1,0
48,27,1091303,1,0
48,28,1076111,1,0
48,29,1069600,1,0
48,30,1196758,1,0
48,31,1077484,1,0
48,32,1079709,1,0
48,33,1028800,1,0
48,34,1286924,1,0
48,35,1060365,1,0
48,36,1121812,1,0
48,37,1064921,1,0
48,38,1199843,1,0
48,39,1132063,1,0
48,40,1103284,1,0
48,41,1074169,1,0
48,42,1079887,1,0
48,43,1137323,1,0
48,44,1182220,1,0
48,45,1207739,1,0
48,46,1200355,1,0
48,47,1039529,1,0
48,48,1057956,1,0
48,49,1107089,1,0
48,50,1177661,1,0
48,51,1074370,1,0
48,52,1111438,1,0
48,53,1095037,1,0
48,54,1266735,1,0
48,55,1032901,1,0
48,56,1008029,1,0
48,57,1069200,1,0
48,58,1154671,1,0
48,59,1064393,1,0
49,0,423156,1,0
49,1,724862,1,0
49,2,904338,1,0
49,3,1014715,1,0
49,4,1162315,1,0
49,5,1146284,1,0
49,6,1066548,1,0
49,7,1130334,1,0
49,8,1162143,1,0
49,9,1123187,1,0
49,10,1134326,1,0
49,11,1069077,1,0
49,12,1206785,1,0
49,13,1188523,1,0
49,14,1160367,1,0
49,15,1120907,1,0
49,16,1065785,1,0
49,17,1122509,1,0
49,18,1145558,1,0
49,19,1185739,1,0
49,20,1064150,1,0
49,21,1098562,1,0
49,22,1064953,1,0
49,23,1147376,1,0
49,24,1029046,1,0
49,25,1070524,1,0
49,26,1113021,1,0
49,27,1216068,1,0
49,28,1070851,1,0
49,29,1069382,1,0
49,30,1072494,1,0
49,31,1208653,1,0
49,32,1116323,1,0
49,33,1009762,1,0
49,34,1105253,1,0
49,35,1246638,1,0
49,36,1098903,1,0
49,37,1091112,1,0
49,38,1054765,1,0
49,39,1227269,1,0
49,40,1118797,1,0
49,41,1089880,1,0
49,42,1085105,1,0
49,43,1094892,1,0
49,44,1142451,1,0
49,45,1177634,1,0
49,46,1282633,1,0
49,47,1058645,1,0
49,48,1080404,1,0
49,49,1064585,1,0
49,50,1231327,1,0
49,51,1032844,1,0
49,52,1079297,1,0
49,53,1125742,1,0
49,54,1262016,1,0
49,55,1077357,1,0
49,56,1013596,1,0
49,57,1021734,1,0
49,58,1143768,1,0
49,59,1111832,1,0
50,0,1168032,1,0
50,1,1156744,1,0
50,2,1154843,1,0
50,3,1145944,1,0
50,4,1173980,1,0
50,5,1104487,1,0
50,6,1080759,1,0
50,7,1167078,1,0
50,8,1111180,1,0
50,9,1147351,1,0
50,10,1104922,1,0
50,11,1156244,1,0
50,12,1178594,1,0
50,13,1214191,1,0
50,14,1079964,1,0
50,15,1128331,1,0
50,16,1080260,1,0
50,17,1138895,1,0
50,18,1138024,1,0
50,19,1130187,1,0
50,20,1073018,1,0
50,21,1093975,1,0
50,22,1156209,1,0
50,23,1056410,1,0
50,24,1039298,1,0
50,25,1123931,1,0
50,26,1210825,1,0
50,27,1085390,1,0
50,28,1071726,1,0
50,29,1073186,1,0
50,30,1195614,1,0
50,31,1081176,1,0
50,32,1070793,1,0
50,33,1031614,1,0
50,34,1287041,1,0
50,35,1063775,1,0
50,36,1118451,1,0
50,37,1060963,1,0
50,38,1202736,1,0
50,39,1138197,1,0
50,40,1097307,1,0
50,41,1073918,1,0
50,42,1082723,1,0
50,43,1137847,1,0
50,44,1186363,1,0
50,45,1219820,1,0
50,46,1180041,1,0
50,47,1042850,1,0
50,48,1052580,1,0
50,49,1123422,1,0
50,50,1165992,1,0
50,51,1073420,1,0
50,52,1114084,1,0
50,53,1110914,1,0
50,54,1247842,1,0
50,55,1036731,1,0
50,56,1003501,1,0
50,57,1069788,1,0
50,58,1155852,1,0
50,59,1061990,1,0
51,0,1305773,1,0
51,1,1152936,1,0
51,2,1160259,1,0
51,3,1145418,1,0
51,4,1179967,1,0
51,5,1084663,1,0
51,6,1105663,1,0
51,7,1157148,1,0
51,8,1099195,1,0
51,9,1165204,1,0
51,10,1096031,1,0
51,11,1156472,1,0
51,12,1196461,1,0
51,13,1201377,1,0
51,14,1061863,1,0
51,15,1131951,1,0
51,16,1090586,1,0
51,17,1142931,1,0
51,18,1206817,1,0
51,19,1052049,1,0
51,20,1093492,1,0
51,21,1070701,1,0
51,22,1150490,1,0
51,23,1051372,1,0
51,24,1053811,1,0
51,25,1129843,1,0
51,26,1209160,1,0
51,27,1076846,1,0
51,28,1067742,1,0
51,29,1074960,1,0
51,30,1192982,1,0
51,31,1094733,1,0
51,32,1049115,1,0
51,33,1052830,1,0
51,34,1274472,1,0
51,35,1080192,1,0
51,36,1105036,1,0
51,37,1063049,1,0
51,38,1220022,1,0
51,39,1124658,1,0
51,40,1090376,1,0
51,41,1075684,1,0
51,42,1095181,1,0
51,43,1124936,1,0
51,44,1200534,1,0
51,45,1241030,1,0
51,46,1134485,1,0
51,47,1053400,1,0
51,48,1053608,1,0
51,49,1141791,1,0
51,50,1133658,1,0
51,51,1086972,1,0
51,52,1110046,1,0
51,53,1130773,1,0
51,54,1230558,1,0
51,55,1030319,1,0
51,56,1009160,1,0
51,57,1058387,1,0
51,58,1166713,1,0
51,59,1050909,1,0
52,0,410670,1,0
52,1,791939,1,0
52,2,781542,1,0
52,3,1067103,1,0
52,4,1160891,1,0
52,5,1149219,1,0
52,6,1064070,1,0
52,7,1132282,1,0
52,8,1163646,1,0
52,9,1131713,1,0
52,10,1120838,1,0
52,11,1071745,1,0
52,12,1220798,1,0
52,13,1183362,1,0
52,14,1154973,1,0
52,15,1119995,1,0
52,16,1059790,1,0
52,17,1127852,1,0
52,18,1147854,1,0
52,19,1178679,1,0
52,20,1069254,1,0
52,21,1091173,1,0
52,22,1072578,1,0
52,23,1148549,1,0
52,24,1023210,1,0
52,25,1076152,1,0
52,26,1108253,1,0
52,27,1217341,1,0
52,28,1070838,1,0
52,29,1067217,1,0
52,30,1073143,1,0
52,31,1211175,1,0
52,32,1116065,1,0
52,33,1008708,1,0
52,34,1120618,1,0
52,35,1229318,1,0
52,36,1103892,1,0
52,37,1086675,1,0
52,38,1055216,1,0
52,39,1227976,1,0
52,40,1136836,1,0
52,41,1077180,1,0
52,42,1079290,1,0
52,43,1099412,1,0
52,44,1150842,1,0
52,45,1171007,1,0
52,46,1277126,1,0
52,47,1057983,1,0
52,48,1081341,1,0
52,49,1064845,1,0
52,50,1230626,1,0
52,51,1033734,1,0
52,52,1083123,1,0
52,53,1124609,1,0
52,54,1257186,1,0
52,55,1077695,1,0
52,56,1011691,1,0
52,57,1024551,1,0
52,58,1146889,1,0
52,59,1111513,1,0
53,0,964947,1,0
53,1,933333,1,0
53,2,1081633,1,0
53,3,1154485,1,0
53,4,1148640,1,0
53,5,1155631,1,0
53,6,1056728,1,0
53,7,1147743,1,0
53,8,1156314,1,0
53,9,1137790,1,0
53,10,1109229,1,0
53,11,1091825,1,0
53,12,1212569,1,0
53,13,1195330,1,0
53,14,1135503,1,0
53,15,1113227,1,0
53,16,1079710,1,0
53,17,1117629,1,0
53,18,1149167,1,0
53,19,1159355,1,0
53,20,1065728,1,0
53,21,1098837,1,0
53,22,1085957,1,0
53,23,1137886,1,0
53,24,1019397,1,0
53,25,1096098,1,0
53,26,1113407,1,0
53,27,1204620,1,0
53,28,1063585,1,0
53,29,1063114,1,0
53,30,1125833,1,0
53,31,1167982,1,0
53,32,1105822,1,0
53,33,1019344,1,0
53,34,1176675,1,0
53,35,1166902,1,0
53,36,1126759,1,0
53,37,1059300,1,0
53,38,1083575,1,0
53,39,1218663,1,0
53,40,1128357,1,0
53,41,1078411,1,0
53,42,1068813,1,0
53,43,1125269,1,0
53,44,1159923,1,0
53,45,1149778,1,0
53,46,1285505,1,0
53,47,1043979,1,0
53,48,1087496,1,0
53,49,1059341,1,0
53,50,1216701,1,0
53,51,1050546,1,0
53,52,1110919,1,0
53,53,1092102,1,0
53,54,1262810,1,0
53,55,1060153,1,0
53,56,1012411,1,0
53,57,1043051,1,0
53,58,1147907,1,0
53,59,1094066,1,0
54,0,1032945,1,0
54,1,1163911,1,0
54,2,1148237,1,0
54,3,1148397,1,0
54,4,1173634,1,0
54,5,1120937,1,0
54,6,1066056,1,0
54,7,1157614,1,0
54,8,1134427,1,0
54,9,1144498,1,0
54,10,1107176,1,0
54,11,1130410,1,0
54,12,1192287,1,0
54,13,1210021,1,0
54,14,1097934,1,0
54,15,1117019,1,0
54,16,1093858,1,0
54,17,1127945,1,0
54,18,1140939,1,0
54,19,1142556,1,0
54,20,1069521,1,0
54,21,1087317,1,0
54,22,1155262,1,0
54,23,1068060,1,0
54,24,1032815,1,0
54,25,1121801,1,0
54,26,1169505,1,0
54,27,1119650,1,0
54,28,1078634,1,0
54,29,1071604,1,0
54,30,1194390,1,0
54,31,1076366,1,0
54,32,1085536,1,0
54,33,1028739,1,0
54,34,1266614,1,0
54,35,1073261,1,0
54,36,1123744,1,0
54,37,1068452,1,0
54,38,1170097,1,0
54,39,1158927,1,0
54,40,1108244,1,0
54,41,1067440,1,0
54,42,1078664,1,0
54,43,1137956,1,0
54,44,1165769,1,0
54,45,1163710,1,0
54,46,1265371,1,0
54,47,1034840,1,0
54,48,1068097,1,0
54,49,1087522,1,0
54,50,1188932,1,0
54,51,1076822,1,0
54,52,1109171,1,0
54,53,1088319,1,0
54,54,1272228,1,0
54,55,1035390,1,0
54,56,1012601,1,0
54,57,1066390,1,0
54,58,1145528,1,0
54,59,1074588,1,0
55,0,1095554,1,0
55,1,1155959,1,0
55,2,1152462,1,0
55,3,1152693,1,0
55,4,1175803,1,0
55,5,1111044,1,0
55,6,1075297,1,0
55,7,1159036,1,0
55,8,1121734,1,0
55,9,1147142,1,0
55,10,1107399,1,0
55,11,1141931,1,0
55,12,1180609,1,0
55,13,1211785,1,0
55,14,1096045,1,0
55,15,1115832,1,0
55,16,1090000,1,0
55,17,1134652,1,0
55,18,1141809,1,0
55,19,1132297,1,0
55,20,1072220,1,0
55,21,1091409,1,0
55,22,1154144,1,0
55,23,1062892,1,0
55,24,1035904,1,0
55,25,1123871,1,0
55,26,1201064,1,0
55,27,1091913,1,0
55,28,1076072,1,0
55,29,1067797,1,0
55,30,1196500,1,0
55,31,1077474,1,0
55,32,1082992,1,0
55,33,1026678,1,0
55,34,1283007,1,0
55,35,1062445,1,0
55,36,1121649,1,0
55,37,1066273,1,0
55,38,1198391,1,0
55,39,1134327,1,0
55,40,1104056,1,0
55,41,1072521,1,0
55,42,1077959,1,0
55,43,1138503,1,0
55,44,1174129,1,0
55,45,1209666,1,0
55,46,1208015,1,0
55,47,1038698,1,0
55,48,1059843,1,0
55,49,1105950,1,0
55,50,1176047,1,0
55,51,1073896,1,0
55,52,1112070,1,0
55,53,1093077,1,0
55,54,1269055,1,0
55,55,1031999,1,0
55,56,1010482,1,0
55,57,1069577,1,0
55,58,1150707,1,0
55,59,1067264,1,0
56,0,314842,1,0
56,1,418751,1,0
56,2,720290,1,0
56,3,774931,1,0
56,4,988950,1,0
56,5,1057599,1,0
56,6,1070018,1,0
56,7,1130171,1,0
56,8,1148036,1,0
56,9,1097570,1,0
56,10,1170888,1,0
56,11,1082624,1,0
56,12,1175008,1,0
56,13,1189114,1,0
56,14,1189609,1,0
56,15,1087080,1,0
56,16,1111060,1,0
56,17,1093642,1,0
56,18,1142595,1,0
56,19,1212964,1,0
56,20,1043652,1,0
56,21,1088130,1,0
56,22,1083657,1,0
56,23,1145017,1,0
56,24,1044584,1,0
56,25,1061367,1,0
56,26,1125729,1,0
56,27,1209067,1,0
56,28,1068451,1,0
56,29,1073409,1,0
56,30,1073911,1,0
56,31,1197229,1,0
56,32,1101174,1,0
56,33,1035929,1,0
56,34,1064043,1,0
56,35,1275588,1,0
56,36,1087423,1,0
56,37,1104346,1,0
56,38,1055954,1,0
56,39,1217330,1,0
56,40,1123121,1,0
56,41,1091700,1,0
56,42,1079104,1,0
56,43,1088082,1,0
56,44,1127764,1,0
56,45,1209679,1,0
56,46,1265316,1,0
56,47,1090373,1,0
56,48,1061723,1,0
56,49,1056506,1,0
56,50,1161099,1,0
56,51,1115782,1,0
56,52,1076498,1,0
56,53,1119247,1,0
56,54,1175241,1,0
56,55,1177209,1,0
56,56,1032751,1,0
56,57,1010254,1,0
56,58,1092570,1,0
56,59,1136992,1,0
57,0,1146790,1,0
57,1,1153210,1,0
57,2,1157360,1,0
57,3,1145403,1,0
57,4,1173038,1,0
57,5,1107926,1,0
57,6,1076819,1,0
57,7,1167051,1,0
57,8,1113263,1,0
57,9,1148174,1,0
57,10,1103699,1,0
57,11,1147996,1,0
57,12,1182884,1,0
57,13,1215947,1,0
57,14,1084457,1,0
57,15,1126246,1,0
57,16,1081425,1,0
57,17,1137054,1,0
57,18,1140374,1,0
57,19,1131506,1,0
57,20,1070816,1,0
57,21,1095816,1,0
57,22,1156035,1,0
57,23,1055521,1,0
57,24,1039670,1,0
57,25,1123550,1,0
57,26,1204170,1,0
57,27,1088670,1,0
57,28,1074934,1,0
57,29,1073687,1,0
57,30,1192303,1,0
57,31,1083377,1,0
57,32,1071358,1,0
57,33,1031387,1,0
57,34,1288180,1,0
57,35,1061123,1,0
57,36,1119268,1,0
57,37,1064171,1,0
57,38,1200393,1,0
57,39,1132827,1,0
57,40,1103571,1,0
57,41,1073759,1,0
57,42,1080359,1,0
57,43,1137436,1,0
57,44,1186338,1,0
57,45,1221418,1,0
57,46,1182385,1,0
57,47,1040250,1,0
57,48,1054861,1,0
57,49,1109537,1,0
57,50,1175852,1,0
57,51,1076446,1,0
57,52,1113655,1,0
57,53,1095538,1,0
57,54,1263040,1,0
57,55,1034119,1,0
57,56,1006485,1,0
57,57,1071600,1,0
57,58,1153415,1,0
57,59,1063104,1,0
58,0,1044634,1,0
58,1,1162064,1,0
58,2,1149820,1,0
58,3,1151244,1,0
58,4,1177918,1,0
58,5,1113187,1,0
58,6,1067441,1,0
58,7,1159581,1,0
58,8,1129263,1,0
58,9,1145675,1,0
58,10,1107607,1,0
58,11,1135021,1,0
58,12,1187993,1,0
58,13,1210454,1,0
58,14,1098151,1,0
58,15,1119504,1,0
58,16,1088470,1,0
58,17,1130452,1,0
58,18,1141283,1,0
58,19,1140214,1,0
58,20,1070833,1,0
58,21,1088121,1,0
58,22,1153987,1,0
58,23,1067179,1,0
58,24,1035084,1,0
58,25,1122717,1,0
58,26,1194703,1,0
58,27,1091627,1,0
58,28,1080441,1,0
58,29,1070655,1,0
58,30,1196519,1,0
58,31,1075022,1,0
58,32,1085799,1,0
58,33,1027417,1,0
58,34,1280048,1,0
58,35,1060519,1,0
58,36,1122126,1,0
58,37,1068864,1,0
58,38,1184656,1,0
58,39,1145235,1,0
58,40,1106585,1,0
58,41,1069799,1,0
58,42,1076972,1,0
58,43,1138595,1,0
58,44,1170075,1,0
58,45,1173595,1,0
58,46,1251485,1,0
58,47,1037166,1,0
58,48,1064667,1,0
58,49,1087592,1,0
58,50,1189690,1,0
58,51,1078348,1,0
58,52,1107396,1,0
58,53,1090804,1,0
58,54,1270831,1,0
58,55,1035086,1,0
58,56,1011718,1,0
58,57,1068290,1,0
58,58,1145952,1,0
58,59,1074497,1,0
59,0,379336,1,0
59,1,570836,1,0
59,2,606895,1,0
59,3,818418,1,0
59,4,1002095,1,0
59,5,1166102,1,0
59,6,1068747,1,0
59,7,1126780,1,0
59,8,1152781,1,0
59,9,1104739,1,0
59,10,1165030,1,0
59,11,1074021,1,0
59,12,1191598,1,0
59,13,1187726,1,0
59,14,1172439,1,0
59,15,1133127,1,0
59,16,1065225,1,0
59,17,1099037,1,0
59,18,1150406,1,0
59,19,1200034,1,0
59,20,1048600,1,0
59,21,1088274,1,0
59,22,1087657,1,0
59,23,1140547,1,0
59,24,1042233,1,0
59,25,1066149,1,0
59,26,1120193,1,0
59,27,1206494,1,0
59,28,1075139,1,0
59,29,1069721,1,0
59,30,1072002,1,0
59,31,1204848,1,0
59,32,1111159,1,0
59,33,1018761,1,0
59,34,1094471,1,0
59,35,1258577,1,0
59,36,1084685,1,0
59,37,1101264,1,0
59,38,1053965,1,0
59,39,1224327,1,0
59,40,1116480,1,0
59,41,1087583,1,0
59,42,1094048,1,0
59,43,1083933,1,0
59,44,1122926,1,0
59,45,1204003,1,0
59,46,1285838,1,0
59,47,1068671,1,0
59,48,1064485,1,0
59,49,1056227,1,0
59,50,1222657,1,0
59,51,1049021,1,0
59,52,1090353,1,0
59,53,1109791,1,0
59,54,1202591,1,0
59,55,1151646,1,0
59,56,1025388,1,0
59,57,1011400,1,0
59,58,1139103,1,0
59,59,1097786,1,0
60,0,397591,1,0
60,1,747621,1,0
60,2,893242,1,0
60,3,1034658,1,0
60,4,1161988,1,0
60,5,1148278,1,0
60,6,1066364,1,0
60,7,1129124,1,0
60,8,1166532,1,0
60,9,1122463,1,0
60,10,1131048,1,0
60,11,1068429,1,0
60,12,1211861,1,0
60,13,1188287,1,0
60,14,1158758,1,0
60,15,1121776,1,0
60,16,1061808,1,0
60,17,1125626,1,0
60,18,1142879,1,0
60,19,1184290,1,0
60,20,1067645,1,0
60,21,1095091,1,0
60,22,1068030,1,0
60,23,1148763,1,0
60,24,1025053,1,0
60,25,1072611,1,0
60,26,1111365,1,0
60,27,1215848,1,0
60,28,1072731,1,0
60,29,1068977,1,0
60,30,1071277,1,0
60,31,1209309,1,0
60,32,1115799,1,0
60,33,1010855,1,0
60,34,1106248,1,0
60,35,1244746,1,0
60,36,1101041,1,0
60,37,1088553,1,0
60,38,1054102,1,0
60,39,1231885,1,0
60,40,1127744,1,0
60,41,1079769,1,0
60,42,1082796,1,0
60,43,1100195,1,0
60,44,1149097,1,0
60,45,1172112,1,0
60,46,1276242,1,0
60,47,1059200,1,0
60,48,1080798,1,0
60,49,1063981,1,0
60,50,1230974,1,0
60,51,1034770,1,0
60,52,1077613,1,0
60,53,1127772,1,0
60,54,1259503,1,0
60,55,1077554,1,0
60,56,1011945,1,0
60,57,1022500,1,0
60,58,1145617,1,0
60,59,1111875,1,0
61,0,462973,1,0
61,1,909561,1,0
61,2,979189,1,0
61,3,1171875,1,0
61,4,1152131,1,0
61,5,1150561,1,0
61,6,1061978,1,0
61,7,1137060,1,0
61,8,1159072,1,0
61,9,1138824,1,0
61,10,1113834,1,0
61,11,1082723,1,0
61,12,1218508,1,0
61,13,1196001,1,0
61,14,1134768,1,0
61,15,1119110,1,0
61,16,1070527,1,0
61,17,1120715,1,0
61,18,1148942,1,0
61,19,1166712,1,0
61,20,1070532,1,0
61,21,1095185,1,0
61,22,1078829,1,0
61,23,1137613,1,0
61,24,1024749,1,0
61,25,1082549,1,0
61,26,1107037,1,0
61,27,1219764,1,0
61,28,1067727,1,0
61,29,1062991,1,0
61,30,1087626,1,0
61,31,1202011,1,0
61,32,1110446,1,0
61,33,1016525,1,0
61,34,1140177,1,0
61,35,1203801,1,0
61,36,1115515,1,0
61,37,1073789,1,0
61,38,1062230,1,0
61,39,1228031,1,0
61,40,1136803,1,0
61,41,1076731,1,0
61,42,1071727,1,0
61,43,1112799,1,0
61,44,1160417,1,0
61,45,1158900,1,0
61,46,1280062,1,0
61,47,1052421,1,0
61,48,1082075,1,0
61,49,1060431,1,0
61,50,1224772,1,0
61,51,1043564,1,0
61,52,1109883,1,0
61,53,1095210,1,0
61,54,1258121,1,0
61,55,1069113,1,0
61,56,1011820,1,0
61,57,1034672,1,0
61,58,1146186,1,0
61,59,1110458,1,0
62,0,366631,1,0
62,1,441853,1,0
62,2,573063,1,0
62,3,829789,1,0
62,4,901969,1,0
62,5,1078481,1,0
62,6,1071639,1,0
62,7,1129228,1,0
62,8,1147233,1,0
62,9,1100177,1,0
62,10,1167685,1,0
62,11,1083585,1,0
62,12,1178077,1,0
62,13,1187991,1,0
62,14,1185539,1,0
62,15,1126793,1,0
62,16,1072296,1,0
62,17,1095334,1,0
62,18,1142100,1,0
62,19,1213442,1,0
62,20,1043233,1,0
62,21,1088851,1,0
62,22,1082101,1,0
62,23,1146715,1,0
62,24,1043595,1,0
62,25,1061779,1,0
62,26,1127874,1,0
62,27,1205305,1,0
62,28,1070947,1,0
62,29,1070849,1,0
62,30,1073336,1,0
62,31,1199105,1,0
62,32,1103130,1,0
62,33,1033404,1,0
62,34,1091584,1,0
62,35,1251314,1,0
62,36,1086460,1,0
62,37,1103324,1,0
62,38,1053809,1,0
62,39,1222216,1,0
62,40,1120317,1,0
62,41,1090506,1,0
62,42,1081404,1,0
62,43,1089058,1,0
62,44,1124436,1,0
62,45,1212294,1,0
62,46,1264163,1,0
62,47,1088756,1,0
62,48,1059987,1,0
62,49,1060317,1,0
62,50,1165757,1,0
62,51,1108289,1,0
62,52,1076234,1,0
62,53,1120604,1,0
62,54,1175550,1,0
62,55,1176478,1,0
62,56,1033959,1,0
62,57,1008583,1,0
62,58,1131553,1,0
62,59,1101240,1,0
63,0,995914,1,0
63,1,1091534,1,0
63,2,1137706,1,0
63,3,1151750,1,0
63,4,1165592,1,0
63,5,1136674,1,0
63,6,1060003,1,0
63,7,1143866,1,0
63,8,1150586,1,0
63,9,1149032,1,0
63,10,1109133,1,0
63,11,1089871,1,0
63,12,1215441,1,0
63,13,1212128,1,0
63,14,1108856,1,0
63,15,1120400,1,0
63,16,1090308,1,0
63,17,1114986,1,0
63,18,1147941,1,0
63,19,1148045,1,0
63,20,1072735,1,0
63,21,1080515,1,0
63,22,1151523,1,0
63,23,1084162,1,0
63,24,1022199,1,0
63,25,1117653,1,0
63,26,1139743,1,0
63,27,1155149,1,0
63,28,1070006,1,0
63,29,1074027,1,0
63,30,1144442,1,0
63,31,1124062,1,0
63,32,1102657,1,0
63,33,1021154,1,0
63,34,1246466,1,0
63,35,1092856,1,0
63,36,1131605,1,0
63,37,1057441,1,0
63,38,1149936,1,0
63,39,1173815,1,0
63,40,1116265,1,0
63,41,1069367,1,0
63,42,1072047,1,0
63,43,1145844,1,0
63,44,1154003,1,0
63,45,1146116,1,0
63,46,1287904,1,0
63,47,1034494,1,0
63,48,1077885,1,0
63,49,1067347,1,0
63,50,1205482,1,0
63,51,1064667,1,0
63,52,1104581,1,0
63,53,1102514,1,0
63,54,1267029,1,0
63,55,1046621,1,0
63,56,1007722,1,0
63,57,1055270,1,0
63,58,1146105,1,0
63,59,1089918,1,0
64,0,327954,1,0
64,1,679903,1,0
64,2,880977,1,0
64,3,977520,1,0
64,4,1143413,1,0
64,5,1148404,1,0
64,6,1064973,1,0
64,7,1125750,1,0
64,8,1163260,1,0
64,9,1120978,1,0
64,10,1142174,1,0
64,11,1070012,1,0
64,12,1202326,1,0
64,13,1190365,1,0
64,14,1160975,1,0
64,15,1122459,1,0
64,16,1066830,1,0
64,17,1114157,1,0
64,18,1146741,1,0
64,19,1192782,1,0
64,20,1062131,1,0
64,21,1101033,1,0
64,22,1063195,1,0
64,23,1145598,1,0
64,24,1028325,1,0
64,25,1071070,1,0
64,26,1115708,1,0
64,27,1214331,1,0
64,28,1070063,1,0
64,29,1072330,1,0
64,30,1071587,1,0
64,31,1206578,1,0
64,32,1118202,1,0
64,33,1011076,1,0
64,34,1097928,1,0
64,35,1250293,1,0
64,36,1099589,1,0
64,37,1092504,1,0
64,38,1055046,1,0
64,39,1227475,1,0
64,40,1116095,1,0
64,41,1086258,1,0
64,42,1091493,1,0
64,43,1094246,1,0
64,44,1129742,1,0
64,45,1188448,1,0
64,46,1285668,1,0
64,47,1058905,1,0
64,48,1076180,1,0
64,49,1064291,1,0
64,50,1233712,1,0
64,51,1030331,1,0
64,52,1079536,1,0
64,53,1125097,1,0
64,54,1246492,1,0
64,55,1098587,1,0
64,56,1012501,1,0
64,57,1018847,1,0
64,58,1145722,1,0
64,59,1106115,1,0
65,0,339338,1,0
65,1,626623,1,0
65,2,673575,1,0
65,3,764417,1,0
65,4,1084448,1,0
65,5,1150713,1,0
65,6,1067660,1,0
65,7,1125862,1,0
65,8,1160847,1,0
65,9,1110374,1,0
65,10,1153275,1,0
65,11,1068355,1,0
65,12,1199324,1,0
65,13,1192137,1,0
65,14,1158987,1,0
65,15,1132755,1,0
65,16,1064858,1,0
65,17,1106337,1,0
65,18,1150173,1,0
65,19,1191959,1,0
65,20,1067096,1,0
65,21,1104741,1,0
65,22,1058540,1,0
65,23,1139197,1,0
65,24,1040128,1,0
65,25,1069125,1,0
65,26,1114885,1,0
65,27,1216495,1,0
65,28,1067747,1,0
65,29,1072535,1,0
65,30,1073409,1,0
65,31,1206039,1,0
65,32,1111590,1,0
65,33,1013824,1,0
65,34,1097910,1,0
65,35,1253313,1,0
65,36,1095250,1,0
65,37,1096501,1,0
65,38,1053628,1,0
65,39,1222055,1,0
65,40,1121911,1,0
65,41,1082003,1,0
65,42,1095851,1,0
65,43,1089222,1,0
65,44,1125897,1,0
65,45,1194688,1,0
65,46,1287676,1,0
65,47,1061667,1,0
65,48,1072477,1,0
65,49,1055775,1,0
65,50,1240046,1,0
65,51,1034674,1,0
65,52,1080204,1,0
65,53,1119706,1,0
65,54,1234770,1,0
65,55,1112546,1,0
65,56,1019813,1,0
65,57,1015016,1,0
65,58,1145215,1,0
65,59,1099102,1,0
66,0,661479,1,0
66,1,526495,1,0
66,2,774056,1,0
66,3,876258,1,0
66,4,973952,1,0
66,5,1135737,1,0
66,6,1066280,1,0
66,7,1130284,1,0
66,8,1149444,1,0
66,9,1104663,1,0
66,10,1166300,1,0
66,11,1076434,1,0
66,12,1186258,1,0
66,13,1182576,1,0
66,14,1182408,1,0
66,15,1132158,1,0
66,16,1067073,1,0
66,17,1098587,1,0
66,18,1146105,1,0
66,19,1207036,1,0
66,20,1047222,1,0
66,21,1086431,1,0
66,22,1085106,1,0
66,23,1144332,1,0
66,24,1039562,1,0
66,25,1064084,1,0
66,26,1127867,1,0
66,27,1202866,1,0
66,28,1075928,1,0
66,29,1067789,1,0
66,30,1073132,1,0
66,31,1204013,1,0
66,32,1107829,1,0
66,33,1024175,1,0
66,34,1091094,1,0
66,35,1256971,1,0
66,36,1086293,1,0
66,37,1103725,1,0
66,38,1051956,1,0
66,39,1225621,1,0
66,40,1117685,1,0
66,41,1089872,1,0
66,42,1086375,1,0
66,43,1083716,1,0
66,44,1125524,1,0
66,45,1207296,1,0
66,46,1284624,1,0
66,47,1068260,1,0
66,48,1062092,1,0
66,49,1058486,1,0
66,50,1191497,1,0
66,51,1083334,1,0
66,52,1087118,1,0
66,53,1111141,1,0
66,54,1200865,1,0
66,55,1153235,1,0
66,56,1026750,1,0
66,57,1009944,1,0
66,58,1138730,1,0
66,59,1095653,1,0
67,0,1134651,1,0
67,1,1154150,1,0
67,2,1156613,1,0
67,3,1146663,1,0
67,4,1172603,1,0
67,5,1108674,1,0
67,6,1078204,1,0
67,7,1164087,1,0
67,8,1115706,1,0
67,9,1147139,1,0
67,10,1105144,1,0
67,11,1146725,1,0
67,12,1181048,1,0
67,13,1212580,1,0
67,14,1091643,1,0
67,15,1123080,1,0
67,16,1082691,1,0
67,17,1134838,1,0
67,18,1143520,1,0
67,19,1130411,1,0
67,20,1071271,1,0
67,21,1094875,1,0
67,22,1155757,1,0
67,23,1058043,1,0
67,24,1037807,1,0
67,25,1123627,1,0
67,26,1201730,1,0
67,27,1090355,1,0
67,28,1076718,1,0
67,29,1073947,1,0
67,30,1191990,1,0
67,31,1076635,1,0
67,32,1079005,1,0
67,33,1029681,1,0
67,34,1288186,1,0
67,35,1059416,1,0
67,36,1121544,1,0
67,37,1063371,1,0
67,38,1200334,1,0
67,39,1133213,1,0
67,40,1103133,1,0
67,41,1074940,1,0
67,42,1079270,1,0
67,43,1137738,1,0
67,44,1182897,1,0
67,45,1224994,1,0
67,46,1181824,1,0
67,47,1040613,1,0
67,48,1056182,1,0
67,49,1108052,1,0
67,50,1176401,1,0
67,51,1076443,1,0
67,52,1111469,1,0
67,53,1094857,1,0
67,54,1265470,1,0
67,55,1032539,1,0
67,56,1007334,1,0
67,57,1070415,1,0
67,58,1155616,1,0
67,59,1064541,1,0
68,0,298323,1,0
68,1,1112552,1,0
68,2,1139775,1,0
68,3,1148209,1,0
68,4,1170926,1,0
68,5,1132353,1,0
68,6,1061293,1,0
68,7,1143834,1,0
68,8,1150549,1,0
68,9,1146919,1,0
68,10,1109503,1,0
68,11,1096930,1,0
68,12,1211056,1,0
68,13,1212948,1,0
68,14,1103847,1,0
68,15,1122060,1,0
68,16,1092832,1,0
68,17,1120951,1,0
68,18,1139841,1,0
68,19,1149286,1,0
68,20,1072002,1,0
68,21,1082159,1,0
68,22,1152253,1,0
68,23,1082465,1,0
68,24,1021586,1,0
68,25,1122357,1,0
68,26,1138166,1,0
68,27,1149332,1,0
68,28,1073534,1,0
68,29,1074616,1,0
68,30,1145308,1,0
68,31,1122960,1,0
68,32,1102621,1,0
68,33,1020528,1,0
68,34,1242981,1,0
68,35,1096630,1,0
68,36,1130036,1,0
68,37,1058466,1,0
68,38,1149543,1,0
68,39,1175499,1,0
68,40,1114901,1,0
68,41,1069770,1,0
68,42,1077205,1,0
68,43,1140625,1,0
68,44,1153536,1,0
68,45,1146759,1,0
68,46,1288597,1,0
68,47,1033075,1,0
68,48,1075074,1,0
68,49,1068963,1,0
68,50,1204291,1,0
68,51,1067392,1,0
68,52,1104441,1,0
68,53,1103592,1,0
68,54,1266678,1,0
68,55,1043689,1,0
68,56,1009715,1,0
68,57,1055230,1,0
68,58,1148422,1,0
68,59,1087130,1,0
69,0,242733,1,0
69,1,979105,1,0
69,2,1048742,1,0
69,3,1154798,1,0
69,4,1150318,1,0
69,5,1150094,1,0
69,6,1063656,1,0
69,7,1141235,1,0
69,8,1159577,1,0
69,9,1132694,1,0
69,10,1116168,1,0
69,11,1087114,1,0
69,12,1215493,1,0
69,13,1195383,1,0
69,14,1134703,1,0
69,15,1117771,1,0
69,16,1069880,1,0
69,17,1122262,1,0
69,18,1148098,1,0
69,19,1164384,1,0
69,20,1069082,1,0
69,21,2169474,1,0
69,22,1136343,1,0
69,23,1023399,1,0
69,24,1084608,1,0
69,25,1107296,1,0
69,26,1218453,1,0
69,27,1066698,1,0
69,28,1063030,1,0
69,29,1103996,1,0
69,30,1185067,1,0
69,31,1111696,1,0
69,32,1017889,1,0
69,33,1138939,1,0
69,34,1203637,1,0
69,35,1121131,1,0
69,36,1066695,1,0
69,37,1073524,1,0
69,38,1220453,1,0
69,39,1133797,1,0
69,40,1079119,1,0
69,41,1068477,1,0
69,42,1116651,1,0
69,43,1162088,1,0
69,44,1156705,1,0
69,45,1279872,1,0
69,46,1051386,1,0
69,47,1084095,1,0
69,48,1058157,1,0
69,49,1222948,1,0
69,50,1044655,1,0
69,51,1114085,1,0
69,52,1090092,1,0
69,53,1259936,1,0
69,54,1069218,1,0
69,55,1010017,1,0
69,56,1037379,1,0
69,57,1150826,1,0
69,58,1104631,1,0
69,59,594916,1,0
70,0,911035,1,0
70,1,759674,1,0
70,2,844083,1,0
70,3,1003092,1,0
70,4,1163226,1,0
70,5,1145935,1,0
70,6,1067464,1,0
70,7,1129197,1,0
70,8,1160252,1,0
70,9,1123180,1,0
70,10,1136955,1,0
70,11,1069916,1,0
70,12,1205335,1,0
70,13,1188832,1,0
70,14,1160159,1,0
70,15,1122939,1,0
70,16,1064704,1,0
70,17,1120158,1,0
70,18,1144630,1,0
70,19,1189344,1,0
70,20,1064235,1,0
70,21,1099589,1,0
70,22,1063591,1,0
70,23,1146242,1,0
70,24,1029214,1,0
70,25,1070591,1,0
70,26,1114597,1,0
70,27,1214959,1,0
70,28,1069887,1,0
70,29,1071985,1,0
70,30,1069976,1,0
70,31,1209390,1,0
70,32,1115606,1,0
70,33,1011444,1,0
70,34,1101474,1,0
70,35,1249292,1,0
70,36,1098821,1,0
70,37,1090300,1,0
70,38,1056493,1,0
70,39,1227188,1,0
70,40,1118225,1,0
70,41,1086534,1,0
70,42,1089669,1,0
70,43,1093873,1,0
70,44,1139111,1,0
70,45,1180436,1,0
70,46,1284481,1,0
70,47,1058403,1,0
70,48,1077677,1,0
70,49,1065457,1,0
70,50,1231874,1,0
70,51,1031433,1,0
70,52,1080241,1,0
70,53,1123872,1,0
70,54,1263852,1,0
70,55,1078449,1,0
70,56,1013798,1,0
70,57,1021895,1,0
70,58,1142059,1,0
70,59,1111114,1,0
71,0,233069,1,0
71,1,478484,1,0
71,2,549986,1,0
71,3,910470,1,0
71,4,876020,1,0
71,5,1157387,1,0
71,6,1067556,1,0
71,7,1128936,1,0
71,8,1150835,1,0
71,9,1104699,1,0
71,10,1165869,1,0
71,11,1074669,1,0
71,12,1190692,1,0
71,13,1185361,1,0
71,14,1175066,1,0
71,15,1132534,1,0
71,16,1066782,1,0
71,17,1098312,1,0
71,18,1148789,1,0
71,19,1202407,1,0
71,20,1049403,1,0
71,21,1085361,1,0
71,22,1088587,1,0
71,23,1142940,1,0
71,24,1040397,1,0
71,25,1065350,1,0
71,26,1123131,1,0
71,27,1204892,1,0
71,28,1074376,1,0
71,29,1069812,1,0
71,30,1072242,1,0
71,31,1204954,1,0
71,32,1108953,1,0
71,33,1021658,1,0
71,34,1092111,1,0
71,35,1259098,1,0
71,36,1086091,1,0
71,37,1100593,1,0
71,38,1054011,1,0
71,39,1225341,1,0
71,40,1115409,1,0
71,41,1089112,1,0
71,42,1090262,1,0
71,43,1085924,1,0
71,44,1123592,1,0
71,45,1204971,1,0
71,46,1284814,1,0
71,47,1068808,1,0
71,48,1063099,1,0
71,49,1056228,1,0
71,50,1223503,1,0
71,51,1049774,1,0
71,52,1090330,1,0
71,53,1110704,1,0
71,54,1200858,1,0
71,55,1151969,1,0
71,56,1026445,1,0
71,57,1012248,1,0
71,58,1137420,1,0
71,59,1096257,1,0
72,0,1008358,1,0
72,1,1169001,1,0
72,2,1143663,1,0
72,3,1149086,1,0
72,4,1175179,1,0
72,5,1122784,1,0
72,6,1063088,1,0
72,7,1153290,1,0
72,8,1140246,1,0
72,9,1144055,1,0
72,10,1108297,1,0
72,11,1116654,1,0
72,12,1198562,1,0
72,13,1216541,1,0
72,14,1097996,1,0
72,15,1117668,1,0
72,16,1094083,1,0
72,17,1126962,1,0
72,18,1139586,1,0
72,19,1138667,1,0
72,20,1078310,1,0
72,21,1082913,1,0
72,22,1155619,1,0
72,23,1071478,1,0
72,24,1032054,1,0
72,25,1119189,1,0
72,26,1168770,1,0
72,27,1120986,1,0
72,28,1081259,1,0
72,29,1068443,1,0
72,30,1177546,1,0
72,31,1091953,1,0
72,32,1090572,1,0
72,33,1027139,1,0
72,34,1264073,1,0
72,35,1072469,1,0
72,36,1127901,1,0
72,37,1065550,1,0
72,38,1168597,1,0
72,39,1161152,1,0
72,40,1109138,1,0
72,41,1068026,1,0
72,42,1077715,1,0
72,43,1137217,1,0
72,44,1163948,1,0
72,45,1152614,1,0
72,46,1278640,1,0
72,47,1033464,1,0
72,48,1069086,1,0
72,49,1082199,1,0
72,50,1193704,1,0
72,51,1076449,1,0
72,52,1107161,1,0
72,53,1091297,1,0
72,54,1268120,1,0
72,55,1039248,1,0
72,56,1011917,1,0
72,57,1059783,1,0
72,58,1150855,1,0
72,59,1078878,1,0
73,0,1372489,1,0
73,1,1143951,1,0
73,2,1155192,1,0
73,3,1151498,1,0
73,4,1185826,1,0
73,5,1078750,1,0
73,6,1116901,1,0
73,7,1153654,1,0
73,8,1094035,1,0
73,9,1172100,1,0
73,10,1091002,1,0
73,11,1169225,1,0
73,12,1190010,1,0
73,13,1191757,1,0
73,14,1075181,1,0
73,15,1122116,1,0
73,16,1094471,1,0
73,17,1142170,1,0
73,18,1210775,1,0
73,19,1050954,1,0
73,20,1084793,1,0
73,21,1078234,1,0
73,22,1143296,1,0
73,23,1050332,1,0
73,24,1059621,1,0
73,25,1130718,1,0
73,26,1202051,1,0
73,27,1075591,1,0
73,28,1072246,1,0
73,29,1074409,1,0
73,30,1197064,1,0
73,31,1096297,1,0
73,32,1039871,1,0
73,33,1064019,1,0
73,34,1274269,1,0
73,35,1080824,1,0
73,36,1104424,1,0
73,37,1059612,1,0
73,38,1220216,1,0
73,39,1123550,1,0
73,40,1091081,1,0
73,41,1075608,1,0
73,42,1092127,1,0
73,43,1125500,1,0
73,44,1210284,1,0
73,45,1251533,1,0
73,46,1110453,1,0
73,47,1055359,1,0
73,48,1056128,1,0
73,49,1150583,1,0
73,50,1128157,1,0
73,51,1078506,1,0
73,52,1117088,1,0
73,53,1156004,1,0
73,54,1198999,1,0
73,55,1033009,1,0
73,56,1010171,1,0
73,57,1071991,1,0
73,58,1156680,1,0
73,59,1031667,1,0
74,0,220386,1,0
74,1,989000,1,0
74,2,1093231,1,0
74,3,1152976,1,0
74,4,1149930,1,0
74,5,1154585,1,0
74,6,1057931,1,0
74,7,1147099,1,0
74,8,1158875,1,0
74,9,1136030,1,0
74,10,1109855,1,0
74,11,1090280,1,0
74,12,1211660,1,0
74,13,1198231,1,0
74,14,1133962,1,0
74,15,1113611,1,0
74,16,1081482,1,0
74,17,1114521,1,0
74,18,1152839,1,0
74,19,1154857,1,0
74,20,1067706,1,0
74,21,1097122,1,0
74,22,1087356,1,0
74,23,1135833,1,0
74,24,1020210,1,0
74,25,1098897,1,0
74,26,1111522,1,0
74,27,1204871,1,0
74,28,1063612,1,0
74,29,1060641,1,0
74,30,1128030,1,0
74,31,1166922,1,0
74,32,1108122,1,0
74,33,1017238,1,0
74,34,1179091,1,0
74,35,1164507,1,0
74,36,1128762,1,0
74,37,1057368,1,0
74,38,1084137,1,0
74,39,1218364,1,0
74,40,1131194,1,0
74,41,1074934,1,0
74,42,1068272,1,0
74,43,1129188,1,0
74,44,1157982,1,0
74,45,1151913,1,0
74,46,1282091,1,0
74,47,1045566,1,0
74,48,1086326,1,0
74,49,1059928,1,0
74,50,1215018,1,0
74,51,1051637,1,0
74,52,1110351,1,0
74,53,1093352,1,0
74,54,1260952,1,0
74,55,1060228,1,0
74,56,1013189,1,0
74,57,1045162,1,0
74,58,1145764,1,0
74,59,1095517,1,0
75,0,1177117,1,0
75,1,1158097,1,0
75,2,1155749,1,0
75,3,1145439,1,0
75,4,1176175,1,0
75,5,1100326,1,0
75,6,1083207,1,0
75,7,1166701,1,0
75,8,1109789,1,0
75,9,1148618,1,0
75,10,1105451,1,0
75,11,1156425,1,0
75,12,1178772,1,0
75,13,1215095,1,0
75,14,1077504,1,0
75,15,1129024,1,0
75,16,1080757,1,0
75,17,1138968,1,0
75,18,1140688,1,0
75,19,1126996,1,0
75,20,1072256,1,0
75,21,1094913,1,0
75,22,1155107,1,0
75,23,1056671,1,0
75,24,1040357,1,0
75,25,1121714,1,0
75,26,1215387,1,0
75,27,1082830,1,0
75,28,1070183,1,0
75,29,1074624,1,0
75,30,1193244,1,0
75,31,1083513,1,0
75,32,1068391,1,0
75,33,1034257,1,0
75,34,1286621,1,0
75,35,1062454,1,0
75,36,1119696,1,0
75,37,1059980,1,0
75,38,1205310,1,0
75,39,1137289,1,0
75,40,1097727,1,0
75,41,1072142,1,0
75,42,1084434,1,0
75,43,1137500,1,0
75,44,1185589,1,0
75,45,1219289,1,0
75,46,1181286,1,0
75,47,1041982,1,0
75,48,1053022,1,0
75,49,1123101,1,0
75,50,1164977,1,0
75,51,1074312,1,0
75,52,1113625,1,0
75,53,1111943,1,0
75,54,1247951,1,0
75,55,1036649,1,0
75,56,1003095,1,0
75,57,1068629,1,0
75,58,1156082,1,0
75,59,1061668,1,0
76,0,1057375,1,0
76,1,1159518,1,0
76,2,1151327,1,0
76,3,1153267,1,0
76,4,1175490,1,0
76,5,1113462,1,0
76,6,1068446,1,0
76,7,1160579,1,0
76,8,1129873,1,0
76,9,1142271,1,0
76,10,1106478,1,0
76,11,1137344,1,0
76,12,1185478,1,0
76,13,1210831,1,0
76,14,1100904,1,0
76,15,1117795,1,0
76,16,1088067,1,0
76,17,1130359,1,0
76,18,1143391,1,0
76,19,1136136,1,0
76,20,1071368,1,0
76,21,1089242,1,0
76,22,1154593,1,0
76,23,1066422,1,0
76,24,1035747,1,0
76,25,1123250,1,0
76,26,1196257,1,0
76,27,1089399,1,0
76,28,1081017,1,0
76,29,1068471,1,0
76,30,1198008,1,0
76,31,1076319,1,0
76,32,1084305,1,0
76,33,1027514,1,0
76,34,1279984,1,0
76,35,1060533,1,0
76,36,1121590,1,0
76,37,1071148,1,0
76,38,1182438,1,0
76,39,1144747,1,0
76,40,1108187,1,0
76,41,1069207,1,0
76,42,1077324,1,0
76,43,1139348,1,0
76,44,1173535,1,0
76,45,1174107,1,0
76,46,1247914,1,0
76,47,1035319,1,0
76,48,1065714,1,0
76,49,1085681,1,0
76,50,1192850,1,0
76,51,1075041,1,0
76,52,1108073,1,0
76,53,1093239,1,0
76,54,1269634,1,0
76,55,1035943,1,0
76,56,1009504,1,0
76,57,1069977,1,0
76,58,1146095,1,0
76,59,1073576,1,0
77,0,196929,1,0
77,1,921648,1,0
77,2,1104637,1,0
77,3,1151378,1,0
77,4,1151261,1,0
77,5,1155191,1,0
77,6,1057811,1,0
77,7,1147789,1,0
77,8,1156871,1,0
77,9,1135168,1,0
77,10,1110736,1,0
77,11,1088638,1,0
77,12,1215598,1,0
77,13,1200261,1,0
77,14,1128833,1,0
77,15,1114918,1,0
77,16,1084659,1,0
77,17,1114109,1,0
77,18,1150533,1,0
77,19,1160902,1,0
77,20,1061844,1,0
77,21,1096455,1,0
77,22,1088013,1,0
77,23,1135476,1,0
77,24,1020630,1,0
77,25,1099533,1,0
77,26,1121164,1,0
77,27,1194057,1,0
77,28,1068205,1,0
77,29,1055359,1,0
77,30,1130668,1,0
77,31,1163035,1,0
77,32,1110011,1,0
77,33,1016392,1,0
77,34,1181106,1,0
77,35,1163434,1,0
77,36,1129475,1,0
77,37,1055703,1,0
77,38,1097365,1,0
77,39,1206039,1,0
77,40,1128634,1,0
77,41,1081403,1,0
77,42,1065446,1,0
77,43,1130366,1,0
77,44,1155136,1,0
77,45,1151788,1,0
77,46,1282210,1,0
77,47,1044911,1,0
77,48,1087054,1,0
77,49,1060678,1,0
77,50,1212655,1,0
77,51,1055008,1,0
77,52,1108071,1,0
77,53,1094954,1,0
77,54,1260283,1,0
77,55,1060115,1,0
77,56,1012425,1,0
77,57,1045279,1,0
77,58,1145954,1,0
77,59,1096603,1,0
78,0,210735,1,0
78,1,466568,1,0
78,2,733166,1,0
78,3,864940,1,0
78,4,1034605,1,0
78,5,1154938,1,0
78,6,1069117,1,0
78,7,1127707,1,0
78,8,1155154,1,0
78,9,1104340,1,0
78,10,1163173,1,0
78,11,1072032,1,0
78,12,1193106,1,0
78,13,1189764,1,0
78,14,1167262,1,0
78,15,1132935,1,0
78,16,1065670,1,0
78,17,1101374,1,0
78,18,1150086,1,0
78,19,1198319,1,0
78,20,1055198,1,0
78,21,1113297,1,0
78,22,1057938,1,0
78,23,1138880,1,0
78,24,1041306,1,0
78,25,1067215,1,0
78,26,1118317,1,0
78,27,1211112,1,0
78,28,1073091,1,0
78,29,1069697,1,0
78,30,1073149,1,0
78,31,1204639,1,0
78,32,1109982,1,0
78,33,1017954,1,0
78,34,1098025,1,0
78,35,1255690,1,0
78,36,1087660,1,0
78,37,1099951,1,0
78,38,1053996,1,0
78,39,1220339,1,0
78,40,1117534,1,0
78,41,1088949,1,0
78,42,1093201,1,0
78,43,1085650,1,0
78,44,1125689,1,0
78,45,1200787,1,0
78,46,1285220,1,0
78,47,1066466,1,0
78,48,1068505,1,0
78,49,1055648,1,0
78,50,1234490,1,0
78,51,1039723,1,0
78,52,1086395,1,0
78,53,1113349,1,0
78,54,1218337,1,0
78,55,1132570,1,0
78,56,1023187,1,0
78,57,1012514,1,0
78,58,1141406,1,0
78,59,1099562,1,0
79,0,173137,1,0
79,1,1032364,1,0
79,2,1138869,1,0
79,3,1150244,1,0
79,4,1163038,1,0
79,5,1143044,1,0
79,6,1059275,1,0
79,7,1145958,1,0
79,8,1155302,1,0
79,9,1139369,1,0
79,10,1112070,1,0
79,11,1088509,1,0
79,12,1215742,1,0
79,13,1206746,1,0
79,14,1118108,1,0
79,15,1118124,1,0
79,16,1090014,1,0
79,17,1112082,1,0
79,18,1150816,1,0
79,19,1151453,1,0
79,20,1076051,1,0
79,21,1080335,1,0
79,22,1114233,1,0
79,23,1114177,1,0
79,24,1025377,1,0
79,25,1108079,1,0
79,26,1118985,1,0
79,27,1184984,1,0
79,28,1067470,1,0
79,29,1053373,1,0
79,30,1157690,1,0
79,31,1135140,1,0
79,32,1106388,1,0
79,33,1021411,1,0
79,34,1218743,1,0
79,35,1120471,1,0
79,36,1132191,1,0
79,37,1056667,1,0
79,38,1134190,1,0
79,39,1180328,1,0
79,40,1118470,1,0
79,41,1078467,1,0
79,42,1064787,1,0
79,43,1143626,1,0
79,44,1150524,1,0
79,45,1147984,1,0
79,46,1285205,1,0
79,47,1044244,1,0
79,48,1079243,1,0
79,49,1065880,1,0
79,50,1207997,1,0
79,51,1059419,1,0
79,52,1107866,1,0
79,53,1095530,1,0
79,54,1264588,1,0
79,55,1055370,1,0
79,56,1007167,1,0
79,57,1052447,1,0
79,58,1144750,1,0
79,59,1091223,1,0
80,0,792229,1,0
80,1,1056644,1,0
80,2,1136361,1,0
80,3,1152752,1,0
80,4,1165110,1,0
80,5,1138879,1,0
80,6,1058721,1,0
80,7,1144727,1,0
80,8,1154858,1,0
80,9,1143838,1,0
80,10,1109175,1,0
80,11,1093395,1,0
80,12,1210434,1,0
80,13,1211707,1,0
80,14,1113489,1,0
80,15,1119453,1,0
80,16,1090734,1,0
80,17,1115063,1,0
80,18,1145474,1,0
80,19,1154506,1,0
80,20,1071412,1,0
80,21,1081408,1,0
80,22,1115422,1,0
80,23,1115970,1,0
80,24,1023649,1,0
80,25,1112388,1,0
80,26,1129419,1,0
80,27,1169254,1,0
80,28,1070300,1,0
80,29,1071603,1,0
80,30,1137709,1,0
80,31,1134262,1,0
80,32,1103926,1,0
80,33,1021386,1,0
80,34,1221082,1,0
80,35,1118862,1,0
80,36,1131724,1,0
80,37,1057048,1,0
80,38,1136463,1,0
80,39,1182615,1,0
80,40,1117269,1,0
80,41,1073806,1,0
80,42,1068287,1,0
80,43,1143841,1,0
80,44,1151133,1,0
80,45,1150875,1,0
80,46,1287102,1,0
80,47,1038401,1,0
80,48,1078862,1,0
80,49,1066723,1,0
80,50,1206171,1,0
80,51,1060366,1,0
80,52,1108637,1,0
80,53,1095030,1,0
80,54,1266843,1,0
80,55,1051478,1,0
80,56,1008246,1,0
80,57,1053509,1,0
80,58,1146150,1,0
80,59,1089244,1,0
81,0,185060,1,0
81,1,770119,1,0
81,2,792103,1,0
81,3,991562,1,0
81,4,1155118,1,0
81,5,1147182,1,0
81,6,1065759,1,0
81,7,1129815,1,0
81,8,1159054,1,0
81,9,1123601,1,0
81,10,1138915,1,0
81,11,1070081,1,0
81,12,1204658,1,0
81,13,1187838,1,0
81,14,1161351,1,0
81,15,1121094,1,0
81,16,1067750,1,0
81,17,1118053,1,0
81,18,1143575,1,0
81,19,1191507,1,0
81,20,1062550,1,0
81,21,1100226,1,0
81,22,1064208,1,0
81,23,1145420,1,0
81,24,1029024,1,0
81,25,1069618,1,0
81,26,1116531,1,0
81,27,1214940,1,0
81,28,1068559,1,0
81,29,1073858,1,0
81,30,1069840,1,0
81,31,1208580,1,0
81,32,1116060,1,0
81,33,1012300,1,0
81,34,1099347,1,0
81,35,1249051,1,0
81,36,1099849,1,0
81,37,1090481,1,0
81,38,1056791,1,0
81,39,1227715,1,0
81,40,1115792,1,0
81,41,1088141,1,0
81,42,1090324,1,0
81,43,1094265,1,0
81,44,1133313,1,0
81,45,1185348,1,0
81,46,1283842,1,0
81,47,1058858,1,0
81,48,1077950,1,0
81,49,1064604,1,0
81,50,1232123,1,0
81,51,1031093,1,0
81,52,1080955,1,0
81,53,1123400,1,0
81,54,1263343,1,0
81,55,1080097,1,0
81,56,1012381,1,0
81,57,1022011,1,0
81,58,1143851,1,0
81,59,1107493,1,0
82,0,282275,1,0
82,1,943903,1,0
82,2,1060333,1,0
82,3,1153406,1,0
82,4,1149413,1,0
82,5,1151189,1,0
82,6,1062425,1,0
82,7,1144637,1,0
82,8,1157917,1,0
82,9,1139825,1,0
82,10,1107715,1,0
82,11,1088129,1,0
82,12,1215338,1,0
82,13,1196773,1,0
82,14,1133466,1,0
82,15,1116343,1,0
82,16,1071150,1,0
82,17,1124391,1,0
82,18,1146932,1,0
82,19,1163587,1,0
82,20,1067004,1,0
82,21,1097211,1,0
82,22,1084469,1,0
82,23,1137452,1,0
82,24,1020213,1,0
82,25,1090986,1,0
82,26,1103601,1,0
82,27,1218267,1,0
82,28,1066456,1,0
82,29,1062093,1,0
82,30,1106449,1,0
82,31,1184651,1,0
82,32,1109723,1,0
82,33,1016362,1,0
82,34,1162107,1,0
82,35,1182018,1,0
82,36,1125157,1,0
82,37,1062246,1,0
82,38,1083089,1,0
82,39,1217383,1,0
82,40,1127463,1,0
82,41,1080661,1,0
82,42,1067137,1,0
82,43,1121648,1,0
82,44,1162444,1,0
82,45,1152717,1,0
82,46,1281670,1,0
82,47,1049270,1,0
82,48,1084934,1,0
82,49,1059370,1,0
82,50,1218707,1,0
82,51,1047722,1,0
82,52,1112905,1,0
82,53,1092164,1,0
82,54,1259276,1,0
82,55,1064953,1,0
82,56,1011547,1,0
82,57,1041451,1,0
82,58,1147346,1,0
82,59,1094785,1,0
83,0,1394769,1,0
83,1,1143620,1,0
83,2,1159207,1,0
83,3,1152076,1,0
83,4,1182464,1,0
83,5,1075051,1,0
83,6,1123648,1,0
83,7,1148324,1,0
83,8,1093546,1,0
83,9,1173613,1,0
83,10,1089928,1,0
83,11,1172330,1,0
83,12,1189231,1,0
83,13,1190208,1,0
83,14,1086081,1,0
83,15,1109763,1,0
83,16,1096089,1,0
83,17,1140814,1,0
83,18,1214844,1,0
83,19,1045801,1,0
83,20,1085442,1,0
83,21,1080371,1,0
83,22,1150299,1,0
83,23,1042608,1,0
83,24,1058312,1,0
83,25,1129214,1,0
83,26,1207656,1,0
83,27,1070934,1,0
83,28,1072614,1,0
83,29,1074472,1,0
83,30,1197196,1,0
83,31,1100266,1,0
83,32,1035694,1,0
83,33,1065563,1,0
83,34,1272248,1,0
83,35,1087068,1,0
83,36,1101325,1,0
83,37,1059201,1,0
83,38,1217713,1,0
83,39,1125255,1,0
83,40,1092840,1,0
83,41,1075428,1,0
83,42,1089946,1,0
83,43,1128170,1,0
83,44,1209032,1,0
83,45,1249693,1,0
83,46,1107410,1,0
83,47,1060050,1,0
83,48,1055962,1,0
83,49,1149897,1,0
83,50,1128503,1,0
83,51,1076425,1,0
83,52,1118738,1,0
83,53,1157065,1,0
83,54,1197451,1,0
83,55,1034725,1,0
83,56,1006673,1,0
83,57,1081811,1,0
83,58,1148211,1,0
83,59,1028602,1,0
84,0,161867,1,0
84,1,515811,1,0
84,2,642105,1,0
84,3,955915,1,0
84,4,1107860,1,0
84,5,1148265,1,0
84,6,1069869,1,0
84,7,1124048,1,0
84,8,1165644,1,0
84,9,1113148,1,0
84,10,1144998,1,0
84,11,1067935,1,0
84,12,1203131,1,0
84,13,1193440,1,0
84,14,1162176,1,0
84,15,1124110,1,0
84,16,1066781,1,0
84,17,1111384,1,0
84,18,1146798,1,0
84,19,1194041,1,0
84,20,1062612,1,0
84,21,1105061,1,0
84,22,1059190,1,0
84,23,1144161,1,0
84,24,1030572,1,0
84,25,1071770,1,0
84,26,1115094,1,0
84,27,1215378,1,0
84,28,1068517,1,0
84,29,1073349,1,0
84,30,1072387,1,0
84,31,1206505,1,0
84,32,1112119,1,0
84,33,1013433,1,0
84,34,1099763,1,0
84,35,1251878,1,0
84,36,1095450,1,0
84,37,1095986,1,0
84,38,1055074,1,0
84,39,1221501,1,0
84,40,1121526,1,0
84,41,1084375,1,0
84,42,1094121,1,0
84,43,1089849,1,0
84,44,1127738,1,0
84,45,1194612,1,0
84,46,1284147,1,0
84,47,1061176,1,0
84,48,1073549,1,0
84,49,1056774,1,0
84,50,1239269,1,0
84,51,1033201,1,0
84,52,1081659,1,0
84,53,1121648,1,0
84,54,1249546,1,0
84,55,1094911,1,0
84,56,1017685,1,0
84,57,1016771,1,0
84,58,1144935,1,0
84,59,1103523,1,0
85,0,1245867,1,0
85,1,1152280,1,0
85,2,1159798,1,0
85,3,1151066,1,0
85,4,1173585,1,0
85,5,1094787,1,0
85,6,1099418,1,0
85,7,1156834,1,0
85,8,1104745,1,0
85,9,1150784,1,0
85,10,1109461,1,0
85,11,1155247,1,0
85,12,1184334,1,0
85,13,1211264,1,0
85,14,1068605,1,0
85,15,1128206,1,0
85,16,1091997,1,0
85,17,1138268,1,0
85,18,1160716,1,0
85,19,1102248,1,0
85,20,1089996,1,0
85,21,1074180,1,0
85,22,1153722,1,0
85,23,1052298,1,0
85,24,1048476,1,0
85,25,1123799,1,0
85,26,1219684,1,0
85,27,1070775,1,0
85,28,1073043,1,0
85,29,1073943,1,0
85,30,1195285,1,0
85,31,1088020,1,0
85,32,1061655,1,0
85,33,1036144,1,0
85,34,1282472,1,0
85,35,1080208,1,0
85,36,1101906,1,0
85,37,1067141,1,0
85,38,1219558,1,0
85,39,1124242,1,0
85,40,1093003,1,0
85,41,1072739,1,0
85,42,1095430,1,0
85,43,1124145,1,0
85,44,1196228,1,0
85,45,1237808,1,0
85,46,1149199,1,0
85,47,1046813,1,0
85,48,1053291,1,0
85,49,1135045,1,0
85,50,1146866,1,0
85,51,1081399,1,0
85,52,1109545,1,0
85,53,1117369,1,0
85,54,1248443,1,0
85,55,1027599,1,0
85,56,1007933,1,0
85,57,1064742,1,0
85,58,1158037,1,0
85,59,1061353,1,0
86,0,150149,1,0
86,1,736421,1,0
86,2,937568,1,0
86,3,1078521,1,0
86,4,1158978,1,0
86,5,1149852,1,0
86,6,1063434,1,0
86,7,1133619,1,0
86,8,1163835,1,0
86,9,1131807,1,0
86,10,1120684,1,0
86,11,1073439,1,0
86,12,1219661,1,0
86,13,1187698,1,0
86,14,1149514,1,0
86,15,1119868,1,0
86,16,1058310,1,0
86,17,1129261,1,0
86,18,1149217,1,0
86,19,1176904,1,0
86,20,1070027,1,0
86,21,1090752,1,0
86,22,1075804,1,0
86,23,1146442,1,0
86,24,1023362,1,0
86,25,1073761,1,0
86,26,1110570,1,0
86,27,1217848,1,0
86,28,1070181,1,0
86,29,1066068,1,0
86,30,1073719,1,0
86,31,1209476,1,0
86,32,1117762,1,0
86,33,1008809,1,0
86,34,1121623,1,0
86,35,1226438,1,0
86,36,1105698,1,0
86,37,1086295,1,0
86,38,1055751,1,0
86,39,1228741,1,0
86,40,1136493,1,0
86,41,1076046,1,0
86,42,1079032,1,0
86,43,1101237,1,0
86,44,1151388,1,0
86,45,1167822,1,0
86,46,1279864,1,0
86,47,1056505,1,0
86,48,1084014,1,0
86,49,1062487,1,0
86,50,1230734,1,0
86,51,1033628,1,0
86,52,1086751,1,0
86,53,1121841,1,0
86,54,1255747,1,0
86,55,1076846,1,0
86,56,1011427,1,0
86,57,1026791,1,0
86,58,1145562,1,0
86,59,1112610,1,0
87,0,265463,1,0
87,1,860358,1,0
87,2,992352,1,0
87,3,1123457,1,0
87,4,1156611,1,0
87,5,1147944,1,0
87,6,1062999,1,0
87,7,1134597,1,0
87,8,1166330,1,0
87,9,1133814,1,0
87,10,1118897,1,0
87,11,1073286,1,0
87,12,1223275,1,0
87,13,1190020,1,0
87,14,1140560,1,0
87,15,1120972,1,0
87,16,1067640,1,0
87,17,1124382,1,0
87,18,1146092,1,0
87,19,1174017,1,0
87,20,1069850,1,0
87,21,1091498,1,0
87,22,1078293,1,0
87,23,1141949,1,0
87,24,1021823,1,0
87,25,1080389,1,0
87,26,1109522,1,0
87,27,1218400,1,0
87,28,1069002,1,0
87,29,1064250,1,0
87,30,1080237,1,0
87,31,1208134,1,0
87,32,1111615,1,0
87,33,1011150,1,0
87,34,1131126,1,0
87,35,1218221,1,0
87,36,1107330,1,0
87,37,1082127,1,0
87,38,1059098,1,0
87,39,1228831,1,0
87,40,1136344,1,0
87,41,1080629,1,0
87,42,1069901,1,0
87,43,1105195,1,0
87,44,1158345,1,0
87,45,1160568,1,0
87,46,1281830,1,0
87,47,1057206,1,0
87,48,1082052,1,0
87,49,1057257,1,0
87,50,1233319,1,0
87,51,1036523,1,0
87,52,1101030,1,0
87,53,1107248,1,0
87,54,1255955,1,0
87,55,1071101,1,0
87,56,1011231,1,0
87,57,1032688,1,0
87,58,1147092,1,0
87,59,1109171,1,0
88,0,1020658,1,0
88,1,1167453,1,0
88,2,1144467,1,0
88,3,1150254,1,0
88,4,1173007,1,0
88,5,1121593,1,0
88,6,1065714,1,0
88,7,1153805,1,0
88,8,1139092,1,0
88,9,1144037,1,0
88,10,1107704,1,0
88,11,1124045,1,0
88,12,1195691,1,0
88,13,1212533,1,0
88,14,1098302,1,0
88,15,1116753,1,0
88,16,1093884,1,0
88,17,1125607,1,0
88,18,1140963,1,0
88,19,1139276,1,0
88,20,1076440,1,0
88,21,1085138,1,0
88,22,1155973,1,0
88,23,1069484,1,0
88,24,1032594,1,0
88,25,1118139,1,0
88,26,1170016,1,0
88,27,1121472,1,0
88,28,1079583,1,0
88,29,1071037,1,0
88,30,1193873,1,0
88,31,1074411,1,0
88,32,1088595,1,0
88,33,1027674,1,0
88,34,1266201,1,0
88,35,1071120,1,0
88,36,1126839,1,0
88,37,1067845,1,0
88,38,1169368,1,0
88,39,1159157,1,0
88,40,1108820,1,0
88,41,1067205,1,0
88,42,1078536,1,0
88,43,1139196,1,0
88,44,1164002,1,0
88,45,1151697,1,0
88,46,1277729,1,0
88,47,1034526,1,0
88,48,1069061,1,0
88,49,1081024,1,0
88,50,1194352,1,0
88,51,1077227,1,0
88,52,1106085,1,0
88,53,1092755,1,0
88,54,1269219,1,0
88,55,1037959,1,0
88,56,1010325,1,0
88,57,1067839,1,0
88,58,1144819,1,0
88,59,1076997,1,0
89,0,1233093,1,0
89,1,1153787,1,0
89,2,1159405,1,0
89,3,1150070,1,0
89,4,1174388,1,0
89,5,1093119,1,0
89,6,1099922,1,0
89,7,1156321,1,0
89,8,1105040,1,0
89,9,1150910,1,0
89,10,1110467,1,0
89,11,1154096,1,0
89,12,1185037,1,0
89,13,1209867,1,0
89,14,1070673,1,0
89,15,1128694,1,0
89,16,1090638,1,0
89,17,1138710,1,0
89,18,1161795,1,0
89,19,1100771,1,0
89,20,1091676,1,0
89,21,1073291,1,0
89,22,1153898,1,0
89,23,1052588,1,0
89,24,1047498,1,0
89,25,1120638,1,0
89,26,1220459,1,0
89,27,1072424,1,0
89,28,1075687,1,0
89,29,1071392,1,0
89,30,1196940,1,0
89,31,1087302,1,0
89,32,1062478,1,0
89,33,1034718,1,0
89,34,1282845,1,0
89,35,1077660,1,0
89,36,1105677,1,0
89,37,1065053,1,0
89,38,1220171,1,0
89,39,1123729,1,0
89,40,1095268,1,0
89,41,1071573,1,0
89,42,1094097,1,0
89,43,1126335,1,0
89,44,1194672,1,0
89,45,1222358,1,0
89,46,1166413,1,0
89,47,1045161,1,0
89,48,1052888,1,0
89,49,1135670,1,0
89,50,1147651,1,0
89,51,1079587,1,0
89,52,1111225,1,0
89,53,1115857,1,0
89,54,1244941,1,0
89,55,1030303,1,0
89,56,1009398,1,0
89,57,1063872,1,0
89,58,1158963,1,0
89,59,1061089,1,0
90,0,1295775,1,0
90,1,1153493,1,0
90,2,1155297,1,0
90,3,1151197,1,0
90,4,1178712,1,0
90,5,1085311,1,0
90,6,1102294,1,0
90,7,1159798,1,0
90,8,1099033,1,0
90,9,1165500,1,0
90,10,1096605,1,0
90,11,1158567,1,0
90,12,1191693,1,0
90,13,1204046,1,0
90,14,1062553,1,0
90,15,1128867,1,0
90,16,1093087,1,0
90,17,1142902,1,0
90,18,1201527,1,0
90,19,1056566,1,0
90,20,1094620,1,0
90,21,1068962,1,0
90,22,1150897,1,0
90,23,1052065,1,0
90,24,1054786,1,0
90,25,1124977,1,0
90,26,1214735,1,0
90,27,1076746,1,0
90,28,1065473,1,0
90,29,1075056,1,0
90,30,1194687,1,0
90,31,1093224,1,0
90,32,1051028,1,0
90,33,1050253,1,0
90,34,1275703,1,0
90,35,1079777,1,0
90,36,1104919,1,0
90,37,1064328,1,0
90,38,1219745,1,0
90,39,1124699,1,0
90,40,1089370,1,0
90,41,1074525,1,0
90,42,1096804,1,0
90,43,1124885,1,0
90,44,1200987,1,0
90,45,1228816,1,0
90,46,1148868,1,0
90,47,1049493,1,0
90,48,1054853,1,0
90,49,1143100,1,0
90,50,1133270,1,0
90,51,1087378,1,0
90,52,1108903,1,0
90,53,1124902,1,0
90,54,1237194,1,0
90,55,1029420,1,0
90,56,1010491,1,0
90,57,1058542,1,0
90,58,1166211,1,0
90,59,1052307,1,0
91,0,71792,1,0
91,1,801428,1,0
91,2,914997,1,0
91,3,1112571,1,0
91,4,1156643,1,0
91,5,1148183,1,0
91,6,1064075,1,0
91,7,1133098,1,0
91,8,1165734,1,0
91,9,1134051,1,0
91,10,1118376,1,0
91,11,1072597,1,0
91,12,1224180,1,0
91,13,1188875,1,0
91,14,1142610,1,0
91,15,1120748,1,0
91,16,1066830,1,0
91,17,1122642,1,0
91,18,1149360,1,0
91,19,1173594,1,0
91,20,1069831,1,0
91,21,1092640,1,0
91,22,1077171,1,0
91,23,1142880,1,0
91,24,1023725,1,0
91,25,1078076,1,0
91,26,1108742,1,0
91,27,1219063,1,0
91,28,1070094,1,0
91,29,1063682,1,0
91,30,1079720,1,0
91,31,1207475,1,0
91,32,1113030,1,0
91,33,1010081,1,0
91,34,1130089,1,0
91,35,1219124,1,0
91,36,1105139,1,0
91,37,1084937,1,0
91,38,1058640,1,0
91,39,1228348,1,0
91,40,1136222,1,0
91,41,1079966,1,0
91,42,1071332,1,0
91,43,1104358,1,0
91,44,1158706,1,0
91,45,1161204,1,0
91,46,1280105,1,0
91,47,1058982,1,0
91,48,1079530,1,0
91,49,1060892,1,0
91,50,1231939,1,0
91,51,1037457,1,0
91,52,1096120,1,0
91,53,1112384,1,0
91,54,1253850,1,0
91,55,1072156,1,0
91,56,1012593,1,0
91,57,1030763,1,0
91,58,1146611,1,0
91,59,1109921,1,0
92,0,921175,1,0
92,1,1144090,1,0
92,2,1141694,1,0
92,3,1144980,1,0
92,4,1178933,1,0
92,5,1123759,1,0
92,6,1060692,1,0
92,7,1148695,1,0
92,8,1143834,1,0
92,9,1149638,1,0
92,10,1108532,1,0
92,11,1106677,1,0
92,12,1203261,1,0
92,13,1217821,1,0
92,14,1100321,1,0
92,15,1117254,1,0
92,16,1095386,1,0
92,17,1128409,1,0
92,18,1132321,1,0
92,19,1145569,1,0
92,20,1076148,1,0
92,21,1080653,1,0
92,22,1159762,1,0
92,23,1073635,1,0
92,24,1028240,1,0
92,25,1119116,1,0
92,26,1154439,1,0
92,27,1134120,1,0
92,28,1072134,1,0
92,29,1075371,1,0
92,30,1179744,1,0
92,31,1089353,1,0
92,32,1096631,1,0
92,33,1024189,1,0
92,34,1251922,1,0
92,35,1084906,1,0
92,36,1129534,1,0
92,37,1059081,1,0
92,38,1162966,1,0
92,39,1168308,1,0
92,40,1109195,1,0
92,41,1072390,1,0
92,42,1078489,1,0
92,43,1136304,1,0
92,44,1159444,1,0
92,45,1146918,1,0
92,46,1285226,1,0
92,47,1032900,1,0
92,48,1074015,1,0
92,49,1070907,1,0
92,50,1203178,1,0
92,51,1070440,1,0
92,52,1108692,1,0
92,53,1095508,1,0
92,54,1268205,1,0
92,55,1041784,1,0
92,56,1010230,1,0
92,57,1058016,1,0
92,58,1149166,1,0
92,59,1084233,1,0
93,0,247510,1,0
93,1,1159060,1,0
93,2,1142789,1,0
93,3,1147673,1,0
93,4,1178430,1,0
93,5,1120509,1,0
93,6,1064358,1,0
93,7,1150302,1,0
93,8,1144800,1,0
93,9,1142977,1,0
93,10,1109107,1,0
93,11,1113681,1,0
93,12,1197449,1,0
93,13,1219907,1,0
93,14,1097512,1,0
93,15,1119548,1,0
93,16,1092326,1,0
93,17,1127876,1,0
93,18,1138033,1,0
93,19,1140492,1,0
93,20,1077013,1,0
93,21,1082788,1,0
93,22,1156346,1,0
93,23,1071839,1,0
93,24,1032488,1,0
93,25,1118642,1,0
93,26,1167898,1,0
93,27,1121349,1,0
93,28,1080578,1,0
93,29,1067407,1,0
93,30,1179249,1,0
93,31,1090716,1,0
93,32,1091880,1,0
93,33,1025928,1,0
93,34,1253230,1,0
93,35,1084014,1,0
93,36,1129545,1,0
93,37,1062986,1,0
93,38,1159237,1,0
93,39,1170989,1,0
93,40,1109121,1,0
93,41,1068385,1,0
93,42,1079207,1,0
93,43,1136225,1,0
93,44,1160207,1,0
93,45,1147115,1,0
93,46,1286764,1,0
93,47,1033432,1,0
93,48,1070791,1,0
93,49,1081167,1,0
93,50,1192571,1,0
93,51,1078147,1,0
93,52,1107699,1,0
93,53,1089226,1,0
93,54,1268755,1,0
93,55,1040326,1,0
93,56,1012148,1,0
93,57,1059390,1,0
93,58,1147977,1,0
93,59,1083196,1,0
94,0,121219,1,0
94,1,1133944,1,0
94,2,1140979,1,0
94,3,1146183,1,0
94,4,1178648,1,0
94,5,1122983,1,0
94,6,1062065,1,0
94,7,1146183,1,0
94,8,1146246,1,0
94,9,1148757,1,0
94,10,1110279,1,0
94,11,1101065,1,0
94,12,1206217,1,0
94,13,1217879,1,0
94,14,1100427,1,0
94,15,1118828,1,0
94,16,1094488,1,0
94,17,1127523,1,0
94,18,1134355,1,0
94,19,1145392,1,0
94,20,1076518,1,0
94,21,1080087,1,0
94,22,1159275,1,0
94,23,1075193,1,0
94,24,1022403,1,0
94,25,1124261,1,0
94,26,1149887,1,0
94,27,1136754,1,0
94,28,1073798,1,0
94,29,1075403,1,0
94,30,1160352,1,0
94,31,1105798,1,0
94,32,1100257,1,0
94,33,1023217,1,0
94,34,1251861,1,0
94,35,1084150,1,0
94,36,1131005,1,0
94,37,1059472,1,0
94,38,1162121,1,0
94,39,1167675,1,0
94,40,1109492,1,0
94,41,1073104,1,0
94,42,1077546,1,0
94,43,1136841,1,0
94,44,1158071,1,0
94,45,1143875,1,0
94,46,1289045,1,0
94,47,1032305,1,0
94,48,1074455,1,0
94,49,1070722,1,0
94,50,1204367,1,0
94,51,1068598,1,0
94,52,1103996,1,0
94,53,1101403,1,0
94,54,1267772,1,0
94,55,1042932,1,0
94,56,1009574,1,0
94,57,1057000,1,0
94,58,1149507,1,0
94,59,1084131,1,0
95,0,1060718,1,0
95,1,1162785,1,0
95,2,1150262,1,0
95,3,1153351,1,0
95,4,1176475,1,0
95,5,1109918,1,0
95,6,1069406,1,0
95,7,1160462,1,0
95,8,1128281,1,0
95,9,1144642,1,0
95,10,1104412,1,0
95,11,1140969,1,0
95,12,1183580,1,0
95,13,1207776,1,0
95,14,1102577,1,0
95,15,1116419,1,0
95,16,1087933,1,0
95,17,1132044,1,0
95,18,1144096,1,0
95,19,1134825,1,0
95,20,1071852,1,0
95,21,1088916,1,0
95,22,1156116,1,0
95,23,1064348,1,0
95,24,1035700,1,0
95,25,1124440,1,0
95,26,1197128,1,0
95,27,1090517,1,0
95,28,1078888,1,0
95,29,1068711,1,0
95,30,1197000,1,0
95,31,1076501,1,0
95,32,1084497,1,0
95,33,1026441,1,0
95,34,1281838,1,0
95,35,1061316,1,0
95,36,1122025,1,0
95,37,1068654,1,0
95,38,1183874,1,0
95,39,1146417,1,0
95,40,1105588,1,0
95,41,1072180,1,0
95,42,1077259,1,0
95,43,1137628,1,0
95,44,1172696,1,0
95,45,1209498,1,0
95,46,1212481,1,0
95,47,1036122,1,0
95,48,1063566,1,0
95,49,1086436,1,0
95,50,1193353,1,0
95,51,1075119,1,0
95,52,1108288,1,0
95,53,1093207,1,0
95,54,1270220,1,0
95,55,1033962,1,0
95,56,1009260,1,0
95,57,1070235,1,0
95,58,1147795,1,0
95,59,1071173,1,0
96,0,1351158,1,0
96,1,1145206,1,0
96,2,1156645,1,0
96,3,1150441,1,0
96,4,1184884,1,0
96,5,1071866,1,0
96,6,1111712,1,0
96,7,1156387,1,0
96,8,1095287,1,0
96,9,1172562,1,0
96,10,1088946,1,0
96,11,1162953,1,0
96,12,1195893,1,0
96,13,1194984,1,0
96,14,1064160,1,0
96,15,1134980,1,0
96,16,1087931,1,0
96,17,1142837,1,0
96,18,1206438,1,0
96,19,1058893,1,0
96,20,1084160,1,0
96,21,1074406,1,0
96,22,1147587,1,0
96,23,1050205,1,0
96,24,1056550,1,0
96,25,1131862,1,0
96,26,1203581,1,0
96,27,1077137,1,0
96,28,1069532,1,0
96,29,1075393,1,0
96,30,1195860,1,0
96,31,1097312,1,0
96,32,1040214,1,0
96,33,1063575,1,0
96,34,1270674,1,0
96,35,1079390,1,0
96,36,1107150,1,0
96,37,1060473,1,0
96,38,1220035,1,0
96,39,1124793,1,0
96,40,1089396,1,0
96,41,1077490,1,0
96,42,1090792,1,0
96,43,1125921,1,0
96,44,1210080,1,0
96,45,1234188,1,0
96,46,1130349,1,0
96,47,1055682,1,0
96,48,1055874,1,0
96,49,1137770,1,0
96,50,1136954,1,0
96,51,1081869,1,0
96,52,1116101,1,0
96,53,1136932,1,0
96,54,1220017,1,0
96,55,1030689,1,0
96,56,1011237,1,0
96,57,1063396,1,0
96,58,1162976,1,0
96,59,1043242,1,0
97,0,1187518,1,0
97,1,1158193,1,0
97,2,1154691,1,0
97,3,1146095,1,0
97,4,1176262,1,0
97,5,1098973,1,0
97,6,1090851,1,0
97,7,1159692,1,0
97,8,1110610,1,0
97,9,1147366,1,0
97,10,1108097,1,0
97,11,1154337,1,0
97,12,1181936,1,0
97,13,1212086,1,0
97,14,1075441,1,0
97,15,1131921,1,0
97,16,1081811,1,0
97,17,1145200,1,0
97,18,1142289,1,0
97,19,1116664,1,0
97,20,1095298,1,0
97,21,1071782,1,0
97,22,1155911,1,0
97,23,1055133,1,0
97,24,1041610,1,0
97,25,1122364,1,0
97,26,1217940,1,0
97,27,1078662,1,0
97,28,1070730,1,0
97,29,1074172,1,0
97,30,1194316,1,0
97,31,1084176,1,0
97,32,1068220,1,0
97,33,1032812,1,0
97,34,1288351,1,0
97,35,1062578,1,0
97,36,1120092,1,0
97,37,1056729,1,0
97,38,1207915,1,0
97,39,1137035,1,0
97,40,1096968,1,0
97,41,1072545,1,0
97,42,1091778,1,0
97,43,1129306,1,0
97,44,1186250,1,0
97,45,1232226,1,0
97,46,1167864,1,0
97,47,1042231,1,0
97,48,1053290,1,0
97,49,1123944,1,0
97,50,1164118,1,0
97,51,1074342,1,0
97,52,1114647,1,0
97,53,1111851,1,0
97,54,1246957,1,0
97,55,1034915,1,0
97,56,1003383,1,0
97,57,1069378,1,0
97,58,1156683,1,0
97,59,1060475,1,0
98,0,804572,1,0
98,1,1152289,1,0
98,2,1143011,1,0
98,3,1144842,1,0
98,4,1178723,1,0
98,5,1123197,1,0
98,6,1063190,1,0
98,7,1148385,1,0
98,8,1145096,1,0
98,9,1144792,1,0
98,10,1108953,1,0
98,11,1108237,1,0
98,12,1201955,1,0
98,13,1219432,1,0
98,14,1099779,1,0
98,15,1118750,1,0
98,16,1093670,1,0
98,17,1128814,1,0
98,18,1135896,1,0
98,19,1140946,1,0
98,20,1076070,1,0
98,21,1082504,1,0
98,22,1157362,1,0
98,23,1072948,1,0
98,24,1029675,1,0
98,25,1119882,1,0
98,26,1153733,1,0
98,27,1135327,1,0
98,28,1082528,1,0
98,29,1064515,1,0
98,30,1179816,1,0
98,31,1091207,1,0
98,32,1093263,1,0
98,33,1024750,1,0
98,34,1251222,1,0
98,35,1086808,1,0
98,36,1128142,1,0
98,37,1060160,1,0
98,38,1162361,1,0
98,39,1169757,1,0
98,40,1108509,1,0
98,41,1071583,1,0
98,42,1078724,1,0
98,43,1135360,1,0
98,44,1160811,1,0
98,45,1147615,1,0
98,46,1285280,1,0
98,47,1032990,1,0
98,48,1071817,1,0
98,49,1071928,1,0
98,50,1203066,1,0
98,51,1074628,1,0
98,52,1107499,1,0
98,53,1093155,1,0
98,54,1268079,1,0
98,55,1040787,1,0
98,56,1011839,1,0
98,57,1058078,1,0
98,58,1149101,1,0
98,59,1082092,1,0
99,0,111491,1,0
99,1,581398,1,0
99,2,762676,1,0
99,3,921587,1,0
99,4,1058606,1,0
99,5,1154063,1,0
99,6,1069800,1,0
99,7,1125627,1,0
99,8,1157527,1,0
99,9,1100579,1,0
99,10,1163087,1,0
99,11,1071549,1,0
99,12,1195254,1,0
99,13,1193207,1,0
99,14,1163617,1,0
99,15,1130590,1,0
99,16,1065795,1,0
99,17,1104636,1,0
99,18,1151116,1,0
99,19,1194349,1,0
99,20,1055183,1,0
99,21,1115078,1,0
99,22,1058110,1,0
99,23,1136393,1,0
99,24,1042858,1,0
99,25,1069474,1,0
99,26,1116552,1,0
99,27,1212008,1,0
99,28,1071493,1,0
99,29,1071176,1,0
99,30,1072087,1,0
99,31,1205292,1,0
99,32,1111833,1,0
99,33,1014659,1,0
99,34,1097556,1,0
99,35,1255736,1,0
99,36,1090755,1,0
99,37,1097943,1,0
99,38,1055857,1,0
99,39,1220992,1,0
99,40,1120856,1,0
99,41,1082922,1,0
99,42,1095894,1,0
99,43,1081826,1,0
99,44,1129615,1,0
99,45,1198234,1,0
99,46,1285921,1,0
99,47,1065832,1,0
99,48,1067791,1,0
99,49,1057844,1,0
99,50,1233082,1,0
99,51,1041532,1,0
99,52,1082729,1,0
99,53,1116166,1,0
99,54,1217906,1,0
99,55,1132184,1,0
99,56,1021917,1,0
99,57,1013752,1,0
99,58,1143051,1,0
99,59,1099372,1,0
