worker_id,sequence,latency_us,success,status_code
0,0,69062,1,0
0,1,585846,1,0
0,2,1501461,1,0
0,3,1732157,1,0
0,4,1522004,1,0
0,5,2002416,1,0
0,6,1717715,1,0
0,7,1530816,1,0
0,8,1895598,1,0
0,9,1413199,1,0
0,10,1388423,1,0
0,11,1349746,1,0
0,12,1584817,1,0
0,13,1354676,1,0
0,14,1270126,1,0
0,15,2152019,1,0
0,16,1385453,1,0
0,17,1354430,1,0
0,18,1549266,1,0
0,19,1543421,1,0
0,20,1508580,1,0
0,21,1618119,1,0
0,22,1482357,1,0
0,23,1637393,1,0
0,24,1508808,1,0
0,25,1177641,1,0
0,26,1198673,1,0
0,27,1285686,1,0
0,28,1501690,1,0
0,29,1243814,1,0
0,30,1148186,1,0
0,31,1140321,1,0
0,32,1345505,1,0
0,33,1152106,1,0
0,34,1083607,1,0
0,35,1198805,1,0
0,36,1319253,1,0
0,37,1207516,1,0
0,38,1164537,1,0
0,39,1151446,1,0
0,40,1166483,1,0
0,41,1395512,1,0
0,42,1140591,1,0
0,43,1113039,1,0
0,44,1082843,1,0
0,45,1400951,1,0
0,46,1181742,1,0
0,47,1146949,1,0
0,48,1104213,1,0
0,49,1296609,1,0
0,50,1483029,1,0
0,51,1212814,1,0
0,52,1115036,1,0
0,53,1488002,1,0
0,54,1342145,1,0
0,55,1132996,1,0
0,56,1155519,1,0
0,57,1181033,1,0
0,58,1192615,1,0
0,59,1148610,1,0
1,0,75550,1,0
1,1,590242,1,0
1,2,1510560,1,0
1,3,1730170,1,0
1,4,1526953,1,0
1,5,1992971,1,0
1,6,1716739,1,0
1,7,1550459,1,0
1,8,1878278,1,0
1,9,1413797,1,0
1,10,1389268,1,0
1,11,1347160,1,0
1,12,1592391,1,0
1,13,1344138,1,0
1,14,1272289,1,0
1,15,2149694,1,0
1,16,1387701,1,0
1,17,1354461,1,0
1,18,1550468,1,0
1,19,1556917,1,0
1,20,1495252,1,0
1,21,1619744,1,0
1,22,1478271,1,0
1,23,1640660,1,0
1,24,1506681,1,0
1,25,1176960,1,0
1,26,1198372,1,0
1,27,1285486,1,0
1,28,1503872,1,0
1,29,1241581,1,0
1,30,1148921,1,0
1,31,1140187,1,0
1,32,1346299,1,0
1,33,1151087,1,0
1,34,1082493,1,0
1,35,1199897,1,0
1,36,1319009,1,0
1,37,1206525,1,0
1,38,1167006,1,0
1,39,1153188,1,0
1,40,1161604,1,0
1,41,1403369,1,0
1,42,1134122,1,0
1,43,1114611,1,0
1,44,1080611,1,0
1,45,1403253,1,0
1,46,1180398,1,0
1,47,1147185,1,0
1,48,1103517,1,0
1,49,1296813,1,0
1,50,1483981,1,0
1,51,1212872,1,0
1,52,1113523,1,0
1,53,1504488,1,0
1,54,1326612,1,0
1,55,1133391,1,0
1,56,1155377,1,0
1,57,1184955,1,0
1,58,1190034,1,0
1,59,1147159,1,0
2,0,80185,1,0
2,1,596365,1,0
2,2,1518943,1,0
2,3,1731432,1,0
2,4,1609806,1,0
2,5,1903389,1,0
2,6,1715775,1,0
2,7,1552086,1,0
2,8,1879560,1,0
2,9,1412212,1,0
2,10,1390694,1,0
2,11,1348797,1,0
2,12,1592274,1,0
2,13,1338687,1,0
2,14,1274135,1,0
2,15,2147505,1,0
2,16,1389430,1,0
2,17,1356143,1,0
2,18,1549024,1,0
2,19,1558318,1,0
2,20,1496223,1,0
2,21,1619332,1,0
2,22,1475247,1,0
2,23,1641760,1,0
2,24,1506272,1,0
2,25,1175108,1,0
2,26,1198989,1,0
2,27,1299127,1,0
2,28,1493504,1,0
2,29,1239099,1,0
2,30,1150172,1,0
2,31,1139874,1,0
2,32,1345629,1,0
2,33,1150678,1,0
2,34,1081239,1,0
2,35,1201084,1,0
2,36,1331782,1,0
2,37,1194345,1,0
2,38,1165720,1,0
2,39,1154381,1,0
2,40,1162658,1,0
2,41,1402194,1,0
2,42,1133635,1,0
2,43,1114139,1,0
2,44,1080595,1,0
2,45,1405232,1,0
2,46,1178800,1,0
2,47,1147817,1,0
2,48,1102542,1,0
2,49,1297091,1,0
2,50,1484636,1,0
2,51,1212999,1,0
2,52,1113008,1,0
2,53,1504692,1,0
2,54,1325583,1,0
2,55,1134805,1,0
2,56,1154516,1,0
2,57,1185901,1,0
2,58,1190043,1,0
2,59,1146874,1,0
3,0,90221,1,0
3,1,597251,1,0
3,2,1525964,1,0
3,3,1728781,1,0
3,4,1730247,1,0
3,5,1782820,1,0
3,6,1714191,1,0
3,7,1551747,1,0
3,8,1881363,1,0
3,9,1411410,1,0
3,10,1390282,1,0
3,11,1363175,1,0
3,12,1581630,1,0
3,13,1333904,1,0
3,14,1275097,1,0
3,15,2162531,1,0
3,16,1373603,1,0
3,17,1357616,1,0
3,18,1555842,1,0
3,19,1552011,1,0
3,20,1496337,1,0
3,21,1619945,1,0
3,22,1472041,1,0
3,23,1643341,1,0
3,24,1505083,1,0
3,25,1174123,1,0
3,26,1200573,1,0
3,27,1296394,1,0
3,28,1506295,1,0
3,29,1228389,1,0
3,30,1149528,1,0
3,31,1139915,1,0
3,32,1347273,1,0
3,33,1148134,1,0
3,34,1087598,1,0
3,35,1194938,1,0
3,36,1332938,1,0
3,37,1192677,1,0
3,38,1167350,1,0
3,39,1153193,1,0
3,40,1163741,1,0
3,41,1402403,1,0
3,42,1133279,1,0
3,43,1113708,1,0
3,44,1081586,1,0
3,45,1405602,1,0
3,46,1177165,1,0
3,47,1147818,1,0
3,48,1101847,1,0
3,49,1298318,1,0
3,50,1485601,1,0
3,51,1211798,1,0
3,52,1112208,1,0
3,53,1523197,1,0
3,54,1310131,1,0
3,55,1132901,1,0
3,56,1153393,1,0
3,57,1187100,1,0
3,58,1189063,1,0
3,59,1147419,1,0
4,0,95335,1,0
4,1,599672,1,0
4,2,1534068,1,0
4,3,1724702,1,0
4,4,1764411,1,0
4,5,1748124,1,0
4,6,1713855,1,0
4,7,1568132,1,0
4,8,1864731,1,0
4,9,1414676,1,0
4,10,1388140,1,0
4,11,1363042,1,0
4,12,1582993,1,0
4,13,1332575,1,0
4,14,1273709,1,0
4,15,2166194,1,0
4,16,1373444,1,0
4,17,1356049,1,0
4,18,1555613,1,0
4,19,1569100,1,0
4,20,1479533,1,0
4,21,1619719,1,0
4,22,1469559,1,0
4,23,1644721,1,0
4,24,1503793,1,0
4,25,1173294,1,0
4,26,1200362,1,0
4,27,1310019,1,0
4,28,1493805,1,0
4,29,1226234,1,0
4,30,1151419,1,0
4,31,1140345,1,0
4,32,1349798,1,0
4,33,1144063,1,0
4,34,1088360,1,0
4,35,1194886,1,0
4,36,1332573,1,0
4,37,1192352,1,0
4,38,1169548,1,0
4,39,1151880,1,0
4,40,1176360,1,0
4,41,1388315,1,0
4,42,1133753,1,0
4,43,1112912,1,0
4,44,1082708,1,0
4,45,1406569,1,0
4,46,1175117,1,0
4,47,1150289,1,0
4,48,1099195,1,0
4,49,1312465,1,0
4,50,1473099,1,0
4,51,1213056,1,0
4,52,1110085,1,0
4,53,1526462,1,0
4,54,1307429,1,0
4,55,1131405,1,0
4,56,1156646,1,0
4,57,1186380,1,0
4,58,1188747,1,0
4,59,1145633,1,0
5,0,100728,1,0
5,1,600422,1,0
5,2,1545076,1,0
5,3,1723127,1,0
5,4,1765156,1,0
5,5,1741851,1,0
5,6,1712338,1,0
5,7,1569979,1,0
5,8,1864679,1,0
5,9,1414009,1,0
5,10,1388680,1,0
5,11,1365698,1,0
5,12,1584905,1,0
5,13,1325524,1,0
5,14,1284003,1,0
5,15,2155432,1,0
5,16,1373036,1,0
5,17,1357666,1,0
5,18,1566082,1,0
5,19,1558668,1,0
5,20,1483756,1,0
5,21,1621551,1,0
5,22,1463303,1,0
5,23,1645789,1,0
5,24,1502700,1,0
5,25,1175732,1,0
5,26,1195828,1,0
5,27,1310151,1,0
5,28,1496085,1,0
5,29,1226461,1,0
5,30,1150781,1,0
5,31,1140350,1,0
5,32,1352423,1,0
5,33,1139220,1,0
5,34,1088176,1,0
5,35,1195895,1,0
5,36,1332364,1,0
5,37,1190503,1,0
5,38,1172069,1,0
5,39,1155239,1,0
5,40,1171635,1,0
5,41,1389999,1,0
5,42,1133505,1,0
5,43,1110634,1,0
5,44,1083818,1,0
5,45,1409951,1,0
5,46,1172636,1,0
5,47,1149441,1,0
5,48,1098353,1,0
5,49,1314656,1,0
5,50,1473825,1,0
5,51,1214049,1,0
5,52,1106814,1,0
5,53,1531804,1,0
5,54,1301743,1,0
5,55,1143101,1,0
5,56,1146681,1,0
5,57,1186736,1,0
5,58,1187504,1,0
5,59,1145535,1,0
6,0,108033,1,0
6,1,604906,1,0
6,2,1550464,1,0
6,3,1720780,1,0
6,4,1767183,1,0
6,5,1751151,1,0
6,6,1699727,1,0
6,7,1572312,1,0
6,8,1864098,1,0
6,9,1416266,1,0
6,10,1388182,1,0
6,11,1365837,1,0
6,12,1584362,1,0
6,13,1321968,1,0
6,14,1291723,1,0
6,15,2150029,1,0
6,16,1375204,1,0
6,17,1353875,1,0
6,18,1566344,1,0
6,19,1557556,1,0
6,20,1484861,1,0
6,21,1627592,1,0
6,22,1455977,1,0
6,23,1648091,1,0
6,24,1505280,1,0
6,25,1171706,1,0
6,26,1195423,1,0
6,27,1310634,1,0
6,28,1498263,1,0
6,29,1225846,1,0
6,30,1149725,1,0
6,31,1139818,1,0
6,32,1352235,1,0
6,33,1139950,1,0
6,34,1085696,1,0
6,35,1195956,1,0
6,36,1346002,1,0
6,37,1176615,1,0
6,38,1173394,1,0
6,39,1155833,1,0
6,40,1170314,1,0
6,41,1389912,1,0
6,42,1135538,1,0
6,43,1109868,1,0
6,44,1083856,1,0
6,45,1410225,1,0
6,46,1172086,1,0
6,47,1148393,1,0
6,48,1099888,1,0
6,49,1315589,1,0
6,50,1473946,1,0
6,51,1212271,1,0
6,52,1105243,1,0
6,53,1536264,1,0
6,54,1298605,1,0
6,55,1145761,1,0
6,56,1144782,1,0
6,57,1185015,1,0
6,58,1188894,1,0
6,59,1144715,1,0
7,0,113199,1,0
7,1,609631,1,0
7,2,1557836,1,0
7,3,1717991,1,0
7,4,1767858,1,0
7,5,1755755,1,0
7,6,1692529,1,0
7,7,1591762,1,0
7,8,1849658,1,0
7,9,1411805,1,0
7,10,1389636,1,0
7,11,1396682,1,0
7,12,1556335,1,0
7,13,1316366,1,0
7,14,1298287,1,0
7,15,2161040,1,0
7,16,1358902,1,0
7,17,1353348,1,0
7,18,1566740,1,0
7,19,1557350,1,0
7,20,1485056,1,0
7,21,1632500,1,0
7,22,1451661,1,0
7,23,1648759,1,0
7,24,1502467,1,0
7,25,1171929,1,0
7,26,1196380,1,0
7,27,1309084,1,0
7,28,1499640,1,0
7,29,1226632,1,0
7,30,1150128,1,0
7,31,1139003,1,0
7,32,1352217,1,0
7,33,1141584,1,0
7,34,1083517,1,0
7,35,1196154,1,0
7,36,1343568,1,0
7,37,1177186,1,0
7,38,1174788,1,0
7,39,1156089,1,0
7,40,1170336,1,0
7,41,1387167,1,0
7,42,1137999,1,0
7,43,1108874,1,0
7,44,1084697,1,0
7,45,1408155,1,0
7,46,1174768,1,0
7,47,1146746,1,0
7,48,1099739,1,0
7,49,1316870,1,0
7,50,1474071,1,0
7,51,1212516,1,0
7,52,1106363,1,0
7,53,1537244,1,0
7,54,1295270,1,0
7,55,1149435,1,0
7,56,1141686,1,0
7,57,1186920,1,0
7,58,1185760,1,0
7,59,1144170,1,0
8,0,118258,1,0
8,1,611434,1,0
8,2,1563715,1,0
8,3,1730185,1,0
8,4,1754687,1,0
8,5,1759353,1,0
8,6,1690956,1,0
8,7,1592044,1,0
8,8,1847805,1,0
8,9,1410519,1,0
8,10,1386948,1,0
8,11,1401632,1,0
8,12,1554694,1,0
8,13,1313895,1,0
8,14,1302439,1,0
8,15,2165235,1,0
8,16,1352585,1,0
8,17,1352669,1,0
8,18,1566031,1,0
8,19,1559035,1,0
8,20,1482987,1,0
8,21,1635879,1,0
8,22,1447429,1,0
8,23,1656971,1,0
8,24,1494822,1,0
8,25,1171111,1,0
8,26,1197489,1,0
8,27,1320002,1,0
8,28,1488065,1,0
8,29,1229258,1,0
8,30,1147426,1,0
8,31,1141588,1,0
8,32,1350345,1,0
8,33,1140030,1,0
8,34,1083516,1,0
8,35,1196720,1,0
8,36,1341518,1,0
8,37,1178222,1,0
8,38,1176224,1,0
8,39,1155818,1,0
8,40,1169457,1,0
8,41,1386668,1,0
8,42,1138254,1,0
8,43,1109297,1,0
8,44,1086133,1,0
8,45,1407072,1,0
8,46,1173018,1,0
8,47,1146916,1,0
8,48,1099273,1,0
8,49,1330941,1,0
8,50,1463142,1,0
8,51,1211079,1,0
8,52,1106325,1,0
8,53,1537068,1,0
8,54,1297442,1,0
8,55,1146949,1,0
8,56,1143999,1,0
8,57,1187480,1,0
8,58,1183262,1,0
8,59,1144779,1,0
9,0,122404,1,0
9,1,613626,1,0
9,2,1572227,1,0
9,3,1728509,1,0
9,4,1766478,1,0
9,5,1747794,1,0
9,6,1687384,1,0
9,7,1590602,1,0
9,8,1849374,1,0
9,9,1409875,1,0
9,10,1387103,1,0
9,11,1408753,1,0
9,12,1549875,1,0
9,13,1310312,1,0
9,14,1306847,1,0
9,15,2164518,1,0
9,16,1349725,1,0
9,17,1355551,1,0
9,18,1563399,1,0
9,19,1559109,1,0
9,20,1483695,1,0
9,21,1638548,1,0
9,22,1445286,1,0
9,23,1655913,1,0
9,24,1494336,1,0
9,25,1170628,1,0
9,26,1197136,1,0
9,27,1333855,1,0
9,28,1474223,1,0
9,29,1231296,1,0
9,30,1146463,1,0
9,31,1141078,1,0
9,32,1351277,1,0
9,33,1137076,1,0
9,34,1087603,1,0
9,35,1195291,1,0
9,36,1340264,1,0
9,37,1176893,1,0
9,38,1179491,1,0
9,39,1154143,1,0
9,40,1181149,1,0
9,41,1375879,1,0
9,42,1137095,1,0
9,43,1108187,1,0
9,44,1087087,1,0
9,45,1407425,1,0
9,46,1172349,1,0
9,47,1145198,1,0
9,48,1101225,1,0
9,49,1332702,1,0
9,50,1462303,1,0
9,51,1211835,1,0
9,52,1106240,1,0
9,53,1535179,1,0
9,54,1298690,1,0
9,55,1145872,1,0
9,56,1144140,1,0
9,57,1187980,1,0
9,58,1181479,1,0
9,59,1146367,1,0
10,0,127935,1,0
10,1,615000,1,0
10,2,1576759,1,0
10,3,1726399,1,0
10,4,1768650,1,0
10,5,1750680,1,0
10,6,1687257,1,0
10,7,1587282,1,0
10,8,1848828,1,0
10,9,1408633,1,0
10,10,1388875,1,0
10,11,1436223,1,0
10,12,1524495,1,0
10,13,1305517,1,0
10,14,1316179,1,0
10,15,2156720,1,0
10,16,1354506,1,0
10,17,1352215,1,0
10,18,1565571,1,0
10,19,1555223,1,0
10,20,1484644,1,0
10,21,1642793,1,0
10,22,1438962,1,0
10,23,1657385,1,0
10,24,1492092,1,0
10,25,1172945,1,0
10,26,1194205,1,0
10,27,1336254,1,0
10,28,1474688,1,0
10,29,1230552,1,0
10,30,1147910,1,0
10,31,1139045,1,0
10,32,1353812,1,0
10,33,1133525,1,0
10,34,1092925,1,0
10,35,1190978,1,0
10,36,1354184,1,0
10,37,1162806,1,0
10,38,1179816,1,0
10,39,1152473,1,0
10,40,1182690,1,0
10,41,1375450,1,0
10,42,1137536,1,0
10,43,1108936,1,0
10,44,1086252,1,0
10,45,1407818,1,0
10,46,1170945,1,0
10,47,1145996,1,0
10,48,1101051,1,0
10,49,1332367,1,0
10,50,1463574,1,0
10,51,1210881,1,0
10,52,1105665,1,0
10,53,1539115,1,0
10,54,1295422,1,0
10,55,1145102,1,0
10,56,1146203,1,0
10,57,1187492,1,0
10,58,1180025,1,0
10,59,1144972,1,0
11,0,133394,1,0
11,1,619243,1,0
11,2,1584206,1,0
11,3,1728014,1,0
11,4,1763645,1,0
11,5,1752978,1,0
11,6,1689472,1,0
11,7,1598196,1,0
11,8,1831620,1,0
11,9,1409952,1,0
11,10,1387223,1,0
11,11,1439166,1,0
11,12,1523278,1,0
11,13,1304324,1,0
11,14,1321305,1,0
11,15,2165892,1,0
11,16,1339994,1,0
11,17,1355545,1,0
11,18,1561480,1,0
11,19,1555563,1,0
11,20,1487061,1,0
11,21,1643259,1,0
11,22,1438141,1,0
11,23,1655669,1,0
11,24,1493096,1,0
11,25,1171651,1,0
11,26,1193860,1,0
11,27,1336156,1,0
11,28,1474170,1,0
11,29,1230885,1,0
11,30,1148682,1,0
11,31,1138551,1,0
11,32,1353069,1,0
11,33,1135338,1,0
11,34,1093755,1,0
11,35,1189275,1,0
11,36,1354702,1,0
11,37,1160839,1,0
11,38,1183166,1,0
11,39,1150322,1,0
11,40,1182418,1,0
11,41,1374046,1,0
11,42,1139652,1,0
11,43,1107712,1,0
11,44,1086572,1,0
11,45,1407810,1,0
11,46,1171716,1,0
11,47,1145325,1,0
11,48,1102028,1,0
11,49,1344567,1,0
11,50,1451216,1,0
11,51,1208911,1,0
11,52,1106353,1,0
11,53,1538759,1,0
11,54,1296400,1,0
11,55,1144613,1,0
11,56,1146692,1,0
11,57,1187473,1,0
11,58,1180949,1,0
11,59,1144198,1,0
12,0,139226,1,0
12,1,621726,1,0
12,2,1589961,1,0
12,3,1726093,1,0
12,4,1765662,1,0
12,5,1757307,1,0
12,6,1682689,1,0
12,7,1601440,1,0
12,8,1827988,1,0
12,9,1409772,1,0
12,10,1389811,1,0
12,11,1445773,1,0
12,12,1515291,1,0
12,13,1305692,1,0
12,14,1326322,1,0
12,15,2161834,1,0
12,16,1335952,1,0
12,17,1358813,1,0
12,18,1557758,1,0
12,19,1554951,1,0
12,20,1490510,1,0
12,21,1649342,1,0
12,22,1428743,1,0
12,23,1657972,1,0
12,24,1490988,1,0
12,25,1172029,1,0
12,26,1195013,1,0
12,27,1361488,1,0
12,28,1447874,1,0
12,29,1229927,1,0
12,30,1149262,1,0
12,31,1140024,1,0
12,32,1352123,1,0
12,33,1134865,1,0
12,34,1095080,1,0
12,35,1185879,1,0
12,36,1356699,1,0
12,37,1160816,1,0
12,38,1182797,1,0
12,39,1150295,1,0
12,40,1183141,1,0
12,41,1373929,1,0
12,42,1138736,1,0
12,43,1107836,1,0
12,44,1087173,1,0
12,45,1405554,1,0
12,46,1171918,1,0
12,47,1146552,1,0
12,48,1102305,1,0
12,49,1344339,1,0
12,50,1452515,1,0
12,51,1208099,1,0
12,52,1106649,1,0
12,53,1541573,1,0
12,54,1294336,1,0
12,55,1142425,1,0
12,56,1147712,1,0
12,57,1185226,1,0
12,58,1182171,1,0
12,59,1145434,1,0
13,0,141706,1,0
13,1,15442,1,0
13,2,1596817,1,0
13,3,1723795,1,0
13,4,1763498,1,0
13,5,1761014,1,0
13,6,1680777,1,0
13,7,1601370,1,0
13,8,1827806,1,0
13,9,1414425,1,0
13,10,1383488,1,0
13,11,1463601,1,0
13,12,1497840,1,0
13,13,1304466,1,0
13,14,1331559,1,0
13,15,2159794,1,0
13,16,1332580,1,0
13,17,1364091,1,0
13,18,1553840,1,0
13,19,1558734,1,0
13,20,1488868,1,0
13,21,1655573,1,0
13,22,1419418,1,0
13,23,1661758,1,0
13,24,1487445,1,0
13,25,1171099,1,0
13,26,1194961,1,0
13,27,1362501,1,0
13,28,1447207,1,0
13,29,1231224,1,0
13,30,1149825,1,0
13,31,1137888,1,0
13,32,1351734,1,0
13,33,1135275,1,0
13,34,1099967,1,0
13,35,1181692,1,0
13,36,1371157,1,0
13,37,1144293,1,0
13,38,1185893,1,0
13,39,1146208,1,0
13,40,1198864,1,0
13,41,1361270,1,0
13,42,1138799,1,0
13,43,1107617,1,0
13,44,1088330,1,0
13,45,1404811,1,0
13,46,1171703,1,0
13,47,1146232,1,0
13,48,1103839,1,0
13,49,1348282,1,0
13,50,1448164,1,0
13,51,1208248,1,0
13,52,1104192,1,0
13,53,1540548,1,0
13,54,1297343,1,0
13,55,1141743,1,0
13,56,1150102,1,0
13,57,1183226,1,0
13,58,1180374,1,0
13,59,1145905,1,0
14,0,144296,1,0
14,1,627757,1,0
14,2,1605451,1,0
14,3,1719831,1,0
14,4,1764802,1,0
14,5,1761709,1,0
14,6,1679144,1,0
14,7,1599231,1,0
14,8,1829947,1,0
14,9,1413440,1,0
14,10,1384441,1,0
14,11,1465596,1,0
14,12,1496947,1,0
14,13,1300216,1,0
14,14,1337952,1,0
14,15,2154394,1,0
14,16,1332761,1,0
14,17,1368232,1,0
14,18,1549827,1,0
14,19,1556533,1,0
14,20,1489788,1,0
14,21,1663196,1,0
14,22,1410589,1,0
14,23,1664753,1,0
14,24,1485653,1,0
14,25,1171466,1,0
14,26,1194478,1,0
14,27,1377958,1,0
14,28,1430971,1,0
14,29,1231741,1,0
14,30,1150202,1,0
14,31,1136827,1,0
14,32,1353881,1,0
14,33,1133010,1,0
14,34,1103284,1,0
14,35,1179758,1,0
14,36,1370593,1,0
14,37,1143288,1,0
14,38,1186855,1,0
14,39,1145051,1,0
14,40,1200223,1,0
14,41,1361365,1,0
14,42,1140060,1,0
14,43,1105228,1,0
14,44,1089613,1,0
14,45,1403032,1,0
14,46,1172746,1,0
14,47,1145177,1,0
14,48,1104188,1,0
14,49,1355480,1,0
14,50,1440929,1,0
14,51,1210101,1,0
14,52,1103124,1,0
14,53,1541853,1,0
14,54,1295111,1,0
14,55,1143056,1,0
14,56,1150192,1,0
14,57,1182513,1,0
14,58,1183061,1,0
14,59,1141880,1,0
15,0,147953,1,0
15,1,630028,1,0
15,2,1613347,1,0
15,3,1716912,1,0
15,4,1808975,1,0
15,5,1721764,1,0
15,6,1672403,1,0
15,7,1615144,1,0
15,8,1815913,1,0
15,9,1410964,1,0
15,10,1385912,1,0
15,11,1467953,1,0
15,12,1494666,1,0
15,13,1298527,1,0
15,14,1341125,1,0
15,15,2164832,1,0
15,16,1320225,1,0
15,17,1371529,1,0
15,18,1545265,1,0
15,19,1557457,1,0
15,20,1490193,1,0
15,21,1668039,1,0
15,22,1404597,1,0
15,23,1666965,1,0
15,24,1485647,1,0
15,25,1168158,1,0
15,26,1196163,1,0
15,27,1376973,1,0
15,28,1464156,1,0
15,29,1198091,1,0
15,30,1150737,1,0
15,31,1137480,1,0
15,32,1353857,1,0
15,33,1133881,1,0
15,34,1103979,1,0
15,35,1178103,1,0
15,36,1372774,1,0
15,37,1141432,1,0
15,38,1186683,1,0
15,39,1142197,1,0
15,40,1202426,1,0
15,41,1361819,1,0
15,42,1141445,1,0
15,43,1106477,1,0
15,44,1086295,1,0
15,45,1403004,1,0
15,46,1173260,1,0
15,47,1144851,1,0
15,48,1105392,1,0
15,49,1363798,1,0
15,50,1432519,1,0
15,51,1209912,1,0
15,52,1101430,1,0
15,53,1543782,1,0
15,54,1293725,1,0
15,55,1141554,1,0
15,56,1155495,1,0
15,57,1176977,1,0
15,58,1190263,1,0
15,59,1136193,1,0
16,0,151842,1,0
16,1,634490,1,0
16,2,1623735,1,0
16,3,1711418,1,0
16,4,1817645,1,0
16,5,1714933,1,0
16,6,1668896,1,0
16,7,1615990,1,0
16,8,1817005,1,0
16,9,1409680,1,0
16,10,1384877,1,0
16,11,1468831,1,0
16,12,1494356,1,0
16,13,1296951,1,0
16,14,1344717,1,0
16,15,2161101,1,0
16,16,1320562,1,0
16,17,1375004,1,0
16,18,1541693,1,0
16,19,1558351,1,0
16,20,1501341,1,0
16,21,1662494,1,0
16,22,1398708,1,0
16,23,1667661,1,0
16,24,1485576,1,0
16,25,1167317,1,0
16,26,1194145,1,0
16,27,1385489,1,0
16,28,1457385,1,0
16,29,1198112,1,0
16,30,1150168,1,0
16,31,1136155,1,0
16,32,1355038,1,0
16,33,1131332,1,0
16,34,1108074,1,0
16,35,1175833,1,0
16,36,1374703,1,0
16,37,1140575,1,0
16,38,1185934,1,0
16,39,1142106,1,0
16,40,1202421,1,0
16,41,1361017,1,0
16,42,1141856,1,0
16,43,1107461,1,0
16,44,1084925,1,0
16,45,1403223,1,0
16,46,1174057,1,0
16,47,1144441,1,0
16,48,1107736,1,0
16,49,1362892,1,0
16,50,1432524,1,0
16,51,1210163,1,0
16,52,1101032,1,0
16,53,1541652,1,0
16,54,1294473,1,0
16,55,1141912,1,0
16,56,1155421,1,0
16,57,1176312,1,0
16,58,1196702,1,0
16,59,1131761,1,0
17,0,160461,1,0
17,1,635790,1,0
17,2,1631333,1,0
17,3,1706648,1,0
17,4,1823218,1,0
17,5,1710417,1,0
17,6,1668456,1,0
17,7,1617339,1,0
17,8,1815308,1,0
17,9,1408784,1,0
17,10,1386352,1,0
17,11,1485119,1,0
17,12,1477864,1,0
17,13,1296312,1,0
17,14,1349723,1,0
17,15,2155984,1,0
17,16,1321289,1,0
17,17,1379411,1,0
17,18,1535740,1,0
17,19,1559141,1,0
17,20,1502603,1,0
17,21,1666995,1,0
17,22,1390114,1,0
17,23,1672230,1,0
17,24,1482988,1,0
17,25,1165488,1,0
17,26,1198307,1,0
17,27,1383863,1,0
17,28,1457044,1,0
17,29,1197141,1,0
17,30,1150964,1,0
17,31,1135798,1,0
17,32,1357172,1,0
17,33,1128927,1,0
17,34,1110936,1,0
17,35,1174263,1,0
17,36,1375555,1,0
17,37,1139466,1,0
17,38,1186733,1,0
17,39,1140840,1,0
17,40,1201934,1,0
17,41,1360017,1,0
17,42,1142075,1,0
17,43,1106852,1,0
17,44,1088706,1,0
17,45,1402411,1,0
17,46,1170622,1,0
17,47,1144355,1,0
17,48,1110721,1,0
17,49,1373983,1,0
17,50,1420732,1,0
17,51,1209757,1,0
17,52,1100186,1,0
17,53,1543205,1,0
17,54,1292989,1,0
17,55,1142321,1,0
17,56,1157451,1,0
17,57,1174196,1,0
17,58,1198217,1,0
17,59,1130883,1,0
18,0,166443,1,0
18,1,639693,1,0
18,2,1646371,1,0
18,3,1695777,1,0
18,4,1828395,1,0
18,5,1709102,1,0
18,6,1665134,1,0
18,7,1618976,1,0
18,8,1812484,1,0
18,9,1408059,1,0
18,10,1385975,1,0
18,11,1489132,1,0
18,12,1475006,1,0
18,13,1294516,1,0
18,14,1352273,1,0
18,15,2170839,1,0
18,16,1304553,1,0
18,17,1386874,1,0
18,18,1527117,1,0
18,19,1561018,1,0
18,20,1502840,1,0
18,21,1672858,1,0
18,22,1383421,1,0
18,23,1672046,1,0
18,24,1482711,1,0
18,25,1163704,1,0
18,26,1199270,1,0
18,27,1393391,1,0
18,28,1447378,1,0
18,29,1196906,1,0
18,30,1150927,1,0
18,31,1137001,1,0
18,32,1358052,1,0
18,33,1126372,1,0
18,34,1113137,1,0
18,35,1173547,1,0
18,36,1375877,1,0
18,37,1138980,1,0
18,38,1186291,1,0
18,39,1140087,1,0
18,40,1262140,1,0
18,41,1301790,1,0
18,42,1140117,1,0
18,43,1105597,1,0
18,44,1092232,1,0
18,45,1400317,1,0
18,46,1171418,1,0
18,47,1143277,1,0
18,48,1112722,1,0
18,49,1372962,1,0
18,50,1420782,1,0
18,51,1213694,1,0
18,52,1097117,1,0
18,53,1541335,1,0
18,54,1297693,1,0
18,55,1136765,1,0
18,56,1159532,1,0
18,57,1173179,1,0
18,58,1199209,1,0
18,59,1130399,1,0
19,0,171121,1,0
19,1,647911,1,0
19,2,1651412,1,0
19,3,1694881,1,0
19,4,1833803,1,0
19,5,1715047,1,0
19,6,1652527,1,0
19,7,1621784,1,0
19,8,1812299,1,0
19,9,1405382,1,0
19,10,1386125,1,0
19,11,1490097,1,0
19,12,1476197,1,0
19,13,1291485,1,0
19,14,1354819,1,0
19,15,2167762,1,0
19,16,1305365,1,0
19,17,1390857,1,0
19,18,1523133,1,0
19,19,1561560,1,0
19,20,1502387,1,0
19,21,1675537,1,0
19,22,1387277,1,0
19,23,1665851,1,0
19,24,1482146,1,0
19,25,1164758,1,0
19,26,1196833,1,0
19,27,1393699,1,0
19,28,1448980,1,0
19,29,1195271,1,0
19,30,1152011,1,0
19,31,1136382,1,0
19,32,1358673,1,0
19,33,1125222,1,0
19,34,1115193,1,0
19,35,1173113,1,0
19,36,1377453,1,0
19,37,1135818,1,0
19,38,1186217,1,0
19,39,1140328,1,0
19,40,1262635,1,0
19,41,1301347,1,0
19,42,1140048,1,0
19,43,1106883,1,0
19,44,1093100,1,0
19,45,1397706,1,0
19,46,1172809,1,0
19,47,1140699,1,0
19,48,1115046,1,0
19,49,1385054,1,0
19,50,1409779,1,0
19,51,1213568,1,0
19,52,1095706,1,0
19,53,1545893,1,0
19,54,1293951,1,0
19,55,1137408,1,0
19,56,1158946,1,0
19,57,1172692,1,0
19,58,1198940,1,0
19,59,1129793,1,0
20,0,180347,1,0
20,1,650770,1,0
20,2,1655660,1,0
20,3,1697304,1,0
20,4,1833664,1,0
20,5,1716733,1,0
20,6,1647926,1,0
20,7,1640030,1,0
20,8,1793841,1,0
20,9,1402013,1,0
20,10,1387802,1,0
20,11,1527041,1,0
20,12,1441300,1,0
20,13,1289461,1,0
20,14,1369274,1,0
20,15,2152234,1,0
20,16,1308904,1,0
20,17,1392108,1,0
20,18,1519541,1,0
20,19,1562807,1,0
20,20,1503522,1,0
20,21,1674385,1,0
20,22,1390614,1,0
20,23,1661860,1,0
20,24,1483170,1,0
20,25,1163279,1,0
20,26,1194920,1,0
20,27,1397175,1,0
20,28,1447199,1,0
20,29,1194079,1,0
20,30,1159950,1,0
20,31,1129923,1,0
20,32,1356590,1,0
20,33,1126799,1,0
20,34,1114787,1,0
20,35,1172733,1,0
20,36,1381645,1,0
20,37,1134641,1,0
20,38,1184185,1,0
20,39,1140122,1,0
20,40,1262809,1,0
20,41,1300020,1,0
20,42,1141266,1,0
20,43,1106163,1,0
20,44,1093961,1,0
20,45,1398417,1,0
20,46,1172102,1,0
20,47,1140207,1,0
20,48,1120448,1,0
20,49,1381139,1,0
20,50,1409866,1,0
20,51,1212859,1,0
20,52,1096429,1,0
20,53,1545237,1,0
20,54,1293754,1,0
20,55,1135786,1,0
20,56,1161014,1,0
20,57,1172261,1,0
20,58,1200700,1,0
20,59,1132612,1,0
21,0,186580,1,0
21,1,655974,1,0
21,2,1657315,1,0
21,3,1700820,1,0
21,4,1858580,1,0
21,5,1691629,1,0
21,6,1648299,1,0
21,7,1641381,1,0
21,8,1790365,1,0
21,9,1402576,1,0
21,10,1386246,1,0
21,11,1527956,1,0
21,12,1442666,1,0
21,13,1286326,1,0
21,14,1374446,1,0
21,15,2146686,1,0
21,16,1314226,1,0
21,17,1392150,1,0
21,18,1514686,1,0
21,19,1568845,1,0
21,20,1498580,1,0
21,21,1674701,1,0
21,22,1392965,1,0
21,23,1659330,1,0
21,24,1482611,1,0
21,25,1162640,1,0
21,26,1194868,1,0
21,27,1397880,1,0
21,28,1447265,1,0
21,29,1193059,1,0
21,30,1162847,1,0
21,31,1130700,1,0
21,32,1352797,1,0
21,33,1126512,1,0
21,34,1114392,1,0
21,35,1174145,1,0
21,36,1382501,1,0
21,37,1133729,1,0
21,38,1183897,1,0
21,39,1139841,1,0
21,40,1263012,1,0
21,41,1298903,1,0
21,42,1139621,1,0
21,43,1108692,1,0
21,44,1097267,1,0
21,45,1395255,1,0
21,46,1171997,1,0
21,47,1140776,1,0
21,48,1120519,1,0
21,49,1381011,1,0
21,50,1413033,1,0
21,51,1208869,1,0
21,52,1098016,1,0
21,53,1544724,1,0
21,54,1295276,1,0
21,55,1132878,1,0
21,56,1162631,1,0
21,57,1173777,1,0
21,58,1198930,1,0
21,59,1131811,1,0
22,0,194613,1,0
22,1,657564,1,0
22,2,1666245,1,0
22,3,1696247,1,0
22,4,1863079,1,0
22,5,1687127,1,0
22,6,1648713,1,0
22,7,1658056,1,0
22,8,1771934,1,0
22,9,1402159,1,0
22,10,1385349,1,0
22,11,1528963,1,0
22,12,1444718,1,0
22,13,1284469,1,0
22,14,1379075,1,0
22,15,2141796,1,0
22,16,1313895,1,0
22,17,1413834,1,0
22,18,1493376,1,0
22,19,1571138,1,0
22,20,1499444,1,0
22,21,1671889,1,0
22,22,1392306,1,0
22,23,1660230,1,0
22,24,1481694,1,0
22,25,1163756,1,0
22,26,1191241,1,0
22,27,1412920,1,0
22,28,1433339,1,0
22,29,1194124,1,0
22,30,1164485,1,0
22,31,1127474,1,0
22,32,1352785,1,0
22,33,1126092,1,0
22,34,1116478,1,0
22,35,1175031,1,0
22,36,1381333,1,0
22,37,1134021,1,0
22,38,1184266,1,0
22,39,1138453,1,0
22,40,1349256,1,0
22,41,1213585,1,0
22,42,1138743,1,0
22,43,1110642,1,0
22,44,1101416,1,0
22,45,1391814,1,0
22,46,1168137,1,0
22,47,1142441,1,0
22,48,1121265,1,0
22,49,1392217,1,0
22,50,1402620,1,0
22,51,1210777,1,0
22,52,1095068,1,0
22,53,1544413,1,0
22,54,1294647,1,0
22,55,1131406,1,0
22,56,1164122,1,0
22,57,1175559,1,0
22,58,1196604,1,0
22,59,1131339,1,0
23,0,198849,1,0
23,1,657218,1,0
23,2,1671707,1,0
23,3,1697332,1,0
23,4,1882904,1,0
23,5,1667189,1,0
23,6,1646590,1,0
23,7,1674769,1,0
23,8,1753916,1,0
23,9,1401999,1,0
23,10,1387943,1,0
23,11,1538954,1,0
23,12,1437034,1,0
23,13,1277918,1,0
23,14,1387170,1,0
23,15,2134578,1,0
23,16,1314804,1,0
23,17,1425244,1,0
23,18,1481940,1,0
23,19,1570494,1,0
23,20,1506130,1,0
23,21,1665387,1,0
23,22,1393087,1,0
23,23,1663918,1,0
23,24,1475211,1,0
23,25,1164871,1,0
23,26,1190797,1,0
23,27,1412454,1,0
23,28,1433584,1,0
23,29,1195706,1,0
23,30,1162897,1,0
23,31,1127567,1,0
23,32,1352420,1,0
23,33,1124789,1,0
23,34,1118103,1,0
23,35,1176029,1,0
23,36,1381046,1,0
23,37,1133537,1,0
23,38,1184929,1,0
23,39,1138109,1,0
23,40,1350614,1,0
23,41,1214516,1,0
23,42,1136507,1,0
23,43,1109055,1,0
23,44,1108349,1,0
23,45,1385811,1,0
23,46,1168004,1,0
23,47,1142058,1,0
23,48,1124695,1,0
23,49,1391715,1,0
23,50,1401863,1,0
23,51,1212298,1,0
23,52,1092538,1,0
23,53,1543431,1,0
23,54,1296311,1,0
23,55,1130719,1,0
23,56,1164135,1,0
23,57,1175235,1,0
23,58,1197175,1,0
23,59,1129090,1,0
24,0,203597,1,0
24,1,658197,1,0
24,2,1679323,1,0
24,3,1693831,1,0
24,4,1888782,1,0
24,5,1665852,1,0
24,6,1640845,1,0
24,7,1682657,1,0
24,8,1746993,1,0
24,9,1401275,1,0
24,10,1387405,1,0
24,11,1539062,1,0
24,12,1441607,1,0
24,13,1271461,1,0
24,14,1394579,1,0
24,15,2134454,1,0
24,16,1309868,1,0
24,17,1431038,1,0
24,18,1480335,1,0
24,19,1567011,1,0
24,20,1508395,1,0
24,21,1661164,1,0
24,22,1396439,1,0
24,23,1661976,1,0
24,24,1473848,1,0
24,25,1163828,1,0
24,26,1191125,1,0
24,27,1413353,1,0
24,28,1434685,1,0
24,29,1193503,1,0
24,30,1163734,1,0
24,31,1127580,1,0
24,32,1352601,1,0
24,33,1124219,1,0
24,34,1117638,1,0
24,35,1176641,1,0
24,36,1383077,1,0
24,37,1131576,1,0
24,38,1185127,1,0
24,39,1136069,1,0
24,40,1353996,1,0
24,41,1213331,1,0
24,42,1133443,1,0
24,43,1112337,1,0
24,44,1107943,1,0
24,45,1384213,1,0
24,46,1169210,1,0
24,47,1142320,1,0
24,48,1126362,1,0
24,49,1391107,1,0
24,50,1402691,1,0
24,51,1210798,1,0
24,52,1094335,1,0
24,53,1541473,1,0
24,54,1294592,1,0
24,55,1134001,1,0
24,56,1165165,1,0
24,57,1171460,1,0
24,58,1199788,1,0
24,59,1127267,1,0
25,0,205473,1,0
25,1,661103,1,0
25,2,1681863,1,0
25,3,1695421,1,0
25,4,1890857,1,0
25,5,1668296,1,0
25,6,1637659,1,0
25,7,1683352,1,0
25,8,1742891,1,0
25,9,1412383,1,0
25,10,1377763,1,0
25,11,1539266,1,0
25,12,1445506,1,0
25,13,1264711,1,0
25,14,1402055,1,0
25,15,2127577,1,0
25,16,1308780,1,0
25,17,1437465,1,0
25,18,1475258,1,0
25,19,1567438,1,0
25,20,1509518,1,0
25,21,1660246,1,0
25,22,1396060,1,0
25,23,1662870,1,0
25,24,1474923,1,0
25,25,1162016,1,0
25,26,1191993,1,0
25,27,1412340,1,0
25,28,1433995,1,0
25,29,1193773,1,0
25,30,1162727,1,0
25,31,1128682,1,0
25,32,1350917,1,0
25,33,1125565,1,0
25,34,1115561,1,0
25,35,1179366,1,0
25,36,1382947,1,0
25,37,1130722,1,0
25,38,1185237,1,0
25,39,1135577,1,0
25,40,1355169,1,0
25,41,1213658,1,0
25,42,1132131,1,0
25,43,1111670,1,0
25,44,1110371,1,0
25,45,1383398,1,0
25,46,1167523,1,0
25,47,1144853,1,0
25,48,1126786,1,0
25,49,1402922,1,0
25,50,1389460,1,0
25,51,1212284,1,0
25,52,1098001,1,0
25,53,1535574,1,0
25,54,1296824,1,0
25,55,1132053,1,0
25,56,1165547,1,0
25,57,1171200,1,0
25,58,1200502,1,0
25,59,1127315,1,0
26,0,208927,1,0
26,1,662322,1,0
26,2,1683475,1,0
26,3,1703568,1,0
26,4,1885930,1,0
26,5,1672051,1,0
26,6,1634648,1,0
26,7,1682633,1,0
26,8,1741221,1,0
26,9,1416705,1,0
26,10,1370734,1,0
26,11,1557524,1,0
26,12,1431461,1,0
26,13,1262095,1,0
26,14,1406261,1,0
26,15,2125020,1,0
26,16,1305984,1,0
26,17,1446215,1,0
26,18,1467381,1,0
26,19,1569543,1,0
26,20,1511414,1,0
26,21,1656847,1,0
26,22,1395265,1,0
26,23,1666449,1,0
26,24,1471096,1,0
26,25,1162875,1,0
26,26,1193636,1,0
26,27,1424604,1,0
26,28,1417179,1,0
26,29,1197081,1,0
26,30,1162956,1,0
26,31,1129970,1,0
26,32,1348187,1,0
26,33,1123733,1,0
26,34,1117377,1,0
26,35,1178857,1,0
26,36,1382430,1,0
26,37,1135097,1,0
26,38,1183861,1,0
26,39,1133004,1,0
26,40,1355201,1,0
26,41,1216397,1,0
26,42,1128843,1,0
26,43,1109909,1,0
26,44,1112082,1,0
26,45,1384525,1,0
26,46,1166749,1,0
26,47,1145575,1,0
26,48,1127251,1,0
26,49,1402983,1,0
26,50,1391749,1,0
26,51,1210052,1,0
26,52,1102542,1,0
26,53,1531307,1,0
26,54,1295212,1,0
26,55,1132262,1,0
26,56,1166340,1,0
26,57,1172666,1,0
26,58,1198099,1,0
26,59,1127883,1,0
27,0,212226,1,0
27,1,663846,1,0
27,2,1686567,1,0
27,3,1706212,1,0
27,4,1887717,1,0
27,5,1673610,1,0
27,6,1629924,1,0
27,7,1700506,1,0
27,8,1721864,1,0
27,9,1422617,1,0
27,10,1365718,1,0
27,11,1557632,1,0
27,12,1432414,1,0
27,13,1259772,1,0
27,14,1411054,1,0
27,15,2120746,1,0
27,16,1305750,1,0
27,17,1456719,1,0
27,18,1454255,1,0
27,19,1576624,1,0
27,20,1509138,1,0
27,21,1656049,1,0
27,22,1392665,1,0
27,23,1669577,1,0
27,24,1470147,1,0
27,25,1160486,1,0
27,26,1193892,1,0
27,27,1425634,1,0
27,28,1415884,1,0
27,29,1198922,1,0
27,30,1161085,1,0
27,31,1135277,1,0
27,32,1342225,1,0
27,33,1122454,1,0
27,34,1119810,1,0
27,35,1179617,1,0
27,36,1382413,1,0
27,37,1134347,1,0
27,38,1183676,1,0
27,39,1131055,1,0
27,40,1372877,1,0
27,41,1200763,1,0
27,42,1129515,1,0
27,43,1107215,1,0
27,44,1112929,1,0
27,45,1385230,1,0
27,46,1167386,1,0
27,47,1145544,1,0
27,48,1128162,1,0
27,49,1402479,1,0
27,50,1392284,1,0
27,51,1209364,1,0
27,52,1106171,1,0
27,53,1528447,1,0
27,54,1292193,1,0
27,55,1132346,1,0
27,56,1167854,1,0
27,57,1172698,1,0
27,58,1197988,1,0
27,59,1128652,1,0
28,0,217427,1,0
28,1,665093,1,0
28,2,1690845,1,0
28,3,1707078,1,0
28,4,1888777,1,0
28,5,1674907,1,0
28,6,1626049,1,0
28,7,1703846,1,0
28,8,1718302,1,0
28,9,1431229,1,0
28,10,1355591,1,0
28,11,1558508,1,0
28,12,1436478,1,0
28,13,1255009,1,0
28,14,1418001,1,0
28,15,2113080,1,0
28,16,1305730,1,0
28,17,1462248,1,0
28,18,1448587,1,0
28,19,1579932,1,0
28,20,1509032,1,0
28,21,1654290,1,0
28,22,1392426,1,0
28,23,1671099,1,0
28,24,1467191,1,0
28,25,1160124,1,0
28,26,1196586,1,0
28,27,1423431,1,0
28,28,1418021,1,0
28,29,1200912,1,0
28,30,1156233,1,0
28,31,1135940,1,0
28,32,1345354,1,0
28,33,1118578,1,0
28,34,1120442,1,0
28,35,1181521,1,0
28,36,1381463,1,0
28,37,1132368,1,0
28,38,1185311,1,0
28,39,1132070,1,0
28,40,1371483,1,0
28,41,1201236,1,0
28,42,1129006,1,0
28,43,1108021,1,0
28,44,1123972,1,0
28,45,1374432,1,0
28,46,1166813,1,0
28,47,1145228,1,0
28,48,1128020,1,0
28,49,1418743,1,0
28,50,1377695,1,0
28,51,1208055,1,0
28,52,1108696,1,0
28,53,1526264,1,0
28,54,1292141,1,0
28,55,1132138,1,0
28,56,1169613,1,0
28,57,1171595,1,0
28,58,1197195,1,0
28,59,1128495,1,0
29,0,220266,1,0
29,1,667698,1,0
29,2,1692981,1,0
29,3,1710333,1,0
29,4,1914362,1,0
29,5,1651399,1,0
29,6,1622316,1,0
29,7,1709375,1,0
29,8,1713597,1,0
29,9,1432729,1,0
29,10,1351627,1,0
29,11,1560309,1,0
29,12,1438186,1,0
29,13,1252378,1,0
29,14,1422569,1,0
29,15,2108073,1,0
29,16,1305414,1,0
29,17,1467117,1,0
29,18,1444665,1,0
29,19,1582403,1,0
29,20,1507763,1,0
29,21,1652682,1,0
29,22,1393528,1,0
29,23,1669547,1,0
29,24,1466911,1,0
29,25,1160800,1,0
29,26,1195788,1,0
29,27,1421932,1,0
29,28,1419663,1,0
29,29,1201991,1,0
29,30,1154104,1,0
29,31,1142214,1,0
29,32,1339133,1,0
29,33,1116833,1,0
29,34,1121356,1,0
29,35,1181859,1,0
29,36,1382768,1,0
29,37,1130913,1,0
29,38,1186994,1,0
29,39,1131895,1,0
29,40,1372173,1,0
29,41,1200430,1,0
29,42,1127925,1,0
29,43,1107490,1,0
29,44,1124714,1,0
29,45,1375840,1,0
29,46,1164427,1,0
29,47,1146486,1,0
29,48,1131742,1,0
29,49,1415499,1,0
29,50,1378184,1,0
29,51,1209158,1,0
29,52,1108790,1,0
29,53,1526034,1,0
29,54,1289631,1,0
29,55,1131888,1,0
29,56,1172126,1,0
29,57,1171182,1,0
29,58,1195356,1,0
29,59,1131215,1,0
30,0,227276,1,0
30,1,670540,1,0
30,2,1695650,1,0
30,3,1711303,1,0
30,4,1916187,1,0
30,5,1654760,1,0
30,6,1616456,1,0
30,7,1713465,1,0
30,8,1708466,1,0
30,9,1434469,1,0
30,10,1358675,1,0
30,11,1551782,1,0
30,12,1438578,1,0
30,13,1255330,1,0
30,14,1423480,1,0
30,15,2104859,1,0
30,16,1303007,1,0
30,17,1478044,1,0
30,18,1435023,1,0
30,19,1584461,1,0
30,20,1509574,1,0
30,21,1649782,1,0
30,22,1395956,1,0
30,23,1666589,1,0
30,24,1465285,1,0
30,25,1162299,1,0
30,26,1195801,1,0
30,27,1422111,1,0
30,28,1419472,1,0
30,29,1201921,1,0
30,30,1152913,1,0
30,31,1143439,1,0
30,32,1336248,1,0
30,33,1118441,1,0
30,34,1121549,1,0
30,35,1181362,1,0
30,36,1383051,1,0
30,37,1131296,1,0
30,38,1187318,1,0
30,39,1131444,1,0
30,40,1387006,1,0
30,41,1187444,1,0
30,42,1125883,1,0
30,43,1107487,1,0
30,44,1126505,1,0
30,45,1374336,1,0
30,46,1165420,1,0
30,47,1145097,1,0
30,48,1131185,1,0
30,49,1423714,1,0
30,50,1371890,1,0
30,51,1208100,1,0
30,52,1111284,1,0
30,53,1524613,1,0
30,54,1287997,1,0
30,55,1130730,1,0
30,56,1173675,1,0
30,57,1171686,1,0
30,58,1194865,1,0
30,59,1131979,1,0
31,0,231647,1,0
31,1,674353,1,0
31,2,1697675,1,0
31,3,1713528,1,0
31,4,1921021,1,0
31,5,1664405,1,0
31,6,1600789,1,0
31,7,1734030,1,0
31,8,1688409,1,0
31,9,1433505,1,0
31,10,1358814,1,0
31,11,1551026,1,0
31,12,1438990,1,0
31,13,1256625,1,0
31,14,1429819,1,0
31,15,2096275,1,0
31,16,1304684,1,0
31,17,1483694,1,0
31,18,1428770,1,0
31,19,1586295,1,0
31,20,1512450,1,0
31,21,1646259,1,0
31,22,1396509,1,0
31,23,1668006,1,0
31,24,1461300,1,0
31,25,1161079,1,0
31,26,1198153,1,0
31,27,1433131,1,0
31,28,1406495,1,0
31,29,1205207,1,0
31,30,1151737,1,0
31,31,1141904,1,0
31,32,1335130,1,0
31,33,1118709,1,0
31,34,1123403,1,0
31,35,1180924,1,0
31,36,1382224,1,0
31,37,1129434,1,0
31,38,1189808,1,0
31,39,1129861,1,0
31,40,1387388,1,0
31,41,1187798,1,0
31,42,1126422,1,0
31,43,1105183,1,0
31,44,1128474,1,0
31,45,1376697,1,0
31,46,1163342,1,0
31,47,1145946,1,0
31,48,1133561,1,0
31,49,1419692,1,0
31,50,1373390,1,0
31,51,1207764,1,0
31,52,1111304,1,0
31,53,1523852,1,0
31,54,1288010,1,0
31,55,1128162,1,0
31,56,1178399,1,0
31,57,1171522,1,0
31,58,1192654,1,0
31,59,1132799,1,0
32,0,237198,1,0
32,1,676927,1,0
32,2,1698212,1,0
32,3,1717751,1,0
32,4,1922166,1,0
32,5,1665300,1,0
32,6,1596507,1,0
32,7,1737185,1,0
32,8,1685171,1,0
32,9,1431912,1,0
32,10,1358756,1,0
32,11,1550997,1,0
32,12,1439422,1,0
32,13,1257796,1,0
32,14,1433750,1,0
32,15,2090308,1,0
32,16,1308552,1,0
32,17,1489002,1,0
32,18,1419801,1,0
32,19,1587644,1,0
32,20,1517165,1,0
32,21,1640466,1,0
32,22,1399289,1,0
32,23,1665201,1,0
32,24,1461686,1,0
32,25,1161886,1,0
32,26,1196042,1,0
32,27,1433030,1,0
32,28,1406708,1,0
32,29,1208427,1,0
32,30,1149157,1,0
32,31,1142112,1,0
32,32,1333588,1,0
32,33,1118611,1,0
32,34,1125233,1,0
32,35,1179031,1,0
32,36,1382810,1,0
32,37,1128699,1,0
32,38,1190236,1,0
32,39,1130528,1,0
32,40,1387003,1,0
32,41,1189058,1,0
32,42,1124092,1,0
32,43,1106278,1,0
32,44,1128716,1,0
32,45,1378126,1,0
32,46,1164272,1,0
32,47,1143156,1,0
32,48,1135520,1,0
32,49,1418328,1,0
32,50,1375693,1,0
32,51,1205218,1,0
32,52,1113628,1,0
32,53,1522080,1,0
32,54,1286461,1,0
32,55,1132745,1,0
32,56,1175923,1,0
32,57,1171634,1,0
32,58,1190810,1,0
32,59,1132563,1,0
33,0,240221,1,0
33,1,685071,1,0
33,2,1703054,1,0
33,3,1723462,1,0
33,4,1922641,1,0
33,5,1663736,1,0
33,6,1592049,1,0
33,7,1739354,1,0
33,8,1683040,1,0
33,9,1432184,1,0
33,10,1355883,1,0
33,11,1552512,1,0
33,12,1439169,1,0
33,13,1259663,1,0
33,14,1438771,1,0
33,15,2081923,1,0
33,16,1311289,1,0
33,17,1491852,1,0
33,18,1414381,1,0
33,19,1589802,1,0
33,20,1521048,1,0
33,21,1634316,1,0
33,22,1406809,1,0
33,23,1660467,1,0
33,24,1460564,1,0
33,25,1160742,1,0
33,26,1196283,1,0
33,27,1432377,1,0
33,28,1408347,1,0
33,29,1207702,1,0
33,30,1148253,1,0
33,31,1157157,1,0
33,32,1320211,1,0
33,33,1117441,1,0
33,34,1125054,1,0
33,35,1178333,1,0
33,36,1384447,1,0
33,37,1127686,1,0
33,38,1189310,1,0
33,39,1131317,1,0
33,40,1388752,1,0
33,41,1188041,1,0
33,42,1123434,1,0
33,43,1104434,1,0
33,44,1143198,1,0
33,45,1367035,1,0
33,46,1162213,1,0
33,47,1144342,1,0
33,48,1137549,1,0
33,49,1423936,1,0
33,50,1369449,1,0
33,51,1203440,1,0
33,52,1115675,1,0
33,53,1523503,1,0
33,54,1281241,1,0
33,55,1134517,1,0
33,56,1176065,1,0
33,57,1172538,1,0
33,58,1189593,1,0
33,59,1131605,1,0
34,0,241770,1,0
34,1,687607,1,0
34,2,1718322,1,0
34,3,1711224,1,0
34,4,1926585,1,0
34,5,1663117,1,0
34,6,1589408,1,0
34,7,1741407,1,0
34,8,1680042,1,0
34,9,1441396,1,0
34,10,1347417,1,0
34,11,1551889,1,0
34,12,1436937,1,0
34,13,1261046,1,0
34,14,1442421,1,0
34,15,2077719,1,0
34,16,1321050,1,0
34,17,1484409,1,0
34,18,1412675,1,0
34,19,1592674,1,0
34,20,1521385,1,0
34,21,1628894,1,0
34,22,1411418,1,0
34,23,1658612,1,0
34,24,1459671,1,0
34,25,1160103,1,0
34,26,1196360,1,0
34,27,1434233,1,0
34,28,1406139,1,0
34,29,1208065,1,0
34,30,1148335,1,0
34,31,1157225,1,0
34,32,1319305,1,0
34,33,1116576,1,0
34,34,1126717,1,0
34,35,1177066,1,0
34,36,1385139,1,0
34,37,1128891,1,0
34,38,1188728,1,0
34,39,1129314,1,0
34,40,1391787,1,0
34,41,1188178,1,0
34,42,1121357,1,0
34,43,1104651,1,0
34,44,1144165,1,0
34,45,1368302,1,0
34,46,1160544,1,0
34,47,1144388,1,0
34,48,1139156,1,0
34,49,1420894,1,0
34,50,1371964,1,0
34,51,1201752,1,0
34,52,1116036,1,0
34,53,1527366,1,0
34,54,1278103,1,0
34,55,1131785,1,0
34,56,1177492,1,0
34,57,1173387,1,0
34,58,1188595,1,0
34,59,1133563,1,0
35,0,245862,1,0
35,1,700585,1,0
35,2,1720084,1,0
35,3,1712471,1,0
35,4,1929091,1,0
35,5,1671585,1,0
35,6,1578839,1,0
35,7,1746155,1,0
35,8,1673995,1,0
35,9,1446404,1,0
35,10,1345765,1,0
35,11,1548981,1,0
35,12,1437156,1,0
35,13,1261396,1,0
35,14,1445177,1,0
35,15,2076064,1,0
35,16,1323671,1,0
35,17,1489554,1,0
35,18,1403047,1,0
35,19,1593616,1,0
35,20,1524329,1,0
35,21,1624773,1,0
35,22,1413982,1,0
35,23,1657022,1,0
35,24,1457982,1,0
35,25,1158622,1,0
35,26,1199033,1,0
35,27,1446225,1,0
35,28,1392536,1,0
35,29,1209043,1,0
35,30,1149611,1,0
35,31,1156352,1,0
35,32,1318802,1,0
35,33,1114578,1,0
35,34,1130707,1,0
35,35,1175774,1,0
35,36,1383514,1,0
35,37,1128420,1,0
35,38,1191888,1,0
35,39,1127994,1,0
35,40,1391023,1,0
35,41,1188443,1,0
35,42,1119996,1,0
35,43,1105802,1,0
35,44,1142064,1,0
35,45,1373062,1,0
35,46,1158227,1,0
35,47,1145473,1,0
35,48,1138544,1,0
35,49,1421718,1,0
35,50,1370325,1,0
35,51,1202264,1,0
35,52,1116435,1,0
35,53,1525916,1,0
35,54,1278795,1,0
35,55,1131864,1,0
35,56,1177822,1,0
35,57,1174101,1,0
35,58,1186449,1,0
35,59,1134796,1,0
36,0,252213,1,0
36,1,704712,1,0
36,2,1722439,1,0
36,3,1716000,1,0
36,4,1927325,1,0
36,5,1677832,1,0
36,6,1571843,1,0
36,7,1753965,1,0
36,8,1665667,1,0
36,9,1450498,1,0
36,10,1342250,1,0
36,11,1547458,1,0
36,12,1439492,1,0
36,13,1259284,1,0
36,14,1450207,1,0
36,15,2070147,1,0
36,16,1329841,1,0
36,17,1489733,1,0
36,18,1397817,1,0
36,19,1594207,1,0
36,20,1527380,1,0
36,21,1620517,1,0
36,22,1422504,1,0
36,23,1649292,1,0
36,24,1459681,1,0
36,25,1162436,1,0
36,26,1192650,1,0
36,27,1446320,1,0
36,28,1391530,1,0
36,29,1210215,1,0
36,30,1147942,1,0
36,31,1157830,1,0
36,32,1318674,1,0
36,33,1112569,1,0
36,34,1132114,1,0
36,35,1178012,1,0
36,36,1381031,1,0
36,37,1128688,1,0
36,38,1191604,1,0
36,39,1130733,1,0
36,40,1402705,1,0
36,41,1174467,1,0
36,42,1119805,1,0
36,43,1105933,1,0
36,44,1142268,1,0
36,45,1374778,1,0
36,46,1156301,1,0
36,47,1146010,1,0
36,48,1138557,1,0
36,49,1421564,1,0
36,50,1370839,1,0
36,51,1202516,1,0
36,52,1117177,1,0
36,53,1528360,1,0
36,54,1273592,1,0
36,55,1131166,1,0
36,56,1179656,1,0
36,57,1174724,1,0
36,58,1184159,1,0
36,59,1136231,1,0
37,0,259807,1,0
37,1,708343,1,0
37,2,1725833,1,0
37,3,1715345,1,0
37,4,1928554,1,0
37,5,1681874,1,0
37,6,1566151,1,0
37,7,1771294,1,0
37,8,1650278,1,0
37,9,1457674,1,0
37,10,1335272,1,0
37,11,1543832,1,0
37,12,1444816,1,0
37,13,1255379,1,0
37,14,1458622,1,0
37,15,2060301,1,0
37,16,1340155,1,0
37,17,1488128,1,0
37,18,1391231,1,0
37,19,1594894,1,0
37,20,1607283,1,0
37,21,1538581,1,0
37,22,1423279,1,0
37,23,1650275,1,0
37,24,1459368,1,0
37,25,1159887,1,0
37,26,1194266,1,0
37,27,1445416,1,0
37,28,1393716,1,0
37,29,1208199,1,0
37,30,1145851,1,0
37,31,1159961,1,0
37,32,1317395,1,0
37,33,1113171,1,0
37,34,1132374,1,0
37,35,1178843,1,0
37,36,1380304,1,0
37,37,1128431,1,0
37,38,1191559,1,0
37,39,1130263,1,0
37,40,1404249,1,0
37,41,1173459,1,0
37,42,1118277,1,0
37,43,1108502,1,0
37,44,1141352,1,0
37,45,1374006,1,0
37,46,1159502,1,0
37,47,1143635,1,0
37,48,1138487,1,0
37,49,1421916,1,0
37,50,1372292,1,0
37,51,1200602,1,0
37,52,1117885,1,0
37,53,1529043,1,0
37,54,1271699,1,0
37,55,1133241,1,0
37,56,1179752,1,0
37,57,1173030,1,0
37,58,1183975,1,0
37,59,1136939,1,0
38,0,264354,1,0
38,1,718431,1,0
38,2,1731982,1,0
38,3,1712192,1,0
38,4,1929390,1,0
38,5,1688185,1,0
38,6,1557556,1,0
38,7,1781804,1,0
38,8,1644625,1,0
38,9,1458376,1,0
38,10,1333903,1,0
38,11,1540859,1,0
38,12,1446508,1,0
38,13,1252221,1,0
38,14,1469214,1,0
38,15,2050719,1,0
38,16,1345544,1,0
38,17,1486116,1,0
38,18,1387574,1,0
38,19,1596106,1,0
38,20,1611163,1,0
38,21,1534171,1,0
38,22,1430351,1,0
38,23,1645212,1,0
38,24,1457158,1,0
38,25,1160548,1,0
38,26,1194073,1,0
38,27,1444011,1,0
38,28,1393468,1,0
38,29,1207423,1,0
38,30,1146244,1,0
38,31,1174209,1,0
38,32,1302465,1,0
38,33,1114196,1,0
38,34,1132671,1,0
38,35,1177119,1,0
38,36,1381212,1,0
38,37,1129610,1,0
38,38,1191842,1,0
38,39,1129411,1,0
38,40,1404531,1,0
38,41,1172477,1,0
38,42,1118783,1,0
38,43,1108340,1,0
38,44,1154435,1,0
38,45,1360620,1,0
38,46,1160876,1,0
38,47,1144078,1,0
38,48,1136192,1,0
38,49,1438224,1,0
38,50,1357998,1,0
38,51,1198975,1,0
38,52,1119586,1,0
38,53,1531106,1,0
38,54,1268690,1,0
38,55,1132927,1,0
38,56,1184617,1,0
38,57,1167732,1,0
38,58,1188402,1,0
38,59,1134333,1,0
39,0,268108,1,0
39,1,724604,1,0
39,2,1734480,1,0
39,3,1714062,1,0
39,4,1928317,1,0
39,5,1696046,1,0
39,6,1548343,1,0
39,7,1788265,1,0
39,8,1637368,1,0
39,9,1462373,1,0
39,10,1336508,1,0
39,11,1536327,1,0
39,12,1445377,1,0
39,13,1252177,1,0
39,14,1480523,1,0
39,15,2038930,1,0
39,16,1345921,1,0
39,17,1490964,1,0
39,18,1382079,1,0
39,19,1598349,1,0
39,20,1613914,1,0
39,21,1529943,1,0
39,22,1433939,1,0
39,23,1641992,1,0
39,24,1456126,1,0
39,25,1161783,1,0
39,26,1195407,1,0
39,27,1456647,1,0
39,28,1378078,1,0
39,29,1207862,1,0
39,30,1145052,1,0
39,31,1176394,1,0
39,32,1300828,1,0
39,33,1112901,1,0
39,34,1134206,1,0
39,35,1176057,1,0
39,36,1381574,1,0
39,37,1129181,1,0
39,38,1191865,1,0
39,39,1129943,1,0
39,40,1404674,1,0
39,41,1173133,1,0
39,42,1117527,1,0
39,43,1110077,1,0
39,44,1151774,1,0
39,45,1367157,1,0
39,46,1155987,1,0
39,47,1146641,1,0
39,48,1133695,1,0
39,49,1439883,1,0
39,50,1357009,1,0
39,51,1197331,1,0
39,52,1120616,1,0
39,53,1532859,1,0
39,54,1266676,1,0
39,55,1132371,1,0
39,56,1185158,1,0
39,57,1170287,1,0
39,58,1186307,1,0
39,59,1133969,1,0
40,0,274716,1,0
40,1,729867,1,0
40,2,1737756,1,0
40,3,1715778,1,0
40,4,1927009,1,0
40,5,1703492,1,0
40,6,1539131,1,0
40,7,1794761,1,0
40,8,1629915,1,0
40,9,1464508,1,0
40,10,1335491,1,0
40,11,1534794,1,0
40,12,1446835,1,0
40,13,1252890,1,0
40,14,1513657,1,0
40,15,2006196,1,0
40,16,1346031,1,0
40,17,1496395,1,0
40,18,1374918,1,0
40,19,1599851,1,0
40,20,1620912,1,0
40,21,1523235,1,0
40,22,1434745,1,0
40,23,1641244,1,0
40,24,1454024,1,0
40,25,1160872,1,0
40,26,1196411,1,0
40,27,1455668,1,0
40,28,1378557,1,0
40,29,1210727,1,0
40,30,1141774,1,0
40,31,1177219,1,0
40,32,1299257,1,0
40,33,1112890,1,0
40,34,1134686,1,0
40,35,1176620,1,0
40,36,1382019,1,0
40,37,1129602,1,0
40,38,1191051,1,0
40,39,1130423,1,0
40,40,1417069,1,0
40,41,1160096,1,0
40,42,1116477,1,0
40,43,1111674,1,0
40,44,1150957,1,0
40,45,1370038,1,0
40,46,1154228,1,0
40,47,1146371,1,0
40,48,1133317,1,0
40,49,1440155,1,0
40,50,1357537,1,0
40,51,1196309,1,0
40,52,1122290,1,0
40,53,1532433,1,0
40,54,1263928,1,0
40,55,1133452,1,0
40,56,1186931,1,0
40,57,1170513,1,0
40,58,1184443,1,0
40,59,1135072,1,0
41,0,279765,1,0
41,1,733225,1,0
41,2,1742089,1,0
41,3,1717695,1,0
41,4,1924266,1,0
41,5,1711689,1,0
41,6,1531839,1,0
41,7,1800073,1,0
41,8,1624951,1,0
41,9,1462759,1,0
41,10,1334071,1,0
41,11,1535689,1,0
41,12,1447291,1,0
41,13,1250390,1,0
41,14,1529826,1,0
41,15,1992122,1,0
41,16,1346425,1,0
41,17,1497349,1,0
41,18,1372295,1,0
41,19,1603004,1,0
41,20,1627778,1,0
41,21,1515011,1,0
41,22,1435135,1,0
41,23,1641129,1,0
41,24,1453358,1,0
41,25,1160616,1,0
41,26,1195767,1,0
41,27,1455848,1,0
41,28,1377849,1,0
41,29,1210192,1,0
41,30,1142805,1,0
41,31,1192819,1,0
41,32,1283751,1,0
41,33,1111591,1,0
41,34,1134775,1,0
41,35,1177608,1,0
41,36,1383217,1,0
41,37,1127654,1,0
41,38,1190765,1,0
41,39,1132269,1,0
41,40,1416683,1,0
41,41,1157210,1,0
41,42,1118967,1,0
41,43,1111905,1,0
41,44,1149229,1,0
41,45,1370059,1,0
41,46,1154775,1,0
41,47,1147969,1,0
41,48,1131699,1,0
41,49,1450286,1,0
41,50,1349479,1,0
41,51,1194058,1,0
41,52,1123791,1,0
41,53,1536885,1,0
41,54,1259331,1,0
41,55,1134022,1,0
41,56,1188353,1,0
41,57,1167132,1,0
41,58,1184995,1,0
41,59,1139219,1,0
42,0,283297,1,0
42,1,739291,1,0
42,2,1745125,1,0
42,3,1719219,1,0
42,4,1923389,1,0
42,5,1721129,1,0
42,6,1520769,1,0
42,7,1805654,1,0
42,8,1620561,1,0
42,9,1464109,1,0
42,10,1333193,1,0
42,11,1533507,1,0
42,12,1448651,1,0
42,13,1250152,1,0
42,14,1536394,1,0
42,15,1984865,1,0
42,16,1348388,1,0
42,17,1496245,1,0
42,18,1371638,1,0
42,19,1606159,1,0
42,20,1632684,1,0
42,21,1507303,1,0
42,22,1435825,1,0
42,23,1640338,1,0
42,24,1452650,1,0
42,25,1160670,1,0
42,26,1195523,1,0
42,27,1455753,1,0
42,28,1378548,1,0
42,29,1209065,1,0
42,30,1142268,1,0
42,31,1194346,1,0
42,32,1281890,1,0
42,33,1112942,1,0
42,34,1135305,1,0
42,35,1176190,1,0
42,36,1383185,1,0
42,37,1128481,1,0
42,38,1189107,1,0
42,39,1132750,1,0
42,40,1417700,1,0
42,41,1157753,1,0
42,42,1118274,1,0
42,43,1111702,1,0
42,44,1149124,1,0
42,45,1369738,1,0
42,46,1156044,1,0
42,47,1147072,1,0
42,48,1135298,1,0
42,49,1449287,1,0
42,50,1347601,1,0
42,51,1193891,1,0
42,52,1123949,1,0
42,53,1538034,1,0
42,54,1257841,1,0
42,55,1133542,1,0
42,56,1189908,1,0
42,57,1166254,1,0
42,58,1184911,1,0
42,59,1138869,1,0
43,0,289167,1,0
43,1,751001,1,0
43,2,1747944,1,0
43,3,1721479,1,0
43,4,1921547,1,0
43,5,1730698,1,0
43,6,1511725,1,0
43,7,1807355,1,0
43,8,1621036,1,0
43,9,1463163,1,0
43,10,1331220,1,0
43,11,1533553,1,0
43,12,1447127,1,0
43,13,1251025,1,0
43,14,1559670,1,0
43,15,1963104,1,0
43,16,1347074,1,0
43,17,1496576,1,0
43,18,1371063,1,0
43,19,1608510,1,0
43,20,1635115,1,0
43,21,1502055,1,0
43,22,1454105,1,0
43,23,1622389,1,0
43,24,1451823,1,0
43,25,1159729,1,0
43,26,1198039,1,0
43,27,1456259,1,0
43,28,1374459,1,0
43,29,1211270,1,0
43,30,1141154,1,0
43,31,1195866,1,0
43,32,1279654,1,0
43,33,1114562,1,0
43,34,1134082,1,0
43,35,1177346,1,0
43,36,1381715,1,0
43,37,1128951,1,0
43,38,1190471,1,0
43,39,1132729,1,0
43,40,1416388,1,0
43,41,1160614,1,0
43,42,1114962,1,0
43,43,1111982,1,0
43,44,1162591,1,0
43,45,1357309,1,0
43,46,1156615,1,0
43,47,1146246,1,0
43,48,1135351,1,0
43,49,1448875,1,0
43,50,1348016,1,0
43,51,1193462,1,0
43,52,1124697,1,0
43,53,1540478,1,0
43,54,1253342,1,0
43,55,1134744,1,0
43,56,1192446,1,0
43,57,1166564,1,0
43,58,1183162,1,0
43,59,1141263,1,0
44,0,291974,1,0
44,1,755302,1,0
44,2,1752008,1,0
44,3,1725446,1,0
44,4,1916607,1,0
44,5,1742131,1,0
44,6,1503224,1,0
44,7,1805993,1,0
44,8,1620596,1,0
44,9,1462644,1,0
44,10,1333767,1,0
44,11,1529831,1,0
44,12,1446677,1,0
44,13,1252799,1,0
44,14,1591564,1,0
44,15,1930726,1,0
44,16,1346789,1,0
44,17,1497623,1,0
44,18,1370929,1,0
44,19,1611280,1,0
44,20,1635642,1,0
44,21,1497777,1,0
44,22,1456097,1,0
44,23,1620114,1,0
44,24,1451025,1,0
44,25,1160114,1,0
44,26,1197485,1,0
44,27,1471600,1,0
44,28,1358567,1,0
44,29,1212591,1,0
44,30,1141515,1,0
44,31,1194442,1,0
44,32,1279349,1,0
44,33,1113197,1,0
44,34,1139235,1,0
44,35,1173657,1,0
44,36,1381087,1,0
44,37,1129360,1,0
44,38,1190438,1,0
44,39,1134080,1,0
44,40,1428903,1,0
44,41,1147261,1,0
44,42,1113532,1,0
44,43,1113625,1,0
44,44,1160025,1,0
44,45,1361460,1,0
44,46,1155092,1,0
44,47,1146553,1,0
44,48,1134935,1,0
44,49,1448628,1,0
44,50,1347928,1,0
44,51,1193802,1,0
44,52,1123116,1,0
44,53,1544907,1,0
44,54,1251431,1,0
44,55,1133348,1,0
44,56,1190895,1,0
44,57,1169818,1,0
44,58,1180923,1,0
44,59,1140939,1,0
45,0,299152,1,0
45,1,764687,1,0
45,2,1755003,1,0
45,3,1730190,1,0
45,4,1911743,1,0
45,5,1753113,1,0
45,6,1497756,1,0
45,7,1804202,1,0
45,8,1621882,1,0
45,9,1460887,1,0
45,10,1331108,1,0
45,11,1542389,1,0
45,12,1433296,1,0
45,13,1253623,1,0
45,14,1629896,1,0
45,15,1890838,1,0
45,16,1348595,1,0
45,17,1497842,1,0
45,18,1369411,1,0
45,19,1616668,1,0
45,20,1633403,1,0
45,21,1492381,1,0
45,22,1458718,1,0
45,23,1619067,1,0
45,24,1450508,1,0
45,25,1161989,1,0
45,26,1195285,1,0
45,27,1471353,1,0
45,28,1358870,1,0
45,29,1212288,1,0
45,30,1141627,1,0
45,31,1195107,1,0
45,32,1278334,1,0
45,33,1113417,1,0
45,34,1139517,1,0
45,35,1174100,1,0
45,36,1379994,1,0
45,37,1130367,1,0
45,38,1189473,1,0
45,39,1134809,1,0
45,40,1429952,1,0
45,41,1146686,1,0
45,42,1111663,1,0
45,43,1114520,1,0
45,44,1160016,1,0
45,45,1362132,1,0
45,46,1154796,1,0
45,47,1146929,1,0
45,48,1134192,1,0
45,49,1450071,1,0
45,50,1347505,1,0
45,51,1194383,1,0
45,52,1121956,1,0
45,53,1548014,1,0
45,54,1247943,1,0
45,55,1134059,1,0
45,56,1191540,1,0
45,57,1168325,1,0
45,58,1179632,1,0
45,59,1143076,1,0
46,0,309375,1,0
46,1,771419,1,0
46,2,1757144,1,0
46,3,1739805,1,0
46,4,1904011,1,0
46,5,1759887,1,0
46,6,1490294,1,0
46,7,1806473,1,0
46,8,1618978,1,0
46,9,1462030,1,0
46,10,1331080,1,0
46,11,1545352,1,0
46,12,1430395,1,0
46,13,1252792,1,0
46,14,1665738,1,0
46,15,1853958,1,0
46,16,1350844,1,0
46,17,1497833,1,0
46,18,1366545,1,0
46,19,1622556,1,0
46,20,1634499,1,0
46,21,1484248,1,0
46,22,1461287,1,0
46,23,1618398,1,0
46,24,1449704,1,0
46,25,1162957,1,0
46,26,1195367,1,0
46,27,1470131,1,0
46,28,1358750,1,0
46,29,1212431,1,0
46,30,1141725,1,0
46,31,1208912,1,0
46,32,1263300,1,0
46,33,1114484,1,0
46,34,1140921,1,0
46,35,1172880,1,0
46,36,1379587,1,0
46,37,1133080,1,0
46,38,1185741,1,0
46,39,1135890,1,0
46,40,1429718,1,0
46,41,1146244,1,0
46,42,1111256,1,0
46,43,1115387,1,0
46,44,1171714,1,0
46,45,1352142,1,0
46,46,1154112,1,0
46,47,1145029,1,0
46,48,1136164,1,0
46,49,1450404,1,0
46,50,1347308,1,0
46,51,1192841,1,0
46,52,1122554,1,0
46,53,1549569,1,0
46,54,1244754,1,0
46,55,1135489,1,0
46,56,1194803,1,0
46,57,1166350,1,0
46,58,1177960,1,0
46,59,1143864,1,0
47,0,312403,1,0
47,1,792557,1,0
47,2,1762039,1,0
47,3,1742436,1,0
47,4,1904306,1,0
47,5,1764834,1,0
47,6,1478937,1,0
47,7,1813332,1,0
47,8,1614359,1,0
47,9,1462455,1,0
47,10,1329255,1,0
47,11,1553622,1,0
47,12,1421802,1,0
47,13,1253487,1,0
47,14,1787949,1,0
47,15,1730783,1,0
47,16,1351337,1,0
47,17,1501233,1,0
47,18,1363066,1,0
47,19,1640124,1,0
47,20,1622122,1,0
47,21,1479411,1,0
47,22,1462297,1,0
47,23,1617170,1,0
47,24,1455062,1,0
47,25,1157931,1,0
47,26,1194284,1,0
47,27,1485839,1,0
47,28,1343667,1,0
47,29,1211507,1,0
47,30,1139910,1,0
47,31,1210403,1,0
47,32,1263502,1,0
47,33,1114362,1,0
47,34,1141437,1,0
47,35,1171463,1,0
47,36,1380747,1,0
47,37,1134171,1,0
47,38,1184989,1,0
47,39,1134014,1,0
47,40,1431721,1,0
47,41,1146442,1,0
47,42,1109408,1,0
47,43,1115470,1,0
47,44,1174194,1,0
47,45,1351280,1,0
47,46,1153704,1,0
47,47,1143967,1,0
47,48,1137104,1,0
47,49,1466140,1,0
47,50,1330365,1,0
47,51,1193557,1,0
47,52,1124340,1,0
47,53,1550349,1,0
47,54,1241960,1,0
47,55,1136222,1,0
47,56,1193884,1,0
47,57,1170381,1,0
47,58,1174627,1,0
47,59,1144363,1,0
48,0,316085,1,0
48,1,811848,1,0
48,2,1764190,1,0
48,3,1744484,1,0
48,4,1905196,1,0
48,5,1766058,1,0
48,6,1475080,1,0
48,7,1820895,1,0
48,8,1606372,1,0
48,9,1466341,1,0
48,10,1327081,1,0
48,11,1557784,1,0
48,12,1417925,1,0
48,13,1251649,1,0
48,14,1875534,1,0
48,15,1643435,1,0
48,16,1352487,1,0
48,17,1506610,1,0
48,18,1355190,1,0
48,19,1646002,1,0
48,20,1620105,1,0
48,21,1480745,1,0
48,22,1472528,1,0
48,23,1604469,1,0
48,24,1452621,1,0
48,25,1157583,1,0
48,26,1197703,1,0
48,27,1488139,1,0
48,28,1339062,1,0
48,29,1210841,1,0
48,30,1140007,1,0
48,31,1211412,1,0
48,32,1262259,1,0
48,33,1112588,1,0
48,34,1143369,1,0
48,35,1169536,1,0
48,36,1380017,1,0
48,37,1136654,1,0
48,38,1183605,1,0
48,39,1134909,1,0
48,40,1445415,1,0
48,41,1135333,1,0
48,42,1109074,1,0
48,43,1113367,1,0
48,44,1173040,1,0
48,45,1353206,1,0
48,46,1153606,1,0
48,47,1145111,1,0
48,48,1134994,1,0
48,49,1470797,1,0
48,50,1326936,1,0
48,51,1190618,1,0
48,52,1134705,1,0
48,53,1542963,1,0
48,54,1241357,1,0
48,55,1135747,1,0
48,56,1192618,1,0
48,57,1173608,1,0
48,58,1171373,1,0
48,59,1145214,1,0
49,0,322005,1,0
49,1,828800,1,0
49,2,1767051,1,0
49,3,1747640,1,0
49,4,1902350,1,0
49,5,1774770,1,0
49,6,1465989,1,0
49,7,1831389,1,0
49,8,1595453,1,0
49,9,1468898,1,0
49,10,1326757,1,0
49,11,1555479,1,0
49,12,1417041,1,0
49,13,1253754,1,0
49,14,1925168,1,0
49,15,1593671,1,0
49,16,1356503,1,0
49,17,1503239,1,0
49,18,1352690,1,0
49,19,1651148,1,0
49,20,1618281,1,0
49,21,1480978,1,0
49,22,1473145,1,0
49,23,1603051,1,0
49,24,1449789,1,0
49,25,1158032,1,0
49,26,1196344,1,0
49,27,1490212,1,0
49,28,1338322,1,0
49,29,1210517,1,0
49,30,1138769,1,0
49,31,1227084,1,0
49,32,1246464,1,0
49,33,1113477,1,0
49,34,1142923,1,0
49,35,1177955,1,0
49,36,1371246,1,0
49,37,1137643,1,0
49,38,1183575,1,0
49,39,1135599,1,0
49,40,1445985,1,0
49,41,1132970,1,0
49,42,1109886,1,0
49,43,1112163,1,0
49,44,1175785,1,0
49,45,1353518,1,0
49,46,1151277,1,0
49,47,1146451,1,0
49,48,1133053,1,0
49,49,1474442,1,0
49,50,1324430,1,0
49,51,1191526,1,0
49,52,1135722,1,0
49,53,1544180,1,0
49,54,1237166,1,0
49,55,1135685,1,0
49,56,1194041,1,0
49,57,1174454,1,0
49,58,1176045,1,0
49,59,1139774,1,0
50,0,327112,1,0
50,1,848752,1,0
50,2,1768871,1,0
50,3,1749181,1,0
50,4,1902683,1,0
50,5,1776787,1,0
50,6,1463810,1,0
50,7,1839378,1,0
50,8,1590268,1,0
50,9,1468476,1,0
50,10,1322977,1,0
50,11,1557549,1,0
50,12,1423319,1,0
50,13,1245411,1,0
50,14,1949548,1,0
50,15,1568479,1,0
50,16,1363280,1,0
50,17,1500089,1,0
50,18,1350799,1,0
50,19,1653497,1,0
50,20,1618130,1,0
50,21,1479779,1,0
50,22,1472515,1,0
50,23,1602174,1,0
50,24,1447669,1,0
50,25,1159304,1,0
50,26,1196120,1,0
50,27,1491796,1,0
50,28,1339858,1,0
50,29,1207343,1,0
50,30,1137571,1,0
50,31,1227375,1,0
50,32,1247851,1,0
50,33,1111509,1,0
50,34,1145339,1,0
50,35,1178145,1,0
50,36,1370415,1,0
50,37,1137502,1,0
50,38,1183987,1,0
50,39,1134742,1,0
50,40,1444701,1,0
50,41,1132882,1,0
50,42,1111543,1,0
50,43,1112660,1,0
50,44,1174988,1,0
50,45,1354569,1,0
50,46,1151192,1,0
50,47,1143822,1,0
50,48,1135124,1,0
50,49,1475665,1,0
50,50,1324841,1,0
50,51,1189838,1,0
50,52,1138016,1,0
50,53,1544136,1,0
50,54,1234451,1,0
50,55,1136677,1,0
50,56,1193554,1,0
50,57,1175740,1,0
50,58,1174906,1,0
50,59,1140065,1,0
51,0,338073,1,0
51,1,869126,1,0
51,2,1770886,1,0
51,3,1751097,1,0
51,4,1903364,1,0
51,5,1776508,1,0
51,6,1461616,1,0
51,7,1845427,1,0
51,8,1584604,1,0
51,9,1470702,1,0
51,10,1319685,1,0
51,11,1558980,1,0
51,12,1423501,1,0
51,13,1243108,1,0
51,14,1970935,1,0
51,15,1547586,1,0
51,16,1364749,1,0
51,17,1500514,1,0
51,18,1349753,1,0
51,19,1658945,1,0
51,20,1612575,1,0
51,21,1481309,1,0
51,22,1476217,1,0
51,23,1596646,1,0
51,24,1447630,1,0
51,25,1157989,1,0
51,26,1197551,1,0
51,27,1505038,1,0
51,28,1326648,1,0
51,29,1206844,1,0
51,30,1136266,1,0
51,31,1229345,1,0
51,32,1246725,1,0
51,33,1111779,1,0
51,34,1147712,1,0
51,35,1182342,1,0
51,36,1362471,1,0
51,37,1140206,1,0
51,38,1182788,1,0
51,39,1133587,1,0
51,40,1450123,1,0
51,41,1128988,1,0
51,42,1111334,1,0
51,43,1111092,1,0
51,44,1190757,1,0
51,45,1340420,1,0
51,46,1151371,1,0
51,47,1142578,1,0
51,48,1139116,1,0
51,49,1487053,1,0
51,50,1311015,1,0
51,51,1189102,1,0
51,52,1138590,1,0
51,53,1544286,1,0
51,54,1232913,1,0
51,55,1138515,1,0
51,56,1192643,1,0
51,57,1177138,1,0
51,58,1172964,1,0
51,59,1140850,1,0
52,0,345078,1,0
52,1,883270,1,0
52,2,1773792,1,0
52,3,1755207,1,0
52,4,1899515,1,0
52,5,1778591,1,0
52,6,1458540,1,0
52,7,1853518,1,0
52,8,1576962,1,0
52,9,1475583,1,0
52,10,1313687,1,0
52,11,1568421,1,0
52,12,1416858,1,0
52,13,1240962,1,0
52,14,1984454,1,0
52,15,1534378,1,0
52,16,1365134,1,0
52,17,1502445,1,0
52,18,1346882,1,0
52,19,1669204,1,0
52,20,1605241,1,0
52,21,1478644,1,0
52,22,1524290,1,0
52,23,1548312,1,0
52,24,1446813,1,0
52,25,1161188,1,0
52,26,1195296,1,0
52,27,1505667,1,0
52,28,1324998,1,0
52,29,1206202,1,0
52,30,1135792,1,0
52,31,1246104,1,0
52,32,1230374,1,0
52,33,1110620,1,0
52,34,1148542,1,0
52,35,1183721,1,0
52,36,1365673,1,0
52,37,1137403,1,0
52,38,1184201,1,0
52,39,1132174,1,0
52,40,1450492,1,0
52,41,1128964,1,0
52,42,1110464,1,0
52,43,1110125,1,0
52,44,1192851,1,0
52,45,1339048,1,0
52,46,1152368,1,0
52,47,1141720,1,0
52,48,1140931,1,0
52,49,1487198,1,0
52,50,1308912,1,0
52,51,1189365,1,0
52,52,1142399,1,0
52,53,1545024,1,0
52,54,1228344,1,0
52,55,1139571,1,0
52,56,1192535,1,0
52,57,1177560,1,0
52,58,1170302,1,0
52,59,1143125,1,0
53,0,349809,1,0
53,1,899471,1,0
53,2,1776339,1,0
53,3,1756344,1,0
53,4,1899171,1,0
53,5,1782073,1,0
53,6,1454090,1,0
53,7,1876217,1,0
53,8,1553998,1,0
53,9,1478851,1,0
53,10,1310614,1,0
53,11,1571741,1,0
53,12,1416228,1,0
53,13,1239624,1,0
53,14,1999166,1,0
53,15,1517939,1,0
53,16,1364849,1,0
53,17,1505411,1,0
53,18,1344266,1,0
53,19,1672903,1,0
53,20,1603011,1,0
53,21,1480086,1,0
53,22,1521885,1,0
53,23,1549199,1,0
53,24,1444233,1,0
53,25,1162494,1,0
53,26,1195653,1,0
53,27,1505783,1,0
53,28,1323960,1,0
53,29,1205605,1,0
53,30,1136981,1,0
53,31,1245884,1,0
53,32,1228015,1,0
53,33,1112284,1,0
53,34,1150596,1,0
53,35,1183240,1,0
53,36,1362590,1,0
53,37,1138598,1,0
53,38,1184747,1,0
53,39,1132455,1,0
53,40,1447979,1,0
53,41,1130497,1,0
53,42,1110196,1,0
53,43,1110633,1,0
53,44,1193754,1,0
53,45,1339337,1,0
53,46,1150980,1,0
53,47,1140608,1,0
53,48,1142836,1,0
53,49,1487159,1,0
53,50,1308810,1,0
53,51,1189571,1,0
53,52,1150637,1,0
53,53,1537766,1,0
53,54,1225978,1,0
53,55,1140563,1,0
53,56,1192792,1,0
53,57,1179165,1,0
53,58,1166997,1,0
53,59,1144384,1,0
54,0,360223,1,0
54,1,912986,1,0
54,2,1777890,1,0
54,3,1760606,1,0
54,4,1904714,1,0
54,5,1778899,1,0
54,6,1452151,1,0
54,7,1911469,1,0
54,8,1514443,1,0
54,9,1479959,1,0
54,10,1309695,1,0
54,11,1575179,1,0
54,12,1416034,1,0
54,13,1239918,1,0
54,14,2002818,1,0
54,15,1509848,1,0
54,16,1368110,1,0
54,17,1503684,1,0
54,18,1344685,1,0
54,19,1674420,1,0
54,20,1604095,1,0
54,21,1478663,1,0
54,22,1520392,1,0
54,23,1550567,1,0
54,24,1439800,1,0
54,25,1166023,1,0
54,26,1194645,1,0
54,27,1506080,1,0
54,28,1322978,1,0
54,29,1206162,1,0
54,30,1134794,1,0
54,31,1247264,1,0
54,32,1229616,1,0
54,33,1108507,1,0
54,34,1152462,1,0
54,35,1183515,1,0
54,36,1363220,1,0
54,37,1138737,1,0
54,38,1184193,1,0
54,39,1131539,1,0
54,40,1451495,1,0
54,41,1126862,1,0
54,42,1111196,1,0
54,43,1109463,1,0
54,44,1195472,1,0
54,45,1338794,1,0
54,46,1150796,1,0
54,47,1140804,1,0
54,48,1142998,1,0
54,49,1502930,1,0
54,50,1294341,1,0
54,51,1187430,1,0
54,52,1157484,1,0
54,53,1536927,1,0
54,54,1219651,1,0
54,55,1141987,1,0
54,56,1191746,1,0
54,57,1179001,1,0
54,58,1167379,1,0
54,59,1146901,1,0
55,0,364884,1,0
55,1,922730,1,0
55,2,1781925,1,0
55,3,1760265,1,0
55,4,1905031,1,0
55,5,1786836,1,0
55,6,1446885,1,0
55,7,1928040,1,0
55,8,1492867,1,0
55,9,1480906,1,0
55,10,1308077,1,0
55,11,1576445,1,0
55,12,1415242,1,0
55,13,1240227,1,0
55,14,2007028,1,0
55,15,1505991,1,0
55,16,1367950,1,0
55,17,1503780,1,0
55,18,1351069,1,0
55,19,1672689,1,0
55,20,1600843,1,0
55,21,1479034,1,0
55,22,1520678,1,0
55,23,1547799,1,0
55,24,1441636,1,0
55,25,1164917,1,0
55,26,1194984,1,0
55,27,1518328,1,0
55,28,1309659,1,0
55,29,1205158,1,0
55,30,1135525,1,0
55,31,1246647,1,0
55,32,1230158,1,0
55,33,1108015,1,0
55,34,1154965,1,0
55,35,1194436,1,0
55,36,1349726,1,0
55,37,1141319,1,0
55,38,1182667,1,0
55,39,1130918,1,0
55,40,1451864,1,0
55,41,1126404,1,0
55,42,1111048,1,0
55,43,1110671,1,0
55,44,1209582,1,0
55,45,1323661,1,0
55,46,1152920,1,0
55,47,1138628,1,0
55,48,1143156,1,0
55,49,1504554,1,0
55,50,1294093,1,0
55,51,1186402,1,0
55,52,1161633,1,0
55,53,1531644,1,0
55,54,1220014,1,0
55,55,1143190,1,0
55,56,1191792,1,0
55,57,1177141,1,0
55,58,1167874,1,0
55,59,1148437,1,0
56,0,370585,1,0
56,1,948875,1,0
56,2,1786054,1,0
56,3,1759748,1,0
56,4,1904389,1,0
56,5,1791755,1,0
56,6,1442391,1,0
56,7,1940088,1,0
56,8,1480452,1,0
56,9,1481783,1,0
56,10,1309918,1,0
56,11,1576307,1,0
56,12,1410399,1,0
56,13,1241367,1,0
56,14,2011974,1,0
56,15,1502585,1,0
56,16,1365384,1,0
56,17,1504139,1,0
56,18,1352213,1,0
56,19,1676550,1,0
56,20,1599702,1,0
56,21,1478589,1,0
56,22,1533651,1,0
56,23,1531333,1,0
56,24,1443737,1,0
56,25,1164110,1,0
56,26,1195921,1,0
56,27,1516327,1,0
56,28,1309536,1,0
56,29,1204211,1,0
56,30,1135378,1,0
56,31,1263105,1,0
56,32,1215519,1,0
56,33,1109071,1,0
56,34,1154731,1,0
56,35,1193585,1,0
56,36,1346794,1,0
56,37,1143483,1,0
56,38,1182512,1,0
56,39,1131703,1,0
56,40,1451165,1,0
56,41,1127002,1,0
56,42,1110724,1,0
56,43,1110730,1,0
56,44,1210919,1,0
56,45,1322422,1,0
56,46,1151921,1,0
56,47,1140964,1,0
56,48,1142558,1,0
56,49,1507372,1,0
56,50,1291381,1,0
56,51,1185189,1,0
56,52,1164300,1,0
56,53,1530474,1,0
56,54,1219184,1,0
56,55,1143329,1,0
56,56,1191061,1,0
56,57,1176501,1,0
56,58,1167292,1,0
56,59,1149690,1,0
57,0,374384,1,0
57,1,1000175,1,0
57,2,1790421,1,0
57,3,1758347,1,0
57,4,1904828,1,0
57,5,1800252,1,0
57,6,1432713,1,0
57,7,1955946,1,0
57,8,1464251,1,0
57,9,1483092,1,0
57,10,1308152,1,0
57,11,1577216,1,0
57,12,1410259,1,0
57,13,1242539,1,0
57,14,2012317,1,0
57,15,1504056,1,0
57,16,1363378,1,0
57,17,1506050,1,0
57,18,1353821,1,0
57,19,1679879,1,0
57,20,1594092,1,0
57,21,1477832,1,0
57,22,1531640,1,0
57,23,1530677,1,0
57,24,1441752,1,0
57,25,1168155,1,0
57,26,1195755,1,0
57,27,1515704,1,0
57,28,1307341,1,0
57,29,1203999,1,0
57,30,1137206,1,0
57,31,1261743,1,0
57,32,1216234,1,0
57,33,1108942,1,0
57,34,1159274,1,0
57,35,1188860,1,0
57,36,1344961,1,0
57,37,1146302,1,0
57,38,1182101,1,0
57,39,1130573,1,0
57,40,1452419,1,0
57,41,1128783,1,0
57,42,1108949,1,0
57,43,1109154,1,0
57,44,1213631,1,0
57,45,1319134,1,0
57,46,1152846,1,0
57,47,1145009,1,0
57,48,1139254,1,0
57,49,1524035,1,0
57,50,1275557,1,0
57,51,1183131,1,0
57,52,1166164,1,0
57,53,1530078,1,0
57,54,1220371,1,0
57,55,1142379,1,0
57,56,1188478,1,0
57,57,1181003,1,0
57,58,1163982,1,0
57,59,1150493,1,0
58,0,378858,1,0
58,1,1014092,1,0
58,2,1779236,1,0
58,3,1758838,1,0
58,4,1905031,1,0
58,5,1813273,1,0
58,6,1420224,1,0
58,7,1965183,1,0
58,8,1454205,1,0
58,9,1486791,1,0
58,10,1303782,1,0
58,11,1577881,1,0
58,12,1408691,1,0
58,13,1242810,1,0
58,14,2014177,1,0
58,15,1502872,1,0
58,16,1364787,1,0
58,17,1508713,1,0
58,18,1351954,1,0
58,19,1681328,1,0
58,20,1592238,1,0
58,21,1477730,1,0
58,22,1530029,1,0
58,23,1535060,1,0
58,24,1436034,1,0
58,25,1169473,1,0
58,26,1195030,1,0
58,27,1516233,1,0
58,28,1304534,1,0
58,29,1206110,1,0
58,30,1135864,1,0
58,31,1261535,1,0
58,32,1215956,1,0
58,33,1107991,1,0
58,34,1163372,1,0
58,35,1187316,1,0
58,36,1346388,1,0
58,37,1145737,1,0
58,38,1181310,1,0
58,39,1130369,1,0
58,40,1453483,1,0
58,41,1127847,1,0
58,42,1108096,1,0
58,43,1110390,1,0
58,44,1214380,1,0
58,45,1317599,1,0
58,46,1154553,1,0
58,47,1142795,1,0
58,48,1139493,1,0
58,49,1525968,1,0
58,50,1274695,1,0
58,51,1182811,1,0
58,52,1167510,1,0
58,53,1529824,1,0
58,54,1219342,1,0
58,55,1143022,1,0
58,56,1187522,1,0
58,57,1181470,1,0
58,58,1163190,1,0
58,59,1153581,1,0
59,0,382627,1,0
59,1,1017748,1,0
59,2,1779221,1,0
59,3,1759528,1,0
59,4,1902193,1,0
59,5,1822300,1,0
59,6,1414053,1,0
59,7,1972823,1,0
59,8,1448805,1,0
59,9,1486203,1,0
59,10,1300201,1,0
59,11,1577651,1,0
59,12,1409149,1,0
59,13,1242474,1,0
59,14,2017920,1,0
59,15,1500860,1,0
59,16,1364199,1,0
59,17,1509414,1,0
59,18,1351408,1,0
59,19,1684427,1,0
59,20,1589709,1,0
59,21,1476929,1,0
59,22,1531825,1,0
59,23,1531684,1,0
59,24,1433302,1,0
59,25,1172675,1,0
59,26,1199774,1,0
59,27,1524973,1,0
59,28,1290820,1,0
59,29,1204757,1,0
59,30,1134983,1,0
59,31,1263156,1,0
59,32,1218810,1,0
59,33,1106108,1,0
59,34,1162122,1,0
59,35,1201211,1,0
59,36,1331860,1,0
59,37,1146598,1,0
59,38,1180884,1,0
59,39,1130498,1,0
59,40,1453756,1,0
59,41,1128121,1,0
59,42,1107956,1,0
59,43,1110137,1,0
59,44,1227174,1,0
59,45,1305109,1,0
59,46,1155934,1,0
59,47,1140979,1,0
59,48,1140927,1,0
59,49,1524629,1,0
59,50,1276735,1,0
59,51,1178908,1,0
59,52,1169557,1,0
59,53,1533201,1,0
59,54,1217572,1,0
59,55,1144577,1,0
59,56,1184141,1,0
59,57,1181775,1,0
59,58,1164945,1,0
59,59,1151622,1,0
60,0,386321,1,0
60,1,1028207,1,0
60,2,1771751,1,0
60,3,1760765,1,0
60,4,1898950,1,0
60,5,1830748,1,0
60,6,1408695,1,0
60,7,1976328,1,0
60,8,1444647,1,0
60,9,1487545,1,0
60,10,1297818,1,0
60,11,1577050,1,0
60,12,1410683,1,0
60,13,1240343,1,0
60,14,2020058,1,0
60,15,1501546,1,0
60,16,1362437,1,0
60,17,1517954,1,0
60,18,1342933,1,0
60,19,1691622,1,0
60,20,1584099,1,0
60,21,1476496,1,0
60,22,1537761,1,0
60,23,1523300,1,0
60,24,1433791,1,0
60,25,1172764,1,0
60,26,1199486,1,0
60,27,1525684,1,0
60,28,1289515,1,0
60,29,1205176,1,0
60,30,1133296,1,0
60,31,1275638,1,0
60,32,1206345,1,0
60,33,1109216,1,0
60,34,1160650,1,0
60,35,1201561,1,0
60,36,1331666,1,0
60,37,1147123,1,0
60,38,1179989,1,0
60,39,1128973,1,0
60,40,1455961,1,0
60,41,1133140,1,0
60,42,1102178,1,0
60,43,1109251,1,0
60,44,1228991,1,0
60,45,1304887,1,0
60,46,1154137,1,0
60,47,1141876,1,0
60,48,1142260,1,0
60,49,1525167,1,0
60,50,1275142,1,0
60,51,1178529,1,0
60,52,1170311,1,0
60,53,1535438,1,0
60,54,1216456,1,0
60,55,1144437,1,0
60,56,1185309,1,0
60,57,1180677,1,0
60,58,1165655,1,0
60,59,1151017,1,0
61,0,389133,1,0
61,1,1034024,1,0
61,2,1771164,1,0
61,3,1761711,1,0
61,4,1895879,1,0
61,5,1836515,1,0
61,6,1405916,1,0
61,7,1975782,1,0
61,8,1441715,1,0
61,9,1490729,1,0
61,10,1292713,1,0
61,11,1580491,1,0
61,12,1409379,1,0
61,13,1238191,1,0
61,14,2022000,1,0
61,15,1502107,1,0
61,16,1362424,1,0
61,17,1523177,1,0
61,18,1359074,1,0
61,19,1677815,1,0
61,20,1578624,1,0
61,21,1473557,1,0
61,22,1557695,1,0
61,23,1502262,1,0
61,24,1433960,1,0
61,25,1173137,1,0
61,26,1199352,1,0
61,27,1525143,1,0
61,28,1288185,1,0
61,29,1206707,1,0
61,30,1132087,1,0
61,31,1277972,1,0
61,32,1204831,1,0
61,33,1108969,1,0
61,34,1160587,1,0
61,35,1202493,1,0
61,36,1331248,1,0
61,37,1146734,1,0
61,38,1181899,1,0
61,39,1127340,1,0
61,40,1456362,1,0
61,41,1134015,1,0
61,42,1101312,1,0
61,43,1109641,1,0
61,44,1229595,1,0
61,45,1307324,1,0
61,46,1151288,1,0
61,47,1140433,1,0
61,48,1142831,1,0
61,49,1541165,1,0
61,50,1259899,1,0
61,51,1177423,1,0
61,52,1171808,1,0
61,53,1535843,1,0
61,54,1215883,1,0
61,55,1142313,1,0
61,56,1186757,1,0
61,57,1181175,1,0
61,58,1164713,1,0
61,59,1150896,1,0
62,0,397719,1,0
62,1,1040539,1,0
62,2,1770510,1,0
62,3,1759876,1,0
62,4,1895953,1,0
62,5,1842321,1,0
62,6,1398064,1,0
62,7,1978876,1,0
62,8,1439668,1,0
62,9,1490190,1,0
62,10,1290910,1,0
62,11,1582200,1,0
62,12,1409412,1,0
62,13,1239200,1,0
62,14,2020325,1,0
62,15,1503314,1,0
62,16,1363955,1,0
62,17,1524951,1,0
62,18,1355207,1,0
62,19,1682496,1,0
62,20,1575113,1,0
62,21,1474137,1,0
62,22,1560481,1,0
62,23,1498636,1,0
62,24,1432029,1,0
62,25,1173426,1,0
62,26,1200184,1,0
62,27,1536668,1,0
62,28,1275462,1,0
62,29,1207382,1,0
62,30,1131467,1,0
62,31,1276561,1,0
62,32,1207753,1,0
62,33,1107278,1,0
62,34,1160997,1,0
62,35,1217281,1,0
62,36,1316395,1,0
62,37,1146703,1,0
62,38,1180263,1,0
62,39,1130479,1,0
62,40,1453692,1,0
62,41,1134228,1,0
62,42,1101593,1,0
62,43,1109666,1,0
62,44,1233348,1,0
62,45,1306518,1,0
62,46,1148963,1,0
62,47,1138958,1,0
62,48,1144516,1,0
62,49,1540547,1,0
62,50,1260348,1,0
62,51,1177590,1,0
62,52,1171199,1,0
62,53,1539059,1,0
62,54,1212916,1,0
62,55,1144056,1,0
62,56,1183639,1,0
62,57,1183358,1,0
62,58,1162487,1,0
62,59,1151809,1,0
63,0,407569,1,0
63,1,1049508,1,0
63,2,1771063,1,0
63,3,1755404,1,0
63,4,1893490,1,0
63,5,1858493,1,0
63,6,1382977,1,0
63,7,1979909,1,0
63,8,1442042,1,0
63,9,1484539,1,0
63,10,1291998,1,0
63,11,1581575,1,0
63,12,1410225,1,0
63,13,1238371,1,0
63,14,2020800,1,0
63,15,1504409,1,0
63,16,1366293,1,0
63,17,1525986,1,0
63,18,1351617,1,0
63,19,1689132,1,0
63,20,1570763,1,0
63,21,1472559,1,0
63,22,1561668,1,0
63,23,1495512,1,0
63,24,1431650,1,0
63,25,1175968,1,0
63,26,1197545,1,0
63,27,1537115,1,0
63,28,1274954,1,0
63,29,1207432,1,0
63,30,1130074,1,0
63,31,1277898,1,0
63,32,1208409,1,0
63,33,1106169,1,0
63,34,1161253,1,0
63,35,1216779,1,0
63,36,1316279,1,0
63,37,1148766,1,0
63,38,1178920,1,0
63,39,1129053,1,0
63,40,1456905,1,0
63,41,1132026,1,0
63,42,1102183,1,0
63,43,1107741,1,0
63,44,1255295,1,0
63,45,1287715,1,0
63,46,1148399,1,0
63,47,1136693,1,0
63,48,1146680,1,0
63,49,1540078,1,0
63,50,1258686,1,0
63,51,1178754,1,0
63,52,1174205,1,0
63,53,1541394,1,0
63,54,1209777,1,0
63,55,1143157,1,0
63,56,1181963,1,0
63,57,1188926,1,0
63,58,1157212,1,0
63,59,1151069,1,0
64,0,418538,1,0
64,1,1061580,1,0
64,2,1767040,1,0
64,3,1752378,1,0
64,4,1891035,1,0
64,5,1866204,1,0
64,6,1376648,1,0
64,7,1981102,1,0
64,8,1443620,1,0
64,9,1480601,1,0
64,10,1290333,1,0
64,11,1582669,1,0
64,12,1409977,1,0
64,13,1237636,1,0
64,14,2023012,1,0
64,15,1504404,1,0
64,16,1367323,1,0
64,17,1526737,1,0
64,18,1348211,1,0
64,19,1697789,1,0
64,20,1565808,1,0
64,21,1470517,1,0
64,22,1574767,1,0
64,23,1481332,1,0
64,24,1429131,1,0
64,25,1178540,1,0
64,26,1196953,1,0
64,27,1537074,1,0
64,28,1274997,1,0
64,29,1207437,1,0
64,30,1128598,1,0
64,31,1293432,1,0
64,32,1194563,1,0
64,33,1103837,1,0
64,34,1162381,1,0
64,35,1217608,1,0
64,36,1315291,1,0
64,37,1150776,1,0
64,38,1176531,1,0
64,39,1130172,1,0
64,40,1455310,1,0
64,41,1132820,1,0
64,42,1102457,1,0
64,43,1107948,1,0
64,44,1258889,1,0
64,45,1285651,1,0
64,46,1148333,1,0
64,47,1134910,1,0
64,48,1164252,1,0
64,49,1523586,1,0
64,50,1259330,1,0
64,51,1176798,1,0
64,52,1176130,1,0
64,53,1541134,1,0
64,54,1207877,1,0
64,55,1145665,1,0
64,56,1180338,1,0
64,57,1190484,1,0
64,58,1154228,1,0
64,59,1152331,1,0
65,0,423901,1,0
65,1,1076822,1,0
65,2,1760716,1,0
65,3,1749614,1,0
65,4,1888042,1,0
65,5,1873188,1,0
65,6,1367984,1,0
65,7,1988640,1,0
65,8,1438549,1,0
65,9,1477607,1,0
65,10,1291192,1,0
65,11,1586457,1,0
65,12,1407419,1,0
65,13,1236926,1,0
65,14,2022966,1,0
65,15,1505053,1,0
65,16,1370890,1,0
65,17,1527625,1,0
65,18,1342704,1,0
65,19,1706036,1,0
65,20,1560112,1,0
65,21,1469178,1,0
65,22,1575869,1,0
65,23,1477133,1,0
65,24,1433096,1,0
65,25,1176064,1,0
65,26,1200335,1,0
65,27,1546072,1,0
65,28,1263097,1,0
65,29,1206850,1,0
65,30,1127080,1,0
65,31,1295958,1,0
65,32,1194001,1,0
65,33,1103881,1,0
65,34,1160824,1,0
65,35,1233405,1,0
65,36,1301238,1,0
65,37,1151681,1,0
65,38,1175572,1,0
65,39,1129714,1,0
65,40,1454841,1,0
65,41,1131666,1,0
65,42,1104747,1,0
65,43,1107094,1,0
65,44,1264142,1,0
65,45,1280202,1,0
65,46,1147893,1,0
65,47,1134639,1,0
65,48,1166633,1,0
65,49,1538656,1,0
65,50,1244055,1,0
65,51,1176451,1,0
65,52,1177509,1,0
65,53,1540668,1,0
65,54,1206737,1,0
65,55,1144121,1,0
65,56,1181894,1,0
65,57,1192877,1,0
65,58,1151702,1,0
65,59,1153646,1,0
66,0,428422,1,0
66,1,1085290,1,0
66,2,1758386,1,0
66,3,1746826,1,0
66,4,1889312,1,0
66,5,1880624,1,0
66,6,1360425,1,0
66,7,1990328,1,0
66,8,1434499,1,0
66,9,1478671,1,0
66,10,1289521,1,0
66,11,1588258,1,0
66,12,1406645,1,0
66,13,1242348,1,0
66,14,2018670,1,0
66,15,1506500,1,0
66,16,1368584,1,0
66,17,1534068,1,0
66,18,1348560,1,0
66,19,1698468,1,0
66,20,1557467,1,0
66,21,1468918,1,0
66,22,1580433,1,0
66,23,1471568,1,0
66,24,1429254,1,0
66,25,1178544,1,0
66,26,1200245,1,0
66,27,1547747,1,0
66,28,1259857,1,0
66,29,1208256,1,0
66,30,1125937,1,0
66,31,1297343,1,0
66,32,1192913,1,0
66,33,1103358,1,0
66,34,1160812,1,0
66,35,1234182,1,0
66,36,1301866,1,0
66,37,1151558,1,0
66,38,1175366,1,0
66,39,1129543,1,0
66,40,1454378,1,0
66,41,1132046,1,0
66,42,1106609,1,0
66,43,1103740,1,0
66,44,1269927,1,0
66,45,1276551,1,0
66,46,1147697,1,0
66,47,1133646,1,0
66,48,1172403,1,0
66,49,1534785,1,0
66,50,1244136,1,0
66,51,1174629,1,0
66,52,1179620,1,0
66,53,1540973,1,0
66,54,1205584,1,0
66,55,1143436,1,0
66,56,1181905,1,0
66,57,1194151,1,0
66,58,1149532,1,0
66,59,1154523,1,0
67,0,435642,1,0
67,1,1098242,1,0
67,2,1753603,1,0
67,3,1744188,1,0
67,4,1888522,1,0
67,5,1884396,1,0
67,6,1360250,1,0
67,7,1991559,1,0
67,8,1426108,1,0
67,9,1478260,1,0
67,10,1291050,1,0
67,11,1588730,1,0
67,12,1406149,1,0
67,13,1247062,1,0
67,14,2013956,1,0
67,15,1507135,1,0
67,16,1370117,1,0
67,17,1534667,1,0
67,18,1345009,1,0
67,19,1704948,1,0
67,20,1552935,1,0
67,21,1486110,1,0
67,22,1566830,1,0
67,23,1466513,1,0
67,24,1428258,1,0
67,25,1179722,1,0
67,26,1199820,1,0
67,27,1546289,1,0
67,28,1261470,1,0
67,29,1207313,1,0
67,30,1126712,1,0
67,31,1297215,1,0
67,32,1191591,1,0
67,33,1104411,1,0
67,34,1160920,1,0
67,35,1233763,1,0
67,36,1301218,1,0
67,37,1151088,1,0
67,38,1175554,1,0
67,39,1131693,1,0
67,40,1452994,1,0
67,41,1130660,1,0
67,42,1108148,1,0
67,43,1102716,1,0
67,44,1285018,1,0
67,45,1265231,1,0
67,46,1145008,1,0
67,47,1133092,1,0
67,48,1172524,1,0
67,49,1535388,1,0
67,50,1246139,1,0
67,51,1171079,1,0
67,52,1182562,1,0
67,53,1540518,1,0
67,54,1204843,1,0
67,55,1144076,1,0
67,56,1179536,1,0
67,57,1196925,1,0
67,58,1147908,1,0
67,59,1154354,1,0
68,0,438558,1,0
68,1,1110916,1,0
68,2,1772895,1,0
68,3,1715791,1,0
68,4,1891459,1,0
68,5,1882104,1,0
68,6,1362113,1,0
68,7,1992852,1,0
68,8,1422014,1,0
68,9,1476189,1,0
68,10,1291460,1,0
68,11,1590639,1,0
68,12,1405564,1,0
68,13,1247479,1,0
68,14,2017204,1,0
68,15,1505711,1,0
68,16,1371063,1,0
68,17,1534171,1,0
68,18,1341909,1,0
68,19,1706416,1,0
68,20,1551660,1,0
68,21,1494187,1,0
68,22,1665163,1,0
68,23,1379603,1,0
68,24,1406639,1,0
68,25,1181822,1,0
68,26,1198829,1,0
68,27,1557464,1,0
68,28,1249977,1,0
68,29,1205538,1,0
68,30,1128123,1,0
68,31,1310452,1,0
68,32,1180176,1,0
68,33,1102574,1,0
68,34,1160378,1,0
68,35,1249603,1,0
68,36,1285250,1,0
68,37,1152499,1,0
68,38,1174591,1,0
68,39,1131176,1,0
68,40,1453141,1,0
68,41,1129970,1,0
68,42,1110916,1,0
68,43,1100530,1,0
68,44,1286042,1,0
68,45,1265384,1,0
68,46,1144411,1,0
68,47,1133014,1,0
68,48,1172120,1,0
68,49,1551618,1,0
68,50,1231117,1,0
68,51,1171407,1,0
68,52,1182673,1,0
68,53,1544448,1,0
68,54,1200392,1,0
68,55,1144507,1,0
68,56,1180083,1,0
68,57,1195698,1,0
68,58,1147223,1,0
68,59,1154870,1,0
69,0,441253,1,0
69,1,1123523,1,0
69,2,1774296,1,0
69,3,1704351,1,0
69,4,1895916,1,0
69,5,1879415,1,0
69,6,1360420,1,0
69,7,1999957,1,0
69,8,1415436,1,0
69,9,1474853,1,0
69,10,1291799,1,0
69,11,1592249,1,0
69,12,1403208,1,0
69,13,1253015,1,0
69,14,2013552,1,0
69,15,1505615,1,0
69,16,1372712,1,0
69,17,1533342,1,0
69,18,1338331,1,0
69,19,1715216,1,0
69,20,1544792,1,0
69,21,1500458,1,0
69,22,1662411,1,0
69,23,1396523,1,0
69,24,1383542,1,0
69,25,1183191,1,0
69,26,1198198,1,0
69,27,1565084,1,0
69,28,1242874,1,0
69,29,1206084,1,0
69,30,1128209,1,0
69,31,1319268,1,0
69,32,1170035,1,0
69,33,1106118,1,0
69,34,1158341,1,0
69,35,1249465,1,0
69,36,1284572,1,0
69,37,1152921,1,0
69,38,1175031,1,0
69,39,1129151,1,0
69,40,1454805,1,0
69,41,1128268,1,0
69,42,1111553,1,0
69,43,1101260,1,0
69,44,1285992,1,0
69,45,1265993,1,0
69,46,1144649,1,0
69,47,1131175,1,0
69,48,1176110,1,0
69,49,1548526,1,0
69,50,1233671,1,0
69,51,1168932,1,0
69,52,1185154,1,0
69,53,1543913,1,0
69,54,1198436,1,0
69,55,1145149,1,0
69,56,1179902,1,0
69,57,1195664,1,0
69,58,1146682,1,0
69,59,1157058,1,0
70,0,1053779,1,0
70,1,1178704,1,0
70,2,1767766,1,0
70,3,1682370,1,0
70,4,1925474,1,0
70,5,1835984,1,0
70,6,1380706,1,0
70,7,1997446,1,0
70,8,1406741,1,0
70,9,1468401,1,0
70,10,1288470,1,0
70,11,1603411,1,0
70,12,1391770,1,0
70,13,1266663,1,0
70,14,2002728,1,0
70,15,1511057,1,0
70,16,1362116,1,0
70,17,1546143,1,0
70,18,1351263,1,0
70,19,1707116,1,0
70,20,1537883,1,0
70,21,1522694,1,0
70,22,1666013,1,0
70,23,1525870,1,0
70,24,1209121,1,0
70,25,1186578,1,0
70,26,1200604,1,0
70,27,1563183,1,0
70,28,1241523,1,0
70,29,1204281,1,0
70,30,1132540,1,0
70,31,1339045,1,0
70,32,1145957,1,0
70,33,1104144,1,0
70,34,1162702,1,0
70,35,1282257,1,0
70,36,1255415,1,0
70,37,1152338,1,0
70,38,1176986,1,0
70,39,1120891,1,0
70,40,1456633,1,0
70,41,1128495,1,0
70,42,1115216,1,0
70,43,1094104,1,0
70,44,1327358,1,0
70,45,1230980,1,0
70,46,1144376,1,0
70,47,1128653,1,0
70,48,1199085,1,0
70,49,1544273,1,0
70,50,1216094,1,0
70,51,1163936,1,0
70,52,1218920,1,0
70,53,1533671,1,0
70,54,1181006,1,0
70,55,1148474,1,0
70,56,1178370,1,0
70,57,1200766,1,0
70,58,1139929,1,0
70,59,1158550,1,0
71,0,451093,1,0
71,1,1122654,1,0
71,2,1775035,1,0
71,3,1699466,1,0
71,4,1900274,1,0
71,5,1873139,1,0
71,6,1359615,1,0
71,7,2004463,1,0
71,8,1409892,1,0
71,9,1477965,1,0
71,10,1289790,1,0
71,11,1592774,1,0
71,12,1401927,1,0
71,13,1256614,1,0
71,14,2011842,1,0
71,15,1504664,1,0
71,16,1371789,1,0
71,17,1541498,1,0
71,18,1343524,1,0
71,19,1706549,1,0
71,20,1541769,1,0
71,21,1506547,1,0
71,22,1670823,1,0
71,23,1403406,1,0
71,24,1357902,1,0
71,25,1184482,1,0
71,26,1198401,1,0
71,27,1566919,1,0
71,28,1242341,1,0
71,29,1205278,1,0
71,30,1129564,1,0
71,31,1336748,1,0
71,32,1151460,1,0
71,33,1105199,1,0
71,34,1159288,1,0
71,35,1250559,1,0
71,36,1285429,1,0
71,37,1151463,1,0
71,38,1175085,1,0
71,39,1128510,1,0
71,40,1454845,1,0
71,41,1128843,1,0
71,42,1110959,1,0
71,43,1100868,1,0
71,44,1289638,1,0
71,45,1263046,1,0
71,46,1145462,1,0
71,47,1130367,1,0
71,48,1175666,1,0
71,49,1550636,1,0
71,50,1232495,1,0
71,51,1167808,1,0
71,52,1187593,1,0
71,53,1543996,1,0
71,54,1198365,1,0
71,55,1144151,1,0
71,56,1177861,1,0
71,57,1198156,1,0
71,58,1145426,1,0
71,59,1158269,1,0
72,0,459728,1,0
72,1,1131601,1,0
72,2,1783446,1,0
72,3,1688101,1,0
72,4,1904829,1,0
72,5,1865267,1,0
72,6,1358478,1,0
72,7,2009360,1,0
72,8,1406599,1,0
72,9,1479064,1,0
72,10,1290061,1,0
72,11,1593013,1,0
72,12,1398969,1,0
72,13,1260874,1,0
72,14,2009625,1,0
72,15,1506503,1,0
72,16,1367960,1,0
72,17,1542344,1,0
72,18,1341724,1,0
72,19,1709985,1,0
72,20,1542315,1,0
72,21,1506606,1,0
72,22,1669837,1,0
72,23,1468819,1,0
72,24,1289600,1,0
72,25,1184918,1,0
72,26,1199968,1,0
72,27,1563954,1,0
72,28,1244022,1,0
72,29,1204895,1,0
72,30,1132867,1,0
72,31,1334118,1,0
72,32,1150082,1,0
72,33,1105859,1,0
72,34,1159360,1,0
72,35,1267212,1,0
72,36,1269156,1,0
72,37,1151421,1,0
72,38,1174858,1,0
72,39,1128557,1,0
72,40,1453745,1,0
72,41,1129647,1,0
72,42,1112123,1,0
72,43,1098287,1,0
72,44,1305293,1,0
72,45,1249976,1,0
72,46,1144568,1,0
72,47,1129449,1,0
72,48,1188614,1,0
72,49,1538830,1,0
72,50,1232374,1,0
72,51,1167022,1,0
72,52,1195796,1,0
72,53,1537150,1,0
72,54,1196753,1,0
72,55,1146331,1,0
72,56,1175081,1,0
72,57,1202817,1,0
72,58,1141315,1,0
72,59,1159909,1,0
73,0,465590,1,0
73,1,1139631,1,0
73,2,1783118,1,0
73,3,1687466,1,0
73,4,1912661,1,0
73,5,1854018,1,0
73,6,1364358,1,0
73,7,2005538,1,0
73,8,1404490,1,0
73,9,1481147,1,0
73,10,1287307,1,0
73,11,1596973,1,0
73,12,1394662,1,0
73,13,1263931,1,0
73,14,2006773,1,0
73,15,1507505,1,0
73,16,1365588,1,0
73,17,1544453,1,0
73,18,1341563,1,0
73,19,1716099,1,0
73,20,1537332,1,0
73,21,1504472,1,0
73,22,1674862,1,0
73,23,1519380,1,0
73,24,1233130,1,0
73,25,1186212,1,0
73,26,1198502,1,0
73,27,1564746,1,0
73,28,1243531,1,0
73,29,1204688,1,0
73,30,1132182,1,0
73,31,1336204,1,0
73,32,1150335,1,0
73,33,1102801,1,0
73,34,1161371,1,0
73,35,1266998,1,0
73,36,1269184,1,0
73,37,1151409,1,0
73,38,1175019,1,0
73,39,1125693,1,0
73,40,1457061,1,0
73,41,1127555,1,0
73,42,1111662,1,0
73,43,1099304,1,0
73,44,1306687,1,0
73,45,1250062,1,0
73,46,1144403,1,0
73,47,1127886,1,0
73,48,1189041,1,0
73,49,1539488,1,0
73,50,1232004,1,0
73,51,1166988,1,0
73,52,1198473,1,0
73,53,1538251,1,0
73,54,1192982,1,0
73,55,1147035,1,0
73,56,1174182,1,0
73,57,1203852,1,0
73,58,1141207,1,0
73,59,1159849,1,0
74,0,466022,1,0
74,1,1147343,1,0
74,2,1782280,1,0
74,3,1685348,1,0
74,4,1914342,1,0
74,5,1850678,1,0
74,6,1370742,1,0
74,7,2002557,1,0
74,8,1408588,1,0
74,9,1472528,1,0
74,10,1286741,1,0
74,11,1600931,1,0
74,12,1392922,1,0
74,13,1265542,1,0
74,14,2005043,1,0
74,15,1507993,1,0
74,16,1363126,1,0
74,17,1545358,1,0
74,18,1341024,1,0
74,19,1720257,1,0
74,20,1534182,1,0
74,21,1509771,1,0
74,22,1669136,1,0
74,23,1538706,1,0
74,24,1210887,1,0
74,25,1187097,1,0
74,26,1199340,1,0
74,27,1564114,1,0
74,28,1244947,1,0
74,29,1203732,1,0
74,30,1131357,1,0
74,31,1337376,1,0
74,32,1149806,1,0
74,33,1101604,1,0
74,34,1163180,1,0
74,35,1267986,1,0
74,36,1267932,1,0
74,37,1152536,1,0
74,38,1175226,1,0
74,39,1123535,1,0
74,40,1457961,1,0
74,41,1127943,1,0
74,42,1112350,1,0
74,43,1098717,1,0
74,44,1307607,1,0
74,45,1248487,1,0
74,46,1144558,1,0
74,47,1127547,1,0
74,48,1188915,1,0
74,49,1553063,1,0
74,50,1220473,1,0
74,51,1164719,1,0
74,52,1204233,1,0
74,53,1539659,1,0
74,54,1184787,1,0
74,55,1151342,1,0
74,56,1173294,1,0
74,57,1202658,1,0
74,58,1140407,1,0
74,59,1160034,1,0
75,0,471028,1,0
75,1,1159120,1,0
75,2,1777489,1,0
75,3,1681917,1,0
75,4,1918604,1,0
75,5,1844402,1,0
75,6,1376647,1,0
75,7,1999621,1,0
75,8,1406511,1,0
75,9,1471425,1,0
75,10,1287411,1,0
75,11,1602654,1,0
75,12,1392907,1,0
75,13,1265344,1,0
75,14,2004430,1,0
75,15,1508907,1,0
75,16,1361415,1,0
75,17,1547084,1,0
75,18,1339595,1,0
75,19,1720666,1,0
75,20,1535328,1,0
75,21,1515697,1,0
75,22,1675305,1,0
75,23,1525353,1,0
75,24,1211996,1,0
75,25,1184601,1,0
75,26,1200418,1,0
75,27,1563260,1,0
75,28,1243809,1,0
75,29,1203912,1,0
75,30,1130308,1,0
75,31,1340272,1,0
75,32,1146594,1,0
75,33,1104863,1,0
75,34,1162249,1,0
75,35,1281135,1,0
75,36,1255253,1,0
75,37,1152828,1,0
75,38,1177245,1,0
75,39,1121194,1,0
75,40,1456757,1,0
75,41,1128599,1,0
75,42,1112990,1,0
75,43,1097390,1,0
75,44,1310868,1,0
75,45,1245511,1,0
75,46,1144416,1,0
75,47,1127124,1,0
75,48,1189391,1,0
75,49,1554057,1,0
75,50,1218379,1,0
75,51,1165056,1,0
75,52,1214002,1,0
75,53,1534558,1,0
75,54,1182444,1,0
75,55,1149794,1,0
75,56,1173824,1,0
75,57,1203798,1,0
75,58,1138394,1,0
75,59,1162031,1,0
76,0,476212,1,0
76,1,1192544,1,0
76,2,1762486,1,0
76,3,1682678,1,0
76,4,1926767,1,0
76,5,1833737,1,0
76,6,1383013,1,0
76,7,1998977,1,0
76,8,1403905,1,0
76,9,1466787,1,0
76,10,1287093,1,0
76,11,1603792,1,0
76,12,1391524,1,0
76,13,1270403,1,0
76,14,2000174,1,0
76,15,1511284,1,0
76,16,1361379,1,0
76,17,1545493,1,0
76,18,1351915,1,0
76,19,1706871,1,0
76,20,1540335,1,0
76,21,1524564,1,0
76,22,1659882,1,0
76,23,1527196,1,0
76,24,1208109,1,0
76,25,1186951,1,0
76,26,1201244,1,0
76,27,1562280,1,0
76,28,1241693,1,0
76,29,1204325,1,0
76,30,1131480,1,0
76,31,1339558,1,0
76,32,1144133,1,0
76,33,1104874,1,0
76,34,1164834,1,0
76,35,1283291,1,0
76,36,1254284,1,0
76,37,1158056,1,0
76,38,1172665,1,0
76,39,1118496,1,0
76,40,1456409,1,0
76,41,1130520,1,0
76,42,1113847,1,0
76,43,1093853,1,0
76,44,1328182,1,0
76,45,1232089,1,0
76,46,1142165,1,0
76,47,1129736,1,0
76,48,1197822,1,0
76,49,1545698,1,0
76,50,1216394,1,0
76,51,1162275,1,0
76,52,1220848,1,0
76,53,1535342,1,0
76,54,1178378,1,0
76,55,1148450,1,0
76,56,1178625,1,0
76,57,1202100,1,0
76,58,1137487,1,0
76,59,1160715,1,0
77,0,479252,1,0
77,1,1202680,1,0
77,2,1755778,1,0
77,3,1683093,1,0
77,4,1939618,1,0
77,5,1818398,1,0
77,6,1387599,1,0
77,7,1997332,1,0
77,8,1401074,1,0
77,9,1466575,1,0
77,10,1287115,1,0
77,11,1604807,1,0
77,12,1394400,1,0
77,13,1269565,1,0
77,14,1999465,1,0
77,15,1511333,1,0
77,16,1360475,1,0
77,17,1545948,1,0
77,18,1350748,1,0
77,19,1707815,1,0
77,20,1540312,1,0
77,21,1527398,1,0
77,22,1669989,1,0
77,23,1513275,1,0
77,24,1207513,1,0
77,25,1189707,1,0
77,26,1198630,1,0
77,27,1561547,1,0
77,28,1244300,1,0
77,29,1202166,1,0
77,30,1129959,1,0
77,31,1338536,1,0
77,32,1147078,1,0
77,33,1104517,1,0
77,34,1165416,1,0
77,35,1294211,1,0
77,36,1242741,1,0
77,37,1160619,1,0
77,38,1171513,1,0
77,39,1117016,1,0
77,40,1455388,1,0
77,41,1130720,1,0
77,42,1115109,1,0
77,43,1093131,1,0
77,44,1329393,1,0
77,45,1231526,1,0
77,46,1141480,1,0
77,47,1129759,1,0
77,48,1197576,1,0
77,49,1547757,1,0
77,50,1216057,1,0
77,51,1159888,1,0
77,52,1222119,1,0
77,53,1538957,1,0
77,54,1174253,1,0
77,55,1149538,1,0
77,56,1179491,1,0
77,57,1201252,1,0
77,58,1136375,1,0
77,59,1159663,1,0
78,0,482176,1,0
78,1,1215611,1,0
78,2,1748545,1,0
78,3,1683670,1,0
78,4,1948762,1,0
78,5,1810953,1,0
78,6,1386334,1,0
78,7,1995694,1,0
78,8,1397915,1,0
78,9,1465230,1,0
78,10,1288637,1,0
78,11,1605508,1,0
78,12,1393983,1,0
78,13,1270283,1,0
78,14,2005659,1,0
78,15,1505463,1,0
78,16,1358801,1,0
78,17,1546693,1,0
78,18,1349916,1,0
78,19,1709136,1,0
78,20,1542273,1,0
78,21,1526209,1,0
78,22,1669697,1,0
78,23,1514353,1,0
78,24,1203631,1,0
78,25,1191785,1,0
78,26,1200866,1,0
78,27,1558933,1,0
78,28,1244196,1,0
78,29,1199804,1,0
78,30,1131487,1,0
78,31,1338258,1,0
78,32,1147837,1,0
78,33,1103055,1,0
78,34,1166958,1,0
78,35,1293922,1,0
78,36,1241936,1,0
78,37,1160024,1,0
78,38,1173408,1,0
78,39,1114382,1,0
78,40,1455821,1,0
78,41,1132995,1,0
78,42,1113715,1,0
78,43,1092704,1,0
78,44,1331386,1,0
78,45,1230600,1,0
78,46,1141599,1,0
78,47,1128786,1,0
78,48,1199580,1,0
78,49,1551962,1,0
78,50,1212061,1,0
78,51,1155761,1,0
78,52,1228028,1,0
78,53,1545592,1,0
78,54,1163074,1,0
78,55,1150668,1,0
78,56,1179753,1,0
78,57,1199557,1,0
78,58,1138401,1,0
78,59,1160383,1,0
79,0,489347,1,0
79,1,1228819,1,0
79,2,1739875,1,0
79,3,1686958,1,0
79,4,1950353,1,0
79,5,1803791,1,0
79,6,1389518,1,0
79,7,1994741,1,0
79,8,1396556,1,0
79,9,1464052,1,0
79,10,1288115,1,0
79,11,1608567,1,0
79,12,1391238,1,0
79,13,1274379,1,0
79,14,2003269,1,0
79,15,1504530,1,0
79,16,1366441,1,0
79,17,1541253,1,0
79,18,1346402,1,0
79,19,1709565,1,0
79,20,1546503,1,0
79,21,1525967,1,0
79,22,1668132,1,0
79,23,1512093,1,0
79,24,1203230,1,0
79,25,1192213,1,0
79,26,1199543,1,0
79,27,1561158,1,0
79,28,1242996,1,0
79,29,1198289,1,0
79,30,1132771,1,0
79,31,1337691,1,0
79,32,1149631,1,0
79,33,1100138,1,0
79,34,1168788,1,0
79,35,1292293,1,0
79,36,1245411,1,0
79,37,1159725,1,0
79,38,1171392,1,0
79,39,1114594,1,0
79,40,1455175,1,0
79,41,1134920,1,0
79,42,1112958,1,0
79,43,1091919,1,0
79,44,1332968,1,0
79,45,1229229,1,0
79,46,1142783,1,0
79,47,1128162,1,0
79,48,1198296,1,0
79,49,1554208,1,0
79,50,1210946,1,0
79,51,1153983,1,0
79,52,1232030,1,0
79,53,1546442,1,0
79,54,1161928,1,0
79,55,1149895,1,0
79,56,1182026,1,0
79,57,1196492,1,0
79,58,1137669,1,0
79,59,1161120,1,0
80,0,496128,1,0
80,1,1238183,1,0
80,2,1733187,1,0
80,3,1688149,1,0
80,4,1971004,1,0
80,5,1781989,1,0
80,6,1392685,1,0
80,7,1993901,1,0
80,8,1395918,1,0
80,9,1459479,1,0
80,10,1291242,1,0
80,11,1608824,1,0
80,12,1388551,1,0
80,13,1279634,1,0
80,14,2009969,1,0
80,15,1493951,1,0
80,16,1367761,1,0
80,17,1541349,1,0
80,18,1358685,1,0
80,19,1696090,1,0
80,20,1551533,1,0
80,21,1526952,1,0
80,22,1661397,1,0
80,23,1512946,1,0
80,24,1202551,1,0
80,25,1192360,1,0
80,26,1206492,1,0
80,27,1553326,1,0
80,28,1243036,1,0
80,29,1199817,1,0
80,30,1131258,1,0
80,31,1338347,1,0
80,32,1149288,1,0
80,33,1097683,1,0
80,34,1171911,1,0
80,35,1292789,1,0
80,36,1247716,1,0
80,37,1163387,1,0
80,38,1164489,1,0
80,39,1115724,1,0
80,40,1451632,1,0
80,41,1137323,1,0
80,42,1115577,1,0
80,43,1086892,1,0
80,44,1348432,1,0
80,45,1220490,1,0
80,46,1138194,1,0
80,47,1128371,1,0
80,48,1212438,1,0
80,49,1540537,1,0
80,50,1211372,1,0
80,51,1151201,1,0
80,52,1234120,1,0
80,53,1547309,1,0
80,54,1159498,1,0
80,55,1151225,1,0
80,56,1181599,1,0
80,57,1197954,1,0
80,58,1138290,1,0
80,59,1159917,1,0
81,0,500410,1,0
81,1,1248656,1,0
81,2,1725085,1,0
81,3,1691160,1,0
81,4,1979445,1,0
81,5,1769981,1,0
81,6,1400201,1,0
81,7,1989126,1,0
81,8,1398976,1,0
81,9,1453342,1,0
81,10,1291329,1,0
81,11,1609650,1,0
81,12,1390031,1,0
81,13,1278440,1,0
81,14,2010987,1,0
81,15,1495321,1,0
81,16,1369062,1,0
81,17,1537930,1,0
81,18,1358253,1,0
81,19,1696260,1,0
81,20,1560544,1,0
81,21,1521769,1,0
81,22,1656022,1,0
81,23,1513695,1,0
81,24,1202430,1,0
81,25,1192516,1,0
81,26,1210684,1,0
81,27,1548725,1,0
81,28,1243897,1,0
81,29,1198811,1,0
81,30,1131337,1,0
81,31,1339725,1,0
81,32,1149525,1,0
81,33,1096419,1,0
81,34,1171535,1,0
81,35,1292453,1,0
81,36,1247561,1,0
81,37,1167347,1,0
81,38,1160834,1,0
81,39,1116538,1,0
81,40,1450979,1,0
81,41,1136918,1,0
81,42,1115330,1,0
81,43,1087326,1,0
81,44,1348238,1,0
81,45,1221913,1,0
81,46,1138155,1,0
81,47,1125951,1,0
81,48,1214074,1,0
81,49,1540037,1,0
81,50,1212114,1,0
81,51,1150670,1,0
81,52,1234832,1,0
81,53,1548789,1,0
81,54,1157209,1,0
81,55,1152103,1,0
81,56,1180213,1,0
81,57,1198160,1,0
81,58,1138151,1,0
81,59,1161178,1,0
82,0,503401,1,0
82,1,1256663,1,0
82,2,1721195,1,0
82,3,1690016,1,0
82,4,1986017,1,0
82,5,1761941,1,0
82,6,1402859,1,0
82,7,1989028,1,0
82,8,1402817,1,0
82,9,1446942,1,0
82,10,1292635,1,0
82,11,1609259,1,0
82,12,1391011,1,0
82,13,1277511,1,0
82,14,2011218,1,0
82,15,1497647,1,0
82,16,1365995,1,0
82,17,1538263,1,0
82,18,1357813,1,0
82,19,1695964,1,0
82,20,1573012,1,0
82,21,1514378,1,0
82,22,1658194,1,0
82,23,1505803,1,0
82,24,1203511,1,0
82,25,1191759,1,0
82,26,1229079,1,0
82,27,1530036,1,0
82,28,1246631,1,0
82,29,1194903,1,0
82,30,1131440,1,0
82,31,1340844,1,0
82,32,1149468,1,0
82,33,1094390,1,0
82,34,1175408,1,0
82,35,1302126,1,0
82,36,1236612,1,0
82,37,1168530,1,0
82,38,1158344,1,0
82,39,1118123,1,0
82,40,1448693,1,0
82,41,1138333,1,0
82,42,1115556,1,0
82,43,1087024,1,0
82,44,1347893,1,0
82,45,1221959,1,0
82,46,1137661,1,0
82,47,1126987,1,0
82,48,1213146,1,0
82,49,1543460,1,0
82,50,1211028,1,0
82,51,1146532,1,0
82,52,1237130,1,0
82,53,1552037,1,0
82,54,1153560,1,0
82,55,1152614,1,0
82,56,1181653,1,0
82,57,1197129,1,0
82,58,1137771,1,0
82,59,1161195,1,0
83,0,507240,1,0
83,1,1264526,1,0
83,2,1727813,1,0
83,3,1679238,1,0
83,4,1989225,1,0
83,5,1757621,1,0
83,6,1407197,1,0
83,7,1985704,1,0
83,8,1406448,1,0
83,9,1442712,1,0
83,10,1294123,1,0
83,11,1607139,1,0
83,12,1390806,1,0
83,13,1277230,1,0
83,14,2023076,1,0
83,15,1488022,1,0
83,16,1363521,1,0
83,17,1539418,1,0
83,18,1357328,1,0
83,19,1694579,1,0
83,20,1588656,1,0
83,21,1508586,1,0
83,22,1649957,1,0
83,23,1504811,1,0
83,24,1204776,1,0
83,25,1189925,1,0
83,26,1244100,1,0
83,27,1516595,1,0
83,28,1246058,1,0
83,29,1194127,1,0
83,30,1130998,1,0
83,31,1342644,1,0
83,32,1149126,1,0
83,33,1092476,1,0
83,34,1176939,1,0
83,35,1301738,1,0
83,36,1238147,1,0
83,37,1166712,1,0
83,38,1157316,1,0
83,39,1118552,1,0
83,40,1448312,1,0
83,41,1138629,1,0
83,42,1116746,1,0
83,43,1084386,1,0
83,44,1351771,1,0
83,45,1221614,1,0
83,46,1135789,1,0
83,47,1127580,1,0
83,48,1213126,1,0
83,49,1543070,1,0
83,50,1212228,1,0
83,51,1143426,1,0
83,52,1239666,1,0
83,53,1552724,1,0
83,54,1154528,1,0
83,55,1151870,1,0
83,56,1181207,1,0
83,57,1199417,1,0
83,58,1133500,1,0
83,59,1163237,1,0
84,0,515182,1,0
84,1,1273543,1,0
84,2,1735688,1,0
84,3,1666454,1,0
84,4,1996332,1,0
84,5,1746868,1,0
84,6,1414444,1,0
84,7,1980963,1,0
84,8,1410098,1,0
84,9,1438231,1,0
84,10,1294941,1,0
84,11,1609940,1,0
84,12,1389168,1,0
84,13,1276091,1,0
84,14,2026699,1,0
84,15,1486843,1,0
84,16,1361002,1,0
84,17,1540968,1,0
84,18,1368520,1,0
84,19,1689248,1,0
84,20,1589307,1,0
84,21,1504195,1,0
84,22,1645203,1,0
84,23,1506834,1,0
84,24,1201893,1,0
84,25,1190722,1,0
84,26,1245049,1,0
84,27,1517537,1,0
84,28,1243564,1,0
84,29,1193140,1,0
84,30,1133002,1,0
84,31,1343143,1,0
84,32,1148408,1,0
84,33,1092472,1,0
84,34,1176776,1,0
84,35,1300210,1,0
84,36,1240228,1,0
84,37,1167025,1,0
84,38,1156644,1,0
84,39,1119011,1,0
84,40,1445001,1,0
84,41,1140656,1,0
84,42,1117166,1,0
84,43,1083765,1,0
84,44,1361346,1,0
84,45,1212517,1,0
84,46,1136351,1,0
84,47,1126594,1,0
84,48,1226622,1,0
84,49,1531542,1,0
84,50,1211025,1,0
84,51,1142357,1,0
84,52,1241031,1,0
84,53,1553549,1,0
84,54,1153716,1,0
84,55,1151854,1,0
84,56,1180745,1,0
84,57,1199377,1,0
84,58,1134695,1,0
84,59,1166970,1,0
85,0,518105,1,0
85,1,1284614,1,0
85,2,1740688,1,0
85,3,1654413,1,0
85,4,1999473,1,0
85,5,1743711,1,0
85,6,1418473,1,0
85,7,1977189,1,0
85,8,1412095,1,0
85,9,1433735,1,0
85,10,1295510,1,0
85,11,1610660,1,0
85,12,1388518,1,0
85,13,1275505,1,0
85,14,2028186,1,0
85,15,1486213,1,0
85,16,1362446,1,0
85,17,1539203,1,0
85,18,1369307,1,0
85,19,1687671,1,0
85,20,1595793,1,0
85,21,1501845,1,0
85,22,1642339,1,0
85,23,1511179,1,0
85,24,1198473,1,0
85,25,1190600,1,0
85,26,1242224,1,0
85,27,1518128,1,0
85,28,1244810,1,0
85,29,1190711,1,0
85,30,1132723,1,0
85,31,1343860,1,0
85,32,1149732,1,0
85,33,1091502,1,0
85,34,1177179,1,0
85,35,1299598,1,0
85,36,1240765,1,0
85,37,1164340,1,0
85,38,1159345,1,0
85,39,1118758,1,0
85,40,1445633,1,0
85,41,1139936,1,0
85,42,1116391,1,0
85,43,1082765,1,0
85,44,1365714,1,0
85,45,1210907,1,0
85,46,1136238,1,0
85,47,1124756,1,0
85,48,1226861,1,0
85,49,1536649,1,0
85,50,1207167,1,0
85,51,1141683,1,0
85,52,1250454,1,0
85,53,1548562,1,0
85,54,1149758,1,0
85,55,1155782,1,0
85,56,1177297,1,0
85,57,1197045,1,0
85,58,1137789,1,0
85,59,1165454,1,0
86,0,520121,1,0
86,1,1303645,1,0
86,2,1734808,1,0
86,3,1644376,1,0
86,4,2003901,1,0
86,5,1738489,1,0
86,6,1425058,1,0
86,7,1976412,1,0
86,8,1408374,1,0
86,9,1431742,1,0
86,10,1300743,1,0
86,11,1603568,1,0
86,12,1390778,1,0
86,13,1275335,1,0
86,14,2028962,1,0
86,15,1484756,1,0
86,16,1365993,1,0
86,17,1537708,1,0
86,18,1369748,1,0
86,19,1686339,1,0
86,20,1598435,1,0
86,21,1500458,1,0
86,22,1640378,1,0
86,23,1514921,1,0
86,24,1194153,1,0
86,25,1192107,1,0
86,26,1250861,1,0
86,27,1508008,1,0
86,28,1246532,1,0
86,29,1188399,1,0
86,30,1132826,1,0
86,31,1345225,1,0
86,32,1149567,1,0
86,33,1092726,1,0
86,34,1175014,1,0
86,35,1309675,1,0
86,36,1230321,1,0
86,37,1165433,1,0
86,38,1156382,1,0
86,39,1128873,1,0
86,40,1436983,1,0
86,41,1139192,1,0
86,42,1117544,1,0
86,43,1083304,1,0
86,44,1365667,1,0
86,45,1209153,1,0
86,46,1137803,1,0
86,47,1124117,1,0
86,48,1227532,1,0
86,49,1536371,1,0
86,50,1208373,1,0
86,51,1137715,1,0
86,52,1254155,1,0
86,53,1549127,1,0
86,54,1149009,1,0
86,55,1157009,1,0
86,56,1177486,1,0
86,57,1194755,1,0
86,58,1137026,1,0
86,59,1168245,1,0
87,0,525743,1,0
87,1,1324304,1,0
87,2,1731130,1,0
87,3,1630018,1,0
87,4,2006767,1,0
87,5,1736282,1,0
87,6,1427199,1,0
87,7,1976511,1,0
87,8,1408155,1,0
87,9,1428293,1,0
87,10,1300708,1,0
87,11,1604375,1,0
87,12,1390396,1,0
87,13,1274405,1,0
87,14,2044820,1,0
87,15,1468971,1,0
87,16,1367920,1,0
87,17,1538058,1,0
87,18,1368595,1,0
87,19,1686284,1,0
87,20,1600610,1,0
87,21,1499163,1,0
87,22,1641551,1,0
87,23,1513871,1,0
87,24,1193971,1,0
87,25,1190978,1,0
87,26,1252908,1,0
87,27,1506130,1,0
87,28,1246253,1,0
87,29,1187870,1,0
87,30,1132314,1,0
87,31,1345956,1,0
87,32,1149310,1,0
87,33,1093008,1,0
87,34,1175949,1,0
87,35,1308319,1,0
87,36,1230971,1,0
87,37,1165899,1,0
87,38,1156111,1,0
87,39,1127541,1,0
87,40,1436630,1,0
87,41,1139199,1,0
87,42,1118129,1,0
87,43,1081748,1,0
87,44,1368336,1,0
87,45,1207582,1,0
87,46,1138429,1,0
87,47,1124228,1,0
87,48,1240997,1,0
87,49,1524240,1,0
87,50,1209006,1,0
87,51,1134005,1,0
87,52,1257822,1,0
87,53,1548604,1,0
87,54,1147376,1,0
87,55,1155070,1,0
87,56,1179342,1,0
87,57,1195105,1,0
87,58,1137954,1,0
87,59,1168527,1,0
88,0,532313,1,0
88,1,1354706,1,0
88,2,1717263,1,0
88,3,1616505,1,0
88,4,2011377,1,0
88,5,1731151,1,0
88,6,1431308,1,0
88,7,1975291,1,0
88,8,1407054,1,0
88,9,1426494,1,0
88,10,1306517,1,0
88,11,1598050,1,0
88,12,1390535,1,0
88,13,1272276,1,0
88,14,2046552,1,0
88,15,1469608,1,0
88,16,1367547,1,0
88,17,1538736,1,0
88,18,1424541,1,0
88,19,1629691,1,0
88,20,1604514,1,0
88,21,1495841,1,0
88,22,1642528,1,0
88,23,1511817,1,0
88,24,1193508,1,0
88,25,1192355,1,0
88,26,1251357,1,0
88,27,1509229,1,0
88,28,1244516,1,0
88,29,1184819,1,0
88,30,1134405,1,0
88,31,1345142,1,0
88,32,1150412,1,0
88,33,1092454,1,0
88,34,1180816,1,0
88,35,1303760,1,0
88,36,1232801,1,0
88,37,1164783,1,0
88,38,1154670,1,0
88,39,1135053,1,0
88,40,1430115,1,0
88,41,1137807,1,0
88,42,1118467,1,0
88,43,1081437,1,0
88,44,1369970,1,0
88,45,1205971,1,0
88,46,1138075,1,0
88,47,1126521,1,0
88,48,1239961,1,0
88,49,1526918,1,0
88,50,1208270,1,0
88,51,1129905,1,0
88,52,1261205,1,0
88,53,1549425,1,0
88,54,1147523,1,0
88,55,1152226,1,0
88,56,1180432,1,0
88,57,1193743,1,0
88,58,1139878,1,0
88,59,1168204,1,0
89,0,543145,1,0
89,1,1375828,1,0
89,2,1710447,1,0
89,3,1605770,1,0
89,4,2016628,1,0
89,5,1725564,1,0
89,6,1433208,1,0
89,7,1975256,1,0
89,8,1406411,1,0
89,9,1423611,1,0
89,10,1307490,1,0
89,11,1597286,1,0
89,12,1389730,1,0
89,13,1272981,1,0
89,14,2048647,1,0
89,15,1468331,1,0
89,16,1368298,1,0
89,17,1541676,1,0
89,18,1450219,1,0
89,19,1600552,1,0
89,20,1606376,1,0
89,21,1494559,1,0
89,22,1642618,1,0
89,23,1510577,1,0
89,24,1192421,1,0
89,25,1191802,1,0
89,26,1251654,1,0
89,27,1512291,1,0
89,28,1243452,1,0
89,29,1184668,1,0
89,30,1133651,1,0
89,31,1345628,1,0
89,32,1151050,1,0
89,33,1089458,1,0
89,34,1182750,1,0
89,35,1303477,1,0
89,36,1233522,1,0
89,37,1165000,1,0
89,38,1152672,1,0
89,39,1137839,1,0
89,40,1427752,1,0
89,41,1136892,1,0
89,42,1121270,1,0
89,43,1079092,1,0
89,44,1382161,1,0
89,45,1195365,1,0
89,46,1137809,1,0
89,47,1125423,1,0
89,48,1240851,1,0
89,49,1526234,1,0
89,50,1209650,1,0
89,51,1128861,1,0
89,52,1274396,1,0
89,53,1534822,1,0
89,54,1147449,1,0
89,55,1153296,1,0
89,56,1181254,1,0
89,57,1195358,1,0
89,58,1137966,1,0
89,59,1167743,1,0
90,0,546895,1,0
90,1,1397997,1,0
90,2,1699720,1,0
90,3,1600184,1,0
90,4,2016773,1,0
90,5,1720669,1,0
90,6,1440962,1,0
90,7,1970123,1,0
90,8,1409749,1,0
90,9,1418084,1,0
90,10,1306492,1,0
90,11,1599431,1,0
90,12,1390507,1,0
90,13,1270900,1,0
90,14,2053120,1,0
90,15,1464474,1,0
90,16,1369114,1,0
90,17,1540874,1,0
90,18,1458907,1,0
90,19,1591182,1,0
90,20,1608511,1,0
90,21,1494421,1,0
90,22,1641421,1,0
90,23,1510436,1,0
90,24,1192362,1,0
90,25,1191750,1,0
90,26,1264154,1,0
90,27,1501008,1,0
90,28,1242593,1,0
90,29,1183012,1,0
90,30,1134567,1,0
90,31,1344631,1,0
90,32,1151967,1,0
90,33,1089248,1,0
90,34,1183772,1,0
90,35,1312542,1,0
90,36,1223281,1,0
90,37,1164887,1,0
90,38,1152103,1,0
90,39,1138075,1,0
90,40,1428161,1,0
90,41,1135853,1,0
90,42,1120580,1,0
90,43,1081222,1,0
90,44,1381934,1,0
90,45,1193835,1,0
90,46,1140883,1,0
90,47,1122597,1,0
90,48,1242644,1,0
90,49,1525673,1,0
90,50,1209535,1,0
90,51,1128650,1,0
90,52,1313847,1,0
90,53,1498866,1,0
90,54,1143570,1,0
90,55,1154487,1,0
90,56,1181960,1,0
90,57,1192612,1,0
90,58,1139337,1,0
90,59,1167639,1,0
91,0,551212,1,0
91,1,1418207,1,0
91,2,1694995,1,0
91,3,1586159,1,0
91,4,2019469,1,0
91,5,1719956,1,0
91,6,1446686,1,0
91,7,1966637,1,0
91,8,1408079,1,0
91,9,1415583,1,0
91,10,1306995,1,0
91,11,1601234,1,0
91,12,1391655,1,0
91,13,1267945,1,0
91,14,2088450,1,0
91,15,1431291,1,0
91,16,1367914,1,0
91,17,1541661,1,0
91,18,1477775,1,0
91,19,1571429,1,0
91,20,1612784,1,0
91,21,1489331,1,0
91,22,1644279,1,0
91,23,1506881,1,0
91,24,1191954,1,0
91,25,1191983,1,0
91,26,1264455,1,0
91,27,1503941,1,0
91,28,1241919,1,0
91,29,1180152,1,0
91,30,1134143,1,0
91,31,1346302,1,0
91,32,1151564,1,0
91,33,1088517,1,0
91,34,1185646,1,0
91,35,1309448,1,0
91,36,1226434,1,0
91,37,1163281,1,0
91,38,1151835,1,0
91,39,1138139,1,0
91,40,1426773,1,0
91,41,1135994,1,0
91,42,1122702,1,0
91,43,1081206,1,0
91,44,1380443,1,0
91,45,1195343,1,0
91,46,1144126,1,0
91,47,1118327,1,0
91,48,1257343,1,0
91,49,1514202,1,0
91,50,1209299,1,0
91,51,1123744,1,0
91,52,1317945,1,0
91,53,1497457,1,0
91,54,1144562,1,0
91,55,1153387,1,0
91,56,1182546,1,0
91,57,1193121,1,0
91,58,1137982,1,0
91,59,1168445,1,0
92,0,553825,1,0
92,1,1434778,1,0
92,2,1689514,1,0
92,3,1577583,1,0
92,4,2023741,1,0
92,5,1717615,1,0
92,6,1447500,1,0
92,7,1966118,1,0
92,8,1406453,1,0
92,9,1419610,1,0
92,10,1316925,1,0
92,11,1591439,1,0
92,12,1385772,1,0
92,13,1266272,1,0
92,14,2095277,1,0
92,15,1427224,1,0
92,16,1366955,1,0
92,17,1542938,1,0
92,18,1501148,1,0
92,19,1549184,1,0
92,20,1613002,1,0
92,21,1488578,1,0
92,22,1644158,1,0
92,23,1505477,1,0
92,24,1192554,1,0
92,25,1190773,1,0
92,26,1265069,1,0
92,27,1506880,1,0
92,28,1270435,1,0
92,29,1146807,1,0
92,30,1133876,1,0
92,31,1349199,1,0
92,32,1151379,1,0
92,33,1086194,1,0
92,34,1188571,1,0
92,35,1307047,1,0
92,36,1226965,1,0
92,37,1163587,1,0
92,38,1151706,1,0
92,39,1148758,1,0
92,40,1415313,1,0
92,41,1137136,1,0
92,42,1120014,1,0
92,43,1082243,1,0
92,44,1383815,1,0
92,45,1192769,1,0
92,46,1145317,1,0
92,47,1115183,1,0
92,48,1260933,1,0
92,49,1512025,1,0
92,50,1210360,1,0
92,51,1122321,1,0
92,52,1352814,1,0
92,53,1468013,1,0
92,54,1141165,1,0
92,55,1152410,1,0
92,56,1182689,1,0
92,57,1193647,1,0
92,58,1138647,1,0
92,59,1167781,1,0
93,0,556364,1,0
93,1,1443997,1,0
93,2,1700382,1,0
93,3,1560916,1,0
93,4,2026277,1,0
93,5,1712505,1,0
93,6,1460770,1,0
93,7,1957583,1,0
93,8,1406662,1,0
93,9,1415288,1,0
93,10,1320181,1,0
93,11,1593830,1,0
93,12,1380029,1,0
93,13,1267204,1,0
93,14,2098970,1,0
93,15,1423411,1,0
93,16,1366253,1,0
93,17,1544377,1,0
93,18,1505000,1,0
93,19,1544558,1,0
93,20,1613541,1,0
93,21,1490203,1,0
93,22,1642184,1,0
93,23,1504614,1,0
93,24,1191518,1,0
93,25,1190171,1,0
93,26,1279664,1,0
93,27,1498494,1,0
93,28,1266012,1,0
93,29,1147224,1,0
93,30,1133497,1,0
93,31,1350014,1,0
93,32,1151710,1,0
93,33,1083331,1,0
93,34,1192716,1,0
93,35,1304588,1,0
93,36,1228706,1,0
93,37,1162112,1,0
93,38,1150261,1,0
93,39,1150671,1,0
93,40,1414676,1,0
93,41,1137797,1,0
93,42,1119481,1,0
93,43,1081533,1,0
93,44,1382962,1,0
93,45,1193628,1,0
93,46,1147423,1,0
93,47,1113443,1,0
93,48,1260572,1,0
93,49,1512580,1,0
93,50,1210417,1,0
93,51,1121079,1,0
93,52,1368137,1,0
93,53,1455796,1,0
93,54,1138085,1,0
93,55,1153099,1,0
93,56,1182335,1,0
93,57,1193978,1,0
93,58,1136108,1,0
93,59,1171100,1,0
94,0,563841,1,0
94,1,1452113,1,0
94,2,1709657,1,0
94,3,1549591,1,0
94,4,2023819,1,0
94,5,1713114,1,0
94,6,1473219,1,0
94,7,1945692,1,0
94,8,1408867,1,0
94,9,1410994,1,0
94,10,1319713,1,0
94,11,1600123,1,0
94,12,1374625,1,0
94,13,1268148,1,0
94,14,2099939,1,0
94,15,1422110,1,0
94,16,1366494,1,0
94,17,1547919,1,0
94,18,1505583,1,0
94,19,1542028,1,0
94,20,1611283,1,0
94,21,1490036,1,0
94,22,1641650,1,0
94,23,1505269,1,0
94,24,1190243,1,0
94,25,1191211,1,0
94,26,1277076,1,0
94,27,1507413,1,0
94,28,1258386,1,0
94,29,1146083,1,0
94,30,1133171,1,0
94,31,1351252,1,0
94,32,1152163,1,0
94,33,1083859,1,0
94,34,1192722,1,0
94,35,1316253,1,0
94,36,1216306,1,0
94,37,1162521,1,0
94,38,1148848,1,0
94,39,1151136,1,0
94,40,1415376,1,0
94,41,1139817,1,0
94,42,1117093,1,0
94,43,1080183,1,0
94,44,1397716,1,0
94,45,1181178,1,0
94,46,1146643,1,0
94,47,1113253,1,0
94,48,1261619,1,0
94,49,1512321,1,0
94,50,1210912,1,0
94,51,1120691,1,0
94,52,1382944,1,0
94,53,1441232,1,0
94,54,1137661,1,0
94,55,1151661,1,0
94,56,1182302,1,0
94,57,1193933,1,0
94,58,1138220,1,0
94,59,1167939,1,0
95,0,565434,1,0
95,1,1461629,1,0
95,2,1711999,1,0
95,3,1543254,1,0
95,4,2023429,1,0
95,5,1712375,1,0
95,6,1476723,1,0
95,7,1942950,1,0
95,8,1407002,1,0
95,9,1410233,1,0
95,10,1330626,1,0
95,11,1591389,1,0
95,12,1372254,1,0
95,13,1268625,1,0
95,14,2143052,1,0
95,15,1381460,1,0
95,16,1364027,1,0
95,17,1550612,1,0
95,18,1508188,1,0
95,19,1537057,1,0
95,20,1611867,1,0
95,21,1488911,1,0
95,22,1642430,1,0
95,23,1505692,1,0
95,24,1187591,1,0
95,25,1192880,1,0
95,26,1273789,1,0
95,27,1511493,1,0
95,28,1254696,1,0
95,29,1145564,1,0
95,30,1136141,1,0
95,31,1350983,1,0
95,32,1150966,1,0
95,33,1085862,1,0
95,34,1190374,1,0
95,35,1316424,1,0
95,36,1216800,1,0
95,37,1162404,1,0
95,38,1149072,1,0
95,39,1150302,1,0
95,40,1414939,1,0
95,41,1142213,1,0
95,42,1114982,1,0
95,43,1081662,1,0
95,44,1397161,1,0
95,45,1179423,1,0
95,46,1149512,1,0
95,47,1110674,1,0
95,48,1273934,1,0
95,49,1500987,1,0
95,50,1210970,1,0
95,51,1120007,1,0
95,52,1397160,1,0
95,53,1428352,1,0
95,54,1135386,1,0
95,55,1154027,1,0
95,56,1182187,1,0
95,57,1192103,1,0
95,58,1138776,1,0
95,59,1167541,1,0
96,0,571398,1,0
96,1,1471214,1,0
96,2,1715672,1,0
96,3,1535356,1,0
96,4,2021766,1,0
96,5,1713539,1,0
96,6,1479869,1,0
96,7,1941268,1,0
96,8,1407130,1,0
96,9,1405223,1,0
96,10,1336005,1,0
96,11,1588030,1,0
96,12,1371469,1,0
96,13,1268832,1,0
96,14,2142008,1,0
96,15,1383565,1,0
96,16,1362310,1,0
96,17,1550846,1,0
96,18,1513117,1,0
96,19,1533878,1,0
96,20,1613239,1,0
96,21,1489277,1,0
96,22,1641718,1,0
96,23,1506542,1,0
96,24,1183362,1,0
96,25,1194758,1,0
96,26,1283081,1,0
96,27,1501679,1,0
96,28,1252978,1,0
96,29,1145611,1,0
96,30,1138116,1,0
96,31,1350557,1,0
96,32,1149849,1,0
96,33,1084844,1,0
96,34,1194297,1,0
96,35,1311513,1,0
96,36,1218586,1,0
96,37,1162786,1,0
96,38,1149984,1,0
96,39,1158671,1,0
96,40,1405227,1,0
96,41,1143015,1,0
96,42,1112480,1,0
96,43,1083917,1,0
96,44,1398050,1,0
96,45,1178573,1,0
96,46,1148256,1,0
96,47,1109835,1,0
96,48,1280684,1,0
96,49,1495352,1,0
96,50,1212010,1,0
96,51,1118417,1,0
96,52,1413271,1,0
96,53,1413575,1,0
96,54,1133660,1,0
96,55,1155355,1,0
96,56,1182869,1,0
96,57,1190665,1,0
96,58,1139265,1,0
96,59,1168231,1,0
97,0,574235,1,0
97,1,1478847,1,0
97,2,1714318,1,0
97,3,1533440,1,0
97,4,2021671,1,0
97,5,1711603,1,0
97,6,1485570,1,0
97,7,1939043,1,0
97,8,1415472,1,0
97,9,1396670,1,0
97,10,1334085,1,0
97,11,1590233,1,0
97,12,1367170,1,0
97,13,1269704,1,0
97,14,2140372,1,0
97,15,1394004,1,0
97,16,1352280,1,0
97,17,1552012,1,0
97,18,1534255,1,0
97,19,1513167,1,0
97,20,1613252,1,0
97,21,1490525,1,0
97,22,1638330,1,0
97,23,1507031,1,0
97,24,1183153,1,0
97,25,1194762,1,0
97,26,1282460,1,0
97,27,1504950,1,0
97,28,1249160,1,0
97,29,1145485,1,0
97,30,1139884,1,0
97,31,1349866,1,0
97,32,1150856,1,0
97,33,1083854,1,0
97,34,1195779,1,0
97,35,1310326,1,0
97,36,1220196,1,0
97,37,1161315,1,0
97,38,1150691,1,0
97,39,1155971,1,0
97,40,1406978,1,0
97,41,1143404,1,0
97,42,1111775,1,0
97,43,1084268,1,0
97,44,1398389,1,0
97,45,1179668,1,0
97,46,1146548,1,0
97,47,1109658,1,0
97,48,1282020,1,0
97,49,1495602,1,0
97,50,1211172,1,0
97,51,1117939,1,0
97,52,1437728,1,0
97,53,1389361,1,0
97,54,1135296,1,0
97,55,1152860,1,0
97,56,1184004,1,0
97,57,1191662,1,0
97,58,1136709,1,0
97,59,1170575,1,0
98,0,578746,1,0
98,1,1485740,1,0
98,2,1716916,1,0
98,3,1529781,1,0
98,4,2019018,1,0
98,5,1715377,1,0
98,6,1526051,1,0
98,7,1895294,1,0
98,8,1418405,1,0
98,9,1392963,1,0
98,10,1333987,1,0
98,11,1591387,1,0
98,12,1365512,1,0
98,13,1269069,1,0
98,14,2138611,1,0
98,15,1399141,1,0
98,16,1348906,1,0
98,17,1551932,1,0
98,18,1538138,1,0
98,19,1510801,1,0
98,20,1615575,1,0
98,21,1488134,1,0
98,22,1638685,1,0
98,23,1507405,1,0
98,24,1179951,1,0
98,25,1195550,1,0
98,26,1281999,1,0
98,27,1507408,1,0
98,28,1247001,1,0
98,29,1146271,1,0
98,30,1139826,1,0
98,31,1349521,1,0
98,32,1149801,1,0
98,33,1083764,1,0
98,34,1196424,1,0
98,35,1323012,1,0
98,36,1207666,1,0
98,37,1161937,1,0
98,38,1151465,1,0
98,39,1155611,1,0
98,40,1406937,1,0
98,41,1140394,1,0
98,42,1114910,1,0
98,43,1083059,1,0
98,44,1399592,1,0
98,45,1180252,1,0
98,46,1146281,1,0
98,47,1107052,1,0
98,48,1283356,1,0
98,49,1495203,1,0
98,50,1212278,1,0
98,51,1118050,1,0
98,52,1440693,1,0
98,53,1385249,1,0
98,54,1135111,1,0
98,55,1153212,1,0
98,56,1183731,1,0
98,57,1191867,1,0
98,58,1136768,1,0
98,59,1179445,1,0
99,0,581667,1,0
99,1,1490484,1,0
99,2,1731171,1,0
99,3,1519240,1,0
99,4,2013667,1,0
99,5,1716421,1,0
99,6,1529829,1,0
99,7,1892328,1,0
99,8,1417855,1,0
99,9,1390547,1,0
99,10,1334720,1,0
99,11,1596077,1,0
99,12,1358751,1,0
99,13,1269880,1,0
99,14,2152741,1,0
99,15,1385275,1,0
99,16,1352347,1,0
99,17,1550688,1,0
99,18,1539660,1,0
99,19,1509826,1,0
99,20,1617393,1,0
99,21,1485337,1,0
99,22,1637088,1,0
99,23,1508091,1,0
99,24,1178836,1,0
99,25,1197659,1,0
99,26,1288653,1,0
99,27,1499062,1,0
99,28,1244368,1,0
99,29,1148966,1,0
99,30,1140509,1,0
99,31,1346063,1,0
99,32,1151730,1,0
99,33,1083853,1,0
99,34,1197816,1,0
99,35,1321539,1,0
99,36,1207012,1,0
99,37,1163688,1,0
99,38,1151465,1,0
99,39,1154482,1,0
99,40,1407427,1,0
99,41,1140755,1,0
99,42,1112359,1,0
99,43,1083440,1,0
99,44,1401256,1,0
99,45,1181343,1,0
99,46,1145667,1,0
99,47,1107035,1,0
99,48,1282357,1,0
99,49,1494696,1,0
99,50,1212675,1,0
99,51,1117422,1,0
99,52,1470955,1,0
99,53,1358343,1,0
99,54,1131391,1,0
99,55,1156297,1,0
99,56,1182147,1,0
99,57,1190731,1,0
99,58,1149229,1,0
99,59,1168930,1,0
