worker_id,sequence,latency_us,success,status_code
0,0,1233591,1,0
0,1,1154904,1,0
0,2,1139933,1,0
0,3,1096453,1,0
0,4,1176228,1,0
0,5,1172611,1,0
0,6,1125896,1,0
0,7,1157911,1,0
0,8,1109026,1,0
0,9,1128292,1,0
0,10,1099935,1,0
0,11,1077118,1,0
0,12,1091075,1,0
0,13,1159145,1,0
0,14,1088127,1,0
0,15,1024799,1,0
0,16,1042315,1,0
0,17,1072403,1,0
0,18,1089617,1,0
0,19,1092329,1,0
0,20,1068860,1,0
0,21,1064948,1,0
0,22,1101715,1,0
0,23,1045109,1,0
0,24,1101184,1,0
0,25,1053115,1,0
0,26,1060124,1,0
0,27,1071596,1,0
0,28,1100402,1,0
0,29,1087101,1,0
0,30,1067880,1,0
0,31,1085278,1,0
0,32,1063416,1,0
0,33,1046997,1,0
0,34,1018186,1,0
0,35,1412033,1,0
0,36,1246613,1,0
0,37,1118389,1,0
0,38,1031220,1,0
0,39,1041976,1,0
0,40,1057893,1,0
0,41,1124773,1,0
0,42,1393391,1,0
0,43,1412416,1,0
0,44,984481,1,0
0,45,1068700,1,0
0,46,1105055,1,0
0,47,1203005,1,0
0,48,1336209,1,0
0,49,1071243,1,0
0,50,1041470,1,0
0,51,980420,1,0
0,52,1180493,1,0
0,53,1350139,1,0
0,54,1138848,1,0
0,55,1055570,1,0
0,56,1086732,1,0
0,57,1481627,1,0
0,58,1316627,1,0
0,59,1229814,1,0
1,0,1222987,1,0
1,1,1153300,1,0
1,2,1142340,1,0
1,3,1094873,1,0
1,4,1177205,1,0
1,5,1168871,1,0
1,6,1127738,1,0
1,7,1157255,1,0
1,8,1111082,1,0
1,9,1127988,1,0
1,10,1101782,1,0
1,11,1076112,1,0
1,12,1089828,1,0
1,13,1158728,1,0
1,14,1089050,1,0
1,15,1024610,1,0
1,16,1042319,1,0
1,17,1073225,1,0
1,18,1090737,1,0
1,19,1085359,1,0
1,20,1074252,1,0
1,21,1065678,1,0
1,22,1101654,1,0
1,23,1045074,1,0
1,24,1101695,1,0
1,25,1051867,1,0
1,26,1060037,1,0
1,27,1071434,1,0
1,28,1100409,1,0
1,29,1087761,1,0
1,30,1067374,1,0
1,31,1082831,1,0
1,32,1066120,1,0
1,33,1046480,1,0
1,34,1020334,1,0
1,35,1409485,1,0
1,36,1248019,1,0
1,37,1118717,1,0
1,38,1030827,1,0
1,39,1041376,1,0
1,40,1058679,1,0
1,41,1121553,1,0
1,42,1396071,1,0
1,43,1411737,1,0
1,44,986811,1,0
1,45,1065011,1,0
1,46,1107897,1,0
1,47,1190385,1,0
1,48,1349108,1,0
1,49,1069750,1,0
1,50,1042350,1,0
1,51,980007,1,0
1,52,1181216,1,0
1,53,1349721,1,0
1,54,1136309,1,0
1,55,1059308,1,0
1,56,1086507,1,0
1,57,1471103,1,0
1,58,1325263,1,0
1,59,1231596,1,0
2,0,437851,1,0
2,1,586460,1,0
2,2,900690,1,0
2,3,678882,1,0
2,4,759412,1,0
2,5,903795,1,0
2,6,1056234,1,0
2,7,1118328,1,0
2,8,1151776,1,0
2,9,1103803,1,0
2,10,1128076,1,0
2,11,1097149,1,0
2,12,1077448,1,0
2,13,1095060,1,0
2,14,1162836,1,0
2,15,1087555,1,0
2,16,1019405,1,0
2,17,1043694,1,0
2,18,1070526,1,0
2,19,1087235,1,0
2,20,1102686,1,0
2,21,1067198,1,0
2,22,1056051,1,0
2,23,1101685,1,0
2,24,1048899,1,0
2,25,1103519,1,0
2,26,1049693,1,0
2,27,1063210,1,0
2,28,1073070,1,0
2,29,1096834,1,0
2,30,1082740,1,0
2,31,1069842,1,0
2,32,1103407,1,0
2,33,1043474,1,0
2,34,1049316,1,0
2,35,1018752,1,0
2,36,1425390,1,0
2,37,1240407,1,0
2,38,1110859,1,0
2,39,1035205,1,0
2,40,1042000,1,0
2,41,1075688,1,0
2,42,1119125,1,0
2,43,1400973,1,0
2,44,1381124,1,0
2,45,990421,1,0
2,46,1072499,1,0
2,47,1101714,1,0
2,48,1227418,1,0
2,49,1321651,1,0
2,50,1064183,1,0
2,51,1032586,1,0
2,52,985374,1,0
2,53,1188611,1,0
2,54,1363003,1,0
2,55,1124271,1,0
2,56,1052362,1,0
2,57,1090131,1,0
2,58,1509547,1,0
2,59,1300388,1,0
3,0,1211502,1,0
3,1,1152541,1,0
3,2,1144018,1,0
3,3,1092181,1,0
3,4,1178129,1,0
3,5,1160387,1,0
3,6,1136721,1,0
3,7,1158842,1,0
3,8,1109538,1,0
3,9,1128266,1,0
3,10,1102957,1,0
3,11,1076847,1,0
3,12,1088139,1,0
3,13,1154885,1,0
3,14,1092470,1,0
3,15,1027055,1,0
3,16,1040351,1,0
3,17,1072371,1,0
3,18,1092360,1,0
3,19,1082254,1,0
3,20,1077105,1,0
3,21,1067008,1,0
3,22,1101277,1,0
3,23,1044142,1,0
3,24,1101961,1,0
3,25,1050323,1,0
3,26,1059518,1,0
3,27,1072818,1,0
3,28,1101711,1,0
3,29,1085706,1,0
3,30,1068171,1,0
3,31,1082429,1,0
3,32,1068511,1,0
3,33,1044424,1,0
3,34,1020564,1,0
3,35,1407743,1,0
3,36,1248304,1,0
3,37,1120290,1,0
3,38,1028100,1,0
3,39,1046538,1,0
3,40,1056294,1,0
3,41,1121843,1,0
3,42,1395108,1,0
3,43,1414205,1,0
3,44,985400,1,0
3,45,1062517,1,0
3,46,1109040,1,0
3,47,1191598,1,0
3,48,1349936,1,0
3,49,1068767,1,0
3,50,1043540,1,0
3,51,979454,1,0
3,52,1169085,1,0
3,53,1361329,1,0
3,54,1136159,1,0
3,55,1059755,1,0
3,56,1087072,1,0
3,57,1469720,1,0
3,58,1323626,1,0
3,59,1234682,1,0
4,0,264585,1,0
4,1,728128,1,0
4,2,671144,1,0
4,3,623800,1,0
4,4,667433,1,0
4,5,1076956,1,0
4,6,1162307,1,0
4,7,1137973,1,0
4,8,1134292,1,0
4,9,1111080,1,0
4,10,1128279,1,0
4,11,1093323,1,0
4,12,1068452,1,0
4,13,1117470,1,0
4,14,1148687,1,0
4,15,1080721,1,0
4,16,1018502,1,0
4,17,1041125,1,0
4,18,1071123,1,0
4,19,1087877,1,0
4,20,1100781,1,0
4,21,1101945,1,0
4,22,1030285,1,0
4,23,1087169,1,0
4,24,1072534,1,0
4,25,1092204,1,0
4,26,1048049,1,0
4,27,1064954,1,0
4,28,1074026,1,0
4,29,1091208,1,0
4,30,1085197,1,0
4,31,1072242,1,0
4,32,1113227,1,0
4,33,1019762,1,0
4,34,1047715,1,0
4,35,1042930,1,0
4,36,1463050,1,0
4,37,1201420,1,0
4,38,1088910,1,0
4,39,1047395,1,0
4,40,1041057,1,0
4,41,1071763,1,0
4,42,1172804,1,0
4,43,1516231,1,0
4,44,1194702,1,0
4,45,1014116,1,0
4,46,1082687,1,0
4,47,1096253,1,0
4,48,1256794,1,0
4,49,1275463,1,0
4,50,1076924,1,0
4,51,1013600,1,0
4,52,986797,1,0
4,53,1258820,1,0
4,54,1341624,1,0
4,55,1087746,1,0
4,56,1043887,1,0
4,57,1109613,1,0
4,58,1531037,1,0
4,59,1318245,1,0
5,0,1196735,1,0
5,1,1154606,1,0
5,2,1145453,1,0
5,3,1092009,1,0
5,4,1177515,1,0
5,5,1155939,1,0
5,6,1141530,1,0
5,7,1158792,1,0
5,8,1109834,1,0
5,9,1130748,1,0
5,10,1101254,1,0
5,11,1077867,1,0
5,12,1086740,1,0
5,13,1151921,1,0
5,14,1095189,1,0
5,15,1027224,1,0
5,16,1037078,1,0
5,17,1076057,1,0
5,18,1093800,1,0
5,19,1080598,1,0
5,20,1077059,1,0
5,21,1067664,1,0
5,22,1099915,1,0
5,23,1044187,1,0
5,24,1103021,1,0
5,25,1051458,1,0
5,26,1059357,1,0
5,27,1072518,1,0
5,28,1101179,1,0
5,29,1087997,1,0
5,30,1058602,1,0
5,31,1087959,1,0
5,32,1069504,1,0
5,33,1045572,1,0
5,34,1019057,1,0
5,35,1408749,1,0
5,36,1248271,1,0
5,37,1117512,1,0
5,38,1029202,1,0
5,39,1049542,1,0
5,40,1052939,1,0
5,41,1112073,1,0
5,42,1395598,1,0
5,43,1425187,1,0
5,44,985959,1,0
5,45,1061855,1,0
5,46,1109324,1,0
5,47,1192843,1,0
5,48,1348926,1,0
5,49,1067946,1,0
5,50,1045854,1,0
5,51,978310,1,0
5,52,1168945,1,0
5,53,1351161,1,0
5,54,1146838,1,0
5,55,1059693,1,0
5,56,1086196,1,0
5,57,1470143,1,0
5,58,1311168,1,0
5,59,1240270,1,0
6,0,546584,1,0
6,1,332803,1,0
6,2,1166403,1,0
6,3,1104838,1,0
6,4,1135206,1,0
6,5,1156390,1,0
6,6,1148514,1,0
6,7,1179293,1,0
6,8,1109481,1,0
6,9,1121934,1,0
6,10,1115767,1,0
6,11,1099996,1,0
6,12,1050975,1,0
6,13,1156781,1,0
6,14,1099821,1,0
6,15,1050395,1,0
6,16,1018014,1,0
6,17,1089110,1,0
6,18,1068466,1,0
6,19,1074816,1,0
6,20,1087840,1,0
6,21,1091221,1,0
6,22,1062475,1,0
6,23,1069334,1,0
6,24,1098739,1,0
6,25,1065985,1,0
6,26,1058105,1,0
6,27,1065937,1,0
6,28,1110314,1,0
6,29,1081502,1,0
6,30,1065062,1,0
6,31,1070206,1,0
6,32,1104327,1,0
6,33,1028007,1,0
6,34,1028271,1,0
6,35,1261552,1,0
6,36,1347162,1,0
6,37,1125034,1,0
6,38,1046059,1,0
6,39,1058681,1,0
6,40,1045078,1,0
6,41,1082125,1,0
6,42,1327613,1,0
6,43,1468080,1,0
6,44,1055103,1,0
6,45,1039434,1,0
6,46,1113225,1,0
6,47,1088050,1,0
6,48,1380528,1,0
6,49,1163151,1,0
6,50,1042615,1,0
6,51,988665,1,0
6,52,1074635,1,0
6,53,1363127,1,0
6,54,1190376,1,0
6,55,1086112,1,0
6,56,1079313,1,0
6,57,1128942,1,0
6,58,1571478,1,0
6,59,1299035,1,0
7,0,1171912,1,0
7,1,1152651,1,0
7,2,1150952,1,0
7,3,1090700,1,0
7,4,1176833,1,0
7,5,1151154,1,0
7,6,1145686,1,0
7,7,1160194,1,0
7,8,1111632,1,0
7,9,1123890,1,0
7,10,1107910,1,0
7,11,1079195,1,0
7,12,1085418,1,0
7,13,1146951,1,0
7,14,1097654,1,0
7,15,1026788,1,0
7,16,1037999,1,0
7,17,1077471,1,0
7,18,1093604,1,0
7,19,1073715,1,0
7,20,1085825,1,0
7,21,1068115,1,0
7,22,1101219,1,0
7,23,1040752,1,0
7,24,1102900,1,0
7,25,1053720,1,0
7,26,1055932,1,0
7,27,1071299,1,0
7,28,1101670,1,0
7,29,1093954,1,0
7,30,1054601,1,0
7,31,1086792,1,0
7,32,1071903,1,0
7,33,1047345,1,0
7,34,1016296,1,0
7,35,1401491,1,0
7,36,1252472,1,0
7,37,1119440,1,0
7,38,1033436,1,0
7,39,1046491,1,0
7,40,1052030,1,0
7,41,1113447,1,0
7,42,1393731,1,0
7,43,1425868,1,0
7,44,984210,1,0
7,45,1065794,1,0
7,46,1107020,1,0
7,47,1175553,1,0
7,48,1367814,1,0
7,49,1068312,1,0
7,50,1047292,1,0
7,51,975944,1,0
7,52,1172442,1,0
7,53,1348378,1,0
7,54,1142113,1,0
7,55,1066093,1,0
7,56,1084431,1,0
7,57,1457508,1,0
7,58,1310105,1,0
7,59,1252373,1,0
8,0,1183307,1,0
8,1,1154112,1,0
8,2,1148771,1,0
8,3,1091925,1,0
8,4,1176834,1,0
8,5,1153285,1,0
8,6,1142713,1,0
8,7,1160942,1,0
8,8,1110312,1,0
8,9,1124865,1,0
8,10,1106310,1,0
8,11,1079242,1,0
8,12,1085949,1,0
8,13,1149141,1,0
8,14,1096789,1,0
8,15,1026352,1,0
8,16,1038541,1,0
8,17,1076475,1,0
8,18,1093558,1,0
8,19,1073706,1,0
8,20,1084934,1,0
8,21,1067580,1,0
8,22,1100536,1,0
8,23,1043061,1,0
8,24,1103213,1,0
8,25,1052880,1,0
8,26,1056275,1,0
8,27,1071341,1,0
8,28,1102240,1,0
8,29,1090576,1,0
8,30,1057366,1,0
8,31,1087457,1,0
8,32,1070683,1,0
8,33,1045466,1,0
8,34,1018419,1,0
8,35,1401129,1,0
8,36,1254338,1,0
8,37,1117382,1,0
8,38,1032507,1,0
8,39,1048066,1,0
8,40,1051467,1,0
8,41,1113053,1,0
8,42,1394710,1,0
8,43,1425327,1,0
8,44,986675,1,0
8,45,1062953,1,0
8,46,1107001,1,0
8,47,1193210,1,0
8,48,1350084,1,0
8,49,1068157,1,0
8,50,1046548,1,0
8,51,976492,1,0
8,52,1171687,1,0
8,53,1348894,1,0
8,54,1147083,1,0
8,55,1062144,1,0
8,56,1084544,1,0
8,57,1468380,1,0
8,58,1310842,1,0
8,59,1241077,1,0
9,0,401376,1,0
9,1,407063,1,0
9,2,1014742,1,0
9,3,1108884,1,0
9,4,1099730,1,0
9,5,1173456,1,0
9,6,1167826,1,0
9,7,1169617,1,0
9,8,1106977,1,0
9,9,1117753,1,0
9,10,1115622,1,0
9,11,1111694,1,0
9,12,1064017,1,0
9,13,1146787,1,0
9,14,1102854,1,0
9,15,1057670,1,0
9,16,1017148,1,0
9,17,1069492,1,0
9,18,1069366,1,0
9,19,1083935,1,0
9,20,1095644,1,0
9,21,1093048,1,0
9,22,1048873,1,0
9,23,1067326,1,0
9,24,1091878,1,0
9,25,1072968,1,0
9,26,1054697,1,0
9,27,1078090,1,0
9,28,1081859,1,0
9,29,1084940,1,0
9,30,1091699,1,0
9,31,1060799,1,0
9,32,1116987,1,0
9,33,1009257,1,0
9,34,1037687,1,0
9,35,1204473,1,0
9,36,1371397,1,0
9,37,1155126,1,0
9,38,1053066,1,0
9,39,1062657,1,0
9,40,1041198,1,0
9,41,1079418,1,0
9,42,1272190,1,0
9,43,1491936,1,0
9,44,1093448,1,0
9,45,1033950,1,0
9,46,1106402,1,0
9,47,1093192,1,0
9,48,1328658,1,0
9,49,1224089,1,0
9,50,1041361,1,0
9,51,998963,1,0
9,52,1017249,1,0
9,53,1358651,1,0
9,54,1242418,1,0
9,55,1052013,1,0
9,56,1096596,1,0
9,57,1121821,1,0
9,58,1549185,1,0
9,59,1309659,1,0
10,0,1158972,1,0
10,1,1152968,1,0
10,2,1152649,1,0
10,3,1089454,1,0
10,4,1176689,1,0
10,5,1142881,1,0
10,6,1153677,1,0
10,7,1160764,1,0
10,8,1112509,1,0
10,9,1123397,1,0
10,10,1107770,1,0
10,11,1081910,1,0
10,12,1082986,1,0
10,13,1147463,1,0
10,14,1095380,1,0
10,15,1029152,1,0
10,16,1037912,1,0
10,17,1078950,1,0
10,18,1088588,1,0
10,19,1077564,1,0
10,20,1087059,1,0
10,21,1064725,1,0
10,22,1103421,1,0
10,23,1039728,1,0
10,24,1103694,1,0
10,25,1054636,1,0
10,26,1053942,1,0
10,27,1072248,1,0
10,28,1103143,1,0
10,29,1092000,1,0
10,30,1055567,1,0
10,31,1085725,1,0
10,32,1074281,1,0
10,33,1045360,1,0
10,34,1017436,1,0
10,35,1400893,1,0
10,36,1251458,1,0
10,37,1119851,1,0
10,38,1033190,1,0
10,39,1046966,1,0
10,40,1051181,1,0
10,41,1102625,1,0
10,42,1393832,1,0
10,43,1437146,1,0
10,44,984652,1,0
10,45,1064336,1,0
10,46,1108786,1,0
10,47,1175368,1,0
10,48,1368305,1,0
10,49,1068018,1,0
10,50,1048083,1,0
10,51,975225,1,0
10,52,1172445,1,0
10,53,1348142,1,0
10,54,1138516,1,0
10,55,1071599,1,0
10,56,1084312,1,0
10,57,1455172,1,0
10,58,1310072,1,0
10,59,1254514,1,0
11,0,276994,1,0
11,1,787956,1,0
11,2,1045638,1,0
11,3,1112801,1,0
11,4,1101433,1,0
11,5,1171467,1,0
11,6,1164827,1,0
11,7,1172829,1,0
11,8,1103457,1,0
11,9,1127954,1,0
11,10,1106791,1,0
11,11,1110876,1,0
11,12,1060902,1,0
11,13,1153406,1,0
11,14,1097421,1,0
11,15,1057251,1,0
11,16,1017460,1,0
11,17,1077428,1,0
11,18,1064845,1,0
11,19,1085235,1,0
11,20,1091072,1,0
11,21,1094068,1,0
11,22,1048788,1,0
11,23,1069907,1,0
11,24,1090193,1,0
11,25,1071861,1,0
11,26,1059229,1,0
11,27,1076897,1,0
11,28,1090691,1,0
11,29,1094580,1,0
11,30,1072789,1,0
11,31,1066549,1,0
11,32,1108690,1,0
11,33,1010025,1,0
11,34,1037064,1,0
11,35,1213521,1,0
11,36,1366324,1,0
11,37,1155254,1,0
11,38,1049866,1,0
11,39,1062242,1,0
11,40,1038948,1,0
11,41,1082776,1,0
11,42,1286007,1,0
11,43,1490446,1,0
11,44,1078910,1,0
11,45,1037698,1,0
11,46,1102974,1,0
11,47,1097548,1,0
11,48,1334938,1,0
11,49,1213357,1,0
11,50,1042495,1,0
11,51,996540,1,0
11,52,1027087,1,0
11,53,1358648,1,0
11,54,1230888,1,0
11,55,1053958,1,0
11,56,1097972,1,0
11,57,1126286,1,0
11,58,1554355,1,0
11,59,1308584,1,0
12,0,66080,1,0
12,1,1047778,1,0
12,2,1169700,1,0
12,3,1105175,1,0
12,4,1136511,1,0
12,5,1163315,1,0
12,6,1145577,1,0
12,7,1175827,1,0
12,8,1110056,1,0
12,9,1128130,1,0
12,10,1107782,1,0
12,11,1102134,1,0
12,12,1047546,1,0
12,13,1159598,1,0
12,14,1103630,1,0
12,15,1044925,1,0
12,16,1015788,1,0
12,17,1090970,1,0
12,18,1073462,1,0
12,19,1078848,1,0
12,20,1078690,1,0
12,21,1088534,1,0
12,22,1069495,1,0
12,23,1067535,1,0
12,24,1099530,1,0
12,25,1065571,1,0
12,26,1058612,1,0
12,27,1062874,1,0
12,28,1108908,1,0
12,29,1086103,1,0
12,30,1062020,1,0
12,31,1068726,1,0
12,32,1104313,1,0
12,33,1034030,1,0
12,34,1023071,1,0
12,35,1355061,1,0
12,36,1263080,1,0
12,37,1119755,1,0
12,38,1051147,1,0
12,39,1049822,1,0
12,40,1046387,1,0
12,41,1084086,1,0
12,42,1341758,1,0
12,43,1460562,1,0
12,44,1047845,1,0
12,45,1042389,1,0
12,46,1106117,1,0
12,47,1107559,1,0
12,48,1390970,1,0
12,49,1135374,1,0
12,50,1047894,1,0
12,51,980165,1,0
12,52,1097349,1,0
12,53,1355929,1,0
12,54,1174898,1,0
12,55,1087304,1,0
12,56,1082902,1,0
12,57,1147057,1,0
12,58,1562352,1,0
12,59,1291768,1,0
13,0,217978,1,0
13,1,576475,1,0
13,2,1155363,1,0
13,3,1105545,1,0
13,4,1134667,1,0
13,5,1154094,1,0
13,6,1151659,1,0
13,7,1178958,1,0
13,8,1106629,1,0
13,9,1125375,1,0
13,10,1114184,1,0
13,11,1099987,1,0
13,12,1052275,1,0
13,13,1156781,1,0
13,14,1097839,1,0
13,15,1053224,1,0
13,16,1016470,1,0
13,17,1090077,1,0
13,18,1068776,1,0
13,19,1072082,1,0
13,20,1090220,1,0
13,21,1090916,1,0
13,22,1060868,1,0
13,23,1070709,1,0
13,24,1096803,1,0
13,25,1067235,1,0
13,26,1059783,1,0
13,27,1063436,1,0
13,28,1112237,1,0
13,29,1080555,1,0
13,30,1066072,1,0
13,31,1069727,1,0
13,32,1104082,1,0
13,33,1027837,1,0
13,34,1028325,1,0
13,35,1252741,1,0
13,36,1349199,1,0
13,37,1131223,1,0
13,38,1046548,1,0
13,39,1059366,1,0
13,40,1045304,1,0
13,41,1082425,1,0
13,42,1315315,1,0
13,43,1479914,1,0
13,44,1056578,1,0
13,45,1036165,1,0
13,46,1113495,1,0
13,47,1090406,1,0
13,48,1379168,1,0
13,49,1164830,1,0
13,50,1041076,1,0
13,51,991046,1,0
13,52,1072925,1,0
13,53,1362354,1,0
13,54,1192088,1,0
13,55,1082091,1,0
13,56,1082382,1,0
13,57,1128186,1,0
13,58,1559983,1,0
13,59,1312288,1,0
14,0,1147044,1,0
14,1,1152489,1,0
14,2,1151829,1,0
14,3,1091800,1,0
14,4,1174451,1,0
14,5,1143551,1,0
14,6,1155135,1,0
14,7,1162465,1,0
14,8,1111299,1,0
14,9,1121494,1,0
14,10,1110321,1,0
14,11,1082420,1,0
14,12,1078539,1,0
14,13,1152419,1,0
14,14,1090021,1,0
14,15,1030811,1,0
14,16,1040477,1,0
14,17,1078603,1,0
14,18,1087929,1,0
14,19,1078874,1,0
14,20,1084570,1,0
14,21,1067694,1,0
14,22,1103617,1,0
14,23,1038232,1,0
14,24,1103795,1,0
14,25,1055076,1,0
14,26,1054703,1,0
14,27,1070246,1,0
14,28,1103804,1,0
14,29,1091181,1,0
14,30,1056524,1,0
14,31,1086469,1,0
14,32,1073362,1,0
14,33,1045843,1,0
14,34,1017801,1,0
14,35,1399158,1,0
14,36,1252378,1,0
14,37,1120401,1,0
14,38,1032871,1,0
14,39,1046208,1,0
14,40,1051789,1,0
14,41,1102958,1,0
14,42,1394554,1,0
14,43,1435832,1,0
14,44,987173,1,0
14,45,1058866,1,0
14,46,1109916,1,0
14,47,1178147,1,0
14,48,1369206,1,0
14,49,1066704,1,0
14,50,1049017,1,0
14,51,975275,1,0
14,52,1161238,1,0
14,53,1350192,1,0
14,54,1146716,1,0
14,55,1071055,1,0
14,56,1083302,1,0
14,57,1445132,1,0
14,58,1319342,1,0
14,59,1252463,1,0
15,0,1122506,1,0
15,1,1151513,1,0
15,2,1156550,1,0
15,3,1092563,1,0
15,4,1169445,1,0
15,5,1140592,1,0
15,6,1157375,1,0
15,7,1164519,1,0
15,8,1112168,1,0
15,9,1123009,1,0
15,10,1109690,1,0
15,11,1084188,1,0
15,12,1074748,1,0
15,13,1153456,1,0
15,14,1086010,1,0
15,15,1033558,1,0
15,16,1041246,1,0
15,17,1082303,1,0
15,18,1087571,1,0
15,19,1078655,1,0
15,20,1081076,1,0
15,21,1071445,1,0
15,22,1103728,1,0
15,23,1037296,1,0
15,24,1103177,1,0
15,25,1054323,1,0
15,26,1057036,1,0
15,27,1068690,1,0
15,28,1100434,1,0
15,29,1096126,1,0
15,30,1055297,1,0
15,31,1086855,1,0
15,32,1073973,1,0
15,33,1046081,1,0
15,34,1017658,1,0
15,35,1395632,1,0
15,36,1254957,1,0
15,37,1117103,1,0
15,38,1033042,1,0
15,39,1050183,1,0
15,40,1050437,1,0
15,41,1104838,1,0
15,42,1381875,1,0
15,43,1432428,1,0
15,44,1003758,1,0
15,45,1056357,1,0
15,46,1109447,1,0
15,47,1158044,1,0
15,48,1388870,1,0
15,49,1069498,1,0
15,50,1047521,1,0
15,51,975337,1,0
15,52,1162950,1,0
15,53,1349002,1,0
15,54,1145215,1,0
15,55,1072294,1,0
15,56,1081051,1,0
15,57,1428521,1,0
15,58,1338147,1,0
15,59,1253279,1,0
16,0,1135015,1,0
16,1,1149955,1,0
16,2,1156501,1,0
16,3,1092618,1,0
16,4,1171377,1,0
16,5,1143538,1,0
16,6,1154290,1,0
16,7,1164506,1,0
16,8,1110709,1,0
16,9,1123434,1,0
16,10,1110155,1,0
16,11,1082522,1,0
16,12,1076980,1,0
16,13,1152348,1,0
16,14,1087871,1,0
16,15,1033802,1,0
16,16,1040120,1,0
16,17,1079659,1,0
16,18,1088943,1,0
16,19,1076696,1,0
16,20,1084509,1,0
16,21,1068030,1,0
16,22,1103197,1,0
16,23,1039168,1,0
16,24,1104226,1,0
16,25,1055727,1,0
16,26,1053121,1,0
16,27,1071032,1,0
16,28,1102458,1,0
16,29,1092602,1,0
16,30,1054596,1,0
16,31,1087635,1,0
16,32,1074324,1,0
16,33,1045191,1,0
16,34,1018578,1,0
16,35,1398642,1,0
16,36,1252122,1,0
16,37,1120320,1,0
16,38,1030807,1,0
16,39,1048872,1,0
16,40,1050771,1,0
16,41,1104217,1,0
16,42,1393199,1,0
16,43,1433179,1,0
16,44,991526,1,0
16,45,1058115,1,0
16,46,1108828,1,0
16,47,1157920,1,0
16,48,1389057,1,0
16,49,1067678,1,0
16,50,1048557,1,0
16,51,975279,1,0
16,52,1162298,1,0
16,53,1348869,1,0
16,54,1147101,1,0
16,55,1071824,1,0
16,56,1082501,1,0
16,57,1443558,1,0
16,58,1322828,1,0
16,59,1252534,1,0
17,0,1097865,1,0
17,1,1151504,1,0
17,2,1157182,1,0
17,3,1097323,1,0
17,4,1165412,1,0
17,5,1142241,1,0
17,6,1155287,1,0
17,7,1168573,1,0
17,8,1108823,1,0
17,9,1125921,1,0
17,10,1107792,1,0
17,11,1085987,1,0
17,12,1067899,1,0
17,13,1159233,1,0
17,14,1085425,1,0
17,15,1036723,1,0
17,16,1035362,1,0
17,17,1086123,1,0
17,18,1082808,1,0
17,19,1084089,1,0
17,20,1079960,1,0
17,21,1072379,1,0
17,22,1104203,1,0
17,23,1037924,1,0
17,24,1102630,1,0
17,25,1054531,1,0
17,26,1056865,1,0
17,27,1067468,1,0
17,28,1100929,1,0
17,29,1095113,1,0
17,30,1056339,1,0
17,31,1084838,1,0
17,32,1078590,1,0
17,33,1043801,1,0
17,34,1019112,1,0
17,35,1390469,1,0
17,36,1254639,1,0
17,37,1121278,1,0
17,38,1032344,1,0
17,39,1049419,1,0
17,40,1050699,1,0
17,41,1094101,1,0
17,42,1392866,1,0
17,43,1434779,1,0
17,44,1001263,1,0
17,45,1056200,1,0
17,46,1109244,1,0
17,47,1158344,1,0
17,48,1380521,1,0
17,49,1075113,1,0
17,50,1051436,1,0
17,51,974204,1,0
17,52,1151140,1,0
17,53,1361823,1,0
17,54,1142027,1,0
17,55,1069428,1,0
17,56,1082329,1,0
17,57,1372912,1,0
17,58,1387587,1,0
17,59,1260423,1,0
18,0,1107581,1,0
18,1,1154102,1,0
18,2,1158324,1,0
18,3,1092919,1,0
18,4,1168273,1,0
18,5,1140947,1,0
18,6,1156974,1,0
18,7,1165311,1,0
18,8,1111989,1,0
18,9,1123199,1,0
18,10,1109638,1,0
18,11,1084945,1,0
18,12,1073367,1,0
18,13,1155270,1,0
18,14,1085850,1,0
18,15,1033662,1,0
18,16,1039487,1,0
18,17,1082609,1,0
18,18,1088936,1,0
18,19,1078894,1,0
18,20,1078944,1,0
18,21,1072087,1,0
18,22,1104241,1,0
18,23,1038892,1,0
18,24,1103560,1,0
18,25,1053808,1,0
18,26,1055568,1,0
18,27,1069067,1,0
18,28,1101194,1,0
18,29,1094187,1,0
18,30,1054842,1,0
18,31,1086736,1,0
18,32,1076526,1,0
18,33,1045666,1,0
18,34,1018465,1,0
18,35,1391708,1,0
18,36,1253503,1,0
18,37,1122508,1,0
18,38,1031971,1,0
18,39,1050634,1,0
18,40,1049846,1,0
18,41,1092641,1,0
18,42,1393993,1,0
18,43,1432771,1,0
18,44,1001950,1,0
18,45,1057152,1,0
18,46,1109959,1,0
18,47,1158068,1,0
18,48,1379735,1,0
18,49,1077100,1,0
18,50,1049047,1,0
18,51,974987,1,0
18,52,1151276,1,0
18,53,1360524,1,0
18,54,1143639,1,0
18,55,1073417,1,0
18,56,1080875,1,0
18,57,1384085,1,0
18,58,1374496,1,0
18,59,1258139,1,0
19,0,1085564,1,0
19,1,1153182,1,0
19,2,1156264,1,0
19,3,1098221,1,0
19,4,1162335,1,0
19,5,1144002,1,0
19,6,1155704,1,0
19,7,1168492,1,0
19,8,1104722,1,0
19,9,1130414,1,0
19,10,1108347,1,0
19,11,1087195,1,0
19,12,1065612,1,0
19,13,1160087,1,0
19,14,1086112,1,0
19,15,1037445,1,0
19,16,1034588,1,0
19,17,1084111,1,0
19,18,1084495,1,0
19,19,1083401,1,0
19,20,1080015,1,0
19,21,1072371,1,0
19,22,1103268,1,0
19,23,1038571,1,0
19,24,1104611,1,0
19,25,1053564,1,0
19,26,1056799,1,0
19,27,1068193,1,0
19,28,1099858,1,0
19,29,1095267,1,0
19,30,1056440,1,0
19,31,1086271,1,0
19,32,1077080,1,0
19,33,1044671,1,0
19,34,1019245,1,0
19,35,1387727,1,0
19,36,1256907,1,0
19,37,1120732,1,0
19,38,1032380,1,0
19,39,1049391,1,0
19,40,1052705,1,0
19,41,1092524,1,0
19,42,1381094,1,0
19,43,1444477,1,0
19,44,1004158,1,0
19,45,1053431,1,0
19,46,1111154,1,0
19,47,1158118,1,0
19,48,1381249,1,0
19,49,1074283,1,0
19,50,1051754,1,0
19,51,975950,1,0
19,52,1151181,1,0
19,53,1352533,1,0
19,54,1148425,1,0
19,55,1069637,1,0
19,56,1082022,1,0
19,57,1363148,1,0
19,58,1397189,1,0
19,59,1262755,1,0
20,0,1074266,1,0
20,1,1150076,1,0
20,2,1159218,1,0
20,3,1098433,1,0
20,4,1157004,1,0
20,5,1152008,1,0
20,6,1152003,1,0
20,7,1170523,1,0
20,8,1104934,1,0
20,9,1129745,1,0
20,10,1110331,1,0
20,11,1086106,1,0
20,12,1064385,1,0
20,13,1159675,1,0
20,14,1087718,1,0
20,15,1036816,1,0
20,16,1034713,1,0
20,17,1084751,1,0
20,18,1084734,1,0
20,19,1082886,1,0
20,20,1079389,1,0
20,21,1072217,1,0
20,22,1104246,1,0
20,23,1037333,1,0
20,24,1106304,1,0
20,25,1053418,1,0
20,26,1057676,1,0
20,27,1067031,1,0
20,28,1099557,1,0
20,29,1095742,1,0
20,30,1055940,1,0
20,31,1084747,1,0
20,32,1080308,1,0
20,33,1043348,1,0
20,34,1018584,1,0
20,35,1387561,1,0
20,36,1255509,1,0
20,37,1121085,1,0
20,38,1033464,1,0
20,39,1046274,1,0
20,40,1055111,1,0
20,41,1088630,1,0
20,42,1386460,1,0
20,43,1441718,1,0
20,44,1007193,1,0
20,45,1052385,1,0
20,46,1109505,1,0
20,47,1153214,1,0
20,48,1388700,1,0
20,49,1074136,1,0
20,50,1049830,1,0
20,51,978737,1,0
20,52,1150388,1,0
20,53,1352855,1,0
20,54,1142189,1,0
20,55,1075163,1,0
20,56,1082593,1,0
20,57,1353155,1,0
20,58,1407119,1,0
20,59,1253639,1,0
21,0,355810,1,0
21,1,555118,1,0
21,2,854887,1,0
21,3,850253,1,0
21,4,1013593,1,0
21,5,1179970,1,0
21,6,1169218,1,0
21,7,1148737,1,0
21,8,1122996,1,0
21,9,1121472,1,0
21,10,1108839,1,0
21,11,1106016,1,0
21,12,1065531,1,0
21,13,1117561,1,0
21,14,1141315,1,0
21,15,1075479,1,0
21,16,1016910,1,0
21,17,1048514,1,0
21,18,1065454,1,0
21,19,1089781,1,0
21,20,1098839,1,0
21,21,1109125,1,0
21,22,1034187,1,0
21,23,1076622,1,0
21,24,1081503,1,0
21,25,1075618,1,0
21,26,1062986,1,0
21,27,1069430,1,0
21,28,1070615,1,0
21,29,1092275,1,0
21,30,1084930,1,0
21,31,1062928,1,0
21,32,1115264,1,0
21,33,1017271,1,0
21,34,1043046,1,0
21,35,1142279,1,0
21,36,1403881,1,0
21,37,1177072,1,0
21,38,1074452,1,0
21,39,1049065,1,0
21,40,1034889,1,0
21,41,1081435,1,0
21,42,1200006,1,0
21,43,1529263,1,0
21,44,1145119,1,0
21,45,1028911,1,0
21,46,1093782,1,0
21,47,1087172,1,0
21,48,1288280,1,0
21,49,1240443,1,0
21,50,1072144,1,0
21,51,1017601,1,0
21,52,976733,1,0
21,53,1278654,1,0
21,54,1354134,1,0
21,55,1061336,1,0
21,56,1059283,1,0
21,57,1107394,1,0
21,58,1533263,1,0
21,59,1335929,1,0
22,0,1062289,1,0
22,1,1148245,1,0
22,2,1160213,1,0
22,3,1099245,1,0
22,4,1156119,1,0
22,5,1152814,1,0
22,6,1154707,1,0
22,7,1168833,1,0
22,8,1104597,1,0
22,9,1127999,1,0
22,10,1112358,1,0
22,11,1086297,1,0
22,12,1063198,1,0
22,13,1159024,1,0
22,14,1090371,1,0
22,15,1037189,1,0
22,16,1033382,1,0
22,17,1083102,1,0
22,18,1086580,1,0
22,19,1081080,1,0
22,20,1079567,1,0
22,21,1075438,1,0
22,22,1103056,1,0
22,23,1037328,1,0
22,24,1102792,1,0
22,25,1057963,1,0
22,26,1057543,1,0
22,27,1065086,1,0
22,28,1094848,1,0
22,29,1100614,1,0
22,30,1057669,1,0
22,31,1075586,1,0
22,32,1089238,1,0
22,33,1043088,1,0
22,34,1018082,1,0
22,35,1386690,1,0
22,36,1256157,1,0
22,37,1121130,1,0
22,38,1035398,1,0
22,39,1044538,1,0
22,40,1052836,1,0
22,41,1084066,1,0
22,42,1392536,1,0
22,43,1431347,1,0
22,44,1015046,1,0
22,45,1055500,1,0
22,46,1109477,1,0
22,47,1152515,1,0
22,48,1378479,1,0
22,49,1084556,1,0
22,50,1051421,1,0
22,51,976637,1,0
22,52,1147438,1,0
22,53,1356672,1,0
22,54,1140378,1,0
22,55,1076391,1,0
22,56,1083101,1,0
22,57,1327608,1,0
22,58,1434276,1,0
22,59,1252917,1,0
23,0,580073,1,0
23,1,618437,1,0
23,2,822216,1,0
23,3,1081742,1,0
23,4,1095715,1,0
23,5,1178156,1,0
23,6,1164861,1,0
23,7,1167549,1,0
23,8,1112857,1,0
23,9,1114298,1,0
23,10,1117030,1,0
23,11,1109494,1,0
23,12,1061598,1,0
23,13,1134769,1,0
23,14,1123237,1,0
23,15,1057483,1,0
23,16,1015991,1,0
23,17,1066643,1,0
23,18,1068565,1,0
23,19,1084536,1,0
23,20,1098710,1,0
23,21,1093729,1,0
23,22,1044229,1,0
23,23,1067568,1,0
23,24,1092342,1,0
23,25,1070899,1,0
23,26,1056583,1,0
23,27,1080527,1,0
23,28,1076666,1,0
23,29,1086473,1,0
23,30,1087478,1,0
23,31,1061065,1,0
23,32,1120744,1,0
23,33,1011215,1,0
23,34,1039885,1,0
23,35,1194737,1,0
23,36,1374384,1,0
23,37,1159654,1,0
23,38,1057215,1,0
23,39,1061576,1,0
23,40,1039901,1,0
23,41,1071811,1,0
23,42,1259702,1,0
23,43,1495167,1,0
23,44,1108859,1,0
23,45,1037357,1,0
23,46,1102692,1,0
23,47,1092385,1,0
23,48,1319469,1,0
23,49,1233839,1,0
23,50,1046495,1,0
23,51,1002274,1,0
23,52,995223,1,0
23,53,1297964,1,0
23,54,1322079,1,0
23,55,1053874,1,0
23,56,1085518,1,0
23,57,1113326,1,0
23,58,1555071,1,0
23,59,1309141,1,0
24,0,1050491,1,0
24,1,1149477,1,0
24,2,1160408,1,0
24,3,1098968,1,0
24,4,1155887,1,0
24,5,1153186,1,0
24,6,1153869,1,0
24,7,1169275,1,0
24,8,1106748,1,0
24,9,1125971,1,0
24,10,1113331,1,0
24,11,1085067,1,0
24,12,1062514,1,0
24,13,1159032,1,0
24,14,1092303,1,0
24,15,1037776,1,0
24,16,1032188,1,0
24,17,1084058,1,0
24,18,1087930,1,0
24,19,1077964,1,0
24,20,1079972,1,0
24,21,1077237,1,0
24,22,1102140,1,0
24,23,1038160,1,0
24,24,1098022,1,0
24,25,1060205,1,0
24,26,1058443,1,0
24,27,1064674,1,0
24,28,1096978,1,0
24,29,1098533,1,0
24,30,1059398,1,0
24,31,1075550,1,0
24,32,1089210,1,0
24,33,1042964,1,0
24,34,1019353,1,0
24,35,1385443,1,0
24,36,1256263,1,0
24,37,1119441,1,0
24,38,1036083,1,0
24,39,1046324,1,0
24,40,1051051,1,0
24,41,1083976,1,0
24,42,1375777,1,0
24,43,1447669,1,0
24,44,1015763,1,0
24,45,1056009,1,0
24,46,1109443,1,0
24,47,1149633,1,0
24,48,1379138,1,0
24,49,1086034,1,0
24,50,1051734,1,0
24,51,977705,1,0
24,52,1137572,1,0
24,53,1365187,1,0
24,54,1141735,1,0
24,55,1076034,1,0
24,56,1082031,1,0
24,57,1317663,1,0
24,58,1434287,1,0
24,59,1264780,1,0
25,0,340915,1,0
25,1,480520,1,0
25,2,480394,1,0
25,3,1103271,1,0
25,4,1097533,1,0
25,5,1173976,1,0
25,6,1168038,1,0
25,7,1168211,1,0
25,8,1111259,1,0
25,9,1115744,1,0
25,10,1114388,1,0
25,11,1111595,1,0
25,12,1065646,1,0
25,13,1139539,1,0
25,14,1112298,1,0
25,15,1056215,1,0
25,16,1018307,1,0
25,17,1066283,1,0
25,18,1069137,1,0
25,19,1086600,1,0
25,20,1095174,1,0
25,21,1093598,1,0
25,22,1046983,1,0
25,23,1068422,1,0
25,24,1091086,1,0
25,25,1072951,1,0
25,26,1054151,1,0
25,27,1078093,1,0
25,28,1079031,1,0
25,29,1088265,1,0
25,30,1088253,1,0
25,31,1062963,1,0
25,32,1117239,1,0
25,33,1011297,1,0
25,34,1037996,1,0
25,35,1203652,1,0
25,36,1369527,1,0
25,37,1156258,1,0
25,38,1056573,1,0
25,39,1060804,1,0
25,40,1041157,1,0
25,41,1073412,1,0
25,42,1273891,1,0
25,43,1493951,1,0
25,44,1095961,1,0
25,45,1035334,1,0
25,46,1103108,1,0
25,47,1093786,1,0
25,48,1318440,1,0
25,49,1233573,1,0
25,50,1043611,1,0
25,51,1002061,1,0
25,52,1012383,1,0
25,53,1363081,1,0
25,54,1241025,1,0
25,55,1052816,1,0
25,56,1089241,1,0
25,57,1117170,1,0
25,58,1550989,1,0
25,59,1316234,1,0
26,0,328476,1,0
26,1,567360,1,0
26,2,604300,1,0
26,3,840550,1,0
26,4,639409,1,0
26,5,978350,1,0
26,6,1000432,1,0
26,7,1129244,1,0
26,8,1155005,1,0
26,9,1103213,1,0
26,10,1127852,1,0
26,11,1098916,1,0
26,12,1075991,1,0
26,13,1092746,1,0
26,14,1159567,1,0
26,15,1089759,1,0
26,16,1024544,1,0
26,17,1042306,1,0
26,18,1068038,1,0
26,19,1092606,1,0
26,20,1093836,1,0
26,21,1069684,1,0
26,22,1060862,1,0
26,23,1103116,1,0
26,24,1046486,1,0
26,25,1103163,1,0
26,26,1050379,1,0
26,27,1060070,1,0
26,28,1073255,1,0
26,29,1098849,1,0
26,30,1085732,1,0
26,31,1069891,1,0
26,32,1087780,1,0
26,33,1059738,1,0
26,34,1048354,1,0
26,35,1017954,1,0
26,36,1422485,1,0
26,37,1238690,1,0
26,38,1114508,1,0
26,39,1032794,1,0
26,40,1042663,1,0
26,41,1059457,1,0
26,42,1134559,1,0
26,43,1391862,1,0
26,44,1397797,1,0
26,45,985645,1,0
26,46,1072308,1,0
26,47,1102180,1,0
26,48,1203528,1,0
26,49,1338122,1,0
26,50,1070333,1,0
26,51,1037943,1,0
26,52,983863,1,0
26,53,1177996,1,0
26,54,1363341,1,0
26,55,1129711,1,0
26,56,1052917,1,0
26,57,1088813,1,0
26,58,1494413,1,0
26,59,1309916,1,0
27,0,1039540,1,0
27,1,1148462,1,0
27,2,1162144,1,0
27,3,1097666,1,0
27,4,1157225,1,0
27,5,1153483,1,0
27,6,1153493,1,0
27,7,1168460,1,0
27,8,1106598,1,0
27,9,1127127,1,0
27,10,1108970,1,0
27,11,1090248,1,0
27,12,1056940,1,0
27,13,1164545,1,0
27,14,1091999,1,0
27,15,1038571,1,0
27,16,1029651,1,0
27,17,1086402,1,0
27,18,1081455,1,0
27,19,1084059,1,0
27,20,1078654,1,0
27,21,1076802,1,0
27,22,1103093,1,0
27,23,1037496,1,0
27,24,1097598,1,0
27,25,1062282,1,0
27,26,1057212,1,0
27,27,1063889,1,0
27,28,1099461,1,0
27,29,1096252,1,0
27,30,1060450,1,0
27,31,1074760,1,0
27,32,1089850,1,0
27,33,1042588,1,0
27,34,1019857,1,0
27,35,1386762,1,0
27,36,1252191,1,0
27,37,1121191,1,0
27,38,1035999,1,0
27,39,1047346,1,0
27,40,1050505,1,0
27,41,1080672,1,0
27,42,1380229,1,0
27,43,1446180,1,0
27,44,1018062,1,0
27,45,1051826,1,0
27,46,1109858,1,0
27,47,1150641,1,0
27,48,1379862,1,0
27,49,1085077,1,0
27,50,1053681,1,0
27,51,977574,1,0
27,52,1136857,1,0
27,53,1357400,1,0
27,54,1149481,1,0
27,55,1075465,1,0
27,56,1083888,1,0
27,57,1306611,1,0
27,58,1437860,1,0
27,59,1271629,1,0
28,0,1025747,1,0
28,1,1151229,1,0
28,2,1161401,1,0
28,3,1098370,1,0
28,4,1157484,1,0
28,5,1153225,1,0
28,6,1150719,1,0
28,7,1171177,1,0
28,8,1106779,1,0
28,9,1127371,1,0
28,10,1108415,1,0
28,11,1092119,1,0
28,12,1054191,1,0
28,13,1164689,1,0
28,14,1094536,1,0
28,15,1038158,1,0
28,16,1027553,1,0
28,17,1088927,1,0
28,18,1080361,1,0
28,19,1080561,1,0
28,20,1083187,1,0
28,21,1076523,1,0
28,22,1099023,1,0
28,23,1039866,1,0
28,24,1099450,1,0
28,25,1062790,1,0
28,26,1056356,1,0
28,27,1064060,1,0
28,28,1100689,1,0
28,29,1095149,1,0
28,30,1057827,1,0
28,31,1075791,1,0
28,32,1090970,1,0
28,33,1043288,1,0
28,34,1019558,1,0
28,35,1380886,1,0
28,36,1255145,1,0
28,37,1120902,1,0
28,38,1036054,1,0
28,39,1051028,1,0
28,40,1049042,1,0
28,41,1079836,1,0
28,42,1381285,1,0
28,43,1445464,1,0
28,44,1017926,1,0
28,45,1052003,1,0
28,46,1108860,1,0
28,47,1138589,1,0
28,48,1381075,1,0
28,49,1097214,1,0
28,50,1053283,1,0
28,51,979252,1,0
28,52,1124885,1,0
28,53,1367490,1,0
28,54,1150795,1,0
28,55,1074917,1,0
28,56,1083575,1,0
28,57,1306461,1,0
28,58,1425317,1,0
28,59,1283985,1,0
29,0,90614,1,0
29,1,544385,1,0
29,2,955938,1,0
29,3,1030097,1,0
29,4,1095334,1,0
29,5,1173934,1,0
29,6,1168737,1,0
29,7,1160975,1,0
29,8,1118023,1,0
29,9,1115881,1,0
29,10,1113401,1,0
29,11,1110416,1,0
29,12,1055971,1,0
29,13,1121746,1,0
29,14,1145579,1,0
29,15,1059178,1,0
29,16,1016651,1,0
29,17,1061880,1,0
29,18,1060890,1,0
29,19,1087341,1,0
29,20,1093347,1,0
29,21,1109024,1,0
29,22,1040846,1,0
29,23,1071091,1,0
29,24,1088732,1,0
29,25,1067179,1,0
29,26,1064987,1,0
29,27,1075117,1,0
29,28,1075163,1,0
29,29,1089469,1,0
29,30,1083391,1,0
29,31,1059177,1,0
29,32,1121903,1,0
29,33,1015103,1,0
29,34,1037329,1,0
29,35,1183943,1,0
29,36,1377776,1,0
29,37,1161958,1,0
29,38,1069580,1,0
29,39,1061065,1,0
29,40,1030556,1,0
29,41,1077975,1,0
29,42,1230649,1,0
29,43,1512171,1,0
29,44,1124884,1,0
29,45,1033067,1,0
29,46,1099223,1,0
29,47,1094525,1,0
29,48,1312957,1,0
29,49,1239024,1,0
29,50,1048437,1,0
29,51,1008485,1,0
29,52,986747,1,0
29,53,1281409,1,0
29,54,1332572,1,0
29,55,1066593,1,0
29,56,1076928,1,0
29,57,1107180,1,0
29,58,1559594,1,0
29,59,1316523,1,0
30,0,117051,1,0
30,1,739641,1,0
30,2,399031,1,0
30,3,540137,1,0
30,4,705125,1,0
30,5,1021059,1,0
30,6,1162386,1,0
30,7,1132095,1,0
30,8,1145200,1,0
30,9,1105821,1,0
30,10,1128730,1,0
30,11,1086736,1,0
30,12,1074344,1,0
30,13,1116350,1,0
30,14,1150730,1,0
30,15,1087618,1,0
30,16,1015081,1,0
30,17,1039629,1,0
30,18,1070475,1,0
30,19,1085891,1,0
30,20,1106428,1,0
30,21,1094392,1,0
30,22,1029000,1,0
30,23,1096447,1,0
30,24,1067193,1,0
30,25,1093039,1,0
30,26,1045557,1,0
30,27,1068376,1,0
30,28,1071065,1,0
30,29,1093102,1,0
30,30,1088138,1,0
30,31,1073655,1,0
30,32,1114595,1,0
30,33,1016092,1,0
30,34,1051985,1,0
30,35,1027059,1,0
30,36,1456914,1,0
30,37,1214663,1,0
30,38,1096415,1,0
30,39,1043649,1,0
30,40,1041430,1,0
30,41,1073265,1,0
30,42,1165164,1,0
30,43,1512718,1,0
30,44,1209233,1,0
30,45,1010218,1,0
30,46,1075725,1,0
30,47,1099894,1,0
30,48,1253958,1,0
30,49,1281679,1,0
30,50,1077570,1,0
30,51,1013893,1,0
30,52,988630,1,0
30,53,1232954,1,0
30,54,1360652,1,0
30,55,1088371,1,0
30,56,1045541,1,0
30,57,1098095,1,0
30,58,1526609,1,0
30,59,1325442,1,0
31,0,1012458,1,0
31,1,1153011,1,0
31,2,1160985,1,0
31,3,1098457,1,0
31,4,1158224,1,0
31,5,1151766,1,0
31,6,1147742,1,0
31,7,1175174,1,0
31,8,1108506,1,0
31,9,1125883,1,0
31,10,1110120,1,0
31,11,1090287,1,0
31,12,1054151,1,0
31,13,1164019,1,0
31,14,1096302,1,0
31,15,1038018,1,0
31,16,1024515,1,0
31,17,1093259,1,0
31,18,1079732,1,0
31,19,1079837,1,0
31,20,1082954,1,0
31,21,1075522,1,0
31,22,1099718,1,0
31,23,1041220,1,0
31,24,1096599,1,0
31,25,1064548,1,0
31,26,1052935,1,0
31,27,1066454,1,0
31,28,1100782,1,0
31,29,1096056,1,0
31,30,1058861,1,0
31,31,1072907,1,0
31,32,1093931,1,0
31,33,1041959,1,0
31,34,1020285,1,0
31,35,1381235,1,0
31,36,1252610,1,0
31,37,1121358,1,0
31,38,1039045,1,0
31,39,1049019,1,0
31,40,1048384,1,0
31,41,1081146,1,0
31,42,1368884,1,0
31,43,1456764,1,0
31,44,1019984,1,0
31,45,1052365,1,0
31,46,1105028,1,0
31,47,1140991,1,0
31,48,1380121,1,0
31,49,1098509,1,0
31,50,1052449,1,0
31,51,979878,1,0
31,52,1124177,1,0
31,53,1367465,1,0
31,54,1151020,1,0
31,55,1075463,1,0
31,56,1081925,1,0
31,57,1307291,1,0
31,58,1422684,1,0
31,59,1286507,1,0
32,0,151646,1,0
32,1,510780,1,0
32,2,702942,1,0
32,3,1071202,1,0
32,4,1094729,1,0
32,5,1179113,1,0
32,6,1165811,1,0
32,7,1163656,1,0
32,8,1115788,1,0
32,9,1115313,1,0
32,10,1117038,1,0
32,11,1108074,1,0
32,12,1058956,1,0
32,13,1131775,1,0
32,14,1129640,1,0
32,15,1057908,1,0
32,16,1014974,1,0
32,17,1066097,1,0
32,18,1069057,1,0
32,19,1083222,1,0
32,20,1090687,1,0
32,21,1104098,1,0
32,22,1043443,1,0
32,23,1068982,1,0
32,24,1092042,1,0
32,25,1069471,1,0
32,26,1058376,1,0
32,27,1078347,1,0
32,28,1077226,1,0
32,29,1088329,1,0
32,30,1084336,1,0
32,31,1060820,1,0
32,32,1120289,1,0
32,33,1014334,1,0
32,34,1038059,1,0
32,35,1195069,1,0
32,36,1372208,1,0
32,37,1162462,1,0
32,38,1057708,1,0
32,39,1062046,1,0
32,40,1036569,1,0
32,41,1073657,1,0
32,42,1258266,1,0
32,43,1497802,1,0
32,44,1109112,1,0
32,45,1036426,1,0
32,46,1101369,1,0
32,47,1094142,1,0
32,48,1318149,1,0
32,49,1233155,1,0
32,50,1048990,1,0
32,51,1003531,1,0
32,52,990951,1,0
32,53,1289047,1,0
32,54,1333517,1,0
32,55,1054498,1,0
32,56,1080511,1,0
32,57,1116788,1,0
32,58,1545447,1,0
32,59,1318976,1,0
33,0,252426,1,0
33,1,500311,1,0
33,2,1054262,1,0
33,3,1115370,1,0
33,4,1102140,1,0
33,5,1170935,1,0
33,6,1164918,1,0
33,7,1173477,1,0
33,8,1103120,1,0
33,9,1126125,1,0
33,10,1108274,1,0
33,11,1109493,1,0
33,12,1059240,1,0
33,13,1156834,1,0
33,14,1094707,1,0
33,15,1059818,1,0
33,16,1015719,1,0
33,17,1077850,1,0
33,18,1065293,1,0
33,19,1084809,1,0
33,20,1089237,1,0
33,21,1094537,1,0
33,22,1050414,1,0
33,23,1070163,1,0
33,24,1088773,1,0
33,25,1072829,1,0
33,26,1059274,1,0
33,27,1077454,1,0
33,28,1091983,1,0
33,29,1092075,1,0
33,30,1074149,1,0
33,31,1065359,1,0
33,32,1108432,1,0
33,33,1009863,1,0
33,34,1037743,1,0
33,35,1214252,1,0
33,36,1367833,1,0
33,37,1151683,1,0
33,38,1051248,1,0
33,39,1062222,1,0
33,40,1039527,1,0
33,41,1081848,1,0
33,42,1286207,1,0
33,43,1489428,1,0
33,44,1078540,1,0
33,45,1038284,1,0
33,46,1105320,1,0
33,47,1094428,1,0
33,48,1338723,1,0
33,49,1209978,1,0
33,50,1044075,1,0
33,51,995053,1,0
33,52,1028047,1,0
33,53,1359145,1,0
33,54,1229144,1,0
33,55,1054435,1,0
33,56,1097139,1,0
33,57,1127957,1,0
33,58,1555175,1,0
33,59,1308650,1,0
34,0,1001561,1,0
34,1,1070595,1,0
34,2,1166177,1,0
34,3,1107860,1,0
34,4,1134290,1,0
34,5,1164787,1,0
34,6,1150244,1,0
34,7,1174606,1,0
34,8,1104338,1,0
34,9,1127472,1,0
34,10,1111650,1,0
34,11,1099976,1,0
34,12,1045721,1,0
34,13,1159911,1,0
34,14,1106456,1,0
34,15,1041375,1,0
34,16,1018643,1,0
34,17,1092424,1,0
34,18,1077720,1,0
34,19,1070574,1,0
34,20,1079918,1,0
34,21,1087244,1,0
34,22,1074977,1,0
34,23,1065823,1,0
34,24,1098537,1,0
34,25,1063986,1,0
34,26,1058709,1,0
34,27,1063299,1,0
34,28,1109225,1,0
34,29,1085136,1,0
34,30,1061798,1,0
34,31,1068251,1,0
34,32,1103983,1,0
34,33,1037208,1,0
34,34,1018197,1,0
34,35,1362116,1,0
34,36,1260397,1,0
34,37,1123666,1,0
34,38,1045561,1,0
34,39,1053032,1,0
34,40,1042075,1,0
34,41,1085578,1,0
34,42,1353437,1,0
34,43,1451696,1,0
34,44,1044778,1,0
34,45,1045124,1,0
34,46,1105016,1,0
34,47,1118862,1,0
34,48,1379532,1,0
34,49,1131149,1,0
34,50,1049195,1,0
34,51,979429,1,0
34,52,1099723,1,0
34,53,1365292,1,0
34,54,1167923,1,0
34,55,1082313,1,0
34,56,1084212,1,0
34,57,1184047,1,0
34,58,1525741,1,0
34,59,1291410,1,0
35,0,990284,1,0
35,1,858245,1,0
35,2,798861,1,0
35,3,892510,1,0
35,4,876056,1,0
35,5,1010951,1,0
35,6,1163422,1,0
35,7,1129055,1,0
35,8,1147224,1,0
35,9,1104611,1,0
35,10,1130146,1,0
35,11,1085471,1,0
35,12,1074560,1,0
35,13,1116230,1,0
35,14,1150853,1,0
35,15,1088642,1,0
35,16,1013542,1,0
35,17,1040536,1,0
35,18,1071041,1,0
35,19,1083918,1,0
35,20,1101093,1,0
35,21,1097175,1,0
35,22,1029531,1,0
35,23,1100854,1,0
35,24,1064175,1,0
35,25,1093236,1,0
35,26,1046881,1,0
35,27,1069111,1,0
35,28,1069779,1,0
35,29,1093761,1,0
35,30,1088602,1,0
35,31,1073829,1,0
35,32,1112531,1,0
35,33,1019146,1,0
35,34,1051957,1,0
35,35,1025160,1,0
35,36,1449483,1,0
35,37,1224302,1,0
35,38,1094210,1,0
35,39,1044604,1,0
35,40,1042309,1,0
35,41,1073056,1,0
35,42,1163701,1,0
35,43,1513347,1,0
35,44,1211309,1,0
35,45,1007314,1,0
35,46,1075870,1,0
35,47,1100285,1,0
35,48,1255027,1,0
35,49,1281451,1,0
35,50,1076528,1,0
35,51,1014405,1,0
35,52,990305,1,0
35,53,1230349,1,0
35,54,1360754,1,0
35,55,1087579,1,0
35,56,1047025,1,0
35,57,1096587,1,0
35,58,1528488,1,0
35,59,1314767,1,0
36,0,977599,1,0
36,1,868170,1,0
36,2,932887,1,0
36,3,807399,1,0
36,4,968568,1,0
36,5,1171680,1,0
36,6,1167886,1,0
36,7,1150000,1,0
36,8,1122707,1,0
36,9,1119331,1,0
36,10,1110081,1,0
36,11,1104526,1,0
36,12,1070136,1,0
36,13,1113509,1,0
36,14,1145200,1,0
36,15,1075556,1,0
36,16,1014951,1,0
36,17,1051508,1,0
36,18,1065079,1,0
36,19,1088000,1,0
36,20,1098258,1,0
36,21,1110922,1,0
36,22,1032476,1,0
36,23,1079392,1,0
36,24,1076220,1,0
36,25,1081783,1,0
36,26,1059870,1,0
36,27,1068045,1,0
36,28,1072707,1,0
36,29,1089171,1,0
36,30,1090506,1,0
36,31,1061560,1,0
36,32,1114357,1,0
36,33,1016739,1,0
36,34,1043729,1,0
36,35,1119767,1,0
36,36,1422682,1,0
36,37,1178465,1,0
36,38,1077131,1,0
36,39,1050091,1,0
36,40,1035270,1,0
36,41,1077546,1,0
36,42,1201251,1,0
36,43,1516540,1,0
36,44,1158135,1,0
36,45,1023365,1,0
36,46,1097482,1,0
36,47,1089500,1,0
36,48,1289087,1,0
36,49,1232473,1,0
36,50,1079900,1,0
36,51,1015699,1,0
36,52,979877,1,0
36,53,1269102,1,0
36,54,1361828,1,0
36,55,1061411,1,0
36,56,1056643,1,0
36,57,1109190,1,0
36,58,1534204,1,0
36,59,1326840,1,0
37,0,967419,1,0
37,1,522720,1,0
37,2,627374,1,0
37,3,714062,1,0
37,4,1078118,1,0
37,5,1180551,1,0
37,6,1163952,1,0
37,7,1157222,1,0
37,8,1125435,1,0
37,9,1114237,1,0
37,10,1114730,1,0
37,11,1105848,1,0
37,12,1060792,1,0
37,13,1117337,1,0
37,14,1145425,1,0
37,15,1065525,1,0
37,16,1015717,1,0
37,17,1058897,1,0
37,18,1059124,1,0
37,19,1091125,1,0
37,20,1095224,1,0
37,21,1110038,1,0
37,22,1038656,1,0
37,23,1072401,1,0
37,24,1085434,1,0
37,25,1069955,1,0
37,26,1064877,1,0
37,27,1075674,1,0
37,28,1068061,1,0
37,29,1094598,1,0
37,30,1083146,1,0
37,31,1059449,1,0
37,32,1118274,1,0
37,33,1013247,1,0
37,34,1042987,1,0
37,35,1169315,1,0
37,36,1385874,1,0
37,37,1169479,1,0
37,38,1068419,1,0
37,39,1057909,1,0
37,40,1031736,1,0
37,41,1080175,1,0
37,42,1225961,1,0
37,43,1518825,1,0
37,44,1126977,1,0
37,45,1033122,1,0
37,46,1096029,1,0
37,47,1089916,1,0
37,48,1307071,1,0
37,49,1228886,1,0
37,50,1066631,1,0
37,51,1015945,1,0
37,52,980683,1,0
37,53,1275439,1,0
37,54,1344091,1,0
37,55,1065137,1,0
37,56,1069363,1,0
37,57,1106029,1,0
37,58,1552648,1,0
37,59,1322785,1,0
38,0,955958,1,0
38,1,455282,1,0
38,2,910742,1,0
38,3,1061173,1,0
38,4,1094335,1,0
38,5,1177706,1,0
38,6,1168614,1,0
38,7,1161993,1,0
38,8,1116173,1,0
38,9,1115963,1,0
38,10,1115529,1,0
38,11,1107886,1,0
38,12,1059051,1,0
38,13,1124920,1,0
38,14,1138849,1,0
38,15,1057174,1,0
38,16,1014604,1,0
38,17,1065458,1,0
38,18,1068019,1,0
38,19,1085042,1,0
38,20,1091068,1,0
38,21,1104283,1,0
38,22,1042099,1,0
38,23,1069689,1,0
38,24,1091290,1,0
38,25,1070853,1,0
38,26,1058205,1,0
38,27,1077264,1,0
38,28,1077711,1,0
38,29,1088642,1,0
38,30,1082925,1,0
38,31,1060192,1,0
38,32,1122573,1,0
38,33,1013276,1,0
38,34,1038523,1,0
38,35,1193679,1,0
38,36,1374229,1,0
38,37,1160861,1,0
38,38,1059347,1,0
38,39,1060479,1,0
38,40,1034940,1,0
38,41,1078019,1,0
38,42,1254476,1,0
38,43,1499703,1,0
38,44,1110714,1,0
38,45,1035326,1,0
38,46,1099708,1,0
38,47,1094934,1,0
38,48,1317574,1,0
38,49,1233850,1,0
38,50,1048406,1,0
38,51,1005600,1,0
38,52,989583,1,0
38,53,1289923,1,0
38,54,1334304,1,0
38,55,1054255,1,0
38,56,1079522,1,0
38,57,1113732,1,0
38,58,1549607,1,0
38,59,1315992,1,0
39,0,174975,1,0
39,1,955010,1,0
39,2,764958,1,0
39,3,764379,1,0
39,4,715486,1,0
39,5,853417,1,0
39,6,987965,1,0
39,7,1111937,1,0
39,8,1160100,1,0
39,9,1104441,1,0
39,10,1127783,1,0
39,11,1100685,1,0
39,12,1077354,1,0
39,13,1092090,1,0
39,14,1158566,1,0
39,15,1087112,1,0
39,16,1025305,1,0
39,17,1041885,1,0
39,18,1072023,1,0
39,19,1090474,1,0
39,20,1093379,1,0
39,21,1069678,1,0
39,22,1062300,1,0
39,23,1102517,1,0
39,24,1044812,1,0
39,25,1101800,1,0
39,26,1051862,1,0
39,27,1061751,1,0
39,28,1071154,1,0
39,29,1101340,1,0
39,30,1085737,1,0
39,31,1068002,1,0
39,32,1086797,1,0
39,33,1061193,1,0
39,34,1049681,1,0
39,35,1016791,1,0
39,36,1420325,1,0
39,37,1239175,1,0
39,38,1116352,1,0
39,39,1033139,1,0
39,40,1042277,1,0
39,41,1058130,1,0
39,42,1124701,1,0
39,43,1391048,1,0
39,44,1411648,1,0
39,45,984110,1,0
39,46,1071031,1,0
39,47,1103243,1,0
39,48,1204553,1,0
39,49,1336575,1,0
39,50,1071282,1,0
39,51,1038963,1,0
39,52,982969,1,0
39,53,1178770,1,0
39,54,1360374,1,0
39,55,1130783,1,0
39,56,1053149,1,0
39,57,1088834,1,0
39,58,1483821,1,0
39,59,1312826,1,0
40,0,944966,1,0
40,1,811214,1,0
40,2,411784,1,0
40,3,644560,1,0
40,4,791242,1,0
40,5,865511,1,0
40,6,1015022,1,0
40,7,1125050,1,0
40,8,1155822,1,0
40,9,1103240,1,0
40,10,1127307,1,0
40,11,1097233,1,0
40,12,1076280,1,0
40,13,1095469,1,0
40,14,1159374,1,0
40,15,1089804,1,0
40,16,1022349,1,0
40,17,1043304,1,0
40,18,1068008,1,0
40,19,1092357,1,0
40,20,1101814,1,0
40,21,1063646,1,0
40,22,1059262,1,0
40,23,1102093,1,0
40,24,1045678,1,0
40,25,1103667,1,0
40,26,1051821,1,0
40,27,1060599,1,0
40,28,1072134,1,0
40,29,1099525,1,0
40,30,1083511,1,0
40,31,1072021,1,0
40,32,1088388,1,0
40,33,1057275,1,0
40,34,1049423,1,0
40,35,1016995,1,0
40,36,1424331,1,0
40,37,1240361,1,0
40,38,1112128,1,0
40,39,1031668,1,0
40,40,1044174,1,0
40,41,1062919,1,0
40,42,1132881,1,0
40,43,1388720,1,0
40,44,1397984,1,0
40,45,985221,1,0
40,46,1074467,1,0
40,47,1101349,1,0
40,48,1214929,1,0
40,49,1325265,1,0
40,50,1072297,1,0
40,51,1035899,1,0
40,52,985223,1,0
40,53,1188735,1,0
40,54,1351793,1,0
40,55,1129759,1,0
40,56,1052715,1,0
40,57,1090183,1,0
40,58,1497036,1,0
40,59,1307794,1,0
41,0,932225,1,0
41,1,966769,1,0
41,2,24090,1,0
41,3,724303,1,0
41,4,1034788,1,0
41,5,1180070,1,0
41,6,1166973,1,0
41,7,1152821,1,0
41,8,1123984,1,0
41,9,1119707,1,0
41,10,1109485,1,0
41,11,1104675,1,0
41,12,1065892,1,0
41,13,1115970,1,0
41,14,1145196,1,0
41,15,1071649,1,0
41,16,1015411,1,0
41,17,1051912,1,0
41,18,1064760,1,0
41,19,1089149,1,0
41,20,1097776,1,0
41,21,1109652,1,0
41,22,1034236,1,0
41,23,1075739,1,0
41,24,1083557,1,0
41,25,1073720,1,0
41,26,1063907,1,0
41,27,1072495,1,0
41,28,1068146,1,0
41,29,1091431,1,0
41,30,1086577,1,0
41,31,1059854,1,0
41,32,1117215,1,0
41,33,1015972,1,0
41,34,1042913,1,0
41,35,1169762,1,0
41,36,1383810,1,0
41,37,1171505,1,0
41,38,1072133,1,0
41,39,1052115,1,0
41,40,1034800,1,0
41,41,1078915,1,0
41,42,1211097,1,0
41,43,1522342,1,0
41,44,1140443,1,0
41,45,1028847,1,0
41,46,1094494,1,0
41,47,1088362,1,0
41,48,1301424,1,0
41,49,1228665,1,0
41,50,1073108,1,0
41,51,1014730,1,0
41,52,975491,1,0
41,53,1280386,1,0
41,54,1351599,1,0
41,55,1064197,1,0
41,56,1066625,1,0
41,57,1105599,1,0
41,58,1540546,1,0
41,59,1324047,1,0
42,0,384649,1,0
42,1,717038,1,0
42,2,1122370,1,0
42,3,1107672,1,0
42,4,1129547,1,0
42,5,1148640,1,0
42,6,1159870,1,0
42,7,1179911,1,0
42,8,1099951,1,0
42,9,1133200,1,0
42,10,1110848,1,0
42,11,1100338,1,0
42,12,1055585,1,0
42,13,1157974,1,0
42,14,1093507,1,0
42,15,1057406,1,0
42,16,1016274,1,0
42,17,1088244,1,0
42,18,1062831,1,0
42,19,1079006,1,0
42,20,1091053,1,0
42,21,1090998,1,0
42,22,1058027,1,0
42,23,1067805,1,0
42,24,1098352,1,0
42,25,1068198,1,0
42,26,1059097,1,0
42,27,1066887,1,0
42,28,1100651,1,0
42,29,1091477,1,0
42,30,1067883,1,0
42,31,1068127,1,0
42,32,1104922,1,0
42,33,1022365,1,0
42,34,1027834,1,0
42,35,1228561,1,0
42,36,1367909,1,0
42,37,1142433,1,0
42,38,1045623,1,0
42,39,1058967,1,0
42,40,1045098,1,0
42,41,1079823,1,0
42,42,1317439,1,0
42,43,1470336,1,0
42,44,1066905,1,0
42,45,1036466,1,0
42,46,1112384,1,0
42,47,1090049,1,0
42,48,1369300,1,0
42,49,1179469,1,0
42,50,1038956,1,0
42,51,991878,1,0
42,52,1060727,1,0
42,53,1360377,1,0
42,54,1206836,1,0
42,55,1068764,1,0
42,56,1091542,1,0
42,57,1125430,1,0
42,58,1563742,1,0
42,59,1307342,1,0
43,0,568349,1,0
43,1,303184,1,0
43,2,1098817,1,0
43,3,1113157,1,0
43,4,1120736,1,0
43,5,1152390,1,0
43,6,1163499,1,0
43,7,1177470,1,0
43,8,1101813,1,0
43,9,1131179,1,0
43,10,1110905,1,0
43,11,1102063,1,0
43,12,1054088,1,0
43,13,1157780,1,0
43,14,1095954,1,0
43,15,1056019,1,0
43,16,1018599,1,0
43,17,1081557,1,0
43,18,1068882,1,0
43,19,1078114,1,0
43,20,1090969,1,0
43,21,1091999,1,0
43,22,1053526,1,0
43,23,1070762,1,0
43,24,1093338,1,0
43,25,1071607,1,0
43,26,1059199,1,0
43,27,1069510,1,0
43,28,1098390,1,0
43,29,1092146,1,0
43,30,1069404,1,0
43,31,1068379,1,0
43,32,1103535,1,0
43,33,1018488,1,0
43,34,1031317,1,0
43,35,1225559,1,0
43,36,1370692,1,0
43,37,1141037,1,0
43,38,1048121,1,0
43,39,1059528,1,0
43,40,1041552,1,0
43,41,1083186,1,0
43,42,1301629,1,0
43,43,1485355,1,0
43,44,1067472,1,0
43,45,1035044,1,0
43,46,1113312,1,0
43,47,1090330,1,0
43,48,1357299,1,0
43,49,1192405,1,0
43,50,1039570,1,0
43,51,991949,1,0
43,52,1047110,1,0
43,53,1369820,1,0
43,54,1206386,1,0
43,55,1057122,1,0
43,56,1101939,1,0
43,57,1126126,1,0
43,58,1560051,1,0
43,59,1314228,1,0
44,0,908666,1,0
44,1,642211,1,0
44,2,556473,1,0
44,3,588109,1,0
44,4,736130,1,0
44,5,1064603,1,0
44,6,1162731,1,0
44,7,1138986,1,0
44,8,1135506,1,0
44,9,1109753,1,0
44,10,1126955,1,0
44,11,1095413,1,0
44,12,1067583,1,0
44,13,1117597,1,0
44,14,1148051,1,0
44,15,1083559,1,0
44,16,1018010,1,0
44,17,1038054,1,0
44,18,1071928,1,0
44,19,1088304,1,0
44,20,1101033,1,0
44,21,1101233,1,0
44,22,1031780,1,0
44,23,1088107,1,0
44,24,1072619,1,0
44,25,1089737,1,0
44,26,1046704,1,0
44,27,1067488,1,0
44,28,1073702,1,0
44,29,1091523,1,0
44,30,1086149,1,0
44,31,1072364,1,0
44,32,1112312,1,0
44,33,1020703,1,0
44,34,1047555,1,0
44,35,1033036,1,0
44,36,1466939,1,0
44,37,1205815,1,0
44,38,1090358,1,0
44,39,1045623,1,0
44,40,1043050,1,0
44,41,1071484,1,0
44,42,1172011,1,0
44,43,1517112,1,0
44,44,1195575,1,0
44,45,1011274,1,0
44,46,1082212,1,0
44,47,1097184,1,0
44,48,1258416,1,0
44,49,1274983,1,0
44,50,1076668,1,0
44,51,1014262,1,0
44,52,985644,1,0
44,53,1246008,1,0
44,54,1356728,1,0
44,55,1085765,1,0
44,56,1044712,1,0
44,57,1106575,1,0
44,58,1523718,1,0
44,59,1320151,1,0
45,0,918535,1,0
45,1,608279,1,0
45,2,470890,1,0
45,3,553294,1,0
45,4,653805,1,0
45,5,878623,1,0
45,6,1027546,1,0
45,7,1123612,1,0
45,8,1155042,1,0
45,9,1104373,1,0
45,10,1127547,1,0
45,11,1096114,1,0
45,12,1079873,1,0
45,13,1093146,1,0
45,14,1158497,1,0
45,15,1090040,1,0
45,16,1019949,1,0
45,17,1045022,1,0
45,18,1069315,1,0
45,19,1090781,1,0
45,20,1102561,1,0
45,21,1064108,1,0
45,22,1059391,1,0
45,23,1100598,1,0
45,24,1047443,1,0
45,25,1103141,1,0
45,26,1049667,1,0
45,27,1062836,1,0
45,28,1071635,1,0
45,29,1099323,1,0
45,30,1084030,1,0
45,31,1070170,1,0
45,32,1096606,1,0
45,33,1049207,1,0
45,34,1050205,1,0
45,35,1017419,1,0
45,36,1423700,1,0
45,37,1240818,1,0
45,38,1112286,1,0
45,39,1032117,1,0
45,40,1044547,1,0
45,41,1066427,1,0
45,42,1129993,1,0
45,43,1386426,1,0
45,44,1395493,1,0
45,45,988156,1,0
45,46,1074534,1,0
45,47,1101571,1,0
45,48,1215906,1,0
45,49,1329831,1,0
45,50,1067800,1,0
45,51,1034206,1,0
45,52,984271,1,0
45,53,1189304,1,0
45,54,1351886,1,0
45,55,1131746,1,0
45,56,1050148,1,0
45,57,1090050,1,0
45,58,1502539,1,0
45,59,1306998,1,0
46,0,414664,1,0
46,1,443765,1,0
46,2,518714,1,0
46,3,1091701,1,0
46,4,1096778,1,0
46,5,1176793,1,0
46,6,1166430,1,0
46,7,1168602,1,0
46,8,1111481,1,0
46,9,1115310,1,0
46,10,1116375,1,0
46,11,1108944,1,0
46,12,1066068,1,0
46,13,1138517,1,0
46,14,1114228,1,0
46,15,1056330,1,0
46,16,1017979,1,0
46,17,1068125,1,0
46,18,1068572,1,0
46,19,1083492,1,0
46,20,1096304,1,0
46,21,1095979,1,0
46,22,1044222,1,0
46,23,1068838,1,0
46,24,1090812,1,0
46,25,1072772,1,0
46,26,1054875,1,0
46,27,1080113,1,0
46,28,1077628,1,0
46,29,1087433,1,0
46,30,1087326,1,0
46,31,1061535,1,0
46,32,1119270,1,0
46,33,1010994,1,0
46,34,1039842,1,0
46,35,1203848,1,0
46,36,1366728,1,0
46,37,1158263,1,0
46,38,1056474,1,0
46,39,1061470,1,0
46,40,1040627,1,0
46,41,1073830,1,0
46,42,1271164,1,0
46,43,1481190,1,0
46,44,1110256,1,0
46,45,1036336,1,0
46,46,1104184,1,0
46,47,1092379,1,0
46,48,1318647,1,0
46,49,1233791,1,0
46,50,1044306,1,0
46,51,1002819,1,0
46,52,1004337,1,0
46,53,1302663,1,0
46,54,1307943,1,0
46,55,1053392,1,0
46,56,1087735,1,0
46,57,1115192,1,0
46,58,1553815,1,0
46,59,1315942,1,0
47,0,523443,1,0
47,1,878572,1,0
47,2,787708,1,0
47,3,735991,1,0
47,4,908715,1,0
47,5,1131142,1,0
47,6,1161457,1,0
47,7,1147699,1,0
47,8,1127969,1,0
47,9,1109905,1,0
47,10,1124755,1,0
47,11,1100183,1,0
47,12,1063899,1,0
47,13,1117092,1,0
47,14,1149268,1,0
47,15,1073931,1,0
47,16,1016601,1,0
47,17,1052300,1,0
47,18,1066105,1,0
47,19,1087455,1,0
47,20,1099524,1,0
47,21,1105679,1,0
47,22,1029173,1,0
47,23,1085638,1,0
47,24,1071810,1,0
47,25,1088570,1,0
47,26,1054480,1,0
47,27,1066007,1,0
47,28,1074841,1,0
47,29,1089648,1,0
47,30,1088364,1,0
47,31,1064460,1,0
47,32,1116135,1,0
47,33,1017808,1,0
47,34,1045174,1,0
47,35,1090456,1,0
47,36,1439096,1,0
47,37,1184046,1,0
47,38,1085289,1,0
47,39,1049446,1,0
47,40,1035839,1,0
47,41,1076692,1,0
47,42,1189504,1,0
47,43,1514239,1,0
47,44,1174926,1,0
47,45,1017813,1,0
47,46,1094054,1,0
47,47,1090790,1,0
47,48,1264465,1,0
47,49,1259988,1,0
47,50,1080517,1,0
47,51,1016179,1,0
47,52,980708,1,0
47,53,1271048,1,0
47,54,1336911,1,0
47,55,1082645,1,0
47,56,1048430,1,0
47,57,1113118,1,0
47,58,1528943,1,0
47,59,1321257,1,0
48,0,898748,1,0
48,1,1012603,1,0
48,2,1184235,1,0
48,3,1105201,1,0
48,4,1136242,1,0
48,5,1161770,1,0
48,6,1146496,1,0
48,7,1176192,1,0
48,8,1108636,1,0
48,9,1127632,1,0
48,10,1108743,1,0
48,11,1104079,1,0
48,12,1047439,1,0
48,13,1158548,1,0
48,14,1102379,1,0
48,15,1048625,1,0
48,16,1014150,1,0
48,17,1091545,1,0
48,18,1072606,1,0
48,19,1077808,1,0
48,20,1081458,1,0
48,21,1087216,1,0
48,22,1068231,1,0
48,23,1066437,1,0
48,24,1102434,1,0
48,25,1064641,1,0
48,26,1057978,1,0
48,27,1063989,1,0
48,28,1109480,1,0
48,29,1083463,1,0
48,30,1063290,1,0
48,31,1069986,1,0
48,32,1103110,1,0
48,33,1033335,1,0
48,34,1024004,1,0
48,35,1336100,1,0
48,36,1277666,1,0
48,37,1122903,1,0
48,38,1051076,1,0
48,39,1051216,1,0
48,40,1047964,1,0
48,41,1082620,1,0
48,42,1341133,1,0
48,43,1451086,1,0
48,44,1058700,1,0
48,45,1037308,1,0
48,46,1110514,1,0
48,47,1106852,1,0
48,48,1374437,1,0
48,49,1152376,1,0
48,50,1044841,1,0
48,51,984178,1,0
48,52,1076099,1,0
48,53,1376543,1,0
48,54,1174775,1,0
48,55,1084606,1,0
48,56,1085123,1,0
48,57,1146915,1,0
48,58,1553843,1,0
48,59,1304029,1,0
49,0,428223,1,0
49,1,384567,1,0
49,2,568497,1,0
49,3,600743,1,0
49,4,979044,1,0
49,5,814189,1,0
49,6,1066823,1,0
49,7,1118372,1,0
49,8,1151786,1,0
49,9,1103546,1,0
49,10,1129828,1,0
49,11,1096599,1,0
49,12,1076268,1,0
49,13,1096430,1,0
49,14,1162455,1,0
49,15,1086905,1,0
49,16,1018727,1,0
49,17,1044188,1,0
49,18,1074370,1,0
49,19,1083724,1,0
49,20,1104406,1,0
49,21,1065793,1,0
49,22,1054581,1,0
49,23,1103505,1,0
49,24,1048621,1,0
49,25,1104059,1,0
49,26,1048018,1,0
49,27,1064329,1,0
49,28,1074262,1,0
49,29,1093882,1,0
49,30,1083784,1,0
49,31,1071489,1,0
49,32,1108233,1,0
49,33,1036439,1,0
49,34,1050500,1,0
49,35,1017259,1,0
49,36,1426079,1,0
49,37,1242122,1,0
49,38,1107937,1,0
49,39,1038339,1,0
49,40,1040284,1,0
49,41,1077252,1,0
49,42,1128118,1,0
49,43,1403197,1,0
49,44,1367379,1,0
49,45,991943,1,0
49,46,1073729,1,0
49,47,1101531,1,0
49,48,1225214,1,0
49,49,1321245,1,0
49,50,1066673,1,0
49,51,1031384,1,0
49,52,985317,1,0
49,53,1200291,1,0
49,54,1352063,1,0
49,55,1122819,1,0
49,56,1052691,1,0
49,57,1090243,1,0
49,58,1510288,1,0
49,59,1301382,1,0
50,0,887950,1,0
50,1,311773,1,0
50,2,1076655,1,0
50,3,1114853,1,0
50,4,1114546,1,0
50,5,1156647,1,0
50,6,1164278,1,0
50,7,1175876,1,0
50,8,1102709,1,0
50,9,1127402,1,0
50,10,1114510,1,0
50,11,1102198,1,0
50,12,1056558,1,0
50,13,1159362,1,0
50,14,1094352,1,0
50,15,1057334,1,0
50,16,1016489,1,0
50,17,1080450,1,0
50,18,1065948,1,0
50,19,1083384,1,0
50,20,1086663,1,0
50,21,1096829,1,0
50,22,1050513,1,0
50,23,1069228,1,0
50,24,1091636,1,0
50,25,1072965,1,0
50,26,1060150,1,0
50,27,1073318,1,0
50,28,1094403,1,0
50,29,1091983,1,0
50,30,1071937,1,0
50,31,1067321,1,0
50,32,1107173,1,0
50,33,1009997,1,0
50,34,1036924,1,0
50,35,1216373,1,0
50,36,1374350,1,0
50,37,1145704,1,0
50,38,1049648,1,0
50,39,1061151,1,0
50,40,1039364,1,0
50,41,1084533,1,0
50,42,1298875,1,0
50,43,1474754,1,0
50,44,1077854,1,0
50,45,1037100,1,0
50,46,1108936,1,0
50,47,1095269,1,0
50,48,1349759,1,0
50,49,1199661,1,0
50,50,1039011,1,0
50,51,993718,1,0
50,52,1043963,1,0
50,53,1359494,1,0
50,54,1216401,1,0
50,55,1055192,1,0
50,56,1096538,1,0
50,57,1131776,1,0
50,58,1562011,1,0
50,59,1301382,1,0
51,0,78435,1,0
51,1,901330,1,0
51,2,1066516,1,0
51,3,1112273,1,0
51,4,1112863,1,0
51,5,1160703,1,0
51,6,1165234,1,0
51,7,1174393,1,0
51,8,1103539,1,0
51,9,1125748,1,0
51,10,1111244,1,0
51,11,1106952,1,0
51,12,1058084,1,0
51,13,1158506,1,0
51,14,1093606,1,0
51,15,1058658,1,0
51,16,1015079,1,0
51,17,1080075,1,0
51,18,1064247,1,0
51,19,1086858,1,0
51,20,1087011,1,0
51,21,1094350,1,0
51,22,1051601,1,0
51,23,1070150,1,0
51,24,1089443,1,0
51,25,1071733,1,0
51,26,1061267,1,0
51,27,1075233,1,0
51,28,1093162,1,0
51,29,1090359,1,0
51,30,1074344,1,0
51,31,1067937,1,0
51,32,1105799,1,0
51,33,1010459,1,0
51,34,1037802,1,0
51,35,1215015,1,0
51,36,1372041,1,0
51,37,1147831,1,0
51,38,1050786,1,0
51,39,1062038,1,0
51,40,1040087,1,0
51,41,1080865,1,0
51,42,1299284,1,0
51,43,1475471,1,0
51,44,1080323,1,0
51,45,1036237,1,0
51,46,1107565,1,0
51,47,1094381,1,0
51,48,1337853,1,0
51,49,1210839,1,0
51,50,1042137,1,0
51,51,994340,1,0
51,52,1040977,1,0
51,53,1362300,1,0
51,54,1214772,1,0
51,55,1054748,1,0
51,56,1097752,1,0
51,57,1131293,1,0
51,58,1551269,1,0
51,59,1310248,1,0
52,0,878718,1,0
52,1,987267,1,0
52,2,659216,1,0
52,3,950567,1,0
52,4,1045492,1,0
52,5,1180284,1,0
52,6,1165914,1,0
52,7,1154078,1,0
52,8,1126274,1,0
52,9,1115681,1,0
52,10,1111569,1,0
52,11,1105230,1,0
52,12,1065033,1,0
52,13,1114494,1,0
52,14,1145668,1,0
52,15,1071081,1,0
52,16,1015706,1,0
52,17,1052847,1,0
52,18,1064896,1,0
52,19,1088508,1,0
52,20,1096005,1,0
52,21,1111077,1,0
52,22,1034594,1,0
52,23,1074657,1,0
52,24,1083809,1,0
52,25,1072980,1,0
52,26,1065637,1,0
52,27,1072635,1,0
52,28,1067908,1,0
52,29,1093171,1,0
52,30,1085653,1,0
52,31,1057852,1,0
52,32,1119034,1,0
52,33,1015275,1,0
52,34,1041381,1,0
52,35,1170559,1,0
52,36,1384755,1,0
52,37,1171381,1,0
52,38,1071554,1,0
52,39,1052466,1,0
52,40,1032861,1,0
52,41,1081656,1,0
52,42,1212155,1,0
52,43,1518912,1,0
52,44,1141677,1,0
52,45,1029249,1,0
52,46,1093901,1,0
52,47,1091154,1,0
52,48,1298785,1,0
52,49,1230258,1,0
52,50,1071410,1,0
52,51,1016235,1,0
52,52,978726,1,0
52,53,1284271,1,0
52,54,1343818,1,0
52,55,1063435,1,0
52,56,1068653,1,0
52,57,1104886,1,0
52,58,1539229,1,0
52,59,1324742,1,0
53,0,867007,1,0
53,1,1119285,1,0
53,2,1163011,1,0
53,3,1103239,1,0
53,4,1147732,1,0
53,5,1157302,1,0
53,6,1149573,1,0
53,7,1173169,1,0
53,8,1105720,1,0
53,9,1130003,1,0
53,10,1110368,1,0
53,11,1095156,1,0
53,12,1048821,1,0
53,13,1163572,1,0
53,14,1098977,1,0
53,15,1039390,1,0
53,16,1020362,1,0
53,17,1092340,1,0
53,18,1083286,1,0
53,19,1074479,1,0
53,20,1069305,1,0
53,21,1090217,1,0
53,22,1092493,1,0
53,23,1052618,1,0
53,24,1096673,1,0
53,25,1062401,1,0
53,26,1055413,1,0
53,27,1066746,1,0
53,28,1105065,1,0
53,29,1091417,1,0
53,30,1059374,1,0
53,31,1069961,1,0
53,32,1099799,1,0
53,33,1039032,1,0
53,34,1017397,1,0
53,35,1379048,1,0
53,36,1252368,1,0
53,37,1116813,1,0
53,38,1043105,1,0
53,39,1054810,1,0
53,40,1044159,1,0
53,41,1084060,1,0
53,42,1367871,1,0
53,43,1445326,1,0
53,44,1035314,1,0
53,45,1046873,1,0
53,46,1105741,1,0
53,47,1130131,1,0
53,48,1376991,1,0
53,49,1116307,1,0
53,50,1051567,1,0
53,51,982292,1,0
53,52,1109244,1,0
53,53,1367076,1,0
53,54,1161812,1,0
53,55,1078520,1,0
53,56,1082040,1,0
53,57,1257878,1,0
53,58,1460989,1,0
53,59,1288444,1,0
54,0,230790,1,0
54,1,355107,1,0
54,2,616072,1,0
54,3,882344,1,0
54,4,1023598,1,0
54,5,1180364,1,0
54,6,1167588,1,0
54,7,1150854,1,0
54,8,1124409,1,0
54,9,1119932,1,0
54,10,1111326,1,0
54,11,1104044,1,0
54,12,1064377,1,0
54,13,1116124,1,0
54,14,1144929,1,0
54,15,1074448,1,0
54,16,1015046,1,0
54,17,1050178,1,0
54,18,1064625,1,0
54,19,1087886,1,0
54,20,1100036,1,0
54,21,1109145,1,0
54,22,1034682,1,0
54,23,1076392,1,0
54,24,1082077,1,0
54,25,1075263,1,0
54,26,1064199,1,0
54,27,1070327,1,0
54,28,1069581,1,0
54,29,1092395,1,0
54,30,1084996,1,0
54,31,1061650,1,0
54,32,1116114,1,0
54,33,1015993,1,0
54,34,1043221,1,0
54,35,1155223,1,0
54,36,1392522,1,0
54,37,1175919,1,0
54,38,1073714,1,0
54,39,1051586,1,0
54,40,1034497,1,0
54,41,1080056,1,0
54,42,1210146,1,0
54,43,1521754,1,0
54,44,1141851,1,0
54,45,1028321,1,0
54,46,1095129,1,0
54,47,1086797,1,0
54,48,1290262,1,0
54,49,1238791,1,0
54,50,1073161,1,0
54,51,1017305,1,0
54,52,974507,1,0
54,53,1280957,1,0
54,54,1351289,1,0
54,55,1062381,1,0
54,56,1058910,1,0
54,57,1112776,1,0
54,58,1529876,1,0
54,59,1336213,1,0
55,0,855844,1,0
55,1,282094,1,0
55,2,980441,1,0
55,3,938866,1,0
55,4,1066677,1,0
55,5,1181161,1,0
55,6,1163110,1,0
55,7,1157563,1,0
55,8,1126699,1,0
55,9,1113270,1,0
55,10,1113636,1,0
55,11,1108449,1,0
55,12,1057625,1,0
55,13,1118118,1,0
55,14,1145927,1,0
55,15,1067375,1,0
55,16,1015321,1,0
55,17,1058750,1,0
55,18,1060385,1,0
55,19,1088921,1,0
55,20,1095720,1,0
55,21,1111745,1,0
55,22,1036766,1,0
55,23,1072442,1,0
55,24,1086203,1,0
55,25,1069424,1,0
55,26,1064812,1,0
55,27,1074455,1,0
55,28,1069235,1,0
55,29,1094040,1,0
55,30,1083456,1,0
55,31,1058743,1,0
55,32,1118197,1,0
55,33,1015881,1,0
55,34,1040618,1,0
55,35,1170982,1,0
55,36,1384856,1,0
55,37,1170235,1,0
55,38,1069836,1,0
55,39,1054448,1,0
55,40,1033904,1,0
55,41,1079935,1,0
55,42,1212339,1,0
55,43,1533107,1,0
55,44,1126922,1,0
55,45,1030655,1,0
55,46,1096937,1,0
55,47,1090507,1,0
55,48,1306966,1,0
55,49,1225971,1,0
55,50,1069126,1,0
55,51,1015135,1,0
55,52,981087,1,0
55,53,1277711,1,0
55,54,1344023,1,0
55,55,1063453,1,0
55,56,1069406,1,0
55,57,1107696,1,0
55,58,1539578,1,0
55,59,1331880,1,0
56,0,242019,1,0
56,1,1153987,1,0
56,2,1161496,1,0
56,3,1099347,1,0
56,4,1153113,1,0
56,5,1156474,1,0
56,6,1146660,1,0
56,7,1176498,1,0
56,8,1107168,1,0
56,9,1127847,1,0
56,10,1109388,1,0
56,11,1091028,1,0
56,12,1052109,1,0
56,13,1166011,1,0
56,14,1095222,1,0
56,15,1039333,1,0
56,16,1020374,1,0
56,17,1094951,1,0
56,18,1081700,1,0
56,19,1075665,1,0
56,20,1064677,1,0
56,21,1095203,1,0
56,22,1099832,1,0
56,23,1045110,1,0
56,24,1092836,1,0
56,25,1065972,1,0
56,26,1053946,1,0
56,27,1066641,1,0
56,28,1101873,1,0
56,29,1094953,1,0
56,30,1059418,1,0
56,31,1070355,1,0
56,32,1095979,1,0
56,33,1040067,1,0
56,34,1022041,1,0
56,35,1380248,1,0
56,36,1252479,1,0
56,37,1116685,1,0
56,38,1043158,1,0
56,39,1050582,1,0
56,40,1044944,1,0
56,41,1081972,1,0
56,42,1370828,1,0
56,43,1446554,1,0
56,44,1029562,1,0
56,45,1052570,1,0
56,46,1106498,1,0
56,47,1141089,1,0
56,48,1377536,1,0
56,49,1099527,1,0
56,50,1054477,1,0
56,51,978508,1,0
56,52,1122882,1,0
56,53,1369028,1,0
56,54,1150432,1,0
56,55,1075885,1,0
56,56,1082572,1,0
56,57,1285203,1,0
56,58,1434279,1,0
56,59,1289883,1,0
57,0,846595,1,0
57,1,696587,1,0
57,2,810828,1,0
57,3,819539,1,0
57,4,958017,1,0
57,5,1151412,1,0
57,6,1163865,1,0
57,7,1150054,1,0
57,8,1123181,1,0
57,9,1116458,1,0
57,10,1117780,1,0
57,11,1101198,1,0
57,12,1066245,1,0
57,13,1119236,1,0
57,14,1144646,1,0
57,15,1076232,1,0
57,16,1014536,1,0
57,17,1050640,1,0
57,18,1066342,1,0
57,19,1087578,1,0
57,20,1101109,1,0
57,21,1107559,1,0
57,22,1032986,1,0
57,23,1079267,1,0
57,24,1073680,1,0
57,25,1086024,1,0
57,26,1057404,1,0
57,27,1068199,1,0
57,28,1073596,1,0
57,29,1088052,1,0
57,30,1089308,1,0
57,31,1063752,1,0
57,32,1113529,1,0
57,33,1018569,1,0
57,34,1043510,1,0
57,35,1093089,1,0
57,36,1440645,1,0
57,37,1183981,1,0
57,38,1079730,1,0
57,39,1051529,1,0
57,40,1035798,1,0
57,41,1077273,1,0
57,42,1190458,1,0
57,43,1525279,1,0
57,44,1162194,1,0
57,45,1018935,1,0
57,46,1096859,1,0
57,47,1088400,1,0
57,48,1279224,1,0
57,49,1246154,1,0
57,50,1079292,1,0
57,51,1016838,1,0
57,52,978883,1,0
57,53,1271593,1,0
57,54,1348577,1,0
57,55,1071487,1,0
57,56,1053936,1,0
57,57,1107452,1,0
57,58,1529253,1,0
57,59,1333349,1,0
58,0,370945,1,0
58,1,915886,1,0
58,2,1176293,1,0
58,3,1104164,1,0
58,4,1136084,1,0
58,5,1159614,1,0
58,6,1147923,1,0
58,7,1175896,1,0
58,8,1110258,1,0
58,9,1127267,1,0
58,10,1110319,1,0
58,11,1100877,1,0
58,12,1050202,1,0
58,13,1156887,1,0
58,14,1101012,1,0
58,15,1048518,1,0
58,16,1017255,1,0
58,17,1091012,1,0
58,18,1069269,1,0
58,19,1075373,1,0
58,20,1084992,1,0
58,21,1091880,1,0
58,22,1064084,1,0
58,23,1066892,1,0
58,24,1100980,1,0
58,25,1067900,1,0
58,26,1056656,1,0
58,27,1064428,1,0
58,28,1110146,1,0
58,29,1083359,1,0
58,30,1062092,1,0
58,31,1070961,1,0
58,32,1104523,1,0
58,33,1028985,1,0
58,34,1026856,1,0
58,35,1311325,1,0
58,36,1300874,1,0
58,37,1122669,1,0
58,38,1047169,1,0
58,39,1057486,1,0
58,40,1044102,1,0
58,41,1083511,1,0
58,42,1328564,1,0
58,43,1464666,1,0
58,44,1057634,1,0
58,45,1038578,1,0
58,46,1113903,1,0
58,47,1096335,1,0
58,48,1381296,1,0
58,49,1154941,1,0
58,50,1040980,1,0
58,51,987874,1,0
58,52,1075921,1,0
58,53,1363761,1,0
58,54,1188514,1,0
58,55,1086431,1,0
58,56,1079981,1,0
58,57,1128891,1,0
58,58,1572738,1,0
58,59,1298135,1,0
59,0,311479,1,0
59,1,418139,1,0
59,2,944332,1,0
59,3,983480,1,0
59,4,810718,1,0
59,5,892619,1,0
59,6,1153239,1,0
59,7,1127233,1,0
59,8,1147894,1,0
59,9,1105365,1,0
59,10,1130058,1,0
59,11,1084276,1,0
59,12,1075806,1,0
59,13,1115824,1,0
59,14,1151875,1,0
59,15,1084098,1,0
59,16,1016697,1,0
59,17,1042405,1,0
59,18,1071991,1,0
59,19,1084495,1,0
59,20,1099523,1,0
59,21,1096679,1,0
59,22,1030054,1,0
59,23,1100650,1,0
59,24,1063415,1,0
59,25,1094288,1,0
59,26,1046517,1,0
59,27,1067619,1,0
59,28,1071388,1,0
59,29,1093812,1,0
59,30,1087249,1,0
59,31,1073328,1,0
59,32,1115227,1,0
59,33,1018922,1,0
59,34,1051647,1,0
59,35,1024134,1,0
59,36,1443664,1,0
59,37,1229603,1,0
59,38,1097568,1,0
59,39,1041335,1,0
59,40,1042820,1,0
59,41,1076389,1,0
59,42,1154544,1,0
59,43,1519061,1,0
59,44,1213865,1,0
59,45,1005753,1,0
59,46,1072341,1,0
59,47,1101862,1,0
59,48,1246770,1,0
59,49,1292586,1,0
59,50,1074081,1,0
59,51,1019033,1,0
59,52,988165,1,0
59,53,1227017,1,0
59,54,1350862,1,0
59,55,1101279,1,0
59,56,1046408,1,0
59,57,1096559,1,0
59,58,1527159,1,0
59,59,1311426,1,0
60,0,820265,1,0
60,1,431023,1,0
60,2,844337,1,0
60,3,1018870,1,0
60,4,1096099,1,0
60,5,1174187,1,0
60,6,1167602,1,0
60,7,1158965,1,0
60,8,1120074,1,0
60,9,1114639,1,0
60,10,1116221,1,0
60,11,1108888,1,0
60,12,1056847,1,0
60,13,1120351,1,0
60,14,1146314,1,0
60,15,1059128,1,0
60,16,1016997,1,0
60,17,1060433,1,0
60,18,1059604,1,0
60,19,1091086,1,0
60,20,1092784,1,0
60,21,1110261,1,0
60,22,1039783,1,0
60,23,1070682,1,0
60,24,1089525,1,0
60,25,1067209,1,0
60,26,1064669,1,0
60,27,1073716,1,0
60,28,1075341,1,0
60,29,1091404,1,0
60,30,1081064,1,0
60,31,1060023,1,0
60,32,1120599,1,0
60,33,1016106,1,0
60,34,1037938,1,0
60,35,1183802,1,0
60,36,1375571,1,0
60,37,1164205,1,0
60,38,1068627,1,0
60,39,1061070,1,0
60,40,1030802,1,0
60,41,1078035,1,0
60,42,1229629,1,0
60,43,1513976,1,0
60,44,1126276,1,0
60,45,1032480,1,0
60,46,1099484,1,0
60,47,1092882,1,0
60,48,1302758,1,0
60,49,1248893,1,0
60,50,1048540,1,0
60,51,1010748,1,0
60,52,985049,1,0
60,53,1282427,1,0
60,54,1333542,1,0
60,55,1065146,1,0
60,56,1077729,1,0
60,57,1105729,1,0
60,58,1549359,1,0
60,59,1320664,1,0
61,0,197578,1,0
61,1,1106706,1,0
61,2,1165698,1,0
61,3,1103689,1,0
61,4,1143890,1,0
61,5,1159460,1,0
61,6,1149587,1,0
61,7,1173227,1,0
61,8,1106140,1,0
61,9,1127528,1,0
61,10,1111808,1,0
61,11,1095712,1,0
61,12,1048983,1,0
61,13,1162095,1,0
61,14,1101105,1,0
61,15,1040216,1,0
61,16,1019457,1,0
61,17,1091392,1,0
61,18,1084188,1,0
61,19,1072108,1,0
61,20,1071754,1,0
61,21,1088894,1,0
61,22,1088691,1,0
61,23,1056578,1,0
61,24,1097420,1,0
61,25,1063187,1,0
61,26,1056075,1,0
61,27,1065553,1,0
61,28,1104575,1,0
61,29,1091131,1,0
61,30,1060199,1,0
61,31,1068717,1,0
61,32,1101788,1,0
61,33,1039661,1,0
61,34,1016638,1,0
61,35,1365554,1,0
61,36,1260507,1,0
61,37,1121785,1,0
61,38,1044455,1,0
61,39,1052188,1,0
61,40,1046463,1,0
61,41,1082229,1,0
61,42,1354612,1,0
61,43,1451997,1,0
61,44,1042117,1,0
61,45,1046459,1,0
61,46,1107581,1,0
61,47,1129231,1,0
61,48,1378322,1,0
61,49,1116807,1,0
61,50,1051226,1,0
61,51,980371,1,0
61,52,1109466,1,0
61,53,1367000,1,0
61,54,1159721,1,0
61,55,1078338,1,0
61,56,1086071,1,0
61,57,1242638,1,0
61,58,1474256,1,0
61,59,1289959,1,0
62,0,835855,1,0
62,1,256229,1,0
62,2,777164,1,0
62,3,701215,1,0
62,4,947059,1,0
62,5,916620,1,0
62,6,1043419,1,0
62,7,1120058,1,0
62,8,1153172,1,0
62,9,1103275,1,0
62,10,1128495,1,0
62,11,1097323,1,0
62,12,1078159,1,0
62,13,1094469,1,0
62,14,1159052,1,0
62,15,1089260,1,0
62,16,1020284,1,0
62,17,1044359,1,0
62,18,1071422,1,0
62,19,1087953,1,0
62,20,1102953,1,0
62,21,1065435,1,0
62,22,1056542,1,0
62,23,1101537,1,0
62,24,1049124,1,0
62,25,1102882,1,0
62,26,1049665,1,0
62,27,1063350,1,0
62,28,1072124,1,0
62,29,1097916,1,0
62,30,1082593,1,0
62,31,1071086,1,0
62,32,1099150,1,0
62,33,1047573,1,0
62,34,1048927,1,0
62,35,1017053,1,0
62,36,1425187,1,0
62,37,1240776,1,0
62,38,1110839,1,0
62,39,1035419,1,0
62,40,1043403,1,0
62,41,1069126,1,0
62,42,1125789,1,0
62,43,1399156,1,0
62,44,1381914,1,0
62,45,991370,1,0
62,46,1072110,1,0
62,47,1101069,1,0
62,48,1215906,1,0
62,49,1332028,1,0
62,50,1066686,1,0
62,51,1031572,1,0
62,52,985775,1,0
62,53,1188503,1,0
62,54,1362599,1,0
62,55,1121280,1,0
62,56,1051916,1,0
62,57,1089586,1,0
62,58,1505020,1,0
62,59,1306680,1,0
63,0,805422,1,0
63,1,822650,1,0
63,2,1134357,1,0
63,3,1104764,1,0
63,4,1132297,1,0
63,5,1149508,1,0
63,6,1158980,1,0
63,7,1179600,1,0
63,8,1099204,1,0
63,9,1133249,1,0
63,10,1112226,1,0
63,11,1100461,1,0
63,12,1053622,1,0
63,13,1157252,1,0
63,14,1098247,1,0
63,15,1053228,1,0
63,16,1016087,1,0
63,17,1088236,1,0
63,18,1064316,1,0
63,19,1078603,1,0
63,20,1089647,1,0
63,21,1091812,1,0
63,22,1058279,1,0
63,23,1066034,1,0
63,24,1102601,1,0
63,25,1066309,1,0
63,26,1060783,1,0
63,27,1064044,1,0
63,28,1101912,1,0
63,29,1090680,1,0
63,30,1067352,1,0
63,31,1068200,1,0
63,32,1104726,1,0
63,33,1024186,1,0
63,34,1026033,1,0
63,35,1248371,1,0
63,36,1354209,1,0
63,37,1136295,1,0
63,38,1046928,1,0
63,39,1058999,1,0
63,40,1044212,1,0
63,41,1082135,1,0
63,42,1315132,1,0
63,43,1470529,1,0
63,44,1066158,1,0
63,45,1035780,1,0
63,46,1115273,1,0
63,47,1090098,1,0
63,48,1368044,1,0
63,49,1178016,1,0
63,50,1038947,1,0
63,51,991278,1,0
63,52,1062186,1,0
63,53,1361482,1,0
63,54,1205845,1,0
63,55,1078557,1,0
63,56,1080509,1,0
63,57,1127871,1,0
63,58,1563750,1,0
63,59,1304726,1,0
64,0,794748,1,0
64,1,940467,1,0
64,2,647649,1,0
64,3,973317,1,0
64,4,898687,1,0
64,5,989441,1,0
64,6,1120450,1,0
64,7,1125766,1,0
64,8,1145598,1,0
64,9,1107440,1,0
64,10,1131250,1,0
64,11,1086962,1,0
64,12,1076838,1,0
64,13,1111021,1,0
64,14,1154053,1,0
64,15,1084474,1,0
64,16,1017482,1,0
64,17,1043987,1,0
64,18,1070550,1,0
64,19,1084070,1,0
64,20,1102149,1,0
64,21,1069094,1,0
64,22,1056347,1,0
64,23,1102116,1,0
64,24,1056823,1,0
64,25,1097992,1,0
64,26,1046891,1,0
64,27,1064650,1,0
64,28,1075784,1,0
64,29,1091215,1,0
64,30,1088161,1,0
64,31,1071137,1,0
64,32,1114818,1,0
64,33,1021579,1,0
64,34,1052938,1,0
64,35,1018739,1,0
64,36,1438299,1,0
64,37,1237179,1,0
64,38,1097552,1,0
64,39,1041860,1,0
64,40,1044604,1,0
64,41,1077260,1,0
64,42,1139158,1,0
64,43,1491982,1,0
64,44,1256857,1,0
64,45,1003196,1,0
64,46,1072096,1,0
64,47,1100821,1,0
64,48,1234013,1,0
64,49,1307912,1,0
64,50,1072932,1,0
64,51,1022320,1,0
64,52,988430,1,0
64,53,1212266,1,0
64,54,1363192,1,0
64,55,1101802,1,0
64,56,1050207,1,0
64,57,1089976,1,0
64,58,1522490,1,0
64,59,1305058,1,0
65,0,187225,1,0
65,1,1083706,1,0
65,2,1165796,1,0
65,3,1106366,1,0
65,4,1137008,1,0
65,5,1163523,1,0
65,6,1150704,1,0
65,7,1172982,1,0
65,8,1106708,1,0
65,9,1125973,1,0
65,10,1111585,1,0
65,11,1099803,1,0
65,12,1046169,1,0
65,13,1161142,1,0
65,14,1103656,1,0
65,15,1041067,1,0
65,16,1019403,1,0
65,17,1091672,1,0
65,18,1080325,1,0
65,19,1068619,1,0
65,20,1079565,1,0
65,21,1086771,1,0
65,22,1083130,1,0
65,23,1062564,1,0
65,24,1095577,1,0
65,25,1063001,1,0
65,26,1059731,1,0
65,27,1062395,1,0
65,28,1110112,1,0
65,29,1086256,1,0
65,30,1061046,1,0
65,31,1068763,1,0
65,32,1102066,1,0
65,33,1038035,1,0
65,34,1019473,1,0
65,35,1360279,1,0
65,36,1261948,1,0
65,37,1121573,1,0
65,38,1045054,1,0
65,39,1054143,1,0
65,40,1041118,1,0
65,41,1086664,1,0
65,42,1354106,1,0
65,43,1452231,1,0
65,44,1043598,1,0
65,45,1046450,1,0
65,46,1104476,1,0
65,47,1119502,1,0
65,48,1379910,1,0
65,49,1129522,1,0
65,50,1050201,1,0
65,51,979790,1,0
65,52,1097439,1,0
65,53,1367809,1,0
65,54,1171587,1,0
65,55,1077482,1,0
65,56,1086587,1,0
65,57,1180587,1,0
65,58,1525902,1,0
65,59,1292245,1,0
66,0,486599,1,0
66,1,976158,1,0
66,2,590951,1,0
66,3,927294,1,0
66,4,933882,1,0
66,5,954740,1,0
66,6,1131010,1,0
66,7,1127247,1,0
66,8,1144657,1,0
66,9,1108268,1,0
66,10,1131545,1,0
66,11,1084896,1,0
66,12,1077072,1,0
66,13,1111899,1,0
66,14,1153783,1,0
66,15,1084622,1,0
66,16,1015867,1,0
66,17,1043486,1,0
66,18,1072045,1,0
66,19,1085103,1,0
66,20,1100019,1,0
66,21,1071154,1,0
66,22,1054736,1,0
66,23,1101280,1,0
66,24,1058629,1,0
66,25,1097628,1,0
66,26,1046983,1,0
66,27,1066629,1,0
66,28,1073885,1,0
66,29,1091216,1,0
66,30,1088739,1,0
66,31,1071582,1,0
66,32,1113714,1,0
66,33,1021113,1,0
66,34,1054201,1,0
66,35,1015719,1,0
66,36,1448067,1,0
66,37,1230559,1,0
66,38,1098508,1,0
66,39,1040241,1,0
66,40,1044304,1,0
66,41,1076583,1,0
66,42,1151184,1,0
66,43,1506644,1,0
66,44,1231465,1,0
66,45,1001669,1,0
66,46,1073890,1,0
66,47,1100318,1,0
66,48,1245292,1,0
66,49,1295037,1,0
66,50,1074970,1,0
66,51,1020914,1,0
66,52,987412,1,0
66,53,1212591,1,0
66,54,1362984,1,0
66,55,1103844,1,0
66,56,1047884,1,0
66,57,1091405,1,0
66,58,1521417,1,0
66,59,1316081,1,0
67,0,785192,1,0
67,1,775982,1,0
67,2,712473,1,0
67,3,783980,1,0
67,4,820534,1,0
67,5,1159883,1,0
67,6,1167380,1,0
67,7,1149796,1,0
67,8,1122731,1,0
67,9,1115592,1,0
67,10,1116635,1,0
67,11,1102754,1,0
67,12,1070406,1,0
67,13,1115457,1,0
67,14,1142923,1,0
67,15,1076567,1,0
67,16,1016134,1,0
67,17,1050219,1,0
67,18,1064891,1,0
67,19,1089318,1,0
67,20,1098049,1,0
67,21,1109067,1,0
67,22,1033803,1,0
67,23,1079062,1,0
67,24,1075472,1,0
67,25,1082936,1,0
67,26,1059418,1,0
67,27,1068132,1,0
67,28,1073436,1,0
67,29,1087292,1,0
67,30,1091965,1,0
67,31,1062321,1,0
67,32,1113874,1,0
67,33,1017332,1,0
67,34,1043067,1,0
67,35,1103422,1,0
67,36,1438127,1,0
67,37,1178572,1,0
67,38,1077145,1,0
67,39,1051305,1,0
67,40,1035222,1,0
67,41,1078501,1,0
67,42,1189214,1,0
67,43,1527764,1,0
67,44,1159690,1,0
67,45,1021136,1,0
67,46,1095428,1,0
67,47,1089885,1,0
67,48,1279362,1,0
67,49,1245363,1,0
67,50,1079724,1,0
67,51,1016140,1,0
67,52,977331,1,0
67,53,1271010,1,0
67,54,1351084,1,0
67,55,1070426,1,0
67,56,1057251,1,0
67,57,1109337,1,0
67,58,1524657,1,0
67,59,1334528,1,0
68,0,558221,1,0
68,1,888806,1,0
68,2,638303,1,0
68,3,795295,1,0
68,4,864714,1,0
68,5,1000131,1,0
68,6,1163583,1,0
68,7,1128087,1,0
68,8,1147551,1,0
68,9,1104670,1,0
68,10,1130432,1,0
68,11,1084675,1,0
68,12,1075991,1,0
68,13,1115835,1,0
68,14,1151457,1,0
68,15,1085947,1,0
68,16,1015440,1,0
68,17,1041570,1,0
68,18,1071747,1,0
68,19,1082996,1,0
68,20,1102324,1,0
68,21,1095965,1,0
68,22,1028355,1,0
68,23,1102182,1,0
68,24,1063207,1,0
68,25,1093739,1,0
68,26,1045572,1,0
68,27,1068380,1,0
68,28,1071506,1,0
68,29,1094422,1,0
68,30,1087672,1,0
68,31,1074020,1,0
68,32,1114294,1,0
68,33,1017150,1,0
68,34,1051951,1,0
68,35,1024947,1,0
68,36,1449687,1,0
68,37,1224720,1,0
68,38,1095604,1,0
68,39,1043575,1,0
68,40,1040818,1,0
68,41,1075909,1,0
68,42,1163035,1,0
68,43,1512340,1,0
68,44,1211611,1,0
68,45,1006370,1,0
68,46,1076295,1,0
68,47,1099346,1,0
68,48,1256206,1,0
68,49,1283130,1,0
68,50,1074136,1,0
68,51,1016829,1,0
68,52,989055,1,0
68,53,1229219,1,0
68,54,1361123,1,0
68,55,1089184,1,0
68,56,1046626,1,0
68,57,1097025,1,0
68,58,1527583,1,0
68,59,1312194,1,0
69,0,163760,1,0
69,1,846672,1,0
69,2,922605,1,0
69,3,916237,1,0
69,4,885940,1,0
69,5,829755,1,0
69,6,1086275,1,0
69,7,1124979,1,0
69,8,1147554,1,0
69,9,1107755,1,0
69,10,1130300,1,0
69,11,1091108,1,0
69,12,1077015,1,0
69,13,1098149,1,0
69,14,1161508,1,0
69,15,1086364,1,0
69,16,1016641,1,0
69,17,1047602,1,0
69,18,1071620,1,0
69,19,1083165,1,0
69,20,1103627,1,0
69,21,1068343,1,0
69,22,1054008,1,0
69,23,1101442,1,0
69,24,1052460,1,0
69,25,1102413,1,0
69,26,1048613,1,0
69,27,1062995,1,0
69,28,1074591,1,0
69,29,1093481,1,0
69,30,1085260,1,0
69,31,1070052,1,0
69,32,1116050,1,0
69,33,1027164,1,0
69,34,1052058,1,0
69,35,1016914,1,0
69,36,1431535,1,0
69,37,1238396,1,0
69,38,1105323,1,0
69,39,1039131,1,0
69,40,1042092,1,0
69,41,1077541,1,0
69,42,1128137,1,0
69,43,1490069,1,0
69,44,1276246,1,0
69,45,996694,1,0
69,46,1073342,1,0
69,47,1099897,1,0
69,48,1235481,1,0
69,49,1311412,1,0
69,50,1068532,1,0
69,51,1026340,1,0
69,52,987135,1,0
69,53,1201188,1,0
69,54,1361272,1,0
69,55,1114585,1,0
69,56,1051476,1,0
69,57,1089721,1,0
69,58,1512946,1,0
69,59,1312273,1,0
70,0,140494,1,0
70,1,1036196,1,0
70,2,1170627,1,0
70,3,1104817,1,0
70,4,1136254,1,0
70,5,1164553,1,0
70,6,1143986,1,0
70,7,1177450,1,0
70,8,1108151,1,0
70,9,1128348,1,0
70,10,1108347,1,0
70,11,1103603,1,0
70,12,1047398,1,0
70,13,1159625,1,0
70,14,1101574,1,0
70,15,1047880,1,0
70,16,1014453,1,0
70,17,1091842,1,0
70,18,1072892,1,0
70,19,1077653,1,0
70,20,1079548,1,0
70,21,1087304,1,0
70,22,1069076,1,0
70,23,1067537,1,0
70,24,1100884,1,0
70,25,1066253,1,0
70,26,1056744,1,0
70,27,1064885,1,0
70,28,1108819,1,0
70,29,1084581,1,0
70,30,1064154,1,0
70,31,1068671,1,0
70,32,1103720,1,0
70,33,1032909,1,0
70,34,1023460,1,0
70,35,1352565,1,0
70,36,1262669,1,0
70,37,1121856,1,0
70,38,1050948,1,0
70,39,1051592,1,0
70,40,1046648,1,0
70,41,1084271,1,0
70,42,1339402,1,0
70,43,1452703,1,0
70,44,1057122,1,0
70,45,1039620,1,0
70,46,1108163,1,0
70,47,1108000,1,0
70,48,1389740,1,0
70,49,1136982,1,0
70,50,1047376,1,0
70,51,981104,1,0
70,52,1094245,1,0
70,53,1359420,1,0
70,54,1172705,1,0
70,55,1087914,1,0
70,56,1082310,1,0
70,57,1147593,1,0
70,58,1553643,1,0
70,59,1302833,1,0
71,0,774031,1,0
71,1,322452,1,0
71,2,506513,1,0
71,3,861097,1,0
71,4,834303,1,0
71,5,841811,1,0
71,6,1099647,1,0
71,7,1123642,1,0
71,8,1147991,1,0
71,9,1107400,1,0
71,10,1129638,1,0
71,11,1090360,1,0
71,12,1076164,1,0
71,13,1100529,1,0
71,14,1159927,1,0
71,15,1085604,1,0
71,16,1017681,1,0
71,17,1047750,1,0
71,18,1069477,1,0
71,19,1083477,1,0
71,20,1103620,1,0
71,21,1069585,1,0
71,22,1053602,1,0
71,23,1101685,1,0
71,24,1052508,1,0
71,25,1103438,1,0
71,26,1046781,1,0
71,27,1064021,1,0
71,28,1074067,1,0
71,29,1094474,1,0
71,30,1083832,1,0
71,31,1071847,1,0
71,32,1115893,1,0
71,33,1024762,1,0
71,34,1052154,1,0
71,35,1017674,1,0
71,36,1432955,1,0
71,37,1237231,1,0
71,38,1106031,1,0
71,39,1040923,1,0
71,40,1040697,1,0
71,41,1076815,1,0
71,42,1129576,1,0
71,43,1489660,1,0
71,44,1273675,1,0
71,45,998611,1,0
71,46,1071861,1,0
71,47,1101214,1,0
71,48,1236667,1,0
71,49,1308928,1,0
71,50,1069049,1,0
71,51,1025545,1,0
71,52,989027,1,0
71,53,1199249,1,0
71,54,1364192,1,0
71,55,1112985,1,0
71,56,1051515,1,0
71,57,1089604,1,0
71,58,1522080,1,0
71,59,1303445,1,0
72,0,288790,1,0
72,1,1095511,1,0
72,2,1164786,1,0
72,3,1106237,1,0
72,4,1137699,1,0
72,5,1162909,1,0
72,6,1150272,1,0
72,7,1173687,1,0
72,8,1106914,1,0
72,9,1125874,1,0
72,10,1111459,1,0
72,11,1099156,1,0
72,12,1047374,1,0
72,13,1159907,1,0
72,14,1104501,1,0
72,15,1039722,1,0
72,16,1019903,1,0
72,17,1091924,1,0
72,18,1080573,1,0
72,19,1067644,1,0
72,20,1079071,1,0
72,21,1087988,1,0
72,22,1084475,1,0
72,23,1061795,1,0
72,24,1095157,1,0
72,25,1063477,1,0
72,26,1057183,1,0
72,27,1064260,1,0
72,28,1107835,1,0
72,29,1086967,1,0
72,30,1062997,1,0
72,31,1068875,1,0
72,32,1100948,1,0
72,33,1038630,1,0
72,34,1019655,1,0
72,35,1362225,1,0
72,36,1261093,1,0
72,37,1121036,1,0
72,38,1045754,1,0
72,39,1052170,1,0
72,40,1045973,1,0
72,41,1081651,1,0
72,42,1355102,1,0
72,43,1452794,1,0
72,44,1041282,1,0
72,45,1048134,1,0
72,46,1105118,1,0
72,47,1117122,1,0
72,48,1393510,1,0
72,49,1115815,1,0
72,50,1050353,1,0
72,51,980525,1,0
72,52,1108828,1,0
72,53,1357601,1,0
72,54,1172258,1,0
72,55,1076618,1,0
72,56,1086482,1,0
72,57,1205993,1,0
72,58,1500861,1,0
72,59,1298465,1,0
73,0,763680,1,0
73,1,674184,1,0
73,2,580200,1,0
73,3,576574,1,0
73,4,747167,1,0
73,5,1121816,1,0
73,6,1158290,1,0
73,7,1149010,1,0
73,8,1128456,1,0
73,9,1109759,1,0
73,10,1126006,1,0
73,11,1098005,1,0
73,12,1065097,1,0
73,13,1118735,1,0
73,14,1147679,1,0
73,15,1074756,1,0
73,16,1017470,1,0
73,17,1051407,1,0
73,18,1065140,1,0
73,19,1086898,1,0
73,20,1100402,1,0
73,21,1105289,1,0
73,22,1030069,1,0
73,23,1084962,1,0
73,24,1072896,1,0
73,25,1087460,1,0
73,26,1054552,1,0
73,27,1065444,1,0
73,28,1074372,1,0
73,29,1089681,1,0
73,30,1089663,1,0
73,31,1064979,1,0
73,32,1113952,1,0
73,33,1020436,1,0
73,34,1044986,1,0
73,35,1084482,1,0
73,36,1442476,1,0
73,37,1184900,1,0
73,38,1087278,1,0
73,39,1049250,1,0
73,40,1035676,1,0
73,41,1077140,1,0
73,42,1178307,1,0
73,43,1524493,1,0
73,44,1175881,1,0
73,45,1017930,1,0
73,46,1089328,1,0
73,47,1093180,1,0
73,48,1265509,1,0
73,49,1259166,1,0
73,50,1082167,1,0
73,51,1013236,1,0
73,52,983204,1,0
73,53,1260156,1,0
73,54,1348845,1,0
73,55,1080812,1,0
73,56,1048308,1,0
73,57,1111607,1,0
73,58,1521387,1,0
73,59,1329309,1,0
74,0,498213,1,0
74,1,374729,1,0
74,2,834328,1,0
74,3,1050667,1,0
74,4,1095815,1,0
74,5,1176874,1,0
74,6,1166971,1,0
74,7,1162370,1,0
74,8,1116141,1,0
74,9,1116786,1,0
74,10,1112684,1,0
74,11,1111144,1,0
74,12,1057545,1,0
74,13,1122115,1,0
74,14,1142379,1,0
74,15,1057975,1,0
74,16,1013851,1,0
74,17,1065751,1,0
74,18,1065009,1,0
74,19,1086022,1,0
74,20,1089722,1,0
74,21,1109382,1,0
74,22,1040082,1,0
74,23,1070037,1,0
74,24,1089528,1,0
74,25,1072029,1,0
74,26,1059744,1,0
74,27,1076210,1,0
74,28,1076687,1,0
74,29,1089477,1,0
74,30,1082744,1,0
74,31,1058081,1,0
74,32,1124875,1,0
74,33,1013462,1,0
74,34,1036675,1,0
74,35,1194679,1,0
74,36,1374134,1,0
74,37,1161434,1,0
74,38,1060155,1,0
74,39,1061664,1,0
74,40,1032209,1,0
74,41,1078540,1,0
74,42,1252107,1,0
74,43,1503083,1,0
74,44,1109755,1,0
74,45,1037023,1,0
74,46,1097399,1,0
74,47,1097068,1,0
74,48,1308535,1,0
74,49,1241780,1,0
74,50,1048345,1,0
74,51,1007364,1,0
74,52,988980,1,0
74,53,1289697,1,0
74,54,1327455,1,0
74,55,1059919,1,0
74,56,1079753,1,0
74,57,1110619,1,0
74,58,1554346,1,0
74,59,1315984,1,0
75,0,299958,1,0
75,1,244851,1,0
75,2,691923,1,0
75,3,828676,1,0
75,4,680742,1,0
75,5,1052516,1,0
75,6,1165512,1,0
75,7,1135726,1,0
75,8,1137238,1,0
75,9,1108775,1,0
75,10,1126835,1,0
75,11,1088686,1,0
75,12,1074505,1,0
75,13,1118446,1,0
75,14,1149136,1,0
75,15,1083644,1,0
75,16,1017629,1,0
75,17,1037384,1,0
75,18,1073436,1,0
75,19,1085690,1,0
75,20,1103415,1,0
75,21,1097993,1,0
75,22,1033692,1,0
75,23,1089331,1,0
75,24,1071270,1,0
75,25,1090767,1,0
75,26,1044665,1,0
75,27,1067051,1,0
75,28,1075296,1,0
75,29,1089654,1,0
75,30,1087693,1,0
75,31,1072746,1,0
75,32,1112697,1,0
75,33,1020019,1,0
75,34,1048523,1,0
75,35,1031578,1,0
75,36,1468779,1,0
75,37,1206335,1,0
75,38,1089701,1,0
75,39,1044740,1,0
75,40,1042354,1,0
75,41,1073441,1,0
75,42,1172602,1,0
75,43,1515016,1,0
75,44,1197330,1,0
75,45,1010123,1,0
75,46,1080115,1,0
75,47,1098162,1,0
75,48,1259977,1,0
75,49,1275908,1,0
75,50,1075928,1,0
75,51,1014626,1,0
75,52,984751,1,0
75,53,1245296,1,0
75,54,1357830,1,0
75,55,1084535,1,0
75,56,1041715,1,0
75,57,1109230,1,0
75,58,1525287,1,0
75,59,1319016,1,0
76,0,129687,1,0
76,1,653595,1,0
76,2,459480,1,0
76,3,666926,1,0
76,4,779889,1,0
76,5,1141381,1,0
76,6,1162614,1,0
76,7,1148718,1,0
76,8,1126695,1,0
76,9,1109653,1,0
76,10,1123128,1,0
76,11,1101711,1,0
76,12,1065527,1,0
76,13,1114684,1,0
76,14,1149573,1,0
76,15,1075650,1,0
76,16,1015034,1,0
76,17,1052528,1,0
76,18,1065223,1,0
76,19,1087566,1,0
76,20,1100047,1,0
76,21,1107167,1,0
76,22,1031961,1,0
76,23,1081702,1,0
76,24,1073827,1,0
76,25,1085480,1,0
76,26,1056073,1,0
76,27,1063793,1,0
76,28,1077310,1,0
76,29,1089443,1,0
76,30,1089537,1,0
76,31,1063970,1,0
76,32,1114714,1,0
76,33,1018977,1,0
76,34,1043153,1,0
76,35,1091064,1,0
76,36,1438843,1,0
76,37,1187121,1,0
76,38,1080903,1,0
76,39,1051150,1,0
76,40,1035562,1,0
76,41,1076423,1,0
76,42,1190606,1,0
76,43,1523618,1,0
76,44,1164782,1,0
76,45,1017608,1,0
76,46,1095243,1,0
76,47,1089281,1,0
76,48,1279173,1,0
76,49,1247151,1,0
76,50,1078048,1,0
76,51,1017835,1,0
76,52,980479,1,0
76,53,1269311,1,0
76,54,1349255,1,0
76,55,1070779,1,0
76,56,1052587,1,0
76,57,1109523,1,0
76,58,1529391,1,0
76,59,1331100,1,0
77,0,752009,1,0
77,1,364968,1,0
77,2,866132,1,0
77,3,994018,1,0
77,4,1089620,1,0
77,5,1180429,1,0
77,6,1162478,1,0
77,7,1158669,1,0
77,8,1123680,1,0
77,9,1115243,1,0
77,10,1115858,1,0
77,11,1105582,1,0
77,12,1060421,1,0
77,13,1118265,1,0
77,14,1146779,1,0
77,15,1061793,1,0
77,16,1015582,1,0
77,17,1063492,1,0
77,18,1056232,1,0
77,19,1089896,1,0
77,20,1094327,1,0
77,21,1111338,1,0
77,22,1037774,1,0
77,23,1073814,1,0
77,24,1085008,1,0
77,25,1069681,1,0
77,26,1064707,1,0
77,27,1075673,1,0
77,28,1067472,1,0
77,29,1096248,1,0
77,30,1083153,1,0
77,31,1059317,1,0
77,32,1117132,1,0
77,33,1015217,1,0
77,34,1042133,1,0
77,35,1182289,1,0
77,36,1371063,1,0
77,37,1171078,1,0
77,38,1067977,1,0
77,39,1058045,1,0
77,40,1030831,1,0
77,41,1080296,1,0
77,42,1229404,1,0
77,43,1514822,1,0
77,44,1127401,1,0
77,45,1032296,1,0
77,46,1097851,1,0
77,47,1092076,1,0
77,48,1305125,1,0
77,49,1233882,1,0
77,50,1063702,1,0
77,51,1013066,1,0
77,52,982614,1,0
77,53,1283366,1,0
77,54,1333961,1,0
77,55,1064456,1,0
77,56,1076411,1,0
77,57,1101747,1,0
77,58,1552003,1,0
77,59,1321951,1,0
78,0,742197,1,0
78,1,490149,1,0
78,2,739626,1,0
78,3,1005018,1,0
78,4,1098406,1,0
78,5,1175727,1,0
78,6,1163000,1,0
78,7,1160311,1,0
78,8,1123770,1,0
78,9,1114861,1,0
78,10,1115120,1,0
78,11,1108276,1,0
78,12,1058313,1,0
78,13,1117110,1,0
78,14,1150411,1,0
78,15,1057685,1,0
78,16,1016254,1,0
78,17,1063076,1,0
78,18,1055364,1,0
78,19,1092756,1,0
78,20,1092772,1,0
78,21,1110353,1,0
78,22,1039651,1,0
78,23,1071798,1,0
78,24,1088180,1,0
78,25,1068978,1,0
78,26,1064163,1,0
78,27,1074410,1,0
78,28,1072432,1,0
78,29,1092167,1,0
78,30,1083378,1,0
78,31,1059553,1,0
78,32,1119172,1,0
78,33,1014872,1,0
78,34,1039173,1,0
78,35,1183654,1,0
78,36,1372322,1,0
78,37,1167638,1,0
78,38,1070527,1,0
78,39,1058129,1,0
78,40,1031592,1,0
78,41,1079949,1,0
78,42,1227945,1,0
78,43,1515530,1,0
78,44,1125921,1,0
78,45,1032974,1,0
78,46,1097968,1,0
78,47,1092357,1,0
78,48,1303210,1,0
78,49,1242599,1,0
78,50,1056370,1,0
78,51,1011993,1,0
78,52,983498,1,0
78,53,1281914,1,0
78,54,1334050,1,0
78,55,1064535,1,0
78,56,1077831,1,0
78,57,1104839,1,0
78,58,1549740,1,0
78,59,1320725,1,0
79,0,667511,1,0
79,1,467924,1,0
79,2,968892,1,0
79,3,871750,1,0
79,4,726392,1,0
79,5,1110918,1,0
79,6,1159816,1,0
79,7,1145712,1,0
79,8,1129595,1,0
79,9,1109861,1,0
79,10,1127682,1,0
79,11,1096823,1,0
79,12,1063899,1,0
79,13,1120447,1,0
79,14,1147004,1,0
79,15,1075787,1,0
79,16,1018716,1,0
79,17,1048194,1,0
79,18,1067187,1,0
79,19,1085374,1,0
79,20,1102546,1,0
79,21,1102311,1,0
79,22,1032181,1,0
79,23,1084022,1,0
79,24,1074107,1,0
79,25,1087026,1,0
79,26,1054368,1,0
79,27,1064783,1,0
79,28,1075159,1,0
79,29,1090166,1,0
79,30,1089856,1,0
79,31,1065733,1,0
79,32,1113010,1,0
79,33,1020509,1,0
79,34,1045106,1,0
79,35,1074305,1,0
79,36,1442622,1,0
79,37,1195225,1,0
79,38,1083343,1,0
79,39,1050943,1,0
79,40,1038742,1,0
79,41,1075863,1,0
79,42,1177897,1,0
79,43,1523364,1,0
79,44,1178663,1,0
79,45,1016729,1,0
79,46,1085996,1,0
79,47,1095815,1,0
79,48,1265350,1,0
79,49,1261015,1,0
79,50,1080396,1,0
79,51,1012086,1,0
79,52,984579,1,0
79,53,1261144,1,0
79,54,1349297,1,0
79,55,1079170,1,0
79,56,1048455,1,0
79,57,1112791,1,0
79,58,1521624,1,0
79,59,1326137,1,0
80,0,719987,1,0
80,1,292756,1,0
80,2,1110949,1,0
80,3,1109323,1,0
80,4,1128338,1,0
80,5,1146635,1,0
80,6,1163276,1,0
80,7,1178765,1,0
80,8,1099215,1,0
80,9,1134785,1,0
80,10,1110105,1,0
80,11,1101128,1,0
80,12,1053758,1,0
80,13,1158773,1,0
80,14,1093997,1,0
80,15,1057424,1,0
80,16,1017115,1,0
80,17,1087135,1,0
80,18,1064977,1,0
80,19,1077043,1,0
80,20,1090655,1,0
80,21,1091527,1,0
80,22,1057234,1,0
80,23,1068887,1,0
80,24,1093785,1,0
80,25,1071177,1,0
80,26,1059779,1,0
80,27,1069109,1,0
80,28,1098809,1,0
80,29,1091136,1,0
80,30,1069136,1,0
80,31,1068882,1,0
80,32,1103176,1,0
80,33,1021194,1,0
80,34,1028943,1,0
80,35,1227144,1,0
80,36,1367296,1,0
80,37,1144223,1,0
80,38,1046066,1,0
80,39,1060593,1,0
80,40,1040627,1,0
80,41,1084415,1,0
80,42,1313503,1,0
80,43,1474236,1,0
80,44,1065523,1,0
80,45,1035261,1,0
80,46,1112622,1,0
80,47,1090389,1,0
80,48,1368516,1,0
80,49,1180446,1,0
80,50,1040316,1,0
80,51,990941,1,0
80,52,1060139,1,0
80,53,1358951,1,0
80,54,1209283,1,0
80,55,1054797,1,0
80,56,1103631,1,0
80,57,1123687,1,0
80,58,1564971,1,0
80,59,1309382,1,0
81,0,709581,1,0
81,1,395359,1,0
81,2,879607,1,0
81,3,565209,1,0
81,4,770186,1,0
81,5,1041159,1,0
81,6,1165849,1,0
81,7,1135304,1,0
81,8,1138283,1,0
81,9,1106240,1,0
81,10,1128637,1,0
81,11,1089123,1,0
81,12,1073990,1,0
81,13,1118407,1,0
81,14,1150463,1,0
81,15,1082918,1,0
81,16,1017504,1,0
81,17,1038703,1,0
81,18,1072026,1,0
81,19,1086565,1,0
81,20,1102978,1,0
81,21,1096276,1,0
81,22,1032526,1,0
81,23,1092982,1,0
81,24,1069305,1,0
81,25,1092516,1,0
81,26,1043368,1,0
81,27,1067477,1,0
81,28,1073473,1,0
81,29,1091429,1,0
81,30,1088022,1,0
81,31,1073749,1,0
81,32,1112775,1,0
81,33,1020076,1,0
81,34,1047776,1,0
81,35,1030956,1,0
81,36,1458577,1,0
81,37,1214732,1,0
81,38,1089965,1,0
81,39,1046522,1,0
81,40,1042449,1,0
81,41,1072702,1,0
81,42,1173865,1,0
81,43,1515527,1,0
81,44,1196357,1,0
81,45,1010486,1,0
81,46,1077895,1,0
81,47,1099579,1,0
81,48,1261316,1,0
81,49,1274465,1,0
81,50,1075559,1,0
81,51,1014760,1,0
81,52,987084,1,0
81,53,1243650,1,0
81,54,1349937,1,0
81,55,1091949,1,0
81,56,1040754,1,0
81,57,1107458,1,0
81,58,1528157,1,0
81,59,1317426,1,0
82,0,730563,1,0
82,1,598152,1,0
82,2,752054,1,0
82,3,1039795,1,0
82,4,1096709,1,0
82,5,1173854,1,0
82,6,1168967,1,0
82,7,1161530,1,0
82,8,1117914,1,0
82,9,1115699,1,0
82,10,1112968,1,0
82,11,1110541,1,0
82,12,1057208,1,0
82,13,1121002,1,0
82,14,1146678,1,0
82,15,1056386,1,0
82,16,1015594,1,0
82,17,1063447,1,0
82,18,1061916,1,0
82,19,1087839,1,0
82,20,1090484,1,0
82,21,1111436,1,0
82,22,1039487,1,0
82,23,1070481,1,0
82,24,1088957,1,0
82,25,1070944,1,0
82,26,1060852,1,0
82,27,1077057,1,0
82,28,1074909,1,0
82,29,1089257,1,0
82,30,1083879,1,0
82,31,1057471,1,0
82,32,1123844,1,0
82,33,1015796,1,0
82,34,1035599,1,0
82,35,1193996,1,0
82,36,1369366,1,0
82,37,1167364,1,0
82,38,1061403,1,0
82,39,1060860,1,0
82,40,1031660,1,0
82,41,1077670,1,0
82,42,1248682,1,0
82,43,1508476,1,0
82,44,1110331,1,0
82,45,1034239,1,0
82,46,1098793,1,0
82,47,1096083,1,0
82,48,1309390,1,0
82,49,1241756,1,0
82,50,1048102,1,0
82,51,1007103,1,0
82,52,988709,1,0
82,53,1290484,1,0
82,54,1321066,1,0
82,55,1067433,1,0
82,56,1078033,1,0
82,57,1107570,1,0
82,58,1558545,1,0
82,59,1316106,1,0
83,0,535328,1,0
83,1,684256,1,0
83,2,1024859,1,0
83,3,1111803,1,0
83,4,1099709,1,0
83,5,1173336,1,0
83,6,1165536,1,0
83,7,1169105,1,0
83,8,1107417,1,0
83,9,1117494,1,0
83,10,1116170,1,0
83,11,1110257,1,0
83,12,1065171,1,0
83,13,1148027,1,0
83,14,1101873,1,0
83,15,1056212,1,0
83,16,1016973,1,0
83,17,1071319,1,0
83,18,1070145,1,0
83,19,1084077,1,0
83,20,1093372,1,0
83,21,1093843,1,0
83,22,1049269,1,0
83,23,1068491,1,0
83,24,1090496,1,0
83,25,1073077,1,0
83,26,1054917,1,0
83,27,1078596,1,0
83,28,1084919,1,0
83,29,1081698,1,0
83,30,1091041,1,0
83,31,1065580,1,0
83,32,1111371,1,0
83,33,1009253,1,0
83,34,1038130,1,0
83,35,1205541,1,0
83,36,1371805,1,0
83,37,1154636,1,0
83,38,1052701,1,0
83,39,1063493,1,0
83,40,1040461,1,0
83,41,1079405,1,0
83,42,1284983,1,0
83,43,1479019,1,0
83,44,1092301,1,0
83,45,1036968,1,0
83,46,1103488,1,0
83,47,1094816,1,0
83,48,1328032,1,0
83,49,1224150,1,0
83,50,1042321,1,0
83,51,997078,1,0
83,52,1024910,1,0
83,53,1351387,1,0
83,54,1239836,1,0
83,55,1055648,1,0
83,56,1096860,1,0
83,57,1122410,1,0
83,58,1548359,1,0
83,59,1309396,1,0
84,0,699253,1,0
84,1,2187070,1,0
84,2,1104592,1,0
84,3,1136052,1,0
84,4,1162011,1,0
84,5,1145061,1,0
84,6,1176447,1,0
84,7,1108832,1,0
84,8,1127662,1,0
84,9,1110489,1,0
84,10,1102450,1,0
84,11,1049418,1,0
84,12,1156815,1,0
84,13,1101393,1,0
84,14,1046480,1,0
84,15,1019200,1,0
84,16,1090077,1,0
84,17,1071340,1,0
84,18,1079118,1,0
84,19,1082909,1,0
84,20,1086876,1,0
84,21,1065939,1,0
84,22,1067000,1,0
84,23,1101527,1,0
84,24,1066434,1,0
84,25,1057219,1,0
84,26,1064356,1,0
84,27,1109899,1,0
84,28,1082411,1,0
84,29,1063925,1,0
84,30,1070580,1,0
84,31,1103745,1,0
84,32,1030263,1,0
84,33,1025356,1,0
84,34,1323728,1,0
84,35,1289950,1,0
84,36,1121924,1,0
84,37,1049365,1,0
84,38,1054087,1,0
84,39,1046073,1,0
84,40,1085592,1,0
84,41,1326939,1,0
84,42,1464452,1,0
84,43,1056176,1,0
84,44,1038843,1,0
84,45,1111563,1,0
84,46,1100065,1,0
84,47,1380576,1,0
84,48,1154288,1,0
84,49,1040903,1,0
84,50,988176,1,0
84,51,1075267,1,0
84,52,1374090,1,0
84,53,1178677,1,0
84,54,1084330,1,0
84,55,1082853,1,0
84,56,1143212,1,0
84,57,1557608,1,0
84,58,1297203,1,0
84,59,374976,1,0
85,0,688042,1,0
85,1,664368,1,0
85,2,435138,1,0
85,3,690558,1,0
85,4,799895,1,0
85,5,1088783,1,0
85,6,1159655,1,0
85,7,1146623,1,0
85,8,1128815,1,0
85,9,1108671,1,0
85,10,1129596,1,0
85,11,1094740,1,0
85,12,1066735,1,0
85,13,1117654,1,0
85,14,1152316,1,0
85,15,1075335,1,0
85,16,1018814,1,0
85,17,1043538,1,0
85,18,1068257,1,0
85,19,1088420,1,0
85,20,1100512,1,0
85,21,1103611,1,0
85,22,1030215,1,0
85,23,1086904,1,0
85,24,1073551,1,0
85,25,1088697,1,0
85,26,1051009,1,0
85,27,1063653,1,0
85,28,1075367,1,0
85,29,1090416,1,0
85,30,1085855,1,0
85,31,1071512,1,0
85,32,1112576,1,0
85,33,1021457,1,0
85,34,1046220,1,0
85,35,1054052,1,0
85,36,1454591,1,0
85,37,1200872,1,0
85,38,1086686,1,0
85,39,1048301,1,0
85,40,1039488,1,0
85,41,1074210,1,0
85,42,1179435,1,0
85,43,1521994,1,0
85,44,1181342,1,0
85,45,1013556,1,0
85,46,1083751,1,0
85,47,1096743,1,0
85,48,1265592,1,0
85,49,1264350,1,0
85,50,1077249,1,0
85,51,1014110,1,0
85,52,985814,1,0
85,53,1258947,1,0
85,54,1352881,1,0
85,55,1077421,1,0
85,56,1045009,1,0
85,57,1109504,1,0
85,58,1529886,1,0
85,59,1320399,1,0
86,0,452359,1,0
86,1,764388,1,0
86,2,531340,1,0
86,3,774777,1,0
86,4,1002377,1,0
86,5,1180053,1,0
86,6,1167396,1,0
86,7,1149673,1,0
86,8,1124014,1,0
86,9,1122078,1,0
86,10,1106762,1,0
86,11,1107864,1,0
86,12,1066323,1,0
86,13,1113873,1,0
86,14,1144391,1,0
86,15,1075233,1,0
86,16,1015665,1,0
86,17,1050699,1,0
86,18,1064206,1,0
86,19,1089906,1,0
86,20,1099131,1,0
86,21,1110021,1,0
86,22,1033436,1,0
86,23,1077712,1,0
86,24,1079591,1,0
86,25,1078019,1,0
86,26,1060836,1,0
86,27,1069036,1,0
86,28,1070998,1,0
86,29,1090850,1,0
86,30,1088909,1,0
86,31,1061235,1,0
86,32,1113915,1,0
86,33,1018404,1,0
86,34,1042747,1,0
86,35,1130698,1,0
86,36,1415915,1,0
86,37,1176436,1,0
86,38,1075783,1,0
86,39,1048566,1,0
86,40,1035233,1,0
86,41,1080673,1,0
86,42,1199406,1,0
86,43,1530993,1,0
86,44,1144418,1,0
86,45,1029133,1,0
86,46,1091342,1,0
86,47,1089507,1,0
86,48,1288895,1,0
86,49,1240076,1,0
86,50,1071841,1,0
86,51,1016566,1,0
86,52,977971,1,0
86,53,1279108,1,0
86,54,1353729,1,0
86,55,1062401,1,0
86,56,1055274,1,0
86,57,1108747,1,0
86,58,1535042,1,0
86,59,1327110,1,0
87,0,678413,1,0
87,1,707416,1,0
87,2,543481,1,0
87,3,612243,1,0
87,4,920441,1,0
87,5,1100502,1,0
87,6,1159075,1,0
87,7,1146394,1,0
87,8,1129472,1,0
87,9,1108713,1,0
87,10,1128746,1,0
87,11,1095311,1,0
87,12,1065841,1,0
87,13,1118373,1,0
87,14,1150359,1,0
87,15,1074798,1,0
87,16,1020115,1,0
87,17,1044401,1,0
87,18,1067514,1,0
87,19,1089084,1,0
87,20,1100251,1,0
87,21,1103337,1,0
87,22,1029685,1,0
87,23,1086651,1,0
87,24,1073756,1,0
87,25,1087671,1,0
87,26,1053377,1,0
87,27,1063189,1,0
87,28,1076224,1,0
87,29,1090182,1,0
87,30,1086451,1,0
87,31,1069802,1,0
87,32,1112224,1,0
87,33,1022148,1,0
87,34,1044088,1,0
87,35,1058893,1,0
87,36,1455295,1,0
87,37,1197125,1,0
87,38,1085855,1,0
87,39,1049053,1,0
87,40,1039648,1,0
87,41,1074345,1,0
87,42,1179555,1,0
87,43,1522150,1,0
87,44,1180370,1,0
87,45,1015002,1,0
87,46,1085146,1,0
87,47,1095035,1,0
87,48,1265838,1,0
87,49,1261817,1,0
87,50,1079706,1,0
87,51,1014194,1,0
87,52,985270,1,0
87,53,1258984,1,0
87,54,1351698,1,0
87,55,1078586,1,0
87,56,1046864,1,0
87,57,1107682,1,0
87,58,1528165,1,0
87,59,1323960,1,0
88,0,103206,1,0
88,1,343333,1,0
88,2,447442,1,0
88,3,746978,1,0
88,4,854177,1,0
88,5,928568,1,0
88,6,1110442,1,0
88,7,1124929,1,0
88,8,1145013,1,0
88,9,1108480,1,0
88,10,1130074,1,0
88,11,1089050,1,0
88,12,1076168,1,0
88,13,1104034,1,0
88,14,1159891,1,0
88,15,1083268,1,0
88,16,1018982,1,0
88,17,1045319,1,0
88,18,1071269,1,0
88,19,1083527,1,0
88,20,1102878,1,0
88,21,1068776,1,0
88,22,1054117,1,0
88,23,1102817,1,0
88,24,1057225,1,0
88,25,1098025,1,0
88,26,1045037,1,0
88,27,1066394,1,0
88,28,1075087,1,0
88,29,1091221,1,0
88,30,1088039,1,0
88,31,1071324,1,0
88,32,1115278,1,0
88,33,1023075,1,0
88,34,1052262,1,0
88,35,1017489,1,0
88,36,1436167,1,0
88,37,1235059,1,0
88,38,1103751,1,0
88,39,1040543,1,0
88,40,1042805,1,0
88,41,1076986,1,0
88,42,1140861,1,0
88,43,1490851,1,0
88,44,1259418,1,0
88,45,1000389,1,0
88,46,1072319,1,0
88,47,1101540,1,0
88,48,1233990,1,0
88,49,1309030,1,0
88,50,1070760,1,0
88,51,1025041,1,0
88,52,988246,1,0
88,53,1211594,1,0
88,54,1352004,1,0
88,55,1112752,1,0
88,56,1050504,1,0
88,57,1090616,1,0
88,58,1522625,1,0
88,59,1302457,1,0
89,0,644913,1,0
89,1,1058333,1,0
89,2,1169458,1,0
89,3,1105966,1,0
89,4,1136509,1,0
89,5,1162283,1,0
89,6,1148187,1,0
89,7,1175073,1,0
89,8,1108458,1,0
89,9,1127188,1,0
89,10,1108769,1,0
89,11,1102416,1,0
89,12,1046936,1,0
89,13,1158866,1,0
89,14,1106999,1,0
89,15,1042471,1,0
89,16,1017224,1,0
89,17,1088389,1,0
89,18,1080917,1,0
89,19,1072569,1,0
89,20,1078869,1,0
89,21,1087545,1,0
89,22,1072086,1,0
89,23,1067549,1,0
89,24,1097132,1,0
89,25,1066620,1,0
89,26,1058603,1,0
89,27,1061501,1,0
89,28,1109993,1,0
89,29,1086328,1,0
89,30,1062304,1,0
89,31,1067772,1,0
89,32,1104676,1,0
89,33,1034382,1,0
89,34,1022155,1,0
89,35,1358312,1,0
89,36,1262164,1,0
89,37,1121073,1,0
89,38,1047392,1,0
89,39,1051080,1,0
89,40,1044475,1,0
89,41,1087415,1,0
89,42,1340169,1,0
89,43,1459248,1,0
89,44,1050538,1,0
89,45,1042775,1,0
89,46,1103791,1,0
89,47,1107872,1,0
89,48,1391282,1,0
89,49,1133004,1,0
89,50,1049293,1,0
89,51,979875,1,0
89,52,1098495,1,0
89,53,1366223,1,0
89,54,1167280,1,0
89,55,1082634,1,0
89,56,1083279,1,0
89,57,1150416,1,0
89,58,1560397,1,0
89,59,1291615,1,0
90,0,657067,1,0
90,1,800783,1,0
90,2,1035181,1,0
90,3,1112359,1,0
90,4,1100691,1,0
90,5,1170778,1,0
90,6,1168193,1,0
90,7,1169545,1,0
90,8,1105648,1,0
90,9,1116872,1,0
90,10,1115860,1,0
90,11,1112901,1,0
90,12,1061876,1,0
90,13,1150772,1,0
90,14,1100017,1,0
90,15,1057292,1,0
90,16,1015988,1,0
90,17,1073013,1,0
90,18,1067757,1,0
90,19,1085522,1,0
90,20,1092591,1,0
90,21,1094259,1,0
90,22,1048277,1,0
90,23,1070135,1,0
90,24,1089181,1,0
90,25,1073185,1,0
90,26,1056269,1,0
90,27,1078468,1,0
90,28,1088509,1,0
90,29,1078823,1,0
90,30,1089900,1,0
90,31,1066079,1,0
90,32,1110411,1,0
90,33,1010053,1,0
90,34,1037255,1,0
90,35,1214112,1,0
90,36,1365873,1,0
90,37,1155657,1,0
90,38,1049299,1,0
90,39,1062292,1,0
90,40,1040452,1,0
90,41,1082307,1,0
90,42,1284944,1,0
90,43,1476997,1,0
90,44,1093136,1,0
90,45,1036926,1,0
90,46,1103457,1,0
90,47,1096346,1,0
90,48,1327126,1,0
90,49,1221857,1,0
90,50,1044154,1,0
90,51,996008,1,0
90,52,1026400,1,0
90,53,1359762,1,0
90,54,1231194,1,0
90,55,1053546,1,0
90,56,1097986,1,0
90,57,1123803,1,0
90,58,1547342,1,0
90,59,1308933,1,0
91,0,624156,1,0
91,1,532814,1,0
91,2,422638,1,0
91,3,634645,1,0
91,4,693550,1,0
91,5,1030845,1,0
91,6,1166809,1,0
91,7,1134504,1,0
91,8,1139053,1,0
91,9,1104382,1,0
91,10,1129631,1,0
91,11,1087894,1,0
91,12,1073906,1,0
91,13,1116550,1,0
91,14,1151976,1,0
91,15,1084379,1,0
91,16,1016055,1,0
91,17,1039773,1,0
91,18,1071899,1,0
91,19,1087073,1,0
91,20,1103350,1,0
91,21,1095561,1,0
91,22,1030368,1,0
91,23,1093721,1,0
91,24,1068468,1,0
91,25,1094337,1,0
91,26,1043778,1,0
91,27,1069453,1,0
91,28,1069327,1,0
91,29,1094018,1,0
91,30,1086844,1,0
91,31,1075438,1,0
91,32,1113488,1,0
91,33,1016386,1,0
91,34,1050868,1,0
91,35,1029318,1,0
91,36,1458124,1,0
91,37,1212612,1,0
91,38,1094580,1,0
91,39,1046156,1,0
91,40,1040704,1,0
91,41,1073456,1,0
91,42,1163974,1,0
91,43,1526724,1,0
91,44,1195455,1,0
91,45,1012401,1,0
91,46,1075166,1,0
91,47,1100694,1,0
91,48,1251612,1,0
91,49,1282160,1,0
91,50,1078025,1,0
91,51,1012521,1,0
91,52,990153,1,0
91,53,1231370,1,0
91,54,1361579,1,0
91,55,1091696,1,0
91,56,1041979,1,0
91,57,1104452,1,0
91,58,1530613,1,0
91,59,1315848,1,0
92,0,633653,1,0
92,1,628137,1,0
92,2,990855,1,0
92,3,962515,1,0
92,4,1055428,1,0
92,5,1180965,1,0
92,6,1165534,1,0
92,7,1156622,1,0
92,8,1124674,1,0
92,9,1115179,1,0
92,10,1112479,1,0
92,11,1107502,1,0
92,12,1061222,1,0
92,13,1115437,1,0
92,14,1145473,1,0
92,15,1069658,1,0
92,16,1016591,1,0
92,17,1056405,1,0
92,18,1060999,1,0
92,19,1088674,1,0
92,20,1096415,1,0
92,21,1111961,1,0
92,22,1033933,1,0
92,23,1074623,1,0
92,24,1085372,1,0
92,25,1071205,1,0
92,26,1063931,1,0
92,27,1073419,1,0
92,28,1069046,1,0
92,29,1093411,1,0
92,30,1084138,1,0
92,31,1059796,1,0
92,32,1116805,1,0
92,33,1016751,1,0
92,34,1040966,1,0
92,35,1169811,1,0
92,36,1385325,1,0
92,37,1171181,1,0
92,38,1071119,1,0
92,39,1053463,1,0
92,40,1031825,1,0
92,41,1083296,1,0
92,42,1210965,1,0
92,43,1532499,1,0
92,44,1127945,1,0
92,45,1030268,1,0
92,46,1094627,1,0
92,47,1091143,1,0
92,48,1296178,1,0
92,49,1233521,1,0
92,50,1069880,1,0
92,51,1017114,1,0
92,52,980356,1,0
92,53,1279891,1,0
92,54,1344119,1,0
92,55,1063318,1,0
92,56,1070932,1,0
92,57,1104673,1,0
92,58,1540576,1,0
92,59,1323046,1,0
93,0,206658,1,0
93,1,998763,1,0
93,2,728338,1,0
93,3,903549,1,0
93,4,990718,1,0
93,5,965041,1,0
93,6,1143643,1,0
93,7,1126425,1,0
93,8,1147231,1,0
93,9,1103155,1,0
93,10,1133978,1,0
93,11,1083621,1,0
93,12,1077834,1,0
93,13,1112453,1,0
93,14,1151513,1,0
93,15,1084683,1,0
93,16,1015778,1,0
93,17,1042965,1,0
93,18,1073863,1,0
93,19,1085129,1,0
93,20,1099913,1,0
93,21,1093259,1,0
93,22,1031661,1,0
93,23,1102173,1,0
93,24,1058604,1,0
93,25,1098218,1,0
93,26,1045410,1,0
93,27,1068391,1,0
93,28,1071636,1,0
93,29,1093437,1,0
93,30,1088649,1,0
93,31,1071855,1,0
93,32,1114488,1,0
93,33,1019237,1,0
93,34,1053913,1,0
93,35,1017897,1,0
93,36,1447221,1,0
93,37,1229392,1,0
93,38,1099272,1,0
93,39,1040228,1,0
93,40,1044042,1,0
93,41,1075249,1,0
93,42,1152468,1,0
93,43,1508182,1,0
93,44,1227668,1,0
93,45,1003067,1,0
93,46,1073435,1,0
93,47,1103031,1,0
93,48,1245228,1,0
93,49,1294456,1,0
93,50,1073723,1,0
93,51,1019591,1,0
93,52,988512,1,0
93,53,1214676,1,0
93,54,1360525,1,0
93,55,1103615,1,0
93,56,1047498,1,0
93,57,1093918,1,0
93,58,1520332,1,0
93,59,1318175,1,0
94,0,614857,1,0
94,1,927824,1,0
94,2,494574,1,0
94,3,656488,1,0
94,4,844578,1,0
94,5,942667,1,0
94,6,1076133,1,0
94,7,1122661,1,0
94,8,1148964,1,0
94,9,1105725,1,0
94,10,1128801,1,0
94,11,1095350,1,0
94,12,1075290,1,0
94,13,1098527,1,0
94,14,1162090,1,0
94,15,1087201,1,0
94,16,1017222,1,0
94,17,1045290,1,0
94,18,1072123,1,0
94,19,1084552,1,0
94,20,1104314,1,0
94,21,1067331,1,0
94,22,1054918,1,0
94,23,1100454,1,0
94,24,1050757,1,0
94,25,1102012,1,0
94,26,1051119,1,0
94,27,1064093,1,0
94,28,1073278,1,0
94,29,1093552,1,0
94,30,1085321,1,0
94,31,1070839,1,0
94,32,1109168,1,0
94,33,1034405,1,0
94,34,1050558,1,0
94,35,1017782,1,0
94,36,1426927,1,0
94,37,1241864,1,0
94,38,1104936,1,0
94,39,1040429,1,0
94,40,1039462,1,0
94,41,1079281,1,0
94,42,1127350,1,0
94,43,1432918,1,0
94,44,1335449,1,0
94,45,993480,1,0
94,46,1075192,1,0
94,47,1099634,1,0
94,48,1226120,1,0
94,49,1321101,1,0
94,50,1067963,1,0
94,51,1028447,1,0
94,52,987500,1,0
94,53,1200371,1,0
94,54,1350888,1,0
94,55,1123902,1,0
94,56,1052881,1,0
94,57,1088518,1,0
94,58,1511797,1,0
94,59,1313844,1,0
95,0,475249,1,0
95,1,266689,1,0
95,2,1003114,1,0
95,3,1111149,1,0
95,4,1097847,1,0
95,5,1173986,1,0
95,6,1168514,1,0
95,7,1168693,1,0
95,8,1108907,1,0
95,9,1115750,1,0
95,10,1114892,1,0
95,11,1112701,1,0
95,12,1064084,1,0
95,13,1145430,1,0
95,14,1105872,1,0
95,15,1055941,1,0
95,16,1019330,1,0
95,17,1065844,1,0
95,18,1071685,1,0
95,19,1083551,1,0
95,20,1095131,1,0
95,21,1093781,1,0
95,22,1047849,1,0
95,23,1067850,1,0
95,24,1091212,1,0
95,25,1074161,1,0
95,26,1054284,1,0
95,27,1078012,1,0
95,28,1080740,1,0
95,29,1086377,1,0
95,30,1089470,1,0
95,31,1063711,1,0
95,32,1115860,1,0
95,33,1009719,1,0
95,34,1038475,1,0
95,35,1203958,1,0
95,36,1369674,1,0
95,37,1155323,1,0
95,38,1055590,1,0
95,39,1060780,1,0
95,40,1043292,1,0
95,41,1079672,1,0
95,42,1268160,1,0
95,43,1492780,1,0
95,44,1095724,1,0
95,45,1034313,1,0
95,46,1105582,1,0
95,47,1092764,1,0
95,48,1327711,1,0
95,49,1225888,1,0
95,50,1041086,1,0
95,51,1000613,1,0
95,52,1015463,1,0
95,53,1360269,1,0
95,54,1242696,1,0
95,55,1051255,1,0
95,56,1094825,1,0
95,57,1119216,1,0
95,58,1553117,1,0
95,59,1308262,1,0
96,0,463804,1,0
96,1,1130369,1,0
96,2,1162192,1,0
96,3,1103525,1,0
96,4,1149150,1,0
96,5,1157327,1,0
96,6,1148037,1,0
96,7,1174082,1,0
96,8,1108821,1,0
96,9,1128061,1,0
96,10,1108605,1,0
96,11,1092682,1,0
96,12,1051933,1,0
96,13,1163980,1,0
96,14,1096363,1,0
96,15,1040982,1,0
96,16,1019217,1,0
96,17,1094693,1,0
96,18,1081698,1,0
96,19,1074973,1,0
96,20,1067851,1,0
96,21,1092156,1,0
96,22,1094524,1,0
96,23,1049838,1,0
96,24,1095756,1,0
96,25,1063055,1,0
96,26,1056020,1,0
96,27,1065321,1,0
96,28,1104493,1,0
96,29,1091972,1,0
96,30,1060027,1,0
96,31,1071123,1,0
96,32,1099148,1,0
96,33,1037359,1,0
96,34,1020370,1,0
96,35,1376982,1,0
96,36,1254691,1,0
96,37,1117914,1,0
96,38,1041582,1,0
96,39,1052514,1,0
96,40,1046182,1,0
96,41,1082705,1,0
96,42,1367608,1,0
96,43,1446249,1,0
96,44,1032741,1,0
96,45,1048827,1,0
96,46,1107554,1,0
96,47,1127779,1,0
96,48,1378098,1,0
96,49,1113747,1,0
96,50,1053249,1,0
96,51,981211,1,0
96,52,1109583,1,0
96,53,1367665,1,0
96,54,1163868,1,0
96,55,1075409,1,0
96,56,1084529,1,0
96,57,1258794,1,0
96,58,1458899,1,0
96,59,1289206,1,0
97,0,603814,1,0
97,1,751757,1,0
97,2,1087806,1,0
97,3,1115333,1,0
97,4,1117060,1,0
97,5,1153595,1,0
97,6,1164392,1,0
97,7,1174327,1,0
97,8,1103427,1,0
97,9,1132764,1,0
97,10,1109898,1,0
97,11,1103143,1,0
97,12,1053851,1,0
97,13,1158533,1,0
97,14,1096627,1,0
97,15,1055803,1,0
97,16,1016846,1,0
97,17,1080082,1,0
97,18,1067253,1,0
97,19,1082488,1,0
97,20,1089453,1,0
97,21,1092978,1,0
97,22,1052039,1,0
97,23,1070161,1,0
97,24,1093236,1,0
97,25,1070597,1,0
97,26,1060613,1,0
97,27,1072233,1,0
97,28,1096620,1,0
97,29,1091362,1,0
97,30,1072123,1,0
97,31,1067507,1,0
97,32,1104109,1,0
97,33,1014033,1,0
97,34,1034210,1,0
97,35,1223580,1,0
97,36,1370534,1,0
97,37,1143547,1,0
97,38,1049244,1,0
97,39,1058959,1,0
97,40,1041724,1,0
97,41,1082990,1,0
97,42,1301063,1,0
97,43,1471820,1,0
97,44,1080497,1,0
97,45,1035869,1,0
97,46,1110813,1,0
97,47,1092485,1,0
97,48,1355136,1,0
97,49,1194071,1,0
97,50,1039924,1,0
97,51,993163,1,0
97,52,1046086,1,0
97,53,1358332,1,0
97,54,1218042,1,0
97,55,1052966,1,0
97,56,1097046,1,0
97,57,1132954,1,0
97,58,1561703,1,0
97,59,1312244,1,0
98,0,592714,1,0
98,1,1142443,1,0
98,2,1161382,1,0
98,3,1100493,1,0
98,4,1152911,1,0
98,5,1156389,1,0
98,6,1146458,1,0
98,7,1175721,1,0
98,8,1107623,1,0
98,9,1128431,1,0
98,10,1110725,1,0
98,11,1090055,1,0
98,12,1050794,1,0
98,13,1167232,1,0
98,14,1095250,1,0
98,15,1040931,1,0
98,16,1018584,1,0
98,17,1094018,1,0
98,18,1082717,1,0
98,19,1075208,1,0
98,20,1065033,1,0
98,21,1095137,1,0
98,22,1099286,1,0
98,23,1045554,1,0
98,24,1093188,1,0
98,25,1064419,1,0
98,26,1055134,1,0
98,27,1067145,1,0
98,28,1102575,1,0
98,29,1093218,1,0
98,30,1060751,1,0
98,31,1070855,1,0
98,32,1096731,1,0
98,33,1039158,1,0
98,34,1020480,1,0
98,35,1380342,1,0
98,36,1252621,1,0
98,37,1116131,1,0
98,38,1042424,1,0
98,39,1051974,1,0
98,40,1046054,1,0
98,41,1081580,1,0
98,42,1368398,1,0
98,43,1448610,1,0
98,44,1030299,1,0
98,45,1051813,1,0
98,46,1107245,1,0
98,47,1126050,1,0
98,48,1390178,1,0
98,49,1101048,1,0
98,50,1053971,1,0
98,51,979096,1,0
98,52,1121856,1,0
98,53,1358639,1,0
98,54,1162128,1,0
98,55,1077517,1,0
98,56,1080414,1,0
98,57,1285254,1,0
98,58,1434230,1,0
98,59,1290190,1,0
99,0,510534,1,0
99,1,834138,1,0
99,2,1143122,1,0
99,3,1106287,1,0
99,4,1132023,1,0
99,5,1152930,1,0
99,6,1155162,1,0
99,7,1180815,1,0
99,8,1102084,1,0
99,9,1129058,1,0
99,10,1112188,1,0
99,11,1100784,1,0
99,12,1052551,1,0
99,13,1157821,1,0
99,14,1097331,1,0
99,15,1052341,1,0
99,16,1017384,1,0
99,17,1089754,1,0
99,18,1068656,1,0
99,19,1072031,1,0
99,20,1091540,1,0
99,21,1091229,1,0
99,22,1057993,1,0
99,23,1072416,1,0
99,24,1097810,1,0
99,25,1065908,1,0
99,26,1059086,1,0
99,27,1064336,1,0
99,28,1112345,1,0
99,29,1080253,1,0
99,30,1066525,1,0
99,31,1069403,1,0
99,32,1103731,1,0
99,33,1026670,1,0
99,34,1029877,1,0
99,35,1242594,1,0
99,36,1357767,1,0
99,37,1133047,1,0
99,38,1047332,1,0
99,39,1058361,1,0
99,40,1044268,1,0
99,41,1082545,1,0
99,42,1315191,1,0
99,43,1469092,1,0
99,44,1068022,1,0
99,45,1035887,1,0
99,46,1115864,1,0
99,47,1088341,1,0
99,48,1378483,1,0
99,49,1167493,1,0
99,50,1039616,1,0
99,51,990917,1,0
99,52,1062119,1,0
99,53,1372297,1,0
99,54,1193916,1,0
99,55,1081541,1,0
99,56,1080454,1,0
99,57,1129760,1,0
99,58,1559840,1,0
99,59,1304929,1,0
