worker_id,sequence,latency_us,success,status_code
0,0,123394,1,0
0,1,11524,1,0
0,2,20867,1,0
0,3,8525,1,0
0,4,10643,1,0
0,5,6593,1,0
0,6,10074,1,0
0,7,6705,1,0
0,8,5902,1,0
0,9,8562,1,0
0,10,11774,1,0
0,11,6533,1,0
0,12,12263,1,0
0,13,13567,1,0
0,14,8580,1,0
0,15,9862,1,0
0,16,10433,1,0
0,17,8113,1,0
0,18,6222,1,0
0,19,11189,1,0
0,20,6038,1,0
0,21,10886,1,0
0,22,45261,1,0
0,23,11416,1,0
0,24,9810,1,0
0,25,13894,1,0
0,26,31373,1,0
0,27,15660,1,0
0,28,6228,1,0
0,29,6443,1,0
0,30,7695,1,0
0,31,13010,1,0
0,32,9596,1,0
0,33,6008,1,0
0,34,6908,1,0
0,35,7213,1,0
0,36,11453,0,8
0,37,9881,1,0
0,38,6450,1,0
0,39,7238,1,0
0,40,13976,1,0
0,41,7004,1,0
0,42,20099,0,8
0,43,5531,1,0
0,44,12435,1,0
0,45,9563,0,8
0,46,7130,1,0
0,47,9742,0,8
0,48,11572,0,8
0,49,14606,0,8
0,50,8088,1,0
0,51,11013,0,8
0,52,12380,0,8
0,53,8693,1,0
0,54,10414,1,0
0,55,13609,0,8
0,56,10005,0,8
0,57,6259,1,0
0,58,6759,1,0
0,59,18826,0,8
1,0,122998,1,0
1,1,18022,1,0
1,2,22282,1,0
1,3,6562,1,0
1,4,9321,1,0
1,5,7101,1,0
1,6,14180,1,0
1,7,13324,1,0
1,8,7393,1,0
1,9,5328,1,0
1,10,12455,1,0
1,11,7873,1,0
1,12,14428,1,0
1,13,5407,1,0
1,14,13728,1,0
1,15,12064,1,0
1,16,5471,1,0
1,17,7400,1,0
1,18,6666,1,0
1,19,8353,1,0
1,20,7901,1,0
1,21,13579,0,8
1,22,45194,1,0
1,23,7294,1,0
1,24,20198,0,8
1,25,6731,1,0
1,26,31336,0,8
1,27,14662,0,8
1,28,13668,0,8
1,29,4980,1,0
1,30,12498,0,8
1,31,16907,0,8
1,32,12007,1,0
1,33,10737,0,8
1,34,10860,0,8
1,35,4353,1,0
1,36,11470,0,8
1,37,9106,1,0
1,38,5817,1,0
1,39,6483,0,8
1,40,18662,0,8
1,41,11944,0,8
1,42,3991,1,0
1,43,5597,1,0
1,44,9976,0,8
1,45,14021,0,8
1,46,5297,0,8
1,47,7240,1,0
1,48,4830,1,0
1,49,7699,1,0
1,50,5172,1,0
1,51,12419,0,8
1,52,15987,0,8
1,53,6784,1,0
1,54,6232,1,0
1,55,7273,1,0
1,56,13356,0,8
1,57,11535,0,8
1,58,12862,0,8
1,59,5010,1,0
2,0,123556,1,0
2,1,13177,1,0
2,2,11953,1,0
2,3,12276,1,0
2,4,10104,1,0
2,5,9784,1,0
2,6,12172,1,0
2,7,14169,1,0
2,8,8935,1,0
2,9,14477,1,0
2,10,11952,1,0
2,11,7177,1,0
2,12,9906,1,0
2,13,3153,1,0
2,14,6672,1,0
2,15,7936,1,0
2,16,8653,1,0
2,17,7199,1,0
2,18,12812,1,0
2,19,11435,1,0
2,20,8860,1,0
2,21,9584,1,0
2,22,47136,1,0
2,23,14033,1,0
2,24,5899,1,0
2,25,12035,1,0
2,26,32941,1,0
2,27,13339,0,8
2,28,11465,0,8
2,29,8456,1,0
2,30,7623,1,0
2,31,7459,1,0
2,32,7606,1,0
2,33,5251,1,0
2,34,7052,1,0
2,35,13911,0,8
2,36,8749,0,8
2,37,11013,0,8
2,38,11068,0,8
2,39,4568,1,0
2,40,9917,1,0
2,41,8750,1,0
2,42,23273,0,8
2,43,14268,0,8
2,44,8561,1,0
2,45,12440,0,8
2,46,8727,1,0
2,47,13449,0,8
2,48,8478,1,0
2,49,12969,0,8
2,50,10226,0,8
2,51,6386,1,0
2,52,12853,0,8
2,53,6623,1,0
2,54,9119,1,0
2,55,10312,0,8
2,56,5915,1,0
2,57,6279,1,0
2,58,8107,0,8
2,59,12406,0,8
3,0,122875,1,0
3,1,14893,1,0
3,2,10821,1,0
3,3,5838,1,0
3,4,9403,1,0
3,5,6630,1,0
3,6,4997,1,0
3,7,9955,1,0
3,8,7243,1,0
3,9,6668,1,0
3,10,11080,1,0
3,11,13758,1,0
3,12,13941,1,0
3,13,13456,1,0
3,14,13816,1,0
3,15,13931,1,0
3,16,6055,1,0
3,17,5352,1,0
3,18,6558,1,0
3,19,14953,1,0
3,20,7134,1,0
3,21,9404,1,0
3,22,45402,1,0
3,23,8121,1,0
3,24,10487,1,0
3,25,7875,1,0
3,26,35292,1,0
3,27,12653,0,8
3,28,13669,0,8
3,29,4142,1,0
3,30,5106,1,0
3,31,16536,0,8
3,32,10846,1,0
3,33,5399,1,0
3,34,9265,0,8
3,35,14403,0,8
3,36,5564,1,0
3,37,8915,1,0
3,38,5429,1,0
3,39,5558,1,0
3,40,14615,0,8
3,41,12897,0,8
3,42,4112,1,0
3,43,13755,0,8
3,44,8086,0,8
3,45,7594,1,0
3,46,5264,1,0
3,47,7460,0,8
3,48,4784,1,0
3,49,8892,1,0
3,50,6607,1,0
3,51,5128,1,0
3,52,15157,0,8
3,53,6692,1,0
3,54,5313,1,0
3,55,12122,0,8
3,56,10873,1,0
3,57,11796,0,8
3,58,13280,0,8
3,59,15981,0,8
4,0,123457,1,0
4,1,16352,1,0
4,2,20157,1,0
4,3,10996,1,0
4,4,6230,1,0
4,5,13669,1,0
4,6,14455,1,0
4,7,7493,1,0
4,8,11701,1,0
4,9,8846,1,0
4,10,12403,1,0
4,11,11521,1,0
4,12,8272,1,0
4,13,10348,1,0
4,14,11229,1,0
4,15,11285,1,0
4,16,9982,1,0
4,17,12808,1,0
4,18,4969,1,0
4,19,6301,1,0
4,20,11169,1,0
4,21,11667,1,0
4,22,50722,1,0
4,23,9418,1,0
4,24,7449,1,0
4,25,15281,1,0
4,26,36838,1,0
4,27,12621,1,0
4,28,6219,1,0
4,29,9380,1,0
4,30,8154,1,0
4,31,9144,1,0
4,32,15768,1,0
4,33,10587,1,0
4,34,7202,1,0
4,35,9682,1,0
4,36,9380,1,0
4,37,14575,1,0
4,38,8508,1,0
4,39,7947,1,0
4,40,16824,1,0
4,41,7098,1,0
4,42,7729,1,0
4,43,11749,0,8
4,44,7132,1,0
4,45,12606,0,8
4,46,8243,1,0
4,47,11525,0,8
4,48,11246,1,0
4,49,11404,1,0
4,50,10404,1,0
4,51,9799,1,0
4,52,8772,1,0
4,53,11523,1,0
4,54,11816,0,8
4,55,11490,0,8
4,56,10998,1,0
4,57,11524,0,8
4,58,7979,1,0
4,59,9230,1,0
5,0,123279,1,0
5,1,13280,1,0
5,2,13842,1,0
5,3,4744,1,0
5,4,12491,1,0
5,5,13879,1,0
5,6,12595,1,0
5,7,7337,1,0
5,8,8829,1,0
5,9,6357,1,0
5,10,7911,1,0
5,11,7936,1,0
5,12,9160,1,0
5,13,9573,1,0
5,14,7617,1,0
5,15,6018,1,0
5,16,6074,1,0
5,17,11818,1,0
5,18,6127,1,0
5,19,10440,1,0
5,20,13145,1,0
5,21,14420,1,0
5,22,40337,1,0
5,23,4630,1,0
5,24,9461,1,0
5,25,11230,1,0
5,26,33428,1,0
5,27,7201,1,0
5,28,4536,1,0
5,29,9262,1,0
5,30,6808,1,0
5,31,4230,1,0
5,32,9292,1,0
5,33,5674,1,0
5,34,6039,1,0
5,35,3976,1,0
5,36,9108,0,8
5,37,7462,1,0
5,38,6623,1,0
5,39,4441,1,0
5,40,11925,1,0
5,41,6600,1,0
5,42,10341,0,8
5,43,5617,1,0
5,44,11391,1,0
5,45,10844,0,8
5,46,11524,0,8
5,47,11141,0,8
5,48,7562,1,0
5,49,6396,1,0
5,50,11450,0,8
5,51,8108,1,0
5,52,11684,0,8
5,53,8605,1,0
5,54,13536,0,8
5,55,9483,0,8
5,56,5557,1,0
5,57,6356,1,0
5,58,11612,0,8
5,59,11126,1,0
6,0,123441,1,0
6,1,10884,1,0
6,2,17834,1,0
6,3,5635,1,0
6,4,5802,1,0
6,5,9132,1,0
6,6,5107,1,0
6,7,9739,1,0
6,8,8056,1,0
6,9,7677,1,0
6,10,6238,1,0
6,11,14131,1,0
6,12,13707,1,0
6,13,7940,1,0
6,14,11327,1,0
6,15,7934,1,0
6,16,9702,1,0
6,17,9432,1,0
6,18,12899,1,0
6,19,8286,1,0
6,20,9871,1,0
6,21,9576,1,0
6,22,49697,1,0
6,23,11050,1,0
6,24,10125,1,0
6,25,16610,1,0
6,26,29393,1,0
6,27,10296,0,8
6,28,5489,1,0
6,29,6314,1,0
6,30,6429,0,8
6,31,8022,1,0
6,32,9024,1,0
6,33,8228,0,8
6,34,8794,1,0
6,35,5596,0,8
6,36,11913,0,8
6,37,14930,0,8
6,38,4061,1,0
6,39,12835,0,8
6,40,10513,1,0
6,41,7648,1,0
6,42,10356,1,0
6,43,10355,1,0
6,44,11638,0,8
6,45,2544,1,0
6,46,7824,1,0
6,47,12846,0,8
6,48,6330,0,8
6,49,6887,1,0
6,50,5345,1,0
6,51,5823,1,0
6,52,6661,1,0
6,53,10785,0,8
6,54,7863,1,0
6,55,4702,1,0
6,56,8351,1,0
6,57,7198,1,0
6,58,7597,0,8
6,59,8765,1,0
7,0,123617,1,0
7,1,11383,1,0
7,2,6232,1,0
7,3,12281,1,0
7,4,12233,1,0
7,5,11683,1,0
7,6,11620,1,0
7,7,9641,1,0
7,8,9555,1,0
7,9,8444,1,0
7,10,10239,1,0
7,11,7384,1,0
7,12,14741,1,0
7,13,8620,1,0
7,14,5235,1,0
7,15,9091,1,0
7,16,10328,1,0
7,17,7274,1,0
7,18,10177,1,0
7,19,8077,1,0
7,20,11696,1,0
7,21,11078,1,0
7,22,49114,1,0
7,23,7408,1,0
7,24,5493,1,0
7,25,9755,1,0
7,26,29686,1,0
7,27,14894,0,8
7,28,2787,1,0
7,29,6642,1,0
7,30,12004,0,8
7,31,4786,1,0
7,32,11539,1,0
7,33,5936,1,0
7,34,15143,0,8
7,35,3858,1,0
7,36,6383,1,0
7,37,7587,1,0
7,38,7677,1,0
7,39,12138,0,8
7,40,11833,1,0
7,41,13462,0,8
7,42,10443,0,8
7,43,5978,1,0
7,44,11603,0,8
7,45,12484,0,8
7,46,3904,1,0
7,47,10430,1,0
7,48,7998,1,0
7,49,7530,1,0
7,50,6081,1,0
7,51,11130,0,8
7,52,6140,1,0
7,53,5053,1,0
7,54,9121,0,8
7,55,6217,1,0
7,56,9981,1,0
7,57,8985,1,0
7,58,12318,0,8
7,59,19226,0,8
8,0,123458,1,0
8,1,9757,1,0
8,2,5507,1,0
8,3,9465,1,0
8,4,5437,1,0
8,5,9368,1,0
8,6,5790,1,0
8,7,7225,1,0
8,8,5455,1,0
8,9,6283,1,0
8,10,9030,1,0
8,11,4993,1,0
8,12,16471,1,0
8,13,5540,1,0
8,14,5518,1,0
8,15,6801,1,0
8,16,9589,1,0
8,17,2292,1,0
8,18,4285,1,0
8,19,5584,1,0
8,20,6638,1,0
8,21,11702,1,0
8,22,39248,1,0
8,23,14307,1,0
8,24,5867,1,0
8,25,13085,0,8
8,26,29232,1,0
8,27,9861,0,8
8,28,9241,1,0
8,29,3269,1,0
8,30,5754,1,0
8,31,5232,1,0
8,32,12755,1,0
8,33,4323,1,0
8,34,6729,1,0
8,35,7092,1,0
8,36,4644,1,0
8,37,14066,0,8
8,38,3425,1,0
8,39,2946,1,0
8,40,12410,1,0
8,41,11578,0,8
8,42,3038,1,0
8,43,3139,1,0
8,44,5281,1,0
8,45,7001,1,0
8,46,4241,1,0
8,47,5233,1,0
8,48,8647,0,8
8,49,7231,1,0
8,50,8178,1,0
8,51,2334,1,0
8,52,14241,0,8
8,53,6351,1,0
8,54,3165,1,0
8,55,4102,1,0
8,56,7861,0,8
8,57,5854,1,0
8,58,3478,1,0
8,59,4386,1,0
9,0,123665,1,0
9,1,16341,1,0
9,2,6104,1,0
9,3,14147,1,0
9,4,5878,1,0
9,5,9381,1,0
9,6,11626,1,0
9,7,5465,1,0
9,8,8877,1,0
9,9,13024,1,0
9,10,8125,1,0
9,11,9525,1,0
9,12,10386,1,0
9,13,8755,1,0
9,14,11564,1,0
9,15,11342,1,0
9,16,4328,1,0
9,17,12396,1,0
9,18,8494,1,0
9,19,11376,1,0
9,20,9815,1,0
9,21,9826,1,0
9,22,48493,0,8
9,23,8865,0,8
9,24,19188,0,8
9,25,6959,1,0
9,26,37283,0,8
9,27,12932,0,8
9,28,7574,1,0
9,29,8409,0,8
9,30,9693,1,0
9,31,14300,0,8
9,32,13134,0,8
9,33,11743,0,8
9,34,11302,0,8
9,35,13936,0,8
9,36,5062,1,0
9,37,12831,0,8
9,38,13189,0,8
9,39,7694,0,8
9,40,16490,0,8
9,41,10417,0,8
9,42,19380,0,8
9,43,11289,0,8
9,44,7811,1,0
9,45,14516,0,8
9,46,6985,0,8
9,47,10419,0,8
9,48,9017,0,8
9,49,7584,1,0
9,50,10625,0,8
9,51,4976,1,0
9,52,9813,1,0
9,53,10617,0,8
9,54,7719,1,0
9,55,9649,0,8
9,56,8498,0,8
9,57,7087,1,0
9,58,9250,0,8
9,59,13054,0,8
10,0,123595,1,0
10,1,19310,1,0
10,2,7154,1,0
10,3,12092,1,0
10,4,6723,1,0
10,5,12284,1,0
10,6,10902,1,0
10,7,9151,1,0
10,8,9012,1,0
10,9,9232,1,0
10,10,14925,1,0
10,11,7559,1,0
10,12,12032,1,0
10,13,8517,1,0
10,14,12989,1,0
10,15,5991,1,0
10,16,8978,1,0
10,17,10588,1,0
10,18,4165,1,0
10,19,11171,1,0
10,20,16115,1,0
10,21,10076,1,0
10,22,49741,1,0
10,23,11448,1,0
10,24,9111,1,0
10,25,8532,1,0
10,26,36920,0,8
10,27,5169,1,0
10,28,13111,0,8
10,29,6416,1,0
10,30,8426,0,8
10,31,7749,1,0
10,32,15935,0,8
10,33,9643,0,8
10,34,11382,0,8
10,35,12396,0,8
10,36,12231,0,8
10,37,10254,1,0
10,38,10794,0,8
10,39,9356,1,0
10,40,14824,0,8
10,41,10968,1,0
10,42,23194,0,8
10,43,5585,1,0
10,44,11424,0,8
10,45,14147,0,8
10,46,8330,0,8
10,47,13137,0,8
10,48,12950,0,8
10,49,13904,0,8
10,50,7392,1,0
10,51,9649,0,8
10,52,15314,0,8
10,53,9326,1,0
10,54,8967,0,8
10,55,11808,0,8
10,56,12549,0,8
10,57,10527,0,8
10,58,7426,0,8
10,59,7400,1,0
11,0,122674,1,0
11,1,16079,1,0
11,2,22262,1,0
11,3,6467,1,0
11,4,9827,1,0
11,5,6585,1,0
11,6,14233,1,0
11,7,4684,1,0
11,8,7242,1,0
11,9,15094,1,0
11,10,13909,1,0
11,11,7616,1,0
11,12,12948,1,0
11,13,13403,1,0
11,14,13823,1,0
11,15,11487,1,0
11,16,6050,1,0
11,17,13965,1,0
11,18,6228,1,0
11,19,8047,1,0
11,20,8010,1,0
11,21,9617,1,0
11,22,41823,1,0
11,23,14760,0,8
11,24,19650,0,8
11,25,7698,1,0
11,26,37433,0,8
11,27,14577,0,8
11,28,6940,0,8
11,29,5127,1,0
11,30,6614,1,0
11,31,16588,0,8
11,32,19874,0,8
11,33,5517,1,0
11,34,9243,0,8
11,35,14424,0,8
11,36,12842,0,8
11,37,16041,0,8
11,38,6134,1,0
11,39,6534,1,0
11,40,8971,1,0
11,41,11981,0,8
11,42,22759,0,8
11,43,14912,0,8
11,44,9035,1,0
11,45,9949,1,0
11,46,5416,1,0
11,47,7503,1,0
11,48,4252,1,0
11,49,14448,0,8
11,50,6824,1,0
11,51,6115,1,0
11,52,10895,0,8
11,53,5950,0,8
11,54,8464,0,8
11,55,8042,1,0
11,56,10800,0,8
11,57,12875,0,8
11,58,13259,0,8
11,59,5133,1,0
12,0,123563,1,0
12,1,14333,1,0
12,2,17036,1,0
12,3,8075,1,0
12,4,11025,1,0
12,5,12054,1,0
12,6,11967,1,0
12,7,6323,1,0
12,8,6040,1,0
12,9,14247,1,0
12,10,9607,1,0
12,11,14350,1,0
12,12,10960,1,0
12,13,7923,1,0
12,14,8469,1,0
12,15,7595,1,0
12,16,9251,1,0
12,17,7448,1,0
12,18,4018,1,0
12,19,10434,1,0
12,20,13563,1,0
12,21,12505,1,0
12,22,42463,1,0
12,23,6473,1,0
12,24,3394,1,0
12,25,6394,1,0
12,26,32627,1,0
12,27,6278,1,0
12,28,6097,1,0
12,29,9902,0,8
12,30,8623,1,0
12,31,7615,0,8
12,32,9705,1,0
12,33,7847,0,8
12,34,6820,1,0
12,35,8348,0,8
12,36,5368,1,0
12,37,5936,1,0
12,38,9942,0,8
12,39,8916,0,8
12,40,10900,1,0
12,41,6944,1,0
12,42,10318,0,8
12,43,8826,1,0
12,44,5162,1,0
12,45,14462,0,8
12,46,6940,0,8
12,47,8759,1,0
12,48,6149,1,0
12,49,3933,1,0
12,50,10913,0,8
12,51,8748,1,0
12,52,6234,1,0
12,53,5132,1,0
12,54,9005,0,8
12,55,10972,0,8
12,56,9425,0,8
12,57,8819,1,0
12,58,3684,1,0
12,59,7473,0,8
13,0,105408,1,0
13,1,15868,1,0
13,2,22349,1,0
13,3,6675,1,0
13,4,8586,1,0
13,5,7433,1,0
13,6,14210,1,0
13,7,4519,1,0
13,8,7375,1,0
13,9,6352,1,0
13,10,14494,1,0
13,11,5097,1,0
13,12,13224,1,0
13,13,5995,1,0
13,14,13792,1,0
13,15,13210,1,0
13,16,6241,1,0
13,17,5734,1,0
13,18,7733,1,0
13,19,8785,1,0
13,20,8007,1,0
13,21,13264,1,0
13,22,40646,1,0
13,23,6712,1,0
13,24,20447,1,0
13,25,7948,1,0
13,26,29259,1,0
13,27,14968,1,0
13,28,13775,1,0
13,29,5109,1,0
13,30,12544,1,0
13,31,16933,1,0
13,32,11762,1,0
13,33,12141,1,0
13,34,10736,1,0
13,35,4423,1,0
13,36,5887,1,0
13,37,9538,1,0
13,38,6008,1,0
13,39,6822,1,0
13,40,14441,1,0
13,41,11891,0,8
13,42,10353,1,0
13,43,15611,0,8
13,44,9255,1,0
13,45,7739,1,0
13,46,6423,1,0
13,47,8600,1,0
13,48,7925,1,0
13,49,8651,1,0
13,50,10024,0,8
13,51,12489,0,8
13,52,16089,0,8
13,53,6765,1,0
13,54,6267,1,0
13,55,12196,0,8
13,56,13516,0,8
13,57,11602,0,8
13,58,13139,0,8
13,59,18034,0,8
14,0,123405,1,0
14,1,16895,1,0
14,2,13716,1,0
14,3,8779,1,0
14,4,15030,1,0
14,5,15198,1,0
14,6,13981,1,0
14,7,15027,1,0
14,8,11788,1,0
14,9,14122,1,0
14,10,10108,1,0
14,11,13972,1,0
14,12,15339,1,0
14,13,11969,1,0
14,14,7076,1,0
14,15,14997,1,0
14,16,5783,1,0
14,17,11604,1,0
14,18,11415,1,0
14,19,14357,1,0
14,20,13797,1,0
14,21,9406,1,0
14,22,52630,1,0
14,23,5273,1,0
14,24,10857,1,0
14,25,14311,1,0
14,26,35017,1,0
14,27,5401,1,0
14,28,10951,1,0
14,29,10951,1,0
14,30,9292,1,0
14,31,10212,1,0
14,32,15696,1,0
14,33,5181,1,0
14,34,9233,1,0
14,35,8363,1,0
14,36,5442,1,0
14,37,11559,1,0
14,38,12850,0,8
14,39,10261,0,8
14,40,16688,1,0
14,41,11986,1,0
14,42,8123,1,0
14,43,14376,0,8
14,44,9439,1,0
14,45,9335,1,0
14,46,12126,0,8
14,47,13387,0,8
14,48,14425,0,8
14,49,11709,0,8
14,50,8003,0,8
14,51,8172,1,0
14,52,7429,1,0
14,53,5807,1,0
14,54,13473,0,8
14,55,11350,1,0
14,56,12971,0,8
14,57,6762,1,0
14,58,8872,1,0
14,59,12450,1,0
15,0,122527,1,0
15,1,15744,1,0
15,2,10716,1,0
15,3,6537,1,0
15,4,9837,1,0
15,5,7105,1,0
15,6,14013,1,0
15,7,13081,1,0
15,8,7976,1,0
15,9,6196,1,0
15,10,14018,1,0
15,11,7671,1,0
15,12,13194,1,0
15,13,5329,1,0
15,14,13744,1,0
15,15,13864,1,0
15,16,5774,1,0
15,17,13646,1,0
15,18,12554,1,0
15,19,9788,1,0
15,20,8869,1,0
15,21,8845,1,0
15,22,45841,1,0
15,23,14571,0,8
15,24,20406,0,8
15,25,15295,0,8
15,26,29840,1,0
15,27,5969,1,0
15,28,13761,0,8
15,29,5033,1,0
15,30,13392,0,8
15,31,16852,0,8
15,32,11830,1,0
15,33,10840,0,8
15,34,10823,0,8
15,35,4336,1,0
15,36,6590,0,8
15,37,9683,1,0
15,38,5155,1,0
15,39,6435,1,0
15,40,16116,0,8
15,41,12050,0,8
15,42,10432,1,0
15,43,15622,0,8
15,44,9239,0,8
15,45,5788,1,0
15,46,5525,0,8
15,47,7354,1,0
15,48,5373,1,0
15,49,7520,1,0
15,50,6464,1,0
15,51,5827,1,0
15,52,16203,0,8
15,53,6706,0,8
15,54,6242,1,0
15,55,12223,0,8
15,56,11600,0,8
15,57,10782,0,8
15,58,12938,0,8
15,59,4171,1,0
16,0,122626,1,0
16,1,14902,1,0
16,2,22485,1,0
16,3,6790,1,0
16,4,8377,1,0
16,5,7174,1,0
16,6,7709,1,0
16,7,12849,1,0
16,8,7435,1,0
16,9,5453,1,0
16,10,13862,1,0
16,11,5234,1,0
16,12,12071,1,0
16,13,5772,1,0
16,14,13745,1,0
16,15,11985,1,0
16,16,5432,1,0
16,17,6186,1,0
16,18,7767,1,0
16,19,8333,1,0
16,20,8744,1,0
16,21,12622,1,0
16,22,44790,1,0
16,23,6688,1,0
16,24,20412,1,0
16,25,7736,1,0
16,26,29894,1,0
16,27,6771,1,0
16,28,13849,1,0
16,29,5025,1,0
16,30,12602,1,0
16,31,17047,1,0
16,32,11836,1,0
16,33,6522,1,0
16,34,11320,1,0
16,35,5175,1,0
16,36,13191,1,0
16,37,9043,1,0
16,38,5181,1,0
16,39,6397,1,0
16,40,13526,1,0
16,41,13295,1,0
16,42,10578,1,0
16,43,5794,1,0
16,44,9236,1,0
16,45,4138,1,0
16,46,5996,1,0
16,47,7224,1,0
16,48,4862,1,0
16,49,7556,1,0
16,50,10122,1,0
16,51,10959,0,8
16,52,7370,1,0
16,53,6894,1,0
16,54,6513,1,0
16,55,12185,0,8
16,56,12676,0,8
16,57,11418,0,8
16,58,12913,0,8
16,59,5139,1,0
17,0,122894,1,0
17,1,15846,1,0
17,2,21053,1,0
17,3,6576,1,0
17,4,8615,1,0
17,5,7137,1,0
17,6,14108,1,0
17,7,13158,1,0
17,8,8187,1,0
17,9,5316,1,0
17,10,13820,1,0
17,11,7607,1,0
17,12,12349,1,0
17,13,5787,1,0
17,14,13958,1,0
17,15,13087,1,0
17,16,5652,1,0
17,17,6185,1,0
17,18,6241,1,0
17,19,8692,1,0
17,20,9073,1,0
17,21,14477,1,0
17,22,45876,1,0
17,23,7405,1,0
17,24,20446,1,0
17,25,6907,1,0
17,26,30058,1,0
17,27,14753,1,0
17,28,13741,1,0
17,29,4865,1,0
17,30,13569,1,0
17,31,17029,1,0
17,32,11727,1,0
17,33,11172,1,0
17,34,10735,1,0
17,35,4636,1,0
17,36,11471,1,0
17,37,16031,0,8
17,38,5748,1,0
17,39,7044,1,0
17,40,15954,1,0
17,41,5702,1,0
17,42,5412,1,0
17,43,6087,1,0
17,44,9136,1,0
17,45,4701,1,0
17,46,5509,1,0
17,47,8005,1,0
17,48,5491,1,0
17,49,8457,1,0
17,50,5453,1,0
17,51,12516,0,8
17,52,7634,1,0
17,53,6687,1,0
17,54,5052,1,0
17,55,12651,0,8
17,56,11738,0,8
17,57,11374,0,8
17,58,13001,0,8
17,59,4773,1,0
18,0,123035,1,0
18,1,16391,1,0
18,2,10747,1,0
18,3,5669,1,0
18,4,8675,1,0
18,5,6257,1,0
18,6,13243,1,0
18,7,11823,1,0
18,8,7412,1,0
18,9,5905,1,0
18,10,10509,1,0
18,11,4253,1,0
18,12,16111,1,0
18,13,13379,1,0
18,14,13877,1,0
18,15,11548,1,0
18,16,12527,1,0
18,17,5865,1,0
18,18,7554,1,0
18,19,14868,1,0
18,20,11701,1,0
18,21,14007,0,8
18,22,41322,1,0
18,23,14530,0,8
18,24,19412,0,8
18,25,7394,1,0
18,26,37323,0,8
18,27,12772,0,8
18,28,13576,0,8
18,29,5097,1,0
18,30,11440,0,8
18,31,16568,0,8
18,32,11892,1,0
18,33,7322,0,8
18,34,10813,1,0
18,35,14361,0,8
18,36,6546,1,0
18,37,15496,0,8
18,38,5401,1,0
18,39,5573,0,8
18,40,12537,1,0
18,41,12877,0,8
18,42,22841,0,8
18,43,11921,0,8
18,44,9523,0,8
18,45,4926,1,0
18,46,4667,1,0
18,47,7443,0,8
18,48,4333,1,0
18,49,14383,0,8
18,50,6098,1,0
18,51,5286,1,0
18,52,14812,0,8
18,53,13326,0,8
18,54,5172,1,0
18,55,12088,0,8
18,56,9572,0,8
18,57,11423,0,8
18,58,4244,1,0
18,59,16283,1,0
19,0,119887,1,0
19,1,11746,1,0
19,2,20981,1,0
19,3,12891,1,0
19,4,15367,1,0
19,5,15313,1,0
19,6,8223,1,0
19,7,14918,1,0
19,8,6815,1,0
19,9,13128,1,0
19,10,14092,1,0
19,11,12413,1,0
19,12,9247,1,0
19,13,12322,1,0
19,14,8962,1,0
19,15,7444,1,0
19,16,10429,1,0
19,17,11896,1,0
19,18,12461,1,0
19,19,13064,1,0
19,20,6774,1,0
19,21,13487,1,0
19,22,52399,1,0
19,23,14520,1,0
19,24,18858,0,8
19,25,5807,1,0
19,26,33317,0,8
19,27,6125,1,0
19,28,10451,1,0
19,29,11109,0,8
19,30,8913,0,8
19,31,12975,0,8
19,32,18253,0,8
19,33,9728,0,8
19,34,13317,0,8
19,35,8873,1,0
19,36,9660,0,8
19,37,10227,1,0
19,38,9994,0,8
19,39,12269,0,8
19,40,15021,0,8
19,41,12438,0,8
19,42,9684,0,8
19,43,14068,0,8
19,44,16362,0,8
19,45,9796,0,8
19,46,10508,0,8
19,47,11511,0,8
19,48,12459,0,8
19,49,6707,1,0
19,50,12463,0,8
19,51,12094,0,8
19,52,15314,0,8
19,53,12323,0,8
19,54,12445,0,8
19,55,13104,0,8
19,56,13069,0,8
19,57,8876,1,0
19,58,8828,0,8
19,59,6833,1,0
20,0,123362,1,0
20,1,13881,1,0
20,2,7514,1,0
20,3,9486,1,0
20,4,8939,1,0
20,5,5794,1,0
20,6,6964,1,0
20,7,8101,1,0
20,8,6319,1,0
20,9,6057,1,0
20,10,6432,1,0
20,11,4503,1,0
20,12,7334,1,0
20,13,7068,1,0
20,14,7322,1,0
20,15,4423,1,0
20,16,11394,1,0
20,17,6109,1,0
20,18,6155,1,0
20,19,6021,1,0
20,20,6184,1,0
20,21,6193,1,0
20,22,41745,1,0
20,23,8506,1,0
20,24,7726,1,0
20,25,9185,1,0
20,26,28776,1,0
20,27,6020,1,0
20,28,5561,1,0
20,29,4608,1,0
20,30,7108,0,8
20,31,9294,0,8
20,32,20742,0,8
20,33,9326,0,8
20,34,4769,1,0
20,35,5211,1,0
20,36,4654,1,0
20,37,7475,1,0
20,38,3327,1,0
20,39,5455,1,0
20,40,19882,0,8
20,41,10609,1,0
20,42,3077,1,0
20,43,11645,0,8
20,44,10153,1,0
20,45,8552,0,8
20,46,4204,1,0
20,47,5986,1,0
20,48,4019,1,0
20,49,7914,1,0
20,50,9304,1,0
20,51,10207,0,8
20,52,15687,0,8
20,53,7717,1,0
20,54,5778,1,0
20,55,8866,1,0
20,56,11887,0,8
20,57,5797,1,0
20,58,7999,0,8
20,59,4429,1,0
21,0,123200,1,0
21,1,9705,1,0
21,2,5783,1,0
21,3,5652,1,0
21,4,5683,1,0
21,5,5929,1,0
21,6,7535,1,0
21,7,8803,1,0
21,8,6122,1,0
21,9,14580,1,0
21,10,10961,1,0
21,11,4550,1,0
21,12,1912,1,0
21,13,6973,1,0
21,14,7419,1,0
21,15,4361,1,0
21,16,7449,1,0
21,17,1687,1,0
21,18,5449,1,0
21,19,10030,1,0
21,20,12374,1,0
21,21,12205,1,0
21,22,40381,1,0
21,23,2255,1,0
21,24,2424,1,0
21,25,15232,0,8
21,26,31777,1,0
21,27,16032,0,8
21,28,3164,1,0
21,29,6239,1,0
21,30,3776,1,0
21,31,3011,1,0
21,32,7828,1,0
21,33,8699,0,8
21,34,9343,0,8
21,35,2713,1,0
21,36,5658,1,0
21,37,7746,1,0
21,38,4707,1,0
21,39,3305,1,0
21,40,3034,1,0
21,41,8931,0,8
21,42,3653,1,0
21,43,9191,1,0
21,44,8881,0,8
21,45,2769,1,0
21,46,10812,0,8
21,47,5043,1,0
21,48,6607,1,0
21,49,3883,1,0
21,50,7650,1,0
21,51,9430,0,8
21,52,6092,1,0
21,53,6757,0,8
21,54,8312,1,0
21,55,7306,0,8
21,56,4234,1,0
21,57,7362,1,0
21,58,3298,1,0
21,59,6331,1,0
22,0,122983,1,0
22,1,18732,1,0
22,2,17589,1,0
22,3,9364,1,0
22,4,9454,1,0
22,5,5670,1,0
22,6,13889,1,0
22,7,11383,1,0
22,8,14297,1,0
22,9,11563,1,0
22,10,7965,1,0
22,11,8592,1,0
22,12,11042,1,0
22,13,10162,1,0
22,14,6579,1,0
22,15,13189,1,0
22,16,11673,1,0
22,17,5738,1,0
22,18,10199,1,0
22,19,12816,1,0
22,20,6822,1,0
22,21,8250,1,0
22,22,50966,1,0
22,23,12854,1,0
22,24,20114,1,0
22,25,6894,1,0
22,26,31973,1,0
22,27,15111,0,8
22,28,13616,0,8
22,29,8178,1,0
22,30,12529,0,8
22,31,9229,1,0
22,32,13199,1,0
22,33,4313,1,0
22,34,7089,1,0
22,35,8612,0,8
22,36,9055,1,0
22,37,13679,0,8
22,38,8681,1,0
22,39,8904,1,0
22,40,9569,1,0
22,41,9225,1,0
22,42,6854,1,0
22,43,14089,0,8
22,44,7948,1,0
22,45,11582,0,8
22,46,5763,1,0
22,47,12333,0,8
22,48,14064,0,8
22,49,12728,0,8
22,50,10602,0,8
22,51,10440,0,8
22,52,5983,1,0
22,53,10254,1,0
22,54,10956,0,8
22,55,6046,1,0
22,56,12012,0,8
22,57,9604,1,0
22,58,6136,1,0
22,59,8555,1,0
23,0,122959,1,0
23,1,16685,1,0
23,2,22067,1,0
23,3,7975,1,0
23,4,5820,1,0
23,5,11834,1,0
23,6,7210,1,0
23,7,8626,1,0
23,8,14318,1,0
23,9,14996,1,0
23,10,12739,1,0
23,11,9497,1,0
23,12,10127,1,0
23,13,11074,1,0
23,14,7573,1,0
23,15,9115,1,0
23,16,6944,1,0
23,17,13302,1,0
23,18,4017,1,0
23,19,12051,1,0
23,20,8540,1,0
23,21,14371,1,0
23,22,44424,1,0
23,23,13153,0,8
23,24,6149,0,8
23,25,5497,1,0
23,26,35618,0,8
23,27,5160,1,0
23,28,5960,1,0
23,29,8112,1,0
23,30,8428,0,8
23,31,5761,1,0
23,32,18278,0,8
23,33,12075,0,8
23,34,6359,1,0
23,35,8636,0,8
23,36,10489,0,8
23,37,10570,0,8
23,38,8753,1,0
23,39,10073,0,8
23,40,16835,0,8
23,41,6535,1,0
23,42,6076,0,8
23,43,10450,0,8
23,44,13470,0,8
23,45,4205,1,0
23,46,4087,1,0
23,47,10579,0,8
23,48,8638,0,8
23,49,11619,0,8
23,50,6880,1,0
23,51,12208,0,8
23,52,11385,0,8
23,53,7653,0,8
23,54,10507,0,8
23,55,11386,0,8
23,56,5658,1,0
23,57,10465,0,8
23,58,6345,1,0
23,59,4242,1,0
24,0,122319,1,0
24,1,10837,1,0
24,2,12093,1,0
24,3,10538,1,0
24,4,6389,1,0
24,5,13787,1,0
24,6,8852,1,0
24,7,7797,1,0
24,8,7100,1,0
24,9,8513,1,0
24,10,9754,1,0
24,11,14428,1,0
24,12,8158,1,0
24,13,7085,1,0
24,14,8511,1,0
24,15,13221,1,0
24,16,7483,1,0
24,17,6950,1,0
24,18,10103,1,0
24,19,11039,1,0
24,20,9976,1,0
24,21,6155,1,0
24,22,41619,1,0
24,23,6353,1,0
24,24,2718,1,0
24,25,11412,0,8
24,26,35970,0,8
24,27,10935,0,8
24,28,7695,0,8
24,29,13774,0,8
24,30,7533,1,0
24,31,7697,1,0
24,32,9114,1,0
24,33,9760,0,8
24,34,8003,1,0
24,35,5185,1,0
24,36,8509,0,8
24,37,7916,1,0
24,38,3385,1,0
24,39,5951,1,0
24,40,10149,1,0
24,41,8094,1,0
24,42,20355,0,8
24,43,9351,0,8
24,44,6221,1,0
24,45,5925,1,0
24,46,13052,0,8
24,47,7976,1,0
24,48,4451,1,0
24,49,3608,1,0
24,50,5301,1,0
24,51,12508,0,8
24,52,15457,0,8
24,53,4803,1,0
24,54,3543,1,0
24,55,5094,1,0
24,56,9965,0,8
24,57,4607,1,0
24,58,3867,1,0
24,59,5835,1,0
25,0,121447,1,0
25,1,13900,1,0
25,2,20444,1,0
25,3,13673,1,0
25,4,8444,1,0
25,5,5931,1,0
25,6,13250,1,0
25,7,11058,1,0
25,8,6851,1,0
25,9,15408,1,0
25,10,14661,1,0
25,11,12638,1,0
25,12,10111,1,0
25,13,13352,1,0
25,14,13878,1,0
25,15,12951,1,0
25,16,11995,1,0
25,17,5371,1,0
25,18,5644,1,0
25,19,15266,1,0
25,20,7158,1,0
25,21,14827,1,0
25,22,40213,1,0
25,23,14812,1,0
25,24,11039,1,0
25,25,6078,1,0
25,26,30404,1,0
25,27,14864,1,0
25,28,13695,1,0
25,29,13231,1,0
25,30,10786,1,0
25,31,15726,1,0
25,32,10871,1,0
25,33,5481,1,0
25,34,5490,1,0
25,35,4111,1,0
25,36,6756,1,0
25,37,15441,0,8
25,38,4847,1,0
25,39,11919,0,8
25,40,10660,1,0
25,41,6530,1,0
25,42,20641,0,8
25,43,15757,0,8
25,44,7533,1,0
25,45,4137,1,0
25,46,12540,0,8
25,47,6708,1,0
25,48,8031,1,0
25,49,8754,1,0
25,50,5203,1,0
25,51,4976,1,0
25,52,14958,0,8
25,53,5772,1,0
25,54,4651,1,0
25,55,12157,0,8
25,56,8698,1,0
25,57,8976,0,8
25,58,13282,0,8
25,59,15198,0,8
26,0,106218,1,0
26,1,11775,1,0
26,2,16105,1,0
26,3,10230,1,0
26,4,13769,1,0
26,5,10324,1,0
26,6,6881,1,0
26,7,15578,1,0
26,8,14920,1,0
26,9,15132,1,0
26,10,7299,1,0
26,11,9777,1,0
26,12,10194,1,0
26,13,9458,1,0
26,14,13983,1,0
26,15,14238,1,0
26,16,9094,1,0
26,17,6806,1,0
26,18,10591,1,0
26,19,12009,1,0
26,20,13391,1,0
26,21,11131,1,0
26,22,51069,1,0
26,23,14827,1,0
26,24,18176,1,0
26,25,15655,0,8
26,26,32926,0,8
26,27,4868,1,0
26,28,10736,0,8
26,29,3775,1,0
26,30,10780,0,8
26,31,16917,0,8
26,32,16085,0,8
26,33,10971,0,8
26,34,13427,0,8
26,35,12309,0,8
26,36,5646,1,0
26,37,16072,0,8
26,38,10927,0,8
26,39,9978,0,8
26,40,16634,0,8
26,41,11056,0,8
26,42,9719,0,8
26,43,5422,1,0
26,44,14916,0,8
26,45,3480,1,0
26,46,8251,1,0
26,47,8619,0,8
26,48,12588,0,8
26,49,12721,0,8
26,50,4851,1,0
26,51,9677,0,8
26,52,14956,0,8
26,53,11443,0,8
26,54,13239,0,8
26,55,7021,0,8
26,56,7070,0,8
26,57,9680,0,8
26,58,8013,0,8
26,59,11465,0,8
27,0,122045,1,0
27,1,16733,1,0
27,2,14146,1,0
27,3,5854,1,0
27,4,12354,1,0
27,5,10301,1,0
27,6,14698,1,0
27,7,7734,1,0
27,8,11662,1,0
27,9,9302,1,0
27,10,15170,1,0
27,11,8706,1,0
27,12,15542,1,0
27,13,10188,1,0
27,14,11480,1,0
27,15,13739,1,0
27,16,11887,1,0
27,17,10457,1,0
27,18,9882,1,0
27,19,14705,1,0
27,20,14015,1,0
27,21,15240,1,0
27,22,41157,1,0
27,23,14055,1,0
27,24,8537,1,0
27,25,14702,0,8
27,26,33959,0,8
27,27,15436,0,8
27,28,10765,1,0
27,29,12833,0,8
27,30,13484,0,8
27,31,4967,1,0
27,32,15082,1,0
27,33,8005,0,8
27,34,9025,0,8
27,35,13368,0,8
27,36,13289,0,8
27,37,13732,0,8
27,38,7936,1,0
27,39,6001,1,0
27,40,13414,1,0
27,41,10079,0,8
27,42,22587,0,8
27,43,5771,1,0
27,44,14748,0,8
27,45,9090,0,8
27,46,5283,1,0
27,47,11291,0,8
27,48,11225,0,8
27,49,10209,0,8
27,50,10174,0,8
27,51,7206,1,0
27,52,10093,1,0
27,53,11191,0,8
27,54,12932,0,8
27,55,6574,1,0
27,56,11901,0,8
27,57,8773,1,0
27,58,8960,0,8
27,59,11525,0,8
28,0,121287,1,0
28,1,15855,1,0
28,2,20566,1,0
28,3,6532,1,0
28,4,8734,1,0
28,5,6536,1,0
28,6,13843,1,0
28,7,11891,1,0
28,8,7290,1,0
28,9,5931,1,0
28,10,13747,1,0
28,11,13759,1,0
28,12,13551,1,0
28,13,5307,1,0
28,14,13928,1,0
28,15,11567,1,0
28,16,5412,1,0
28,17,5812,1,0
28,18,7774,1,0
28,19,8313,1,0
28,20,7233,1,0
28,21,9180,1,0
28,22,46041,1,0
28,23,14715,1,0
28,24,20399,1,0
28,25,6769,1,0
28,26,31273,1,0
28,27,8066,1,0
28,28,13688,1,0
28,29,4984,1,0
28,30,13440,1,0
28,31,16642,1,0
28,32,19646,0,8
28,33,11291,0,8
28,34,11697,0,8
28,35,15162,0,8
28,36,11567,0,8
28,37,8906,1,0
28,38,5867,1,0
28,39,6609,0,8
28,40,13527,1,0
28,41,13574,0,8
28,42,4027,1,0
28,43,14066,0,8
28,44,8994,1,0
28,45,4140,1,0
28,46,5332,1,0
28,47,7276,1,0
28,48,5879,1,0
28,49,7734,1,0
28,50,6777,1,0
28,51,9369,0,8
28,52,15231,0,8
28,53,6741,1,0
28,54,5029,1,0
28,55,9130,0,8
28,56,11498,0,8
28,57,11559,1,0
28,58,4096,1,0
28,59,18774,0,8
29,0,121343,1,0
29,1,18329,1,0
29,2,21255,1,0
29,3,6714,1,0
29,4,9919,1,0
29,5,7499,1,0
29,6,6720,1,0
29,7,4619,1,0
29,8,7230,1,0
29,9,5806,1,0
29,10,12180,1,0
29,11,5172,1,0
29,12,14366,1,0
29,13,13414,1,0
29,14,13817,1,0
29,15,12036,1,0
29,16,5980,1,0
29,17,13848,1,0
29,18,6795,1,0
29,19,8759,1,0
29,20,10200,1,0
29,21,12410,1,0
29,22,52158,1,0
29,23,14741,1,0
29,24,20178,1,0
29,25,6791,1,0
29,26,30182,1,0
29,27,15059,1,0
29,28,13734,1,0
29,29,4944,1,0
29,30,5878,1,0
29,31,16634,1,0
29,32,20037,1,0
29,33,6895,1,0
29,34,9674,1,0
29,35,4336,1,0
29,36,12304,0,8
29,37,15970,0,8
29,38,5221,1,0
29,39,6529,1,0
29,40,11314,1,0
29,41,12711,0,8
29,42,10322,1,0
29,43,14636,0,8
29,44,8956,1,0
29,45,4048,1,0
29,46,4648,1,0
29,47,7840,1,0
29,48,5327,1,0
29,49,14400,0,8
29,50,5309,1,0
29,51,10319,0,8
29,52,16143,0,8
29,53,7700,1,0
29,54,5173,1,0
29,55,12055,0,8
29,56,13507,0,8
29,57,5384,1,0
29,58,12901,0,8
29,59,18271,0,8
30,0,121849,1,0
30,1,11796,1,0
30,2,21019,1,0
30,3,8057,1,0
30,4,11352,1,0
30,5,12283,1,0
30,6,9582,1,0
30,7,15995,1,0
30,8,5339,1,0
30,9,7829,1,0
30,10,12499,1,0
30,11,14372,1,0
30,12,8795,1,0
30,13,9168,1,0
30,14,7149,1,0
30,15,7905,1,0
30,16,5856,1,0
30,17,9517,1,0
30,18,5230,1,0
30,19,9646,1,0
30,20,11266,1,0
30,21,9822,1,0
30,22,43845,1,0
30,23,4624,1,0
30,24,7513,1,0
30,25,9866,1,0
30,26,36167,1,0
30,27,10831,1,0
30,28,12487,1,0
30,29,6248,1,0
30,30,6737,1,0
30,31,4133,1,0
30,32,18350,1,0
30,33,10655,1,0
30,34,11358,1,0
30,35,14455,1,0
30,36,12912,0,8
30,37,13637,0,8
30,38,5527,1,0
30,39,7229,1,0
30,40,10154,1,0
30,41,14574,0,8
30,42,21057,0,8
30,43,11360,1,0
30,44,10529,1,0
30,45,14284,0,8
30,46,7514,1,0
30,47,11430,1,0
30,48,9715,1,0
30,49,3876,1,0
30,50,4318,1,0
30,51,6689,1,0
30,52,15293,0,8
30,53,8678,1,0
30,54,5887,1,0
30,55,9611,1,0
30,56,8584,1,0
30,57,5736,1,0
30,58,4546,1,0
30,59,9805,1,0
31,0,121582,1,0
31,1,18891,1,0
31,2,20761,1,0
31,3,10713,1,0
31,4,12471,1,0
31,5,12347,1,0
31,6,5054,1,0
31,7,13938,1,0
31,8,14834,1,0
31,9,12729,1,0
31,10,6014,1,0
31,11,11284,1,0
31,12,14249,1,0
31,13,12123,1,0
31,14,11227,1,0
31,15,13636,1,0
31,16,8291,1,0
31,17,11792,1,0
31,18,6011,1,0
31,19,14677,1,0
31,20,7829,1,0
31,21,8464,1,0
31,22,49835,1,0
31,23,11385,1,0
31,24,20152,0,8
31,25,9739,1,0
31,26,30570,1,0
31,27,4829,1,0
31,28,9690,1,0
31,29,4415,1,0
31,30,13676,0,8
31,31,12862,0,8
31,32,16151,0,8
31,33,6390,1,0
31,34,15216,0,8
31,35,13919,0,8
31,36,12647,0,8
31,37,7570,1,0
31,38,9740,0,8
31,39,10796,0,8
31,40,19282,0,8
31,41,8632,0,8
31,42,21473,0,8
31,43,14053,0,8
31,44,7839,0,8
31,45,13986,0,8
31,46,11766,0,8
31,47,8467,0,8
31,48,13286,0,8
31,49,5944,1,0
31,50,8838,0,8
31,51,4910,1,0
31,52,11932,1,0
31,53,10258,0,8
31,54,11693,0,8
31,55,12699,0,8
31,56,12497,0,8
31,57,6092,1,0
31,58,8730,0,8
31,59,7276,1,0
32,0,121723,1,0
32,1,9678,1,0
32,2,5339,1,0
32,3,5439,1,0
32,4,8172,1,0
32,5,8447,1,0
32,6,6717,1,0
32,7,6968,1,0
32,8,7182,1,0
32,9,7741,1,0
32,10,2455,1,0
32,11,5906,1,0
32,12,8079,1,0
32,13,6108,1,0
32,14,5435,1,0
32,15,6415,1,0
32,16,5411,1,0
32,17,2190,1,0
32,18,4543,1,0
32,19,6045,1,0
32,20,9821,1,0
32,21,8086,1,0
32,22,51503,1,0
32,23,5527,1,0
32,24,7908,1,0
32,25,10940,1,0
32,26,30965,1,0
32,27,2825,1,0
32,28,9809,0,8
32,29,11344,0,8
32,30,2751,1,0
32,31,3697,1,0
32,32,7880,1,0
32,33,9754,1,0
32,34,6192,1,0
32,35,2218,1,0
32,36,5098,1,0
32,37,6684,1,0
32,38,4148,1,0
32,39,3782,1,0
32,40,11942,1,0
32,41,6036,1,0
32,42,4865,1,0
32,43,9187,1,0
32,44,6255,1,0
32,45,6814,1,0
32,46,9794,1,0
32,47,5072,1,0
32,48,8844,1,0
32,49,7876,1,0
32,50,4292,1,0
32,51,7517,1,0
32,52,10930,1,0
32,53,4152,1,0
32,54,4847,1,0
32,55,5262,1,0
32,56,4588,1,0
32,57,5725,1,0
32,58,3265,1,0
32,59,4553,1,0
33,0,120995,1,0
33,1,16116,1,0
33,2,21269,1,0
33,3,5580,1,0
33,4,8798,1,0
33,5,6532,1,0
33,6,13987,1,0
33,7,11778,1,0
33,8,7250,1,0
33,9,15425,1,0
33,10,14705,1,0
33,11,5119,1,0
33,12,15146,1,0
33,13,13658,1,0
33,14,7000,1,0
33,15,13840,1,0
33,16,5026,1,0
33,17,5803,1,0
33,18,6262,1,0
33,19,8311,1,0
33,20,8901,1,0
33,21,14092,1,0
33,22,45279,1,0
33,23,14745,0,8
33,24,4893,1,0
33,25,7838,1,0
33,26,28741,1,0
33,27,8034,0,8
33,28,13666,0,8
33,29,4150,1,0
33,30,5919,1,0
33,31,16489,0,8
33,32,19687,0,8
33,33,6783,0,8
33,34,11488,0,8
33,35,14360,0,8
33,36,12732,0,8
33,37,15539,0,8
33,38,5420,1,0
33,39,5517,1,0
33,40,12813,0,8
33,41,13303,0,8
33,42,5028,0,8
33,43,14030,0,8
33,44,8704,1,0
33,45,7156,1,0
33,46,5285,1,0
33,47,12869,0,8
33,48,4500,1,0
33,49,8729,0,8
33,50,8666,0,8
33,51,4750,1,0
33,52,7826,1,0
33,53,5966,1,0
33,54,5040,1,0
33,55,12082,0,8
33,56,10795,0,8
33,57,12892,0,8
33,58,4741,1,0
33,59,15576,0,8
34,0,121629,1,0
34,1,10926,1,0
34,2,19908,1,0
34,3,9149,1,0
34,4,5448,1,0
34,5,11688,1,0
34,6,9560,1,0
34,7,8577,1,0
34,8,5232,1,0
34,9,6729,1,0
34,10,9413,1,0
34,11,5722,1,0
34,12,13208,1,0
34,13,7827,1,0
34,14,5359,1,0
34,15,6713,1,0
34,16,10661,1,0
34,17,9403,1,0
34,18,13338,1,0
34,19,12050,1,0
34,20,9941,1,0
34,21,7279,1,0
34,22,41609,1,0
34,23,8602,1,0
34,24,17461,1,0
34,25,12489,1,0
34,26,36974,1,0
34,27,8594,1,0
34,28,4598,1,0
34,29,13328,1,0
34,30,5519,1,0
34,31,7696,1,0
34,32,10877,1,0
34,33,6752,1,0
34,34,8814,1,0
34,35,7876,1,0
34,36,5299,1,0
34,37,8601,1,0
34,38,11665,0,8
34,39,9541,0,8
34,40,9934,1,0
34,41,5895,1,0
34,42,21339,0,8
34,43,7866,1,0
34,44,8655,1,0
34,45,11768,0,8
34,46,10839,0,8
34,47,5495,1,0
34,48,9112,1,0
34,49,4055,1,0
34,50,6798,1,0
34,51,5466,1,0
34,52,8301,1,0
34,53,8444,1,0
34,54,7211,1,0
34,55,8447,0,8
34,56,12934,0,8
34,57,13435,0,8
34,58,3949,1,0
34,59,6801,1,0
35,0,121057,1,0
35,1,9664,1,0
35,2,7475,1,0
35,3,5617,1,0
35,4,5498,1,0
35,5,13822,1,0
35,6,4859,1,0
35,7,5718,1,0
35,8,5471,1,0
35,9,11991,1,0
35,10,6435,1,0
35,11,10057,1,0
35,12,12064,1,0
35,13,2884,1,0
35,14,5231,1,0
35,15,4415,1,0
35,16,5312,1,0
35,17,7033,1,0
35,18,10121,1,0
35,19,6792,1,0
35,20,6178,1,0
35,21,6046,1,0
35,22,47281,1,0
35,23,6668,1,0
35,24,5396,1,0
35,25,6231,1,0
35,26,28816,1,0
35,27,10365,1,0
35,28,10482,1,0
35,29,3994,1,0
35,30,12681,1,0
35,31,7791,1,0
35,32,9218,1,0
35,33,4008,1,0
35,34,7476,1,0
35,35,3675,1,0
35,36,1857,1,0
35,37,5951,1,0
35,38,4625,1,0
35,39,4679,1,0
35,40,10363,1,0
35,41,7865,1,0
35,42,2759,1,0
35,43,14692,0,8
35,44,7239,1,0
35,45,3358,1,0
35,46,5601,1,0
35,47,6739,1,0
35,48,7190,1,0
35,49,6642,1,0
35,50,5739,1,0
35,51,5401,1,0
35,52,6061,1,0
35,53,14019,1,0
35,54,4990,1,0
35,55,9850,1,0
35,56,4440,1,0
35,57,9273,1,0
35,58,3539,1,0
35,59,4990,1,0
36,0,120741,1,0
36,1,16828,1,0
36,2,22089,1,0
36,3,13012,1,0
36,4,10642,1,0
36,5,6270,1,0
36,6,13989,1,0
36,7,7221,1,0
36,8,10265,1,0
36,9,15184,1,0
36,10,14819,1,0
36,11,7073,1,0
36,12,10467,1,0
36,13,12801,1,0
36,14,9044,1,0
36,15,6035,1,0
36,16,10731,1,0
36,17,10281,1,0
36,18,10507,1,0
36,19,13037,1,0
36,20,8208,1,0
36,21,9136,1,0
36,22,48573,0,8
36,23,9338,0,8
36,24,10047,1,0
36,25,8533,0,8
36,26,31886,1,0
36,27,4539,1,0
36,28,9715,0,8
36,29,9310,0,8
36,30,10856,0,8
36,31,9796,0,8
36,32,19792,0,8
36,33,6906,0,8
36,34,15047,0,8
36,35,9989,1,0
36,36,12737,0,8
36,37,14553,0,8
36,38,6744,1,0
36,39,9567,0,8
36,40,20240,0,8
36,41,8889,0,8
36,42,22824,0,8
36,43,5574,1,0
36,44,15609,0,8
36,45,12499,0,8
36,46,12738,0,8
36,47,11179,0,8
36,48,9725,0,8
36,49,11750,0,8
36,50,7453,0,8
36,51,7085,1,0
36,52,12957,0,8
36,53,8343,1,0
36,54,12887,0,8
36,55,9627,0,8
36,56,13055,0,8
36,57,7155,1,0
36,58,7544,0,8
36,59,8673,0,8
37,0,119591,1,0
37,1,16361,1,0
37,2,9602,1,0
37,3,5721,1,0
37,4,11329,1,0
37,5,8257,1,0
37,6,12892,1,0
37,7,14132,1,0
37,8,9854,1,0
37,9,8540,1,0
37,10,9053,1,0
37,11,11476,1,0
37,12,15360,1,0
37,13,3371,1,0
37,14,7008,1,0
37,15,5107,1,0
37,16,8800,1,0
37,17,12707,1,0
37,18,7313,1,0
37,19,12747,1,0
37,20,13612,1,0
37,21,8126,1,0
37,22,52593,0,8
37,23,9469,0,8
37,24,9548,0,8
37,25,9500,0,8
37,26,35989,0,8
37,27,5297,1,0
37,28,5610,1,0
37,29,9202,0,8
37,30,12175,0,8
37,31,9890,0,8
37,32,16113,0,8
37,33,6721,0,8
37,34,13570,0,8
37,35,8586,0,8
37,36,8862,0,8
37,37,13526,0,8
37,38,8763,0,8
37,39,8375,0,8
37,40,9418,1,0
37,41,7173,1,0
37,42,7689,1,0
37,43,14311,0,8
37,44,13356,0,8
37,45,10892,0,8
37,46,12806,0,8
37,47,6714,1,0
37,48,13399,0,8
37,49,14336,0,8
37,50,12362,0,8
37,51,8128,1,0
37,52,17015,0,8
37,53,10212,0,8
37,54,10575,0,8
37,55,8320,1,0
37,56,8009,0,8
37,57,6132,1,0
37,58,6723,1,0
37,59,9514,0,8
38,0,122052,1,0
38,1,16414,1,0
38,2,13752,1,0
38,3,12190,1,0
38,4,12316,1,0
38,5,11719,1,0
38,6,6889,1,0
38,7,7928,1,0
38,8,13391,1,0
38,9,7651,1,0
38,10,8225,1,0
38,11,8096,1,0
38,12,10512,1,0
38,13,8746,1,0
38,14,12995,1,0
38,15,6529,1,0
38,16,7697,1,0
38,17,11852,1,0
38,18,9867,1,0
38,19,12859,1,0
38,20,12920,1,0
38,21,14062,1,0
38,22,48700,1,0
38,23,5487,1,0
38,24,5918,1,0
38,25,8969,1,0
38,26,32770,1,0
38,27,13469,0,8
38,28,10993,0,8
38,29,11053,0,8
38,30,8501,0,8
38,31,9215,1,0
38,32,18566,0,8
38,33,10237,0,8
38,34,8706,1,0
38,35,9685,0,8
38,36,11958,0,8
38,37,9538,1,0
38,38,7591,1,0
38,39,12174,0,8
38,40,14878,0,8
38,41,5706,1,0
38,42,21568,0,8
38,43,10154,1,0
38,44,15066,0,8
38,45,12621,0,8
38,46,11569,0,8
38,47,12412,0,8
38,48,9754,0,8
38,49,9020,1,0
38,50,12205,0,8
38,51,9577,0,8
38,52,8167,1,0
38,53,12622,0,8
38,54,10899,0,8
38,55,7433,1,0
38,56,7603,1,0
38,57,12914,0,8
38,58,7846,0,8
38,59,9549,0,8
39,0,120274,1,0
39,1,13339,1,0
39,2,5940,1,0
39,3,13013,1,0
39,4,7519,1,0
39,5,15299,1,0
39,6,9030,1,0
39,7,9353,1,0
39,8,13500,1,0
39,9,12958,1,0
39,10,11591,1,0
39,11,14157,1,0
39,12,15494,1,0
39,13,5011,1,0
39,14,13836,1,0
39,15,9877,1,0
39,16,5348,1,0
39,17,12346,1,0
39,18,10776,1,0
39,19,14213,1,0
39,20,15634,1,0
39,21,13710,1,0
39,22,52217,1,0
39,23,7300,1,0
39,24,8439,1,0
39,25,16443,1,0
39,26,34893,1,0
39,27,5974,1,0
39,28,7105,1,0
39,29,12520,1,0
39,30,12806,1,0
39,31,14349,1,0
39,32,19005,1,0
39,33,7455,1,0
39,34,15704,1,0
39,35,13578,1,0
39,36,10334,1,0
39,37,15621,1,0
39,38,10675,1,0
39,39,12201,1,0
39,40,11617,1,0
39,41,10338,1,0
39,42,10403,1,0
39,43,5641,1,0
39,44,6830,1,0
39,45,12354,0,8
39,46,9255,1,0
39,47,6658,1,0
39,48,7544,1,0
39,49,13516,0,8
39,50,5382,1,0
39,51,6208,1,0
39,52,6553,1,0
39,53,5318,1,0
39,54,13600,0,8
39,55,13191,0,8
39,56,8711,1,0
39,57,10762,1,0
39,58,12240,1,0
39,59,5847,1,0
40,0,106175,1,0
40,1,13705,1,0
40,2,11895,1,0
40,3,8440,1,0
40,4,5994,1,0
40,5,5899,1,0
40,6,6210,1,0
40,7,10084,1,0
40,8,5361,1,0
40,9,9461,1,0
40,10,6642,1,0
40,11,5878,1,0
40,12,10242,1,0
40,13,2841,1,0
40,14,4706,1,0
40,15,4470,1,0
40,16,10110,1,0
40,17,8673,1,0
40,18,6992,1,0
40,19,8078,1,0
40,20,6053,1,0
40,21,7129,1,0
40,22,41104,1,0
40,23,4821,1,0
40,24,8362,1,0
40,25,10088,0,8
40,26,29129,1,0
40,27,6500,1,0
40,28,7108,1,0
40,29,4640,1,0
40,30,3500,1,0
40,31,9230,0,8
40,32,9587,1,0
40,33,3866,1,0
40,34,4751,1,0
40,35,2710,1,0
40,36,4956,1,0
40,37,9002,1,0
40,38,4575,1,0
40,39,4482,1,0
40,40,13215,1,0
40,41,9979,0,8
40,42,6747,0,8
40,43,12463,0,8
40,44,15049,0,8
40,45,2815,1,0
40,46,4117,1,0
40,47,6335,1,0
40,48,4046,1,0
40,49,8093,1,0
40,50,5840,1,0
40,51,8540,0,8
40,52,10006,1,0
40,53,6365,1,0
40,54,6012,1,0
40,55,11090,0,8
40,56,7068,1,0
40,57,4688,1,0
40,58,5085,1,0
40,59,4084,1,0
41,0,120595,1,0
41,1,14255,1,0
41,2,20012,1,0
41,3,9593,1,0
41,4,12254,1,0
41,5,5895,1,0
41,6,6420,1,0
41,7,12479,1,0
41,8,9049,1,0
41,9,8649,1,0
41,10,13753,1,0
41,11,8633,1,0
41,12,10876,1,0
41,13,9512,1,0
41,14,9787,1,0
41,15,13457,1,0
41,16,8362,1,0
41,17,12393,1,0
41,18,4961,1,0
41,19,12874,1,0
41,20,6723,1,0
41,21,14090,1,0
41,22,48457,1,0
41,23,14712,1,0
41,24,11203,1,0
41,25,7827,1,0
41,26,36732,0,8
41,27,15617,0,8
41,28,6366,1,0
41,29,9181,1,0
41,30,12512,0,8
41,31,15320,0,8
41,32,17053,0,8
41,33,8971,1,0
41,34,10144,1,0
41,35,14374,0,8
41,36,12152,0,8
41,37,15522,0,8
41,38,8984,0,8
41,39,8716,0,8
41,40,20467,0,8
41,41,11060,1,0
41,42,7012,1,0
41,43,11948,0,8
41,44,11633,0,8
41,45,8300,0,8
41,46,10674,0,8
41,47,13251,0,8
41,48,9079,1,0
41,49,5889,1,0
41,50,8001,0,8
41,51,8692,0,8
41,52,13100,0,8
41,53,7496,1,0
41,54,2824,1,0
41,55,11447,0,8
41,56,11986,0,8
41,57,8107,1,0
41,58,8031,1,0
41,59,9598,1,0
42,0,120442,1,0
42,1,13279,1,0
42,2,7135,1,0
42,3,10782,1,0
42,4,14948,1,0
42,5,15774,1,0
42,6,7651,1,0
42,7,10025,1,0
42,8,11822,1,0
42,9,10833,1,0
42,10,11599,1,0
42,11,10362,1,0
42,12,8297,1,0
42,13,13250,1,0
42,14,7122,1,0
42,15,14932,1,0
42,16,7799,1,0
42,17,5836,1,0
42,18,12244,1,0
42,19,14545,1,0
42,20,13400,1,0
42,21,8760,1,0
42,22,40240,1,0
42,23,8686,0,8
42,24,18885,0,8
42,25,14581,0,8
42,26,35119,0,8
42,27,14928,0,8
42,28,9323,0,8
42,29,12603,0,8
42,30,7367,1,0
42,31,14232,0,8
42,32,18203,0,8
42,33,12133,0,8
42,34,13276,0,8
42,35,13774,0,8
42,36,11693,0,8
42,37,15507,0,8
42,38,10040,0,8
42,39,10288,0,8
42,40,16421,0,8
42,41,5503,1,0
42,42,8931,0,8
42,43,14379,0,8
42,44,13984,0,8
42,45,9707,1,0
42,46,10654,0,8
42,47,5440,1,0
42,48,7003,1,0
42,49,12411,0,8
42,50,10513,0,8
42,51,11821,0,8
42,52,14122,0,8
42,53,11226,0,8
42,54,11085,0,8
42,55,5965,1,0
42,56,13357,0,8
42,57,8027,0,8
42,58,12032,0,8
42,59,9028,0,8
43,0,120066,1,0
43,1,10951,1,0
43,2,19598,1,0
43,3,9566,1,0
43,4,10199,1,0
43,5,9574,1,0
43,6,5642,1,0
43,7,7756,1,0
43,8,9840,1,0
43,9,6053,1,0
43,10,12997,1,0
43,11,6729,1,0
43,12,11713,1,0
43,13,4643,1,0
43,14,7238,1,0
43,15,7722,1,0
43,16,11140,1,0
43,17,9445,1,0
43,18,4404,1,0
43,19,10063,1,0
43,20,11592,1,0
43,21,7398,1,0
43,22,41897,1,0
43,23,4965,1,0
43,24,5311,1,0
43,25,14611,1,0
43,26,31640,1,0
43,27,11287,0,8
43,28,14208,0,8
43,29,6339,1,0
43,30,6016,1,0
43,31,5695,1,0
43,32,9496,1,0
43,33,7853,1,0
43,34,9416,1,0
43,35,3248,1,0
43,36,4998,1,0
43,37,6966,1,0
43,38,10232,0,8
43,39,7196,1,0
43,40,13041,1,0
43,41,9496,1,0
43,42,19208,0,8
43,43,5467,1,0
43,44,11943,0,8
43,45,8310,1,0
43,46,13199,0,8
43,47,5177,1,0
43,48,14458,0,8
43,49,11320,0,8
43,50,4249,1,0
43,51,10863,0,8
43,52,7356,1,0
43,53,6452,1,0
43,54,7883,1,0
43,55,13502,0,8
43,56,5751,1,0
43,57,7705,1,0
43,58,4839,1,0
43,59,9881,0,8
44,0,118923,1,0
44,1,15686,1,0
44,2,21266,1,0
44,3,12177,1,0
44,4,6386,1,0
44,5,9397,1,0
44,6,13869,1,0
44,7,7515,1,0
44,8,10308,1,0
44,9,13059,1,0
44,10,6418,1,0
44,11,8026,1,0
44,12,9784,1,0
44,13,3346,1,0
44,14,11806,1,0
44,15,9126,1,0
44,16,8834,1,0
44,17,12827,1,0
44,18,11297,1,0
44,19,7640,1,0
44,20,11282,1,0
44,21,14576,0,8
44,22,48346,1,0
44,23,8821,0,8
44,24,7342,1,0
44,25,13953,0,8
44,26,32256,1,0
44,27,15344,0,8
44,28,4491,1,0
44,29,7417,1,0
44,30,11168,0,8
44,31,14004,0,8
44,32,17512,0,8
44,33,10757,0,8
44,34,7757,1,0
44,35,13503,0,8
44,36,9654,1,0
44,37,16395,0,8
44,38,6710,1,0
44,39,10257,0,8
44,40,16583,0,8
44,41,7529,1,0
44,42,7681,0,8
44,43,5610,1,0
44,44,13024,0,8
44,45,3663,1,0
44,46,8734,0,8
44,47,8952,0,8
44,48,7612,0,8
44,49,11610,0,8
44,50,12874,0,8
44,51,4625,1,0
44,52,10691,0,8
44,53,9156,0,8
44,54,7816,1,0
44,55,13062,0,8
44,56,8563,0,8
44,57,6185,1,0
44,58,6159,0,8
44,59,9589,0,8
45,0,119817,1,0
45,1,9795,1,0
45,2,16757,1,0
45,3,6998,1,0
45,4,8714,1,0
45,5,11983,1,0
45,6,7198,1,0
45,7,15973,1,0
45,8,8603,1,0
45,9,14280,1,0
45,10,8385,1,0
45,11,8598,1,0
45,12,15056,1,0
45,13,11220,1,0
45,14,10682,1,0
45,15,14981,1,0
45,16,11444,1,0
45,17,6156,1,0
45,18,11332,1,0
45,19,6370,1,0
45,20,13333,1,0
45,21,9042,1,0
45,22,48988,1,0
45,23,5181,1,0
45,24,18865,1,0
45,25,14446,1,0
45,26,35969,1,0
45,27,15381,1,0
45,28,5956,1,0
45,29,2914,1,0
45,30,13589,1,0
45,31,10193,1,0
45,32,18236,1,0
45,33,4012,1,0
45,34,13261,1,0
45,35,10077,1,0
45,36,6855,1,0
45,37,13708,1,0
45,38,10538,1,0
45,39,6056,1,0
45,40,19360,1,0
45,41,13579,1,0
45,42,22005,1,0
45,43,15678,0,8
45,44,16305,0,8
45,45,10649,1,0
45,46,12714,0,8
45,47,8572,1,0
45,48,11654,1,0
45,49,10205,1,0
45,50,11031,1,0
45,51,8321,1,0
45,52,7437,1,0
45,53,11361,1,0
45,54,9063,0,8
45,55,8075,1,0
45,56,6025,1,0
45,57,11749,0,8
45,58,10591,1,0
45,59,10703,1,0
46,0,119399,1,0
46,1,19173,1,0
46,2,20693,1,0
46,3,8574,1,0
46,4,7501,1,0
46,5,11749,1,0
46,6,14403,1,0
46,7,15667,1,0
46,8,13023,1,0
46,9,11566,1,0
46,10,8561,1,0
46,11,9516,1,0
46,12,14970,1,0
46,13,13264,1,0
46,14,13847,1,0
46,15,11350,1,0
46,16,4462,1,0
46,17,12363,1,0
46,18,10421,1,0
46,19,10150,1,0
46,20,6995,1,0
46,21,13762,1,0
46,22,40216,1,0
46,23,14810,0,8
46,24,9855,0,8
46,25,14293,0,8
46,26,33779,0,8
46,27,10802,0,8
46,28,5909,0,8
46,29,4474,1,0
46,30,6338,1,0
46,31,15745,0,8
46,32,18182,0,8
46,33,11138,0,8
46,34,10351,0,8
46,35,14686,0,8
46,36,10480,0,8
46,37,14640,0,8
46,38,3284,1,0
46,39,10814,0,8
46,40,10877,1,0
46,41,10916,0,8
46,42,7860,0,8
46,43,9615,0,8
46,44,14192,0,8
46,45,9214,1,0
46,46,10360,0,8
46,47,8576,0,8
46,48,12774,0,8
46,49,14487,0,8
46,50,12266,0,8
46,51,11768,0,8
46,52,12483,0,8
46,53,13513,0,8
46,54,13492,0,8
46,55,11636,0,8
46,56,13297,0,8
46,57,9067,1,0
46,58,10217,0,8
46,59,6672,0,8
47,0,120171,1,0
47,1,15423,1,0
47,2,23155,1,0
47,3,9689,1,0
47,4,13907,1,0
47,5,5633,1,0
47,6,6666,1,0
47,7,11757,1,0
47,8,9023,1,0
47,9,8515,1,0
47,10,7681,1,0
47,11,7984,1,0
47,12,15262,1,0
47,13,13226,1,0
47,14,9972,1,0
47,15,6047,1,0
47,16,11280,1,0
47,17,8038,1,0
47,18,10955,1,0
47,19,14659,1,0
47,20,12210,1,0
47,21,8314,1,0
47,22,43406,1,0
47,23,4546,1,0
47,24,6320,1,0
47,25,10666,1,0
47,26,33865,1,0
47,27,8099,1,0
47,28,10265,0,8
47,29,10384,0,8
47,30,7141,0,8
47,31,15161,0,8
47,32,15865,0,8
47,33,10488,0,8
47,34,11339,0,8
47,35,4322,1,0
47,36,8745,1,0
47,37,12741,1,0
47,38,7062,1,0
47,39,9981,0,8
47,40,14272,0,8
47,41,10266,1,0
47,42,6131,1,0
47,43,2188,1,0
47,44,11307,0,8
47,45,9114,0,8
47,46,9896,0,8
47,47,9585,0,8
47,48,9734,0,8
47,49,12535,0,8
47,50,7299,1,0
47,51,5820,1,0
47,52,16814,0,8
47,53,13333,0,8
47,54,10990,0,8
47,55,10349,0,8
47,56,5903,1,0
47,57,11330,0,8
47,58,5688,1,0
47,59,16463,0,8
48,0,120325,1,0
48,1,12858,1,0
48,2,9097,1,0
48,3,10835,1,0
48,4,15458,1,0
48,5,11461,1,0
48,6,6860,1,0
48,7,10129,1,0
48,8,12323,1,0
48,9,11422,1,0
48,10,11511,1,0
48,11,12819,1,0
48,12,14469,1,0
48,13,4457,1,0
48,14,13769,1,0
48,15,13676,1,0
48,16,11419,1,0
48,17,12246,1,0
48,18,10667,1,0
48,19,5896,1,0
48,20,16149,1,0
48,21,14649,1,0
48,22,50925,1,0
48,23,7443,1,0
48,24,9744,1,0
48,25,7839,1,0
48,26,34223,1,0
48,27,14744,1,0
48,28,13720,1,0
48,29,12524,1,0
48,30,12337,1,0
48,31,15935,1,0
48,32,20036,1,0
48,33,3473,1,0
48,34,14529,1,0
48,35,9992,1,0
48,36,12284,0,8
48,37,14956,0,8
48,38,10017,0,8
48,39,11561,0,8
48,40,18627,1,0
48,41,13904,0,8
48,42,7946,1,0
48,43,15589,0,8
48,44,15530,0,8
48,45,10373,0,8
48,46,10207,1,0
48,47,6271,1,0
48,48,3653,1,0
48,49,13692,0,8
48,50,9705,0,8
48,51,6515,1,0
48,52,13846,0,8
48,53,12243,0,8
48,54,12097,0,8
48,55,12090,0,8
48,56,12152,0,8
48,57,6173,1,0
48,58,11650,0,8
48,59,20424,0,8
49,0,118256,1,0
49,1,11633,1,0
49,2,5805,1,0
49,3,13377,1,0
49,4,13781,1,0
49,5,15840,1,0
49,6,5999,1,0
49,7,15005,1,0
49,8,6796,1,0
49,9,12409,1,0
49,10,9035,1,0
49,11,14061,1,0
49,12,7831,1,0
49,13,12186,1,0
49,14,7858,1,0
49,15,14939,1,0
49,16,11986,1,0
49,17,13041,1,0
49,18,11679,1,0
49,19,6494,1,0
49,20,14201,1,0
49,21,8606,1,0
49,22,49984,1,0
49,23,14248,1,0
49,24,11050,1,0
49,25,8511,1,0
49,26,34843,1,0
49,27,13321,1,0
49,28,9631,1,0
49,29,11720,1,0
49,30,5225,1,0
49,31,14427,1,0
49,32,16367,0,8
49,33,11593,0,8
49,34,14921,0,8
49,35,14037,0,8
49,36,5491,1,0
49,37,9654,1,0
49,38,11320,0,8
49,39,10174,0,8
49,40,12582,1,0
49,41,11146,0,8
49,42,9690,1,0
49,43,11630,0,8
49,44,13566,0,8
49,45,3949,1,0
49,46,7314,1,0
49,47,9400,0,8
49,48,6143,1,0
49,49,13426,0,8
49,50,12292,0,8
49,51,5110,1,0
49,52,6178,1,0
49,53,13140,0,8
49,54,13160,0,8
49,55,7373,1,0
49,56,13430,0,8
49,57,9721,0,8
49,58,11041,0,8
49,59,19312,0,8
50,0,119403,1,0
50,1,10219,1,0
50,2,7479,1,0
50,3,8132,1,0
50,4,8011,1,0
50,5,5941,1,0
50,6,12815,1,0
50,7,14782,1,0
50,8,5993,1,0
50,9,12064,1,0
50,10,9478,1,0
50,11,4622,1,0
50,12,10829,1,0
50,13,2900,1,0
50,14,7646,1,0
50,15,4839,1,0
50,16,9127,1,0
50,17,9471,1,0
50,18,4367,1,0
50,19,6297,1,0
50,20,6052,1,0
50,21,6674,1,0
50,22,45396,1,0
50,23,4786,1,0
50,24,10959,1,0
50,25,15017,1,0
50,26,29100,1,0
50,27,6180,1,0
50,28,2913,1,0
50,29,3366,1,0
50,30,12694,0,8
50,31,6832,1,0
50,32,9798,1,0
50,33,4455,1,0
50,34,8776,1,0
50,35,2352,1,0
50,36,5974,1,0
50,37,10717,0,8
50,38,4573,1,0
50,39,5352,1,0
50,40,10767,1,0
50,41,6812,1,0
50,42,6292,1,0
50,43,9359,1,0
50,44,9960,0,8
50,45,6899,1,0
50,46,11043,0,8
50,47,9978,1,0
50,48,5048,1,0
50,49,6491,1,0
50,50,12432,0,8
50,51,5150,1,0
50,52,6791,1,0
50,53,5205,1,0
50,54,7106,1,0
50,55,4658,1,0
50,56,4339,1,0
50,57,9544,0,8
50,58,7248,1,0
50,59,9418,1,0
51,0,119209,1,0
51,1,10866,1,0
51,2,12212,1,0
51,3,8450,1,0
51,4,5457,1,0
51,5,8177,1,0
51,6,9387,1,0
51,7,5398,1,0
51,8,8801,1,0
51,9,7704,1,0
51,10,6589,1,0
51,11,14842,1,0
51,12,8048,1,0
51,13,5175,1,0
51,14,5240,1,0
51,15,7614,1,0
51,16,10164,1,0
51,17,8314,1,0
51,18,7718,1,0
51,19,11414,1,0
51,20,10053,1,0
51,21,6287,1,0
51,22,48893,1,0
51,23,7338,1,0
51,24,9293,1,0
51,25,14396,0,8
51,26,32534,1,0
51,27,10024,0,8
51,28,8192,1,0
51,29,13169,0,8
51,30,9778,0,8
51,31,7342,1,0
51,32,18436,0,8
51,33,7634,0,8
51,34,6652,1,0
51,35,7961,1,0
51,36,7354,1,0
51,37,16065,0,8
51,38,11079,0,8
51,39,5935,1,0
51,40,11983,1,0
51,41,8162,1,0
51,42,2936,1,0
51,43,7287,1,0
51,44,5788,1,0
51,45,2985,1,0
51,46,11553,0,8
51,47,9890,0,8
51,48,8534,0,8
51,49,14267,0,8
51,50,9863,0,8
51,51,12302,0,8
51,52,16712,0,8
51,53,4457,1,0
51,54,9237,1,0
51,55,8691,0,8
51,56,7158,0,8
51,57,13568,0,8
51,58,4568,1,0
51,59,15550,0,8
52,0,105852,1,0
52,1,11743,1,0
52,2,20638,1,0
52,3,9078,1,0
52,4,12393,1,0
52,5,12242,1,0
52,6,6746,1,0
52,7,15712,1,0
52,8,13469,1,0
52,9,9469,1,0
52,10,6946,1,0
52,11,10969,1,0
52,12,11570,1,0
52,13,14012,1,0
52,14,11501,1,0
52,15,14375,1,0
52,16,11333,1,0
52,17,7030,1,0
52,18,10588,1,0
52,19,14098,1,0
52,20,16132,1,0
52,21,14811,1,0
52,22,49679,1,0
52,23,6078,1,0
52,24,19448,1,0
52,25,10631,1,0
52,26,35321,1,0
52,27,10721,1,0
52,28,12929,1,0
52,29,11410,1,0
52,30,11497,1,0
52,31,16649,1,0
52,32,18316,0,8
52,33,10824,0,8
52,34,15739,0,8
52,35,3699,1,0
52,36,11657,0,8
52,37,14624,0,8
52,38,9808,0,8
52,39,5913,1,0
52,40,19439,0,8
52,41,13045,0,8
52,42,7821,1,0
52,43,10312,0,8
52,44,4830,1,0
52,45,8409,1,0
52,46,5194,1,0
52,47,12474,0,8
52,48,4840,1,0
52,49,14406,0,8
52,50,9822,0,8
52,51,11395,0,8
52,52,15209,0,8
52,53,11139,0,8
52,54,13509,0,8
52,55,11541,0,8
52,56,12532,0,8
52,57,12909,0,8
52,58,10519,0,8
52,59,17121,0,8
53,0,118689,1,0
53,1,13515,1,0
53,2,7240,1,0
53,3,13022,1,0
53,4,7254,1,0
53,5,15297,1,0
53,6,9079,1,0
53,7,8846,1,0
53,8,14728,1,0
53,9,15379,1,0
53,10,10532,1,0
53,11,13664,1,0
53,12,15495,1,0
53,13,13792,1,0
53,14,13949,1,0
53,15,6292,1,0
53,16,11800,1,0
53,17,4944,1,0
53,18,12315,1,0
53,19,8636,1,0
53,20,9390,1,0
53,21,11788,1,0
53,22,52279,1,0
53,23,6626,1,0
53,24,19797,1,0
53,25,16588,1,0
53,26,34421,1,0
53,27,14637,0,8
53,28,8597,1,0
53,29,13192,0,8
53,30,12661,0,8
53,31,16048,0,8
53,32,11829,1,0
53,33,5487,1,0
53,34,14793,0,8
53,35,13620,0,8
53,36,8946,1,0
53,37,15521,0,8
53,38,11654,0,8
53,39,10662,0,8
53,40,12834,1,0
53,41,12726,0,8
53,42,19171,0,8
53,43,11712,0,8
53,44,7407,1,0
53,45,11356,0,8
53,46,3724,1,0
53,47,6233,1,0
53,48,7248,0,8
53,49,7927,1,0
53,50,11098,0,8
53,51,7577,0,8
53,52,8446,1,0
53,53,6754,1,0
53,54,6327,1,0
53,55,7423,1,0
53,56,12645,0,8
53,57,11454,0,8
53,58,12524,0,8
53,59,20355,0,8
54,0,114883,1,0
54,1,10458,1,0
54,2,16413,1,0
54,3,9314,1,0
54,4,10542,1,0
54,5,11502,1,0
54,6,8749,1,0
54,7,10194,1,0
54,8,8669,1,0
54,9,10811,1,0
54,10,9665,1,0
54,11,6295,1,0
54,12,11021,1,0
54,13,6264,1,0
54,14,8391,1,0
54,15,8622,1,0
54,16,8360,1,0
54,17,9481,1,0
54,18,7791,1,0
54,19,10871,1,0
54,20,11824,1,0
54,21,10492,1,0
54,22,45132,1,0
54,23,10444,1,0
54,24,13377,1,0
54,25,12430,1,0
54,26,33154,1,0
54,27,11120,1,0
54,28,9406,1,0
54,29,5867,1,0
54,30,9443,1,0
54,31,5452,1,0
54,32,13027,1,0
54,33,8436,1,0
54,34,10336,1,0
54,35,9033,1,0
54,36,8958,0,8
54,37,11903,0,8
54,38,6244,0,8
54,39,7960,0,8
54,40,10309,1,0
54,41,9375,0,8
54,42,13880,0,8
54,43,11635,0,8
54,44,6551,0,8
54,45,6788,0,8
54,46,8183,0,8
54,47,8493,0,8
54,48,7831,0,8
54,49,10348,0,8
54,50,8593,0,8
54,51,8309,0,8
54,52,12327,0,8
54,53,8338,0,8
54,54,7627,0,8
54,55,8061,0,8
54,56,9391,0,8
54,57,8878,0,8
54,58,7041,1,0
54,59,15697,0,8
55,0,117947,1,0
55,1,18954,1,0
55,2,21073,1,0
55,3,11987,1,0
55,4,7734,1,0
55,5,9986,1,0
55,6,6953,1,0
55,7,9730,1,0
55,8,9120,1,0
55,9,8722,1,0
55,10,11773,1,0
55,11,8805,1,0
55,12,7463,1,0
55,13,12605,1,0
55,14,10759,1,0
55,15,14617,1,0
55,16,5375,1,0
55,17,13544,1,0
55,18,6675,1,0
55,19,5252,1,0
55,20,13829,1,0
55,21,12785,1,0
55,22,48648,1,0
55,23,11835,1,0
55,24,9269,1,0
55,25,6814,1,0
55,26,30667,1,0
55,27,4746,1,0
55,28,11707,1,0
55,29,3014,1,0
55,30,9739,1,0
55,31,13057,1,0
55,32,20085,1,0
55,33,11821,1,0
55,34,13625,1,0
55,35,7128,1,0
55,36,10894,1,0
55,37,11221,1,0
55,38,4121,1,0
55,39,10849,1,0
55,40,13907,1,0
55,41,6576,1,0
55,42,6094,1,0
55,43,12025,0,8
55,44,13240,1,0
55,45,14083,0,8
55,46,11594,1,0
55,47,10547,0,8
55,48,3835,1,0
55,49,6487,1,0
55,50,10029,1,0
55,51,6774,1,0
55,52,13777,1,0
55,53,12293,1,0
55,54,10863,0,8
55,55,11295,1,0
55,56,8775,1,0
55,57,9751,1,0
55,58,6877,1,0
55,59,18906,1,0
56,0,116311,1,0
56,1,16332,1,0
56,2,12061,1,0
56,3,10192,1,0
56,4,6268,1,0
56,5,7268,1,0
56,6,6171,1,0
56,7,14613,1,0
56,8,11369,1,0
56,9,12908,1,0
56,10,12804,1,0
56,11,5135,1,0
56,12,9627,1,0
56,13,11839,1,0
56,14,13779,1,0
56,15,14250,1,0
56,16,7570,1,0
56,17,6704,1,0
56,18,6399,1,0
56,19,15039,1,0
56,20,11649,1,0
56,21,8485,1,0
56,22,39531,1,0
56,23,13917,0,8
56,24,6434,1,0
56,25,9551,0,8
56,26,31672,0,8
56,27,7385,1,0
56,28,8199,0,8
56,29,2706,1,0
56,30,9884,1,0
56,31,14668,0,8
56,32,17668,0,8
56,33,4593,1,0
56,34,9656,1,0
56,35,10167,0,8
56,36,8894,1,0
56,37,8346,1,0
56,38,9291,0,8
56,39,9420,0,8
56,40,13373,0,8
56,41,11932,0,8
56,42,7678,0,8
56,43,11960,0,8
56,44,13626,0,8
56,45,14418,0,8
56,46,11585,0,8
56,47,11574,0,8
56,48,11377,0,8
56,49,6216,1,0
56,50,6427,0,8
56,51,5536,1,0
56,52,10004,1,0
56,53,11328,0,8
56,54,12186,0,8
56,55,7293,1,0
56,56,13023,0,8
56,57,9180,0,8
56,58,6910,0,8
56,59,18560,0,8
57,0,118129,1,0
57,1,10082,1,0
57,2,5428,1,0
57,3,6458,1,0
57,4,5392,1,0
57,5,9417,1,0
57,6,4908,1,0
57,7,5361,1,0
57,8,6046,1,0
57,9,7178,1,0
57,10,6822,1,0
57,11,1273,1,0
57,12,12927,1,0
57,13,2930,1,0
57,14,7971,1,0
57,15,6414,1,0
57,16,6295,1,0
57,17,5587,1,0
57,18,11742,1,0
57,19,10475,1,0
57,20,6109,1,0
57,21,10128,1,0
57,22,39238,1,0
57,23,5584,1,0
57,24,8972,1,0
57,25,12515,1,0
57,26,28581,1,0
57,27,10344,1,0
57,28,9596,1,0
57,29,4616,1,0
57,30,2871,1,0
57,31,6142,1,0
57,32,9381,1,0
57,33,9133,1,0
57,34,8202,1,0
57,35,4215,1,0
57,36,4715,1,0
57,37,8954,1,0
57,38,5374,1,0
57,39,2991,1,0
57,40,20609,0,8
57,41,7550,1,0
57,42,3627,1,0
57,43,5879,1,0
57,44,4799,1,0
57,45,4452,1,0
57,46,4983,1,0
57,47,5502,1,0
57,48,4008,1,0
57,49,6743,1,0
57,50,6329,1,0
57,51,5182,1,0
57,52,8211,1,0
57,53,4080,1,0
57,54,5182,1,0
57,55,4712,1,0
57,56,4310,1,0
57,57,4728,1,0
57,58,4935,1,0
57,59,8880,1,0
58,0,116715,1,0
58,1,9645,1,0
58,2,17077,1,0
58,3,7175,1,0
58,4,9695,1,0
58,5,11729,1,0
58,6,9425,1,0
58,7,8605,1,0
58,8,9561,1,0
58,9,14317,1,0
58,10,8085,1,0
58,11,11372,1,0
58,12,15057,1,0
58,13,8641,1,0
58,14,8353,1,0
58,15,9037,1,0
58,16,9772,1,0
58,17,14183,1,0
58,18,5995,1,0
58,19,9150,1,0
58,20,5998,1,0
58,21,5966,1,0
58,22,43164,1,0
58,23,4612,1,0
58,24,19526,1,0
58,25,9992,1,0
58,26,31434,1,0
58,27,6915,1,0
58,28,7056,1,0
58,29,4616,1,0
58,30,3503,1,0
58,31,7307,1,0
58,32,11318,1,0
58,33,11671,0,8
58,34,7173,1,0
58,35,5196,1,0
58,36,4492,1,0
58,37,8862,1,0
58,38,3946,1,0
58,39,3401,1,0
58,40,14593,0,8
58,41,11638,0,8
58,42,3774,1,0
58,43,8873,1,0
58,44,4678,1,0
58,45,6751,1,0
58,46,5354,1,0
58,47,6745,1,0
58,48,8043,0,8
58,49,9454,1,0
58,50,4467,1,0
58,51,4699,1,0
58,52,11736,1,0
58,53,4756,1,0
58,54,3419,1,0
58,55,4769,1,0
58,56,4486,1,0
58,57,12346,0,8
58,58,4407,1,0
58,59,4070,1,0
59,0,116398,1,0
59,1,13102,1,0
59,2,13622,1,0
59,3,10955,1,0
59,4,8821,1,0
59,5,12075,1,0
59,6,4404,1,0
59,7,5418,1,0
59,8,13676,1,0
59,9,8638,1,0
59,10,15045,1,0
59,11,5785,1,0
59,12,16502,1,0
59,13,7877,1,0
59,14,8960,1,0
59,15,10125,1,0
59,16,10482,1,0
59,17,5352,1,0
59,18,10167,1,0
59,19,9338,1,0
59,20,11568,1,0
59,21,8970,1,0
59,22,48562,1,0
59,23,5021,1,0
59,24,9454,1,0
59,25,10668,1,0
59,26,35510,1,0
59,27,15343,1,0
59,28,6433,1,0
59,29,6509,1,0
59,30,9222,1,0
59,31,8205,1,0
59,32,11082,1,0
59,33,8448,0,8
59,34,9796,1,0
59,35,7164,1,0
59,36,12028,0,8
59,37,9718,1,0
59,38,12985,0,8
59,39,5105,1,0
59,40,13579,1,0
59,41,12568,0,8
59,42,10516,0,8
59,43,9884,0,8
59,44,11512,1,0
59,45,12623,0,8
59,46,9652,1,0
59,47,6626,1,0
59,48,7180,1,0
59,49,6278,1,0
59,50,6079,1,0
59,51,9050,0,8
59,52,8054,1,0
59,53,5627,1,0
59,54,7393,1,0
59,55,10491,0,8
59,56,11612,0,8
59,57,5682,1,0
59,58,12411,0,8
59,59,11964,0,8
60,0,119073,1,0
60,1,9860,1,0
60,2,9060,1,0
60,3,9278,1,0
60,4,6037,1,0
60,5,5893,1,0
60,6,7045,1,0
60,7,12618,1,0
60,8,5423,1,0
60,9,1474,1,0
60,10,2582,1,0
60,11,4949,1,0
60,12,10965,1,0
60,13,6989,1,0
60,14,7988,1,0
60,15,4470,1,0
60,16,5191,1,0
60,17,2010,1,0
60,18,5315,1,0
60,19,8398,1,0
60,20,6589,1,0
60,21,7590,1,0
60,22,38978,1,0
60,23,8978,0,8
60,24,3425,1,0
60,25,9536,0,8
60,26,36363,0,8
60,27,6260,1,0
60,28,2433,1,0
60,29,2925,1,0
60,30,11987,0,8
60,31,7710,1,0
60,32,9767,1,0
60,33,8663,0,8
60,34,5013,1,0
60,35,7932,1,0
60,36,7692,1,0
60,37,5979,1,0
60,38,3661,1,0
60,39,3719,1,0
60,40,10742,1,0
60,41,8069,1,0
60,42,4758,1,0
60,43,6370,1,0
60,44,6376,1,0
60,45,6486,1,0
60,46,4944,1,0
60,47,5151,1,0
60,48,13785,0,8
60,49,7996,1,0
60,50,5316,1,0
60,51,4981,1,0
60,52,11973,0,8
60,53,4693,1,0
60,54,4740,1,0
60,55,8545,1,0
60,56,4412,1,0
60,57,5692,1,0
60,58,6113,0,8
60,59,4446,1,0
61,0,116980,1,0
61,1,11667,1,0
61,2,7063,1,0
61,3,5353,1,0
61,4,15109,1,0
61,5,15127,1,0
61,6,6738,1,0
61,7,14861,1,0
61,8,13426,1,0
61,9,9228,1,0
61,10,11641,1,0
61,11,11489,1,0
61,12,11753,1,0
61,13,12240,1,0
61,14,12659,1,0
61,15,10836,1,0
61,16,11297,1,0
61,17,6735,1,0
61,18,12426,1,0
61,19,7816,1,0
61,20,13759,1,0
61,21,13560,1,0
61,22,41429,1,0
61,23,6596,1,0
61,24,18628,0,8
61,25,5786,1,0
61,26,31801,1,0
61,27,14635,0,8
61,28,11796,0,8
61,29,11039,0,8
61,30,6918,1,0
61,31,10221,0,8
61,32,18989,0,8
61,33,10224,0,8
61,34,13451,0,8
61,35,4537,1,0
61,36,12782,0,8
61,37,12828,0,8
61,38,9844,0,8
61,39,6436,0,8
61,40,15091,0,8
61,41,12905,0,8
61,42,8627,1,0
61,43,11601,0,8
61,44,9714,1,0
61,45,7935,1,0
61,46,4629,1,0
61,47,5810,1,0
61,48,3652,1,0
61,49,12441,0,8
61,50,11045,0,8
61,51,12230,0,8
61,52,15178,0,8
61,53,12942,0,8
61,54,12505,0,8
61,55,6291,1,0
61,56,6134,1,0
61,57,12940,0,8
61,58,11168,0,8
61,59,12529,0,8
62,0,116436,1,0
62,1,18875,1,0
62,2,9729,1,0
62,3,11092,1,0
62,4,8733,1,0
62,5,7751,1,0
62,6,8694,1,0
62,7,9273,1,0
62,8,6069,1,0
62,9,8569,1,0
62,10,7683,1,0
62,11,10728,1,0
62,12,13870,1,0
62,13,9271,1,0
62,14,7256,1,0
62,15,8960,1,0
62,16,7103,1,0
62,17,10806,1,0
62,18,9188,1,0
62,19,8173,1,0
62,20,12258,1,0
62,21,6678,1,0
62,22,41687,1,0
62,23,8320,1,0
62,24,7497,1,0
62,25,5912,1,0
62,26,34711,0,8
62,27,13037,0,8
62,28,2298,1,0
62,29,9522,1,0
62,30,9747,0,8
62,31,7137,1,0
62,32,9078,1,0
62,33,11233,1,0
62,34,4722,1,0
62,35,7088,1,0
62,36,12085,0,8
62,37,5976,1,0
62,38,5373,1,0
62,39,8235,1,0
62,40,19150,0,8
62,41,5984,1,0
62,42,22197,0,8
62,43,11502,1,0
62,44,6310,1,0
62,45,6827,0,8
62,46,8654,1,0
62,47,9818,1,0
62,48,14451,0,8
62,49,12509,0,8
62,50,10001,0,8
62,51,6262,1,0
62,52,14839,0,8
62,53,13849,0,8
62,54,7824,1,0
62,55,4054,1,0
62,56,7508,1,0
62,57,6323,1,0
62,58,5315,1,0
62,59,12287,0,8
63,0,117013,1,0
63,1,11418,1,0
63,2,13800,1,0
63,3,6046,1,0
63,4,11278,1,0
63,5,9812,1,0
63,6,10172,1,0
63,7,6168,1,0
63,8,9630,1,0
63,9,14316,1,0
63,10,10241,1,0
63,11,8640,1,0
63,12,14659,1,0
63,13,12159,1,0
63,14,11705,1,0
63,15,7572,1,0
63,16,7315,1,0
63,17,9614,1,0
63,18,8480,1,0
63,19,11427,1,0
63,20,7064,1,0
63,21,8514,1,0
63,22,52122,0,8
63,23,10985,0,8
63,24,7880,0,8
63,25,11414,0,8
63,26,31705,0,8
63,27,9963,0,8
63,28,7112,0,8
63,29,9415,0,8
63,30,9434,0,8
63,31,7535,0,8
63,32,18344,0,8
63,33,6505,0,8
63,34,13464,0,8
63,35,7179,0,8
63,36,5072,1,0
63,37,6792,1,0
63,38,8782,0,8
63,39,5279,1,0
63,40,9517,1,0
63,41,10440,0,8
63,42,5930,1,0
63,43,12286,0,8
63,44,11218,0,8
63,45,11506,0,8
63,46,10679,0,8
63,47,12111,0,8
63,48,11126,0,8
63,49,12557,0,8
63,50,9000,0,8
63,51,7972,1,0
63,52,9925,0,8
63,53,7025,0,8
63,54,7771,0,8
63,55,11847,0,8
63,56,5346,1,0
63,57,8836,1,0
63,58,6049,1,0
63,59,10515,0,8
64,0,116929,1,0
64,1,15423,1,0
64,2,13653,1,0
64,3,8212,1,0
64,4,11408,1,0
64,5,9319,1,0
64,6,7778,1,0
64,7,7627,1,0
64,8,10417,1,0
64,9,12845,1,0
64,10,14042,1,0
64,11,9763,1,0
64,12,10397,1,0
64,13,4734,1,0
64,14,13881,1,0
64,15,12056,1,0
64,16,8370,1,0
64,17,10738,1,0
64,18,9062,1,0
64,19,6016,1,0
64,20,6555,1,0
64,21,8869,1,0
64,22,40795,1,0
64,23,11880,0,8
64,24,11116,0,8
64,25,7159,1,0
64,26,31911,1,0
64,27,7015,1,0
64,28,9776,0,8
64,29,11563,0,8
64,30,3214,1,0
64,31,5848,1,0
64,32,18847,0,8
64,33,10202,0,8
64,34,9301,1,0
64,35,15923,0,8
64,36,12100,0,8
64,37,12699,0,8
64,38,11746,0,8
64,39,11144,0,8
64,40,13064,0,8
64,41,6925,1,0
64,42,3956,1,0
64,43,2216,1,0
64,44,15113,0,8
64,45,4149,1,0
64,46,11671,0,8
64,47,9814,0,8
64,48,11308,0,8
64,49,11808,0,8
64,50,10284,0,8
64,51,12192,0,8
64,52,12575,0,8
64,53,12166,0,8
64,54,10834,0,8
64,55,13467,0,8
64,56,9822,0,8
64,57,7061,1,0
64,58,6712,0,8
64,59,17372,0,8
65,0,116884,1,0
65,1,15680,1,0
65,2,9594,1,0
65,3,9797,1,0
65,4,13687,1,0
65,5,15978,1,0
65,6,12956,1,0
65,7,13767,1,0
65,8,13960,1,0
65,9,11384,1,0
65,10,7360,1,0
65,11,9663,1,0
65,12,11998,1,0
65,13,10975,1,0
65,14,8406,1,0
65,15,4794,1,0
65,16,11835,1,0
65,17,5890,1,0
65,18,9805,1,0
65,19,12015,1,0
65,20,13698,1,0
65,21,14508,1,0
65,22,41366,1,0
65,23,9399,1,0
65,24,18431,1,0
65,25,9515,1,0
65,26,29711,1,0
65,27,4605,1,0
65,28,7335,1,0
65,29,8502,1,0
65,30,12509,1,0
65,31,4098,1,0
65,32,14946,1,0
65,33,5236,1,0
65,34,14650,1,0
65,35,14408,1,0
65,36,7162,1,0
65,37,12922,1,0
65,38,9787,0,8
65,39,6753,1,0
65,40,9355,1,0
65,41,9356,1,0
65,42,7645,1,0
65,43,11896,1,0
65,44,11928,0,8
65,45,9140,1,0
65,46,7261,1,0
65,47,13184,0,8
65,48,9859,0,8
65,49,13533,0,8
65,50,4034,1,0
65,51,11938,0,8
65,52,12996,1,0
65,53,11491,0,8
65,54,12854,0,8
65,55,11585,1,0
65,56,12743,0,8
65,57,6054,1,0
65,58,9223,1,0
65,59,11632,1,0
66,0,114883,1,0
66,1,13571,1,0
66,2,11413,1,0
66,3,13170,1,0
66,4,6469,1,0
66,5,14922,1,0
66,6,9041,1,0
66,7,5529,1,0
66,8,12943,1,0
66,9,15138,1,0
66,10,14161,1,0
66,11,11092,1,0
66,12,9268,1,0
66,13,5124,1,0
66,14,13177,1,0
66,15,9818,1,0
66,16,10134,1,0
66,17,6830,1,0
66,18,10642,1,0
66,19,9768,1,0
66,20,11227,1,0
66,21,14189,1,0
66,22,52485,1,0
66,23,14704,1,0
66,24,19469,0,8
66,25,8075,1,0
66,26,31631,1,0
66,27,10862,0,8
66,28,12039,0,8
66,29,12032,0,8
66,30,6704,1,0
66,31,15960,0,8
66,32,17580,0,8
66,33,4270,1,0
66,34,14737,0,8
66,35,13357,0,8
66,36,10508,0,8
66,37,9628,0,8
66,38,12658,0,8
66,39,11623,0,8
66,40,18715,0,8
66,41,12573,0,8
66,42,23067,0,8
66,43,10184,0,8
66,44,5432,1,0
66,45,10529,0,8
66,46,9615,0,8
66,47,7222,1,0
66,48,5404,1,0
66,49,10046,0,8
66,50,10252,0,8
66,51,6598,1,0
66,52,13637,0,8
66,53,4414,1,0
66,54,13497,0,8
66,55,13085,0,8
66,56,11455,0,8
66,57,9014,0,8
66,58,11241,0,8
66,59,9871,0,8
67,0,115401,1,0
67,1,16397,1,0
67,2,19492,1,0
67,3,7957,1,0
67,4,15018,1,0
67,5,15238,1,0
67,6,12861,1,0
67,7,8595,1,0
67,8,12629,1,0
67,9,13722,1,0
67,10,14035,1,0
67,11,7618,1,0
67,12,14427,1,0
67,13,11223,1,0
67,14,12871,1,0
67,15,10066,1,0
67,16,7339,1,0
67,17,10498,1,0
67,18,11347,1,0
67,19,6663,1,0
67,20,12339,1,0
67,21,6582,1,0
67,22,49645,1,0
67,23,5127,1,0
67,24,6133,1,0
67,25,6870,1,0
67,26,35579,1,0
67,27,4864,1,0
67,28,6696,1,0
67,29,10334,1,0
67,30,13434,1,0
67,31,16145,1,0
67,32,12018,0,8
67,33,10935,0,8
67,34,9611,1,0
67,35,14764,0,8
67,36,10449,0,8
67,37,13603,0,8
67,38,11684,0,8
67,39,10221,0,8
67,40,15106,1,0
67,41,8855,1,0
67,42,22901,0,8
67,43,5490,1,0
67,44,14021,0,8
67,45,9736,0,8
67,46,12889,0,8
67,47,10543,0,8
67,48,13998,0,8
67,49,11687,1,0
67,50,10421,0,8
67,51,9302,0,8
67,52,5874,1,0
67,53,10157,0,8
67,54,11001,1,0
67,55,6777,1,0
67,56,13484,0,8
67,57,10673,0,8
67,58,8071,0,8
67,59,19753,0,8
68,0,115274,1,0
68,1,9808,1,0
68,2,5536,1,0
68,3,4793,1,0
68,4,8020,1,0
68,5,14273,1,0
68,6,5237,1,0
68,7,5421,1,0
68,8,5214,1,0
68,9,7847,1,0
68,10,9063,1,0
68,11,4441,1,0
68,12,7656,1,0
68,13,4703,1,0
68,14,4507,1,0
68,15,6949,1,0
68,16,7373,1,0
68,17,3300,1,0
68,18,5280,1,0
68,19,5457,1,0
68,20,12453,1,0
68,21,11066,1,0
68,22,39026,1,0
68,23,7323,1,0
68,24,10316,1,0
68,25,6414,1,0
68,26,37245,0,8
68,27,8024,1,0
68,28,9694,0,8
68,29,5769,1,0
68,30,2462,1,0
68,31,8113,1,0
68,32,9967,1,0
68,33,7873,1,0
68,34,4781,1,0
68,35,3720,1,0
68,36,5034,1,0
68,37,11633,0,8
68,38,3250,1,0
68,39,6205,1,0
68,40,9737,1,0
68,41,10477,0,8
68,42,2668,1,0
68,43,6829,1,0
68,44,2044,1,0
68,45,10099,1,0
68,46,4246,1,0
68,47,8240,0,8
68,48,3969,1,0
68,49,3763,1,0
68,50,6059,1,0
68,51,6325,1,0
68,52,6748,1,0
68,53,4094,1,0
68,54,2973,1,0
68,55,4806,1,0
68,56,4256,1,0
68,57,4626,1,0
68,58,3183,1,0
68,59,5170,1,0
69,0,115079,1,0
69,1,18815,1,0
69,2,7536,1,0
69,3,5085,1,0
69,4,12385,1,0
69,5,9338,1,0
69,6,12473,1,0
69,7,14983,1,0
69,8,8975,1,0
69,9,9651,1,0
69,10,11269,1,0
69,11,7409,1,0
69,12,8416,1,0
69,13,4611,1,0
69,14,8959,1,0
69,15,9123,1,0
69,16,12004,1,0
69,17,8192,1,0
69,18,13188,1,0
69,19,9178,1,0
69,20,6830,1,0
69,21,10980,1,0
69,22,42512,1,0
69,23,8738,0,8
69,24,9850,1,0
69,25,6328,1,0
69,26,33973,0,8
69,27,11063,0,8
69,28,5479,1,0
69,29,7478,1,0
69,30,9816,1,0
69,31,5574,1,0
69,32,9105,1,0
69,33,7300,0,8
69,34,6018,1,0
69,35,12741,0,8
69,36,10563,0,8
69,37,12862,0,8
69,38,7961,1,0
69,39,3423,1,0
69,40,16825,0,8
69,41,8107,1,0
69,42,5966,1,0
69,43,5361,1,0
69,44,9452,0,8
69,45,8395,1,0
69,46,6871,0,8
69,47,13487,0,8
69,48,9643,0,8
69,49,11329,0,8
69,50,4209,1,0
69,51,4491,1,0
69,52,6386,1,0
69,53,11416,0,8
69,54,7802,1,0
69,55,7908,1,0
69,56,11445,0,8
69,57,10124,0,8
69,58,5342,0,8
69,59,6377,0,8
70,0,106196,1,0
70,1,16751,1,0
70,2,16982,1,0
70,3,8641,1,0
70,4,15072,1,0
70,5,16000,1,0
70,6,9230,1,0
70,7,13518,1,0
70,8,14919,1,0
70,9,13795,1,0
70,10,8710,1,0
70,11,14446,1,0
70,12,7171,1,0
70,13,8464,1,0
70,14,13061,1,0
70,15,10143,1,0
70,16,9838,1,0
70,17,10413,1,0
70,18,11629,1,0
70,19,12938,1,0
70,20,11265,1,0
70,21,12924,1,0
70,22,40086,1,0
70,23,11030,1,0
70,24,10677,1,0
70,25,7755,1,0
70,26,29336,1,0
70,27,5995,1,0
70,28,10342,0,8
70,29,12196,0,8
70,30,11368,0,8
70,31,15614,0,8
70,32,14840,1,0
70,33,5512,1,0
70,34,9622,0,8
70,35,12341,0,8
70,36,13506,0,8
70,37,8347,1,0
70,38,8846,1,0
70,39,9414,0,8
70,40,19367,0,8
70,41,12906,0,8
70,42,7620,1,0
70,43,13738,0,8
70,44,16422,0,8
70,45,12741,0,8
70,46,11644,0,8
70,47,12221,0,8
70,48,11431,0,8
70,49,12857,0,8
70,50,6462,1,0
70,51,10074,0,8
70,52,14886,0,8
70,53,11190,0,8
70,54,10537,1,0
70,55,11370,0,8
70,56,13022,0,8
70,57,9009,0,8
70,58,12528,0,8
70,59,12354,0,8
71,0,114740,1,0
71,1,13273,1,0
71,2,20641,1,0
71,3,13752,1,0
71,4,8160,1,0
71,5,6071,1,0
71,6,9727,1,0
71,7,4578,1,0
71,8,6797,1,0
71,9,13701,1,0
71,10,10065,1,0
71,11,12377,1,0
71,12,12649,1,0
71,13,5895,1,0
71,14,7219,1,0
71,15,5798,1,0
71,16,10638,1,0
71,17,13742,1,0
71,18,11937,1,0
71,19,7707,1,0
71,20,10162,1,0
71,21,8971,1,0
71,22,52145,0,8
71,23,6631,0,8
71,24,19195,0,8
71,25,15434,0,8
71,26,34192,0,8
71,27,14825,0,8
71,28,10164,0,8
71,29,13138,0,8
71,30,12614,0,8
71,31,14636,0,8
71,32,20172,0,8
71,33,6291,0,8
71,34,15728,0,8
71,35,13656,0,8
71,36,13151,0,8
71,37,7858,1,0
71,38,12585,0,8
71,39,11499,0,8
71,40,12511,1,0
71,41,13363,0,8
71,42,3531,1,0
71,43,5739,1,0
71,44,8172,1,0
71,45,5110,1,0
71,46,5443,1,0
71,47,7930,0,8
71,48,3918,1,0
71,49,14600,0,8
71,50,6804,0,8
71,51,10419,0,8
71,52,16105,0,8
71,53,5275,1,0
71,54,4699,1,0
71,55,7545,1,0
71,56,13248,0,8
71,57,9543,0,8
71,58,7463,0,8
71,59,16461,0,8
72,0,109032,1,0
72,1,19321,1,0
72,2,13879,1,0
72,3,4998,1,0
72,4,8479,1,0
72,5,11910,1,0
72,6,13733,1,0
72,7,11337,1,0
72,8,13857,1,0
72,9,13578,1,0
72,10,12782,1,0
72,11,8860,1,0
72,12,9305,1,0
72,13,10401,1,0
72,14,12927,1,0
72,15,11887,1,0
72,16,10326,1,0
72,17,11930,1,0
72,18,7323,1,0
72,19,11873,1,0
72,20,13875,1,0
72,21,8600,1,0
72,22,48815,1,0
72,23,6927,1,0
72,24,10561,1,0
72,25,16633,1,0
72,26,35110,0,8
72,27,8804,1,0
72,28,10249,0,8
72,29,13379,0,8
72,30,8243,1,0
72,31,10263,0,8
72,32,19693,0,8
72,33,11366,0,8
72,34,8537,1,0
72,35,9576,0,8
72,36,13421,0,8
72,37,7047,1,0
72,38,10677,0,8
72,39,5742,1,0
72,40,15033,0,8
72,41,12856,0,8
72,42,7632,1,0
72,43,11878,0,8
72,44,14558,0,8
72,45,9135,0,8
72,46,12813,0,8
72,47,12255,0,8
72,48,12174,0,8
72,49,12441,0,8
72,50,4864,1,0
72,51,12127,0,8
72,52,10768,0,8
72,53,11394,0,8
72,54,12249,0,8
72,55,7584,0,8
72,56,5710,1,0
72,57,7085,1,0
72,58,5378,1,0
72,59,16414,0,8
73,0,109205,1,0
73,1,10381,1,0
73,2,21041,1,0
73,3,12262,1,0
73,4,15232,1,0
73,5,15134,1,0
73,6,6086,1,0
73,7,13451,1,0
73,8,11967,1,0
73,9,15225,1,0
73,10,6228,1,0
73,11,9098,1,0
73,12,11252,1,0
73,13,8620,1,0
73,14,11628,1,0
73,15,13596,1,0
73,16,6872,1,0
73,17,6694,1,0
73,18,10685,1,0
73,19,9570,1,0
73,20,14289,1,0
73,21,11262,1,0
73,22,43092,1,0
73,23,10515,1,0
73,24,8562,1,0
73,25,8322,1,0
73,26,35188,0,8
73,27,12656,0,8
73,28,11652,0,8
73,29,10612,0,8
73,30,12858,0,8
73,31,9605,0,8
73,32,10783,1,0
73,33,3760,1,0
73,34,10940,0,8
73,35,12352,0,8
73,36,7144,1,0
73,37,9737,1,0
73,38,11766,0,8
73,39,5119,1,0
73,40,14907,0,8
73,41,10964,0,8
73,42,22117,0,8
73,43,14110,0,8
73,44,16378,0,8
73,45,9295,0,8
73,46,11699,0,8
73,47,8673,0,8
73,48,6253,1,0
73,49,14453,0,8
73,50,6525,1,0
73,51,8241,1,0
73,52,16080,0,8
73,53,10404,0,8
73,54,10523,1,0
73,55,10541,0,8
73,56,11890,0,8
73,57,8088,1,0
73,58,13364,0,8
73,59,9150,1,0
74,0,114631,1,0
74,1,12940,1,0
74,2,20649,1,0
74,3,12098,1,0
74,4,8188,1,0
74,5,10308,1,0
74,6,8271,1,0
74,7,15873,1,0
74,8,11864,1,0
74,9,14206,1,0
74,10,10824,1,0
74,11,9863,1,0
74,12,15437,1,0
74,13,9444,1,0
74,14,11295,1,0
74,15,14515,1,0
74,16,12130,1,0
74,17,11779,1,0
74,18,7133,1,0
74,19,14873,1,0
74,20,13804,1,0
74,21,11059,1,0
74,22,40203,1,0
74,23,6961,1,0
74,24,17319,1,0
74,25,11186,0,8
74,26,35262,0,8
74,27,14766,0,8
74,28,12931,0,8
74,29,12384,0,8
74,30,5930,1,0
74,31,17057,0,8
74,32,15331,0,8
74,33,11077,0,8
74,34,13139,0,8
74,35,13416,0,8
74,36,8431,1,0
74,37,7720,1,0
74,38,9919,0,8
74,39,12300,0,8
74,40,10216,1,0
74,41,12053,0,8
74,42,9592,0,8
74,43,14637,0,8
74,44,16385,0,8
74,45,4078,1,0
74,46,6221,1,0
74,47,11557,0,8
74,48,5280,1,0
74,49,13970,0,8
74,50,6839,1,0
74,51,5153,1,0
74,52,9402,1,0
74,53,13087,0,8
74,54,13472,0,8
74,55,13317,0,8
74,56,8867,0,8
74,57,9125,1,0
74,58,10332,0,8
74,59,9641,0,8
75,0,115114,1,0
75,1,9823,1,0
75,2,5259,1,0
75,3,5553,1,0
75,4,6553,1,0
75,5,5851,1,0
75,6,6272,1,0
75,7,7046,1,0
75,8,7300,1,0
75,9,8955,1,0
75,10,8535,1,0
75,11,4670,1,0
75,12,7345,1,0
75,13,7138,1,0
75,14,7462,1,0
75,15,4608,1,0
75,16,4490,1,0
75,17,2153,1,0
75,18,7638,1,0
75,19,10271,1,0
75,20,6092,1,0
75,21,1772,1,0
75,22,40595,1,0
75,23,5788,1,0
75,24,3054,1,0
75,25,6107,1,0
75,26,28544,1,0
75,27,4790,1,0
75,28,4836,1,0
75,29,6452,1,0
75,30,2636,1,0
75,31,3676,1,0
75,32,9466,1,0
75,33,3901,1,0
75,34,4949,1,0
75,35,4568,1,0
75,36,5480,1,0
75,37,10029,1,0
75,38,5483,1,0
75,39,4469,1,0
75,40,10750,1,0
75,41,8529,1,0
75,42,4149,1,0
75,43,6107,1,0
75,44,5131,1,0
75,45,2751,1,0
75,46,4384,1,0
75,47,5148,1,0
75,48,6870,1,0
75,49,6435,1,0
75,50,4360,1,0
75,51,4832,1,0
75,52,6693,1,0
75,53,7873,1,0
75,54,4816,1,0
75,55,8708,0,8
75,56,4218,1,0
75,57,4611,1,0
75,58,4116,1,0
75,59,4458,1,0
76,0,109334,1,0
76,1,9772,1,0
76,2,9592,1,0
76,3,11117,1,0
76,4,5499,1,0
76,5,7005,1,0
76,6,6307,1,0
76,7,14765,1,0
76,8,5367,1,0
76,9,8659,1,0
76,10,2445,1,0
76,11,8303,1,0
76,12,8955,1,0
76,13,5617,1,0
76,14,4702,1,0
76,15,4458,1,0
76,16,4513,1,0
76,17,10682,1,0
76,18,1967,1,0
76,19,8625,1,0
76,20,11383,1,0
76,21,8490,1,0
76,22,40307,1,0
76,23,8996,0,8
76,24,3496,1,0
76,25,1630,1,0
76,26,30168,1,0
76,27,13658,0,8
76,28,9707,0,8
76,29,2319,1,0
76,30,2592,1,0
76,31,10146,0,8
76,32,13371,1,0
76,33,3903,1,0
76,34,6629,1,0
76,35,2856,1,0
76,36,6062,1,0
76,37,6618,1,0
76,38,5394,1,0
76,39,3008,1,0
76,40,11893,1,0
76,41,9121,0,8
76,42,3092,1,0
76,43,2730,1,0
76,44,4721,1,0
76,45,4855,1,0
76,46,4945,1,0
76,47,4977,1,0
76,48,6336,1,0
76,49,6190,1,0
76,50,7265,0,8
76,51,11295,0,8
76,52,15937,0,8
76,53,4594,1,0
76,54,7959,1,0
76,55,4175,1,0
76,56,8591,1,0
76,57,4749,1,0
76,58,3357,1,0
76,59,4304,1,0
77,0,114961,1,0
77,1,11404,1,0
77,2,21990,1,0
77,3,7952,1,0
77,4,12145,1,0
77,5,9426,1,0
77,6,5036,1,0
77,7,14149,1,0
77,8,7576,1,0
77,9,7126,1,0
77,10,9351,1,0
77,11,8423,1,0
77,12,15732,1,0
77,13,8584,1,0
77,14,7334,1,0
77,15,7826,1,0
77,16,8164,1,0
77,17,5423,1,0
77,18,12361,1,0
77,19,15419,1,0
77,20,13192,1,0
77,21,13402,1,0
77,22,46077,1,0
77,23,6084,1,0
77,24,3269,1,0
77,25,8006,1,0
77,26,35300,0,8
77,27,13200,0,8
77,28,4655,1,0
77,29,10341,0,8
77,30,3778,1,0
77,31,7092,1,0
77,32,7841,1,0
77,33,4598,1,0
77,34,6546,1,0
77,35,5551,1,0
77,36,7521,1,0
77,37,8811,1,0
77,38,10632,0,8
77,39,7856,0,8
77,40,11819,0,8
77,41,13829,0,8
77,42,4312,1,0
77,43,8940,1,0
77,44,11575,0,8
77,45,13839,0,8
77,46,13332,0,8
77,47,5289,1,0
77,48,6968,1,0
77,49,5981,1,0
77,50,8090,1,0
77,51,9738,0,8
77,52,6040,1,0
77,53,6072,1,0
77,54,8055,0,8
77,55,10336,0,8
77,56,12702,0,8
77,57,9418,0,8
77,58,3610,1,0
77,59,8835,0,8
78,0,123039,1,0
78,1,19101,1,0
78,2,17621,1,0
78,3,8827,1,0
78,4,13923,1,0
78,5,15174,1,0
78,6,14539,1,0
78,7,9952,1,0
78,8,12623,1,0
78,9,14567,1,0
78,10,8516,1,0
78,11,10329,1,0
78,12,7437,1,0
78,13,10175,1,0
78,14,11103,1,0
78,15,10668,1,0
78,16,9127,1,0
78,17,10586,1,0
78,18,6902,1,0
78,19,5897,1,0
78,20,11589,1,0
78,21,14279,1,0
78,22,40836,1,0
78,23,13072,1,0
78,24,17862,1,0
78,25,13697,1,0
78,26,29753,1,0
78,27,5322,1,0
78,28,9744,1,0
78,29,9245,1,0
78,30,11569,1,0
78,31,15249,1,0
78,32,14682,1,0
78,33,12285,1,0
78,34,8077,1,0
78,35,9776,1,0
78,36,5092,1,0
78,37,13520,1,0
78,38,11923,0,8
78,39,9346,0,8
78,40,13594,1,0
78,41,8059,1,0
78,42,7135,1,0
78,43,1932,1,0
78,44,12053,0,8
78,45,11443,1,0
78,46,10666,0,8
78,47,7214,1,0
78,48,9564,1,0
78,49,13508,0,8
78,50,6852,1,0
78,51,8738,1,0
78,52,11521,1,0
78,53,13037,0,8
78,54,9253,1,0
78,55,6003,1,0
78,56,7554,1,0
78,57,11606,0,8
78,58,8882,1,0
78,59,11600,1,0
79,0,108856,1,0
79,1,10498,1,0
79,2,19869,1,0
79,3,4662,1,0
79,4,6516,1,0
79,5,9255,1,0
79,6,9438,1,0
79,7,9178,1,0
79,8,6106,1,0
79,9,11437,1,0
79,10,11573,1,0
79,11,12992,1,0
79,12,13814,1,0
79,13,9248,1,0
79,14,7707,1,0
79,15,7875,1,0
79,16,4665,1,0
79,17,9502,1,0
79,18,5042,1,0
79,19,11334,1,0
79,20,9708,1,0
79,21,6689,1,0
79,22,48940,1,0
79,23,4732,1,0
79,24,5751,0,8
79,25,7211,1,0
79,26,32851,0,8
79,27,9294,0,8
79,28,4823,1,0
79,29,10742,0,8
79,30,6809,1,0
79,31,4415,1,0
79,32,18702,0,8
79,33,8979,0,8
79,34,7861,1,0
79,35,5608,0,8
79,36,9167,0,8
79,37,13658,0,8
79,38,5275,1,0
79,39,10115,0,8
79,40,15076,0,8
79,41,14070,0,8
79,42,3328,1,0
79,43,9155,0,8
79,44,10435,0,8
79,45,10813,0,8
79,46,8446,0,8
79,47,9709,0,8
79,48,8758,0,8
79,49,9179,0,8
79,50,11187,0,8
79,51,10592,0,8
79,52,15191,0,8
79,53,8421,0,8
79,54,7775,0,8
79,55,4519,1,0
79,56,8484,0,8
79,57,5813,1,0
79,58,8122,0,8
79,59,6697,1,0
80,0,122676,1,0
80,1,13194,1,0
80,2,6975,1,0
80,3,13650,1,0
80,4,9759,1,0
80,5,15798,1,0
80,6,8927,1,0
80,7,9159,1,0
80,8,14655,1,0
80,9,14776,1,0
80,10,8824,1,0
80,11,11294,1,0
80,12,15246,1,0
80,13,5094,1,0
80,14,13741,1,0
80,15,10884,1,0
80,16,11714,1,0
80,17,13017,1,0
80,18,10555,1,0
80,19,7709,1,0
80,20,8713,1,0
80,21,13810,1,0
80,22,51995,1,0
80,23,6891,1,0
80,24,19564,1,0
80,25,6138,1,0
80,26,28581,1,0
80,27,6019,1,0
80,28,13746,0,8
80,29,12378,0,8
80,30,10444,0,8
80,31,6589,1,0
80,32,18026,0,8
80,33,5093,1,0
80,34,15670,0,8
80,35,12419,0,8
80,36,13086,0,8
80,37,8993,1,0
80,38,12109,0,8
80,39,11116,0,8
80,40,12807,1,0
80,41,13123,0,8
80,42,10166,0,8
80,43,11824,0,8
80,44,9742,1,0
80,45,12122,0,8
80,46,5956,1,0
80,47,6657,1,0
80,48,14039,0,8
80,49,13585,0,8
80,50,10430,0,8
80,51,10769,0,8
80,52,13581,0,8
80,53,5289,1,0
80,54,13619,1,0
80,55,9376,0,8
80,56,13366,0,8
80,57,12835,0,8
80,58,3855,1,0
80,59,10234,1,0
81,0,114738,1,0
81,1,19212,1,0
81,2,16421,1,0
81,3,8492,1,0
81,4,15138,1,0
81,5,8710,1,0
81,6,8167,1,0
81,7,14243,1,0
81,8,13551,1,0
81,9,14991,1,0
81,10,9010,1,0
81,11,9574,1,0
81,12,15873,1,0
81,13,13850,1,0
81,14,9834,1,0
81,15,14957,1,0
81,16,11765,1,0
81,17,10644,1,0
81,18,10640,1,0
81,19,7801,1,0
81,20,13632,1,0
81,21,8996,1,0
81,22,49581,1,0
81,23,6859,1,0
81,24,20145,1,0
81,25,13867,1,0
81,26,36759,1,0
81,27,8253,1,0
81,28,13695,1,0
81,29,3150,1,0
81,30,11759,1,0
81,31,16583,1,0
81,32,18118,1,0
81,33,10710,1,0
81,34,13185,1,0
81,35,4298,1,0
81,36,7473,1,0
81,37,15454,1,0
81,38,9050,1,0
81,39,10358,1,0
81,40,11913,1,0
81,41,13161,1,0
81,42,6451,1,0
81,43,9489,0,8
81,44,16451,0,8
81,45,9385,1,0
81,46,4126,1,0
81,47,6990,1,0
81,48,14055,0,8
81,49,11554,1,0
81,50,11072,1,0
81,51,10908,0,8
81,52,6183,1,0
81,53,5806,1,0
81,54,13481,0,8
81,55,11341,0,8
81,56,5769,1,0
81,57,11423,0,8
81,58,10985,1,0
81,59,20391,0,8
82,0,109238,1,0
82,1,19004,1,0
82,2,21040,1,0
82,3,10837,1,0
82,4,8499,1,0
82,5,11638,1,0
82,6,6196,1,0
82,7,6553,1,0
82,8,10398,1,0
82,9,11274,1,0
82,10,11265,1,0
82,11,12728,1,0
82,12,15319,1,0
82,13,11971,1,0
82,14,14070,1,0
82,15,10760,1,0
82,16,10282,1,0
82,17,10599,1,0
82,18,11965,1,0
82,19,5975,1,0
82,20,9210,1,0
82,21,9248,1,0
82,22,50743,1,0
82,23,13173,1,0
82,24,11231,1,0
82,25,10415,1,0
82,26,30318,1,0
82,27,14806,1,0
82,28,5822,1,0
82,29,10938,1,0
82,30,6660,1,0
82,31,6185,1,0
82,32,10751,1,0
82,33,10306,1,0
82,34,14646,1,0
82,35,9738,1,0
82,36,10527,1,0
82,37,11045,1,0
82,38,9683,0,8
82,39,5179,1,0
82,40,14184,1,0
82,41,11099,1,0
82,42,7755,1,0
82,43,12114,1,0
82,44,16507,0,8
82,45,9287,1,0
82,46,12170,0,8
82,47,13026,0,8
82,48,14034,0,8
82,49,7473,1,0
82,50,4805,1,0
82,51,12034,0,8
82,52,15101,0,8
82,53,13851,0,8
82,54,13570,0,8
82,55,9357,1,0
82,56,10074,1,0
82,57,9751,0,8
82,58,8625,1,0
82,59,19986,0,8
83,0,114392,1,0
83,1,13286,1,0
83,2,8455,1,0
83,3,12892,1,0
83,4,7517,1,0
83,5,15992,1,0
83,6,9218,1,0
83,7,8449,1,0
83,8,13566,1,0
83,9,15411,1,0
83,10,12636,1,0
83,11,10923,1,0
83,12,15125,1,0
83,13,5647,1,0
83,14,12969,1,0
83,15,9818,1,0
83,16,10562,1,0
83,17,7377,1,0
83,18,7631,1,0
83,19,14809,1,0
83,20,16303,1,0
83,21,7738,1,0
83,22,41480,1,0
83,23,6535,1,0
83,24,4889,1,0
83,25,7898,1,0
83,26,36902,1,0
83,27,13191,1,0
83,28,13606,1,0
83,29,12694,1,0
83,30,9262,1,0
83,31,6271,1,0
83,32,20047,1,0
83,33,6197,1,0
83,34,15681,1,0
83,35,13568,1,0
83,36,9331,1,0
83,37,8135,1,0
83,38,11448,1,0
83,39,11399,1,0
83,40,11744,1,0
83,41,13659,1,0
83,42,18348,1,0
83,43,11601,0,8
83,44,7602,1,0
83,45,12680,0,8
83,46,9596,1,0
83,47,5757,1,0
83,48,3823,1,0
83,49,14476,0,8
83,50,12401,0,8
83,51,10623,1,0
83,52,14892,0,8
83,53,5915,1,0
83,54,13529,0,8
83,55,13284,0,8
83,56,7463,1,0
83,57,8127,1,0
83,58,12214,1,0
83,59,7383,1,0
84,0,109087,1,0
84,1,12900,1,0
84,2,9061,1,0
84,3,12010,1,0
84,4,8762,1,0
84,5,15936,1,0
84,6,8203,1,0
84,7,15869,1,0
84,8,11824,1,0
84,9,15307,1,0
84,10,11648,1,0
84,11,9479,1,0
84,12,9078,1,0
84,13,13419,1,0
84,14,12776,1,0
84,15,5946,1,0
84,16,11360,1,0
84,17,7454,1,0
84,18,12609,1,0
84,19,13220,1,0
84,20,13763,1,0
84,21,13798,0,8
84,22,50696,0,8
84,23,7960,0,8
84,24,18033,0,8
84,25,14628,0,8
84,26,34986,0,8
84,27,10797,0,8
84,28,11027,0,8
84,29,11678,0,8
84,30,5741,1,0
84,31,4747,1,0
84,32,18019,0,8
84,33,3943,1,0
84,34,13211,0,8
84,35,4751,1,0
84,36,10433,0,8
84,37,16376,0,8
84,38,10425,0,8
84,39,5466,1,0
84,40,20365,0,8
84,41,13685,0,8
84,42,11186,0,8
84,43,11463,0,8
84,44,15579,0,8
84,45,10374,1,0
84,46,6215,0,8
84,47,8766,0,8
84,48,7431,1,0
84,49,9055,0,8
84,50,4991,1,0
84,51,8863,0,8
84,52,6937,1,0
84,53,13135,0,8
84,54,12031,0,8
84,55,13231,0,8
84,56,5883,1,0
84,57,9720,0,8
84,58,12055,0,8
84,59,19763,0,8
85,0,109232,1,0
85,1,19056,1,0
85,2,13850,1,0
85,3,5768,1,0
85,4,13716,1,0
85,5,6008,1,0
85,6,5895,1,0
85,7,16019,1,0
85,8,12796,1,0
85,9,10424,1,0
85,10,11429,1,0
85,11,12819,1,0
85,12,13414,1,0
85,13,12007,1,0
85,14,7534,1,0
85,15,9218,1,0
85,16,10241,1,0
85,17,9497,1,0
85,18,9164,1,0
85,19,11803,1,0
85,20,9588,1,0
85,21,8951,1,0
85,22,50937,1,0
85,23,14231,1,0
85,24,7956,1,0
85,25,15894,0,8
85,26,30576,1,0
85,27,6896,0,8
85,28,5368,1,0
85,29,3717,1,0
85,30,6226,1,0
85,31,4125,1,0
85,32,15821,0,8
85,33,9804,0,8
85,34,6671,1,0
85,35,4342,1,0
85,36,11976,0,8
85,37,6280,1,0
85,38,9265,0,8
85,39,5657,1,0
85,40,19119,0,8
85,41,11212,0,8
85,42,23261,0,8
85,43,10079,0,8
85,44,15929,0,8
85,45,11719,0,8
85,46,9801,0,8
85,47,12306,0,8
85,48,5305,1,0
85,49,8706,1,0
85,50,9926,0,8
85,51,5901,1,0
85,52,16027,0,8
85,53,13681,0,8
85,54,11060,0,8
85,55,11776,0,8
85,56,11274,0,8
85,57,8224,1,0
85,58,12001,0,8
85,59,8818,1,0
86,0,109553,1,0
86,1,16841,1,0
86,2,20821,1,0
86,3,9181,1,0
86,4,14014,1,0
86,5,15154,1,0
86,6,8431,1,0
86,7,13668,1,0
86,8,12908,1,0
86,9,15146,1,0
86,10,7305,1,0
86,11,7101,1,0
86,12,9060,1,0
86,13,4638,1,0
86,14,9781,1,0
86,15,9929,1,0
86,16,5542,1,0
86,17,8602,1,0
86,18,7278,1,0
86,19,9987,1,0
86,20,8673,1,0
86,21,10126,1,0
86,22,48933,1,0
86,23,8661,1,0
86,24,9075,1,0
86,25,13738,1,0
86,26,30601,1,0
86,27,15268,0,8
86,28,5921,1,0
86,29,7500,1,0
86,30,3466,1,0
86,31,8595,0,8
86,32,9428,1,0
86,33,11091,1,0
86,34,13166,0,8
86,35,7403,0,8
86,36,7345,1,0
86,37,9814,1,0
86,38,6608,1,0
86,39,8687,1,0
86,40,11770,1,0
86,41,12188,0,8
86,42,4581,1,0
86,43,14594,0,8
86,44,10722,0,8
86,45,5092,1,0
86,46,8296,1,0
86,47,10496,1,0
86,48,9693,1,0
86,49,7715,0,8
86,50,12460,0,8
86,51,4677,1,0
86,52,9060,1,0
86,53,8480,1,0
86,54,8245,1,0
86,55,7902,0,8
86,56,9934,0,8
86,57,13852,0,8
86,58,12420,0,8
86,59,19707,0,8
87,0,109456,1,0
87,1,19286,1,0
87,2,16065,1,0
87,3,13675,1,0
87,4,14990,1,0
87,5,15061,1,0
87,6,14663,1,0
87,7,14906,1,0
87,8,11146,1,0
87,9,11400,1,0
87,10,6554,1,0
87,11,13045,1,0
87,12,15392,1,0
87,13,10418,1,0
87,14,11543,1,0
87,15,11915,1,0
87,16,11013,1,0
87,17,10201,1,0
87,18,11658,1,0
87,19,7730,1,0
87,20,7595,1,0
87,21,7639,1,0
87,22,50119,1,0
87,23,14406,1,0
87,24,6188,1,0
87,25,16719,1,0
87,26,33822,1,0
87,27,8528,1,0
87,28,11747,1,0
87,29,11009,1,0
87,30,8025,1,0
87,31,16858,1,0
87,32,10968,1,0
87,33,9538,1,0
87,34,8098,1,0
87,35,8799,1,0
87,36,8823,1,0
87,37,13592,0,8
87,38,11734,0,8
87,39,7408,1,0
87,40,18717,0,8
87,41,11954,1,0
87,42,8016,1,0
87,43,11789,1,0
87,44,14431,0,8
87,45,9247,1,0
87,46,12731,0,8
87,47,11451,0,8
87,48,5224,1,0
87,49,12518,0,8
87,50,12482,0,8
87,51,10424,0,8
87,52,16575,0,8
87,53,12236,0,8
87,54,12335,0,8
87,55,11598,0,8
87,56,10703,1,0
87,57,7821,1,0
87,58,8654,1,0
87,59,17423,0,8
88,0,121634,1,0
88,1,11813,1,0
88,2,21304,1,0
88,3,8451,1,0
88,4,5424,1,0
88,5,7866,1,0
88,6,4728,1,0
88,7,5427,1,0
88,8,14159,1,0
88,9,9483,1,0
88,10,7908,1,0
88,11,14499,1,0
88,12,9680,1,0
88,13,4554,1,0
88,14,7409,1,0
88,15,13807,1,0
88,16,4558,1,0
88,17,11075,1,0
88,18,10073,1,0
88,19,5322,1,0
88,20,12421,1,0
88,21,5988,1,0
88,22,47461,1,0
88,23,10175,1,0
88,24,5994,1,0
88,25,9080,1,0
88,26,29273,1,0
88,27,15571,0,8
88,28,9294,1,0
88,29,6989,0,8
88,30,9712,0,8
88,31,9770,1,0
88,32,18076,0,8
88,33,7809,0,8
88,34,6405,1,0
88,35,5652,1,0
88,36,8796,1,0
88,37,14741,0,8
88,38,6578,1,0
88,39,6647,0,8
88,40,10501,1,0
88,41,7590,1,0
88,42,20084,0,8
88,43,5371,1,0
88,44,7909,0,8
88,45,10926,0,8
88,46,6832,1,0
88,47,8934,0,8
88,48,11161,0,8
88,49,11443,0,8
88,50,9148,0,8
88,51,12199,0,8
88,52,10711,1,0
88,53,8591,0,8
88,54,7106,1,0
88,55,4931,1,0
88,56,7401,0,8
88,57,9097,1,0
88,58,5483,1,0
88,59,10558,0,8
89,0,108472,1,0
89,1,13331,1,0
89,2,9120,1,0
89,3,13152,1,0
89,4,9492,1,0
89,5,8569,1,0
89,6,8986,1,0
89,7,11557,1,0
89,8,14024,1,0
89,9,12205,1,0
89,10,7878,1,0
89,11,9480,1,0
89,12,15445,1,0
89,13,13478,1,0
89,14,12983,1,0
89,15,10887,1,0
89,16,12008,1,0
89,17,12778,1,0
89,18,12713,1,0
89,19,15139,1,0
89,20,16291,1,0
89,21,14275,1,0
89,22,40217,1,0
89,23,5938,1,0
89,24,17255,1,0
89,25,16521,1,0
89,26,33760,1,0
89,27,7798,1,0
89,28,12064,0,8
89,29,12497,0,8
89,30,11262,0,8
89,31,5046,1,0
89,32,11819,1,0
89,33,6379,1,0
89,34,15700,0,8
89,35,13588,0,8
89,36,11654,0,8
89,37,14295,0,8
89,38,11384,0,8
89,39,10748,0,8
89,40,11503,1,0
89,41,10217,1,0
89,42,18629,0,8
89,43,15618,0,8
89,44,6718,1,0
89,45,11450,0,8
89,46,5391,1,0
89,47,8547,0,8
89,48,4733,1,0
89,49,12710,0,8
89,50,10462,0,8
89,51,11941,0,8
89,52,12285,0,8
89,53,7120,1,0
89,54,8648,1,0
89,55,13621,0,8
89,56,13768,0,8
89,57,10722,0,8
89,58,12644,0,8
89,59,12000,0,8
90,0,109082,1,0
90,1,11321,1,0
90,2,21001,1,0
90,3,7728,1,0
90,4,10504,1,0
90,5,7320,1,0
90,6,4626,1,0
90,7,16104,1,0
90,8,14314,1,0
90,9,15056,1,0
90,10,12888,1,0
90,11,14499,1,0
90,12,11700,1,0
90,13,8542,1,0
90,14,6998,1,0
90,15,6902,1,0
90,16,6497,1,0
90,17,9291,1,0
90,18,5334,1,0
90,19,11098,1,0
90,20,12373,1,0
90,21,7880,1,0
90,22,42420,1,0
90,23,7184,1,0
90,24,2173,1,0
90,25,11980,1,0
90,26,31387,1,0
90,27,8680,0,8
90,28,5549,1,0
90,29,12105,0,8
90,30,12323,0,8
90,31,7389,1,0
90,32,15793,0,8
90,33,10565,1,0
90,34,9076,1,0
90,35,5761,1,0
90,36,13330,0,8
90,37,7575,1,0
90,38,4054,1,0
90,39,4487,1,0
90,40,11119,1,0
90,41,10167,1,0
90,42,18298,0,8
90,43,12418,0,8
90,44,5834,1,0
90,45,12593,0,8
90,46,10777,0,8
90,47,12533,0,8
90,48,8476,1,0
90,49,6186,1,0
90,50,10391,0,8
90,51,10353,0,8
90,52,13297,0,8
90,53,7643,1,0
90,54,7016,1,0
90,55,10373,0,8
90,56,7425,1,0
90,57,5759,1,0
90,58,9137,0,8
90,59,7834,1,0
91,0,108229,1,0
91,1,11466,1,0
91,2,12071,1,0
91,3,4645,1,0
91,4,11099,1,0
91,5,9253,1,0
91,6,12127,1,0
91,7,7602,1,0
91,8,13564,1,0
91,9,12954,1,0
91,10,12948,1,0
91,11,8456,1,0
91,12,16645,1,0
91,13,8148,1,0
91,14,8344,1,0
91,15,12721,1,0
91,16,4682,1,0
91,17,7876,1,0
91,18,10137,1,0
91,19,9715,1,0
91,20,11511,1,0
91,21,11199,1,0
91,22,43613,1,0
91,23,14997,1,0
91,24,8873,1,0
91,25,14738,1,0
91,26,36624,0,8
91,27,11075,0,8
91,28,5582,1,0
91,29,7045,1,0
91,30,9247,0,8
91,31,10307,0,8
91,32,16100,1,0
91,33,7732,0,8
91,34,7925,1,0
91,35,8565,0,8
91,36,13207,0,8
91,37,11252,1,0
91,38,13015,0,8
91,39,6627,1,0
91,40,10145,1,0
91,41,10371,1,0
91,42,23022,0,8
91,43,8716,1,0
91,44,11503,0,8
91,45,11322,0,8
91,46,6171,1,0
91,47,5112,1,0
91,48,11116,0,8
91,49,11597,0,8
91,50,10963,0,8
91,51,6916,1,0
91,52,8166,1,0
91,53,12674,0,8
91,54,9073,0,8
91,55,10936,0,8
91,56,6264,1,0
91,57,8169,1,0
91,58,8785,0,8
91,59,9623,1,0
92,0,107593,1,0
92,1,18860,1,0
92,2,13621,1,0
92,3,9401,1,0
92,4,8484,1,0
92,5,13544,1,0
92,6,5512,1,0
92,7,13857,1,0
92,8,13448,1,0
92,9,7648,1,0
92,10,12436,1,0
92,11,11394,1,0
92,12,11250,1,0
92,13,13452,1,0
92,14,11489,1,0
92,15,4561,1,0
92,16,7156,1,0
92,17,6389,1,0
92,18,8980,1,0
92,19,12825,1,0
92,20,12989,1,0
92,21,6969,1,0
92,22,49598,1,0
92,23,13423,1,0
92,24,6120,1,0
92,25,9682,1,0
92,26,30371,1,0
92,27,9862,1,0
92,28,10189,0,8
92,29,10152,0,8
92,30,9629,0,8
92,31,8402,1,0
92,32,15992,0,8
92,33,6816,1,0
92,34,10364,0,8
92,35,8175,1,0
92,36,13320,0,8
92,37,8378,1,0
92,38,7690,1,0
92,39,10210,0,8
92,40,14083,0,8
92,41,8104,1,0
92,42,10400,0,8
92,43,9596,1,0
92,44,3806,1,0
92,45,11365,0,8
92,46,7304,1,0
92,47,11338,1,0
92,48,11368,0,8
92,49,6360,1,0
92,50,7921,1,0
92,51,7336,1,0
92,52,16451,0,8
92,53,12458,0,8
92,54,9271,0,8
92,55,9570,0,8
92,56,12208,0,8
92,57,7720,1,0
92,58,6800,1,0
92,59,10793,1,0
93,0,107010,1,0
93,1,19308,1,0
93,2,20829,1,0
93,3,13251,1,0
93,4,11305,1,0
93,5,7245,1,0
93,6,6011,1,0
93,7,15027,1,0
93,8,11690,1,0
93,9,14008,1,0
93,10,7860,1,0
93,11,12625,1,0
93,12,10527,1,0
93,13,7855,1,0
93,14,9929,1,0
93,15,13656,1,0
93,16,10838,1,0
93,17,14036,1,0
93,18,5988,1,0
93,19,12689,1,0
93,20,13680,1,0
93,21,11787,1,0
93,22,52091,1,0
93,23,14892,1,0
93,24,7653,1,0
93,25,6616,1,0
93,26,31168,1,0
93,27,5982,1,0
93,28,6018,1,0
93,29,9729,0,8
93,30,3190,1,0
93,31,10190,0,8
93,32,17546,0,8
93,33,5508,1,0
93,34,14921,0,8
93,35,12339,0,8
93,36,12878,0,8
93,37,15420,0,8
93,38,7915,1,0
93,39,8781,1,0
93,40,14031,1,0
93,41,8568,1,0
93,42,22171,0,8
93,43,5402,1,0
93,44,10769,0,8
93,45,14625,0,8
93,46,10199,0,8
93,47,12247,0,8
93,48,9920,0,8
93,49,12519,0,8
93,50,7501,1,0
93,51,10739,0,8
93,52,12774,1,0
93,53,12167,0,8
93,54,10551,0,8
93,55,8384,0,8
93,56,8091,1,0
93,57,9758,1,0
93,58,8050,0,8
93,59,18596,0,8
94,0,107797,1,0
94,1,14391,1,0
94,2,9598,1,0
94,3,6018,1,0
94,4,10691,1,0
94,5,11873,1,0
94,6,14768,1,0
94,7,15694,1,0
94,8,8819,1,0
94,9,8772,1,0
94,10,12006,1,0
94,11,10795,1,0
94,12,10646,1,0
94,13,8525,1,0
94,14,8205,1,0
94,15,9931,1,0
94,16,7804,1,0
94,17,10417,1,0
94,18,8745,1,0
94,19,10889,1,0
94,20,13163,1,0
94,21,12967,1,0
94,22,48646,1,0
94,23,10769,1,0
94,24,6566,1,0
94,25,14223,1,0
94,26,37837,1,0
94,27,10116,1,0
94,28,8178,1,0
94,29,7387,1,0
94,30,7447,1,0
94,31,13720,1,0
94,32,14906,1,0
94,33,6852,1,0
94,34,9659,1,0
94,35,3817,1,0
94,36,13171,1,0
94,37,6866,1,0
94,38,10870,1,0
94,39,7913,1,0
94,40,12866,1,0
94,41,8067,1,0
94,42,23274,1,0
94,43,11946,0,8
94,44,6283,1,0
94,45,14005,0,8
94,46,11682,1,0
94,47,10396,0,8
94,48,12871,0,8
94,49,8325,1,0
94,50,10102,1,0
94,51,10937,0,8
94,52,15743,0,8
94,53,12345,1,0
94,54,7942,1,0
94,55,9555,1,0
94,56,5291,1,0
94,57,8215,1,0
94,58,4072,1,0
94,59,9583,1,0
95,0,107116,1,0
95,1,11098,1,0
95,2,12110,1,0
95,3,7343,1,0
95,4,7515,1,0
95,5,14338,1,0
95,6,1400,1,0
95,7,6084,1,0
95,8,7194,1,0
95,9,9451,1,0
95,10,9723,1,0
95,11,14205,1,0
95,12,10169,1,0
95,13,7895,1,0
95,14,5386,1,0
95,15,6284,1,0
95,16,7129,1,0
95,17,14021,1,0
95,18,7565,1,0
95,19,9448,1,0
95,20,7911,1,0
95,21,8902,1,0
95,22,51258,1,0
95,23,4681,1,0
95,24,18957,1,0
95,25,6023,1,0
95,26,34235,1,0
95,27,8580,1,0
95,28,8406,1,0
95,29,3316,1,0
95,30,2653,1,0
95,31,4555,1,0
95,32,11446,1,0
95,33,9002,0,8
95,34,8063,1,0
95,35,4544,1,0
95,36,9303,1,0
95,37,16226,0,8
95,38,4507,1,0
95,39,10879,0,8
95,40,9946,1,0
95,41,13065,0,8
95,42,11486,1,0
95,43,11728,0,8
95,44,8169,1,0
95,45,6834,1,0
95,46,8720,1,0
95,47,7123,1,0
95,48,4945,1,0
95,49,6650,1,0
95,50,1863,1,0
95,51,6395,1,0
95,52,9710,1,0
95,53,7414,1,0
95,54,4840,1,0
95,55,6409,1,0
95,56,4239,1,0
95,57,11349,1,0
95,58,6178,1,0
95,59,13059,0,8
96,0,106241,1,0
96,1,14321,1,0
96,2,9336,1,0
96,3,8358,1,0
96,4,13847,1,0
96,5,16288,1,0
96,6,11029,1,0
96,7,14617,1,0
96,8,11906,1,0
96,9,12745,1,0
96,10,8316,1,0
96,11,7078,1,0
96,12,9398,1,0
96,13,7924,1,0
96,14,9693,1,0
96,15,15047,1,0
96,16,4801,1,0
96,17,4924,1,0
96,18,8724,1,0
96,19,12292,1,0
96,20,15604,1,0
96,21,10183,1,0
96,22,49133,1,0
96,23,13020,1,0
96,24,10853,1,0
96,25,10637,1,0
96,26,35634,1,0
96,27,5604,1,0
96,28,10881,1,0
96,29,8250,1,0
96,30,9724,1,0
96,31,5443,1,0
96,32,11159,1,0
96,33,11018,1,0
96,34,5845,1,0
96,35,8680,1,0
96,36,4880,1,0
96,37,10372,1,0
96,38,12992,1,0
96,39,11293,1,0
96,40,16963,1,0
96,41,5510,1,0
96,42,21616,1,0
96,43,8783,1,0
96,44,3821,1,0
96,45,10810,1,0
96,46,11719,0,8
96,47,11294,0,8
96,48,8713,1,0
96,49,11503,1,0
96,50,12905,0,8
96,51,10907,1,0
96,52,14068,1,0
96,53,4581,1,0
96,54,3348,1,0
96,55,12431,0,8
96,56,5372,1,0
96,57,6111,1,0
96,58,12000,1,0
96,59,12232,1,0
97,0,108526,1,0
97,1,11877,1,0
97,2,6498,1,0
97,3,4608,1,0
97,4,14922,1,0
97,5,8186,1,0
97,6,5482,1,0
97,7,8768,1,0
97,8,7261,1,0
97,9,14942,1,0
97,10,12935,1,0
97,11,7559,1,0
97,12,7442,1,0
97,13,9550,1,0
97,14,11174,1,0
97,15,12321,1,0
97,16,5563,1,0
97,17,10223,1,0
97,18,10454,1,0
97,19,11893,1,0
97,20,12113,1,0
97,21,12803,0,8
97,22,48992,0,8
97,23,9378,0,8
97,24,3524,1,0
97,25,10851,0,8
97,26,30697,1,0
97,27,15250,0,8
97,28,7140,1,0
97,29,7001,0,8
97,30,5570,1,0
97,31,17608,0,8
97,32,15015,0,8
97,33,7475,0,8
97,34,7088,1,0
97,35,12580,0,8
97,36,12194,0,8
97,37,14473,0,8
97,38,6423,1,0
97,39,6688,0,8
97,40,9894,1,0
97,41,8851,1,0
97,42,10471,0,8
97,43,15418,0,8
97,44,11283,0,8
97,45,11568,0,8
97,46,9949,0,8
97,47,5844,1,0
97,48,9574,0,8
97,49,3949,1,0
97,50,10133,0,8
97,51,9801,0,8
97,52,10525,0,8
97,53,13523,0,8
97,54,10423,0,8
97,55,10356,0,8
97,56,10759,0,8
97,57,7653,1,0
97,58,7643,0,8
97,59,9975,0,8
98,0,109083,1,0
98,1,19149,1,0
98,2,18527,1,0
98,3,8383,1,0
98,4,10709,1,0
98,5,6140,1,0
98,6,7469,1,0
98,7,13632,1,0
98,8,14292,1,0
98,9,13890,1,0
98,10,7259,1,0
98,11,9026,1,0
98,12,7976,1,0
98,13,13366,1,0
98,14,9883,1,0
98,15,13754,1,0
98,16,11402,1,0
98,17,9061,1,0
98,18,5764,1,0
98,19,9192,1,0
98,20,14090,1,0
98,21,14163,1,0
98,22,50000,1,0
98,23,10975,1,0
98,24,5015,1,0
98,25,17063,0,8
98,26,33445,0,8
98,27,7394,0,8
98,28,10902,0,8
98,29,9334,0,8
98,30,3514,1,0
98,31,15175,0,8
98,32,15907,0,8
98,33,3507,1,0
98,34,14761,0,8
98,35,12427,0,8
98,36,12925,0,8
98,37,14740,0,8
98,38,3687,1,0
98,39,8943,0,8
98,40,19141,0,8
98,41,9402,0,8
98,42,22154,0,8
98,43,6269,1,0
98,44,16626,0,8
98,45,6077,1,0
98,46,12171,0,8
98,47,10374,0,8
98,48,4115,1,0
98,49,12659,0,8
98,50,8968,0,8
98,51,10653,0,8
98,52,6870,1,0
98,53,10226,0,8
98,54,11912,0,8
98,55,5961,1,0
98,56,5422,1,0
98,57,12704,0,8
98,58,5289,1,0
98,59,12572,0,8
99,0,107218,1,0
99,1,13158,1,0
99,2,8615,1,0
99,3,13159,1,0
99,4,7341,1,0
99,5,13606,1,0
99,6,9338,1,0
99,7,11997,1,0
99,8,13495,1,0
99,9,15537,1,0
99,10,11629,1,0
99,11,9315,1,0
99,12,14996,1,0
99,13,4998,1,0
99,14,6714,1,0
99,15,7243,1,0
99,16,9107,1,0
99,17,5164,1,0
99,18,7056,1,0
99,19,7631,1,0
99,20,15565,1,0
99,21,9457,1,0
99,22,51997,1,0
99,23,5497,1,0
99,24,8810,1,0
99,25,16251,1,0
99,26,31239,1,0
99,27,7941,1,0
99,28,6649,1,0
99,29,13138,1,0
99,30,12596,1,0
99,31,13723,1,0
99,32,12025,1,0
99,33,4240,1,0
99,34,15732,0,8
99,35,13604,0,8
99,36,9512,0,8
99,37,15488,0,8
99,38,11274,0,8
99,39,11129,0,8
99,40,12520,1,0
99,41,13866,0,8
99,42,19300,0,8
99,43,14292,0,8
99,44,6658,1,0
99,45,12355,0,8
99,46,9474,0,8
99,47,8499,0,8
99,48,5950,1,0
99,49,12510,0,8
99,50,7630,1,0
99,51,5164,1,0
99,52,6845,1,0
99,53,5587,1,0
99,54,13516,0,8
99,55,13604,0,8
99,56,7621,1,0
99,57,10647,0,8
99,58,12564,0,8
99,59,11526,1,0
100,0,106086,1,0
100,1,17118,1,0
100,2,11994,1,0
100,3,6641,1,0
100,4,5438,1,0
100,5,6562,1,0
100,6,8757,1,0
100,7,7889,1,0
100,8,8894,1,0
100,9,6391,1,0
100,10,9267,1,0
100,11,5174,1,0
100,12,8857,1,0
100,13,7011,1,0
100,14,7727,1,0
100,15,6858,1,0
100,16,11341,1,0
100,17,7608,1,0
100,18,4806,1,0
100,19,8710,1,0
100,20,6570,1,0
100,21,8502,1,0
100,22,39042,1,0
100,23,5076,1,0
100,24,8571,0,8
100,25,14465,0,8
100,26,31180,1,0
100,27,7600,0,8
100,28,6421,0,8
100,29,5920,1,0
100,30,6156,1,0
100,31,4635,1,0
100,32,11256,1,0
100,33,4229,1,0
100,34,6336,1,0
100,35,2721,1,0
100,36,4518,1,0
100,37,5883,1,0
100,38,3622,1,0
100,39,3411,1,0
100,40,20301,0,8
100,41,7910,1,0
100,42,22523,0,8
100,43,8816,1,0
100,44,5723,1,0
100,45,2666,1,0
100,46,8942,0,8
100,47,8992,0,8
100,48,13499,0,8
100,49,4114,1,0
100,50,6043,1,0
100,51,11634,0,8
100,52,9883,1,0
100,53,6597,0,8
100,54,7314,0,8
100,55,8744,1,0
100,56,5526,1,0
100,57,4767,1,0
100,58,6313,1,0
100,59,4982,1,0
101,0,107704,1,0
101,1,14349,1,0
101,2,16168,1,0
101,3,9217,1,0
101,4,8710,1,0
101,5,15025,1,0
101,6,12922,1,0
101,7,12491,1,0
101,8,10508,1,0
101,9,14722,1,0
101,10,14574,1,0
101,11,11277,1,0
101,12,10934,1,0
101,13,8795,1,0
101,14,10720,1,0
101,15,13393,1,0
101,16,4889,1,0
101,17,13320,1,0
101,18,6269,1,0
101,19,5641,1,0
101,20,8320,1,0
101,21,10064,1,0
101,22,39520,1,0
101,23,6284,1,0
101,24,9813,1,0
101,25,16684,1,0
101,26,29463,1,0
101,27,12378,1,0
101,28,8347,1,0
101,29,3743,1,0
101,30,12209,1,0
101,31,15629,1,0
101,32,10779,1,0
101,33,10282,1,0
101,34,12202,1,0
101,35,8739,1,0
101,36,12978,1,0
101,37,6746,1,0
101,38,8532,1,0
101,39,8932,1,0
101,40,15293,1,0
101,41,14492,1,0
101,42,22528,1,0
101,43,10304,0,8
101,44,4869,1,0
101,45,12536,0,8
101,46,10763,1,0
101,47,12261,0,8
101,48,12939,0,8
101,49,8201,1,0
101,50,9671,1,0
101,51,10683,0,8
101,52,9704,1,0
101,53,12565,1,0
101,54,8854,1,0
101,55,11403,0,8
101,56,11414,0,8
101,57,10784,1,0
101,58,7461,1,0
101,59,19268,0,8
102,0,106860,1,0
102,1,16283,1,0
102,2,13672,1,0
102,3,9960,1,0
102,4,13910,1,0
102,5,13563,1,0
102,6,14739,1,0
102,7,11540,1,0
102,8,10439,1,0
102,9,14745,1,0
102,10,6518,1,0
102,11,12509,1,0
102,12,11053,1,0
102,13,11868,1,0
102,14,11241,1,0
102,15,13498,1,0
102,16,8297,1,0
102,17,6488,1,0
102,18,9270,1,0
102,19,13971,1,0
102,20,16226,1,0
102,21,10986,1,0
102,22,50149,1,0
102,23,10346,1,0
102,24,6755,1,0
102,25,15911,1,0
102,26,30239,1,0
102,27,7802,1,0
102,28,10050,0,8
102,29,11980,0,8
102,30,11098,0,8
102,31,4511,1,0
102,32,7618,1,0
102,33,10997,0,8
102,34,14722,0,8
102,35,13793,0,8
102,36,12977,0,8
102,37,10523,0,8
102,38,8961,1,0
102,39,9521,0,8
102,40,16809,0,8
102,41,12038,0,8
102,42,8116,1,0
102,43,4971,1,0
102,44,7531,1,0
102,45,9276,0,8
102,46,4340,1,0
102,47,13169,0,8
102,48,12537,0,8
102,49,9600,0,8
102,50,8298,1,0
102,51,9281,0,8
102,52,8000,1,0
102,53,10320,1,0
102,54,8895,1,0
102,55,12341,0,8
102,56,13004,0,8
102,57,8083,1,0
102,58,12618,0,8
102,59,12775,0,8
103,0,107733,1,0
103,1,14783,1,0
103,2,5528,1,0
103,3,4792,1,0
103,4,9176,1,0
103,5,9814,1,0
103,6,5264,1,0
103,7,6857,1,0
103,8,6017,1,0
103,9,7149,1,0
103,10,6377,1,0
103,11,14341,1,0
103,12,7441,1,0
103,13,6633,1,0
103,14,6525,1,0
103,15,4324,1,0
103,16,5026,1,0
103,17,5539,1,0
103,18,4322,1,0
103,19,10513,1,0
103,20,9800,1,0
103,21,8348,1,0
103,22,52867,1,0
103,23,7256,1,0
103,24,2262,1,0
103,25,2528,1,0
103,26,34891,1,0
103,27,6583,1,0
103,28,10156,1,0
103,29,4890,1,0
103,30,2550,1,0
103,31,3218,1,0
103,32,14828,0,8
103,33,8463,1,0
103,34,7051,1,0
103,35,3406,1,0
103,36,7340,1,0
103,37,6490,1,0
103,38,5506,1,0
103,39,3458,1,0
103,40,9468,1,0
103,41,9904,0,8
103,42,4966,1,0
103,43,7173,1,0
103,44,3947,1,0
103,45,4477,1,0
103,46,4812,1,0
103,47,11669,0,8
103,48,7743,1,0
103,49,5842,1,0
103,50,4287,1,0
103,51,4955,1,0
103,52,11664,1,0
103,53,4194,1,0
103,54,2990,1,0
103,55,6680,1,0
103,56,4273,1,0
103,57,4586,1,0
103,58,4793,1,0
103,59,10787,1,0
104,0,107013,1,0
104,1,16484,1,0
104,2,7387,1,0
104,3,5497,1,0
104,4,7344,1,0
104,5,13644,1,0
104,6,4997,1,0
104,7,11694,1,0
104,8,11295,1,0
104,9,14190,1,0
104,10,7286,1,0
104,11,8692,1,0
104,12,10866,1,0
104,13,5362,1,0
104,14,5198,1,0
104,15,5259,1,0
104,16,8301,1,0
104,17,10400,1,0
104,18,9069,1,0
104,19,9830,1,0
104,20,13441,1,0
104,21,13023,0,8
104,22,42734,1,0
104,23,4999,1,0
104,24,6488,1,0
104,25,8492,0,8
104,26,31306,1,0
104,27,7577,1,0
104,28,6930,1,0
104,29,10282,0,8
104,30,12946,0,8
104,31,14580,0,8
104,32,9513,1,0
104,33,11024,0,8
104,34,11099,0,8
104,35,14916,0,8
104,36,13003,0,8
104,37,10468,1,0
104,38,9668,0,8
104,39,10707,0,8
104,40,20280,0,8
104,41,6062,1,0
104,42,4017,1,0
104,43,9526,0,8
104,44,7897,1,0
104,45,11450,0,8
104,46,10523,0,8
104,47,6554,1,0
104,48,7965,0,8
104,49,7756,1,0
104,50,9901,0,8
104,51,7741,0,8
104,52,7033,1,0
104,53,10131,0,8
104,54,10760,0,8
104,55,10696,0,8
104,56,9792,0,8
104,57,7118,1,0
104,58,5795,0,8
104,59,11807,0,8
105,0,106845,1,0
105,1,19331,1,0
105,2,21023,1,0
105,3,7293,1,0
105,4,12562,1,0
105,5,16061,1,0
105,6,13962,1,0
105,7,13571,1,0
105,8,13653,1,0
105,9,11620,1,0
105,10,10438,1,0
105,11,12724,1,0
105,12,12250,1,0
105,13,9597,1,0
105,14,7456,1,0
105,15,13367,1,0
105,16,6672,1,0
105,17,12494,1,0
105,18,11096,1,0
105,19,12092,1,0
105,20,12447,1,0
105,21,7896,1,0
105,22,48769,0,8
105,23,11918,0,8
105,24,10358,1,0
105,25,12092,0,8
105,26,36918,0,8
105,27,10932,0,8
105,28,12825,0,8
105,29,11803,0,8
105,30,9852,1,0
105,31,9286,0,8
105,32,12011,0,8
105,33,9578,0,8
105,34,13479,0,8
105,35,13333,0,8
105,36,6505,1,0
105,37,8457,1,0
105,38,8802,0,8
105,39,5800,1,0
105,40,14819,0,8
105,41,10915,0,8
105,42,7599,1,0
105,43,14062,0,8
105,44,8518,1,0
105,45,14435,0,8
105,46,5972,0,8
105,47,12168,0,8
105,48,13195,0,8
105,49,14299,0,8
105,50,11340,0,8
105,51,9592,0,8
105,52,10938,0,8
105,53,11519,0,8
105,54,13522,0,8
105,55,12231,0,8
105,56,8999,0,8
105,57,10894,0,8
105,58,8852,0,8
105,59,17555,0,8
106,0,106789,1,0
106,1,10801,1,0
106,2,12054,1,0
106,3,5909,1,0
106,4,6434,1,0
106,5,11801,1,0
106,6,13586,1,0
106,7,16064,1,0
106,8,7200,1,0
106,9,7275,1,0
106,10,14583,1,0
106,11,5646,1,0
106,12,11681,1,0
106,13,9214,1,0
106,14,8578,1,0
106,15,7824,1,0
106,16,9579,1,0
106,17,5745,1,0
106,18,7625,1,0
106,19,10986,1,0
106,20,11337,1,0
106,21,6472,1,0
106,22,42600,1,0
106,23,4772,1,0
106,24,9353,1,0
106,25,10583,1,0
106,26,33075,1,0
106,27,8559,1,0
106,28,8928,1,0
106,29,12992,0,8
106,30,7202,1,0
106,31,13131,0,8
106,32,9808,1,0
106,33,6483,1,0
106,34,12223,1,0
106,35,3976,1,0
106,36,6453,1,0
106,37,6719,1,0
106,38,10716,0,8
106,39,7933,1,0
106,40,12427,1,0
106,41,5977,1,0
106,42,6050,1,0
106,43,5543,1,0
106,44,10031,0,8
106,45,3271,1,0
106,46,13047,0,8
106,47,11514,0,8
106,48,6696,1,0
106,49,3975,1,0
106,50,6933,1,0
106,51,9928,0,8
106,52,9033,1,0
106,53,4709,1,0
106,54,7688,1,0
106,55,5222,1,0
106,56,6520,1,0
106,57,6353,1,0
106,58,5498,1,0
106,59,10874,1,0
107,0,106620,1,0
107,1,19175,1,0
107,2,14111,1,0
107,3,8125,1,0
107,4,6711,1,0
107,5,9285,1,0
107,6,13011,1,0
107,7,13545,1,0
107,8,14846,1,0
107,9,14157,1,0
107,10,11282,1,0
107,11,8746,1,0
107,12,7775,1,0
107,13,11128,1,0
107,14,9870,1,0
107,15,13635,1,0
107,16,5019,1,0
107,17,11923,1,0
107,18,7117,1,0
107,19,12984,1,0
107,20,8076,1,0
107,21,13964,1,0
107,22,51219,1,0
107,23,5956,1,0
107,24,6658,1,0
107,25,13869,1,0
107,26,33216,1,0
107,27,8729,1,0
107,28,8515,1,0
107,29,10503,1,0
107,30,11540,1,0
107,31,3404,1,0
107,32,14510,1,0
107,33,10449,1,0
107,34,15442,1,0
107,35,13802,1,0
107,36,10490,1,0
107,37,11120,1,0
107,38,7500,1,0
107,39,8851,1,0
107,40,19017,1,0
107,41,12156,1,0
107,42,7044,1,0
107,43,11344,0,8
107,44,13900,0,8
107,45,14831,0,8
107,46,12088,0,8
107,47,9824,0,8
107,48,14199,0,8
107,49,14343,0,8
107,50,8799,1,0
107,51,6869,1,0
107,52,11591,1,0
107,53,13606,1,0
107,54,7868,1,0
107,55,9518,1,0
107,56,11382,1,0
107,57,11705,1,0
107,58,12585,0,8
107,59,12268,1,0
108,0,107650,1,0
108,1,11994,1,0
108,2,17078,1,0
108,3,4774,1,0
108,4,5392,1,0
108,5,9156,1,0
108,6,10967,1,0
108,7,5184,1,0
108,8,11342,1,0
108,9,15212,1,0
108,10,10617,1,0
108,11,12369,1,0
108,12,11688,1,0
108,13,3137,1,0
108,14,8322,1,0
108,15,5205,1,0
108,16,4325,1,0
108,17,11826,1,0
108,18,13209,1,0
108,19,10133,1,0
108,20,6314,1,0
108,21,14423,1,0
108,22,47117,1,0
108,23,11761,0,8
108,24,6406,0,8
108,25,13658,0,8
108,26,30776,1,0
108,27,10756,0,8
108,28,6431,0,8
108,29,10164,0,8
108,30,8989,0,8
108,31,13152,0,8
108,32,16386,0,8
108,33,9199,0,8
108,34,10275,0,8
108,35,7314,0,8
108,36,5484,1,0
108,37,12794,0,8
108,38,11763,0,8
108,39,11582,0,8
108,40,16694,0,8
108,41,12464,0,8
108,42,21130,0,8
108,43,14605,0,8
108,44,6150,1,0
108,45,10871,0,8
108,46,7276,0,8
108,47,9848,0,8
108,48,13245,0,8
108,49,6517,1,0
108,50,5605,1,0
108,51,6654,1,0
108,52,12668,0,8
108,53,9359,0,8
108,54,7067,0,8
108,55,13158,0,8
108,56,6202,1,0
108,57,11270,0,8
108,58,6859,0,8
108,59,6435,1,0
109,0,107431,1,0
109,1,15339,1,0
109,2,17025,1,0
109,3,10911,1,0
109,4,13816,1,0
109,5,5909,1,0
109,6,9360,1,0
109,7,12396,1,0
109,8,11954,1,0
109,9,9346,1,0
109,10,13907,1,0
109,11,12252,1,0
109,12,16899,1,0
109,13,12225,1,0
109,14,8442,1,0
109,15,13824,1,0
109,16,9230,1,0
109,17,11848,1,0
109,18,10321,1,0
109,19,6142,1,0
109,20,10881,1,0
109,21,6433,1,0
109,22,46172,1,0
109,23,10164,1,0
109,24,5546,1,0
109,25,8507,1,0
109,26,31752,1,0
109,27,6104,1,0
109,28,12063,0,8
109,29,10345,0,8
109,30,5372,1,0
109,31,15196,0,8
109,32,13160,1,0
109,33,12014,0,8
109,34,13473,0,8
109,35,9878,0,8
109,36,10589,1,0
109,37,15542,0,8
109,38,9047,0,8
109,39,8863,1,0
109,40,16869,0,8
109,41,9594,1,0
109,42,21150,0,8
109,43,14737,0,8
109,44,11543,0,8
109,45,9172,0,8
109,46,4311,1,0
109,47,12252,0,8
109,48,11133,0,8
109,49,12517,0,8
109,50,5247,1,0
109,51,10672,0,8
109,52,16265,0,8
109,53,11429,0,8
109,54,10704,0,8
109,55,10419,0,8
109,56,12088,0,8
109,57,12780,0,8
109,58,8577,0,8
109,59,12646,0,8
110,0,107501,1,0
110,1,9741,1,0
110,2,13897,1,0
110,3,7979,1,0
110,4,8313,1,0
110,5,12137,1,0
110,6,13939,1,0
110,7,6983,1,0
110,8,9742,1,0
110,9,11363,1,0
110,10,14221,1,0
110,11,8155,1,0
110,12,7243,1,0
110,13,10262,1,0
110,14,5194,1,0
110,15,9420,1,0
110,16,4917,1,0
110,17,10393,1,0
110,18,13045,1,0
110,19,12890,1,0
110,20,7126,1,0
110,21,8832,1,0
110,22,40324,1,0
110,23,9018,1,0
110,24,7796,1,0
110,25,14540,1,0
110,26,37034,1,0
110,27,15556,1,0
110,28,7434,1,0
110,29,6743,1,0
110,30,7738,1,0
110,31,9433,1,0
110,32,15046,1,0
110,33,12126,1,0
110,34,9054,1,0
110,35,12499,1,0
110,36,10542,1,0
110,37,7121,1,0
110,38,7082,1,0
110,39,8763,1,0
110,40,19456,0,8
110,41,9957,1,0
110,42,20815,0,8
110,43,6675,1,0
110,44,5587,1,0
110,45,13949,0,8
110,46,9566,1,0
110,47,11180,1,0
110,48,5147,1,0
110,49,12743,0,8
110,50,13390,0,8
110,51,8442,1,0
110,52,9648,1,0
110,53,10321,0,8
110,54,10335,0,8
110,55,13158,0,8
110,56,7628,1,0
110,57,8286,0,8
110,58,4384,1,0
110,59,5861,1,0
111,0,107655,1,0
111,1,19322,1,0
111,2,19782,1,0
111,3,8389,1,0
111,4,6253,1,0
111,5,14992,1,0
111,6,12247,1,0
111,7,13858,1,0
111,8,15214,1,0
111,9,13828,1,0
111,10,13954,1,0
111,11,13009,1,0
111,12,12110,1,0
111,13,9531,1,0
111,14,11527,1,0
111,15,14253,1,0
111,16,10962,1,0
111,17,9117,1,0
111,18,11774,1,0
111,19,5585,1,0
111,20,15613,1,0
111,21,10760,1,0
111,22,40439,1,0
111,23,11496,1,0
111,24,10733,1,0
111,25,11006,1,0
111,26,31615,1,0
111,27,10146,1,0
111,28,10785,1,0
111,29,12586,1,0
111,30,7054,1,0
111,31,3641,1,0
111,32,15858,1,0
111,33,10574,1,0
111,34,7986,1,0
111,35,13718,1,0
111,36,9040,1,0
111,37,9678,1,0
111,38,10925,0,8
111,39,12686,0,8
111,40,18664,0,8
111,41,12958,0,8
111,42,6992,1,0
111,43,11869,1,0
111,44,15646,0,8
111,45,8100,1,0
111,46,5075,1,0
111,47,11463,1,0
111,48,5289,1,0
111,49,14424,0,8
111,50,10428,0,8
111,51,9773,1,0
111,52,16514,0,8
111,53,10453,0,8
111,54,11926,0,8
111,55,13262,0,8
111,56,5445,1,0
111,57,11527,0,8
111,58,8083,1,0
111,59,6839,1,0
112,0,109002,1,0
112,1,13085,1,0
112,2,21798,1,0
112,3,10929,1,0
112,4,15292,1,0
112,5,14949,1,0
112,6,6769,1,0
112,7,13202,1,0
112,8,11634,1,0
112,9,5512,1,0
112,10,10326,1,0
112,11,12670,1,0
112,12,13213,1,0
112,13,13429,1,0
112,14,12865,1,0
112,15,10908,1,0
112,16,11888,1,0
112,17,12230,1,0
112,18,10507,1,0
112,19,6512,1,0
112,20,13710,1,0
112,21,11684,1,0
112,22,40238,1,0
112,23,14026,1,0
112,24,19546,1,0
112,25,6994,1,0
112,26,33710,1,0
112,27,14861,1,0
112,28,10314,1,0
112,29,12596,1,0
112,30,8253,1,0
112,31,17077,1,0
112,32,19801,1,0
112,33,11721,1,0
112,34,14611,1,0
112,35,13611,1,0
112,36,11964,1,0
112,37,7698,1,0
112,38,3714,1,0
112,39,12270,1,0
112,40,18887,1,0
112,41,12984,1,0
112,42,23198,0,8
112,43,14313,0,8
112,44,13541,1,0
112,45,10493,1,0
112,46,5905,1,0
112,47,6790,1,0
112,48,7199,1,0
112,49,12884,0,8
112,50,12908,0,8
112,51,10990,0,8
112,52,13849,0,8
112,53,11263,1,0
112,54,12160,0,8
112,55,6643,1,0
112,56,13244,0,8
112,57,10796,1,0
112,58,12733,0,8
112,59,20392,0,8
113,0,108487,1,0
113,1,15275,1,0
113,2,22122,1,0
113,3,12894,1,0
113,4,11165,1,0
113,5,6579,1,0
113,6,6209,1,0
113,7,6424,1,0
113,8,10291,1,0
113,9,9411,1,0
113,10,11130,1,0
113,11,7407,1,0
113,12,15888,1,0
113,13,3273,1,0
113,14,7685,1,0
113,15,5227,1,0
113,16,7535,1,0
113,17,13733,1,0
113,18,7429,1,0
113,19,10970,1,0
113,20,11647,1,0
113,21,8668,1,0
113,22,42226,1,0
113,23,11669,0,8
113,24,5040,1,0
113,25,14039,0,8
113,26,32636,1,0
113,27,8053,0,8
113,28,4646,1,0
113,29,7450,1,0
113,30,8444,0,8
113,31,7988,0,8
113,32,15205,1,0
113,33,11988,0,8
113,34,8856,1,0
113,35,12581,0,8
113,36,7417,0,8
113,37,10049,0,8
113,38,8823,0,8
113,39,7668,0,8
113,40,20390,0,8
113,41,6542,1,0
113,42,21526,0,8
113,43,11691,0,8
113,44,5012,1,0
113,45,14214,0,8
113,46,10786,0,8
113,47,8919,0,8
113,48,9686,0,8
113,49,5670,1,0
113,50,6728,1,0
113,51,10431,0,8
113,52,12788,0,8
113,53,5713,1,0
113,54,8075,0,8
113,55,13696,0,8
113,56,11959,0,8
113,57,7891,1,0
113,58,5787,1,0
113,59,6749,1,0
114,0,107772,1,0
114,1,9836,1,0
114,2,21477,1,0
114,3,10823,1,0
114,4,12230,1,0
114,5,14982,1,0
114,6,11766,1,0
114,7,11719,1,0
114,8,10338,1,0
114,9,10754,1,0
114,10,8252,1,0
114,11,7194,1,0
114,12,9704,1,0
114,13,11032,1,0
114,14,12691,1,0
114,15,4677,1,0
114,16,8611,1,0
114,17,7267,1,0
114,18,10129,1,0
114,19,11910,1,0
114,20,16418,1,0
114,21,11510,1,0
114,22,46149,1,0
114,23,8875,1,0
114,24,7842,1,0
114,25,11182,1,0
114,26,32105,1,0
114,27,10037,1,0
114,28,4753,1,0
114,29,10117,0,8
114,30,10842,0,8
114,31,10138,0,8
114,32,19902,0,8
114,33,6093,1,0
114,34,10953,0,8
114,35,8651,0,8
114,36,7296,1,0
114,37,16422,0,8
114,38,7663,1,0
114,39,8334,1,0
114,40,16718,0,8
114,41,7910,1,0
114,42,21093,0,8
114,43,5938,1,0
114,44,12089,0,8
114,45,13343,0,8
114,46,8697,0,8
114,47,12257,0,8
114,48,9951,0,8
114,49,8894,1,0
114,50,9099,1,0
114,51,5821,1,0
114,52,7818,1,0
114,53,7590,1,0
114,54,13465,0,8
114,55,10659,0,8
114,56,7478,1,0
114,57,8334,1,0
114,58,9180,0,8
114,59,12468,0,8
115,0,121530,1,0
115,1,11900,1,0
115,2,16768,1,0
115,3,12108,1,0
115,4,13857,1,0
115,5,11446,1,0
115,6,9693,1,0
115,7,10942,1,0
115,8,12300,1,0
115,9,5660,1,0
115,10,11060,1,0
115,11,9716,1,0
115,12,8499,1,0
115,13,10219,1,0
115,14,12722,1,0
115,15,13177,1,0
115,16,11725,1,0
115,17,6822,1,0
115,18,11596,1,0
115,19,7618,1,0
115,20,12245,1,0
115,21,14135,1,0
115,22,42944,1,0
115,23,5258,1,0
115,24,8397,1,0
115,25,15745,1,0
115,26,34383,1,0
115,27,4467,1,0
115,28,11705,0,8
115,29,11040,0,8
115,30,12802,0,8
115,31,17154,0,8
115,32,17211,0,8
115,33,5114,1,0
115,34,11277,0,8
115,35,3621,1,0
115,36,10917,0,8
115,37,14274,0,8
115,38,9147,0,8
115,39,9587,0,8
115,40,20295,0,8
115,41,14061,0,8
115,42,8085,1,0
115,43,11827,0,8
115,44,11807,0,8
115,45,9311,0,8
115,46,9867,0,8
115,47,5481,1,0
115,48,12506,0,8
115,49,6587,1,0
115,50,10279,0,8
115,51,8413,0,8
115,52,16690,0,8
115,53,12934,0,8
115,54,12476,0,8
115,55,13094,0,8
115,56,11331,0,8
115,57,7439,1,0
115,58,7364,1,0
115,59,10151,0,8
116,0,114913,1,0
116,1,13182,1,0
116,2,6062,1,0
116,3,12138,1,0
116,4,8688,1,0
116,5,15637,1,0
116,6,14846,1,0
116,7,6332,1,0
116,8,12752,1,0
116,9,10586,1,0
116,10,9962,1,0
116,11,12437,1,0
116,12,14324,1,0
116,13,12128,1,0
116,14,12661,1,0
116,15,9884,1,0
116,16,11967,1,0
116,17,7080,1,0
116,18,6291,1,0
116,19,8263,1,0
116,20,13084,1,0
116,21,14857,1,0
116,22,51027,1,0
116,23,9005,1,0
116,24,17628,1,0
116,25,13164,1,0
116,26,31107,1,0
116,27,5803,1,0
116,28,2698,1,0
116,29,11711,0,8
116,30,8997,0,8
116,31,15534,0,8
116,32,15934,0,8
116,33,12025,0,8
116,34,12120,0,8
116,35,8425,0,8
116,36,6892,1,0
116,37,12630,0,8
116,38,12610,0,8
116,39,5088,1,0
116,40,19834,0,8
116,41,13598,0,8
116,42,8876,0,8
116,43,14839,0,8
116,44,16564,0,8
116,45,10533,0,8
116,46,12642,0,8
116,47,5733,1,0
116,48,5747,1,0
116,49,8023,0,8
116,50,4945,1,0
116,51,12710,0,8
116,52,6941,1,0
116,53,12958,0,8
116,54,12405,0,8
116,55,13502,0,8
116,56,13047,0,8
116,57,10853,0,8
116,58,8138,0,8
116,59,20374,0,8
117,0,108659,1,0
117,1,10523,1,0
117,2,16211,1,0
117,3,8457,1,0
117,4,12908,1,0
117,5,9340,1,0
117,6,13931,1,0
117,7,13391,1,0
117,8,14397,1,0
117,9,12435,1,0
117,10,10874,1,0
117,11,10276,1,0
117,12,11571,1,0
117,13,10307,1,0
117,14,14566,1,0
117,15,11844,1,0
117,16,8968,1,0
117,17,12002,1,0
117,18,11645,1,0
117,19,8268,1,0
117,20,12898,1,0
117,21,12558,1,0
117,22,40758,1,0
117,23,5992,1,0
117,24,2659,1,0
117,25,7954,1,0
117,26,30333,1,0
117,27,13459,1,0
117,28,8243,1,0
117,29,7002,1,0
117,30,13440,1,0
117,31,16139,1,0
117,32,15108,1,0
117,33,10378,1,0
117,34,11980,1,0
117,35,10136,1,0
117,36,13212,0,8
117,37,7701,1,0
117,38,9941,0,8
117,39,9610,0,8
117,40,18733,1,0
117,41,12140,0,8
117,42,8061,1,0
117,43,8848,1,0
117,44,15779,0,8
117,45,12645,0,8
117,46,11774,0,8
117,47,13088,0,8
117,48,13199,0,8
117,49,11446,0,8
117,50,11775,0,8
117,51,10847,0,8
117,52,7532,1,0
117,53,11182,0,8
117,54,9153,1,0
117,55,13524,0,8
117,56,8601,1,0
117,57,7772,1,0
117,58,7500,1,0
117,59,18598,0,8
118,0,108426,1,0
118,1,13202,1,0
118,2,21219,1,0
118,3,12018,1,0
118,4,12136,1,0
118,5,5620,1,0
118,6,9389,1,0
118,7,8476,1,0
118,8,11268,1,0
118,9,10681,1,0
118,10,13937,1,0
118,11,7132,1,0
118,12,7970,1,0
118,13,12201,1,0
118,14,7405,1,0
118,15,12449,1,0
118,16,10358,1,0
118,17,10912,1,0
118,18,11478,1,0
118,19,14659,1,0
118,20,11672,1,0
118,21,11273,1,0
118,22,48704,1,0
118,23,10514,1,0
118,24,10472,1,0
118,25,11870,1,0
118,26,37206,0,8
118,27,6278,1,0
118,28,12918,0,8
118,29,11659,0,8
118,30,10756,0,8
118,31,9276,0,8
118,32,16200,0,8
118,33,11606,0,8
118,34,10127,1,0
118,35,13673,0,8
118,36,10748,0,8
118,37,12808,0,8
118,38,11774,0,8
118,39,11301,0,8
118,40,12949,0,8
118,41,7629,1,0
118,42,22242,0,8
118,43,3293,1,0
118,44,16405,0,8
118,45,6247,1,0
118,46,10608,1,0
118,47,12189,0,8
118,48,11078,0,8
118,49,6218,1,0
118,50,12270,0,8
118,51,9062,0,8
118,52,12163,0,8
118,53,5164,1,0
118,54,12292,0,8
118,55,6680,1,0
118,56,12489,0,8
118,57,6920,1,0
118,58,12266,0,8
118,59,12248,0,8
119,0,116214,1,0
119,1,12191,1,0
119,2,14134,1,0
119,3,9731,1,0
119,4,15302,1,0
119,5,6314,1,0
119,6,14597,1,0
119,7,6246,1,0
119,8,14479,1,0
119,9,15365,1,0
119,10,11018,1,0
119,11,13792,1,0
119,12,15037,1,0
119,13,13681,1,0
119,14,12640,1,0
119,15,14454,1,0
119,16,10948,1,0
119,17,12897,1,0
119,18,11772,1,0
119,19,8899,1,0
119,20,15834,1,0
119,21,7967,1,0
119,22,51927,1,0
119,23,14363,1,0
119,24,10684,1,0
119,25,15916,1,0
119,26,35018,1,0
119,27,12558,0,8
119,28,13547,0,8
119,29,11555,0,8
119,30,6657,0,8
119,31,4256,1,0
119,32,18349,0,8
119,33,11605,0,8
119,34,14549,0,8
119,35,13520,0,8
119,36,9579,1,0
119,37,12707,1,0
119,38,9880,0,8
119,39,11404,0,8
119,40,20481,0,8
119,41,12018,0,8
119,42,18394,0,8
119,43,14024,0,8
119,44,14602,0,8
119,45,5340,1,0
119,46,6805,1,0
119,47,5768,1,0
119,48,12751,0,8
119,49,10035,0,8
119,50,10948,0,8
119,51,5889,1,0
119,52,14981,0,8
119,53,12338,0,8
119,54,11865,0,8
119,55,13281,0,8
119,56,9825,1,0
119,57,10607,0,8
119,58,7620,0,8
119,59,12231,0,8
120,0,109198,1,0
120,1,13319,1,0
120,2,11635,1,0
120,3,8644,1,0
120,4,6733,1,0
120,5,10475,1,0
120,6,13726,1,0
120,7,9118,1,0
120,8,9488,1,0
120,9,9369,1,0
120,10,11516,1,0
120,11,8035,1,0
120,12,12796,1,0
120,13,8581,1,0
120,14,11418,1,0
120,15,9059,1,0
120,16,6433,1,0
120,17,10236,1,0
120,18,10138,1,0
120,19,9386,1,0
120,20,13029,1,0
120,21,11690,1,0
120,22,48768,0,8
120,23,11545,0,8
120,24,8848,1,0
120,25,13177,0,8
120,26,35096,0,8
120,27,7310,1,0
120,28,8091,0,8
120,29,7140,1,0
120,30,8602,1,0
120,31,8043,1,0
120,32,15302,0,8
120,33,12012,0,8
120,34,6674,1,0
120,35,12317,0,8
120,36,9620,1,0
120,37,14504,0,8
120,38,6766,1,0
120,39,7867,0,8
120,40,16782,0,8
120,41,12027,0,8
120,42,20074,0,8
120,43,9153,0,8
120,44,10726,0,8
120,45,12788,0,8
120,46,10845,0,8
120,47,10476,0,8
120,48,7928,0,8
120,49,8180,1,0
120,50,6895,0,8
120,51,10089,0,8
120,52,11128,0,8
120,53,8509,0,8
120,54,10451,0,8
120,55,9701,0,8
120,56,7809,1,0
120,57,12977,0,8
120,58,5730,0,8
120,59,8370,0,8
121,0,108932,1,0
121,1,15518,1,0
121,2,20895,1,0
121,3,4778,1,0
121,4,11243,1,0
121,5,12348,1,0
121,6,7726,1,0
121,7,12302,1,0
121,8,9667,1,0
121,9,9424,1,0
121,10,14641,1,0
121,11,8705,1,0
121,12,13861,1,0
121,13,7854,1,0
121,14,12558,1,0
121,15,5253,1,0
121,16,6562,1,0
121,17,10272,1,0
121,18,10519,1,0
121,19,11041,1,0
121,20,6733,1,0
121,21,11006,1,0
121,22,50759,1,0
121,23,14683,0,8
121,24,8691,0,8
121,25,11045,0,8
121,26,36085,0,8
121,27,6095,1,0
121,28,5731,1,0
121,29,9683,0,8
121,30,8364,1,0
121,31,10152,0,8
121,32,14999,1,0
121,33,7779,0,8
121,34,6070,1,0
121,35,10054,0,8
121,36,6254,1,0
121,37,15583,0,8
121,38,11588,0,8
121,39,8780,0,8
121,40,14187,0,8
121,41,8553,1,0
121,42,5947,1,0
121,43,9023,0,8
121,44,14578,0,8
121,45,4800,1,0
121,46,7667,0,8
121,47,12627,0,8
121,48,4537,1,0
121,49,5945,1,0
121,50,10633,0,8
121,51,5218,1,0
121,52,10762,0,8
121,53,9394,0,8
121,54,11017,0,8
121,55,6072,1,0
121,56,6276,1,0
121,57,13876,0,8
121,58,9244,0,8
121,59,18713,0,8
122,0,109189,1,0
122,1,10347,1,0
122,2,22028,1,0
122,3,13821,1,0
122,4,8178,1,0
122,5,8174,1,0
122,6,7066,1,0
122,7,14166,1,0
122,8,10226,1,0
122,9,13763,1,0
122,10,10476,1,0
122,11,4609,1,0
122,12,10879,1,0
122,13,11405,1,0
122,14,8524,1,0
122,15,4425,1,0
122,16,5951,1,0
122,17,10373,1,0
122,18,9008,1,0
122,19,14720,1,0
122,20,6584,1,0
122,21,8928,1,0
122,22,39378,1,0
122,23,7317,1,0
122,24,9154,1,0
122,25,11187,1,0
122,26,32726,1,0
122,27,11103,0,8
122,28,4361,1,0
122,29,8399,1,0
122,30,9185,0,8
122,31,9864,0,8
122,32,15415,0,8
122,33,7045,1,0
122,34,10169,1,0
122,35,5044,1,0
122,36,9674,0,8
122,37,12940,0,8
122,38,8637,1,0
122,39,8777,0,8
122,40,18594,0,8
122,41,11188,1,0
122,42,7075,1,0
122,43,9966,1,0
122,44,11608,0,8
122,45,8461,1,0
122,46,10569,1,0
122,47,12665,0,8
122,48,11753,0,8
122,49,7920,0,8
122,50,5328,1,0
122,51,5940,1,0
122,52,12201,0,8
122,53,10409,1,0
122,54,11008,0,8
122,55,9475,0,8
122,56,10355,0,8
122,57,11664,0,8
122,58,8049,1,0
122,59,10847,1,0
123,0,109282,1,0
123,1,10992,1,0
123,2,13565,1,0
123,3,8755,1,0
123,4,11249,1,0
123,5,9979,1,0
123,6,9567,1,0
123,7,6100,1,0
123,8,7932,1,0
123,9,6712,1,0
123,10,9711,1,0
123,11,5082,1,0
123,12,14116,1,0
123,13,9179,1,0
123,14,8465,1,0
123,15,7742,1,0
123,16,11074,1,0
123,17,13196,1,0
123,18,6747,1,0
123,19,8183,1,0
123,20,13182,1,0
123,21,12241,1,0
123,22,46374,1,0
123,23,6262,1,0
123,24,8113,1,0
123,25,15985,1,0
123,26,30630,1,0
123,27,8980,1,0
123,28,2074,1,0
123,29,11121,1,0
123,30,8933,1,0
123,31,4502,1,0
123,32,9088,1,0
123,33,7640,1,0
123,34,8743,1,0
123,35,7197,1,0
123,36,13064,1,0
123,37,16098,1,0
123,38,11392,1,0
123,39,5957,1,0
123,40,11226,1,0
123,41,11024,1,0
123,42,22631,1,0
123,43,3101,1,0
123,44,8738,1,0
123,45,10949,1,0
123,46,6872,1,0
123,47,4803,1,0
123,48,7520,1,0
123,49,13916,1,0
123,50,7686,1,0
123,51,11136,0,8
123,52,15295,1,0
123,53,11355,1,0
123,54,7760,1,0
123,55,8407,1,0
123,56,10300,1,0
123,57,13201,0,8
123,58,11419,1,0
123,59,11628,1,0
124,0,109429,1,0
124,1,16614,1,0
124,2,13560,1,0
124,3,12291,1,0
124,4,13955,1,0
124,5,9807,1,0
124,6,12778,1,0
124,7,7161,1,0
124,8,9597,1,0
124,9,9286,1,0
124,10,7146,1,0
124,11,6632,1,0
124,12,10580,1,0
124,13,6192,1,0
124,14,8570,1,0
124,15,11265,1,0
124,16,5447,1,0
124,17,13361,1,0
124,18,9129,1,0
124,19,9681,1,0
124,20,13565,1,0
124,21,6468,1,0
124,22,45493,1,0
124,23,11011,1,0
124,24,8503,1,0
124,25,14520,1,0
124,26,36386,1,0
124,27,10174,1,0
124,28,10528,1,0
124,29,9493,1,0
124,30,6518,1,0
124,31,14873,1,0
124,32,16393,1,0
124,33,7036,1,0
124,34,7954,1,0
124,35,7295,1,0
124,36,9823,1,0
124,37,13563,0,8
124,38,7558,1,0
124,39,8838,0,8
124,40,13883,1,0
124,41,12690,1,0
124,42,22000,0,8
124,43,15065,1,0
124,44,16265,0,8
124,45,14194,0,8
124,46,9866,1,0
124,47,10477,1,0
124,48,11803,0,8
124,49,6170,1,0
124,50,6734,1,0
124,51,10985,0,8
124,52,6631,1,0
124,53,10440,0,8
124,54,10934,0,8
124,55,10401,1,0
124,56,9070,1,0
124,57,7873,1,0
124,58,8010,1,0
124,59,10799,1,0
125,0,109491,1,0
125,1,14248,1,0
125,2,7182,1,0
125,3,4542,1,0
125,4,13008,1,0
125,5,13585,1,0
125,6,13463,1,0
125,7,12263,1,0
125,8,9657,1,0
125,9,13105,1,0
125,10,12403,1,0
125,11,11153,1,0
125,12,15718,1,0
125,13,8434,1,0
125,14,9939,1,0
125,15,9224,1,0
125,16,7113,1,0
125,17,5708,1,0
125,18,11889,1,0
125,19,5461,1,0
125,20,12880,1,0
125,21,13005,1,0
125,22,48744,1,0
125,23,13084,1,0
125,24,7812,1,0
125,25,7233,1,0
125,26,29287,1,0
125,27,14981,1,0
125,28,9339,1,0
125,29,8305,1,0
125,30,11998,1,0
125,31,15734,1,0
125,32,11014,1,0
125,33,10871,0,8
125,34,7277,1,0
125,35,7385,1,0
125,36,9152,0,8
125,37,10386,1,0
125,38,7026,1,0
125,39,10966,0,8
125,40,16593,0,8
125,41,12818,0,8
125,42,10215,1,0
125,43,5592,1,0
125,44,14293,0,8
125,45,11812,0,8
125,46,8507,1,0
125,47,10435,0,8
125,48,11411,0,8
125,49,11468,1,0
125,50,9047,0,8
125,51,8696,0,8
125,52,8063,1,0
125,53,9308,0,8
125,54,10424,1,0
125,55,8500,0,8
125,56,8277,0,8
125,57,7693,0,8
125,58,3724,1,0
125,59,7685,1,0
126,0,114623,1,0
126,1,15326,1,0
126,2,21303,1,0
126,3,9079,1,0
126,4,13649,1,0
126,5,10391,1,0
126,6,12476,1,0
126,7,11367,1,0
126,8,9110,1,0
126,9,15146,1,0
126,10,7824,1,0
126,11,7651,1,0
126,12,10071,1,0
126,13,11124,1,0
126,14,11651,1,0
126,15,11933,1,0
126,16,8267,1,0
126,17,10580,1,0
126,18,10689,1,0
126,19,8167,1,0
126,20,12872,1,0
126,21,6704,1,0
126,22,46036,1,0
126,23,14226,1,0
126,24,8553,1,0
126,25,6661,1,0
126,26,30654,1,0
126,27,9042,1,0
126,28,8220,1,0
126,29,12752,1,0
126,30,11136,1,0
126,31,14890,1,0
126,32,17492,1,0
126,33,12319,1,0
126,34,12146,1,0
126,35,15683,1,0
126,36,5299,1,0
126,37,12828,1,0
126,38,8587,1,0
126,39,9529,1,0
126,40,19212,1,0
126,41,9339,1,0
126,42,20688,1,0
126,43,11555,0,8
126,44,12421,1,0
126,45,11473,0,8
126,46,10738,1,0
126,47,12071,0,8
126,48,11279,1,0
126,49,13813,1,0
126,50,4215,1,0
126,51,4690,1,0
126,52,14701,0,8
126,53,13521,1,0
126,54,7326,1,0
126,55,4928,1,0
126,56,5984,1,0
126,57,13430,0,8
126,58,7621,1,0
126,59,12133,1,0
127,0,109631,1,0
127,1,13199,1,0
127,2,9546,1,0
127,3,12308,1,0
127,4,12440,1,0
127,5,10323,1,0
127,6,13697,1,0
127,7,6679,1,0
127,8,8777,1,0
127,9,15450,1,0
127,10,10446,1,0
127,11,8340,1,0
127,12,15884,1,0
127,13,11927,1,0
127,14,8607,1,0
127,15,9265,1,0
127,16,7902,1,0
127,17,10931,1,0
127,18,13210,1,0
127,19,11412,1,0
127,20,15879,1,0
127,21,11694,1,0
127,22,52016,0,8
127,23,4916,1,0
127,24,10606,1,0
127,25,9981,0,8
127,26,35776,0,8
127,27,6215,1,0
127,28,4535,1,0
127,29,9360,0,8
127,30,10900,0,8
127,31,14565,0,8
127,32,13169,0,8
127,33,10616,0,8
127,34,12082,0,8
127,35,8297,1,0
127,36,9856,0,8
127,37,15754,0,8
127,38,7991,0,8
127,39,4350,1,0
127,40,11134,1,0
127,41,8170,1,0
127,42,21495,0,8
127,43,9801,0,8
127,44,9468,0,8
127,45,4754,1,0
127,46,9507,0,8
127,47,12425,0,8
127,48,9839,0,8
127,49,11308,0,8
127,50,6143,1,0
127,51,7361,1,0
127,52,8722,1,0
127,53,8538,0,8
127,54,9168,0,8
127,55,9682,0,8
127,56,13109,0,8
127,57,8051,1,0
127,58,10878,0,8
127,59,11777,0,8
128,0,114680,1,0
128,1,16294,1,0
128,2,21045,1,0
128,3,4674,1,0
128,4,6689,1,0
128,5,10066,1,0
128,6,14063,1,0
128,7,7968,1,0
128,8,9516,1,0
128,9,8747,1,0
128,10,13153,1,0
128,11,6155,1,0
128,12,14086,1,0
128,13,3147,1,0
128,14,9021,1,0
128,15,8236,1,0
128,16,7757,1,0
128,17,8607,1,0
128,18,9043,1,0
128,19,10406,1,0
128,20,11668,1,0
128,21,10662,1,0
128,22,47956,1,0
128,23,15377,1,0
128,24,7258,1,0
128,25,12974,1,0
128,26,31998,1,0
128,27,10809,1,0
128,28,6433,1,0
128,29,7500,1,0
128,30,11893,1,0
128,31,9699,1,0
128,32,17077,1,0
128,33,7588,1,0
128,34,7960,1,0
128,35,4304,1,0
128,36,8656,1,0
128,37,6264,1,0
128,38,11138,0,8
128,39,10313,0,8
128,40,20561,0,8
128,41,8204,1,0
128,42,4604,1,0
128,43,6592,1,0
128,44,10688,1,0
128,45,11650,0,8
128,46,7675,1,0
128,47,5638,1,0
128,48,7071,1,0
128,49,11236,1,0
128,50,10400,0,8
128,51,6792,1,0
128,52,8875,1,0
128,53,4449,1,0
128,54,7136,1,0
128,55,4926,1,0
128,56,8439,1,0
128,57,8284,0,8
128,58,8921,1,0
128,59,6406,1,0
129,0,114935,1,0
129,1,10887,1,0
129,2,12347,1,0
129,3,8290,1,0
129,4,5475,1,0
129,5,8355,1,0
129,6,14749,1,0
129,7,6150,1,0
129,8,9900,1,0
129,9,5835,1,0
129,10,7644,1,0
129,11,5045,1,0
129,12,8536,1,0
129,13,7153,1,0
129,14,7416,1,0
129,15,9883,1,0
129,16,7607,1,0
129,17,9446,1,0
129,18,6917,1,0
129,19,9890,1,0
129,20,7439,1,0
129,21,11162,1,0
129,22,40957,1,0
129,23,9304,1,0
129,24,7472,1,0
129,25,6423,1,0
129,26,31338,1,0
129,27,13107,0,8
129,28,6662,1,0
129,29,10773,0,8
129,30,5511,1,0
129,31,6244,1,0
129,32,11569,1,0
129,33,9122,0,8
129,34,14945,0,8
129,35,5542,1,0
129,36,5044,1,0
129,37,10107,1,0
129,38,5413,1,0
129,39,4430,1,0
129,40,12301,1,0
129,41,6398,1,0
129,42,11484,1,0
129,43,5894,1,0
129,44,4503,1,0
129,45,11805,0,8
129,46,7479,1,0
129,47,8157,0,8
129,48,7026,1,0
129,49,3849,1,0
129,50,5947,1,0
129,51,11837,0,8
129,52,6102,1,0
129,53,4478,1,0
129,54,6808,1,0
129,55,8507,0,8
129,56,5628,1,0
129,57,6449,1,0
129,58,3584,1,0
129,59,17288,0,8
130,0,114976,1,0
130,1,13217,1,0
130,2,11966,1,0
130,3,7210,1,0
130,4,8411,1,0
130,5,9877,1,0
130,6,12951,1,0
130,7,6077,1,0
130,8,7256,1,0
130,9,7048,1,0
130,10,7464,1,0
130,11,5826,1,0
130,12,13846,1,0
130,13,7680,1,0
130,14,7114,1,0
130,15,6356,1,0
130,16,5631,1,0
130,17,7505,1,0
130,18,10066,1,0
130,19,10841,1,0
130,20,13376,1,0
130,21,8649,1,0
130,22,41107,1,0
130,23,5231,1,0
130,24,7278,0,8
130,25,12969,1,0
130,26,37236,0,8
130,27,7527,1,0
130,28,9715,0,8
130,29,6457,1,0
130,30,6166,1,0
130,31,5736,1,0
130,32,19535,0,8
130,33,9892,0,8
130,34,9736,0,8
130,35,5578,0,8
130,36,9735,0,8
130,37,7959,1,0
130,38,11145,0,8
130,39,12054,0,8
130,40,16641,0,8
130,41,9522,1,0
130,42,11435,0,8
130,43,7577,1,0
130,44,11495,0,8
130,45,8053,1,0
130,46,6941,0,8
130,47,5119,1,0
130,48,8748,1,0
130,49,6049,1,0
130,50,9225,0,8
130,51,9754,0,8
130,52,9796,1,0
130,53,9233,0,8
130,54,3296,1,0
130,55,7579,1,0
130,56,6324,1,0
130,57,7412,1,0
130,58,3595,1,0
130,59,20052,0,8
131,0,114485,1,0
131,1,13335,1,0
131,2,20707,1,0
131,3,8767,1,0
131,4,7489,1,0
131,5,13671,1,0
131,6,11698,1,0
131,7,9422,1,0
131,8,6710,1,0
131,9,5561,1,0
131,10,9802,1,0
131,11,13491,1,0
131,12,9080,1,0
131,13,5522,1,0
131,14,6959,1,0
131,15,10863,1,0
131,16,5666,1,0
131,17,5393,1,0
131,18,12551,1,0
131,19,14336,1,0
131,20,16145,1,0
131,21,9362,1,0
131,22,45882,1,0
131,23,7731,1,0
131,24,9021,1,0
131,25,16697,0,8
131,26,36547,0,8
131,27,6637,1,0
131,28,7145,0,8
131,29,13190,0,8
131,30,10479,0,8
131,31,16011,0,8
131,32,19985,0,8
131,33,6272,0,8
131,34,15721,0,8
131,35,14593,0,8
131,36,5627,1,0
131,37,8062,1,0
131,38,12559,0,8
131,39,11471,0,8
131,40,13227,1,0
131,41,10983,0,8
131,42,19669,0,8
131,43,15604,0,8
131,44,7527,1,0
131,45,3829,1,0
131,46,12566,0,8
131,47,7264,0,8
131,48,3851,1,0
131,49,14525,0,8
131,50,11077,0,8
131,51,12474,0,8
131,52,7129,1,0
131,53,5596,1,0
131,54,5198,1,0
131,55,6622,1,0
131,56,9505,0,8
131,57,10944,0,8
131,58,12520,0,8
131,59,10284,0,8
132,0,114896,1,0
132,1,16739,1,0
132,2,13642,1,0
132,3,12267,1,0
132,4,7484,1,0
132,5,11578,1,0
132,6,12486,1,0
132,7,8489,1,0
132,8,9051,1,0
132,9,12340,1,0
132,10,6573,1,0
132,11,9566,1,0
132,12,8271,1,0
132,13,8639,1,0
132,14,9128,1,0
132,15,5265,1,0
132,16,8313,1,0
132,17,10755,1,0
132,18,9088,1,0
132,19,6468,1,0
132,20,15821,1,0
132,21,7551,1,0
132,22,48782,1,0
132,23,10746,0,8
132,24,9022,0,8
132,25,8803,0,8
132,26,35223,0,8
132,27,7156,1,0
132,28,12324,0,8
132,29,11591,0,8
132,30,9114,0,8
132,31,7776,0,8
132,32,17652,0,8
132,33,3733,1,0
132,34,9263,0,8
132,35,10064,0,8
132,36,12032,0,8
132,37,9576,1,0
132,38,11619,0,8
132,39,8803,0,8
132,40,10986,0,8
132,41,12068,0,8
132,42,11264,1,0
132,43,10077,0,8
132,44,11879,0,8
132,45,12637,0,8
132,46,11769,0,8
132,47,7161,1,0
132,48,12416,0,8
132,49,11687,0,8
132,50,12676,0,8
132,51,8803,0,8
132,52,9939,1,0
132,53,7452,0,8
132,54,7869,0,8
132,55,11635,0,8
132,56,8548,0,8
132,57,9795,0,8
132,58,7956,0,8
132,59,19258,0,8
133,0,114194,1,0
133,1,14861,1,0
133,2,21100,1,0
133,3,6745,1,0
133,4,9137,1,0
133,5,6246,1,0
133,6,13215,1,0
133,7,10942,1,0
133,8,7290,1,0
133,9,5694,1,0
133,10,12078,1,0
133,11,6131,1,0
133,12,13212,1,0
133,13,13324,1,0
133,14,13969,1,0
133,15,13080,1,0
133,16,12619,1,0
133,17,13423,1,0
133,18,7797,1,0
133,19,8364,1,0
133,20,8767,1,0
133,21,13533,1,0
133,22,40694,1,0
133,23,8114,0,8
133,24,19624,0,8
133,25,7413,1,0
133,26,35373,0,8
133,27,14735,0,8
133,28,13784,0,8
133,29,4933,1,0
133,30,6101,1,0
133,31,16554,0,8
133,32,20054,0,8
133,33,6311,0,8
133,34,9627,0,8
133,35,14439,0,8
133,36,5834,1,0
133,37,15949,0,8
133,38,4983,1,0
133,39,6504,0,8
133,40,14469,0,8
133,41,13774,0,8
133,42,22799,0,8
133,43,15688,0,8
133,44,8105,1,0
133,45,13988,0,8
133,46,4673,1,0
133,47,7968,0,8
133,48,4711,1,0
133,49,8473,0,8
133,50,12324,0,8
133,51,10982,0,8
133,52,7365,1,0
133,53,5934,0,8
133,54,5323,1,0
133,55,12094,0,8
133,56,10972,0,8
133,57,10951,0,8
133,58,12857,0,8
133,59,15503,0,8
134,0,115227,1,0
134,1,13027,1,0
134,2,19266,1,0
134,3,11990,1,0
134,4,15283,1,0
134,5,15975,1,0
134,6,14648,1,0
134,7,7572,1,0
134,8,12821,1,0
134,9,12880,1,0
134,10,8187,1,0
134,11,9486,1,0
134,12,7978,1,0
134,13,10518,1,0
134,14,7337,1,0
134,15,14311,1,0
134,16,8621,1,0
134,17,6751,1,0
134,18,12003,1,0
134,19,10020,1,0
134,20,14047,1,0
134,21,14817,1,0
134,22,52232,0,8
134,23,14085,0,8
134,24,8550,0,8
134,25,16541,0,8
134,26,33663,0,8
134,27,14692,0,8
134,28,5232,1,0
134,29,11013,0,8
134,30,12451,0,8
134,31,16058,0,8
134,32,17130,0,8
134,33,11367,0,8
134,34,7089,1,0
134,35,12318,0,8
134,36,12070,0,8
134,37,15527,0,8
134,38,9819,0,8
134,39,12081,0,8
134,40,19234,0,8
134,41,13059,0,8
134,42,8559,0,8
134,43,14784,0,8
134,44,15907,0,8
134,45,10466,0,8
134,46,4214,1,0
134,47,6224,1,0
134,48,13188,0,8
134,49,7460,1,0
134,50,5006,1,0
134,51,6915,1,0
134,52,10694,0,8
134,53,13016,0,8
134,54,5274,1,0
134,55,11619,0,8
134,56,9791,0,8
134,57,10971,0,8
134,58,11621,0,8
134,59,7469,0,8
135,0,115284,1,0
135,1,9874,1,0
135,2,7603,1,0
135,3,6479,1,0
135,4,5465,1,0
135,5,7970,1,0
135,6,6031,1,0
135,7,6690,1,0
135,8,6077,1,0
135,9,9544,1,0
135,10,9321,1,0
135,11,4736,1,0
135,12,8534,1,0
135,13,5025,1,0
135,14,5516,1,0
135,15,6541,1,0
135,16,5468,1,0
135,17,1978,1,0
135,18,5670,1,0
135,19,8819,1,0
135,20,6068,1,0
135,21,8087,1,0
135,22,39423,1,0
135,23,4748,1,0
135,24,7487,1,0
135,25,7295,1,0
135,26,34264,0,8
135,27,2684,1,0
135,28,6646,1,0
135,29,3511,1,0
135,30,13455,0,8
135,31,7172,1,0
135,32,7977,1,0
135,33,7880,0,8
135,34,4803,1,0
135,35,2365,1,0
135,36,6330,1,0
135,37,8142,1,0
135,38,4549,1,0
135,39,4526,1,0
135,40,13034,1,0
135,41,12623,0,8
135,42,4310,1,0
135,43,14834,0,8
135,44,4741,1,0
135,45,5810,1,0
135,46,8870,1,0
135,47,7348,1,0
135,48,4945,1,0
135,49,6492,1,0
135,50,5246,1,0
135,51,8622,1,0
135,52,8919,1,0
135,53,6361,1,0
135,54,3185,1,0
135,55,9711,0,8
135,56,5716,1,0
135,57,5909,1,0
135,58,7838,0,8
135,59,7994,1,0
136,0,115070,1,0
136,1,10967,1,0
136,2,12301,1,0
136,3,5466,1,0
136,4,8161,1,0
136,5,11861,1,0
136,6,11644,1,0
136,7,14601,1,0
136,8,7287,1,0
136,9,8649,1,0
136,10,10362,1,0
136,11,12876,1,0
136,12,9548,1,0
136,13,6964,1,0
136,14,7476,1,0
136,15,6972,1,0
136,16,5260,1,0
136,17,9210,1,0
136,18,7271,1,0
136,19,14974,1,0
136,20,13999,1,0
136,21,13422,0,8
136,22,41869,1,0
136,23,14172,0,8
136,24,18914,0,8
136,25,7447,1,0
136,26,29043,1,0
136,27,11094,0,8
136,28,4820,1,0
136,29,6019,1,0
136,30,9730,1,0
136,31,9785,0,8
136,32,13104,1,0
136,33,7350,1,0
136,34,10698,1,0
136,35,5130,1,0
136,36,9108,1,0
136,37,6491,1,0
136,38,6696,1,0
136,39,7824,0,8
136,40,12044,1,0
136,41,13748,0,8
136,42,11493,0,8
136,43,6282,1,0
136,44,10737,0,8
136,45,8048,1,0
136,46,10869,0,8
136,47,8941,0,8
136,48,6690,1,0
136,49,4071,1,0
136,50,10493,0,8
136,51,10180,0,8
136,52,15725,0,8
136,53,8533,0,8
136,54,8009,1,0
136,55,6117,1,0
136,56,8546,0,8
136,57,4610,1,0
136,58,11244,0,8
136,59,5902,1,0
137,0,115028,1,0
137,1,16800,1,0
137,2,5543,1,0
137,3,5731,1,0
137,4,12197,1,0
137,5,9497,1,0
137,6,10906,1,0
137,7,14587,1,0
137,8,11321,1,0
137,9,13056,1,0
137,10,8685,1,0
137,11,11261,1,0
137,12,16909,1,0
137,13,3190,1,0
137,14,11610,1,0
137,15,8936,1,0
137,16,10860,1,0
137,17,5803,1,0
137,18,10247,1,0
137,19,12160,1,0
137,20,16248,1,0
137,21,7450,1,0
137,22,48482,1,0
137,23,14031,1,0
137,24,9219,1,0
137,25,11197,1,0
137,26,36709,1,0
137,27,8031,1,0
137,28,7048,1,0
137,29,6383,1,0
137,30,11781,1,0
137,31,8189,1,0
137,32,18194,0,8
137,33,10590,0,8
137,34,9815,1,0
137,35,7143,1,0
137,36,8742,0,8
137,37,7140,1,0
137,38,8449,1,0
137,39,5055,1,0
137,40,19455,0,8
137,41,7999,1,0
137,42,18938,0,8
137,43,7788,1,0
137,44,10671,1,0
137,45,12592,0,8
137,46,6083,1,0
137,47,10380,0,8
137,48,11041,0,8
137,49,11303,1,0
137,50,4111,1,0
137,51,4682,1,0
137,52,12129,0,8
137,53,9278,0,8
137,54,8845,1,0
137,55,10964,0,8
137,56,7877,1,0
137,57,7136,0,8
137,58,11831,0,8
137,59,17236,0,8
138,0,115491,1,0
138,1,15281,1,0
138,2,23152,1,0
138,3,9325,1,0
138,4,12414,1,0
138,5,13882,1,0
138,6,12385,1,0
138,7,14925,1,0
138,8,9488,1,0
138,9,12762,1,0
138,10,9464,1,0
138,11,7951,1,0
138,12,15083,1,0
138,13,8486,1,0
138,14,10797,1,0
138,15,9938,1,0
138,16,7100,1,0
138,17,14059,1,0
138,18,8672,1,0
138,19,12221,1,0
138,20,6760,1,0
138,21,14636,1,0
138,22,48653,1,0
138,23,8988,1,0
138,24,5972,1,0
138,25,12295,1,0
138,26,35089,1,0
138,27,15791,1,0
138,28,9738,1,0
138,29,6684,1,0
138,30,13386,1,0
138,31,8131,1,0
138,32,12541,1,0
138,33,7866,0,8
138,34,7154,1,0
138,35,3490,1,0
138,36,4549,1,0
138,37,13178,0,8
138,38,5833,1,0
138,39,10662,0,8
138,40,20544,0,8
138,41,8824,1,0
138,42,18267,0,8
138,43,9720,1,0
138,44,10470,1,0
138,45,5475,1,0
138,46,11660,0,8
138,47,11225,0,8
138,48,6609,1,0
138,49,11666,1,0
138,50,5469,1,0
138,51,7368,1,0
138,52,8226,1,0
138,53,11500,0,8
138,54,3326,1,0
138,55,10446,0,8
138,56,5371,1,0
138,57,5543,1,0
138,58,5227,1,0
138,59,10861,0,8
139,0,115431,1,0
139,1,16465,1,0
139,2,11684,1,0
139,3,7162,1,0
139,4,6461,1,0
139,5,11907,1,0
139,6,12203,1,0
139,7,6344,1,0
139,8,10587,1,0
139,9,7579,1,0
139,10,8240,1,0
139,11,7227,1,0
139,12,15754,1,0
139,13,10582,1,0
139,14,8940,1,0
139,15,12548,1,0
139,16,7892,1,0
139,17,13010,1,0
139,18,6366,1,0
139,19,9185,1,0
139,20,12214,1,0
139,21,11084,1,0
139,22,51931,1,0
139,23,10541,1,0
139,24,9191,1,0
139,25,13966,0,8
139,26,37774,0,8
139,27,7837,0,8
139,28,1953,1,0
139,29,10538,0,8
139,30,3228,1,0
139,31,13241,0,8
139,32,7535,1,0
139,33,9758,0,8
139,34,10316,0,8
139,35,9634,0,8
139,36,9181,0,8
139,37,11113,0,8
139,38,7117,1,0
139,39,10186,0,8
139,40,14115,0,8
139,41,7998,0,8
139,42,20287,0,8
139,43,11549,0,8
139,44,11892,0,8
139,45,10972,0,8
139,46,11808,0,8
139,47,13014,0,8
139,48,8689,0,8
139,49,11353,1,0
139,50,10803,0,8
139,51,5009,1,0
139,52,16498,0,8
139,53,9423,0,8
139,54,10920,0,8
139,55,4566,1,0
139,56,9987,0,8
139,57,10038,0,8
139,58,4166,1,0
139,59,4876,1,0
140,0,115563,1,0
140,1,16546,1,0
140,2,21541,1,0
140,3,12353,1,0
140,4,8567,1,0
140,5,7289,1,0
140,6,10132,1,0
140,7,14388,1,0
140,8,10889,1,0
140,9,7814,1,0
140,10,7905,1,0
140,11,14536,1,0
140,12,13956,1,0
140,13,10644,1,0
140,14,7389,1,0
140,15,9874,1,0
140,16,9054,1,0
140,17,9604,1,0
140,18,5764,1,0
140,19,11183,1,0
140,20,11605,1,0
140,21,7269,1,0
140,22,45544,1,0
140,23,8981,0,8
140,24,20110,0,8
140,25,15097,0,8
140,26,29392,1,0
140,27,13327,0,8
140,28,2128,1,0
140,29,8147,1,0
140,30,9212,0,8
140,31,4867,1,0
140,32,11517,1,0
140,33,5283,1,0
140,34,7044,1,0
140,35,5594,0,8
140,36,5599,1,0
140,37,6673,1,0
140,38,7029,1,0
140,39,7414,1,0
140,40,12950,0,8
140,41,10532,0,8
140,42,18381,0,8
140,43,10519,0,8
140,44,10418,0,8
140,45,11802,0,8
140,46,11615,0,8
140,47,8009,1,0
140,48,7968,1,0
140,49,12851,0,8
140,50,11770,0,8
140,51,11768,0,8
140,52,10570,0,8
140,53,9732,0,8
140,54,10294,0,8
140,55,9590,0,8
140,56,13016,0,8
140,57,8137,1,0
140,58,5880,1,0
140,59,7247,1,0
141,0,117166,1,0
141,1,13163,1,0
141,2,17415,1,0
141,3,12990,1,0
141,4,8387,1,0
141,5,13812,1,0
141,6,7277,1,0
141,7,14934,1,0
141,8,14150,1,0
141,9,13672,1,0
141,10,7693,1,0
141,11,11547,1,0
141,12,9469,1,0
141,13,11058,1,0
141,14,12766,1,0
141,15,14613,1,0
141,16,9782,1,0
141,17,7424,1,0
141,18,11724,1,0
141,19,14899,1,0
141,20,13370,1,0
141,21,13862,1,0
141,22,49776,1,0
141,23,5296,1,0
141,24,4676,1,0
141,25,16644,1,0
141,26,35464,1,0
141,27,15609,1,0
141,28,9532,1,0
141,29,11098,1,0
141,30,5487,1,0
141,31,5685,1,0
141,32,12557,0,8
141,33,10614,0,8
141,34,14739,0,8
141,35,14377,0,8
141,36,11958,0,8
141,37,12642,1,0
141,38,9951,0,8
141,39,9576,0,8
141,40,18952,0,8
141,41,5969,1,0
141,42,8614,1,0
141,43,15669,0,8
141,44,13329,1,0
141,45,9802,0,8
141,46,8452,1,0
141,47,5419,1,0
141,48,6285,1,0
141,49,13668,0,8
141,50,10027,1,0
141,51,8806,0,8
141,52,13791,0,8
141,53,11276,0,8
141,54,13573,0,8
141,55,12201,0,8
141,56,13042,0,8
141,57,12231,0,8
141,58,8587,0,8
141,59,9273,1,0
142,0,116242,1,0
142,1,19049,1,0
142,2,13900,1,0
142,3,12335,1,0
142,4,13653,1,0
142,5,9229,1,0
142,6,9374,1,0
142,7,8953,1,0
142,8,12339,1,0
142,9,5466,1,0
142,10,12781,1,0
142,11,6846,1,0
142,12,12483,1,0
142,13,10487,1,0
142,14,11353,1,0
142,15,9234,1,0
142,16,7021,1,0
142,17,13660,1,0
142,18,9098,1,0
142,19,14145,1,0
142,20,14010,1,0
142,21,8277,1,0
142,22,40912,1,0
142,23,10199,0,8
142,24,20082,0,8
142,25,13045,0,8
142,26,35984,0,8
142,27,7737,1,0
142,28,9330,0,8
142,29,9433,0,8
142,30,11823,0,8
142,31,9272,1,0
142,32,12590,1,0
142,33,9025,0,8
142,34,12112,0,8
142,35,9618,1,0
142,36,5055,1,0
142,37,6726,1,0
142,38,11663,0,8
142,39,10745,0,8
142,40,19406,0,8
142,41,11923,0,8
142,42,7104,0,8
142,43,5220,1,0
142,44,8615,0,8
142,45,11629,0,8
142,46,10762,0,8
142,47,13193,0,8
142,48,13420,0,8
142,49,8273,0,8
142,50,10364,0,8
142,51,6990,1,0
142,52,11623,0,8
142,53,10438,0,8
142,54,12129,0,8
142,55,12124,0,8
142,56,10781,0,8
142,57,8778,0,8
142,58,5759,0,8
142,59,11697,0,8
143,0,111719,1,0
143,1,9677,1,0
143,2,13076,1,0
143,3,9562,1,0
143,4,9672,1,0
143,5,11575,1,0
143,6,7934,1,0
143,7,10105,1,0
143,8,8034,1,0
143,9,11149,1,0
143,10,9895,1,0
143,11,6619,1,0
143,12,10685,1,0
143,13,9790,1,0
143,14,8592,1,0
143,15,6992,1,0
143,16,8094,1,0
143,17,9674,1,0
143,18,8420,1,0
143,19,11352,1,0
143,20,11954,1,0
143,21,10957,1,0
143,22,45374,1,0
143,23,10445,1,0
143,24,16662,1,0
143,25,12652,1,0
143,26,33444,0,8
143,27,11333,0,8
143,28,9839,0,8
143,29,5862,0,8
143,30,9825,0,8
143,31,5796,0,8
143,32,12900,0,8
143,33,8441,0,8
143,34,10269,0,8
143,35,8044,0,8
143,36,9208,0,8
143,37,12178,0,8
143,38,6494,0,8
143,39,7002,0,8
143,40,9935,0,8
143,41,9276,0,8
143,42,14163,0,8
143,43,11983,0,8
143,44,12257,0,8
143,45,6888,0,8
143,46,8383,0,8
143,47,8996,0,8
143,48,7968,0,8
143,49,10563,0,8
143,50,8947,0,8
143,51,8604,0,8
143,52,12589,0,8
143,53,8045,0,8
143,54,7704,0,8
143,55,8129,0,8
143,56,9660,0,8
143,57,8623,0,8
143,58,7293,0,8
143,59,14416,0,8
144,0,116315,1,0
144,1,18862,1,0
144,2,17590,1,0
144,3,7327,1,0
144,4,12235,1,0
144,5,13558,1,0
144,6,13992,1,0
144,7,15614,1,0
144,8,14600,1,0
144,9,15049,1,0
144,10,9815,1,0
144,11,9076,1,0
144,12,12755,1,0
144,13,12045,1,0
144,14,7138,1,0
144,15,4647,1,0
144,16,9735,1,0
144,17,6492,1,0
144,18,7129,1,0
144,19,13999,1,0
144,20,6992,1,0
144,21,10744,1,0
144,22,50780,0,8
144,23,5673,1,0
144,24,17207,1,0
144,25,11791,0,8
144,26,37667,0,8
144,27,10777,0,8
144,28,10839,0,8
144,29,8521,0,8
144,30,13489,0,8
144,31,15761,0,8
144,32,17200,0,8
144,33,4998,1,0
144,34,13306,0,8
144,35,9715,1,0
144,36,10820,0,8
144,37,11239,0,8
144,38,10959,0,8
144,39,10835,0,8
144,40,15147,0,8
144,41,12076,0,8
144,42,21435,0,8
144,43,11481,0,8
144,44,12983,0,8
144,45,4373,1,0
144,46,12142,0,8
144,47,13283,0,8
144,48,11583,0,8
144,49,11151,0,8
144,50,11042,0,8
144,51,9788,0,8
144,52,15127,0,8
144,53,14067,0,8
144,54,8299,1,0
144,55,10530,0,8
144,56,11488,0,8
144,57,9778,0,8
144,58,8711,0,8
144,59,7385,0,8
145,0,116466,1,0
145,1,18653,1,0
145,2,20065,1,0
145,3,9588,1,0
145,4,6530,1,0
145,5,11758,1,0
145,6,7400,1,0
145,7,15926,1,0
145,8,13969,1,0
145,9,12728,1,0
145,10,7220,1,0
145,11,14004,1,0
145,12,15494,1,0
145,13,11010,1,0
145,14,9035,1,0
145,15,12780,1,0
145,16,10126,1,0
145,17,13034,1,0
145,18,12344,1,0
145,19,12940,1,0
145,20,13913,1,0
145,21,12940,1,0
145,22,50839,1,0
145,23,14195,1,0
145,24,17488,1,0
145,25,14336,1,0
145,26,37064,1,0
145,27,9827,1,0
145,28,2533,1,0
145,29,4208,1,0
145,30,13627,1,0
145,31,5462,1,0
145,32,17713,1,0
145,33,10350,1,0
145,34,14676,1,0
145,35,13380,1,0
145,36,10890,1,0
145,37,15410,0,8
145,38,5297,1,0
145,39,5736,1,0
145,40,13956,1,0
145,41,7189,1,0
145,42,9635,1,0
145,43,14681,1,0
145,44,11995,0,8
145,45,9346,1,0
145,46,12180,0,8
145,47,5783,1,0
145,48,12527,0,8
145,49,14456,0,8
145,50,12831,0,8
145,51,7750,1,0
145,52,16380,0,8
145,53,11101,0,8
145,54,12386,0,8
145,55,12076,0,8
145,56,12047,0,8
145,57,12230,0,8
145,58,11649,1,0
145,59,4971,1,0
146,0,116564,1,0
146,1,13233,1,0
146,2,6745,1,0
146,3,12899,1,0
146,4,15332,1,0
146,5,13378,1,0
146,6,9188,1,0
146,7,7717,1,0
146,8,13252,1,0
146,9,11284,1,0
146,10,11621,1,0
146,11,10151,1,0
146,12,7716,1,0
146,13,5124,1,0
146,14,12945,1,0
146,15,9977,1,0
146,16,11029,1,0
146,17,12914,1,0
146,18,12604,1,0
146,19,14865,1,0
146,20,16200,1,0
146,21,14507,1,0
146,22,51449,1,0
146,23,5258,1,0
146,24,10279,1,0
146,25,13925,1,0
146,26,34337,0,8
146,27,5285,1,0
146,28,13611,0,8
146,29,4145,1,0
146,30,5782,1,0
146,31,5035,1,0
146,32,18071,0,8
146,33,4276,1,0
146,34,15626,0,8
146,35,14099,0,8
146,36,13382,0,8
146,37,14550,0,8
146,38,10419,0,8
146,39,12292,0,8
146,40,11918,1,0
146,41,13005,0,8
146,42,23034,0,8
146,43,11613,0,8
146,44,6766,1,0
146,45,5400,1,0
146,46,8425,1,0
146,47,6973,1,0
146,48,4771,1,0
146,49,12929,0,8
146,50,12390,0,8
146,51,12211,0,8
146,52,16245,0,8
146,53,13712,0,8
146,54,13611,0,8
146,55,13158,0,8
146,56,10402,0,8
146,57,11051,0,8
146,58,3879,1,0
146,59,9178,1,0
147,0,116707,1,0
147,1,14190,1,0
147,2,9145,1,0
147,3,13047,1,0
147,4,7347,1,0
147,5,14029,1,0
147,6,9027,1,0
147,7,15452,1,0
147,8,14632,1,0
147,9,6435,1,0
147,10,10905,1,0
147,11,13478,1,0
147,12,14826,1,0
147,13,5693,1,0
147,14,13878,1,0
147,15,10870,1,0
147,16,5832,1,0
147,17,12948,1,0
147,18,12382,1,0
147,19,14966,1,0
147,20,16027,1,0
147,21,14219,1,0
147,22,52418,1,0
147,23,8723,1,0
147,24,18346,1,0
147,25,7389,1,0
147,26,33658,0,8
147,27,13164,0,8
147,28,7337,1,0
147,29,12410,0,8
147,30,8971,0,8
147,31,16971,0,8
147,32,19772,0,8
147,33,5116,1,0
147,34,11419,0,8
147,35,14409,0,8
147,36,11505,0,8
147,37,14477,0,8
147,38,11295,0,8
147,39,6586,0,8
147,40,11956,1,0
147,41,5386,1,0
147,42,19155,0,8
147,43,11535,0,8
147,44,7509,1,0
147,45,12737,0,8
147,46,8416,1,0
147,47,6412,1,0
147,48,14138,0,8
147,49,14571,0,8
147,50,11035,0,8
147,51,7933,1,0
147,52,13390,0,8
147,53,5592,0,8
147,54,4076,1,0
147,55,8058,0,8
147,56,8049,0,8
147,57,10636,0,8
147,58,4783,1,0
147,59,9465,0,8
148,0,119461,1,0
148,1,15407,1,0
148,2,21842,1,0
148,3,12538,1,0
148,4,6677,1,0
148,5,5748,1,0
148,6,11273,1,0
148,7,10327,1,0
148,8,12787,1,0
148,9,7551,1,0
148,10,11159,1,0
148,11,7388,1,0
148,12,11369,1,0
148,13,9495,1,0
148,14,8332,1,0
148,15,12043,1,0
148,16,7807,1,0
148,17,5364,1,0
148,18,10705,1,0
148,19,10427,1,0
148,20,9816,1,0
148,21,6894,1,0
148,22,48653,1,0
148,23,12961,1,0
148,24,7544,1,0
148,25,12081,1,0
148,26,29606,1,0
148,27,8284,1,0
148,28,8715,1,0
148,29,10567,0,8
148,30,12057,0,8
148,31,14258,0,8
148,32,11095,0,8
148,33,9682,1,0
148,34,10276,1,0
148,35,15381,0,8
148,36,10868,0,8
148,37,13037,0,8
148,38,8624,1,0
148,39,11254,0,8
148,40,13354,0,8
148,41,8682,1,0
148,42,20084,0,8
148,43,10368,1,0
148,44,8610,1,0
148,45,14133,0,8
148,46,9976,1,0
148,47,11403,0,8
148,48,12214,0,8
148,49,12743,0,8
148,50,8055,1,0
148,51,5296,1,0
148,52,13744,0,8
148,53,13546,0,8
148,54,10771,0,8
148,55,10269,0,8
148,56,10717,0,8
148,57,9741,0,8
148,58,7375,1,0
148,59,12413,0,8
149,0,104987,1,0
149,1,14989,1,0
149,2,8896,1,0
149,3,13697,1,0
149,4,8881,1,0
149,5,5976,1,0
149,6,11796,1,0
149,7,11911,1,0
149,8,6685,1,0
149,9,14774,1,0
149,10,11367,1,0
149,11,14295,1,0
149,12,14851,1,0
149,13,13283,1,0
149,14,13734,1,0
149,15,10871,1,0
149,16,11985,1,0
149,17,7967,1,0
149,18,8376,1,0
149,19,14919,1,0
149,20,8904,1,0
149,21,14674,1,0
149,22,41264,1,0
149,23,8214,1,0
149,24,9650,1,0
149,25,6147,1,0
149,26,28667,1,0
149,27,14567,0,8
149,28,13700,0,8
149,29,4166,1,0
149,30,11334,0,8
149,31,15964,0,8
149,32,10842,1,0
149,33,5817,1,0
149,34,5535,1,0
149,35,4892,1,0
149,36,5039,1,0
149,37,15452,0,8
149,38,5136,1,0
149,39,12068,0,8
149,40,11722,1,0
149,41,12160,0,8
149,42,22324,0,8
149,43,13760,0,8
149,44,8024,0,8
149,45,3843,1,0
149,46,11007,0,8
149,47,9179,0,8
149,48,3957,1,0
149,49,14356,0,8
149,50,12168,0,8
149,51,11839,0,8
149,52,14946,0,8
149,53,5222,1,0
149,54,5296,1,0
149,55,12100,0,8
149,56,10375,1,0
149,57,12862,0,8
149,58,4287,1,0
149,59,16685,0,8
150,0,116605,1,0
150,1,13439,1,0
150,2,21102,1,0
150,3,13084,1,0
150,4,9556,1,0
150,5,12175,1,0
150,6,8361,1,0
150,7,13777,1,0
150,8,12334,1,0
150,9,10702,1,0
150,10,14506,1,0
150,11,10459,1,0
150,12,8258,1,0
150,13,12291,1,0
150,14,12600,1,0
150,15,9808,1,0
150,16,13002,1,0
150,17,5455,1,0
150,18,10696,1,0
150,19,15398,1,0
150,20,6733,1,0
150,21,14428,1,0
150,22,52026,1,0
150,23,14219,1,0
150,24,10373,1,0
150,25,13814,1,0
150,26,33795,1,0
150,27,13229,1,0
150,28,8558,1,0
150,29,13221,1,0
150,30,12500,1,0
150,31,6273,1,0
150,32,15900,0,8
150,33,12210,0,8
150,34,15672,0,8
150,35,14251,0,8
150,36,12612,0,8
150,37,12845,0,8
150,38,10857,0,8
150,39,10889,0,8
150,40,18928,0,8
150,41,12601,0,8
150,42,10133,0,8
150,43,15564,0,8
150,44,15581,0,8
150,45,10541,0,8
150,46,10171,0,8
150,47,6669,1,0
150,48,13452,0,8
150,49,13875,0,8
150,50,12845,0,8
150,51,9907,0,8
150,52,16427,0,8
150,53,4774,1,0
150,54,12205,0,8
150,55,13255,0,8
150,56,7289,1,0
150,57,12098,0,8
150,58,7252,0,8
150,59,5905,1,0
151,0,119279,1,0
151,1,16447,1,0
151,2,13597,1,0
151,3,10492,1,0
151,4,13749,1,0
151,5,15832,1,0
151,6,5896,1,0
151,7,12328,1,0
151,8,11373,1,0
151,9,15618,1,0
151,10,14044,1,0
151,11,8761,1,0
151,12,8033,1,0
151,13,9458,1,0
151,14,12674,1,0
151,15,5033,1,0
151,16,9458,1,0
151,17,8419,1,0
151,18,9135,1,0
151,19,6654,1,0
151,20,13663,1,0
151,21,11563,1,0
151,22,40639,1,0
151,23,10910,1,0
151,24,9904,1,0
151,25,11958,1,0
151,26,34187,1,0
151,27,8048,1,0
151,28,6943,1,0
151,29,8244,1,0
151,30,10758,1,0
151,31,9590,1,0
151,32,10803,1,0
151,33,11199,1,0
151,34,6965,1,0
151,35,9649,1,0
151,36,9752,1,0
151,37,14864,1,0
151,38,12934,1,0
151,39,9360,1,0
151,40,13463,1,0
151,41,13558,1,0
151,42,8617,1,0
151,43,5726,1,0
151,44,4240,1,0
151,45,12707,0,8
151,46,12606,0,8
151,47,12381,0,8
151,48,11517,1,0
151,49,11600,1,0
151,50,10437,1,0
151,51,12270,0,8
151,52,7045,1,0
151,53,13771,1,0
151,54,11826,0,8
151,55,12751,0,8
151,56,13282,0,8
151,57,9846,1,0
151,58,13140,0,8
151,59,18569,1,0
152,0,119419,1,0
152,1,19310,1,0
152,2,13814,1,0
152,3,12979,1,0
152,4,13626,1,0
152,5,15378,1,0
152,6,13823,1,0
152,7,14408,1,0
152,8,10422,1,0
152,9,13779,1,0
152,10,14936,1,0
152,11,9411,1,0
152,12,7129,1,0
152,13,13463,1,0
152,14,12645,1,0
152,15,12322,1,0
152,16,7156,1,0
152,17,12222,1,0
152,18,11901,1,0
152,19,13082,1,0
152,20,15803,1,0
152,21,10633,1,0
152,22,50843,1,0
152,23,6792,1,0
152,24,10647,0,8
152,25,14242,0,8
152,26,35614,0,8
152,27,12620,0,8
152,28,10213,0,8
152,29,11805,0,8
152,30,10979,0,8
152,31,16113,0,8
152,32,16051,0,8
152,33,12096,0,8
152,34,7208,1,0
152,35,4291,1,0
152,36,7254,0,8
152,37,9543,0,8
152,38,11789,0,8
152,39,9635,0,8
152,40,20408,0,8
152,41,11045,0,8
152,42,8067,0,8
152,43,3634,1,0
152,44,11871,0,8
152,45,9211,0,8
152,46,9641,0,8
152,47,5502,1,0
152,48,11531,0,8
152,49,14398,0,8
152,50,10312,0,8
152,51,9546,0,8
152,52,16463,0,8
152,53,12267,0,8
152,54,2990,1,0
152,55,11607,0,8
152,56,9941,0,8
152,57,9100,0,8
152,58,6746,0,8
152,59,16435,0,8
153,0,119658,1,0
153,1,9740,1,0
153,2,5990,1,0
153,3,10118,1,0
153,4,6897,1,0
153,5,8549,1,0
153,6,4695,1,0
153,7,9028,1,0
153,8,5425,1,0
153,9,8938,1,0
153,10,7330,1,0
153,11,6891,1,0
153,12,7504,1,0
153,13,6678,1,0
153,14,6697,1,0
153,15,5242,1,0
153,16,1252,1,0
153,17,14444,1,0
153,18,6102,1,0
153,19,5416,1,0
153,20,6132,1,0
153,21,7872,1,0
153,22,39907,1,0
153,23,5193,1,0
153,24,21268,1,0
153,25,14542,1,0
153,26,28818,1,0
153,27,8668,1,0
153,28,9761,1,0
153,29,2130,1,0
153,30,2784,1,0
153,31,3061,1,0
153,32,9066,1,0
153,33,8533,1,0
153,34,6324,1,0
153,35,3290,1,0
153,36,5099,1,0
153,37,5954,1,0
153,38,3621,1,0
153,39,3018,1,0
153,40,11871,1,0
153,41,10631,0,8
153,42,11323,1,0
153,43,7357,1,0
153,44,6389,1,0
153,45,8591,1,0
153,46,4350,1,0
153,47,5088,1,0
153,48,3985,1,0
153,49,9664,1,0
153,50,5276,1,0
153,51,11846,0,8
153,52,15474,0,8
153,53,4881,1,0
153,54,3105,1,0
153,55,4105,1,0
153,56,4383,1,0
153,57,4592,1,0
153,58,3359,1,0
153,59,7712,1,0
154,0,118979,1,0
154,1,15591,1,0
154,2,20671,1,0
154,3,4783,1,0
154,4,10700,1,0
154,5,9897,1,0
154,6,9005,1,0
154,7,11534,1,0
154,8,14280,1,0
154,9,8648,1,0
154,10,12371,1,0
154,11,10483,1,0
154,12,11037,1,0
154,13,11936,1,0
154,14,6396,1,0
154,15,14954,1,0
154,16,9297,1,0
154,17,5165,1,0
154,18,10081,1,0
154,19,9795,1,0
154,20,14447,1,0
154,21,10905,1,0
154,22,45884,1,0
154,23,10526,1,0
154,24,8480,1,0
154,25,11847,1,0
154,26,31192,1,0
154,27,15441,1,0
154,28,11013,1,0
154,29,7025,1,0
154,30,9099,1,0
154,31,9376,1,0
154,32,19118,0,8
154,33,4240,1,0
154,34,13222,0,8
154,35,8359,1,0
154,36,6412,1,0
154,37,13521,0,8
154,38,7860,1,0
154,39,8195,0,8
154,40,16503,1,0
154,41,9252,0,8
154,42,20746,0,8
154,43,14901,0,8
154,44,12012,1,0
154,45,12754,0,8
154,46,6604,1,0
154,47,5438,1,0
154,48,11059,0,8
154,49,9275,1,0
154,50,9904,0,8
154,51,9234,0,8
154,52,15891,0,8
154,53,9229,1,0
154,54,9139,1,0
154,55,6232,1,0
154,56,6948,1,0
154,57,9858,0,8
154,58,4062,1,0
154,59,16000,0,8
155,0,119492,1,0
155,1,16532,1,0
155,2,9334,1,0
155,3,13809,1,0
155,4,12544,1,0
155,5,16129,1,0
155,6,10833,1,0
155,7,6921,1,0
155,8,14321,1,0
155,9,11778,1,0
155,10,9525,1,0
155,11,8958,1,0
155,12,11580,1,0
155,13,4685,1,0
155,14,9699,1,0
155,15,13806,1,0
155,16,6375,1,0
155,17,6364,1,0
155,18,11721,1,0
155,19,8104,1,0
155,20,13864,1,0
155,21,11004,1,0
155,22,49006,1,0
155,23,11685,1,0
155,24,7336,1,0
155,25,9038,1,0
155,26,36963,1,0
155,27,5620,1,0
155,28,7997,1,0
155,29,9364,1,0
155,30,9207,1,0
155,31,8366,1,0
155,32,14749,0,8
155,33,6938,1,0
155,34,15158,0,8
155,35,9746,1,0
155,36,5596,1,0
155,37,7122,1,0
155,38,6999,1,0
155,39,10345,0,8
155,40,16619,0,8
155,41,8566,1,0
155,42,21639,0,8
155,43,9097,1,0
155,44,10790,1,0
155,45,12664,0,8
155,46,10222,0,8
155,47,7352,1,0
155,48,11207,0,8
155,49,12575,0,8
155,50,8145,1,0
155,51,9711,0,8
155,52,16212,0,8
155,53,9312,0,8
155,54,10833,1,0
155,55,8719,0,8
155,56,8969,0,8
155,57,8939,0,8
155,58,7535,0,8
155,59,15789,0,8
156,0,118563,1,0
156,1,13316,1,0
156,2,11364,1,0
156,3,13020,1,0
156,4,7396,1,0
156,5,15665,1,0
156,6,8398,1,0
156,7,13663,1,0
156,8,14515,1,0
156,9,12669,1,0
156,10,14541,1,0
156,11,12498,1,0
156,12,11268,1,0
156,13,4983,1,0
156,14,12803,1,0
156,15,9857,1,0
156,16,9535,1,0
156,17,5120,1,0
156,18,4952,1,0
156,19,14040,1,0
156,20,7943,1,0
156,21,12716,1,0
156,22,52044,1,0
156,23,14768,1,0
156,24,18179,1,0
156,25,16608,0,8
156,26,36009,0,8
156,27,5946,1,0
156,28,13512,0,8
156,29,12707,0,8
156,30,8753,0,8
156,31,13147,0,8
156,32,18518,0,8
156,33,3802,1,0
156,34,14827,0,8
156,35,12302,0,8
156,36,11690,0,8
156,37,14416,0,8
156,38,11651,0,8
156,39,10700,0,8
156,40,18776,0,8
156,41,12017,0,8
156,42,6244,1,0
156,43,15504,0,8
156,44,6838,1,0
156,45,10566,0,8
156,46,5997,1,0
156,47,6379,1,0
156,48,7533,1,0
156,49,10785,0,8
156,50,10208,0,8
156,51,10655,0,8
156,52,6138,1,0
156,53,4795,0,8
156,54,13588,0,8
156,55,13726,0,8
156,56,7205,0,8
156,57,9004,0,8
156,58,3533,1,0
156,59,12099,0,8
157,0,119100,1,0
157,1,13198,1,0
157,2,11328,1,0
157,3,5869,1,0
157,4,7288,1,0
157,5,13682,1,0
157,6,8378,1,0
157,7,11137,1,0
157,8,13399,1,0
157,9,14961,1,0
157,10,14015,1,0
157,11,13544,1,0
157,12,7842,1,0
157,13,5574,1,0
157,14,13930,1,0
157,15,10644,1,0
157,16,5774,1,0
157,17,13053,1,0
157,18,10881,1,0
157,19,12724,1,0
157,20,15912,1,0
157,21,12698,1,0
157,22,51407,0,8
157,23,5565,1,0
157,24,8816,1,0
157,25,7220,1,0
157,26,36962,0,8
157,27,5842,1,0
157,28,6649,0,8
157,29,11572,0,8
157,30,5365,1,0
157,31,4980,1,0
157,32,19070,0,8
157,33,5766,1,0
157,34,15737,0,8
157,35,12402,0,8
157,36,5613,1,0
157,37,15980,0,8
157,38,12137,0,8
157,39,10902,0,8
157,40,18645,0,8
157,41,12989,0,8
157,42,18925,0,8
157,43,15648,0,8
157,44,6006,1,0
157,45,11053,0,8
157,46,4891,1,0
157,47,6329,1,0
157,48,14066,0,8
157,49,9017,0,8
157,50,12383,0,8
157,51,6626,0,8
157,52,5877,1,0
157,53,5237,1,0
157,54,4134,1,0
157,55,6814,1,0
157,56,6606,1,0
157,57,12445,0,8
157,58,3503,1,0
157,59,10638,0,8
158,0,119559,1,0
158,1,10708,1,0
158,2,5323,1,0
158,3,7689,1,0
158,4,9547,1,0
158,5,7917,1,0
158,6,8625,1,0
158,7,16001,1,0
158,8,15410,1,0
158,9,6383,1,0
158,10,7128,1,0
158,11,7096,1,0
158,12,16567,1,0
158,13,7080,1,0
158,14,6634,1,0
158,15,9954,1,0
158,16,11094,1,0
158,17,7841,1,0
158,18,8421,1,0
158,19,5397,1,0
158,20,6872,1,0
158,21,11942,1,0
158,22,44479,1,0
158,23,7951,1,0
158,24,7947,1,0
158,25,15063,1,0
158,26,34697,1,0
158,27,13465,1,0
158,28,11662,1,0
158,29,7234,1,0
158,30,7713,1,0
158,31,10173,1,0
158,32,9149,1,0
158,33,9648,0,8
158,34,14149,0,8
158,35,7201,1,0
158,36,5386,1,0
158,37,14635,0,8
158,38,13264,0,8
158,39,3415,1,0
158,40,19149,0,8
158,41,8856,1,0
158,42,2615,1,0
158,43,9074,1,0
158,44,5645,1,0
158,45,6072,1,0
158,46,13091,0,8
158,47,6946,1,0
158,48,5158,1,0
158,49,7921,1,0
158,50,10680,0,8
158,51,5481,1,0
158,52,16751,0,8
158,53,13566,0,8
158,54,4467,1,0
158,55,8064,1,0
158,56,6858,1,0
158,57,11264,0,8
158,58,6942,1,0
158,59,9595,1,0
159,0,120645,1,0
159,1,18724,1,0
159,2,16700,1,0
159,3,12979,1,0
159,4,13886,1,0
159,5,13640,1,0
159,6,14749,1,0
159,7,13738,1,0
159,8,14849,1,0
159,9,15085,1,0
159,10,7537,1,0
159,11,10309,1,0
159,12,12149,1,0
159,13,13341,1,0
159,14,7232,1,0
159,15,14446,1,0
159,16,9571,1,0
159,17,5455,1,0
159,18,10442,1,0
159,19,14258,1,0
159,20,16424,1,0
159,21,8576,1,0
159,22,50958,1,0
159,23,7924,1,0
159,24,16984,1,0
159,25,12099,1,0
159,26,35085,1,0
159,27,14791,0,8
159,28,10267,1,0
159,29,10583,0,8
159,30,11894,0,8
159,31,16609,0,8
159,32,17420,0,8
159,33,11075,0,8
159,34,10350,0,8
159,35,15127,0,8
159,36,7274,1,0
159,37,14308,0,8
159,38,11829,0,8
159,39,9462,0,8
159,40,15065,0,8
159,41,11132,0,8
159,42,11224,1,0
159,43,11147,0,8
159,44,14503,0,8
159,45,9184,0,8
159,46,4524,1,0
159,47,7003,0,8
159,48,13179,0,8
159,49,13784,0,8
159,50,8035,1,0
159,51,7787,0,8
159,52,10678,1,0
159,53,10332,0,8
159,54,12890,0,8
159,55,12338,0,8
159,56,5677,1,0
159,57,9769,1,0
159,58,11488,0,8
159,59,10592,0,8
160,0,119546,1,0
160,1,13299,1,0
160,2,6916,1,0
160,3,13055,1,0
160,4,8335,1,0
160,5,5656,1,0
160,6,9769,1,0
160,7,9213,1,0
160,8,6787,1,0
160,9,5395,1,0
160,10,14618,1,0
160,11,12314,1,0
160,12,15181,1,0
160,13,5705,1,0
160,14,7190,1,0
160,15,7174,1,0
160,16,10317,1,0
160,17,5382,1,0
160,18,11329,1,0
160,19,15293,1,0
160,20,9097,1,0
160,21,14718,1,0
160,22,52486,1,0
160,23,7666,1,0
160,24,5519,1,0
160,25,14694,1,0
160,26,36656,1,0
160,27,15362,0,8
160,28,7024,1,0
160,29,12600,0,8
160,30,11996,0,8
160,31,15217,0,8
160,32,19022,0,8
160,33,5122,1,0
160,34,15189,0,8
160,35,14141,0,8
160,36,13003,0,8
160,37,7486,1,0
160,38,12818,0,8
160,39,11065,0,8
160,40,12444,1,0
160,41,13591,0,8
160,42,19579,0,8
160,43,11912,0,8
160,44,7529,1,0
160,45,12421,0,8
160,46,12672,0,8
160,47,6253,1,0
160,48,4016,1,0
160,49,14555,0,8
160,50,10111,0,8
160,51,6780,0,8
160,52,12641,0,8
160,53,5379,1,0
160,54,4230,1,0
160,55,7276,1,0
160,56,9548,1,0
160,57,12231,0,8
160,58,12658,0,8
160,59,18482,0,8
161,0,119322,1,0
161,1,13233,1,0
161,2,7057,1,0
161,3,6664,1,0
161,4,7440,1,0
161,5,15860,1,0
161,6,9193,1,0
161,7,13449,1,0
161,8,13393,1,0
161,9,14123,1,0
161,10,12148,1,0
161,11,11115,1,0
161,12,10151,1,0
161,13,5167,1,0
161,14,6497,1,0
161,15,4221,1,0
161,16,6607,1,0
161,17,13988,1,0
161,18,11316,1,0
161,19,10080,1,0
161,20,9535,1,0
161,21,13716,1,0
161,22,52088,0,8
161,23,6649,0,8
161,24,20419,0,8
161,25,7139,1,0
161,26,33190,0,8
161,27,10627,0,8
161,28,4238,1,0
161,29,13117,0,8
161,30,5250,1,0
161,31,16935,0,8
161,32,18101,0,8
161,33,4803,1,0
161,34,15198,0,8
161,35,13747,0,8
161,36,4951,1,0
161,37,15483,0,8
161,38,12604,0,8
161,39,11161,0,8
161,40,12713,0,8
161,41,7394,1,0
161,42,19349,0,8
161,43,11522,0,8
161,44,7633,1,0
161,45,14417,0,8
161,46,4584,1,0
161,47,8862,0,8
161,48,14100,0,8
161,49,14424,0,8
161,50,12879,0,8
161,51,8475,0,8
161,52,7098,1,0
161,53,5387,1,0
161,54,4178,1,0
161,55,7602,1,0
161,56,7027,0,8
161,57,12322,0,8
161,58,4005,1,0
161,59,12026,0,8
162,0,105757,1,0
162,1,11964,1,0
162,2,16687,1,0
162,3,10963,1,0
162,4,13843,1,0
162,5,7404,1,0
162,6,14678,1,0
162,7,9926,1,0
162,8,11729,1,0
162,9,5546,1,0
162,10,10366,1,0
162,11,14667,1,0
162,12,15130,1,0
162,13,11082,1,0
162,14,11784,1,0
162,15,13545,1,0
162,16,11051,1,0
162,17,11957,1,0
162,18,4908,1,0
162,19,14066,1,0
162,20,13438,1,0
162,21,7120,1,0
162,22,51969,0,8
162,23,5248,1,0
162,24,18349,0,8
162,25,15572,0,8
162,26,37074,0,8
162,27,13213,0,8
162,28,10719,0,8
162,29,11038,0,8
162,30,10825,0,8
162,31,10228,0,8
162,32,17386,0,8
162,33,10070,0,8
162,34,13385,0,8
162,35,9501,1,0
162,36,10855,0,8
162,37,10382,1,0
162,38,9073,0,8
162,39,6214,0,8
162,40,13357,1,0
162,41,12163,0,8
162,42,7142,0,8
162,43,14927,0,8
162,44,11988,0,8
162,45,12647,0,8
162,46,12501,0,8
162,47,10503,0,8
162,48,13331,0,8
162,49,11265,0,8
162,50,6237,0,8
162,51,5738,1,0
162,52,16804,0,8
162,53,5869,1,0
162,54,13571,0,8
162,55,7397,1,0
162,56,12497,0,8
162,57,7693,1,0
162,58,10760,0,8
162,59,19688,0,8
163,0,120627,1,0
163,1,15456,1,0
163,2,20668,1,0
163,3,9627,1,0
163,4,13682,1,0
163,5,14008,1,0
163,6,14556,1,0
163,7,11660,1,0
163,8,13260,1,0
163,9,11154,1,0
163,10,13941,1,0
163,11,11117,1,0
163,12,7607,1,0
163,13,10100,1,0
163,14,11582,1,0
163,15,9930,1,0
163,16,12054,1,0
163,17,13987,1,0
163,18,8560,1,0
163,19,9242,1,0
163,20,15874,1,0
163,21,8331,1,0
163,22,48967,1,0
163,23,10937,1,0
163,24,11237,1,0
163,25,5546,1,0
163,26,34483,0,8
163,27,13280,0,8
163,28,4581,1,0
163,29,11631,0,8
163,30,11910,0,8
163,31,9430,1,0
163,32,17613,0,8
163,33,11042,0,8
163,34,12211,0,8
163,35,8376,1,0
163,36,8282,1,0
163,37,13088,0,8
163,38,9990,0,8
163,39,4494,1,0
163,40,10892,1,0
163,41,6861,1,0
163,42,20677,0,8
163,43,12151,0,8
163,44,9748,0,8
163,45,8245,1,0
163,46,11590,0,8
163,47,11187,0,8
163,48,11509,0,8
163,49,9180,1,0
163,50,10245,0,8
163,51,6518,1,0
163,52,5828,1,0
163,53,13584,0,8
163,54,10367,1,0
163,55,11531,0,8
163,56,13480,0,8
163,57,8312,1,0
163,58,5371,1,0
163,59,12508,0,8
164,0,120382,1,0
164,1,19744,1,0
164,2,5337,1,0
164,3,10190,1,0
164,4,15261,1,0
164,5,13787,1,0
164,6,6160,1,0
164,7,7735,1,0
164,8,11992,1,0
164,9,15191,1,0
164,10,8943,1,0
164,11,11034,1,0
164,12,12467,1,0
164,13,10532,1,0
164,14,6519,1,0
164,15,14397,1,0
164,16,11673,1,0
164,17,7449,1,0
164,18,12813,1,0
164,19,8476,1,0
164,20,15666,1,0
164,21,9705,1,0
164,22,51275,0,8
164,23,5815,1,0
164,24,18288,0,8
164,25,14385,0,8
164,26,31076,1,0
164,27,12601,0,8
164,28,12820,0,8
164,29,11998,0,8
164,30,7348,1,0
164,31,5533,1,0
164,32,19871,1,0
164,33,11335,0,8
164,34,15680,0,8
164,35,12338,0,8
164,36,8635,1,0
164,37,15496,0,8
164,38,9718,0,8
164,39,6974,0,8
164,40,20305,0,8
164,41,12279,0,8
164,42,10135,0,8
164,43,13814,0,8
164,44,9879,1,0
164,45,10454,0,8
164,46,5984,1,0
164,47,5517,1,0
164,48,4394,1,0
164,49,12772,0,8
164,50,11113,0,8
164,51,12260,0,8
164,52,6537,1,0
164,53,10404,0,8
164,54,13600,0,8
164,55,13598,0,8
164,56,11354,0,8
164,57,9789,0,8
164,58,8941,0,8
164,59,12408,0,8
165,0,119822,1,0
165,1,9694,1,0
165,2,17369,1,0
165,3,12222,1,0
165,4,12416,1,0
165,5,13633,1,0
165,6,5373,1,0
165,7,14599,1,0
165,8,11175,1,0
165,9,15129,1,0
165,10,10853,1,0
165,11,12933,1,0
165,12,14503,1,0
165,13,12385,1,0
165,14,13894,1,0
165,15,13595,1,0
165,16,12851,1,0
165,17,6371,1,0
165,18,10173,1,0
165,19,14556,1,0
165,20,7542,1,0
165,21,7720,1,0
165,22,51145,0,8
165,23,7703,1,0
165,24,7501,1,0
165,25,16760,0,8
165,26,31191,1,0
165,27,9539,0,8
165,28,2416,1,0
165,29,3679,1,0
165,30,10385,1,0
165,31,3528,1,0
165,32,17036,0,8
165,33,9658,0,8
165,34,9133,1,0
165,35,13817,0,8
165,36,10692,0,8
165,37,14521,0,8
165,38,9778,0,8
165,39,6634,0,8
165,40,20320,0,8
165,41,6321,1,0
165,42,7942,0,8
165,43,10237,0,8
165,44,11881,0,8
165,45,9828,1,0
165,46,4117,1,0
165,47,13185,0,8
165,48,12433,0,8
165,49,11328,0,8
165,50,6953,0,8
165,51,6384,1,0
165,52,7074,1,0
165,53,10411,0,8
165,54,10586,0,8
165,55,5935,1,0
165,56,10854,0,8
165,57,12513,0,8
165,58,9166,0,8
165,59,12288,0,8
166,0,114603,1,0
166,1,19489,1,0
166,2,16447,1,0
166,3,13062,1,0
166,4,12347,1,0
166,5,9381,1,0
166,6,13619,1,0
166,7,13742,1,0
166,8,13407,1,0
166,9,12456,1,0
166,10,6824,1,0
166,11,9405,1,0
166,12,9220,1,0
166,13,10106,1,0
166,14,7766,1,0
166,15,13760,1,0
166,16,11835,1,0
166,17,6434,1,0
166,18,12265,1,0
166,19,12819,1,0
166,20,13966,1,0
166,21,9618,1,0
166,22,41750,1,0
166,23,14728,1,0
166,24,18109,1,0
166,25,16723,1,0
166,26,34757,0,8
166,27,14641,0,8
166,28,13614,0,8
166,29,11048,0,8
166,30,11689,0,8
166,31,9747,0,8
166,32,17111,0,8
166,33,11225,0,8
166,34,13329,0,8
166,35,8358,0,8
166,36,12277,0,8
166,37,13694,0,8
166,38,9876,0,8
166,39,10322,0,8
166,40,16663,0,8
166,41,11066,1,0
166,42,7724,1,0
166,43,14302,0,8
166,44,15072,0,8
166,45,10408,0,8
166,46,12556,0,8
166,47,5128,1,0
166,48,12495,0,8
166,49,12615,0,8
166,50,10430,0,8
166,51,7770,0,8
166,52,7278,1,0
166,53,11429,0,8
166,54,12320,0,8
166,55,13288,0,8
166,56,10664,0,8
166,57,12242,0,8
166,58,8904,0,8
166,59,12863,0,8
167,0,120365,1,0
167,1,11917,1,0
167,2,20758,1,0
167,3,13342,1,0
167,4,15039,1,0
167,5,6643,1,0
167,6,8248,1,0
167,7,14973,1,0
167,8,12738,1,0
167,9,12864,1,0
167,10,15199,1,0
167,11,13846,1,0
167,12,13590,1,0
167,13,12347,1,0
167,14,6946,1,0
167,15,10008,1,0
167,16,11694,1,0
167,17,4919,1,0
167,18,10385,1,0
167,19,5594,1,0
167,20,16242,1,0
167,21,12662,1,0
167,22,50814,1,0
167,23,14277,1,0
167,24,7288,1,0
167,25,15816,0,8
167,26,30501,1,0
167,27,10832,0,8
167,28,13582,0,8
167,29,11982,0,8
167,30,12456,0,8
167,31,16218,0,8
167,32,15127,0,8
167,33,12033,0,8
167,34,13524,0,8
167,35,14601,0,8
167,36,7311,1,0
167,37,13075,0,8
167,38,4218,1,0
167,39,11325,0,8
167,40,19179,0,8
167,41,13780,0,8
167,42,19450,1,0
167,43,9035,1,0
167,44,16316,0,8
167,45,8440,1,0
167,46,10428,0,8
167,47,5748,1,0
167,48,14154,0,8
167,49,8074,1,0
167,50,10929,0,8
167,51,7032,1,0
167,52,13042,0,8
167,53,13011,0,8
167,54,13458,0,8
167,55,6676,0,8
167,56,6155,1,0
167,57,12166,0,8
167,58,12757,0,8
167,59,12375,0,8
168,0,120675,1,0
168,1,16799,1,0
168,2,16615,1,0
168,3,8632,1,0
168,4,13727,1,0
168,5,15275,1,0
168,6,8388,1,0
168,7,13604,1,0
168,8,11338,1,0
168,9,9345,1,0
168,10,7904,1,0
168,11,9618,1,0
168,12,12423,1,0
168,13,10467,1,0
168,14,12979,1,0
168,15,12386,1,0
168,16,10193,1,0
168,17,6093,1,0
168,18,4007,1,0
168,19,11944,1,0
168,20,11359,1,0
168,21,7492,1,0
168,22,40346,1,0
168,23,11068,0,8
168,24,17627,0,8
168,25,15344,0,8
168,26,34997,0,8
168,27,8379,0,8
168,28,11633,0,8
168,29,11845,0,8
168,30,13604,0,8
168,31,10228,0,8
168,32,14912,0,8
168,33,9730,0,8
168,34,15607,0,8
168,35,9981,0,8
168,36,10855,0,8
168,37,13614,0,8
168,38,11741,0,8
168,39,10908,0,8
168,40,15054,0,8
168,41,12088,0,8
168,42,7779,0,8
168,43,11061,0,8
168,44,14131,0,8
168,45,9784,1,0
168,46,12101,0,8
168,47,11096,0,8
168,48,12535,0,8
168,49,14582,0,8
168,50,8853,0,8
168,51,9030,0,8
168,52,12771,0,8
168,53,11309,0,8
168,54,9283,0,8
168,55,13202,0,8
168,56,5542,1,0
168,57,10595,0,8
168,58,5901,0,8
168,59,17100,0,8
169,0,120582,1,0
169,1,9641,1,0
169,2,16930,1,0
169,3,10878,1,0
169,4,14975,1,0
169,5,8000,1,0
169,6,13691,1,0
169,7,8666,1,0
169,8,11199,1,0
169,9,6043,1,0
169,10,7590,1,0
169,11,10520,1,0
169,12,12597,1,0
169,13,12269,1,0
169,14,10767,1,0
169,15,10077,1,0
169,16,5479,1,0
169,17,12856,1,0
169,18,8163,1,0
169,19,8839,1,0
169,20,16090,1,0
169,21,8999,1,0
169,22,49698,0,8
169,23,6927,1,0
169,24,18007,0,8
169,25,16662,0,8
169,26,34498,0,8
169,27,6021,1,0
169,28,11989,0,8
169,29,12401,0,8
169,30,12486,0,8
169,31,4958,1,0
169,32,15209,0,8
169,33,11742,0,8
169,34,13367,0,8
169,35,13471,0,8
169,36,11759,0,8
169,37,13742,0,8
169,38,9690,0,8
169,39,12519,0,8
169,40,13483,0,8
169,41,10975,0,8
169,42,8860,0,8
169,43,11778,0,8
169,44,15896,0,8
169,45,5579,1,0
169,46,12551,0,8
169,47,6697,1,0
169,48,12449,0,8
169,49,6797,1,0
169,50,6436,0,8
169,51,11150,0,8
169,52,6305,1,0
169,53,10488,0,8
169,54,13587,0,8
169,55,13705,0,8
169,56,12953,0,8
169,57,7947,0,8
169,58,10407,0,8
169,59,19731,0,8
170,0,120773,1,0
170,1,10548,1,0
170,2,6180,1,0
170,3,7698,1,0
170,4,11006,1,0
170,5,12374,1,0
170,6,6703,1,0
170,7,6821,1,0
170,8,9563,1,0
170,9,13019,1,0
170,10,6070,1,0
170,11,8283,1,0
170,12,12559,1,0
170,13,9420,1,0
170,14,9100,1,0
170,15,9007,1,0
170,16,5722,1,0
170,17,12856,1,0
170,18,10661,1,0
170,19,11149,1,0
170,20,11382,1,0
170,21,10291,1,0
170,22,47151,1,0
170,23,13158,0,8
170,24,19618,0,8
170,25,14262,0,8
170,26,33375,0,8
170,27,10778,0,8
170,28,5932,1,0
170,29,4290,1,0
170,30,5434,1,0
170,31,9658,0,8
170,32,14699,0,8
170,33,7302,0,8
170,34,7856,1,0
170,35,15707,0,8
170,36,8378,1,0
170,37,11146,0,8
170,38,10642,0,8
170,39,3410,1,0
170,40,20462,0,8
170,41,10437,0,8
170,42,10310,0,8
170,43,8826,1,0
170,44,13913,0,8
170,45,12453,0,8
170,46,8685,0,8
170,47,11565,0,8
170,48,11226,0,8
170,49,13630,0,8
170,50,8184,0,8
170,51,10736,0,8
170,52,8219,1,0
170,53,11505,0,8
170,54,10759,0,8
170,55,11427,0,8
170,56,12069,0,8
170,57,9753,0,8
170,58,3977,1,0
170,59,6337,1,0
171,0,121607,1,0
171,1,11989,1,0
171,2,5531,1,0
171,3,13180,1,0
171,4,6697,1,0
171,5,13703,1,0
171,6,5447,1,0
171,7,8706,1,0
171,8,10221,1,0
171,9,5738,1,0
171,10,8329,1,0
171,11,7530,1,0
171,12,7092,1,0
171,13,11174,1,0
171,14,9682,1,0
171,15,9364,1,0
171,16,12650,1,0
171,17,10266,1,0
171,18,6110,1,0
171,19,12075,1,0
171,20,6665,1,0
171,21,10261,1,0
171,22,49967,1,0
171,23,13848,1,0
171,24,9747,1,0
171,25,14092,1,0
171,26,34698,1,0
171,27,10701,0,8
171,28,4991,1,0
171,29,9662,1,0
171,30,8519,0,8
171,31,10049,0,8
171,32,16223,1,0
171,33,10794,0,8
171,34,11977,0,8
171,35,9667,0,8
171,36,8607,1,0
171,37,14331,0,8
171,38,7636,1,0
171,39,8312,1,0
171,40,11014,1,0
171,41,9359,1,0
171,42,7739,1,0
171,43,15569,0,8
171,44,11335,0,8
171,45,8038,1,0
171,46,9520,0,8
171,47,5400,1,0
171,48,12572,0,8
171,49,5741,1,0
171,50,10328,0,8
171,51,6712,0,8
171,52,9414,1,0
171,53,9210,1,0
171,54,9207,0,8
171,55,6210,1,0
171,56,9131,1,0
171,57,8143,1,0
171,58,10904,0,8
171,59,12285,0,8
172,0,121925,1,0
172,1,10385,1,0
172,2,5353,1,0
172,3,6322,1,0
172,4,11186,1,0
172,5,11815,1,0
172,6,6942,1,0
172,7,8955,1,0
172,8,8944,1,0
172,9,7115,1,0
172,10,9390,1,0
172,11,10678,1,0
172,12,14998,1,0
172,13,7841,1,0
172,14,8615,1,0
172,15,8235,1,0
172,16,4445,1,0
172,17,9210,1,0
172,18,8474,1,0
172,19,9816,1,0
172,20,6390,1,0
172,21,6182,1,0
172,22,48460,1,0
172,23,14683,1,0
172,24,9889,1,0
172,25,10758,1,0
172,26,33067,1,0
172,27,9607,0,8
172,28,9774,0,8
172,29,8392,1,0
172,30,5751,1,0
172,31,3353,1,0
172,32,12874,0,8
172,33,9656,1,0
172,34,14774,0,8
172,35,4425,1,0
172,36,12301,0,8
172,37,9707,1,0
172,38,10932,0,8
172,39,4389,1,0
172,40,11177,1,0
172,41,6553,1,0
172,42,4210,1,0
172,43,6697,1,0
172,44,5037,1,0
172,45,5582,1,0
172,46,6300,1,0
172,47,12381,0,8
172,48,8661,1,0
172,49,7702,0,8
172,50,6958,1,0
172,51,9164,0,8
172,52,6987,1,0
172,53,7578,1,0
172,54,4827,1,0
172,55,4103,1,0
172,56,8640,1,0
172,57,8254,1,0
172,58,5365,1,0
172,59,7620,1,0
173,0,121811,1,0
173,1,16549,1,0
173,2,23229,1,0
173,3,10501,1,0
173,4,5937,1,0
173,5,14045,1,0
173,6,5853,1,0
173,7,14410,1,0
173,8,10613,1,0
173,9,9513,1,0
173,10,11518,1,0
173,11,14042,1,0
173,12,7824,1,0
173,13,8391,1,0
173,14,12790,1,0
173,15,5969,1,0
173,16,11006,1,0
173,17,9312,1,0
173,18,11431,1,0
173,19,12852,1,0
173,20,12177,1,0
173,21,8018,1,0
173,22,39282,1,0
173,23,9355,1,0
173,24,10460,1,0
173,25,6483,1,0
173,26,31859,1,0
173,27,7339,1,0
173,28,10850,0,8
173,29,9304,0,8
173,30,12779,0,8
173,31,8705,1,0
173,32,14748,0,8
173,33,6037,1,0
173,34,12025,0,8
173,35,10013,0,8
173,36,13008,0,8
173,37,6781,1,0
173,38,9074,1,0
173,39,9497,0,8
173,40,12972,1,0
173,41,9511,0,8
173,42,19973,0,8
173,43,10136,0,8
173,44,10799,0,8
173,45,8203,1,0
173,46,11823,0,8
173,47,11147,0,8
173,48,11450,0,8
173,49,11508,0,8
173,50,10384,0,8
173,51,8320,0,8
173,52,10849,1,0
173,53,11126,0,8
173,54,10698,1,0
173,55,10552,0,8
173,56,10780,0,8
173,57,13042,0,8
173,58,7070,0,8
173,59,9383,0,8
174,0,121948,1,0
174,1,12887,1,0
174,2,13663,1,0
174,3,13203,1,0
174,4,12322,1,0
174,5,8560,1,0
174,6,7440,1,0
174,7,8618,1,0
174,8,14596,1,0
174,9,12808,1,0
174,10,10742,1,0
174,11,9478,1,0
174,12,16096,1,0
174,13,11155,1,0
174,14,9877,1,0
174,15,9786,1,0
174,16,7673,1,0
174,17,9305,1,0
174,18,8558,1,0
174,19,6572,1,0
174,20,13089,1,0
174,21,14561,1,0
174,22,40188,1,0
174,23,13174,1,0
174,24,10344,1,0
174,25,12045,1,0
174,26,31158,1,0
174,27,10099,1,0
174,28,4261,1,0
174,29,8678,1,0
174,30,9227,0,8
174,31,9940,1,0
174,32,15682,1,0
174,33,10826,0,8
174,34,13354,0,8
174,35,8760,0,8
174,36,4731,1,0
174,37,8673,1,0
174,38,8490,0,8
174,39,5036,1,0
174,40,18960,0,8
174,41,10503,1,0
174,42,20690,0,8
174,43,9621,1,0
174,44,11996,0,8
174,45,8296,0,8
174,46,10846,0,8
174,47,7214,0,8
174,48,12527,0,8
174,49,13900,0,8
174,50,9654,1,0
174,51,11113,0,8
174,52,9908,1,0
174,53,9355,1,0
174,54,10846,0,8
174,55,11885,0,8
174,56,7935,1,0
174,57,8887,1,0
174,58,12050,0,8
174,59,12530,0,8
175,0,121722,1,0
175,1,15434,1,0
175,2,21703,1,0
175,3,6420,1,0
175,4,11374,1,0
175,5,6534,1,0
175,6,13678,1,0
175,7,12518,1,0
175,8,10420,1,0
175,9,15065,1,0
175,10,10468,1,0
175,11,7624,1,0
175,12,10964,1,0
175,13,13445,1,0
175,14,9154,1,0
175,15,8886,1,0
175,16,5069,1,0
175,17,10556,1,0
175,18,9165,1,0
175,19,9359,1,0
175,20,13211,1,0
175,21,13677,1,0
175,22,48890,1,0
175,23,5985,1,0
175,24,20527,1,0
175,25,8528,1,0
175,26,33110,1,0
175,27,8269,1,0
175,28,5932,1,0
175,29,8342,1,0
175,30,5350,1,0
175,31,9320,0,8
175,32,11099,1,0
175,33,6918,1,0
175,34,9162,1,0
175,35,3761,1,0
175,36,5204,1,0
175,37,11092,0,8
175,38,8439,1,0
175,39,7637,1,0
175,40,9302,1,0
175,41,13365,0,8
175,42,20009,0,8
175,43,9766,1,0
175,44,11427,0,8
175,45,9864,0,8
175,46,9626,1,0
175,47,13058,0,8
175,48,9772,1,0
175,49,9025,0,8
175,50,7567,1,0
175,51,8999,0,8
175,52,6678,1,0
175,53,10235,1,0
175,54,3204,1,0
175,55,10314,0,8
175,56,10222,0,8
175,57,9681,0,8
175,58,8757,0,8
175,59,17324,0,8
176,0,121792,1,0
176,1,15646,1,0
176,2,11706,1,0
176,3,12521,1,0
176,4,5437,1,0
176,5,10021,1,0
176,6,13876,1,0
176,7,11577,1,0
176,8,13152,1,0
176,9,10639,1,0
176,10,14128,1,0
176,11,12856,1,0
176,12,15632,1,0
176,13,7766,1,0
176,14,9737,1,0
176,15,12018,1,0
176,16,7628,1,0
176,17,11681,1,0
176,18,9818,1,0
176,19,8481,1,0
176,20,11800,1,0
176,21,12646,1,0
176,22,39451,1,0
176,23,10775,0,8
176,24,11463,0,8
176,25,8875,1,0
176,26,37004,0,8
176,27,7141,0,8
176,28,10873,0,8
176,29,8330,0,8
176,30,8517,0,8
176,31,14608,0,8
176,32,15762,1,0
176,33,3477,1,0
176,34,7147,1,0
176,35,13463,0,8
176,36,4972,1,0
176,37,14495,0,8
176,38,7733,0,8
176,39,10255,0,8
176,40,16728,0,8
176,41,8571,1,0
176,42,19576,0,8
176,43,12043,0,8
176,44,10711,0,8
176,45,11839,0,8
176,46,10881,0,8
176,47,12373,0,8
176,48,9549,0,8
176,49,13613,0,8
176,50,4149,1,0
176,51,11180,0,8
176,52,13669,0,8
176,53,4805,1,0
176,54,9242,0,8
176,55,4906,1,0
176,56,9479,0,8
176,57,12784,0,8
176,58,5532,1,0
176,59,6342,1,0
177,0,121553,1,0
177,1,13036,1,0
177,2,16591,1,0
177,3,10331,1,0
177,4,15152,1,0
177,5,7494,1,0
177,6,14547,1,0
177,7,13387,1,0
177,8,12949,1,0
177,9,11667,1,0
177,10,13932,1,0
177,11,10381,1,0
177,12,11812,1,0
177,13,11836,1,0
177,14,11284,1,0
177,15,14344,1,0
177,16,8988,1,0
177,17,7039,1,0
177,18,12343,1,0
177,19,13931,1,0
177,20,15702,1,0
177,21,9065,1,0
177,22,49751,1,0
177,23,13834,1,0
177,24,19524,1,0
177,25,15095,1,0
177,26,33148,1,0
177,27,4810,1,0
177,28,13567,0,8
177,29,11075,0,8
177,30,10734,0,8
177,31,13754,0,8
177,32,16018,0,8
177,33,5435,1,0
177,34,14484,0,8
177,35,8352,0,8
177,36,10775,0,8
177,37,14889,0,8
177,38,10678,0,8
177,39,9559,0,8
177,40,18645,0,8
177,41,10386,1,0
177,42,9574,1,0
177,43,6005,1,0
177,44,14432,0,8
177,45,3467,1,0
177,46,8704,0,8
177,47,8025,0,8
177,48,14087,0,8
177,49,14376,0,8
177,50,11755,0,8
177,51,10257,0,8
177,52,13804,0,8
177,53,11177,0,8
177,54,11731,0,8
177,55,6228,1,0
177,56,13319,0,8
177,57,6028,1,0
177,58,4239,1,0
177,59,6643,1,0
178,0,121583,1,0
178,1,12953,1,0
178,2,20775,1,0
178,3,9043,1,0
178,4,7521,1,0
178,5,15899,1,0
178,6,8482,1,0
178,7,14126,1,0
178,8,12818,1,0
178,9,13712,1,0
178,10,8692,1,0
178,11,12368,1,0
178,12,14380,1,0
178,13,5080,1,0
178,14,6673,1,0
178,15,14563,1,0
178,16,11076,1,0
178,17,10721,1,0
178,18,10855,1,0
178,19,7761,1,0
178,20,7336,1,0
178,21,12922,1,0
178,22,52195,1,0
178,23,14175,1,0
178,24,11429,1,0
178,25,6023,1,0
178,26,35175,0,8
178,27,8918,0,8
178,28,10978,0,8
178,29,11394,0,8
178,30,11988,0,8
178,31,15272,0,8
178,32,17112,0,8
178,33,5345,1,0
178,34,15164,0,8
178,35,14238,0,8
178,36,11949,0,8
178,37,15724,0,8
178,38,10499,0,8
178,39,12123,0,8
178,40,19040,0,8
178,41,12897,0,8
178,42,8534,1,0
178,43,10294,0,8
178,44,16595,0,8
178,45,10453,0,8
178,46,9348,0,8
178,47,8543,0,8
178,48,14083,0,8
178,49,6596,1,0
178,50,11158,0,8
178,51,12733,0,8
178,52,14743,0,8
178,53,12254,0,8
178,54,13505,0,8
178,55,11658,0,8
178,56,6550,1,0
178,57,8839,0,8
178,58,12019,0,8
178,59,9100,1,0
179,0,121743,1,0
179,1,9824,1,0
179,2,17594,1,0
179,3,5152,1,0
179,4,12547,1,0
179,5,13693,1,0
179,6,14695,1,0
179,7,8919,1,0
179,8,11455,1,0
179,9,9345,1,0
179,10,9069,1,0
179,11,12529,1,0
179,12,12357,1,0
179,13,12237,1,0
179,14,7151,1,0
179,15,14593,1,0
179,16,9829,1,0
179,17,12809,1,0
179,18,12283,1,0
179,19,13966,1,0
179,20,13997,1,0
179,21,14865,1,0
179,22,52143,0,8
179,23,6553,1,0
179,24,18415,0,8
179,25,16520,0,8
179,26,35903,0,8
179,27,6547,1,0
179,28,13644,0,8
179,29,3039,1,0
179,30,7608,1,0
179,31,15653,0,8
179,32,18143,0,8
179,33,11231,0,8
179,34,12053,0,8
179,35,4186,1,0
179,36,9016,0,8
179,37,11282,0,8
179,38,13077,0,8
179,39,12184,0,8
179,40,19352,0,8
179,41,9962,0,8
179,42,5946,0,8
179,43,11614,0,8
179,44,14676,0,8
179,45,14135,0,8
179,46,7294,0,8
179,47,13115,0,8
179,48,11407,0,8
179,49,11835,0,8
179,50,8744,0,8
179,51,7911,0,8
179,52,10580,0,8
179,53,4969,1,0
179,54,11749,0,8
179,55,11550,0,8
179,56,12731,0,8
179,57,12126,0,8
179,58,8013,0,8
179,59,18627,0,8
180,0,122168,1,0
180,1,14413,1,0
180,2,11862,1,0
180,3,7512,1,0
180,4,12237,1,0
180,5,12069,1,0
180,6,14539,1,0
180,7,7507,1,0
180,8,10400,1,0
180,9,11516,1,0
180,10,9672,1,0
180,11,6817,1,0
180,12,12339,1,0
180,13,4532,1,0
180,14,9766,1,0
180,15,9334,1,0
180,16,9869,1,0
180,17,9287,1,0
180,18,8346,1,0
180,19,6585,1,0
180,20,12159,1,0
180,21,11891,1,0
180,22,40140,1,0
180,23,9374,0,8
180,24,2858,1,0
180,25,10525,0,8
180,26,32880,0,8
180,27,12964,0,8
180,28,7288,0,8
180,29,7442,1,0
180,30,3298,1,0
180,31,9315,0,8
180,32,11057,1,0
180,33,11911,0,8
180,34,7932,1,0
180,35,8350,0,8
180,36,6421,1,0
180,37,8885,1,0
180,38,8606,0,8
180,39,7947,0,8
180,40,10595,1,0
180,41,10087,1,0
180,42,10702,0,8
180,43,7003,1,0
180,44,10401,0,8
180,45,13675,0,8
180,46,7454,0,8
180,47,10556,0,8
180,48,8645,0,8
180,49,12764,0,8
180,50,7055,1,0
180,51,8272,0,8
180,52,12328,0,8
180,53,9252,0,8
180,54,7187,0,8
180,55,12429,0,8
180,56,9285,0,8
180,57,4586,1,0
180,58,7349,0,8
180,59,19426,0,8
181,0,121965,1,0
181,1,19529,1,0
181,2,22996,1,0
181,3,5467,1,0
181,4,15427,1,0
181,5,13795,1,0
181,6,7662,1,0
181,7,8745,1,0
181,8,9535,1,0
181,9,13107,1,0
181,10,14276,1,0
181,11,9455,1,0
181,12,11006,1,0
181,13,11198,1,0
181,14,9819,1,0
181,15,6062,1,0
181,16,11977,1,0
181,17,11747,1,0
181,18,11288,1,0
181,19,9168,1,0
181,20,12205,1,0
181,21,7450,1,0
181,22,48778,1,0
181,23,10493,1,0
181,24,10336,1,0
181,25,14055,1,0
181,26,30684,1,0
181,27,13257,0,8
181,28,12086,0,8
181,29,10199,0,8
181,30,9021,0,8
181,31,4143,1,0
181,32,18676,0,8
181,33,10250,1,0
181,34,6487,1,0
181,35,10152,0,8
181,36,8656,0,8
181,37,9257,1,0
181,38,7710,1,0
181,39,10277,0,8
181,40,19166,0,8
181,41,12090,0,8
181,42,11091,1,0
181,43,11845,0,8
181,44,8089,1,0
181,45,6595,1,0
181,46,11417,0,8
181,47,9811,1,0
181,48,6643,1,0
181,49,11429,0,8
181,50,9188,0,8
181,51,9885,0,8
181,52,16852,0,8
181,53,9461,1,0
181,54,10910,0,8
181,55,7012,1,0
181,56,6177,1,0
181,57,6111,1,0
181,58,8116,1,0
181,59,7819,1,0
182,0,121848,1,0
182,1,14302,1,0
182,2,19267,1,0
182,3,8013,1,0
182,4,12363,1,0
182,5,13292,1,0
182,6,13523,1,0
182,7,14085,1,0
182,8,9730,1,0
182,9,10571,1,0
182,10,11519,1,0
182,11,12852,1,0
182,12,13465,1,0
182,13,8589,1,0
182,14,9909,1,0
182,15,9788,1,0
182,16,12271,1,0
182,17,6226,1,0
182,18,10582,1,0
182,19,14202,1,0
182,20,6918,1,0
182,21,10219,1,0
182,22,39192,1,0
182,23,6412,1,0
182,24,6596,1,0
182,25,11135,1,0
182,26,36818,1,0
182,27,15376,1,0
182,28,10300,1,0
182,29,8512,1,0
182,30,11702,1,0
182,31,15250,1,0
182,32,17479,0,8
182,33,11296,0,8
182,34,12153,0,8
182,35,9934,0,8
182,36,10542,0,8
182,37,12793,1,0
182,38,11569,0,8
182,39,8368,0,8
182,40,14425,1,0
182,41,13696,0,8
182,42,7939,1,0
182,43,9830,1,0
182,44,14058,0,8
182,45,11808,0,8
182,46,10777,0,8
182,47,7368,1,0
182,48,11154,0,8
182,49,12487,0,8
182,50,10771,0,8
182,51,5978,1,0
182,52,12799,0,8
182,53,11160,0,8
182,54,10958,1,0
182,55,13068,0,8
182,56,9305,0,8
182,57,13480,0,8
182,58,4552,1,0
182,59,19739,0,8
183,0,121928,1,0
183,1,9586,1,0
183,2,16064,1,0
183,3,10441,1,0
183,4,9429,1,0
183,5,11772,1,0
183,6,13717,1,0
183,7,9073,1,0
183,8,14881,1,0
183,9,9185,1,0
183,10,7604,1,0
183,11,7169,1,0
183,12,12740,1,0
183,13,12068,1,0
183,14,12727,1,0
183,15,13645,1,0
183,16,9113,1,0
183,17,10459,1,0
183,18,7382,1,0
183,19,14530,1,0
183,20,16010,1,0
183,21,7117,1,0
183,22,48472,1,0
183,23,10412,0,8
183,24,7901,0,8
183,25,9705,0,8
183,26,36270,0,8
183,27,9523,0,8
183,28,6751,0,8
183,29,10287,0,8
183,30,9056,0,8
183,31,9698,0,8
183,32,9338,1,0
183,33,7304,0,8
183,34,9192,0,8
183,35,9989,0,8
183,36,9883,0,8
183,37,13696,0,8
183,38,9114,0,8
183,39,10194,0,8
183,40,9431,1,0
183,41,13831,0,8
183,42,20740,0,8
183,43,12434,0,8
183,44,11846,0,8
183,45,12414,0,8
183,46,10594,0,8
183,47,12094,0,8
183,48,9622,0,8
183,49,11522,0,8
183,50,6649,1,0
183,51,7711,1,0
183,52,6875,1,0
183,53,10171,0,8
183,54,6514,1,0
183,55,10479,0,8
183,56,12480,0,8
183,57,12956,0,8
183,58,6715,0,8
183,59,10826,0,8
184,0,122074,1,0
184,1,19098,1,0
184,2,9730,1,0
184,3,6508,1,0
184,4,8482,1,0
184,5,14140,1,0
184,6,12537,1,0
184,7,9577,1,0
184,8,10508,1,0
184,9,13211,1,0
184,10,9359,1,0
184,11,7606,1,0
184,12,15410,1,0
184,13,4518,1,0
184,14,9155,1,0
184,15,14523,1,0
184,16,10170,1,0
184,17,6536,1,0
184,18,7384,1,0
184,19,14938,1,0
184,20,12292,1,0
184,21,11820,1,0
184,22,47187,1,0
184,23,8930,0,8
184,24,5638,1,0
184,25,14760,0,8
184,26,35588,0,8
184,27,9469,0,8
184,28,8791,0,8
184,29,9457,0,8
184,30,8384,1,0
184,31,7644,1,0
184,32,7655,1,0
184,33,3662,1,0
184,34,11381,0,8
184,35,10051,0,8
184,36,9694,0,8
184,37,8206,1,0
184,38,13174,0,8
184,39,5924,1,0
184,40,16951,0,8
184,41,10082,0,8
184,42,23196,0,8
184,43,7610,0,8
184,44,10527,0,8
184,45,9728,0,8
184,46,11695,0,8
184,47,9483,0,8
184,48,6652,1,0
184,49,7004,1,0
184,50,12230,0,8
184,51,7043,1,0
184,52,8660,1,0
184,53,8410,0,8
184,54,4706,1,0
184,55,12360,0,8
184,56,6869,1,0
184,57,12762,0,8
184,58,5388,1,0
184,59,19136,0,8
185,0,122271,1,0
185,1,11506,1,0
185,2,5472,1,0
185,3,4726,1,0
185,4,9350,1,0
185,5,6860,1,0
185,6,11736,1,0
185,7,15166,1,0
185,8,7362,1,0
185,9,7769,1,0
185,10,7178,1,0
185,11,8361,1,0
185,12,14700,1,0
185,13,7703,1,0
185,14,5407,1,0
185,15,9247,1,0
185,16,4400,1,0
185,17,7277,1,0
185,18,6172,1,0
185,19,9331,1,0
185,20,11321,1,0
185,21,14771,1,0
185,22,45330,1,0
185,23,4526,1,0
185,24,20123,0,8
185,25,12111,0,8
185,26,32426,1,0
185,27,9754,0,8
185,28,7302,0,8
185,29,9302,0,8
185,30,8989,0,8
185,31,3624,1,0
185,32,15248,1,0
185,33,10418,0,8
185,34,4788,1,0
185,35,3809,1,0
185,36,6955,0,8
185,37,5968,1,0
185,38,4089,1,0
185,39,8375,0,8
185,40,18943,0,8
185,41,6027,1,0
185,42,19635,0,8
185,43,7203,1,0
185,44,5007,1,0
185,45,11642,0,8
185,46,9912,0,8
185,47,9689,0,8
185,48,7561,1,0
185,49,7170,1,0
185,50,5260,1,0
185,51,11640,0,8
185,52,6188,1,0
185,53,4730,1,0
185,54,7147,0,8
185,55,10463,0,8
185,56,5885,1,0
185,57,8290,1,0
185,58,10524,0,8
185,59,7386,0,8
186,0,122016,1,0
186,1,11490,1,0
186,2,17197,1,0
186,3,5310,1,0
186,4,11135,1,0
186,5,11697,1,0
186,6,4546,1,0
186,7,16093,1,0
186,8,8133,1,0
186,9,8879,1,0
186,10,15441,1,0
186,11,13100,1,0
186,12,13963,1,0
186,13,7004,1,0
186,14,9623,1,0
186,15,8971,1,0
186,16,9694,1,0
186,17,8730,1,0
186,18,4197,1,0
186,19,13173,1,0
186,20,11389,1,0
186,21,6556,1,0
186,22,44408,1,0
186,23,10242,1,0
186,24,10592,1,0
186,25,10621,1,0
186,26,28990,1,0
186,27,9955,0,8
186,28,7418,1,0
186,29,5679,1,0
186,30,7112,0,8
186,31,13223,0,8
186,32,14680,1,0
186,33,6490,1,0
186,34,6460,1,0
186,35,5538,1,0
186,36,11929,0,8
186,37,6155,1,0
186,38,11357,0,8
186,39,6180,1,0
186,40,2946,1,0
186,41,10671,1,0
186,42,22249,0,8
186,43,8962,1,0
186,44,5610,1,0
186,45,3694,1,0
186,46,11649,0,8
186,47,8707,0,8
186,48,13115,0,8
186,49,6493,1,0
186,50,5507,1,0
186,51,4748,1,0
186,52,6223,1,0
186,53,10392,1,0
186,54,7972,1,0
186,55,6035,1,0
186,56,6398,1,0
186,57,6134,1,0
186,58,5842,1,0
186,59,4380,1,0
187,0,122056,1,0
187,1,11353,1,0
187,2,12121,1,0
187,3,4787,1,0
187,4,12481,1,0
187,5,10144,1,0
187,6,10135,1,0
187,7,14674,1,0
187,8,7020,1,0
187,9,8443,1,0
187,10,7693,1,0
187,11,8052,1,0
187,12,16923,1,0
187,13,12277,1,0
187,14,7643,1,0
187,15,14644,1,0
187,16,10359,1,0
187,17,13095,1,0
187,18,8593,1,0
187,19,11462,1,0
187,20,7281,1,0
187,21,9163,1,0
187,22,48925,1,0
187,23,10466,1,0
187,24,7938,1,0
187,25,7524,1,0
187,26,29620,1,0
187,27,13230,0,8
187,28,7988,1,0
187,29,9538,1,0
187,30,7133,1,0
187,31,9190,1,0
187,32,9684,1,0
187,33,9739,1,0
187,34,6075,1,0
187,35,10210,0,8
187,36,13086,0,8
187,37,13792,0,8
187,38,11722,0,8
187,39,10739,0,8
187,40,16882,0,8
187,41,14560,0,8
187,42,22309,0,8
187,43,15102,0,8
187,44,9553,0,8
187,45,2859,1,0
187,46,11594,0,8
187,47,11258,0,8
187,48,7207,1,0
187,49,6366,1,0
187,50,10028,0,8
187,51,5194,1,0
187,52,15208,0,8
187,53,11268,0,8
187,54,7348,1,0
187,55,11670,0,8
187,56,5409,1,0
187,57,6120,1,0
187,58,6256,1,0
187,59,7717,1,0
188,0,122083,1,0
188,1,11434,1,0
188,2,6046,1,0
188,3,10299,1,0
188,4,9941,1,0
188,5,13535,1,0
188,6,12284,1,0
188,7,6822,1,0
188,8,9027,1,0
188,9,15226,1,0
188,10,8294,1,0
188,11,6870,1,0
188,12,8970,1,0
188,13,3099,1,0
188,14,8998,1,0
188,15,9293,1,0
188,16,7410,1,0
188,17,9018,1,0
188,18,6498,1,0
188,19,11873,1,0
188,20,9523,1,0
188,21,7706,1,0
188,22,44296,1,0
188,23,11575,1,0
188,24,7046,1,0
188,25,14394,1,0
188,26,35162,1,0
188,27,5055,1,0
188,28,8593,1,0
188,29,8194,1,0
188,30,5463,1,0
188,31,14257,1,0
188,32,18468,1,0
188,33,9565,1,0
188,34,9684,1,0
188,35,8861,1,0
188,36,6354,1,0
188,37,13554,1,0
188,38,7743,1,0
188,39,5148,1,0
188,40,11152,1,0
188,41,10108,1,0
188,42,21688,1,0
188,43,10256,0,8
188,44,9415,1,0
188,45,11740,0,8
188,46,8365,1,0
188,47,11461,0,8
188,48,9800,1,0
188,49,11664,1,0
188,50,11457,1,0
188,51,6898,1,0
188,52,16791,0,8
188,53,13680,1,0
188,54,2845,1,0
188,55,4922,1,0
188,56,12083,0,8
188,57,8697,1,0
188,58,11456,1,0
188,59,11615,1,0
189,0,122230,1,0
189,1,10567,1,0
189,2,19443,1,0
189,3,9020,1,0
189,4,10980,1,0
189,5,13609,1,0
189,6,14554,1,0
189,7,14438,1,0
189,8,13903,1,0
189,9,8791,1,0
189,10,11292,1,0
189,11,9882,1,0
189,12,16040,1,0
189,13,9999,1,0
189,14,12608,1,0
189,15,9899,1,0
189,16,7597,1,0
189,17,13535,1,0
189,18,5832,1,0
189,19,8051,1,0
189,20,6370,1,0
189,21,14479,1,0
189,22,49738,1,0
189,23,10182,1,0
189,24,8927,1,0
189,25,12227,1,0
189,26,33908,1,0
189,27,15567,1,0
189,28,6656,1,0
189,29,8286,1,0
189,30,8266,1,0
189,31,9928,1,0
189,32,7500,1,0
189,33,10657,1,0
189,34,11543,1,0
189,35,13584,1,0
189,36,10275,1,0
189,37,13739,1,0
189,38,7870,1,0
189,39,7727,1,0
189,40,16436,1,0
189,41,8800,1,0
189,42,18053,1,0
189,43,9689,0,8
189,44,4235,1,0
189,45,4498,1,0
189,46,12681,0,8
189,47,12288,0,8
189,48,11148,1,0
189,49,12466,1,0
189,50,5369,1,0
189,51,11202,0,8
189,52,13171,1,0
189,53,12347,1,0
189,54,9195,0,8
189,55,13191,0,8
189,56,10162,1,0
189,57,5639,1,0
189,58,8663,1,0
189,59,20401,0,8
190,0,122195,1,0
190,1,13184,1,0
190,2,21627,1,0
190,3,7162,1,0
190,4,12717,1,0
190,5,9962,1,0
190,6,7467,1,0
190,7,7614,1,0
190,8,10411,1,0
190,9,13776,1,0
190,10,12809,1,0
190,11,9692,1,0
190,12,9496,1,0
190,13,10093,1,0
190,14,13200,1,0
190,15,12454,1,0
190,16,10923,1,0
190,17,13036,1,0
190,18,6839,1,0
190,19,8277,1,0
190,20,9734,1,0
190,21,6789,1,0
190,22,49742,1,0
190,23,10947,1,0
190,24,9718,1,0
190,25,11301,1,0
190,26,31903,1,0
190,27,8252,1,0
190,28,9017,1,0
190,29,10172,1,0
190,30,11863,1,0
190,31,14580,1,0
190,32,12569,0,8
190,33,10250,0,8
190,34,8715,1,0
190,35,10279,0,8
190,36,12137,0,8
190,37,7492,1,0
190,38,6668,1,0
190,39,7903,1,0
190,40,16454,0,8
190,41,8035,1,0
190,42,7847,1,0
190,43,11573,0,8
190,44,14942,0,8
190,45,14630,0,8
190,46,8255,1,0
190,47,10591,0,8
190,48,9765,1,0
190,49,9358,1,0
190,50,8118,1,0
190,51,10527,0,8
190,52,8304,1,0
190,53,9189,1,0
190,54,11066,0,8
190,55,11921,0,8
190,56,7388,1,0
190,57,7038,0,8
190,58,10939,0,8
190,59,9174,1,0
191,0,122968,1,0
191,1,18859,1,0
191,2,13806,1,0
191,3,5681,1,0
191,4,10667,1,0
191,5,14025,1,0
191,6,8195,1,0
191,7,10339,1,0
191,8,14807,1,0
191,9,12768,1,0
191,10,6793,1,0
191,11,12410,1,0
191,12,10016,1,0
191,13,10069,1,0
191,14,9950,1,0
191,15,12302,1,0
191,16,8959,1,0
191,17,9592,1,0
191,18,8288,1,0
191,19,14250,1,0
191,20,16459,1,0
191,21,13433,1,0
191,22,49114,1,0
191,23,10967,1,0
191,24,16941,1,0
191,25,9692,1,0
191,26,30439,1,0
191,27,8380,1,0
191,28,9798,0,8
191,29,9562,1,0
191,30,11163,0,8
191,31,15602,0,8
191,32,15299,0,8
191,33,10228,1,0
191,34,8142,1,0
191,35,8298,0,8
191,36,7220,1,0
191,37,15455,0,8
191,38,11712,0,8
191,39,8259,1,0
191,40,13390,0,8
191,41,12495,0,8
191,42,8817,0,8
191,43,11303,1,0
191,44,14118,1,0
191,45,3438,1,0
191,46,12070,0,8
191,47,13082,0,8
191,48,12798,0,8
191,49,7393,0,8
191,50,8025,0,8
191,51,10504,0,8
191,52,13549,0,8
191,53,5851,1,0
191,54,8300,1,0
191,55,5012,1,0
191,56,9861,1,0
191,57,11801,0,8
191,58,8714,0,8
191,59,9835,1,0
192,0,123163,1,0
192,1,9869,1,0
192,2,5340,1,0
192,3,7679,1,0
192,4,5468,1,0
192,5,5849,1,0
192,6,4590,1,0
192,7,5426,1,0
192,8,7370,1,0
192,9,7933,1,0
192,10,2487,1,0
192,11,5042,1,0
192,12,7426,1,0
192,13,5619,1,0
192,14,7360,1,0
192,15,6939,1,0
192,16,8690,1,0
192,17,7570,1,0
192,18,9382,1,0
192,19,11106,1,0
192,20,11435,1,0
192,21,8306,1,0
192,22,39419,1,0
192,23,5773,1,0
192,24,2303,1,0
192,25,2402,1,0
192,26,35427,0,8
192,27,2866,1,0
192,28,5635,1,0
192,29,2150,1,0
192,30,2935,1,0
192,31,14861,0,8
192,32,9254,1,0
192,33,9135,0,8
192,34,6861,1,0
192,35,2325,1,0
192,36,4589,1,0
192,37,7438,1,0
192,38,3363,1,0
192,39,2907,1,0
192,40,11269,1,0
192,41,7617,1,0
192,42,3769,1,0
192,43,1248,1,0
192,44,4325,1,0
192,45,6967,1,0
192,46,4271,1,0
192,47,5522,1,0
192,48,6866,1,0
192,49,6301,1,0
192,50,5383,1,0
192,51,6212,1,0
192,52,16128,0,8
192,53,4068,1,0
192,54,7245,1,0
192,55,9630,0,8
192,56,5507,1,0
192,57,5844,1,0
192,58,6717,1,0
192,59,16464,0,8
193,0,122916,1,0
193,1,11768,1,0
193,2,9017,1,0
193,3,13334,1,0
193,4,15131,1,0
193,5,7585,1,0
193,6,7495,1,0
193,7,4932,1,0
193,8,14797,1,0
193,9,15099,1,0
193,10,14601,1,0
193,11,10904,1,0
193,12,15041,1,0
193,13,13494,1,0
193,14,12715,1,0
193,15,14625,1,0
193,16,11928,1,0
193,17,11830,1,0
193,18,12724,1,0
193,19,14621,1,0
193,20,15940,1,0
193,21,8560,1,0
193,22,50995,0,8
193,23,14117,0,8
193,24,10890,1,0
193,25,6487,1,0
193,26,35849,0,8
193,27,5803,1,0
193,28,11673,0,8
193,29,12686,0,8
193,30,10429,0,8
193,31,15959,0,8
193,32,19961,0,8
193,33,11358,0,8
193,34,13527,0,8
193,35,13674,0,8
193,36,11460,0,8
193,37,10065,0,8
193,38,10404,0,8
193,39,10269,0,8
193,40,19098,0,8
193,41,11951,0,8
193,42,7491,0,8
193,43,10035,0,8
193,44,14948,0,8
193,45,10429,1,0
193,46,9387,0,8
193,47,13210,0,8
193,48,7451,1,0
193,49,11772,0,8
193,50,12492,0,8
193,51,10593,0,8
193,52,15271,0,8
193,53,12286,0,8
193,54,12925,0,8
193,55,8406,1,0
193,56,13282,0,8
193,57,10742,0,8
193,58,4327,1,0
193,59,10268,0,8
194,0,122873,1,0
194,1,12970,1,0
194,2,8884,1,0
194,3,5879,1,0
194,4,15278,1,0
194,5,15726,1,0
194,6,8135,1,0
194,7,8642,1,0
194,8,14086,1,0
194,9,5295,1,0
194,10,8271,1,0
194,11,11294,1,0
194,12,13753,1,0
194,13,12080,1,0
194,14,6713,1,0
194,15,9799,1,0
194,16,11361,1,0
194,17,7163,1,0
194,18,7640,1,0
194,19,12998,1,0
194,20,15739,1,0
194,21,12870,1,0
194,22,50870,1,0
194,23,6956,1,0
194,24,19530,1,0
194,25,7900,1,0
194,26,34454,1,0
194,27,8120,1,0
194,28,10697,1,0
194,29,12660,1,0
194,30,6060,1,0
194,31,6727,1,0
194,32,17352,1,0
194,33,5542,1,0
194,34,13577,1,0
194,35,13858,1,0
194,36,5128,1,0
194,37,8402,1,0
194,38,5155,1,0
194,39,11441,1,0
194,40,13234,1,0
194,41,9495,1,0
194,42,18888,1,0
194,43,11658,0,8
194,44,16356,0,8
194,45,6039,1,0
194,46,4953,1,0
194,47,5809,1,0
194,48,5894,1,0
194,49,12602,0,8
194,50,12913,0,8
194,51,10743,1,0
194,52,5952,1,0
194,53,12206,1,0
194,54,4568,1,0
194,55,6562,1,0
194,56,6571,1,0
194,57,10986,1,0
194,58,11002,1,0
194,59,10485,1,0
195,0,122943,1,0
195,1,16698,1,0
195,2,13914,1,0
195,3,8533,1,0
195,4,13610,1,0
195,5,15043,1,0
195,6,13923,1,0
195,7,11595,1,0
195,8,10587,1,0
195,9,7676,1,0
195,10,7584,1,0
195,11,10606,1,0
195,12,16123,1,0
195,13,10398,1,0
195,14,7055,1,0
195,15,14561,1,0
195,16,7596,1,0
195,17,6428,1,0
195,18,6090,1,0
195,19,14309,1,0
195,20,13138,1,0
195,21,11666,1,0
195,22,48883,0,8
195,23,13111,0,8
195,24,17433,1,0
195,25,5858,1,0
195,26,34230,0,8
195,27,12638,0,8
195,28,13558,0,8
195,29,11789,0,8
195,30,8125,1,0
195,31,13106,0,8
195,32,11989,1,0
195,33,10525,0,8
195,34,13593,0,8
195,35,8365,1,0
195,36,9832,0,8
195,37,14451,0,8
195,38,10817,0,8
195,39,12158,0,8
195,40,14139,0,8
195,41,6168,1,0
195,42,4514,1,0
195,43,10440,0,8
195,44,9413,0,8
195,45,11781,0,8
195,46,10008,0,8
195,47,8560,0,8
195,48,11331,0,8
195,49,6979,1,0
195,50,7957,0,8
195,51,10545,0,8
195,52,11373,0,8
195,53,13822,0,8
195,54,9009,0,8
195,55,13122,0,8
195,56,5264,1,0
195,57,9746,0,8
195,58,6108,0,8
195,59,19205,0,8
196,0,123118,1,0
196,1,16641,1,0
196,2,6892,1,0
196,3,11156,1,0
196,4,8196,1,0
196,5,15016,1,0
196,6,13026,1,0
196,7,11450,1,0
196,8,11763,1,0
196,9,10604,1,0
196,10,7326,1,0
196,11,8498,1,0
196,12,16630,1,0
196,13,8814,1,0
196,14,11518,1,0
196,15,11230,1,0
196,16,9458,1,0
196,17,6443,1,0
196,18,4214,1,0
196,19,12957,1,0
196,20,12014,1,0
196,21,9252,1,0
196,22,39286,1,0
196,23,9063,1,0
196,24,9947,1,0
196,25,6618,1,0
196,26,35956,1,0
196,27,9415,1,0
196,28,7854,1,0
196,29,8154,1,0
196,30,12824,1,0
196,31,15582,1,0
196,32,9010,1,0
196,33,10486,1,0
196,34,12078,1,0
196,35,9668,1,0
196,36,10260,1,0
196,37,8805,1,0
196,38,7827,1,0
196,39,5294,1,0
196,40,19245,0,8
196,41,10190,1,0
196,42,7157,1,0
196,43,7166,1,0
196,44,14485,0,8
196,45,12579,0,8
196,46,10002,1,0
196,47,11421,1,0
196,48,11571,0,8
196,49,11196,0,8
196,50,9074,0,8
196,51,7773,1,0
196,52,9508,1,0
196,53,10179,0,8
196,54,10434,0,8
196,55,10538,1,0
196,56,5658,1,0
196,57,13531,0,8
196,58,9208,1,0
196,59,10761,1,0
197,0,123091,1,0
197,1,18700,1,0
197,2,16150,1,0
197,3,8386,1,0
197,4,11084,1,0
197,5,10223,1,0
197,6,13704,1,0
197,7,8561,1,0
197,8,10952,1,0
197,9,15281,1,0
197,10,9288,1,0
197,11,9066,1,0
197,12,14375,1,0
197,13,11279,1,0
197,14,10706,1,0
197,15,14824,1,0
197,16,8400,1,0
197,17,10879,1,0
197,18,8635,1,0
197,19,12882,1,0
197,20,10937,1,0
197,21,13741,1,0
197,22,49675,1,0
197,23,14274,1,0
197,24,10629,1,0
197,25,8132,1,0
197,26,33161,1,0
197,27,15149,1,0
197,28,8245,1,0
197,29,6100,1,0
197,30,7610,1,0
197,31,12664,1,0
197,32,16239,0,8
197,33,5215,1,0
197,34,10959,1,0
197,35,3746,1,0
197,36,12909,0,8
197,37,14646,0,8
197,38,10970,0,8
197,39,9555,0,8
197,40,15118,1,0
197,41,13577,0,8
197,42,6438,1,0
197,43,11497,0,8
197,44,3743,1,0
197,45,8252,1,0
197,46,12048,0,8
197,47,12655,0,8
197,48,14135,0,8
197,49,9096,1,0
197,50,10540,0,8
197,51,5500,1,0
197,52,8277,1,0
197,53,11186,0,8
197,54,12262,0,8
197,55,6668,1,0
197,56,10202,0,8
197,57,13079,0,8
197,58,12488,0,8
197,59,19137,0,8
198,0,123466,1,0
198,1,13460,1,0
198,2,22980,1,0
198,3,8607,1,0
198,4,13881,1,0
198,5,13578,1,0
198,6,13507,1,0
198,7,8992,1,0
198,8,10478,1,0
198,9,8764,1,0
198,10,6763,1,0
198,11,7608,1,0
198,12,14999,1,0
198,13,12188,1,0
198,14,12578,1,0
198,15,4990,1,0
198,16,9689,1,0
198,17,11773,1,0
198,18,5560,1,0
198,19,11341,1,0
198,20,7509,1,0
198,21,11230,1,0
198,22,44431,1,0
198,23,7387,1,0
198,24,7940,1,0
198,25,11116,1,0
198,26,30233,1,0
198,27,15172,0,8
198,28,9739,1,0
198,29,9322,0,8
198,30,11957,0,8
198,31,10157,0,8
198,32,19922,0,8
198,33,9566,0,8
198,34,8752,0,8
198,35,8520,1,0
198,36,11686,0,8
198,37,15393,0,8
198,38,5396,1,0
198,39,4301,1,0
198,40,15118,0,8
198,41,5884,1,0
198,42,21586,0,8
198,43,9804,0,8
198,44,4287,1,0
198,45,4446,1,0
198,46,10425,1,0
198,47,11234,0,8
198,48,9866,0,8
198,49,13741,0,8
198,50,8943,0,8
198,51,9599,0,8
198,52,7425,1,0
198,53,13377,0,8
198,54,12905,0,8
198,55,10915,0,8
198,56,5284,1,0
198,57,8818,1,0
198,58,7966,0,8
198,59,6724,1,0
199,0,123484,1,0
199,1,13860,1,0
199,2,12133,1,0
199,3,7870,1,0
199,4,10648,1,0
199,5,10094,1,0
199,6,11278,1,0
199,7,6159,1,0
199,8,5191,1,0
199,9,7160,1,0
199,10,6422,1,0
199,11,8720,1,0
199,12,8722,1,0
199,13,8525,1,0
199,14,7585,1,0
199,15,5323,1,0
199,16,5093,1,0
199,17,12314,1,0
199,18,6567,1,0
199,19,5674,1,0
199,20,6866,1,0
199,21,11090,1,0
199,22,44804,1,0
199,23,4606,1,0
199,24,4940,1,0
199,25,13135,0,8
199,26,29294,1,0
199,27,11078,0,8
199,28,14617,0,8
199,29,4065,1,0
199,30,7890,1,0
199,31,4529,1,0
199,32,12761,1,0
199,33,8493,0,8
199,34,7447,0,8
199,35,2673,1,0
199,36,4593,1,0
199,37,7596,1,0
199,38,8871,0,8
199,39,2933,1,0
199,40,11751,1,0
199,41,7944,0,8
199,42,4376,1,0
199,43,11772,0,8
199,44,4905,1,0
199,45,8125,1,0
199,46,6891,1,0
199,47,5583,1,0
199,48,14530,0,8
199,49,3538,1,0
199,50,6706,1,0
199,51,9663,0,8
199,52,13892,0,8
199,53,8517,0,8
199,54,7961,1,0
199,55,7100,1,0
199,56,12233,0,8
199,57,5816,1,0
199,58,4163,1,0
199,59,4421,1,0
