worker_id,sequence,latency_us,success,status_code
0,0,1059787,1,0
0,1,1720127,1,0
0,2,1684128,1,0
0,3,1738476,1,0
0,4,1580385,1,0
0,5,1752184,1,0
0,6,1928379,1,0
0,7,1818860,1,0
0,8,1807427,1,0
0,9,1777445,1,0
0,10,1723224,1,0
0,11,1732879,1,0
0,12,1772370,1,0
0,13,1685805,1,0
0,14,1711997,1,0
0,15,1647788,1,0
0,16,1834062,1,0
0,17,1678978,1,0
0,18,1655477,1,0
0,19,1785145,1,0
0,20,1995879,1,0
0,21,1557501,1,0
0,22,1690999,1,0
0,23,1771432,1,0
0,24,1679230,1,0
0,25,1748367,1,0
0,26,1630773,1,0
0,27,1609297,1,0
0,28,1672398,1,0
0,29,1692236,1,0
0,30,1655512,1,0
0,31,1930842,1,0
0,32,2095109,1,0
0,33,1608208,1,0
0,34,1684891,1,0
0,35,1916141,1,0
0,36,1621315,1,0
0,37,1727627,1,0
0,38,1690280,1,0
0,39,1670235,1,0
0,40,1736000,1,0
0,41,2011832,1,0
0,42,2315389,1,0
0,43,1570576,1,0
0,44,1556307,1,0
0,45,1807481,1,0
0,46,1604566,1,0
0,47,1564215,1,0
0,48,1622011,1,0
0,49,1557311,1,0
0,50,1525355,1,0
0,51,1662634,1,0
0,52,1624212,1,0
0,53,1687497,1,0
0,54,1531639,1,0
0,55,1569566,1,0
0,56,1927630,1,0
0,57,1608815,1,0
0,58,1595479,1,0
0,59,1719763,1,0
1,0,1046650,1,0
1,1,1723253,1,0
1,2,1682890,1,0
1,3,1738965,1,0
1,4,1580336,1,0
1,5,1747623,1,0
1,6,1932380,1,0
1,7,1817498,1,0
1,8,1809003,1,0
1,9,1777766,1,0
1,10,1723348,1,0
1,11,1731306,1,0
1,12,1774290,1,0
1,13,1686128,1,0
1,14,1710108,1,0
1,15,1648486,1,0
1,16,1833926,1,0
1,17,1679260,1,0
1,18,1651694,1,0
1,19,1784069,1,0
1,20,2002831,1,0
1,21,1554750,1,0
1,22,1692003,1,0
1,23,1769895,1,0
1,24,1678600,1,0
1,25,1751948,1,0
1,26,1628571,1,0
1,27,1611521,1,0
1,28,1670544,1,0
1,29,1693703,1,0
1,30,1655601,1,0
1,31,1929603,1,0
1,32,2094805,1,0
1,33,1608281,1,0
1,34,1684948,1,0
1,35,1915825,1,0
1,36,1622893,1,0
1,37,1725887,1,0
1,38,1689675,1,0
1,39,1670143,1,0
1,40,1735354,1,0
1,41,2013708,1,0
1,42,2316256,1,0
1,43,1571747,1,0
1,44,1553825,1,0
1,45,1808747,1,0
1,46,1603692,1,0
1,47,1566009,1,0
1,48,1620612,1,0
1,49,1557173,1,0
1,50,1525355,1,0
1,51,1662858,1,0
1,52,1623667,1,0
1,53,1687644,1,0
1,54,1532134,1,0
1,55,1562105,1,0
1,56,1923599,1,0
1,57,1620636,1,0
1,58,1596697,1,0
1,59,1716921,1,0
2,0,1023733,1,0
2,1,1719279,1,0
2,2,1684669,1,0
2,3,1743344,1,0
2,4,1580033,1,0
2,5,1745445,1,0
2,6,1930207,1,0
2,7,1821273,1,0
2,8,1807778,1,0
2,9,1775067,1,0
2,10,1726648,1,0
2,11,1732749,1,0
2,12,1770259,1,0
2,13,1689524,1,0
2,14,1707021,1,0
2,15,1652871,1,0
2,16,1832041,1,0
2,17,1679082,1,0
2,18,1637248,1,0
2,19,1798202,1,0
2,20,2005458,1,0
2,21,1551625,1,0
2,22,1679209,1,0
2,23,1784900,1,0
2,24,1677219,1,0
2,25,1753534,1,0
2,26,1626735,1,0
2,27,1615085,1,0
2,28,1667475,1,0
2,29,1695186,1,0
2,30,1652377,1,0
2,31,1919926,1,0
2,32,2107427,1,0
2,33,1608371,1,0
2,34,1681972,1,0
2,35,1918610,1,0
2,36,1622947,1,0
2,37,1714157,1,0
2,38,1697764,1,0
2,39,1671217,1,0
2,40,1730573,1,0
2,41,2008016,1,0
2,42,2327845,1,0
2,43,1571667,1,0
2,44,1554113,1,0
2,45,1810088,1,0
2,46,1601625,1,0
2,47,1569218,1,0
2,48,1619089,1,0
2,49,1558210,1,0
2,50,1523251,1,0
2,51,1664027,1,0
2,52,1627008,1,0
2,53,1683701,1,0
2,54,1533809,1,0
2,55,1557574,1,0
2,56,1928088,1,0
2,57,1617645,1,0
2,58,1598176,1,0
2,59,1704048,1,0
3,0,998582,1,0
3,1,1473020,1,0
3,2,1689806,1,0
3,3,1740729,1,0
3,4,1612266,1,0
3,5,1710740,1,0
3,6,1924203,1,0
3,7,1840566,1,0
3,8,1803996,1,0
3,9,1758653,1,0
3,10,1732478,1,0
3,11,1742420,1,0
3,12,1741604,1,0
3,13,1713934,1,0
3,14,1715225,1,0
3,15,1656990,1,0
3,16,1817993,1,0
3,17,1683420,1,0
3,18,1636052,1,0
3,19,1799385,1,0
3,20,2023763,1,0
3,21,1538988,1,0
3,22,1638243,1,0
3,23,1838793,1,0
3,24,1656770,1,0
3,25,1728010,1,0
3,26,1660165,1,0
3,27,1613156,1,0
3,28,1681359,1,0
3,29,1681017,1,0
3,30,1650801,1,0
3,31,1866049,1,0
3,32,2097846,1,0
3,33,1675472,1,0
3,34,1682636,1,0
3,35,1903661,1,0
3,36,1652483,1,0
3,37,1679180,1,0
3,38,1728289,1,0
3,39,1656568,1,0
3,40,1710239,1,0
3,41,1936786,1,0
3,42,2394987,1,0
3,43,1611036,1,0
3,44,1564209,1,0
3,45,1777038,1,0
3,46,1608072,1,0
3,47,1616481,1,0
3,48,1590691,1,0
3,49,1561510,1,0
3,50,1523655,1,0
3,51,1642147,1,0
3,52,1663220,1,0
3,53,1577278,1,0
3,54,1617883,1,0
3,55,1555265,1,0
3,56,1902110,1,0
3,57,1648526,1,0
3,58,1576093,1,0
3,59,1681044,1,0
4,0,1012068,1,0
4,1,1719015,1,0
4,2,1686453,1,0
4,3,1740767,1,0
4,4,1583504,1,0
4,5,1741393,1,0
4,6,1932821,1,0
4,7,1821437,1,0
4,8,1805789,1,0
4,9,1774564,1,0
4,10,1728348,1,0
4,11,1731545,1,0
4,12,1770357,1,0
4,13,1691068,1,0
4,14,1706972,1,0
4,15,1652443,1,0
4,16,1833976,1,0
4,17,1676681,1,0
4,18,1638555,1,0
4,19,1796910,1,0
4,20,2008098,1,0
4,21,1551718,1,0
4,22,1677931,1,0
4,23,1785822,1,0
4,24,1672654,1,0
4,25,1757902,1,0
4,26,1626651,1,0
4,27,1612668,1,0
4,28,1668945,1,0
4,29,1694971,1,0
4,30,1649726,1,0
4,31,1922816,1,0
4,32,2107165,1,0
4,33,1607732,1,0
4,34,1682498,1,0
4,35,1918530,1,0
4,36,1623066,1,0
4,37,1711559,1,0
4,38,1700680,1,0
4,39,1669889,1,0
4,40,1729849,1,0
4,41,2009766,1,0
4,42,2329103,1,0
4,43,1571925,1,0
4,44,1553569,1,0
4,45,1808346,1,0
4,46,1602082,1,0
4,47,1569143,1,0
4,48,1619119,1,0
4,49,1560732,1,0
4,50,1521516,1,0
4,51,1664774,1,0
4,52,1627983,1,0
4,53,1680962,1,0
4,54,1535592,1,0
4,55,1555033,1,0
4,56,1930978,1,0
4,57,1617668,1,0
4,58,1597494,1,0
4,59,1703177,1,0
5,0,1187724,1,0
5,1,1718743,1,0
5,2,1668978,1,0
5,3,1733258,1,0
5,4,1586394,1,0
5,5,1766144,1,0
5,6,1930826,1,0
5,7,1823415,1,0
5,8,1791860,1,0
5,9,1777293,1,0
5,10,1718520,1,0
5,11,1731863,1,0
5,12,1779761,1,0
5,13,1671915,1,0
5,14,1712447,1,0
5,15,1647671,1,0
5,16,1835020,1,0
5,17,1680544,1,0
5,18,1686315,1,0
5,19,1761392,1,0
5,20,1984415,1,0
5,21,1566241,1,0
5,22,1713366,1,0
5,23,1745002,1,0
5,24,1683895,1,0
5,25,1732661,1,0
5,26,1637038,1,0
5,27,1612782,1,0
5,28,1672125,1,0
5,29,1693658,1,0
5,30,1660583,1,0
5,31,1965428,1,0
5,32,2055626,1,0
5,33,1601429,1,0
5,34,1692525,1,0
5,35,1918755,1,0
5,36,1620517,1,0
5,37,1722800,1,0
5,38,1687748,1,0
5,39,1681520,1,0
5,40,1775921,1,0
5,41,2008174,1,0
5,42,2267323,1,0
5,43,1577744,1,0
5,44,1561769,1,0
5,45,1814283,1,0
5,46,1585198,1,0
5,47,1559086,1,0
5,48,1636435,1,0
5,49,1545630,1,0
5,50,1522153,1,0
5,51,1679438,1,0
5,52,1603457,1,0
5,53,1708982,1,0
5,54,1516347,1,0
5,55,1573308,1,0
5,56,1951504,1,0
5,57,1586779,1,0
5,58,1597951,1,0
5,59,1731372,1,0
6,0,986719,1,0
6,1,1278700,1,0
6,2,1695798,1,0
6,3,1727793,1,0
6,4,1636732,1,0
6,5,1678024,1,0
6,6,1930177,1,0
6,7,1839682,1,0
6,8,1817683,1,0
6,9,1743124,1,0
6,10,1734617,1,0
6,11,1746827,1,0
6,12,1733566,1,0
6,13,1718157,1,0
6,14,1717614,1,0
6,15,1670242,1,0
6,16,1824800,1,0
6,17,1681590,1,0
6,18,1639866,1,0
6,19,1791091,1,0
6,20,2026631,1,0
6,21,1538787,1,0
6,22,1634539,1,0
6,23,1826526,1,0
6,24,1677777,1,0
6,25,1674914,1,0
6,26,1696897,1,0
6,27,1618857,1,0
6,28,1680624,1,0
6,29,1681182,1,0
6,30,1655521,1,0
6,31,1828126,1,0
6,32,2076777,1,0
6,33,1738142,1,0
6,34,1671209,1,0
6,35,1846643,1,0
6,36,1715562,1,0
6,37,1674974,1,0
6,38,1735094,1,0
6,39,1642395,1,0
6,40,1736084,1,0
6,41,1870199,1,0
6,42,2394945,1,0
6,43,1674816,1,0
6,44,1565788,1,0
6,45,1758075,1,0
6,46,1638490,1,0
6,47,1612308,1,0
6,48,1536414,1,0
6,49,1599056,1,0
6,50,1535367,1,0
6,51,1642370,1,0
6,52,1652710,1,0
6,53,1536731,1,0
6,54,1660644,1,0
6,55,1562827,1,0
6,56,1880936,1,0
6,57,1668269,1,0
6,58,1568831,1,0
6,59,1640830,1,0
7,0,94608,1,0
7,1,1195732,1,0
7,2,1703963,1,0
7,3,1719344,1,0
7,4,1646771,1,0
7,5,1669220,1,0
7,6,1923098,1,0
7,7,1848081,1,0
7,8,1815197,1,0
7,9,1748447,1,0
7,10,1725326,1,0
7,11,1739670,1,0
7,12,1747539,1,0
7,13,1716894,1,0
7,14,1725157,1,0
7,15,1667145,1,0
7,16,1829723,1,0
7,17,1674244,1,0
7,18,1648346,1,0
7,19,1776982,1,0
7,20,2036871,1,0
7,21,1541435,1,0
7,22,1630388,1,0
7,23,1826875,1,0
7,24,1676216,1,0
7,25,1672745,1,0
7,26,1701579,1,0
7,27,1619370,1,0
7,28,1681709,1,0
7,29,1679994,1,0
7,30,1642866,1,0
7,31,1830614,1,0
7,32,2052796,1,0
7,33,1770682,1,0
7,34,1676091,1,0
7,35,1796912,1,0
7,36,1764624,1,0
7,37,1658909,1,0
7,38,1745697,1,0
7,39,1640978,1,0
7,40,1740985,1,0
7,41,1850635,1,0
7,42,2364826,1,0
7,43,1728464,1,0
7,44,1571378,1,0
7,45,1735875,1,0
7,46,1654603,1,0
7,47,1610213,1,0
7,48,1504868,1,0
7,49,1632747,1,0
7,50,1537466,1,0
7,51,1637433,1,0
7,52,1643997,1,0
7,53,1543890,1,0
7,54,1664452,1,0
7,55,1561312,1,0
7,56,1862683,1,0
7,57,1687999,1,0
7,58,1561029,1,0
7,59,1617625,1,0
8,0,1273440,1,0
8,1,1709250,1,0
8,2,1672418,1,0
8,3,1730969,1,0
8,4,1585005,1,0
8,5,1790622,1,0
8,6,1917031,1,0
8,7,1817914,1,0
8,8,1794675,1,0
8,9,1777611,1,0
8,10,1713188,1,0
8,11,1739725,1,0
8,12,1771475,1,0
8,13,1677456,1,0
8,14,1698594,1,0
8,15,1668375,1,0
8,16,1832450,1,0
8,17,1668051,1,0
8,18,1703286,1,0
8,19,1753306,1,0
8,20,1970437,1,0
8,21,1567699,1,0
8,22,1746105,1,0
8,23,1715324,1,0
8,24,1687754,1,0
8,25,1720029,1,0
8,26,1644675,1,0
8,27,1611894,1,0
8,28,1674552,1,0
8,29,1693937,1,0
8,30,1662949,1,0
8,31,1976189,1,0
8,32,2042715,1,0
8,33,1599934,1,0
8,34,1695779,1,0
8,35,1917179,1,0
8,36,1626376,1,0
8,37,1720070,1,0
8,38,1686286,1,0
8,39,1687909,1,0
8,40,1786401,1,0
8,41,2021839,1,0
8,42,2228443,1,0
8,43,1578352,1,0
8,44,1572984,1,0
8,45,1820190,1,0
8,46,1576115,1,0
8,47,1553479,1,0
8,48,1649783,1,0
8,49,1528007,1,0
8,50,1525590,1,0
8,51,1684243,1,0
8,52,1592343,1,0
8,53,1711960,1,0
8,54,1518122,1,0
8,55,1576286,1,0
8,56,1965612,1,0
8,57,1564999,1,0
8,58,1603102,1,0
8,59,1741313,1,0
9,0,961068,1,0
9,1,1347571,1,0
9,2,1692469,1,0
9,3,1737790,1,0
9,4,1621418,1,0
9,5,1694896,1,0
9,6,1921023,1,0
9,7,1844271,1,0
9,8,1811811,1,0
9,9,1741307,1,0
9,10,1739101,1,0
9,11,1751912,1,0
9,12,1738427,1,0
9,13,1724865,1,0
9,14,1703741,1,0
9,15,1663637,1,0
9,16,1819171,1,0
9,17,1684186,1,0
9,18,1641417,1,0
9,19,1798163,1,0
9,20,2020658,1,0
9,21,1536247,1,0
9,22,1634908,1,0
9,23,1828145,1,0
9,24,1679718,1,0
9,25,1691467,1,0
9,26,1682327,1,0
9,27,1616979,1,0
9,28,1677112,1,0
9,29,1685165,1,0
9,30,1655517,1,0
9,31,1842702,1,0
9,32,2082753,1,0
9,33,1714691,1,0
9,34,1672866,1,0
9,35,1868266,1,0
9,36,1691152,1,0
9,37,1680636,1,0
9,38,1729910,1,0
9,39,1654617,1,0
9,40,1719208,1,0
9,41,1891261,1,0
9,42,2408757,1,0
9,43,1643602,1,0
9,44,1564736,1,0
9,45,1769627,1,0
9,46,1622257,1,0
9,47,1617399,1,0
9,48,1583930,1,0
9,49,1552447,1,0
9,50,1529829,1,0
9,51,1643713,1,0
9,52,1661120,1,0
9,53,1547449,1,0
9,54,1643679,1,0
9,55,1564089,1,0
9,56,1887618,1,0
9,57,1662528,1,0
9,58,1570018,1,0
9,59,1653796,1,0
10,0,1750727,1,0
10,1,1716288,1,0
10,2,1686407,1,0
10,3,1686087,1,0
10,4,1614624,1,0
10,5,1855148,1,0
10,6,1876481,1,0
10,7,1808896,1,0
10,8,1799745,1,0
10,9,1764250,1,0
10,10,1702609,1,0
10,11,1750535,1,0
10,12,1761017,1,0
10,13,1673893,1,0
10,14,1678518,1,0
10,15,1794814,1,0
10,16,1722408,1,0
10,17,1665958,1,0
10,18,1754865,1,0
10,19,1776321,1,0
10,20,1850411,1,0
10,21,1604904,1,0
10,22,1815645,1,0
10,23,1667468,1,0
10,24,1694182,1,0
10,25,1696717,1,0
10,26,1632353,1,0
10,27,1602424,1,0
10,28,1744856,1,0
10,29,1640977,1,0
10,30,1761824,1,0
10,31,2006306,1,0
10,32,1913433,1,0
10,33,1639470,1,0
10,34,1679496,1,0
10,35,1908299,1,0
10,36,1622987,1,0
10,37,1715256,1,0
10,38,1687507,1,0
10,39,1737708,1,0
10,40,1735127,1,0
10,41,2338273,1,0
10,42,1903212,1,0
10,43,1573685,1,0
10,44,1679223,1,0
10,45,1716246,1,0
10,46,1578063,1,0
10,47,1542420,1,0
10,48,1633158,1,0
10,49,1544374,1,0
10,50,1608400,1,0
10,51,1655166,1,0
10,52,1532261,1,0
10,53,1691089,1,0
10,54,1545002,1,0
10,55,1680230,1,0
10,56,1867634,1,0
10,57,1572946,1,0
10,58,1582122,1,0
10,59,1867878,1,0
11,0,69046,1,0
11,1,1165448,1,0
11,2,1702122,1,0
11,3,1714602,1,0
11,4,1652516,1,0
11,5,1666615,1,0
11,6,1916845,1,0
11,7,1855140,1,0
11,8,1816256,1,0
11,9,1746021,1,0
11,10,1724405,1,0
11,11,1733720,1,0
11,12,1756437,1,0
11,13,1719538,1,0
11,14,1720864,1,0
11,15,1667248,1,0
11,16,1833161,1,0
11,17,1672216,1,0
11,18,1645977,1,0
11,19,1774056,1,0
11,20,2037705,1,0
11,21,1548642,1,0
11,22,1625688,1,0
11,23,1827147,1,0
11,24,1680565,1,0
11,25,1664271,1,0
11,26,1707263,1,0
11,27,1618946,1,0
11,28,1683283,1,0
11,29,1679098,1,0
11,30,1641678,1,0
11,31,1823339,1,0
11,32,2052843,1,0
11,33,1778156,1,0
11,34,1674948,1,0
11,35,1787255,1,0
11,36,1774295,1,0
11,37,1657881,1,0
11,38,1751295,1,0
11,39,1640617,1,0
11,40,1738770,1,0
11,41,1841327,1,0
11,42,2374447,1,0
11,43,1726118,1,0
11,44,1576157,1,0
11,45,1723370,1,0
11,46,1666844,1,0
11,47,1609614,1,0
11,48,1502652,1,0
11,49,1638493,1,0
11,50,1535241,1,0
11,51,1634604,1,0
11,52,1644229,1,0
11,53,1543650,1,0
11,54,1665557,1,0
11,55,1560368,1,0
11,56,1856593,1,0
11,57,1692421,1,0
11,58,1563390,1,0
11,59,1609856,1,0
12,0,948221,1,0
12,1,1314961,1,0
12,2,1691869,1,0
12,3,1730597,1,0
12,4,1630842,1,0
12,5,1686891,1,0
12,6,1923654,1,0
12,7,1843957,1,0
12,8,1814962,1,0
12,9,1742963,1,0
12,10,1736605,1,0
12,11,1748325,1,0
12,12,1735528,1,0
12,13,1721342,1,0
12,14,1713605,1,0
12,15,1666081,1,0
12,16,1819771,1,0
12,17,1684886,1,0
12,18,1638932,1,0
12,19,1795387,1,0
12,20,2025247,1,0
12,21,1536343,1,0
12,22,1635362,1,0
12,23,1824707,1,0
12,24,1681133,1,0
12,25,1693602,1,0
12,26,1679798,1,0
12,27,1616759,1,0
12,28,1676013,1,0
12,29,1685131,1,0
12,30,1657672,1,0
12,31,1833301,1,0
12,32,2086985,1,0
12,33,1717067,1,0
12,34,1675399,1,0
12,35,1850982,1,0
12,36,1705789,1,0
12,37,1682739,1,0
12,38,1732809,1,0
12,39,1648205,1,0
12,40,1727056,1,0
12,41,1886056,1,0
12,42,2397088,1,0
12,43,1659220,1,0
12,44,1563929,1,0
12,45,1762520,1,0
12,46,1631306,1,0
12,47,1615547,1,0
12,48,1538949,1,0
12,49,1597439,1,0
12,50,1531042,1,0
12,51,1644510,1,0
12,52,1656438,1,0
12,53,1533741,1,0
12,54,1660153,1,0
12,55,1564790,1,0
12,56,1878992,1,0
12,57,1668689,1,0
12,58,1568983,1,0
12,59,1642479,1,0
13,0,937107,1,0
13,1,958107,1,0
13,2,1655458,1,0
13,3,1686050,1,0
13,4,1678546,1,0
13,5,1638735,1,0
13,6,1851142,1,0
13,7,1892132,1,0
13,8,1829118,1,0
13,9,1762859,1,0
13,10,1739100,1,0
13,11,1722743,1,0
13,12,1771138,1,0
13,13,1726537,1,0
13,14,1710015,1,0
13,15,1658401,1,0
13,16,1842546,1,0
13,17,1680325,1,0
13,18,1653882,1,0
13,19,1745899,1,0
13,20,1992257,1,0
13,21,1633148,1,0
13,22,1616623,1,0
13,23,1804134,1,0
13,24,1693558,1,0
13,25,1666047,1,0
13,26,1706377,1,0
13,27,1626386,1,0
13,28,1651311,1,0
13,29,1707694,1,0
13,30,1629583,1,0
13,31,1811274,1,0
13,32,1991575,1,0
13,33,1870690,1,0
13,34,1666042,1,0
13,35,1695916,1,0
13,36,1868596,1,0
13,37,1636718,1,0
13,38,1712137,1,0
13,39,1678262,1,0
13,40,1742185,1,0
13,41,1789164,1,0
13,42,2347019,1,0
13,43,1832329,1,0
13,44,1567942,1,0
13,45,1711646,1,0
13,46,1687002,1,0
13,47,1585704,1,0
13,48,1531712,1,0
13,49,1636318,1,0
13,50,1542443,1,0
13,51,1619350,1,0
13,52,1651538,1,0
13,53,1527756,1,0
13,54,1685578,1,0
13,55,1553707,1,0
13,56,1762539,1,0
13,57,1784589,1,0
13,58,1577258,1,0
13,59,1569938,1,0
14,0,1235031,1,0
14,1,1713775,1,0
14,2,1673751,1,0
14,3,1728579,1,0
14,4,1586809,1,0
14,5,1780264,1,0
14,6,1921418,1,0
14,7,1822656,1,0
14,8,1788186,1,0
14,9,1784738,1,0
14,10,1714430,1,0
14,11,1738254,1,0
14,12,1769735,1,0
14,13,1671562,1,0
14,14,1709049,1,0
14,15,1657168,1,0
14,16,1841887,1,0
14,17,1668458,1,0
14,18,1693634,1,0
14,19,1761984,1,0
14,20,1972249,1,0
14,21,1567898,1,0
14,22,1714022,1,0
14,23,1745994,1,0
14,24,1687921,1,0
14,25,1723755,1,0
14,26,1641360,1,0
14,27,1612344,1,0
14,28,1673919,1,0
14,29,1693406,1,0
14,30,1663418,1,0
14,31,1973007,1,0
14,32,2045780,1,0
14,33,1600565,1,0
14,34,1693578,1,0
14,35,1917764,1,0
14,36,1622304,1,0
14,37,1724302,1,0
14,38,1687114,1,0
14,39,1683359,1,0
14,40,1782976,1,0
14,41,2006480,1,0
14,42,2254971,1,0
14,43,1577312,1,0
14,44,1569675,1,0
14,45,1820751,1,0
14,46,1571134,1,0
14,47,1559945,1,0
14,48,1640965,1,0
14,49,1540074,1,0
14,50,1522698,1,0
14,51,1681483,1,0
14,52,1598207,1,0
14,53,1709623,1,0
14,54,1518213,1,0
14,55,1576152,1,0
14,56,1951536,1,0
14,57,1582161,1,0
14,58,1602184,1,0
14,59,1739854,1,0
15,0,1424359,1,0
15,1,1699539,1,0
15,2,1690309,1,0
15,3,1713316,1,0
15,4,1582383,1,0
15,5,1826357,1,0
15,6,1899768,1,0
15,7,1810903,1,0
15,8,1792388,1,0
15,9,1782091,1,0
15,10,1714405,1,0
15,11,1725174,1,0
15,12,1777698,1,0
15,13,1672938,1,0
15,14,1689322,1,0
15,15,1688619,1,0
15,16,1817916,1,0
15,17,1678041,1,0
15,18,1711917,1,0
15,19,1755878,1,0
15,20,1944502,1,0
15,21,1572588,1,0
15,22,1791390,1,0
15,23,1679590,1,0
15,24,1687996,1,0
15,25,1705803,1,0
15,26,1653943,1,0
15,27,1609472,1,0
15,28,1688993,1,0
15,29,1684926,1,0
15,30,1683990,1,0
15,31,1999705,1,0
15,32,1994672,1,0
15,33,1603456,1,0
15,34,1700572,1,0
15,35,1917433,1,0
15,36,1619461,1,0
15,37,1717115,1,0
15,38,1687506,1,0
15,39,1699999,1,0
15,40,1785360,1,0
15,41,2080794,1,0
15,42,2151179,1,0
15,43,1583232,1,0
15,44,1576013,1,0
15,45,1825354,1,0
15,46,1566848,1,0
15,47,1555273,1,0
15,48,1647938,1,0
15,49,1534075,1,0
15,50,1519386,1,0
15,51,1691412,1,0
15,52,1573590,1,0
15,53,1710743,1,0
15,54,1536426,1,0
15,55,1577878,1,0
15,56,1979855,1,0
15,57,1536069,1,0
15,58,1600912,1,0
15,59,1777326,1,0
16,0,1092271,1,0
16,1,1722059,1,0
16,2,1679518,1,0
16,3,1737960,1,0
16,4,1583099,1,0
16,5,1755897,1,0
16,6,1929418,1,0
16,7,1834252,1,0
16,8,1794547,1,0
16,9,1772800,1,0
16,10,1723217,1,0
16,11,1731571,1,0
16,12,1776048,1,0
16,13,1679660,1,0
16,14,1712325,1,0
16,15,1647314,1,0
16,16,1835548,1,0
16,17,1677853,1,0
16,18,1672727,1,0
16,19,1769257,1,0
16,20,1993482,1,0
16,21,1560202,1,0
16,22,1691537,1,0
16,23,1771071,1,0
16,24,1678114,1,0
16,25,1745809,1,0
16,26,1630346,1,0
16,27,1610842,1,0
16,28,1673305,1,0
16,29,1694227,1,0
16,30,1654560,1,0
16,31,1944537,1,0
16,32,2082437,1,0
16,33,1603190,1,0
16,34,1689449,1,0
16,35,1914192,1,0
16,36,1623376,1,0
16,37,1723701,1,0
16,38,1691204,1,0
16,39,1676421,1,0
16,40,1741022,1,0
16,41,2026839,1,0
16,42,2289039,1,0
16,43,1570916,1,0
16,44,1561289,1,0
16,45,1804687,1,0
16,46,1603292,1,0
16,47,1561792,1,0
16,48,1625439,1,0
16,49,1556335,1,0
16,50,1523889,1,0
16,51,1661264,1,0
16,52,1621763,1,0
16,53,1693060,1,0
16,54,1527242,1,0
16,55,1574238,1,0
16,56,1923565,1,0
16,57,1611366,1,0
16,58,1598888,1,0
16,59,1725648,1,0
17,0,106112,1,0
17,1,898774,1,0
17,2,1623162,1,0
17,3,1684129,1,0
17,4,1678508,1,0
17,5,1637714,1,0
17,6,1852210,1,0
17,7,1895190,1,0
17,8,1826625,1,0
17,9,1762537,1,0
17,10,1742755,1,0
17,11,1714425,1,0
17,12,1768810,1,0
17,13,1732316,1,0
17,14,1710769,1,0
17,15,1659343,1,0
17,16,1845707,1,0
17,17,1674069,1,0
17,18,1659179,1,0
17,19,1743673,1,0
17,20,1969532,1,0
17,21,1657890,1,0
17,22,1615414,1,0
17,23,1803776,1,0
17,24,1690094,1,0
17,25,1675041,1,0
17,26,1699931,1,0
17,27,1627191,1,0
17,28,1628761,1,0
17,29,1731373,1,0
17,30,1627679,1,0
17,31,1800215,1,0
17,32,2000808,1,0
17,33,1874038,1,0
17,34,1668050,1,0
17,35,1680057,1,0
17,36,1883918,1,0
17,37,1633032,1,0
17,38,1714949,1,0
17,39,1676870,1,0
17,40,1745732,1,0
17,41,1782501,1,0
17,42,2332081,1,0
17,43,1855763,1,0
17,44,1567513,1,0
17,45,1703346,1,0
17,46,1692595,1,0
17,47,1583350,1,0
17,48,1535720,1,0
17,49,1630445,1,0
17,50,1546856,1,0
17,51,1618698,1,0
17,52,1651146,1,0
17,53,1529122,1,0
17,54,1687559,1,0
17,55,1551417,1,0
17,56,1749448,1,0
17,57,1798736,1,0
17,58,1579989,1,0
17,59,1568852,1,0
18,0,1152646,1,0
18,1,1718684,1,0
18,2,1681863,1,0
18,3,1734966,1,0
18,4,1585469,1,0
18,5,1762240,1,0
18,6,1929299,1,0
18,7,1828294,1,0
18,8,1792545,1,0
18,9,1776936,1,0
18,10,1718018,1,0
18,11,1728462,1,0
18,12,1781091,1,0
18,13,1675475,1,0
18,14,1713916,1,0
18,15,1645652,1,0
18,16,1833789,1,0
18,17,1682161,1,0
18,18,1686420,1,0
18,19,1759604,1,0
18,20,1986127,1,0
18,21,1565689,1,0
18,22,1698684,1,0
18,23,1759981,1,0
18,24,1682763,1,0
18,25,1736178,1,0
18,26,1636013,1,0
18,27,1609742,1,0
18,28,1674024,1,0
18,29,1693504,1,0
18,30,1658671,1,0
18,31,1956040,1,0
18,32,2068003,1,0
18,33,1600069,1,0
18,34,1693516,1,0
18,35,1915654,1,0
18,36,1622859,1,0
18,37,1721762,1,0
18,38,1688864,1,0
18,39,1682959,1,0
18,40,1768035,1,0
18,41,2005292,1,0
18,42,2276536,1,0
18,43,1575668,1,0
18,44,1560864,1,0
18,45,1812507,1,0
18,46,1591928,1,0
18,47,1558826,1,0
18,48,1633811,1,0
18,49,1547487,1,0
18,50,1523931,1,0
18,51,1675464,1,0
18,52,1607986,1,0
18,53,1698384,1,0
18,54,1522861,1,0
18,55,1575413,1,0
18,56,1937953,1,0
18,57,1599782,1,0
18,58,1597814,1,0
18,59,1731748,1,0
19,0,924160,1,0
19,1,1013727,1,0
19,2,1705947,1,0
19,3,1694356,1,0
19,4,1671145,1,0
19,5,1647681,1,0
19,6,1866210,1,0
19,7,1883478,1,0
19,8,1838853,1,0
19,9,1746728,1,0
19,10,1726858,1,0
19,11,1728551,1,0
19,12,1770547,1,0
19,13,1727743,1,0
19,14,1708964,1,0
19,15,1660249,1,0
19,16,1836117,1,0
19,17,1686969,1,0
19,18,1648178,1,0
19,19,1749229,1,0
19,20,2052582,1,0
19,21,1566987,1,0
19,22,1617317,1,0
19,23,1814204,1,0
19,24,1689756,1,0
19,25,1653678,1,0
19,26,1717148,1,0
19,27,1623505,1,0
19,28,1666682,1,0
19,29,1690854,1,0
19,30,1635330,1,0
19,31,1818018,1,0
19,32,2013162,1,0
19,33,1833209,1,0
19,34,1671961,1,0
19,35,1709871,1,0
19,36,1852559,1,0
19,37,1645853,1,0
19,38,1744210,1,0
19,39,1646404,1,0
19,40,1733177,1,0
19,41,1820868,1,0
19,42,2351156,1,0
19,43,1797507,1,0
19,44,1565960,1,0
19,45,1717760,1,0
19,46,1676973,1,0
19,47,1595194,1,0
19,48,1523355,1,0
19,49,1635899,1,0
19,50,1541722,1,0
19,51,1621749,1,0
19,52,1648872,1,0
19,53,1535516,1,0
19,54,1675895,1,0
19,55,1560325,1,0
19,56,1776601,1,0
19,57,1772166,1,0
19,58,1570899,1,0
19,59,1574815,1,0
20,0,1609168,1,0
20,1,1715585,1,0
20,2,1682587,1,0
20,3,1698089,1,0
20,4,1605974,1,0
20,5,1828264,1,0
20,6,1901662,1,0
20,7,1803219,1,0
20,8,1799435,1,0
20,9,1774053,1,0
20,10,1703432,1,0
20,11,1727997,1,0
20,12,1788652,1,0
20,13,1661652,1,0
20,14,1674960,1,0
20,15,1773525,1,0
20,16,1764224,1,0
20,17,1659558,1,0
20,18,1738711,1,0
20,19,1753702,1,0
20,20,1901786,1,0
20,21,1592389,1,0
20,22,1815614,1,0
20,23,1654469,1,0
20,24,1702317,1,0
20,25,1687543,1,0
20,26,1650364,1,0
20,27,1603905,1,0
20,28,1724689,1,0
20,29,1658231,1,0
20,30,1733471,1,0
20,31,1997243,1,0
20,32,1947971,1,0
20,33,1611258,1,0
20,34,1694594,1,0
20,35,1919913,1,0
20,36,1617216,1,0
20,37,1714656,1,0
20,38,1693595,1,0
20,39,1713681,1,0
20,40,1757249,1,0
20,41,2163510,1,0
20,42,2069558,1,0
20,43,1589143,1,0
20,44,1662004,1,0
20,45,1729601,1,0
20,46,1575541,1,0
20,47,1549691,1,0
20,48,1636804,1,0
20,49,1536849,1,0
20,50,1604259,1,0
20,51,1638150,1,0
20,52,1552638,1,0
20,53,1699969,1,0
20,54,1540394,1,0
20,55,1612222,1,0
20,56,1945458,1,0
20,57,1536496,1,0
20,58,1606295,1,0
20,59,1809278,1,0
21,0,375008,1,0
21,1,1610513,1,0
21,2,1689313,1,0
21,3,1742299,1,0
21,4,1595917,1,0
21,5,1733145,1,0
21,6,1919932,1,0
21,7,1829170,1,0
21,8,1811241,1,0
21,9,1765716,1,0
21,10,1726489,1,0
21,11,1738572,1,0
21,12,1765233,1,0
21,13,1706846,1,0
21,14,1699983,1,0
21,15,1650861,1,0
21,16,1830307,1,0
21,17,1678944,1,0
21,18,1619321,1,0
21,19,1804986,1,0
21,20,2025649,1,0
21,21,1547438,1,0
21,22,1665013,1,0
21,23,1805454,1,0
21,24,1663091,1,0
21,25,1746777,1,0
21,26,1645435,1,0
21,27,1611950,1,0
21,28,1672087,1,0
21,29,1683878,1,0
21,30,1660531,1,0
21,31,1880417,1,0
21,32,2089401,1,0
21,33,1661507,1,0
21,34,1689789,1,0
21,35,1905123,1,0
21,36,1636938,1,0
21,37,1699867,1,0
21,38,1712978,1,0
21,39,1653013,1,0
21,40,1719979,1,0
21,41,1975924,1,0
21,42,2369979,1,0
21,43,1588443,1,0
21,44,1560061,1,0
21,45,1792376,1,0
21,46,1595281,1,0
21,47,1599759,1,0
21,48,1610246,1,0
21,49,1558698,1,0
21,50,1523889,1,0
21,51,1644964,1,0
21,52,1648770,1,0
21,53,1640617,1,0
21,54,1572821,1,0
21,55,1547371,1,0
21,56,1923511,1,0
21,57,1625575,1,0
21,58,1588685,1,0
21,59,1699695,1,0
22,0,911915,1,0
22,1,1327378,1,0
22,2,1690445,1,0
22,3,1731337,1,0
22,4,1628834,1,0
22,5,1691848,1,0
22,6,1921421,1,0
22,7,1848019,1,0
22,8,1809870,1,0
22,9,1741885,1,0
22,10,1737513,1,0
22,11,1749227,1,0
22,12,1740126,1,0
22,13,1715529,1,0
22,14,1714748,1,0
22,15,1665002,1,0
22,16,1820445,1,0
22,17,1683177,1,0
22,18,1640270,1,0
22,19,1795761,1,0
22,20,2024549,1,0
22,21,1536414,1,0
22,22,1635360,1,0
22,23,1826398,1,0
22,24,1678958,1,0
22,25,1695008,1,0
22,26,1678763,1,0
22,27,1617286,1,0
22,28,1675442,1,0
22,29,1686581,1,0
22,30,1655234,1,0
22,31,1833676,1,0
22,32,2088427,1,0
22,33,1717611,1,0
22,34,1674677,1,0
22,35,1865469,1,0
22,36,1691349,1,0
22,37,1682831,1,0
22,38,1730785,1,0
22,39,1650573,1,0
22,40,1725043,1,0
22,41,1887553,1,0
22,42,2395931,1,0
22,43,1658880,1,0
22,44,1563567,1,0
22,45,1763213,1,0
22,46,1631070,1,0
22,47,1614804,1,0
22,48,1541507,1,0
22,49,1596624,1,0
22,50,1530206,1,0
22,51,1643415,1,0
22,52,1659483,1,0
22,53,1540439,1,0
22,54,1650872,1,0
22,55,1564413,1,0
22,56,1891300,1,0
22,57,1657842,1,0
22,58,1569062,1,0
22,59,1654058,1,0
23,0,482353,1,0
23,1,1099468,1,0
23,2,1703635,1,0
23,3,1705947,1,0
23,4,1661125,1,0
23,5,1661255,1,0
23,6,1887908,1,0
23,7,1872103,1,0
23,8,1833382,1,0
23,9,1732601,1,0
23,10,1733562,1,0
23,11,1728160,1,0
23,12,1770140,1,0
23,13,1714258,1,0
23,14,1719556,1,0
23,15,1663074,1,0
23,16,1832564,1,0
23,17,1679809,1,0
23,18,1648798,1,0
23,19,1755504,1,0
23,20,2052041,1,0
23,21,1557207,1,0
23,22,1619105,1,0
23,23,1823452,1,0
23,24,1683923,1,0
23,25,1653479,1,0
23,26,1717439,1,0
23,27,1620199,1,0
23,28,1675165,1,0
23,29,1687488,1,0
23,30,1645620,1,0
23,31,1814341,1,0
23,32,2037553,1,0
23,33,1799375,1,0
23,34,1668129,1,0
23,35,1765271,1,0
23,36,1803451,1,0
23,37,1644551,1,0
23,38,1759436,1,0
23,39,1636350,1,0
23,40,1735433,1,0
23,41,1843949,1,0
23,42,2347632,1,0
23,43,1765437,1,0
23,44,1573453,1,0
23,45,1717367,1,0
23,46,1675917,1,0
23,47,1600304,1,0
23,48,1509891,1,0
23,49,1638395,1,0
23,50,1538648,1,0
23,51,1631201,1,0
23,52,1640305,1,0
23,53,1545679,1,0
23,54,1665784,1,0
23,55,1562140,1,0
23,56,1813213,1,0
23,57,1733133,1,0
23,58,1566537,1,0
23,59,1597162,1,0
24,0,1199624,1,0
24,1,1717515,1,0
24,2,1670726,1,0
24,3,1732109,1,0
24,4,1586786,1,0
24,5,1769312,1,0
24,6,1929256,1,0
24,7,1820992,1,0
24,8,1793032,1,0
24,9,1776495,1,0
24,10,1718969,1,0
24,11,1737204,1,0
24,12,1773694,1,0
24,13,1672280,1,0
24,14,1712486,1,0
24,15,1648470,1,0
24,16,1836679,1,0
24,17,1678162,1,0
24,18,1685348,1,0
24,19,1762514,1,0
24,20,1982159,1,0
24,21,1567467,1,0
24,22,1712660,1,0
24,23,1745692,1,0
24,24,1687559,1,0
24,25,1727819,1,0
24,26,1636971,1,0
24,27,1614673,1,0
24,28,1671774,1,0
24,29,1694241,1,0
24,30,1660575,1,0
24,31,1965432,1,0
24,32,2054457,1,0
24,33,1602712,1,0
24,34,1693337,1,0
24,35,1917496,1,0
24,36,1622112,1,0
24,37,1722100,1,0
24,38,1686790,1,0
24,39,1682156,1,0
24,40,1777508,1,0
24,41,2005248,1,0
24,42,2267463,1,0
24,43,1578120,1,0
24,44,1562588,1,0
24,45,1817932,1,0
24,46,1579652,1,0
24,47,1559453,1,0
24,48,1636240,1,0
24,49,1547733,1,0
24,50,1520520,1,0
24,51,1679086,1,0
24,52,1603125,1,0
24,53,1709214,1,0
24,54,1517634,1,0
24,55,1573761,1,0
24,56,1950178,1,0
24,57,1586546,1,0
24,58,1598892,1,0
24,59,1730930,1,0
25,0,1681166,1,0
25,1,1719810,1,0
25,2,1685467,1,0
25,3,1690527,1,0
25,4,1610658,1,0
25,5,1845178,1,0
25,6,1881588,1,0
25,7,1807362,1,0
25,8,1805720,1,0
25,9,1763828,1,0
25,10,1705661,1,0
25,11,1731909,1,0
25,12,1784334,1,0
25,13,1665734,1,0
25,14,1674608,1,0
25,15,1791936,1,0
25,16,1737715,1,0
25,17,1662550,1,0
25,18,1748311,1,0
25,19,1752889,1,0
25,20,1887290,1,0
25,21,1597500,1,0
25,22,1817561,1,0
25,23,1659249,1,0
25,24,1699871,1,0
25,25,1692806,1,0
25,26,1639554,1,0
25,27,1604740,1,0
25,28,1735472,1,0
25,29,1645868,1,0
25,30,1749667,1,0
25,31,2004562,1,0
25,32,1931619,1,0
25,33,1614537,1,0
25,34,1690721,1,0
25,35,1916165,1,0
25,36,1619172,1,0
25,37,1715631,1,0
25,38,1694855,1,0
25,39,1731096,1,0
25,40,1730001,1,0
25,41,2313516,1,0
25,42,1936440,1,0
25,43,1576971,1,0
25,44,1669585,1,0
25,45,1723622,1,0
25,46,1576019,1,0
25,47,1546404,1,0
25,48,1633617,1,0
25,49,1544410,1,0
25,50,1601043,1,0
25,51,1652849,1,0
25,52,1534497,1,0
25,53,1697990,1,0
25,54,1543840,1,0
25,55,1648735,1,0
25,56,1904220,1,0
25,57,1552382,1,0
25,58,1596970,1,0
25,59,1841793,1,0
26,0,318526,1,0
26,1,1208209,1,0
26,2,1702368,1,0
26,3,1720787,1,0
26,4,1643968,1,0
26,5,1673520,1,0
26,6,1922961,1,0
26,7,1843560,1,0
26,8,1817011,1,0
26,9,1746382,1,0
26,10,1726419,1,0
26,11,1742991,1,0
26,12,1745216,1,0
26,13,1719445,1,0
26,14,1721539,1,0
26,15,1668434,1,0
26,16,1829122,1,0
26,17,1674615,1,0
26,18,1647385,1,0
26,19,1779333,1,0
26,20,2034882,1,0
26,21,1540534,1,0
26,22,1633126,1,0
26,23,1825050,1,0
26,24,1675393,1,0
26,25,1672634,1,0
26,26,1701666,1,0
26,27,1620687,1,0
26,28,1680191,1,0
26,29,1680698,1,0
26,30,1643893,1,0
26,31,1828738,1,0
26,32,2055593,1,0
26,33,1767760,1,0
26,34,1676303,1,0
26,35,1803111,1,0
26,36,1759294,1,0
26,37,1660460,1,0
26,38,1744695,1,0
26,39,1640517,1,0
26,40,1742911,1,0
26,41,1849296,1,0
26,42,2382986,1,0
26,43,1708015,1,0
26,44,1571984,1,0
26,45,1741537,1,0
26,46,1653529,1,0
26,47,1607054,1,0
26,48,1505136,1,0
26,49,1630689,1,0
26,50,1537715,1,0
26,51,1638724,1,0
26,52,1645937,1,0
26,53,1542877,1,0
26,54,1663765,1,0
26,55,1560694,1,0
26,56,1870101,1,0
26,57,1680558,1,0
26,58,1560456,1,0
26,59,1617277,1,0
27,0,470818,1,0
27,1,1338408,1,0
27,2,1690116,1,0
27,3,1730224,1,0
27,4,1629915,1,0
27,5,1694078,1,0
27,6,1922910,1,0
27,7,1844103,1,0
27,8,1810596,1,0
27,9,1740929,1,0
27,10,1737427,1,0
27,11,1751962,1,0
27,12,1739236,1,0
27,13,1724583,1,0
27,14,1704701,1,0
27,15,1664430,1,0
27,16,1819222,1,0
27,17,1683794,1,0
27,18,1639697,1,0
27,19,1797042,1,0
27,20,2023339,1,0
27,21,1536168,1,0
27,22,1635279,1,0
27,23,1827394,1,0
27,24,1680635,1,0
27,25,1692752,1,0
27,26,1679655,1,0
27,27,1618451,1,0
27,28,1675503,1,0
27,29,1685930,1,0
27,30,1656282,1,0
27,31,1832063,1,0
27,32,2091170,1,0
27,33,1715605,1,0
27,34,1673638,1,0
27,35,1869135,1,0
27,36,1691785,1,0
27,37,1680014,1,0
27,38,1729329,1,0
27,39,1652853,1,0
27,40,1722360,1,0
27,41,1888753,1,0
27,42,2410361,1,0
27,43,1643802,1,0
27,44,1564238,1,0
27,45,1765756,1,0
27,46,1627211,1,0
27,47,1615931,1,0
27,48,1583658,1,0
27,49,1553147,1,0
27,50,1530292,1,0
27,51,1643763,1,0
27,52,1660765,1,0
27,53,1540190,1,0
27,54,1649803,1,0
27,55,1563551,1,0
27,56,1891194,1,0
27,57,1659673,1,0
27,58,1568685,1,0
27,59,1655686,1,0
28,0,1807289,1,0
28,1,1717678,1,0
28,2,1681522,1,0
28,3,1682513,1,0
28,4,1616857,1,0
28,5,1860109,1,0
28,6,1876058,1,0
28,7,1821363,1,0
28,8,1795090,1,0
28,9,1750677,1,0
28,10,1707713,1,0
28,11,1754377,1,0
28,12,1749955,1,0
28,13,1710545,1,0
28,14,1650089,1,0
28,15,1812110,1,0
28,16,1701283,1,0
28,17,1670779,1,0
28,18,1748454,1,0
28,19,1868342,1,0
28,20,1764093,1,0
28,21,1606762,1,0
28,22,1807265,1,0
28,23,1676524,1,0
28,24,1691080,1,0
28,25,1695934,1,0
28,26,1628305,1,0
28,27,1598652,1,0
28,28,1757736,1,0
28,29,1631193,1,0
28,30,1775460,1,0
28,31,2006341,1,0
28,32,1901410,1,0
28,33,1654326,1,0
28,34,1670130,1,0
28,35,1900820,1,0
28,36,1625590,1,0
28,37,1714152,1,0
28,38,1685084,1,0
28,39,1745999,1,0
28,40,1744088,1,0
28,41,2339351,1,0
28,42,1886896,1,0
28,43,1573340,1,0
28,44,1689425,1,0
28,45,1704904,1,0
28,46,1581871,1,0
28,47,1537332,1,0
28,48,1634181,1,0
28,49,1544884,1,0
28,50,1613546,1,0
28,51,1650899,1,0
28,52,1533080,1,0
28,53,1687264,1,0
28,54,1548849,1,0
28,55,1694370,1,0
28,56,1854876,1,0
28,57,1578540,1,0
28,58,1573740,1,0
28,59,1870784,1,0
29,0,900016,1,0
29,1,969074,1,0
29,2,1601869,1,0
29,3,1682103,1,0
29,4,1679847,1,0
29,5,1637270,1,0
29,6,1852678,1,0
29,7,1893857,1,0
29,8,1827278,1,0
29,9,1761978,1,0
29,10,1745448,1,0
29,11,1710807,1,0
29,12,1768919,1,0
29,13,1734612,1,0
29,14,1709993,1,0
29,15,1658475,1,0
29,16,1837665,1,0
29,17,1682366,1,0
29,18,1660126,1,0
29,19,1743627,1,0
29,20,1956947,1,0
29,21,1672140,1,0
29,22,1613096,1,0
29,23,1806776,1,0
29,24,1684678,1,0
29,25,1681752,1,0
29,26,1696243,1,0
29,27,1625054,1,0
29,28,1618197,1,0
29,29,1743029,1,0
29,30,1628515,1,0
29,31,1800365,1,0
29,32,1993199,1,0
29,33,1884037,1,0
29,34,1667246,1,0
29,35,1676937,1,0
29,36,1884577,1,0
29,37,1632992,1,0
29,38,1715193,1,0
29,39,1680468,1,0
29,40,1745781,1,0
29,41,1771771,1,0
29,42,2338023,1,0
29,43,1858976,1,0
29,44,1568011,1,0
29,45,1702281,1,0
29,46,1694546,1,0
29,47,1582757,1,0
29,48,1535714,1,0
29,49,1631350,1,0
29,50,1544484,1,0
29,51,1621119,1,0
29,52,1649066,1,0
29,53,1528110,1,0
29,54,1689191,1,0
29,55,1550685,1,0
29,56,1750500,1,0
29,57,1796579,1,0
29,58,1582166,1,0
29,59,1569094,1,0
30,0,888244,1,0
30,1,1721663,1,0
30,2,1685652,1,0
30,3,1740195,1,0
30,4,1583148,1,0
30,5,1743119,1,0
30,6,1929713,1,0
30,7,1823014,1,0
30,8,1806816,1,0
30,9,1773268,1,0
30,10,1728119,1,0
30,11,1732789,1,0
30,12,1768038,1,0
30,13,1693212,1,0
30,14,1707649,1,0
30,15,1648962,1,0
30,16,1837247,1,0
30,17,1675573,1,0
30,18,1639550,1,0
30,19,1796591,1,0
30,20,2007772,1,0
30,21,1551268,1,0
30,22,1677452,1,0
30,23,1786254,1,0
30,24,1672072,1,0
30,25,1760494,1,0
30,26,1624310,1,0
30,27,1613927,1,0
30,28,1666187,1,0
30,29,1696548,1,0
30,30,1650782,1,0
30,31,1920898,1,0
30,32,2107877,1,0
30,33,1607899,1,0
30,34,1682969,1,0
30,35,1919684,1,0
30,36,1620958,1,0
30,37,1710436,1,0
30,38,1702218,1,0
30,39,1667684,1,0
30,40,1729268,1,0
30,41,2000570,1,0
30,42,2341334,1,0
30,43,1572200,1,0
30,44,1553099,1,0
30,45,1810126,1,0
30,46,1599978,1,0
30,47,1571719,1,0
30,48,1617118,1,0
30,49,1561827,1,0
30,50,1519588,1,0
30,51,1665456,1,0
30,52,1629537,1,0
30,53,1680478,1,0
30,54,1534291,1,0
30,55,1552808,1,0
30,56,1932762,1,0
30,57,1618487,1,0
30,58,1597495,1,0
30,59,1702904,1,0
31,0,1297356,1,0
31,1,1707425,1,0
31,2,1669793,1,0
31,3,1732714,1,0
31,4,1581874,1,0
31,5,1800334,1,0
31,6,1912063,1,0
31,7,1816601,1,0
31,8,1796968,1,0
31,9,1774989,1,0
31,10,1715308,1,0
31,11,1739271,1,0
31,12,1773481,1,0
31,13,1674838,1,0
31,14,1696517,1,0
31,15,1670060,1,0
31,16,1831272,1,0
31,17,1671103,1,0
31,18,1699203,1,0
31,19,1759200,1,0
31,20,1964121,1,0
31,21,1569161,1,0
31,22,1747700,1,0
31,23,1717949,1,0
31,24,1684567,1,0
31,25,1719710,1,0
31,26,1645274,1,0
31,27,1611242,1,0
31,28,1674199,1,0
31,29,1695565,1,0
31,30,1670302,1,0
31,31,1976730,1,0
31,32,2035238,1,0
31,33,1598839,1,0
31,34,1701306,1,0
31,35,1915074,1,0
31,36,1622042,1,0
31,37,1719553,1,0
31,38,1687366,1,0
31,39,1687172,1,0
31,40,1791595,1,0
31,41,2030127,1,0
31,42,2212668,1,0
31,43,1579466,1,0
31,44,1574973,1,0
31,45,1821292,1,0
31,46,1574472,1,0
31,47,1552621,1,0
31,48,1651280,1,0
31,49,1526855,1,0
31,50,1525477,1,0
31,51,1685292,1,0
31,52,1589724,1,0
31,53,1712073,1,0
31,54,1520217,1,0
31,55,1576065,1,0
31,56,1965499,1,0
31,57,1563401,1,0
31,58,1603468,1,0
31,59,1751854,1,0
32,0,1378195,1,0
32,1,1702390,1,0
32,2,1686885,1,0
32,3,1718828,1,0
32,4,1577347,1,0
32,5,1827454,1,0
32,6,1892061,1,0
32,7,1816079,1,0
32,8,1796823,1,0
32,9,1777742,1,0
32,10,1716205,1,0
32,11,1728386,1,0
32,12,1780481,1,0
32,13,1668826,1,0
32,14,1694397,1,0
32,15,1676242,1,0
32,16,1827541,1,0
32,17,1675933,1,0
32,18,1702632,1,0
32,19,1760323,1,0
32,20,1952957,1,0
32,21,1569211,1,0
32,22,1769797,1,0
32,23,1702249,1,0
32,24,1683689,1,0
32,25,1711152,1,0
32,26,1655014,1,0
32,27,1606111,1,0
32,28,1679781,1,0
32,29,1693514,1,0
32,30,1674063,1,0
32,31,1994280,1,0
32,32,2009662,1,0
32,33,1603312,1,0
32,34,1703320,1,0
32,35,1913343,1,0
32,36,1619485,1,0
32,37,1719442,1,0
32,38,1688679,1,0
32,39,1693187,1,0
32,40,1788452,1,0
32,41,2063856,1,0
32,42,2172114,1,0
32,43,1582757,1,0
32,44,1577071,1,0
32,45,1824217,1,0
32,46,1568271,1,0
32,47,1555652,1,0
32,48,1647556,1,0
32,49,1533145,1,0
32,50,1519637,1,0
32,51,1691969,1,0
32,52,1575310,1,0
32,53,1713108,1,0
32,54,1534282,1,0
32,55,1573825,1,0
32,56,1980955,1,0
32,57,1536838,1,0
32,58,1603658,1,0
32,59,1764328,1,0
33,0,190426,1,0
33,1,1089764,1,0
33,2,1702152,1,0
33,3,1706100,1,0
33,4,1660718,1,0
33,5,1661130,1,0
33,6,1881196,1,0
33,7,1875876,1,0
33,8,1834307,1,0
33,9,1734461,1,0
33,10,1735052,1,0
33,11,1728189,1,0
33,12,1768858,1,0
33,13,1715327,1,0
33,14,1719864,1,0
33,15,1660617,1,0
33,16,1833187,1,0
33,17,1681799,1,0
33,18,1647659,1,0
33,19,1754323,1,0
33,20,2051818,1,0
33,21,1559735,1,0
33,22,1618843,1,0
33,23,1823602,1,0
33,24,1684178,1,0
33,25,1652759,1,0
33,26,1717577,1,0
33,27,1619822,1,0
33,28,1675627,1,0
33,29,1686765,1,0
33,30,1643665,1,0
33,31,1816550,1,0
33,32,2024336,1,0
33,33,1813792,1,0
33,34,1666531,1,0
33,35,1749408,1,0
33,36,1819620,1,0
33,37,1643261,1,0
33,38,1761197,1,0
33,39,1635059,1,0
33,40,1734165,1,0
33,41,1843693,1,0
33,42,2349030,1,0
33,43,1766492,1,0
33,44,1573433,1,0
33,45,1719002,1,0
33,46,1676080,1,0
33,47,1595962,1,0
33,48,1513543,1,0
33,49,1639377,1,0
33,50,1538832,1,0
33,51,1629019,1,0
33,52,1642759,1,0
33,53,1544258,1,0
33,54,1665165,1,0
33,55,1562446,1,0
33,56,1813104,1,0
33,57,1734090,1,0
33,58,1565960,1,0
33,59,1596563,1,0
34,0,877905,1,0
34,1,1045569,1,0
34,2,1707017,1,0
34,3,1698597,1,0
34,4,1664230,1,0
34,5,1658424,1,0
34,6,1869179,1,0
34,7,1876771,1,0
34,8,1839739,1,0
34,9,1742163,1,0
34,10,1724940,1,0
34,11,1736740,1,0
34,12,1768403,1,0
34,13,1719760,1,0
34,14,1716115,1,0
34,15,1660962,1,0
34,16,1832038,1,0
34,17,1686399,1,0
34,18,1646956,1,0
34,19,1752673,1,0
34,20,2050009,1,0
34,21,1565370,1,0
34,22,1616052,1,0
34,23,1819948,1,0
34,24,1688062,1,0
34,25,1651847,1,0
34,26,1717120,1,0
34,27,1623633,1,0
34,28,1676571,1,0
34,29,1682102,1,0
34,30,1637883,1,0
34,31,1814262,1,0
34,32,2016246,1,0
34,33,1830591,1,0
34,34,1669567,1,0
34,35,1727846,1,0
34,36,1839669,1,0
34,37,1642469,1,0
34,38,1757871,1,0
34,39,1635002,1,0
34,40,1735159,1,0
34,41,1817494,1,0
34,42,2356963,1,0
34,43,1787423,1,0
34,44,1569819,1,0
34,45,1719763,1,0
34,46,1672947,1,0
34,47,1600985,1,0
34,48,1516977,1,0
34,49,1634666,1,0
34,50,1544064,1,0
34,51,1622173,1,0
34,52,1648291,1,0
34,53,1537826,1,0
34,54,1672555,1,0
34,55,1561314,1,0
34,56,1795018,1,0
34,57,1751789,1,0
34,58,1569675,1,0
34,59,1580817,1,0
35,0,387247,1,0
35,1,912291,1,0
35,2,1689655,1,0
35,3,1684796,1,0
35,4,1679286,1,0
35,5,1641583,1,0
35,6,1863259,1,0
35,7,1879393,1,0
35,8,1844851,1,0
35,9,1752069,1,0
35,10,1727611,1,0
35,11,1728339,1,0
35,12,1769955,1,0
35,13,1726189,1,0
35,14,1712171,1,0
35,15,1658329,1,0
35,16,1837674,1,0
35,17,1684365,1,0
35,18,1650032,1,0
35,19,1747346,1,0
35,20,2030848,1,0
35,21,1591597,1,0
35,22,1618731,1,0
35,23,1809999,1,0
35,24,1688819,1,0
35,25,1661151,1,0
35,26,1712521,1,0
35,27,1623889,1,0
35,28,1659926,1,0
35,29,1698061,1,0
35,30,1632457,1,0
35,31,1811191,1,0
35,32,2006237,1,0
35,33,1851063,1,0
35,34,1670639,1,0
35,35,1709068,1,0
35,36,1852458,1,0
35,37,1640622,1,0
35,38,1716035,1,0
35,39,1675884,1,0
35,40,1737614,1,0
35,41,1802213,1,0
35,42,2355636,1,0
35,43,1811746,1,0
35,44,1567548,1,0
35,45,1713890,1,0
35,46,1682300,1,0
35,47,1591308,1,0
35,48,1525154,1,0
35,49,1638785,1,0
35,50,1539913,1,0
35,51,1621721,1,0
35,52,1650933,1,0
35,53,1530742,1,0
35,54,1680894,1,0
35,55,1557913,1,0
35,56,1775959,1,0
35,57,1773474,1,0
35,58,1573308,1,0
35,59,1570243,1,0
36,0,178425,1,0
36,1,923311,1,0
36,2,1612544,1,0
36,3,1683287,1,0
36,4,1679471,1,0
36,5,1637673,1,0
36,6,1850669,1,0
36,7,1895592,1,0
36,8,1827008,1,0
36,9,1762523,1,0
36,10,1744381,1,0
36,11,1712779,1,0
36,12,1768247,1,0
36,13,1732076,1,0
36,14,1711533,1,0
36,15,1658309,1,0
36,16,1837499,1,0
36,17,1683044,1,0
36,18,1661372,1,0
36,19,1743027,1,0
36,20,1969220,1,0
36,21,1658638,1,0
36,22,1614001,1,0
36,23,1804067,1,0
36,24,1688617,1,0
36,25,1678284,1,0
36,26,1696593,1,0
36,27,1628256,1,0
36,28,1615690,1,0
36,29,1743906,1,0
36,30,1627914,1,0
36,31,1800549,1,0
36,32,1994132,1,0
36,33,1881273,1,0
36,34,1667535,1,0
36,35,1680218,1,0
36,36,1884353,1,0
36,37,1633031,1,0
36,38,1714417,1,0
36,39,1678522,1,0
36,40,1744722,1,0
36,41,1781493,1,0
36,42,2331675,1,0
36,43,1858624,1,0
36,44,1566906,1,0
36,45,1703374,1,0
36,46,1690856,1,0
36,47,1584122,1,0
36,48,1535915,1,0
36,49,1630088,1,0
36,50,1546796,1,0
36,51,1620686,1,0
36,52,1649373,1,0
36,53,1528063,1,0
36,54,1689933,1,0
36,55,1550515,1,0
36,56,1748852,1,0
36,57,1797899,1,0
36,58,1580867,1,0
36,59,1569817,1,0
37,0,1588260,1,0
37,1,1711352,1,0
37,2,1682001,1,0
37,3,1703358,1,0
37,4,1602116,1,0
37,5,1827681,1,0
37,6,1902717,1,0
37,7,1804121,1,0
37,8,1800690,1,0
37,9,1774923,1,0
37,10,1700482,1,0
37,11,1729631,1,0
37,12,1789602,1,0
37,13,1661227,1,0
37,14,1675740,1,0
37,15,1774653,1,0
37,16,1764173,1,0
37,17,1656374,1,0
37,18,1741328,1,0
37,19,1747821,1,0
37,20,1908575,1,0
37,21,1590000,1,0
37,22,1815784,1,0
37,23,1653753,1,0
37,24,1700622,1,0
37,25,1690538,1,0
37,26,1648763,1,0
37,27,1603844,1,0
37,28,1724436,1,0
37,29,1660526,1,0
37,30,1719268,1,0
37,31,2011630,1,0
37,32,1945493,1,0
37,33,1610000,1,0
37,34,1697668,1,0
37,35,1919194,1,0
37,36,1618406,1,0
37,37,1715426,1,0
37,38,1687853,1,0
37,39,1717843,1,0
37,40,1758636,1,0
37,41,2162128,1,0
37,42,2066910,1,0
37,43,1593538,1,0
37,44,1658428,1,0
37,45,1733348,1,0
37,46,1574453,1,0
37,47,1548638,1,0
37,48,1638792,1,0
37,49,1536603,1,0
37,50,1597711,1,0
37,51,1638764,1,0
37,52,1557814,1,0
37,53,1699675,1,0
37,54,1540631,1,0
37,55,1603103,1,0
37,56,1957111,1,0
37,57,1533073,1,0
37,58,1607419,1,0
37,59,1808148,1,0
38,0,301737,1,0
38,1,1077874,1,0
38,2,1703964,1,0
38,3,1704461,1,0
38,4,1661103,1,0
38,5,1660802,1,0
38,6,1879068,1,0
38,7,1872801,1,0
38,8,1829634,1,0
38,9,1744381,1,0
38,10,1735062,1,0
38,11,1725920,1,0
38,12,1771877,1,0
38,13,1714915,1,0
38,14,1719898,1,0
38,15,1659424,1,0
38,16,1833489,1,0
38,17,1682443,1,0
38,18,1648975,1,0
38,19,1754338,1,0
38,20,2051012,1,0
38,21,1560865,1,0
38,22,1616947,1,0
38,23,1822696,1,0
38,24,1685859,1,0
38,25,1652059,1,0
38,26,1717676,1,0
38,27,1620970,1,0
38,28,1676112,1,0
38,29,1685246,1,0
38,30,1639936,1,0
38,31,1818209,1,0
38,32,2025069,1,0
38,33,1816002,1,0
38,34,1667223,1,0
38,35,1746687,1,0
38,36,1820474,1,0
38,37,1645075,1,0
38,38,1760487,1,0
38,39,1633948,1,0
38,40,1734036,1,0
38,41,1827266,1,0
38,42,2364069,1,0
38,43,1769695,1,0
38,44,1571931,1,0
38,45,1714653,1,0
38,46,1679725,1,0
38,47,1596695,1,0
38,48,1514562,1,0
38,49,1639131,1,0
38,50,1538290,1,0
38,51,1628935,1,0
38,52,1643178,1,0
38,53,1542016,1,0
38,54,1667905,1,0
38,55,1562013,1,0
38,56,1812221,1,0
38,57,1735991,1,0
38,58,1567317,1,0
38,59,1591011,1,0
39,0,1640352,1,0
39,1,1714801,1,0
39,2,1684705,1,0
39,3,1695858,1,0
39,4,1610738,1,0
39,5,1829703,1,0
39,6,1895049,1,0
39,7,1805621,1,0
39,8,1796897,1,0
39,9,1775527,1,0
39,10,1705909,1,0
39,11,1728406,1,0
39,12,1788831,1,0
39,13,1661968,1,0
39,14,1672884,1,0
39,15,1785564,1,0
39,16,1750057,1,0
39,17,1660602,1,0
39,18,1751015,1,0
39,19,1745001,1,0
39,20,1894242,1,0
39,21,1596079,1,0
39,22,1815931,1,0
39,23,1653058,1,0
39,24,1708774,1,0
39,25,1685892,1,0
39,26,1644931,1,0
39,27,1603889,1,0
39,28,1731877,1,0
39,29,1652009,1,0
39,30,1735787,1,0
39,31,2005612,1,0
39,32,1941455,1,0
39,33,1611397,1,0
39,34,1694309,1,0
39,35,1915998,1,0
39,36,1621455,1,0
39,37,1712628,1,0
39,38,1695317,1,0
39,39,1721503,1,0
39,40,1743893,1,0
39,41,2295476,1,0
39,42,1946722,1,0
39,43,1580350,1,0
39,44,1665395,1,0
39,45,1727014,1,0
39,46,1577411,1,0
39,47,1548407,1,0
39,48,1636219,1,0
39,49,1537485,1,0
39,50,1604205,1,0
39,51,1642035,1,0
39,52,1547061,1,0
39,53,1699074,1,0
39,54,1541451,1,0
39,55,1635329,1,0
39,56,1922267,1,0
39,57,1542468,1,0
39,58,1603399,1,0
39,59,1824929,1,0
40,0,1783164,1,0
40,1,1718431,1,0
40,2,1684444,1,0
40,3,1682559,1,0
40,4,1618023,1,0
40,5,1856918,1,0
40,6,1874666,1,0
40,7,1815360,1,0
40,8,1792797,1,0
40,9,1762692,1,0
40,10,1704028,1,0
40,11,1754142,1,0
40,12,1752904,1,0
40,13,1708347,1,0
40,14,1649157,1,0
40,15,1816849,1,0
40,16,1699876,1,0
40,17,1670963,1,0
40,18,1749581,1,0
40,19,1824198,1,0
40,20,1806629,1,0
40,21,1606898,1,0
40,22,1807660,1,0
40,23,1673969,1,0
40,24,1691706,1,0
40,25,1695939,1,0
40,26,1630968,1,0
40,27,1600072,1,0
40,28,1753916,1,0
40,29,1631778,1,0
40,30,1775545,1,0
40,31,1996519,1,0
40,32,1911009,1,0
40,33,1650855,1,0
40,34,1672235,1,0
40,35,1903009,1,0
40,36,1623096,1,0
40,37,1717901,1,0
40,38,1685078,1,0
40,39,1744554,1,0
40,40,1743070,1,0
40,41,2327302,1,0
40,42,1900416,1,0
40,43,1575387,1,0
40,44,1685692,1,0
40,45,1709170,1,0
40,46,1578049,1,0
40,47,1539063,1,0
40,48,1634951,1,0
40,49,1543128,1,0
40,50,1611546,1,0
40,51,1654190,1,0
40,52,1532575,1,0
40,53,1690337,1,0
40,54,1545466,1,0
40,55,1694591,1,0
40,56,1850502,1,0
40,57,1580154,1,0
40,58,1576449,1,0
40,59,1872119,1,0
41,0,1168899,1,0
41,1,1727184,1,0
41,2,1667713,1,0
41,3,1734027,1,0
41,4,1585392,1,0
41,5,1764666,1,0
41,6,1931009,1,0
41,7,1826595,1,0
41,8,1790931,1,0
41,9,1777761,1,0
41,10,1719188,1,0
41,11,1729781,1,0
41,12,1779704,1,0
41,13,1673935,1,0
41,14,1713115,1,0
41,15,1646539,1,0
41,16,1834125,1,0
41,17,1680672,1,0
41,18,1687248,1,0
41,19,1759158,1,0
41,20,1985173,1,0
41,21,1567630,1,0
41,22,1711104,1,0
41,23,1747537,1,0
41,24,1682350,1,0
41,25,1734794,1,0
41,26,1636217,1,0
41,27,1611704,1,0
41,28,1672873,1,0
41,29,1693664,1,0
41,30,1659666,1,0
41,31,1956285,1,0
41,32,2065749,1,0
41,33,1599811,1,0
41,34,1694316,1,0
41,35,1917742,1,0
41,36,1620843,1,0
41,37,1722347,1,0
41,38,1688456,1,0
41,39,1683065,1,0
41,40,1771196,1,0
41,41,2012229,1,0
41,42,2267570,1,0
41,43,1576472,1,0
41,44,1561076,1,0
41,45,1811683,1,0
41,46,1590590,1,0
41,47,1557402,1,0
41,48,1636129,1,0
41,49,1547152,1,0
41,50,1522522,1,0
41,51,1677880,1,0
41,52,1604651,1,0
41,53,1709220,1,0
41,54,1514721,1,0
41,55,1574992,1,0
41,56,1936903,1,0
41,57,1600902,1,0
41,58,1597619,1,0
41,59,1732954,1,0
42,0,591337,1,0
42,1,1566734,1,0
42,2,1686885,1,0
42,3,1741296,1,0
42,4,1601977,1,0
42,5,1732648,1,0
42,6,1916229,1,0
42,7,1831900,1,0
42,8,1804933,1,0
42,9,1761206,1,0
42,10,1734798,1,0
42,11,1736706,1,0
42,12,1762754,1,0
42,13,1716456,1,0
42,14,1695337,1,0
42,15,1651488,1,0
42,16,1828802,1,0
42,17,1679383,1,0
42,18,1623361,1,0
42,19,1805035,1,0
42,20,2021417,1,0
42,21,1549238,1,0
42,22,1647785,1,0
42,23,1822107,1,0
42,24,1658642,1,0
42,25,1732427,1,0
42,26,1666037,1,0
42,27,1607157,1,0
42,28,1675920,1,0
42,29,1682805,1,0
42,30,1656445,1,0
42,31,1882861,1,0
42,32,2087860,1,0
42,33,1662126,1,0
42,34,1691570,1,0
42,35,1905438,1,0
42,36,1638021,1,0
42,37,1678301,1,0
42,38,1729801,1,0
42,39,1659780,1,0
42,40,1716891,1,0
42,41,1960035,1,0
42,42,2388199,1,0
42,43,1587897,1,0
42,44,1557718,1,0
42,45,1788218,1,0
42,46,1594467,1,0
42,47,1612419,1,0
42,48,1606685,1,0
42,49,1556266,1,0
42,50,1526967,1,0
42,51,1636018,1,0
42,52,1660046,1,0
42,53,1606203,1,0
42,54,1600916,1,0
42,55,1548658,1,0
42,56,1917234,1,0
42,57,1631429,1,0
42,58,1589040,1,0
42,59,1689169,1,0
43,0,971740,1,0
43,1,1708153,1,0
43,2,1686390,1,0
43,3,1741449,1,0
43,4,1582671,1,0
43,5,1743933,1,0
43,6,1928136,1,0
43,7,1822779,1,0
43,8,1808607,1,0
43,9,1772471,1,0
43,10,1726815,1,0
43,11,1735798,1,0
43,12,1767627,1,0
43,13,1692385,1,0
43,14,1707867,1,0
43,15,1647831,1,0
43,16,1835899,1,0
43,17,1677923,1,0
43,18,1626564,1,0
43,19,1789023,1,0
43,20,2028532,1,0
43,21,1551683,1,0
43,22,1678561,1,0
43,23,1784919,1,0
43,24,1671890,1,0
43,25,1760663,1,0
43,26,1624427,1,0
43,27,1614586,1,0
43,28,1666460,1,0
43,29,1694050,1,0
43,30,1651466,1,0
43,31,1920746,1,0
43,32,2108676,1,0
43,33,1609950,1,0
43,34,1681059,1,0
43,35,1916008,1,0
43,36,1626072,1,0
43,37,1707029,1,0
43,38,1703427,1,0
43,39,1667218,1,0
43,40,1727131,1,0
43,41,2001836,1,0
43,42,2343034,1,0
43,43,1571367,1,0
43,44,1555485,1,0
43,45,1809286,1,0
43,46,1599556,1,0
43,47,1572183,1,0
43,48,1616254,1,0
43,49,1563589,1,0
43,50,1519951,1,0
43,51,1664342,1,0
43,52,1629991,1,0
43,53,1678915,1,0
43,54,1536864,1,0
43,55,1552111,1,0
43,56,1923590,1,0
43,57,1623682,1,0
43,58,1600386,1,0
43,59,1703779,1,0
44,0,131964,1,0
44,1,1268003,1,0
44,2,1694922,1,0
44,3,1726209,1,0
44,4,1639947,1,0
44,5,1677278,1,0
44,6,1929122,1,0
44,7,1839468,1,0
44,8,1818861,1,0
44,9,1739512,1,0
44,10,1739063,1,0
44,11,1744162,1,0
44,12,1734671,1,0
44,13,1718486,1,0
44,14,1716853,1,0
44,15,1670891,1,0
44,16,1825653,1,0
44,17,1681676,1,0
44,18,1640271,1,0
44,19,1788477,1,0
44,20,2027896,1,0
44,21,1540090,1,0
44,22,1633427,1,0
44,23,1826424,1,0
44,24,1676928,1,0
44,25,1677106,1,0
44,26,1696930,1,0
44,27,1616119,1,0
44,28,1680352,1,0
44,29,1681208,1,0
44,30,1652935,1,0
44,31,1833596,1,0
44,32,2075120,1,0
44,33,1738860,1,0
44,34,1671180,1,0
44,35,1845523,1,0
44,36,1717279,1,0
44,37,1673735,1,0
44,38,1735238,1,0
44,39,1642195,1,0
44,40,1737910,1,0
44,41,1859929,1,0
44,42,2403973,1,0
44,43,1674940,1,0
44,44,1567108,1,0
44,45,1756450,1,0
44,46,1640571,1,0
44,47,1611627,1,0
44,48,1517200,1,0
44,49,1616408,1,0
44,50,1535332,1,0
44,51,1642952,1,0
44,52,1652740,1,0
44,53,1538493,1,0
44,54,1661126,1,0
44,55,1562675,1,0
44,56,1879780,1,0
44,57,1668770,1,0
44,58,1566487,1,0
44,59,1640804,1,0
45,0,356001,1,0
45,1,1256300,1,0
45,2,1698008,1,0
45,3,1723006,1,0
45,4,1640863,1,0
45,5,1677615,1,0
45,6,1926897,1,0
45,7,1842571,1,0
45,8,1819047,1,0
45,9,1738884,1,0
45,10,1738344,1,0
45,11,1741669,1,0
45,12,1736489,1,0
45,13,1718259,1,0
45,14,1718873,1,0
45,15,1669209,1,0
45,16,1827752,1,0
45,17,1680286,1,0
45,18,1640172,1,0
45,19,1788333,1,0
45,20,2029031,1,0
45,21,1538911,1,0
45,22,1634946,1,0
45,23,1823718,1,0
45,24,1676947,1,0
45,25,1679738,1,0
45,26,1695354,1,0
45,27,1616221,1,0
45,28,1680464,1,0
45,29,1681898,1,0
45,30,1651283,1,0
45,31,1833706,1,0
45,32,2075026,1,0
45,33,1738395,1,0
45,34,1674029,1,0
45,35,1827859,1,0
45,36,1733746,1,0
45,37,1673915,1,0
45,38,1731292,1,0
45,39,1643022,1,0
45,40,1741995,1,0
45,41,1859913,1,0
45,42,2389844,1,0
45,43,1688268,1,0
45,44,1566730,1,0
45,45,1755872,1,0
45,46,1642583,1,0
45,47,1611436,1,0
45,48,1515325,1,0
45,49,1617296,1,0
45,50,1536472,1,0
45,51,1640146,1,0
45,52,1653669,1,0
45,53,1538914,1,0
45,54,1660721,1,0
45,55,1564478,1,0
45,56,1877162,1,0
45,57,1669986,1,0
45,58,1563799,1,0
45,59,1632591,1,0
46,0,166758,1,0
46,1,1622022,1,0
46,2,1689612,1,0
46,3,1741468,1,0
46,4,1595252,1,0
46,5,1734663,1,0
46,6,1918720,1,0
46,7,1832469,1,0
46,8,1811801,1,0
46,9,1761666,1,0
46,10,1726760,1,0
46,11,1738840,1,0
46,12,1765536,1,0
46,13,1704660,1,0
46,14,1701956,1,0
46,15,1649118,1,0
46,16,1832380,1,0
46,17,1678897,1,0
46,18,1628202,1,0
46,19,1795173,1,0
46,20,2027498,1,0
46,21,1545586,1,0
46,22,1663822,1,0
46,23,1808162,1,0
46,24,1662998,1,0
46,25,1744664,1,0
46,26,1644912,1,0
46,27,1613653,1,0
46,28,1671561,1,0
46,29,1683358,1,0
46,30,1661204,1,0
46,31,1882143,1,0
46,32,2103077,1,0
46,33,1646462,1,0
46,34,1689119,1,0
46,35,1905882,1,0
46,36,1638107,1,0
46,37,1697490,1,0
46,38,1713493,1,0
46,39,1653741,1,0
46,40,1720147,1,0
46,41,1976136,1,0
46,42,2384658,1,0
46,43,1571682,1,0
46,44,1559602,1,0
46,45,1798678,1,0
46,46,1592770,1,0
46,47,1595845,1,0
46,48,1610810,1,0
46,49,1559755,1,0
46,50,1525835,1,0
46,51,1644898,1,0
46,52,1646357,1,0
46,53,1640179,1,0
46,54,1574466,1,0
46,55,1547871,1,0
46,56,1922090,1,0
46,57,1625910,1,0
46,58,1590109,1,0
46,59,1699082,1,0
47,0,275994,1,0
47,1,1404680,1,0
47,2,1693493,1,0
47,3,1739250,1,0
47,4,1612654,1,0
47,5,1706867,1,0
47,6,1920639,1,0
47,7,1838732,1,0
47,8,1812539,1,0
47,9,1745714,1,0
47,10,1732649,1,0
47,11,1750630,1,0
47,12,1744124,1,0
47,13,1716013,1,0
47,14,1710379,1,0
47,15,1665251,1,0
47,16,1813529,1,0
47,17,1683898,1,0
47,18,1642380,1,0
47,19,1795115,1,0
47,20,2023102,1,0
47,21,1532428,1,0
47,22,1637504,1,0
47,23,1832044,1,0
47,24,1674596,1,0
47,25,1712811,1,0
47,26,1664712,1,0
47,27,1615981,1,0
47,28,1676089,1,0
47,29,1689318,1,0
47,30,1650912,1,0
47,31,1854747,1,0
47,32,2100646,1,0
47,33,1684865,1,0
47,34,1675819,1,0
47,35,1884269,1,0
47,36,1673955,1,0
47,37,1680029,1,0
47,38,1728510,1,0
47,39,1658869,1,0
47,40,1713227,1,0
47,41,1917669,1,0
47,42,2398654,1,0
47,43,1628069,1,0
47,44,1564120,1,0
47,45,1771271,1,0
47,46,1615979,1,0
47,47,1618321,1,0
47,48,1589084,1,0
47,49,1554539,1,0
47,50,1523254,1,0
47,51,1646051,1,0
47,52,1665780,1,0
47,53,1559088,1,0
47,54,1630957,1,0
47,55,1561457,1,0
47,56,1893621,1,0
47,57,1657032,1,0
47,58,1572532,1,0
47,59,1665544,1,0
48,0,200084,1,0
48,1,1483345,1,0
48,2,1689300,1,0
48,3,1742222,1,0
48,4,1612051,1,0
48,5,1712000,1,0
48,6,1922722,1,0
48,7,1840380,1,0
48,8,1803384,1,0
48,9,1759728,1,0
48,10,1732951,1,0
48,11,1741613,1,0
48,12,1741760,1,0
48,13,1713704,1,0
48,14,1715411,1,0
48,15,1655959,1,0
48,16,1820506,1,0
48,17,1685906,1,0
48,18,1631328,1,0
48,19,1799846,1,0
48,20,2022732,1,0
48,21,1540599,1,0
48,22,1639084,1,0
48,23,1837870,1,0
48,24,1656694,1,0
48,25,1727110,1,0
48,26,1660182,1,0
48,27,1615210,1,0
48,28,1678938,1,0
48,29,1683295,1,0
48,30,1649711,1,0
48,31,1866379,1,0
48,32,2095488,1,0
48,33,1677663,1,0
48,34,1683934,1,0
48,35,1901746,1,0
48,36,1652087,1,0
48,37,1679694,1,0
48,38,1728718,1,0
48,39,1655967,1,0
48,40,1711240,1,0
48,41,1945717,1,0
48,42,2384204,1,0
48,43,1610675,1,0
48,44,1564272,1,0
48,45,1779504,1,0
48,46,1605082,1,0
48,47,1617799,1,0
48,48,1590566,1,0
48,49,1561227,1,0
48,50,1524917,1,0
48,51,1640755,1,0
48,52,1664056,1,0
48,53,1576648,1,0
48,54,1619484,1,0
48,55,1554997,1,0
48,56,1900956,1,0
48,57,1647679,1,0
48,58,1577014,1,0
48,59,1690503,1,0
49,0,1285696,1,0
49,1,1708295,1,0
49,2,1671285,1,0
49,3,1731322,1,0
49,4,1584633,1,0
49,5,1794569,1,0
49,6,1914319,1,0
49,7,1816126,1,0
49,8,1795766,1,0
49,9,1777100,1,0
49,10,1716245,1,0
49,11,1735444,1,0
49,12,1774086,1,0
49,13,1676176,1,0
49,14,1697434,1,0
49,15,1670332,1,0
49,16,1832644,1,0
49,17,1668933,1,0
49,18,1700912,1,0
49,19,1754598,1,0
49,20,1969137,1,0
49,21,1567523,1,0
49,22,1747384,1,0
49,23,1715607,1,0
49,24,1687811,1,0
49,25,1719280,1,0
49,26,1644783,1,0
49,27,1611654,1,0
49,28,1675083,1,0
49,29,1693521,1,0
49,30,1663437,1,0
49,31,1985524,1,0
49,32,2032493,1,0
49,33,1599925,1,0
49,34,1697752,1,0
49,35,1916660,1,0
49,36,1625246,1,0
49,37,1719875,1,0
49,38,1687101,1,0
49,39,1688320,1,0
49,40,1787715,1,0
49,41,2020856,1,0
49,42,2227203,1,0
49,43,1578176,1,0
49,44,1573897,1,0
49,45,1820735,1,0
49,46,1575814,1,0
49,47,1550892,1,0
49,48,1651831,1,0
49,49,1527361,1,0
49,50,1524515,1,0
49,51,1686778,1,0
49,52,1589681,1,0
49,53,1712314,1,0
49,54,1519269,1,0
49,55,1576397,1,0
49,56,1964633,1,0
49,57,1565764,1,0
49,58,1601876,1,0
49,59,1751665,1,0
50,0,56138,1,0
50,1,935299,1,0
50,2,1645075,1,0
50,3,1685639,1,0
50,4,1677105,1,0
50,5,1638274,1,0
50,6,1851663,1,0
50,7,1893404,1,0
50,8,1828267,1,0
50,9,1763478,1,0
50,10,1738872,1,0
50,11,1718929,1,0
50,12,1774835,1,0
50,13,1722870,1,0
50,14,1712411,1,0
50,15,1659763,1,0
50,16,1843255,1,0
50,17,1676662,1,0
50,18,1656599,1,0
50,19,1745866,1,0
50,20,1992790,1,0
50,21,1633241,1,0
50,22,1615608,1,0
50,23,1805140,1,0
50,24,1691163,1,0
50,25,1670649,1,0
50,26,1703845,1,0
50,27,1627623,1,0
50,28,1651361,1,0
50,29,1708523,1,0
50,30,1627487,1,0
50,31,1798517,1,0
50,32,2002984,1,0
50,33,1872327,1,0
50,34,1666463,1,0
50,35,1693449,1,0
50,36,1871047,1,0
50,37,1633540,1,0
50,38,1715525,1,0
50,39,1678343,1,0
50,40,1743373,1,0
50,41,1783354,1,0
50,42,2346077,1,0
50,43,1839148,1,0
50,44,1567839,1,0
50,45,1707366,1,0
50,46,1689475,1,0
50,47,1584897,1,0
50,48,1532885,1,0
50,49,1636315,1,0
50,50,1541459,1,0
50,51,1619017,1,0
50,52,1653014,1,0
50,53,1528363,1,0
50,54,1684684,1,0
50,55,1554492,1,0
50,56,1760858,1,0
50,57,1786601,1,0
50,58,1577615,1,0
50,59,1569407,1,0
51,0,1446447,1,0
51,1,1699137,1,0
51,2,1689598,1,0
51,3,1712669,1,0
51,4,1585312,1,0
51,5,1825167,1,0
51,6,1904324,1,0
51,7,1804030,1,0
51,8,1791663,1,0
51,9,1790953,1,0
51,10,1711020,1,0
51,11,1722117,1,0
51,12,1779884,1,0
51,13,1671280,1,0
51,14,1685827,1,0
51,15,1711425,1,0
51,16,1806998,1,0
51,17,1668826,1,0
51,18,1709460,1,0
51,19,1758625,1,0
51,20,1942221,1,0
51,21,1575627,1,0
51,22,1799463,1,0
51,23,1669962,1,0
51,24,1691073,1,0
51,25,1701428,1,0
51,26,1655051,1,0
51,27,1610716,1,0
51,28,1693740,1,0
51,29,1680378,1,0
51,30,1683477,1,0
51,31,2005992,1,0
51,32,1988814,1,0
51,33,1603542,1,0
51,34,1699912,1,0
51,35,1915970,1,0
51,36,1618512,1,0
51,37,1718840,1,0
51,38,1687662,1,0
51,39,1707172,1,0
51,40,1776395,1,0
51,41,2096183,1,0
51,42,2137120,1,0
51,43,1582477,1,0
51,44,1577497,1,0
51,45,1824176,1,0
51,46,1567603,1,0
51,47,1553861,1,0
51,48,1646217,1,0
51,49,1536296,1,0
51,50,1532015,1,0
51,51,1684947,1,0
51,52,1570138,1,0
51,53,1707976,1,0
51,54,1536225,1,0
51,55,1582878,1,0
51,56,1975421,1,0
51,57,1535755,1,0
51,58,1601846,1,0
51,59,1789079,1,0
52,0,287650,1,0
52,1,1381141,1,0
52,2,1690523,1,0
52,3,1743689,1,0
52,4,1614648,1,0
52,5,1704738,1,0
52,6,1919665,1,0
52,7,1838234,1,0
52,8,1812114,1,0
52,9,1741280,1,0
52,10,1738965,1,0
52,11,1749921,1,0
52,12,1744431,1,0
52,13,1717816,1,0
52,14,1704897,1,0
52,15,1668473,1,0
52,16,1815070,1,0
52,17,1684391,1,0
52,18,1641503,1,0
52,19,1794604,1,0
52,20,2025106,1,0
52,21,1532034,1,0
52,22,1638068,1,0
52,23,1829078,1,0
52,24,1675554,1,0
52,25,1703943,1,0
52,26,1674757,1,0
52,27,1614669,1,0
52,28,1678018,1,0
52,29,1687516,1,0
52,30,1652395,1,0
52,31,1842415,1,0
52,32,2113520,1,0
52,33,1684772,1,0
52,34,1671944,1,0
52,35,1884584,1,0
52,36,1675498,1,0
52,37,1681305,1,0
52,38,1728498,1,0
52,39,1658653,1,0
52,40,1712836,1,0
52,41,1914340,1,0
52,42,2400370,1,0
52,43,1630467,1,0
52,44,1563969,1,0
52,45,1772529,1,0
52,46,1618832,1,0
52,47,1616401,1,0
52,48,1587831,1,0
52,49,1552220,1,0
52,50,1526931,1,0
52,51,1645738,1,0
52,52,1663748,1,0
52,53,1543025,1,0
52,54,1644350,1,0
52,55,1563605,1,0
52,56,1886166,1,0
52,57,1665944,1,0
52,58,1570145,1,0
52,59,1664361,1,0
53,0,1260029,1,0
53,1,1711252,1,0
53,2,1671663,1,0
53,3,1734558,1,0
53,4,1581287,1,0
53,5,1786220,1,0
53,6,1922250,1,0
53,7,1818151,1,0
53,8,1790877,1,0
53,9,1781895,1,0
53,10,1713178,1,0
53,11,1739545,1,0
53,12,1771407,1,0
53,13,1678233,1,0
53,14,1699649,1,0
53,15,1659774,1,0
53,16,1837580,1,0
53,17,1668939,1,0
53,18,1694916,1,0
53,19,1760989,1,0
53,20,1971494,1,0
53,21,1567742,1,0
53,22,1745874,1,0
53,23,1714589,1,0
53,24,1689003,1,0
53,25,1722330,1,0
53,26,1641664,1,0
53,27,1614949,1,0
53,28,1671525,1,0
53,29,1693845,1,0
53,30,1663505,1,0
53,31,1976164,1,0
53,32,2042182,1,0
53,33,1601141,1,0
53,34,1695121,1,0
53,35,1917423,1,0
53,36,1625691,1,0
53,37,1720091,1,0
53,38,1687020,1,0
53,39,1686120,1,0
53,40,1783917,1,0
53,41,2016298,1,0
53,42,2238105,1,0
53,43,1578114,1,0
53,44,1573464,1,0
53,45,1817882,1,0
53,46,1575907,1,0
53,47,1556063,1,0
53,48,1648077,1,0
53,49,1531474,1,0
53,50,1523832,1,0
53,51,1681441,1,0
53,52,1595356,1,0
53,53,1713871,1,0
53,54,1515780,1,0
53,55,1576539,1,0
53,56,1963434,1,0
53,57,1568815,1,0
53,58,1603465,1,0
53,59,1739997,1,0
54,0,1545262,1,0
54,1,1702105,1,0
54,2,1688303,1,0
54,3,1708256,1,0
54,4,1591115,1,0
54,5,1827660,1,0
54,6,1907579,1,0
54,7,1805462,1,0
54,8,1803132,1,0
54,9,1775267,1,0
54,10,1698833,1,0
54,11,1732098,1,0
54,12,1789226,1,0
54,13,1662612,1,0
54,14,1675424,1,0
54,15,1762574,1,0
54,16,1774245,1,0
54,17,1656387,1,0
54,18,1729156,1,0
54,19,1756908,1,0
54,20,1913386,1,0
54,21,1585769,1,0
54,22,1816639,1,0
54,23,1654607,1,0
54,24,1700531,1,0
54,25,1690301,1,0
54,26,1650280,1,0
54,27,1606974,1,0
54,28,1717583,1,0
54,29,1665931,1,0
54,30,1704311,1,0
54,31,2006350,1,0
54,32,1962534,1,0
54,33,1609388,1,0
54,34,1698788,1,0
54,35,1921614,1,0
54,36,1616171,1,0
54,37,1716569,1,0
54,38,1687847,1,0
54,39,1713608,1,0
54,40,1767214,1,0
54,41,2142380,1,0
54,42,2085275,1,0
54,43,1592432,1,0
54,44,1609515,1,0
54,45,1784982,1,0
54,46,1567235,1,0
54,47,1557891,1,0
54,48,1637502,1,0
54,49,1534177,1,0
54,50,1574690,1,0
54,51,1653594,1,0
54,52,1564446,1,0
54,53,1701735,1,0
54,54,1540282,1,0
54,55,1591782,1,0
54,56,1969455,1,0
54,57,1527125,1,0
54,58,1611389,1,0
54,59,1804677,1,0
55,0,212846,1,0
55,1,862838,1,0
55,2,1579463,1,0
55,3,1682827,1,0
55,4,1679032,1,0
55,5,1634232,1,0
55,6,1853086,1,0
55,7,1894540,1,0
55,8,1802202,1,0
55,9,1789087,1,0
55,10,1744099,1,0
55,11,1713252,1,0
55,12,1764171,1,0
55,13,1738979,1,0
55,14,1710415,1,0
55,15,1655495,1,0
55,16,1825628,1,0
55,17,1690756,1,0
55,18,1667411,1,0
55,19,1743765,1,0
55,20,1916317,1,0
55,21,1714306,1,0
55,22,1607685,1,0
55,23,1807555,1,0
55,24,1683644,1,0
55,25,1684533,1,0
55,26,1695866,1,0
55,27,1626664,1,0
55,28,1611962,1,0
55,29,1748065,1,0
55,30,1629515,1,0
55,31,1787765,1,0
55,32,2004551,1,0
55,33,1886241,1,0
55,34,1664691,1,0
55,35,1676790,1,0
55,36,1884713,1,0
55,37,1634361,1,0
55,38,1713681,1,0
55,39,1683543,1,0
55,40,1747449,1,0
55,41,1767970,1,0
55,42,2325983,1,0
55,43,1872532,1,0
55,44,1566898,1,0
55,45,1698535,1,0
55,46,1699950,1,0
55,47,1582607,1,0
55,48,1535671,1,0
55,49,1633159,1,0
55,50,1543399,1,0
55,51,1619358,1,0
55,52,1649454,1,0
55,53,1530252,1,0
55,54,1688011,1,0
55,55,1549831,1,0
55,56,1725725,1,0
55,57,1820434,1,0
55,58,1581649,1,0
55,59,1573395,1,0
56,0,1620808,1,0
56,1,1713163,1,0
56,2,1683237,1,0
56,3,1697427,1,0
56,4,1608374,1,0
56,5,1829056,1,0
56,6,1898598,1,0
56,7,1803683,1,0
56,8,1800301,1,0
56,9,1773950,1,0
56,10,1704490,1,0
56,11,1727940,1,0
56,12,1786193,1,0
56,13,1663313,1,0
56,14,1675697,1,0
56,15,1773105,1,0
56,16,1763958,1,0
56,17,1658927,1,0
56,18,1739128,1,0
56,19,1754088,1,0
56,20,1900622,1,0
56,21,1593404,1,0
56,22,1815060,1,0
56,23,1654620,1,0
56,24,1705985,1,0
56,25,1683907,1,0
56,26,1649066,1,0
56,27,1603920,1,0
56,28,1724982,1,0
56,29,1658043,1,0
56,30,1735300,1,0
56,31,2006354,1,0
56,32,1938854,1,0
56,33,1611184,1,0
56,34,1693929,1,0
56,35,1919354,1,0
56,36,1619569,1,0
56,37,1713699,1,0
56,38,1694374,1,0
56,39,1713844,1,0
56,40,1756161,1,0
56,41,2162729,1,0
56,42,2072443,1,0
56,43,1586485,1,0
56,44,1662776,1,0
56,45,1728644,1,0
56,46,1575636,1,0
56,47,1548022,1,0
56,48,1639755,1,0
56,49,1535590,1,0
56,50,1604955,1,0
56,51,1638273,1,0
56,52,1551398,1,0
56,53,1698290,1,0
56,54,1540840,1,0
56,55,1615956,1,0
56,56,1942713,1,0
56,57,1538755,1,0
56,58,1604216,1,0
56,59,1823575,1,0
57,0,155041,1,0
57,1,1518477,1,0
57,2,1691161,1,0
57,3,1740410,1,0
57,4,1607045,1,0
57,5,1718902,1,0
57,6,1919972,1,0
57,7,1842478,1,0
57,8,1799032,1,0
57,9,1760494,1,0
57,10,1737591,1,0
57,11,1736094,1,0
57,12,1749469,1,0
57,13,1730684,1,0
57,14,1691332,1,0
57,15,1655371,1,0
57,16,1825063,1,0
57,17,1683732,1,0
57,18,1626627,1,0
57,19,1803289,1,0
57,20,2021230,1,0
57,21,1542886,1,0
57,22,1638057,1,0
57,23,1837672,1,0
57,24,1657754,1,0
57,25,1723661,1,0
57,26,1666383,1,0
57,27,1612594,1,0
57,28,1679017,1,0
57,29,1681431,1,0
57,30,1652100,1,0
57,31,1877138,1,0
57,32,2089729,1,0
57,33,1671472,1,0
57,34,1687114,1,0
57,35,1907228,1,0
57,36,1643095,1,0
57,37,1678727,1,0
57,38,1728384,1,0
57,39,1659928,1,0
57,40,1704452,1,0
57,41,1963123,1,0
57,42,2383860,1,0
57,43,1598185,1,0
57,44,1561333,1,0
57,45,1781465,1,0
57,46,1602913,1,0
57,47,1615028,1,0
57,48,1595765,1,0
57,49,1561459,1,0
57,50,1525744,1,0
57,51,1637146,1,0
57,52,1662426,1,0
57,53,1581739,1,0
57,54,1619318,1,0
57,55,1552221,1,0
57,56,1908590,1,0
57,57,1641802,1,0
57,58,1577973,1,0
57,59,1687845,1,0
58,0,861959,1,0
58,1,1358839,1,0
58,2,1692067,1,0
58,3,1738333,1,0
58,4,1620122,1,0
58,5,1699762,1,0
58,6,1917538,1,0
58,7,1844652,1,0
58,8,1811527,1,0
58,9,1740185,1,0
58,10,1740459,1,0
58,11,1750603,1,0
58,12,1739325,1,0
58,13,1723862,1,0
58,14,1704538,1,0
58,15,1664184,1,0
58,16,1818659,1,0
58,17,1683888,1,0
58,18,1639861,1,0
58,19,1797610,1,0
58,20,2023532,1,0
58,21,1532922,1,0
58,22,1635590,1,0
58,23,1829048,1,0
58,24,1679025,1,0
58,25,1704377,1,0
58,26,1671158,1,0
58,27,1615547,1,0
58,28,1679044,1,0
58,29,1684863,1,0
58,30,1653226,1,0
58,31,1843227,1,0
58,32,2099658,1,0
58,33,1697471,1,0
58,34,1674778,1,0
58,35,1868610,1,0
58,36,1690714,1,0
58,37,1681179,1,0
58,38,1728904,1,0
58,39,1655822,1,0
58,40,1717201,1,0
58,41,1905013,1,0
58,42,2394813,1,0
58,43,1644008,1,0
58,44,1565159,1,0
58,45,1770952,1,0
58,46,1621201,1,0
58,47,1617101,1,0
58,48,1583292,1,0
58,49,1552641,1,0
58,50,1529495,1,0
58,51,1644468,1,0
58,52,1662884,1,0
58,53,1544692,1,0
58,54,1644684,1,0
58,55,1563413,1,0
58,56,1887772,1,0
58,57,1663397,1,0
58,58,1569925,1,0
58,59,1653282,1,0
59,0,836109,1,0
59,1,1024058,1,0
59,2,1706353,1,0
59,3,1696678,1,0
59,4,1667607,1,0
59,5,1649089,1,0
59,6,1872916,1,0
59,7,1877419,1,0
59,8,1839734,1,0
59,9,1747089,1,0
59,10,1724578,1,0
59,11,1729177,1,0
59,12,1772810,1,0
59,13,1725867,1,0
59,14,1709464,1,0
59,15,1660535,1,0
59,16,1835002,1,0
59,17,1685018,1,0
59,18,1649715,1,0
59,19,1752682,1,0
59,20,2048504,1,0
59,21,1566510,1,0
59,22,1617461,1,0
59,23,1816533,1,0
59,24,1687631,1,0
59,25,1656020,1,0
59,26,1716127,1,0
59,27,1623040,1,0
59,28,1666732,1,0
59,29,1689950,1,0
59,30,1636434,1,0
59,31,1815561,1,0
59,32,2016464,1,0
59,33,1832190,1,0
59,34,1670923,1,0
59,35,1711085,1,0
59,36,1853901,1,0
59,37,1643652,1,0
59,38,1756301,1,0
59,39,1636207,1,0
59,40,1732168,1,0
59,41,1821169,1,0
59,42,2354524,1,0
59,43,1793311,1,0
59,44,1566251,1,0
59,45,1719634,1,0
59,46,1675486,1,0
59,47,1595925,1,0
59,48,1519988,1,0
59,49,1638261,1,0
59,50,1540580,1,0
59,51,1622442,1,0
59,52,1649507,1,0
59,53,1535709,1,0
59,54,1674042,1,0
59,55,1561457,1,0
59,56,1794323,1,0
59,57,1754045,1,0
59,58,1569611,1,0
59,59,1575543,1,0
60,0,851094,1,0
60,1,1587860,1,0
60,2,1687657,1,0
60,3,1742020,1,0
60,4,1601098,1,0
60,5,1732356,1,0
60,6,1916729,1,0
60,7,1829861,1,0
60,8,1807305,1,0
60,9,1764715,1,0
60,10,1731736,1,0
60,11,1740043,1,0
60,12,1761099,1,0
60,13,1710731,1,0
60,14,1699338,1,0
60,15,1649680,1,0
60,16,1830722,1,0
60,17,1680258,1,0
60,18,1619248,1,0
60,19,1805979,1,0
60,20,2021041,1,0
60,21,1549621,1,0
60,22,1664756,1,0
60,23,1807879,1,0
60,24,1656479,1,0
60,25,1734248,1,0
60,26,1663436,1,0
60,27,1610654,1,0
60,28,1674849,1,0
60,29,1683968,1,0
60,30,1658757,1,0
60,31,1880619,1,0
60,32,2086992,1,0
60,33,1662567,1,0
60,34,1689276,1,0
60,35,1906363,1,0
60,36,1636746,1,0
60,37,1679683,1,0
60,38,1735219,1,0
60,39,1652439,1,0
60,40,1719049,1,0
60,41,1968997,1,0
60,42,2378049,1,0
60,43,1587889,1,0
60,44,1558393,1,0
60,45,1791235,1,0
60,46,1591060,1,0
60,47,1609104,1,0
60,48,1609796,1,0
60,49,1553720,1,0
60,50,1528335,1,0
60,51,1640250,1,0
60,52,1654053,1,0
60,53,1637051,1,0
60,54,1575268,1,0
60,55,1547397,1,0
60,56,1913877,1,0
60,57,1632409,1,0
60,58,1591420,1,0
60,59,1687805,1,0
61,0,118464,1,0
61,1,1393926,1,0
61,2,1693126,1,0
61,3,1739806,1,0
61,4,1614397,1,0
61,5,1705197,1,0
61,6,1920137,1,0
61,7,1838834,1,0
61,8,1812439,1,0
61,9,1748088,1,0
61,10,1731266,1,0
61,11,1749882,1,0
61,12,1745072,1,0
61,13,1713966,1,0
61,14,1709696,1,0
61,15,1666148,1,0
61,16,1814965,1,0
61,17,1682134,1,0
61,18,1644683,1,0
61,19,1793112,1,0
61,20,2024237,1,0
61,21,1533036,1,0
61,22,1637107,1,0
61,23,1831427,1,0
61,24,1675593,1,0
61,25,1702459,1,0
61,26,1674451,1,0
61,27,1615506,1,0
61,28,1676068,1,0
61,29,1690436,1,0
61,30,1649793,1,0
61,31,1843323,1,0
61,32,2112353,1,0
61,33,1685630,1,0
61,34,1674703,1,0
61,35,1883940,1,0
61,36,1674343,1,0
61,37,1681501,1,0
61,38,1727324,1,0
61,39,1659328,1,0
61,40,1713140,1,0
61,41,1913671,1,0
61,42,2401575,1,0
61,43,1630201,1,0
61,44,1564956,1,0
61,45,1770293,1,0
61,46,1617775,1,0
61,47,1616425,1,0
61,48,1588387,1,0
61,49,1553768,1,0
61,50,1525950,1,0
61,51,1645099,1,0
61,52,1665275,1,0
61,53,1544526,1,0
61,54,1644820,1,0
61,55,1563222,1,0
61,56,1892361,1,0
61,57,1657047,1,0
61,58,1570441,1,0
61,59,1666634,1,0
62,0,825587,1,0
62,1,1034831,1,0
62,2,1707057,1,0
62,3,1699590,1,0
62,4,1664624,1,0
62,5,1654486,1,0
62,6,1868376,1,0
62,7,1876559,1,0
62,8,1840603,1,0
62,9,1744086,1,0
62,10,1724549,1,0
62,11,1736840,1,0
62,12,1769005,1,0
62,13,1721689,1,0
62,14,1713118,1,0
62,15,1658740,1,0
62,16,1835060,1,0
62,17,1687243,1,0
62,18,1645016,1,0
62,19,1755159,1,0
62,20,2049078,1,0
62,21,1564947,1,0
62,22,1618415,1,0
62,23,1817940,1,0
62,24,1687488,1,0
62,25,1654198,1,0
62,26,1716024,1,0
62,27,1624470,1,0
62,28,1664368,1,0
62,29,1692768,1,0
62,30,1636516,1,0
62,31,1815278,1,0
62,32,2015234,1,0
62,33,1832969,1,0
62,34,1669758,1,0
62,35,1725516,1,0
62,36,1839395,1,0
62,37,1643001,1,0
62,38,1757704,1,0
62,39,1635420,1,0
62,40,1732707,1,0
62,41,1820785,1,0
62,42,2354849,1,0
62,43,1791760,1,0
62,44,1567903,1,0
62,45,1720437,1,0
62,46,1672589,1,0
62,47,1598048,1,0
62,48,1520899,1,0
62,49,1635058,1,0
62,50,1541777,1,0
62,51,1622240,1,0
62,52,1649209,1,0
62,53,1536740,1,0
62,54,1673348,1,0
62,55,1561332,1,0
62,56,1795341,1,0
62,57,1752844,1,0
62,58,1569975,1,0
62,59,1577173,1,0
63,0,1355503,1,0
63,1,1705864,1,0
63,2,1674296,1,0
63,3,1731480,1,0
63,4,1574775,1,0
63,5,1826006,1,0
63,6,1889828,1,0
63,7,1813318,1,0
63,8,1802908,1,0
63,9,1773477,1,0
63,10,1718013,1,0
63,11,1731050,1,0
63,12,1781071,1,0
63,13,1669383,1,0
63,14,1693304,1,0
63,15,1674266,1,0
63,16,1828196,1,0
63,17,1674384,1,0
63,18,1707527,1,0
63,19,1753559,1,0
63,20,1959573,1,0
63,21,1568044,1,0
63,22,1769420,1,0
63,23,1701462,1,0
63,24,1683681,1,0
63,25,1714387,1,0
63,26,1651313,1,0
63,27,1609474,1,0
63,28,1677143,1,0
63,29,1692075,1,0
63,30,1674133,1,0
63,31,1984816,1,0
63,32,2023881,1,0
63,33,1599019,1,0
63,34,1704789,1,0
63,35,1912546,1,0
63,36,1620455,1,0
63,37,1719747,1,0
63,38,1686136,1,0
63,39,1691845,1,0
63,40,1791168,1,0
63,41,2049528,1,0
63,42,2187223,1,0
63,43,1582411,1,0
63,44,1575682,1,0
63,45,1825027,1,0
63,46,1570414,1,0
63,47,1552627,1,0
63,48,1649139,1,0
63,49,1532242,1,0
63,50,1520066,1,0
63,51,1690944,1,0
63,52,1578663,1,0
63,53,1713248,1,0
63,54,1533687,1,0
63,55,1572121,1,0
63,56,1980210,1,0
63,57,1538138,1,0
63,58,1604877,1,0
63,59,1763480,1,0
64,0,423087,1,0
64,1,1219532,1,0
64,2,1701757,1,0
64,3,1721726,1,0
64,4,1642211,1,0
64,5,1677665,1,0
64,6,1920259,1,0
64,7,1843444,1,0
64,8,1814488,1,0
64,9,1748594,1,0
64,10,1724766,1,0
64,11,1749666,1,0
64,12,1742416,1,0
64,13,1715834,1,0
64,14,1722784,1,0
64,15,1669261,1,0
64,16,1827799,1,0
64,17,1675463,1,0
64,18,1646505,1,0
64,19,1781291,1,0
64,20,2031439,1,0
64,21,1541433,1,0
64,22,1634089,1,0
64,23,1824318,1,0
64,24,1676570,1,0
64,25,1672597,1,0
64,26,1701616,1,0
64,27,1618169,1,0
64,28,1681040,1,0
64,29,1681219,1,0
64,30,1646096,1,0
64,31,1825814,1,0
64,32,2068145,1,0
64,33,1757637,1,0
64,34,1674851,1,0
64,35,1817969,1,0
64,36,1743620,1,0
64,37,1663229,1,0
64,38,1742511,1,0
64,39,1641408,1,0
64,40,1742966,1,0
64,41,1849725,1,0
64,42,2398324,1,0
64,43,1690760,1,0
64,44,1570742,1,0
64,45,1743853,1,0
64,46,1651005,1,0
64,47,1608385,1,0
64,48,1506422,1,0
64,49,1630298,1,0
64,50,1537161,1,0
64,51,1638094,1,0
64,52,1647930,1,0
64,53,1542871,1,0
64,54,1663269,1,0
64,55,1561128,1,0
64,56,1868314,1,0
64,57,1680245,1,0
64,58,1562361,1,0
64,59,1630821,1,0
65,0,1705167,1,0
65,1,1715933,1,0
65,2,1689098,1,0
65,3,1688112,1,0
65,4,1610671,1,0
65,5,1845552,1,0
65,6,1883537,1,0
65,7,1809173,1,0
65,8,1803109,1,0
65,9,1767645,1,0
65,10,1699822,1,0
65,11,1737925,1,0
65,12,1778870,1,0
65,13,1667106,1,0
65,14,1676331,1,0
65,15,1789529,1,0
65,16,1736774,1,0
65,17,1661396,1,0
65,18,1756049,1,0
65,19,1751523,1,0
65,20,1878249,1,0
65,21,1597889,1,0
65,22,1820439,1,0
65,23,1660141,1,0
65,24,1699902,1,0
65,25,1694787,1,0
65,26,1635745,1,0
65,27,1604978,1,0
65,28,1736417,1,0
65,29,1646008,1,0
65,30,1749934,1,0
65,31,2004268,1,0
65,32,1930113,1,0
65,33,1621859,1,0
65,34,1687805,1,0
65,35,1914269,1,0
65,36,1621301,1,0
65,37,1714287,1,0
65,38,1689945,1,0
65,39,1738507,1,0
65,40,1724539,1,0
65,41,2330049,1,0
65,42,1921234,1,0
65,43,1572763,1,0
65,44,1677002,1,0
65,45,1719197,1,0
65,46,1576270,1,0
65,47,1546644,1,0
65,48,1632467,1,0
65,49,1544900,1,0
65,50,1600187,1,0
65,51,1656050,1,0
65,52,1537757,1,0
65,53,1693387,1,0
65,54,1544090,1,0
65,55,1664859,1,0
65,56,1884807,1,0
65,57,1563493,1,0
65,58,1588923,1,0
65,59,1840664,1,0
66,0,1565916,1,0
66,1,1705737,1,0
66,2,1689096,1,0
66,3,1704048,1,0
66,4,1597780,1,0
66,5,1826948,1,0
66,6,1905926,1,0
66,7,1801626,1,0
66,8,1803394,1,0
66,9,1774546,1,0
66,10,1699244,1,0
66,11,1729826,1,0
66,12,1791994,1,0
66,13,1661177,1,0
66,14,1676569,1,0
66,15,1771583,1,0
66,16,1764326,1,0
66,17,1657845,1,0
66,18,1726640,1,0
66,19,1761830,1,0
66,20,1909924,1,0
66,21,1587101,1,0
66,22,1816790,1,0
66,23,1652777,1,0
66,24,1702137,1,0
66,25,1688420,1,0
66,26,1651685,1,0
66,27,1604812,1,0
66,28,1719819,1,0
66,29,1664370,1,0
66,30,1715443,1,0
66,31,2014797,1,0
66,32,1943803,1,0
66,33,1609886,1,0
66,34,1700252,1,0
66,35,1921243,1,0
66,36,1616658,1,0
66,37,1713548,1,0
66,38,1688463,1,0
66,39,1716031,1,0
66,40,1762532,1,0
66,41,2147024,1,0
66,42,2081106,1,0
66,43,1592072,1,0
66,44,1656346,1,0
66,45,1735949,1,0
66,46,1572059,1,0
66,47,1554369,1,0
66,48,1637085,1,0
66,49,1536582,1,0
66,50,1595716,1,0
66,51,1634479,1,0
66,52,1564215,1,0
66,53,1698066,1,0
66,54,1542432,1,0
66,55,1591680,1,0
66,56,1968764,1,0
66,57,1529287,1,0
66,58,1610775,1,0
66,59,1803736,1,0
67,0,1103428,1,0
67,1,1723711,1,0
67,2,1678591,1,0
67,3,1737602,1,0
67,4,1584206,1,0
67,5,1756323,1,0
67,6,1930796,1,0
67,7,1833068,1,0
67,8,1793744,1,0
67,9,1773220,1,0
67,10,1722425,1,0
67,11,1729798,1,0
67,12,1777282,1,0
67,13,1680840,1,0
67,14,1712055,1,0
67,15,1645302,1,0
67,16,1837247,1,0
67,17,1678580,1,0
67,18,1671896,1,0
67,19,1768018,1,0
67,20,1996828,1,0
67,21,1559121,1,0
67,22,1701277,1,0
67,23,1760878,1,0
67,24,1678717,1,0
67,25,1742469,1,0
67,26,1632490,1,0
67,27,1610022,1,0
67,28,1674494,1,0
67,29,1693486,1,0
67,30,1654649,1,0
67,31,1945959,1,0
67,32,2081068,1,0
67,33,1603016,1,0
67,34,1690330,1,0
67,35,1915033,1,0
67,36,1622782,1,0
67,37,1723962,1,0
67,38,1691115,1,0
67,39,1675463,1,0
67,40,1745727,1,0
67,41,2021036,1,0
67,42,2290339,1,0
67,43,1571999,1,0
67,44,1560476,1,0
67,45,1806839,1,0
67,46,1600265,1,0
67,47,1560704,1,0
67,48,1628878,1,0
67,49,1552485,1,0
67,50,1524852,1,0
67,51,1664190,1,0
67,52,1620462,1,0
67,53,1692180,1,0
67,54,1525786,1,0
67,55,1575401,1,0
67,56,1924455,1,0
67,57,1611758,1,0
67,58,1598881,1,0
67,59,1725194,1,0
68,0,1554514,1,0
68,1,1705481,1,0
68,2,1689117,1,0
68,3,1704856,1,0
68,4,1596724,1,0
68,5,1827532,1,0
68,6,1903819,1,0
68,7,1804471,1,0
68,8,1803038,1,0
68,9,1776018,1,0
68,10,1696197,1,0
68,11,1732096,1,0
68,12,1790868,1,0
68,13,1662006,1,0
68,14,1676001,1,0
68,15,1761884,1,0
68,16,1774392,1,0
68,17,1657982,1,0
68,18,1727551,1,0
68,19,1758234,1,0
68,20,1911020,1,0
68,21,1588279,1,0
68,22,1816247,1,0
68,23,1653848,1,0
68,24,1700579,1,0
68,25,1690266,1,0
68,26,1651193,1,0
68,27,1606103,1,0
68,28,1718112,1,0
68,29,1663903,1,0
68,30,1705339,1,0
68,31,2025438,1,0
68,32,1944174,1,0
68,33,1608721,1,0
68,34,1699401,1,0
68,35,1923184,1,0
68,36,1615930,1,0
68,37,1714809,1,0
68,38,1686908,1,0
68,39,1714718,1,0
68,40,1764601,1,0
68,41,2146422,1,0
68,42,2081575,1,0
68,43,1593856,1,0
68,44,1653449,1,0
68,45,1739832,1,0
68,46,1569386,1,0
68,47,1556260,1,0
68,48,1636877,1,0
68,49,1536594,1,0
68,50,1595251,1,0
68,51,1633244,1,0
68,52,1563855,1,0
68,53,1699502,1,0
68,54,1540185,1,0
68,55,1592621,1,0
68,56,1970129,1,0
68,57,1527761,1,0
68,58,1611958,1,0
68,59,1804426,1,0
69,0,1081249,1,0
69,1,1720430,1,0
69,2,1682463,1,0
69,3,1738243,1,0
69,4,1582608,1,0
69,5,1754248,1,0
69,6,1930667,1,0
69,7,1832894,1,0
69,8,1795537,1,0
69,9,1774665,1,0
69,10,1717812,1,0
69,11,1734398,1,0
69,12,1776421,1,0
69,13,1680679,1,0
69,14,1712404,1,0
69,15,1647154,1,0
69,16,1836061,1,0
69,17,1677716,1,0
69,18,1672611,1,0
69,19,1767988,1,0
69,20,1993801,1,0
69,21,1559570,1,0
69,22,1692335,1,0
69,23,1771659,1,0
69,24,1677934,1,0
69,25,1746865,1,0
69,26,1629760,1,0
69,27,1611248,1,0
69,28,1673173,1,0
69,29,1693932,1,0
69,30,1654524,1,0
69,31,1932413,1,0
69,32,2094117,1,0
69,33,1605343,1,0
69,34,1687568,1,0
69,35,1915064,1,0
69,36,1622635,1,0
69,37,1723862,1,0
69,38,1690585,1,0
69,39,1675622,1,0
69,40,1736144,1,0
69,41,2021069,1,0
69,42,2301338,1,0
69,43,1571758,1,0
69,44,1557204,1,0
69,45,1807669,1,0
69,46,1604174,1,0
69,47,1560868,1,0
69,48,1625643,1,0
69,49,1556083,1,0
69,50,1524070,1,0
69,51,1661877,1,0
69,52,1622474,1,0
69,53,1691602,1,0
69,54,1527131,1,0
69,55,1572787,1,0
69,56,1925618,1,0
69,57,1611356,1,0
69,58,1596630,1,0
69,59,1717832,1,0
70,0,1761624,1,0
70,1,1715900,1,0
70,2,1685820,1,0
70,3,1685800,1,0
70,4,1616477,1,0
70,5,1856619,1,0
70,6,1874885,1,0
70,7,1809356,1,0
70,8,1798821,1,0
70,9,1763477,1,0
70,10,1702270,1,0
70,11,1752706,1,0
70,12,1757427,1,0
70,13,1675937,1,0
70,14,1679057,1,0
70,15,1792745,1,0
70,16,1722888,1,0
70,17,1669585,1,0
70,18,1751955,1,0
70,19,1808179,1,0
70,20,1825418,1,0
70,21,1597935,1,0
70,22,1815435,1,0
70,23,1670293,1,0
70,24,1690181,1,0
70,25,1697204,1,0
70,26,1632579,1,0
70,27,1602803,1,0
70,28,1751293,1,0
70,29,1633321,1,0
70,30,1763178,1,0
70,31,2007408,1,0
70,32,1911173,1,0
70,33,1644394,1,0
70,34,1677560,1,0
70,35,1906890,1,0
70,36,1620969,1,0
70,37,1718039,1,0
70,38,1685740,1,0
70,39,1740902,1,0
70,40,1742227,1,0
70,41,2329735,1,0
70,42,1902391,1,0
70,43,1572525,1,0
70,44,1682739,1,0
70,45,1713565,1,0
70,46,1578392,1,0
70,47,1541147,1,0
70,48,1635280,1,0
70,49,1543117,1,0
70,50,1609485,1,0
70,51,1655489,1,0
70,52,1532378,1,0
70,53,1690944,1,0
70,54,1545214,1,0
70,55,1679935,1,0
70,56,1866262,1,0
70,57,1574506,1,0
70,58,1581075,1,0
70,59,1869340,1,0
71,0,811698,1,0
71,1,945266,1,0
71,2,1699887,1,0
71,3,1685689,1,0
71,4,1678783,1,0
71,5,1641957,1,0
71,6,1867195,1,0
71,7,1879434,1,0
71,8,1841093,1,0
71,9,1751850,1,0
71,10,1727567,1,0
71,11,1728412,1,0
71,12,1769388,1,0
71,13,1727262,1,0
71,14,1712185,1,0
71,15,1658128,1,0
71,16,1837771,1,0
71,17,1686399,1,0
71,18,1647488,1,0
71,19,1748297,1,0
71,20,2046305,1,0
71,21,1575355,1,0
71,22,1619162,1,0
71,23,1811190,1,0
71,24,1688024,1,0
71,25,1659464,1,0
71,26,1714135,1,0
71,27,1622859,1,0
71,28,1659987,1,0
71,29,1697041,1,0
71,30,1635173,1,0
71,31,1809686,1,0
71,32,2007966,1,0
71,33,1846819,1,0
71,34,1672989,1,0
71,35,1708981,1,0
71,36,1853680,1,0
71,37,1640267,1,0
71,38,1717832,1,0
71,39,1673679,1,0
71,40,1736513,1,0
71,41,1810801,1,0
71,42,2350243,1,0
71,43,1809225,1,0
71,44,1566450,1,0
71,45,1716790,1,0
71,46,1680463,1,0
71,47,1591610,1,0
71,48,1525419,1,0
71,49,1636377,1,0
71,50,1540045,1,0
71,51,1622128,1,0
71,52,1649995,1,0
71,53,1532418,1,0
71,54,1679822,1,0
71,55,1558507,1,0
71,56,1776202,1,0
71,57,1773746,1,0
71,58,1571926,1,0
71,59,1570995,1,0
72,0,801143,1,0
72,1,1506698,1,0
72,2,1690889,1,0
72,3,1740818,1,0
72,4,1608465,1,0
72,5,1717395,1,0
72,6,1918609,1,0
72,7,1845169,1,0
72,8,1798660,1,0
72,9,1759719,1,0
72,10,1735873,1,0
72,11,1739066,1,0
72,12,1745583,1,0
72,13,1711088,1,0
72,14,1715349,1,0
72,15,1653482,1,0
72,16,1823988,1,0
72,17,1685045,1,0
72,18,1626880,1,0
72,19,1803359,1,0
72,20,2021295,1,0
72,21,1542574,1,0
72,22,1639280,1,0
72,23,1836947,1,0
72,24,1656795,1,0
72,25,1725649,1,0
72,26,1662018,1,0
72,27,1615177,1,0
72,28,1679877,1,0
72,29,1680719,1,0
72,30,1652313,1,0
72,31,1877060,1,0
72,32,2090002,1,0
72,33,1671421,1,0
72,34,1686027,1,0
72,35,1909745,1,0
72,36,1641507,1,0
72,37,1678381,1,0
72,38,1728736,1,0
72,39,1658501,1,0
72,40,1707037,1,0
72,41,1961914,1,0
72,42,2383932,1,0
72,43,1598471,1,0
72,44,1561473,1,0
72,45,1780926,1,0
72,46,1603338,1,0
72,47,1616717,1,0
72,48,1591796,1,0
72,49,1563770,1,0
72,50,1524426,1,0
72,51,1638873,1,0
72,52,1663699,1,0
72,53,1579828,1,0
72,54,1617986,1,0
72,55,1554385,1,0
72,56,1898981,1,0
72,57,1652416,1,0
72,58,1575940,1,0
72,59,1689303,1,0
73,0,410318,1,0
73,1,1231528,1,0
73,2,1701108,1,0
73,3,1720226,1,0
73,4,1643299,1,0
73,5,1675828,1,0
73,6,1927209,1,0
73,7,1842694,1,0
73,8,1811002,1,0
73,9,1746654,1,0
73,10,1726318,1,0
73,11,1753436,1,0
73,12,1737590,1,0
73,13,1717439,1,0
73,14,1721697,1,0
73,15,1669071,1,0
73,16,1827516,1,0
73,17,1678822,1,0
73,18,1642359,1,0
73,19,1783627,1,0
73,20,2030329,1,0
73,21,1541404,1,0
73,22,1635773,1,0
73,23,1820815,1,0
73,24,1678370,1,0
73,25,1681867,1,0
73,26,1691605,1,0
73,27,1618603,1,0
73,28,1681305,1,0
73,29,1679971,1,0
73,30,1651725,1,0
73,31,1834697,1,0
73,32,2059316,1,0
73,33,1753359,1,0
73,34,1674358,1,0
73,35,1820267,1,0
73,36,1741231,1,0
73,37,1664615,1,0
73,38,1740149,1,0
73,39,1643627,1,0
73,40,1741108,1,0
73,41,1851618,1,0
73,42,2395805,1,0
73,43,1691375,1,0
73,44,1570991,1,0
73,45,1747288,1,0
73,46,1648206,1,0
73,47,1608620,1,0
73,48,1506439,1,0
73,49,1629033,1,0
73,50,1536893,1,0
73,51,1639435,1,0
73,52,1648830,1,0
73,53,1541091,1,0
73,54,1662770,1,0
73,55,1561453,1,0
73,56,1867954,1,0
73,57,1682542,1,0
73,58,1560636,1,0
73,59,1632533,1,0
74,0,445409,1,0
74,1,1120849,1,0
74,2,1702359,1,0
74,3,1711094,1,0
74,4,1655628,1,0
74,5,1663581,1,0
74,6,1893912,1,0
74,7,1870250,1,0
74,8,1827564,1,0
74,9,1743809,1,0
74,10,1723119,1,0
74,11,1730369,1,0
74,12,1766081,1,0
74,13,1716778,1,0
74,14,1719450,1,0
74,15,1664512,1,0
74,16,1834073,1,0
74,17,1676763,1,0
74,18,1648214,1,0
74,19,1756165,1,0
74,20,2052655,1,0
74,21,1551806,1,0
74,22,1621498,1,0
74,23,1826219,1,0
74,24,1682770,1,0
74,25,1653142,1,0
74,26,1719473,1,0
74,27,1617738,1,0
74,28,1685636,1,0
74,29,1676795,1,0
74,30,1644303,1,0
74,31,1822823,1,0
74,32,2033145,1,0
74,33,1796515,1,0
74,34,1668351,1,0
74,35,1767006,1,0
74,36,1801606,1,0
74,37,1650365,1,0
74,38,1757640,1,0
74,39,1634971,1,0
74,40,1739617,1,0
74,41,1836479,1,0
74,42,2364922,1,0
74,43,1749538,1,0
74,44,1575960,1,0
74,45,1715138,1,0
74,46,1674813,1,0
74,47,1605591,1,0
74,48,1504226,1,0
74,49,1642273,1,0
74,50,1534506,1,0
74,51,1631696,1,0
74,52,1641233,1,0
74,53,1546653,1,0
74,54,1663696,1,0
74,55,1563611,1,0
74,56,1826809,1,0
74,57,1718825,1,0
74,58,1566652,1,0
74,59,1604377,1,0
75,0,399087,1,0
75,1,1552938,1,0
75,2,1689241,1,0
75,3,1741829,1,0
75,4,1602209,1,0
75,5,1728819,1,0
75,6,1918825,1,0
75,7,1832110,1,0
75,8,1804421,1,0
75,9,1761984,1,0
75,10,1736443,1,0
75,11,1735957,1,0
75,12,1757591,1,0
75,13,1721517,1,0
75,14,1692659,1,0
75,15,1653374,1,0
75,16,1827217,1,0
75,17,1681789,1,0
75,18,1623793,1,0
75,19,1803905,1,0
75,20,2021155,1,0
75,21,1548969,1,0
75,22,1647685,1,0
75,23,1821911,1,0
75,24,1660309,1,0
75,25,1733105,1,0
75,26,1663769,1,0
75,27,1608737,1,0
75,28,1676990,1,0
75,29,1679866,1,0
75,30,1655555,1,0
75,31,1876016,1,0
75,32,2096421,1,0
75,33,1663405,1,0
75,34,1690120,1,0
75,35,1902214,1,0
75,36,1643104,1,0
75,37,1677341,1,0
75,38,1730327,1,0
75,39,1660223,1,0
75,40,1714564,1,0
75,41,1960596,1,0
75,42,2386461,1,0
75,43,1588431,1,0
75,44,1560211,1,0
75,45,1786244,1,0
75,46,1596140,1,0
75,47,1613016,1,0
75,48,1605985,1,0
75,49,1557394,1,0
75,50,1525073,1,0
75,51,1637034,1,0
75,52,1659054,1,0
75,53,1605801,1,0
75,54,1601468,1,0
75,55,1548327,1,0
75,56,1905708,1,0
75,57,1644147,1,0
75,58,1587076,1,0
75,59,1690890,1,0
76,0,1500212,1,0
76,1,1702157,1,0
76,2,1688781,1,0
76,3,1708499,1,0
76,4,1591209,1,0
76,5,1824005,1,0
76,6,1911264,1,0
76,7,1797384,1,0
76,8,1787095,1,0
76,9,1795750,1,0
76,10,1705940,1,0
76,11,1726943,1,0
76,12,1792442,1,0
76,13,1659519,1,0
76,14,1679196,1,0
76,15,1755221,1,0
76,16,1778051,1,0
76,17,1659602,1,0
76,18,1714475,1,0
76,19,1763353,1,0
76,20,1922672,1,0
76,21,1582304,1,0
76,22,1814765,1,0
76,23,1657691,1,0
76,24,1699371,1,0
76,25,1686590,1,0
76,26,1654745,1,0
76,27,1611519,1,0
76,28,1708889,1,0
76,29,1669007,1,0
76,30,1693674,1,0
76,31,2004225,1,0
76,32,1979178,1,0
76,33,1606241,1,0
76,34,1701298,1,0
76,35,1917789,1,0
76,36,1614742,1,0
76,37,1715022,1,0
76,38,1689678,1,0
76,39,1716246,1,0
76,40,1772676,1,0
76,41,2105155,1,0
76,42,2120583,1,0
76,43,1585129,1,0
76,44,1582994,1,0
76,45,1817760,1,0
76,46,1566337,1,0
76,47,1556515,1,0
76,48,1644613,1,0
76,49,1533081,1,0
76,50,1550314,1,0
76,51,1671251,1,0
76,52,1568772,1,0
76,53,1703502,1,0
76,54,1538813,1,0
76,55,1586976,1,0
76,56,1974339,1,0
76,57,1527365,1,0
76,58,1604870,1,0
76,59,1801216,1,0
77,0,1773045,1,0
77,1,1717951,1,0
77,2,1683775,1,0
77,3,1683312,1,0
77,4,1618249,1,0
77,5,1857295,1,0
77,6,1874546,1,0
77,7,1812485,1,0
77,8,1794020,1,0
77,9,1764392,1,0
77,10,1702858,1,0
77,11,1753793,1,0
77,12,1754627,1,0
77,13,1677761,1,0
77,14,1677576,1,0
77,15,1818084,1,0
77,16,1698345,1,0
77,17,1671572,1,0
77,18,1750666,1,0
77,19,1823806,1,0
77,20,1807428,1,0
77,21,1603323,1,0
77,22,1810742,1,0
77,23,1672966,1,0
77,24,1689912,1,0
77,25,1695971,1,0
77,26,1632531,1,0
77,27,1601125,1,0
77,28,1753852,1,0
77,29,1632588,1,0
77,30,1773429,1,0
77,31,1998110,1,0
77,32,1909453,1,0
77,33,1649147,1,0
77,34,1674452,1,0
77,35,1904198,1,0
77,36,1622765,1,0
77,37,1717576,1,0
77,38,1686810,1,0
77,39,1740815,1,0
77,40,1739917,1,0
77,41,2331987,1,0
77,42,1902322,1,0
77,43,1573313,1,0
77,44,1683705,1,0
77,45,1712503,1,0
77,46,1576321,1,0
77,47,1541685,1,0
77,48,1634142,1,0
77,49,1543415,1,0
77,50,1610840,1,0
77,51,1653816,1,0
77,52,1534074,1,0
77,53,1688935,1,0
77,54,1546208,1,0
77,55,1680681,1,0
77,56,1865175,1,0
77,57,1577788,1,0
77,58,1577643,1,0
77,59,1872268,1,0
78,0,1366683,1,0
78,1,1704237,1,0
78,2,1684686,1,0
78,3,1721276,1,0
78,4,1575933,1,0
78,5,1828249,1,0
78,6,1888206,1,0
78,7,1812860,1,0
78,8,1804190,1,0
78,9,1772999,1,0
78,10,1717816,1,0
78,11,1729033,1,0
78,12,1782330,1,0
78,13,1668646,1,0
78,14,1695538,1,0
78,15,1673098,1,0
78,16,1827004,1,0
78,17,1677577,1,0
78,18,1703227,1,0
78,19,1757480,1,0
78,20,1955456,1,0
78,21,1570375,1,0
78,22,1768246,1,0
78,23,1701440,1,0
78,24,1684107,1,0
78,25,1712797,1,0
78,26,1652947,1,0
78,27,1608423,1,0
78,28,1677531,1,0
78,29,1694180,1,0
78,30,1673312,1,0
78,31,1994869,1,0
78,32,2011753,1,0
78,33,1601359,1,0
78,34,1704219,1,0
78,35,1912861,1,0
78,36,1619388,1,0
78,37,1718592,1,0
78,38,1687538,1,0
78,39,1693469,1,0
78,40,1789512,1,0
78,41,2063608,1,0
78,42,2174269,1,0
78,43,1581916,1,0
78,44,1578157,1,0
78,45,1822952,1,0
78,46,1567779,1,0
78,47,1556054,1,0
78,48,1647803,1,0
78,49,1532250,1,0
78,50,1520860,1,0
78,51,1691024,1,0
78,52,1576110,1,0
78,53,1712657,1,0
78,54,1535455,1,0
78,55,1571816,1,0
78,56,1982714,1,0
78,57,1536472,1,0
78,58,1604257,1,0
78,59,1763522,1,0
79,0,1035655,1,0
79,1,1721570,1,0
79,2,1681840,1,0
79,3,1742351,1,0
79,4,1580687,1,0
79,5,1747182,1,0
79,6,1929881,1,0
79,7,1819005,1,0
79,8,1809182,1,0
79,9,1776966,1,0
79,10,1725627,1,0
79,11,1730693,1,0
79,12,1773267,1,0
79,13,1688239,1,0
79,14,1707814,1,0
79,15,1649874,1,0
79,16,1832679,1,0
79,17,1678896,1,0
79,18,1638057,1,0
79,19,1799833,1,0
79,20,2003717,1,0
79,21,1552235,1,0
79,22,1678672,1,0
79,23,1782890,1,0
79,24,1679553,1,0
79,25,1751641,1,0
79,26,1628873,1,0
79,27,1612965,1,0
79,28,1669011,1,0
79,29,1693539,1,0
79,30,1655238,1,0
79,31,1928863,1,0
79,32,2095827,1,0
79,33,1608651,1,0
79,34,1685793,1,0
79,35,1915951,1,0
79,36,1622285,1,0
79,37,1721912,1,0
79,38,1689752,1,0
79,39,1672594,1,0
79,40,1732461,1,0
79,41,2005071,1,0
79,42,2328286,1,0
79,43,1572055,1,0
79,44,1553737,1,0
79,45,1809703,1,0
79,46,1603603,1,0
79,47,1566610,1,0
79,48,1621473,1,0
79,49,1556811,1,0
79,50,1522783,1,0
79,51,1664161,1,0
79,52,1624627,1,0
79,53,1687115,1,0
79,54,1532547,1,0
79,55,1559249,1,0
79,56,1925773,1,0
79,57,1619079,1,0
79,58,1598206,1,0
79,59,1715645,1,0
80,0,790692,1,0
80,1,1449929,1,0
80,2,1693455,1,0
80,3,1739665,1,0
80,4,1611625,1,0
80,5,1708790,1,0
80,6,1924117,1,0
80,7,1831208,1,0
80,8,1815967,1,0
80,9,1759467,1,0
80,10,1732147,1,0
80,11,1740798,1,0
80,12,1742801,1,0
80,13,1707885,1,0
80,14,1717039,1,0
80,15,1662801,1,0
80,16,1813102,1,0
80,17,1686204,1,0
80,18,1635767,1,0
80,19,1798666,1,0
80,20,2024364,1,0
80,21,1539321,1,0
80,22,1635286,1,0
80,23,1835877,1,0
80,24,1663845,1,0
80,25,1713428,1,0
80,26,1669711,1,0
80,27,1616311,1,0
80,28,1678498,1,0
80,29,1685200,1,0
80,30,1649594,1,0
80,31,1866824,1,0
80,32,2096724,1,0
80,33,1675953,1,0
80,34,1681652,1,0
80,35,1890563,1,0
80,36,1661481,1,0
80,37,1682373,1,0
80,38,1730173,1,0
80,39,1653104,1,0
80,40,1713299,1,0
80,41,1938086,1,0
80,42,2391812,1,0
80,43,1614501,1,0
80,44,1562892,1,0
80,45,1778238,1,0
80,46,1608797,1,0
80,47,1615807,1,0
80,48,1590956,1,0
80,49,1558326,1,0
80,50,1519390,1,0
80,51,1645913,1,0
80,52,1667723,1,0
80,53,1563502,1,0
80,54,1630187,1,0
80,55,1556990,1,0
80,56,1901202,1,0
80,57,1647372,1,0
80,58,1576845,1,0
80,59,1679973,1,0
81,0,1138015,1,0
81,1,1724063,1,0
81,2,1678011,1,0
81,3,1738698,1,0
81,4,1583664,1,0
81,5,1760738,1,0
81,6,1927840,1,0
81,7,1831758,1,0
81,8,1792923,1,0
81,9,1775592,1,0
81,10,1719626,1,0
81,11,1727923,1,0
81,12,1780202,1,0
81,13,1678461,1,0
81,14,1712302,1,0
81,15,1644304,1,0
81,16,1836062,1,0
81,17,1681086,1,0
81,18,1684296,1,0
81,19,1761233,1,0
81,20,1985848,1,0
81,21,1565444,1,0
81,22,1700474,1,0
81,23,1758759,1,0
81,24,1682104,1,0
81,25,1738816,1,0
81,26,1633754,1,0
81,27,1610699,1,0
81,28,1673147,1,0
81,29,1694618,1,0
81,30,1656829,1,0
81,31,1956557,1,0
81,32,2068728,1,0
81,33,1601270,1,0
81,34,1692720,1,0
81,35,1912957,1,0
81,36,1624398,1,0
81,37,1722547,1,0
81,38,1688717,1,0
81,39,1680353,1,0
81,40,1763434,1,0
81,41,2011169,1,0
81,42,2276703,1,0
81,43,1576169,1,0
81,44,1560536,1,0
81,45,1813655,1,0
81,46,1592605,1,0
81,47,1559325,1,0
81,48,1630868,1,0
81,49,1549770,1,0
81,50,1524478,1,0
81,51,1675969,1,0
81,52,1606766,1,0
81,53,1698174,1,0
81,54,1524140,1,0
81,55,1574007,1,0
81,56,1936512,1,0
81,57,1601339,1,0
81,58,1597766,1,0
81,59,1726260,1,0
82,0,1599041,1,0
82,1,1713071,1,0
82,2,1679579,1,0
82,3,1704243,1,0
82,4,1602271,1,0
82,5,1827700,1,0
82,6,1904691,1,0
82,7,1802855,1,0
82,8,1799606,1,0
82,9,1775654,1,0
82,10,1701056,1,0
82,11,1728349,1,0
82,12,1789239,1,0
82,13,1661444,1,0
82,14,1676532,1,0
82,15,1773157,1,0
82,16,1764538,1,0
82,17,1657644,1,0
82,18,1739525,1,0
82,19,1749960,1,0
82,20,1906079,1,0
82,21,1590119,1,0
82,22,1816701,1,0
82,23,1654668,1,0
82,24,1702275,1,0
82,25,1687244,1,0
82,26,1650926,1,0
82,27,1603912,1,0
82,28,1723773,1,0
82,29,1659401,1,0
82,30,1721394,1,0
82,31,2010433,1,0
82,32,1945372,1,0
82,33,1611516,1,0
82,34,1696410,1,0
82,35,1919370,1,0
82,36,1617773,1,0
82,37,1714398,1,0
82,38,1694693,1,0
82,39,1712192,1,0
82,40,1758170,1,0
82,41,2162409,1,0
82,42,2067345,1,0
82,43,1592569,1,0
82,44,1660477,1,0
82,45,1730396,1,0
82,46,1575546,1,0
82,47,1549602,1,0
82,48,1635870,1,0
82,49,1539183,1,0
82,50,1602196,1,0
82,51,1636791,1,0
82,52,1554228,1,0
82,53,1700033,1,0
82,54,1539203,1,0
82,55,1611622,1,0
82,56,1948110,1,0
82,57,1534447,1,0
82,58,1606884,1,0
82,59,1809776,1,0
83,0,1343013,1,0
83,1,1706847,1,0
83,2,1673812,1,0
83,3,1731977,1,0
83,4,1573731,1,0
83,5,1823763,1,0
83,6,1892994,1,0
83,7,1814581,1,0
83,8,1801104,1,0
83,9,1773057,1,0
83,10,1718526,1,0
83,11,1731717,1,0
83,12,1782098,1,0
83,13,1667410,1,0
83,14,1694989,1,0
83,15,1673438,1,0
83,16,1829549,1,0
83,17,1673277,1,0
83,18,1708057,1,0
83,19,1752127,1,0
83,20,1962579,1,0
83,21,1565575,1,0
83,22,1769340,1,0
83,23,1701927,1,0
83,24,1683937,1,0
83,25,1715444,1,0
83,26,1649416,1,0
83,27,1607303,1,0
83,28,1679273,1,0
83,29,1691868,1,0
83,30,1676207,1,0
83,31,1984049,1,0
83,32,2023924,1,0
83,33,1597323,1,0
83,34,1705597,1,0
83,35,1912388,1,0
83,36,1622273,1,0
83,37,1719646,1,0
83,38,1684807,1,0
83,39,1691742,1,0
83,40,1790899,1,0
83,41,2049362,1,0
83,42,2188900,1,0
83,43,1582181,1,0
83,44,1575960,1,0
83,45,1823883,1,0
83,46,1570884,1,0
83,47,1551205,1,0
83,48,1651343,1,0
83,49,1530069,1,0
83,50,1519471,1,0
83,51,1691158,1,0
83,52,1580832,1,0
83,53,1712731,1,0
83,54,1535487,1,0
83,55,1567403,1,0
83,56,1973069,1,0
83,57,1549588,1,0
83,58,1605549,1,0
83,59,1763170,1,0
84,0,766699,1,0
84,1,874991,1,0
84,2,1590470,1,0
84,3,1683211,1,0
84,4,1677477,1,0
84,5,1637094,1,0
84,6,1854626,1,0
84,7,1892779,1,0
84,8,1811874,1,0
84,9,1778097,1,0
84,10,1741249,1,0
84,11,1715150,1,0
84,12,1765499,1,0
84,13,1739256,1,0
84,14,1710273,1,0
84,15,1655910,1,0
84,16,1838838,1,0
84,17,1680221,1,0
84,18,1662963,1,0
84,19,1742650,1,0
84,20,1931106,1,0
84,21,1700682,1,0
84,22,1608004,1,0
84,23,1807899,1,0
84,24,1684806,1,0
84,25,1683723,1,0
84,26,1695752,1,0
84,27,1624782,1,0
84,28,1619891,1,0
84,29,1740925,1,0
84,30,1630057,1,0
84,31,1788510,1,0
84,32,2003396,1,0
84,33,1885950,1,0
84,34,1666039,1,0
84,35,1676919,1,0
84,36,1885145,1,0
84,37,1633327,1,0
84,38,1713556,1,0
84,39,1682920,1,0
84,40,1746836,1,0
84,41,1769491,1,0
84,42,2334491,1,0
84,43,1862925,1,0
84,44,1567720,1,0
84,45,1697881,1,0
84,46,1700186,1,0
84,47,1581391,1,0
84,48,1535761,1,0
84,49,1632222,1,0
84,50,1545144,1,0
84,51,1620678,1,0
84,52,1649000,1,0
84,53,1528627,1,0
84,54,1687425,1,0
84,55,1551040,1,0
84,56,1726039,1,0
84,57,1820338,1,0
84,58,1581578,1,0
84,59,1572083,1,0
85,0,701210,1,0
85,1,978127,1,0
85,2,1633745,1,0
85,3,1685980,1,0
85,4,1678077,1,0
85,5,1637068,1,0
85,6,1851601,1,0
85,7,1894534,1,0
85,8,1828388,1,0
85,9,1762624,1,0
85,10,1740817,1,0
85,11,1714852,1,0
85,12,1775701,1,0
85,13,1724585,1,0
85,14,1711343,1,0
85,15,1660418,1,0
85,16,1844619,1,0
85,17,1674569,1,0
85,18,1659069,1,0
85,19,1743921,1,0
85,20,1980995,1,0
85,21,1646806,1,0
85,22,1615461,1,0
85,23,1803950,1,0
85,24,1690638,1,0
85,25,1673014,1,0
85,26,1701137,1,0
85,27,1628062,1,0
85,28,1651016,1,0
85,29,1709342,1,0
85,30,1626540,1,0
85,31,1800245,1,0
85,32,2001354,1,0
85,33,1873274,1,0
85,34,1666418,1,0
85,35,1694444,1,0
85,36,1869252,1,0
85,37,1633810,1,0
85,38,1717119,1,0
85,39,1677560,1,0
85,40,1745575,1,0
85,41,1781239,1,0
85,42,2331579,1,0
85,43,1854703,1,0
85,44,1566372,1,0
85,45,1706926,1,0
85,46,1691066,1,0
85,47,1584627,1,0
85,48,1533332,1,0
85,49,1632409,1,0
85,50,1545686,1,0
85,51,1617909,1,0
85,52,1652016,1,0
85,53,1528593,1,0
85,54,1686421,1,0
85,55,1552659,1,0
85,56,1751930,1,0
85,57,1795881,1,0
85,58,1579719,1,0
85,59,1568498,1,0
86,0,690453,1,0
86,1,886923,1,0
86,2,1666888,1,0
86,3,1685075,1,0
86,4,1679436,1,0
86,5,1640308,1,0
86,6,1849532,1,0
86,7,1893085,1,0
86,8,1843881,1,0
86,9,1748782,1,0
86,10,1735706,1,0
86,11,1725032,1,0
86,12,1770479,1,0
86,13,1726245,1,0
86,14,1711380,1,0
86,15,1658194,1,0
86,16,1840252,1,0
86,17,1681257,1,0
86,18,1654526,1,0
86,19,1744443,1,0
86,20,2005077,1,0
86,21,1619926,1,0
86,22,1618236,1,0
86,23,1804303,1,0
86,24,1693116,1,0
86,25,1664559,1,0
86,26,1709376,1,0
86,27,1625321,1,0
86,28,1661570,1,0
86,29,1696128,1,0
86,30,1631263,1,0
86,31,1810691,1,0
86,32,1991854,1,0
86,33,1868361,1,0
86,34,1669196,1,0
86,35,1708929,1,0
86,36,1853312,1,0
86,37,1637552,1,0
86,38,1713918,1,0
86,39,1676924,1,0
86,40,1741294,1,0
86,41,1801796,1,0
86,42,2340552,1,0
86,43,1828207,1,0
86,44,1566421,1,0
86,45,1709775,1,0
86,46,1687387,1,0
86,47,1587370,1,0
86,48,1531283,1,0
86,49,1636900,1,0
86,50,1539853,1,0
86,51,1620526,1,0
86,52,1651395,1,0
86,53,1528277,1,0
86,54,1684860,1,0
86,55,1556387,1,0
86,56,1760404,1,0
86,57,1788526,1,0
86,58,1573946,1,0
86,59,1570025,1,0
87,0,567223,1,0
87,1,1494816,1,0
87,2,1687314,1,0
87,3,1744300,1,0
87,4,1611115,1,0
87,5,1712352,1,0
87,6,1923120,1,0
87,7,1840182,1,0
87,8,1803162,1,0
87,9,1758700,1,0
87,10,1735207,1,0
87,11,1739474,1,0
87,12,1745140,1,0
87,13,1711102,1,0
87,14,1716102,1,0
87,15,1655061,1,0
87,16,1821737,1,0
87,17,1685637,1,0
87,18,1629426,1,0
87,19,1800391,1,0
87,20,2022502,1,0
87,21,1541918,1,0
87,22,1639080,1,0
87,23,1836929,1,0
87,24,1657980,1,0
87,25,1725256,1,0
87,26,1661536,1,0
87,27,1614237,1,0
87,28,1680140,1,0
87,29,1682497,1,0
87,30,1650722,1,0
87,31,1865587,1,0
87,32,2103452,1,0
87,33,1670180,1,0
87,34,1684223,1,0
87,35,1900804,1,0
87,36,1653097,1,0
87,37,1678092,1,0
87,38,1729120,1,0
87,39,1656676,1,0
87,40,1708708,1,0
87,41,1947826,1,0
87,42,2397726,1,0
87,43,1597338,1,0
87,44,1563122,1,0
87,45,1779963,1,0
87,46,1604165,1,0
87,47,1617247,1,0
87,48,1591649,1,0
87,49,1561477,1,0
87,50,1524928,1,0
87,51,1641530,1,0
87,52,1663706,1,0
87,53,1578196,1,0
87,54,1617722,1,0
87,55,1553442,1,0
87,56,1901693,1,0
87,57,1648655,1,0
87,58,1578160,1,0
87,59,1689207,1,0
88,0,578983,1,0
88,1,1644599,1,0
88,2,1688564,1,0
88,3,1743905,1,0
88,4,1590192,1,0
88,5,1738867,1,0
88,6,1919092,1,0
88,7,1830085,1,0
88,8,1812242,1,0
88,9,1763229,1,0
88,10,1723992,1,0
88,11,1742192,1,0
88,12,1763848,1,0
88,13,1704000,1,0
88,14,1705795,1,0
88,15,1644204,1,0
88,16,1834012,1,0
88,17,1678188,1,0
88,18,1632455,1,0
88,19,1789981,1,0
88,20,2029153,1,0
88,21,1546336,1,0
88,22,1672249,1,0
88,23,1799003,1,0
88,24,1663355,1,0
88,25,1742596,1,0
88,26,1646356,1,0
88,27,1613136,1,0
88,28,1671115,1,0
88,29,1686689,1,0
88,30,1657741,1,0
88,31,1901051,1,0
88,32,2093954,1,0
88,33,1638016,1,0
88,34,1687130,1,0
88,35,1908541,1,0
88,36,1638073,1,0
88,37,1697676,1,0
88,38,1710384,1,0
88,39,1657690,1,0
88,40,1718039,1,0
88,41,1993760,1,0
88,42,2366577,1,0
88,43,1571366,1,0
88,44,1557445,1,0
88,45,1811502,1,0
88,46,1584819,1,0
88,47,1590787,1,0
88,48,1609685,1,0
88,49,1562100,1,0
88,50,1524783,1,0
88,51,1653536,1,0
88,52,1638491,1,0
88,53,1664058,1,0
88,54,1551075,1,0
88,55,1547707,1,0
88,56,1921632,1,0
88,57,1625729,1,0
88,58,1596151,1,0
88,59,1702745,1,0
89,0,1455453,1,0
89,1,1701823,1,0
89,2,1688897,1,0
89,3,1711783,1,0
89,4,1587608,1,0
89,5,1823393,1,0
89,6,1906149,1,0
89,7,1803357,1,0
89,8,1790037,1,0
89,9,1792054,1,0
89,10,1710897,1,0
89,11,1721830,1,0
89,12,1788389,1,0
89,13,1663646,1,0
89,14,1685165,1,0
89,15,1721741,1,0
89,16,1802654,1,0
89,17,1665272,1,0
89,18,1705837,1,0
89,19,1762176,1,0
89,20,1938095,1,0
89,21,1576889,1,0
89,22,1803892,1,0
89,23,1666373,1,0
89,24,1691064,1,0
89,25,1700459,1,0
89,26,1653778,1,0
89,27,1612118,1,0
89,28,1695387,1,0
89,29,1678475,1,0
89,30,1693427,1,0
89,31,1997200,1,0
89,32,1986818,1,0
89,33,1606267,1,0
89,34,1698449,1,0
89,35,1916434,1,0
89,36,1619522,1,0
89,37,1718281,1,0
89,38,1686950,1,0
89,39,1711511,1,0
89,40,1772127,1,0
89,41,2096124,1,0
89,42,2134754,1,0
89,43,1585625,1,0
89,44,1577818,1,0
89,45,1822311,1,0
89,46,1567965,1,0
89,47,1555351,1,0
89,48,1645386,1,0
89,49,1535017,1,0
89,50,1532878,1,0
89,51,1685569,1,0
89,52,1570146,1,0
89,53,1707468,1,0
89,54,1535295,1,0
89,55,1584285,1,0
89,56,1973750,1,0
89,57,1534594,1,0
89,58,1602414,1,0
89,59,1789867,1,0
90,0,755186,1,0
90,1,1131591,1,0
90,2,1703268,1,0
90,3,1711763,1,0
90,4,1655972,1,0
90,5,1664614,1,0
90,6,1897805,1,0
90,7,1866700,1,0
90,8,1823280,1,0
90,9,1747110,1,0
90,10,1720630,1,0
90,11,1734096,1,0
90,12,1762022,1,0
90,13,1716637,1,0
90,14,1722897,1,0
90,15,1663324,1,0
90,16,1833735,1,0
90,17,1676082,1,0
90,18,1647107,1,0
90,19,1764157,1,0
90,20,2045001,1,0
90,21,1551584,1,0
90,22,1623857,1,0
90,23,1827126,1,0
90,24,1679801,1,0
90,25,1652908,1,0
90,26,1719189,1,0
90,27,1620494,1,0
90,28,1684129,1,0
90,29,1677617,1,0
90,30,1644541,1,0
90,31,1821131,1,0
90,32,2035545,1,0
90,33,1794701,1,0
90,34,1670894,1,0
90,35,1765223,1,0
90,36,1800826,1,0
90,37,1651159,1,0
90,38,1756864,1,0
90,39,1637822,1,0
90,40,1738474,1,0
90,41,1845172,1,0
90,42,2355328,1,0
90,43,1747834,1,0
90,44,1575392,1,0
90,45,1716968,1,0
90,46,1672766,1,0
90,47,1606936,1,0
90,48,1503890,1,0
90,49,1640730,1,0
90,50,1535455,1,0
90,51,1632142,1,0
90,52,1641177,1,0
90,53,1546636,1,0
90,54,1663979,1,0
90,55,1562969,1,0
90,56,1826797,1,0
90,57,1720274,1,0
90,58,1565372,1,0
90,59,1603977,1,0
91,0,1829801,1,0
91,1,1714936,1,0
91,2,1681924,1,0
91,3,1682045,1,0
91,4,1621447,1,0
91,5,1859788,1,0
91,6,1893359,1,0
91,7,1807708,1,0
91,8,1790809,1,0
91,9,1746777,1,0
91,10,1708948,1,0
91,11,1763566,1,0
91,12,1739663,1,0
91,13,1711283,1,0
91,14,1652101,1,0
91,15,1826954,1,0
91,16,1687803,1,0
91,17,1671477,1,0
91,18,1745280,1,0
91,19,1889122,1,0
91,20,1740795,1,0
91,21,1608408,1,0
91,22,1808608,1,0
91,23,1677490,1,0
91,24,1690411,1,0
91,25,1694302,1,0
91,26,1629326,1,0
91,27,1594707,1,0
91,28,1760745,1,0
91,29,1633661,1,0
91,30,1785499,1,0
91,31,1993422,1,0
91,32,1900014,1,0
91,33,1658770,1,0
91,34,1675170,1,0
91,35,1891162,1,0
91,36,1628138,1,0
91,37,1717339,1,0
91,38,1680697,1,0
91,39,1750254,1,0
91,40,1753367,1,0
91,41,2327365,1,0
91,42,1887499,1,0
91,43,1572142,1,0
91,44,1692243,1,0
91,45,1701444,1,0
91,46,1583038,1,0
91,47,1536588,1,0
91,48,1633704,1,0
91,49,1543907,1,0
91,50,1616244,1,0
91,51,1650760,1,0
91,52,1531115,1,0
91,53,1686816,1,0
91,54,1550877,1,0
91,55,1722493,1,0
91,56,1825991,1,0
91,57,1580077,1,0
91,58,1571532,1,0
91,59,1870781,1,0
92,0,1435172,1,0
92,1,1698590,1,0
92,2,1690373,1,0
92,3,1712308,1,0
92,4,1583626,1,0
92,5,1827086,1,0
92,6,1899881,1,0
92,7,1809772,1,0
92,8,1792655,1,0
92,9,1783590,1,0
92,10,1711906,1,0
92,11,1726807,1,0
92,12,1777651,1,0
92,13,1672876,1,0
92,14,1687296,1,0
92,15,1702619,1,0
92,16,1812914,1,0
92,17,1671434,1,0
92,18,1710058,1,0
92,19,1755806,1,0
92,20,1944492,1,0
92,21,1573895,1,0
92,22,1796192,1,0
92,23,1674605,1,0
92,24,1689485,1,0
92,25,1702851,1,0
92,26,1655685,1,0
92,27,1609408,1,0
92,28,1690872,1,0
92,29,1681635,1,0
92,30,1683994,1,0
92,31,1999013,1,0
92,32,1996601,1,0
92,33,1603620,1,0
92,34,1700237,1,0
92,35,1916230,1,0
92,36,1618987,1,0
92,37,1717951,1,0
92,38,1687479,1,0
92,39,1706060,1,0
92,40,1777876,1,0
92,41,2082980,1,0
92,42,2149729,1,0
92,43,1583681,1,0
92,44,1578120,1,0
92,45,1823911,1,0
92,46,1565623,1,0
92,47,1556082,1,0
92,48,1646995,1,0
92,49,1535630,1,0
92,50,1519837,1,0
92,51,1693441,1,0
92,52,1571267,1,0
92,53,1710140,1,0
92,54,1537296,1,0
92,55,1576840,1,0
92,56,1980092,1,0
92,57,1534944,1,0
92,58,1601527,1,0
92,59,1779185,1,0
93,0,493967,1,0
93,1,1541210,1,0
93,2,1688452,1,0
93,3,1743576,1,0
93,4,1603377,1,0
93,5,1725542,1,0
93,6,1914728,1,0
93,7,1840169,1,0
93,8,1803100,1,0
93,9,1761401,1,0
93,10,1736600,1,0
93,11,1735605,1,0
93,12,1757006,1,0
93,13,1722729,1,0
93,14,1692492,1,0
93,15,1652239,1,0
93,16,1827147,1,0
93,17,1683786,1,0
93,18,1623721,1,0
93,19,1802990,1,0
93,20,2021684,1,0
93,21,1546584,1,0
93,22,1649424,1,0
93,23,1823544,1,0
93,24,1658134,1,0
93,25,1734397,1,0
93,26,1663278,1,0
93,27,1606590,1,0
93,28,1678382,1,0
93,29,1680227,1,0
93,30,1655923,1,0
93,31,1874981,1,0
93,32,2088105,1,0
93,33,1672679,1,0
93,34,1689008,1,0
93,35,1903250,1,0
93,36,1643675,1,0
93,37,1678092,1,0
93,38,1728663,1,0
93,39,1660360,1,0
93,40,1707851,1,0
93,41,1968090,1,0
93,42,2375721,1,0
93,43,1599776,1,0
93,44,1559333,1,0
93,45,1785675,1,0
93,46,1596591,1,0
93,47,1614320,1,0
93,48,1602686,1,0
93,49,1558019,1,0
93,50,1527112,1,0
93,51,1636133,1,0
93,52,1660064,1,0
93,53,1598447,1,0
93,54,1606821,1,0
93,55,1550450,1,0
93,56,1906539,1,0
93,57,1643356,1,0
93,58,1584469,1,0
93,59,1692168,1,0
94,0,710648,1,0
94,1,1633615,1,0
94,2,1688937,1,0
94,3,1743202,1,0
94,4,1591943,1,0
94,5,1739860,1,0
94,6,1916548,1,0
94,7,1830551,1,0
94,8,1811265,1,0
94,9,1763469,1,0
94,10,1725239,1,0
94,11,1740248,1,0
94,12,1765607,1,0
94,13,1703489,1,0
94,14,1703210,1,0
94,15,1648197,1,0
94,16,1833273,1,0
94,17,1677604,1,0
94,18,1626957,1,0
94,19,1795456,1,0
94,20,2028265,1,0
94,21,1546340,1,0
94,22,1673407,1,0
94,23,1798578,1,0
94,24,1664458,1,0
94,25,1743064,1,0
94,26,1645839,1,0
94,27,1612163,1,0
94,28,1671324,1,0
94,29,1685604,1,0
94,30,1660645,1,0
94,31,1882559,1,0
94,32,2102628,1,0
94,33,1646467,1,0
94,34,1688202,1,0
94,35,1906253,1,0
94,36,1638344,1,0
94,37,1697918,1,0
94,38,1711052,1,0
94,39,1655545,1,0
94,40,1719994,1,0
94,41,1980916,1,0
94,42,2379355,1,0
94,43,1571336,1,0
94,44,1559946,1,0
94,45,1808601,1,0
94,46,1585954,1,0
94,47,1590653,1,0
94,48,1611045,1,0
94,49,1560782,1,0
94,50,1525703,1,0
94,51,1649603,1,0
94,52,1642919,1,0
94,53,1641813,1,0
94,54,1571852,1,0
94,55,1547487,1,0
94,56,1922644,1,0
94,57,1625311,1,0
94,58,1591717,1,0
94,59,1698430,1,0
95,0,734000,1,0
95,1,1577665,1,0
95,2,1687282,1,0
95,3,1741149,1,0
95,4,1600716,1,0
95,5,1734203,1,0
95,6,1916262,1,0
95,7,1829977,1,0
95,8,1806278,1,0
95,9,1761910,1,0
95,10,1734873,1,0
95,11,1738141,1,0
95,12,1762774,1,0
95,13,1711795,1,0
95,14,1697704,1,0
95,15,1650369,1,0
95,16,1830292,1,0
95,17,1679858,1,0
95,18,1621316,1,0
95,19,1805773,1,0
95,20,2021338,1,0
95,21,1548989,1,0
95,22,1659816,1,0
95,23,1811972,1,0
95,24,1657826,1,0
95,25,1733080,1,0
95,26,1663841,1,0
95,27,1609325,1,0
95,28,1675878,1,0
95,29,1683361,1,0
95,30,1658025,1,0
95,31,1879454,1,0
95,32,2088728,1,0
95,33,1662374,1,0
95,34,1691273,1,0
95,35,1904587,1,0
95,36,1638177,1,0
95,37,1678094,1,0
95,38,1730419,1,0
95,39,1659704,1,0
95,40,1717168,1,0
95,41,1968754,1,0
95,42,2378738,1,0
95,43,1587626,1,0
95,44,1559415,1,0
95,45,1789794,1,0
95,46,1589973,1,0
95,47,1612167,1,0
95,48,1608369,1,0
95,49,1555555,1,0
95,50,1527504,1,0
95,51,1637980,1,0
95,52,1656160,1,0
95,53,1635835,1,0
95,54,1575353,1,0
95,55,1547714,1,0
95,56,1916005,1,0
95,57,1632274,1,0
95,58,1588807,1,0
95,59,1689429,1,0
96,0,262989,1,0
96,1,1369441,1,0
96,2,1692002,1,0
96,3,1741941,1,0
96,4,1615398,1,0
96,5,1703296,1,0
96,6,1920478,1,0
96,7,1839837,1,0
96,8,1812023,1,0
96,9,1740568,1,0
96,10,1739769,1,0
96,11,1748185,1,0
96,12,1744031,1,0
96,13,1719387,1,0
96,14,1704823,1,0
96,15,1668238,1,0
96,16,1815169,1,0
96,17,1683727,1,0
96,18,1642250,1,0
96,19,1795968,1,0
96,20,2024094,1,0
96,21,1532059,1,0
96,22,1636452,1,0
96,23,1830203,1,0
96,24,1678017,1,0
96,25,1703106,1,0
96,26,1673395,1,0
96,27,1614445,1,0
96,28,1678171,1,0
96,29,1684514,1,0
96,30,1654498,1,0
96,31,1843580,1,0
96,32,2101800,1,0
96,33,1694976,1,0
96,34,1673101,1,0
96,35,1885386,1,0
96,36,1676804,1,0
96,37,1679152,1,0
96,38,1728575,1,0
96,39,1659888,1,0
96,40,1712083,1,0
96,41,1907258,1,0
96,42,2407172,1,0
96,43,1629951,1,0
96,44,1564690,1,0
96,45,1771098,1,0
96,46,1620985,1,0
96,47,1617213,1,0
96,48,1585858,1,0
96,49,1551432,1,0
96,50,1528607,1,0
96,51,1644978,1,0
96,52,1663191,1,0
96,53,1543743,1,0
96,54,1646169,1,0
96,55,1562584,1,0
96,56,1887084,1,0
96,57,1663945,1,0
96,58,1571057,1,0
96,59,1654457,1,0
97,0,1630581,1,0
97,1,1712671,1,0
97,2,1683944,1,0
97,3,1697679,1,0
97,4,1609312,1,0
97,5,1828821,1,0
97,6,1897373,1,0
97,7,1805000,1,0
97,8,1799168,1,0
97,9,1773388,1,0
97,10,1707108,1,0
97,11,1727294,1,0
97,12,1789800,1,0
97,13,1660519,1,0
97,14,1674117,1,0
97,15,1784707,1,0
97,16,1751483,1,0
97,17,1659961,1,0
97,18,1752180,1,0
97,19,1741515,1,0
97,20,1897797,1,0
97,21,1594092,1,0
97,22,1815167,1,0
97,23,1655613,1,0
97,24,1705644,1,0
97,25,1686647,1,0
97,26,1647157,1,0
97,27,1603991,1,0
97,28,1728283,1,0
97,29,1654252,1,0
97,30,1735054,1,0
97,31,2005956,1,0
97,32,1940625,1,0
97,33,1610242,1,0
97,34,1695731,1,0
97,35,1917407,1,0
97,36,1620040,1,0
97,37,1713425,1,0
97,38,1695317,1,0
97,39,1716150,1,0
97,40,1751332,1,0
97,41,2227955,1,0
97,42,2009786,1,0
97,43,1582657,1,0
97,44,1665256,1,0
97,45,1728698,1,0
97,46,1576095,1,0
97,47,1546773,1,0
97,48,1638967,1,0
97,49,1535768,1,0
97,50,1604589,1,0
97,51,1640942,1,0
97,52,1550504,1,0
97,53,1698205,1,0
97,54,1540456,1,0
97,55,1632301,1,0
97,56,1925713,1,0
97,57,1540944,1,0
97,58,1603806,1,0
97,59,1825733,1,0
98,0,524111,1,0
98,1,1153729,1,0
98,2,1702445,1,0
98,3,1713543,1,0
98,4,1653295,1,0
98,5,1665945,1,0
98,6,1908004,1,0
98,7,1863955,1,0
98,8,1816967,1,0
98,9,1745348,1,0
98,10,1722084,1,0
98,11,1736473,1,0
98,12,1756385,1,0
98,13,1720595,1,0
98,14,1721251,1,0
98,15,1666125,1,0
98,16,1832317,1,0
98,17,1674166,1,0
98,18,1646367,1,0
98,19,1769638,1,0
98,20,2042339,1,0
98,21,1548459,1,0
98,22,1624748,1,0
98,23,1826292,1,0
98,24,1679767,1,0
98,25,1664425,1,0
98,26,1708048,1,0
98,27,1619063,1,0
98,28,1684645,1,0
98,29,1678038,1,0
98,30,1643308,1,0
98,31,1821598,1,0
98,32,2039596,1,0
98,33,1792389,1,0
98,34,1673163,1,0
98,35,1784887,1,0
98,36,1778688,1,0
98,37,1656079,1,0
98,38,1751385,1,0
98,39,1640410,1,0
98,40,1738337,1,0
98,41,1843147,1,0
98,42,2371714,1,0
98,43,1729118,1,0
98,44,1576665,1,0
98,45,1720979,1,0
98,46,1667537,1,0
98,47,1610011,1,0
98,48,1502371,1,0
98,49,1638812,1,0
98,50,1536717,1,0
98,51,1634526,1,0
98,52,1641451,1,0
98,53,1546023,1,0
98,54,1663566,1,0
98,55,1561184,1,0
98,56,1828623,1,0
98,57,1719686,1,0
98,58,1565125,1,0
98,59,1606140,1,0
99,0,1486752,1,0
99,1,1703723,1,0
99,2,1691206,1,0
99,3,1706901,1,0
99,4,1589783,1,0
99,5,1824255,1,0
99,6,1911614,1,0
99,7,1796221,1,0
99,8,1789833,1,0
99,9,1793981,1,0
99,10,1706743,1,0
99,11,1726042,1,0
99,12,1789291,1,0
99,13,1661852,1,0
99,14,1681567,1,0
99,15,1751226,1,0
99,16,1780634,1,0
99,17,1659874,1,0
99,18,1715330,1,0
99,19,1760297,1,0
99,20,1926349,1,0
99,21,1580996,1,0
99,22,1813025,1,0
99,23,1661178,1,0
99,24,1695962,1,0
99,25,1689478,1,0
99,26,1654570,1,0
99,27,1611781,1,0
99,28,1706403,1,0
99,29,1670031,1,0
99,30,1693165,1,0
99,31,2003749,1,0
99,32,1980814,1,0
99,33,1605447,1,0
99,34,1700378,1,0
99,35,1916476,1,0
99,36,1618428,1,0
99,37,1714673,1,0
99,38,1689299,1,0
99,39,1715859,1,0
99,40,1773438,1,0
99,41,2105602,1,0
99,42,2119468,1,0
99,43,1586139,1,0
99,44,1580447,1,0
99,45,1821041,1,0
99,46,1564920,1,0
99,47,1556712,1,0
99,48,1645756,1,0
99,49,1531726,1,0
99,50,1549356,1,0
99,51,1672635,1,0
99,52,1569176,1,0
99,53,1704534,1,0
99,54,1537306,1,0
99,55,1586277,1,0
99,56,1975647,1,0
99,57,1527992,1,0
99,58,1603991,1,0
99,59,1789930,1,0
100,0,665349,1,0
100,1,1438090,1,0
100,2,1693056,1,0
100,3,1740199,1,0
100,4,1612616,1,0
100,5,1708667,1,0
100,6,1924590,1,0
100,7,1830123,1,0
100,8,1817351,1,0
100,9,1757569,1,0
100,10,1732817,1,0
100,11,1740335,1,0
100,12,1742611,1,0
100,13,1708155,1,0
100,14,1717405,1,0
100,15,1661781,1,0
100,16,1815901,1,0
100,17,1685177,1,0
100,18,1635217,1,0
100,19,1799067,1,0
100,20,2024615,1,0
100,21,1532641,1,0
100,22,1635550,1,0
100,23,1840823,1,0
100,24,1665277,1,0
100,25,1713344,1,0
100,26,1668124,1,0
100,27,1616532,1,0
100,28,1677323,1,0
100,29,1686599,1,0
100,30,1651420,1,0
100,31,1854158,1,0
100,32,2107864,1,0
100,33,1676780,1,0
100,34,1679792,1,0
100,35,1893421,1,0
100,36,1660576,1,0
100,37,1681799,1,0
100,38,1730005,1,0
100,39,1653719,1,0
100,40,1713352,1,0
100,41,1929413,1,0
100,42,2400782,1,0
100,43,1614388,1,0
100,44,1563116,1,0
100,45,1777251,1,0
100,46,1609004,1,0
100,47,1617130,1,0
100,48,1589904,1,0
100,49,1558242,1,0
100,50,1520419,1,0
100,51,1645021,1,0
100,52,1668208,1,0
100,53,1561549,1,0
100,54,1630405,1,0
100,55,1559571,1,0
100,56,1890287,1,0
100,57,1657123,1,0
100,58,1575558,1,0
100,59,1681077,1,0
101,0,1841261,1,0
101,1,1716132,1,0
101,2,1681382,1,0
101,3,1678857,1,0
101,4,1633076,1,0
101,5,1850745,1,0
101,6,1895785,1,0
101,7,1805978,1,0
101,8,1789438,1,0
101,9,1746338,1,0
101,10,1708923,1,0
101,11,1765961,1,0
101,12,1737646,1,0
101,13,1711680,1,0
101,14,1653580,1,0
101,15,1825558,1,0
101,16,1688909,1,0
101,17,1671611,1,0
101,18,1742831,1,0
101,19,1901742,1,0
101,20,1729320,1,0
101,21,1607986,1,0
101,22,1808889,1,0
101,23,1678713,1,0
101,24,1689337,1,0
101,25,1693673,1,0
101,26,1628182,1,0
101,27,1607465,1,0
101,28,1750705,1,0
101,29,1632260,1,0
101,30,1785840,1,0
101,31,1994204,1,0
101,32,1898307,1,0
101,33,1661773,1,0
101,34,1672198,1,0
101,35,1891894,1,0
101,36,1631899,1,0
101,37,1713497,1,0
101,38,1684110,1,0
101,39,1748495,1,0
101,40,1751968,1,0
101,41,2340059,1,0
101,42,1874079,1,0
101,43,1570019,1,0
101,44,1693917,1,0
101,45,1702462,1,0
101,46,1582330,1,0
101,47,1536959,1,0
101,48,1632247,1,0
101,49,1544680,1,0
101,50,1616304,1,0
101,51,1651596,1,0
101,52,1530445,1,0
101,53,1687708,1,0
101,54,1549715,1,0
101,55,1723972,1,0
101,56,1823559,1,0
101,57,1580545,1,0
101,58,1571424,1,0
101,59,1871677,1,0
102,0,1389592,1,0
102,1,1699825,1,0
102,2,1687827,1,0
102,3,1719330,1,0
102,4,1577991,1,0
102,5,1828607,1,0
102,6,1894062,1,0
102,7,1817720,1,0
102,8,1790551,1,0
102,9,1779872,1,0
102,10,1714933,1,0
102,11,1728660,1,0
102,12,1779081,1,0
102,13,1669702,1,0
102,14,1694606,1,0
102,15,1674490,1,0
102,16,1828214,1,0
102,17,1677461,1,0
102,18,1711858,1,0
102,19,1749088,1,0
102,20,1952628,1,0
102,21,1572053,1,0
102,22,1783083,1,0
102,23,1687126,1,0
102,24,1686098,1,0
102,25,1708679,1,0
102,26,1655711,1,0
102,27,1606391,1,0
102,28,1682449,1,0
102,29,1689919,1,0
102,30,1686539,1,0
102,31,1982289,1,0
102,32,2011189,1,0
102,33,1602443,1,0
102,34,1702182,1,0
102,35,1914762,1,0
102,36,1619304,1,0
102,37,1720991,1,0
102,38,1688000,1,0
102,39,1692962,1,0
102,40,1788208,1,0
102,41,2071875,1,0
102,42,2163052,1,0
102,43,1583836,1,0
102,44,1574473,1,0
102,45,1824967,1,0
102,46,1569747,1,0
102,47,1554394,1,0
102,48,1648026,1,0
102,49,1532947,1,0
102,50,1518976,1,0
102,51,1691816,1,0
102,52,1574354,1,0
102,53,1713523,1,0
102,54,1534751,1,0
102,55,1574572,1,0
102,56,1981691,1,0
102,57,1536162,1,0
102,58,1602848,1,0
102,59,1775381,1,0
103,0,1521455,1,0
103,1,1703366,1,0
103,2,1688882,1,0
103,3,1707559,1,0
103,4,1592309,1,0
103,5,1824925,1,0
103,6,1911066,1,0
103,7,1798650,1,0
103,8,1810477,1,0
103,9,1771326,1,0
103,10,1702496,1,0
103,11,1729965,1,0
103,12,1790604,1,0
103,13,1660225,1,0
103,14,1678776,1,0
103,15,1764769,1,0
103,16,1768292,1,0
103,17,1658895,1,0
103,18,1729027,1,0
103,19,1755855,1,0
103,20,1913454,1,0
103,21,1586101,1,0
103,22,1815500,1,0
103,23,1655854,1,0
103,24,1698797,1,0
103,25,1689673,1,0
103,26,1652999,1,0
103,27,1608288,1,0
103,28,1713486,1,0
103,29,1666990,1,0
103,30,1703273,1,0
103,31,2008071,1,0
103,32,1962822,1,0
103,33,1608150,1,0
103,34,1700883,1,0
103,35,1921045,1,0
103,36,1615657,1,0
103,37,1713266,1,0
103,38,1688991,1,0
103,39,1717405,1,0
103,40,1769328,1,0
103,41,2127472,1,0
103,42,2098315,1,0
103,43,1587106,1,0
103,44,1585815,1,0
103,45,1813212,1,0
103,46,1566428,1,0
103,47,1558256,1,0
103,48,1640700,1,0
103,49,1534352,1,0
103,50,1551137,1,0
103,51,1674798,1,0
103,52,1566005,1,0
103,53,1701809,1,0
103,54,1539280,1,0
103,55,1588554,1,0
103,56,1974595,1,0
103,57,1525869,1,0
103,58,1608018,1,0
103,59,1798612,1,0
104,0,457983,1,0
104,1,1529634,1,0
104,2,1688412,1,0
104,3,1743730,1,0
104,4,1603702,1,0
104,5,1722120,1,0
104,6,1918816,1,0
104,7,1841964,1,0
104,8,1798170,1,0
104,9,1761966,1,0
104,10,1737312,1,0
104,11,1735930,1,0
104,12,1755458,1,0
104,13,1725038,1,0
104,14,1691314,1,0
104,15,1654804,1,0
104,16,1825612,1,0
104,17,1683425,1,0
104,18,1624603,1,0
104,19,1804036,1,0
104,20,2022232,1,0
104,21,1542228,1,0
104,22,1651784,1,0
104,23,1824969,1,0
104,24,1657368,1,0
104,25,1723656,1,0
104,26,1675162,1,0
104,27,1603092,1,0
104,28,1680342,1,0
104,29,1681182,1,0
104,30,1653917,1,0
104,31,1874241,1,0
104,32,2090303,1,0
104,33,1672787,1,0
104,34,1685597,1,0
104,35,1906777,1,0
104,36,1642744,1,0
104,37,1678711,1,0
104,38,1729339,1,0
104,39,1659458,1,0
104,40,1707953,1,0
104,41,1959469,1,0
104,42,2383949,1,0
104,43,1599834,1,0
104,44,1560173,1,0
104,45,1784923,1,0
104,46,1598086,1,0
104,47,1615643,1,0
104,48,1597894,1,0
104,49,1560108,1,0
104,50,1526946,1,0
104,51,1637272,1,0
104,52,1661247,1,0
104,53,1580915,1,0
104,54,1622081,1,0
104,55,1550402,1,0
104,56,1906983,1,0
104,57,1644163,1,0
104,58,1577857,1,0
104,59,1686860,1,0
105,0,225197,1,0
105,1,1427085,1,0
105,2,1691086,1,0
105,3,1741786,1,0
105,4,1611924,1,0
105,5,1710065,1,0
105,6,1923954,1,0
105,7,1831163,1,0
105,8,1814884,1,0
105,9,1751798,1,0
105,10,1739120,1,0
105,11,1740087,1,0
105,12,1740672,1,0
105,13,1712929,1,0
105,14,1714524,1,0
105,15,1662807,1,0
105,16,1816139,1,0
105,17,1683829,1,0
105,18,1638759,1,0
105,19,1797097,1,0
105,20,2024511,1,0
105,21,1530257,1,0
105,22,1637465,1,0
105,23,1840228,1,0
105,24,1667217,1,0
105,25,1712640,1,0
105,26,1667102,1,0
105,27,1616456,1,0
105,28,1676719,1,0
105,29,1688061,1,0
105,30,1650686,1,0
105,31,1853993,1,0
105,32,2100608,1,0
105,33,1684938,1,0
105,34,1677390,1,0
105,35,1895720,1,0
105,36,1660071,1,0
105,37,1678748,1,0
105,38,1733374,1,0
105,39,1655229,1,0
105,40,1712759,1,0
105,41,1930383,1,0
105,42,2399971,1,0
105,43,1613820,1,0
105,44,1563046,1,0
105,45,1775566,1,0
105,46,1611197,1,0
105,47,1619269,1,0
105,48,1589267,1,0
105,49,1556876,1,0
105,50,1520048,1,0
105,51,1646395,1,0
105,52,1668166,1,0
105,53,1558369,1,0
105,54,1632480,1,0
105,55,1558720,1,0
105,56,1892730,1,0
105,57,1655279,1,0
105,58,1575220,1,0
105,59,1671417,1,0
106,0,335036,1,0
106,1,1461724,1,0
106,2,1690844,1,0
106,3,1740962,1,0
106,4,1611513,1,0
106,5,1710381,1,0
106,6,1923039,1,0
106,7,1833586,1,0
106,8,1813098,1,0
106,9,1757842,1,0
106,10,1733646,1,0
106,11,1740268,1,0
106,12,1743404,1,0
106,13,1706025,1,0
106,14,1720411,1,0
106,15,1660033,1,0
106,16,1816408,1,0
106,17,1682646,1,0
106,18,1636859,1,0
106,19,1799779,1,0
106,20,2023915,1,0
106,21,1539246,1,0
106,22,1634976,1,0
106,23,1838733,1,0
106,24,1661075,1,0
106,25,1715345,1,0
106,26,1671384,1,0
106,27,1613676,1,0
106,28,1678767,1,0
106,29,1683207,1,0
106,30,1650593,1,0
106,31,1865251,1,0
106,32,2098536,1,0
106,33,1675388,1,0
106,34,1683292,1,0
106,35,1903140,1,0
106,36,1651897,1,0
106,37,1679618,1,0
106,38,1728351,1,0
106,39,1654225,1,0
106,40,1712656,1,0
106,41,1938182,1,0
106,42,2392901,1,0
106,43,1612724,1,0
106,44,1563431,1,0
106,45,1777268,1,0
106,46,1607058,1,0
106,47,1618484,1,0
106,48,1590355,1,0
106,49,1560485,1,0
106,50,1523366,1,0
106,51,1640313,1,0
106,52,1666795,1,0
106,53,1575917,1,0
106,54,1618080,1,0
106,55,1556395,1,0
106,56,1901276,1,0
106,57,1648043,1,0
106,58,1576857,1,0
106,59,1678897,1,0
107,0,651971,1,0
107,1,1110162,1,0
107,2,1702912,1,0
107,3,1706241,1,0
107,4,1659397,1,0
107,5,1665169,1,0
107,6,1889950,1,0
107,7,1872649,1,0
107,8,1828423,1,0
107,9,1732298,1,0
107,10,1734792,1,0
107,11,1728724,1,0
107,12,1768485,1,0
107,13,1715513,1,0
107,14,1719855,1,0
107,15,1663342,1,0
107,16,1834277,1,0
107,17,1676375,1,0
107,18,1649567,1,0
107,19,1755675,1,0
107,20,2053266,1,0
107,21,1553640,1,0
107,22,1621156,1,0
107,23,1824282,1,0
107,24,1683448,1,0
107,25,1651988,1,0
107,26,1719990,1,0
107,27,1619268,1,0
107,28,1684968,1,0
107,29,1676500,1,0
107,30,1646036,1,0
107,31,1813324,1,0
107,32,2039547,1,0
107,33,1799260,1,0
107,34,1667890,1,0
107,35,1765738,1,0
107,36,1802188,1,0
107,37,1648259,1,0
107,38,1759246,1,0
107,39,1634119,1,0
107,40,1738148,1,0
107,41,1840052,1,0
107,42,2362906,1,0
107,43,1750350,1,0
107,44,1574968,1,0
107,45,1716239,1,0
107,46,1675052,1,0
107,47,1604102,1,0
107,48,1505969,1,0
107,49,1640276,1,0
107,50,1536022,1,0
107,51,1631615,1,0
107,52,1641808,1,0
107,53,1545960,1,0
107,54,1664446,1,0
107,55,1563250,1,0
107,56,1826023,1,0
107,57,1720656,1,0
107,58,1565073,1,0
107,59,1597380,1,0
108,0,1670075,1,0
108,1,1718489,1,0
108,2,1685475,1,0
108,3,1691638,1,0
108,4,1610595,1,0
108,5,1842048,1,0
108,6,1883396,1,0
108,7,1807838,1,0
108,8,1806745,1,0
108,9,1764917,1,0
108,10,1704464,1,0
108,11,1731176,1,0
108,12,1785574,1,0
108,13,1665798,1,0
108,14,1672318,1,0
108,15,1783326,1,0
108,16,1748477,1,0
108,17,1662880,1,0
108,18,1748953,1,0
108,19,1749701,1,0
108,20,1890037,1,0
108,21,1596610,1,0
108,22,1816002,1,0
108,23,1659995,1,0
108,24,1700689,1,0
108,25,1689543,1,0
108,26,1642435,1,0
108,27,1605087,1,0
108,28,1734294,1,0
108,29,1645277,1,0
108,30,1750829,1,0
108,31,2005421,1,0
108,32,1930255,1,0
108,33,1612460,1,0
108,34,1693241,1,0
108,35,1916221,1,0
108,36,1620025,1,0
108,37,1714537,1,0
108,38,1696489,1,0
108,39,1730159,1,0
108,40,1730526,1,0
108,41,2312021,1,0
108,42,1936375,1,0
108,43,1576902,1,0
108,44,1670371,1,0
108,45,1723912,1,0
108,46,1575414,1,0
108,47,1544829,1,0
108,48,1637566,1,0
108,49,1542526,1,0
108,50,1600214,1,0
108,51,1652106,1,0
108,52,1537345,1,0
108,53,1696912,1,0
108,54,1544749,1,0
108,55,1633951,1,0
108,56,1919698,1,0
108,57,1550024,1,0
108,58,1599686,1,0
108,59,1839081,1,0
109,0,237819,1,0
109,1,1657418,1,0
109,2,1689679,1,0
109,3,1742407,1,0
109,4,1588499,1,0
109,5,1741883,1,0
109,6,1918512,1,0
109,7,1832466,1,0
109,8,1808167,1,0
109,9,1762891,1,0
109,10,1723709,1,0
109,11,1744362,1,0
109,12,1762026,1,0
109,13,1702141,1,0
109,14,1707557,1,0
109,15,1644417,1,0
109,16,1834781,1,0
109,17,1678027,1,0
109,18,1631876,1,0
109,19,1790602,1,0
109,20,2029914,1,0
109,21,1544566,1,0
109,22,1672159,1,0
109,23,1797867,1,0
109,24,1664604,1,0
109,25,1767004,1,0
109,26,1620587,1,0
109,27,1614604,1,0
109,28,1669911,1,0
109,29,1687675,1,0
109,30,1658713,1,0
109,31,1901035,1,0
109,32,2108446,1,0
109,33,1625093,1,0
109,34,1684525,1,0
109,35,1909759,1,0
109,36,1635572,1,0
109,37,1699271,1,0
109,38,1708863,1,0
109,39,1658492,1,0
109,40,1720958,1,0
109,41,1993540,1,0
109,42,2365506,1,0
109,43,1569853,1,0
109,44,1558242,1,0
109,45,1811285,1,0
109,46,1586881,1,0
109,47,1586904,1,0
109,48,1611822,1,0
109,49,1561945,1,0
109,50,1524106,1,0
109,51,1660085,1,0
109,52,1630534,1,0
109,53,1666077,1,0
109,54,1549735,1,0
109,55,1550109,1,0
109,56,1929300,1,0
109,57,1616242,1,0
109,58,1601452,1,0
109,59,1697667,1,0
110,0,1649387,1,0
110,1,1717277,1,0
110,2,1684436,1,0
110,3,1694863,1,0
110,4,1609311,1,0
110,5,1833446,1,0
110,6,1892410,1,0
110,7,1804758,1,0
110,8,1803718,1,0
110,9,1771281,1,0
110,10,1703993,1,0
110,11,1729122,1,0
110,12,1787325,1,0
110,13,1664360,1,0
110,14,1672030,1,0
110,15,1783854,1,0
110,16,1750421,1,0
110,17,1662273,1,0
110,18,1751121,1,0
110,19,1745014,1,0
110,20,1891346,1,0
110,21,1598534,1,0
110,22,1815939,1,0
110,23,1651759,1,0
110,24,1709605,1,0
110,25,1684974,1,0
110,26,1646793,1,0
110,27,1605594,1,0
110,28,1731340,1,0
110,29,1649740,1,0
110,30,1737444,1,0
110,31,2004097,1,0
110,32,1940683,1,0
110,33,1612100,1,0
110,34,1694522,1,0
110,35,1916776,1,0
110,36,1619690,1,0
110,37,1714587,1,0
110,38,1693334,1,0
110,39,1729912,1,0
110,40,1735447,1,0
110,41,2311135,1,0
110,42,1931556,1,0
110,43,1581286,1,0
110,44,1668680,1,0
110,45,1724412,1,0
110,46,1576452,1,0
110,47,1547696,1,0
110,48,1635885,1,0
110,49,1539959,1,0
110,50,1601326,1,0
110,51,1645826,1,0
110,52,1544286,1,0
110,53,1697417,1,0
110,54,1543454,1,0
110,55,1635717,1,0
110,56,1920352,1,0
110,57,1544606,1,0
110,58,1604720,1,0
110,59,1822621,1,0
111,0,1115422,1,0
111,1,1723050,1,0
111,2,1678795,1,0
111,3,1737070,1,0
111,4,1584298,1,0
111,5,1759445,1,0
111,6,1929685,1,0
111,7,1830724,1,0
111,8,1793279,1,0
111,9,1774566,1,0
111,10,1720300,1,0
111,11,1731722,1,0
111,12,1776702,1,0
111,13,1679114,1,0
111,14,1712741,1,0
111,15,1645533,1,0
111,16,1836454,1,0
111,17,1679998,1,0
111,18,1671315,1,0
111,19,1769898,1,0
111,20,1992510,1,0
111,21,1562490,1,0
111,22,1701355,1,0
111,23,1760046,1,0
111,24,1678805,1,0
111,25,1742569,1,0
111,26,1632996,1,0
111,27,1608497,1,0
111,28,1676100,1,0
111,29,1692293,1,0
111,30,1654599,1,0
111,31,1945992,1,0
111,32,2083094,1,0
111,33,1601329,1,0
111,34,1691082,1,0
111,35,1913141,1,0
111,36,1625418,1,0
111,37,1723736,1,0
111,38,1689128,1,0
111,39,1677154,1,0
111,40,1749976,1,0
111,41,2015804,1,0
111,42,2289841,1,0
111,43,1571895,1,0
111,44,1559653,1,0
111,45,1811039,1,0
111,46,1596543,1,0
111,47,1560837,1,0
111,48,1630362,1,0
111,49,1550579,1,0
111,50,1525238,1,0
111,51,1670182,1,0
111,52,1613489,1,0
111,53,1694271,1,0
111,54,1527154,1,0
111,55,1572848,1,0
111,56,1936092,1,0
111,57,1601113,1,0
111,58,1598199,1,0
111,59,1726201,1,0
112,0,1694509,1,0
112,1,1715814,1,0
112,2,1688255,1,0
112,3,1690275,1,0
112,4,1609583,1,0
112,5,1846508,1,0
112,6,1881997,1,0
112,7,1806444,1,0
112,8,1805713,1,0
112,9,1766342,1,0
112,10,1700631,1,0
112,11,1732930,1,0
112,12,1785683,1,0
112,13,1665306,1,0
112,14,1676566,1,0
112,15,1791324,1,0
112,16,1735806,1,0
112,17,1662763,1,0
112,18,1757138,1,0
112,19,1748479,1,0
112,20,1880235,1,0
112,21,1598715,1,0
112,22,1818251,1,0
112,23,1659774,1,0
112,24,1699802,1,0
112,25,1691683,1,0
112,26,1640576,1,0
112,27,1605658,1,0
112,28,1733090,1,0
112,29,1647579,1,0
112,30,1751042,1,0
112,31,2003691,1,0
112,32,1929113,1,0
112,33,1620991,1,0
112,34,1688046,1,0
112,35,1915003,1,0
112,36,1619597,1,0
112,37,1713345,1,0
112,38,1694039,1,0
112,39,1736919,1,0
112,40,1724253,1,0
112,41,2314558,1,0
112,42,1937586,1,0
112,43,1575245,1,0
112,44,1670444,1,0
112,45,1722800,1,0
112,46,1577774,1,0
112,47,1545039,1,0
112,48,1633576,1,0
112,49,1544417,1,0
112,50,1601138,1,0
112,51,1654079,1,0
112,52,1537545,1,0
112,53,1694211,1,0
112,54,1542917,1,0
112,55,1652873,1,0
112,56,1899821,1,0
112,57,1558658,1,0
112,58,1591438,1,0
112,59,1841951,1,0
113,0,143749,1,0
113,1,1001954,1,0
113,2,1707756,1,0
113,3,1688114,1,0
113,4,1676807,1,0
113,5,1648127,1,0
113,6,1863911,1,0
113,7,1878652,1,0
113,8,1841384,1,0
113,9,1750289,1,0
113,10,1726499,1,0
113,11,1729311,1,0
113,12,1769931,1,0
113,13,1727966,1,0
113,14,1710462,1,0
113,15,1658014,1,0
113,16,1837152,1,0
113,17,1688819,1,0
113,18,1646854,1,0
113,19,1748216,1,0
113,20,2051270,1,0
113,21,1569443,1,0
113,22,1617581,1,0
113,23,1813011,1,0
113,24,1690581,1,0
113,25,1655742,1,0
113,26,1714736,1,0
113,27,1624341,1,0
113,28,1666179,1,0
113,29,1690482,1,0
113,30,1635912,1,0
113,31,1818091,1,0
113,32,2012422,1,0
113,33,1832274,1,0
113,34,1673828,1,0
113,35,1708528,1,0
113,36,1853555,1,0
113,37,1644853,1,0
113,38,1714485,1,0
113,39,1675192,1,0
113,40,1734570,1,0
113,41,1809855,1,0
113,42,2350818,1,0
113,43,1809157,1,0
113,44,1565649,1,0
113,45,1717678,1,0
113,46,1677929,1,0
113,47,1593503,1,0
113,48,1525473,1,0
113,49,1634987,1,0
113,50,1542010,1,0
113,51,1621316,1,0
113,52,1650264,1,0
113,53,1532602,1,0
113,54,1679538,1,0
113,55,1558329,1,0
113,56,1776340,1,0
113,57,1773420,1,0
113,58,1571890,1,0
113,59,1572831,1,0
114,0,777902,1,0
114,1,1598719,1,0
114,2,1689026,1,0
114,3,1742822,1,0
114,4,1598059,1,0
114,5,1732491,1,0
114,6,1918044,1,0
114,7,1829336,1,0
114,8,1810904,1,0
114,9,1766464,1,0
114,10,1727444,1,0
114,11,1737947,1,0
114,12,1762658,1,0
114,13,1711025,1,0
114,14,1698474,1,0
114,15,1649590,1,0
114,16,1831311,1,0
114,17,1678873,1,0
114,18,1620781,1,0
114,19,1805529,1,0
114,20,2020855,1,0
114,21,1550860,1,0
114,22,1664526,1,0
114,23,1805984,1,0
114,24,1658127,1,0
114,25,1751511,1,0
114,26,1644945,1,0
114,27,1611818,1,0
114,28,1672838,1,0
114,29,1684259,1,0
114,30,1659550,1,0
114,31,1881605,1,0
114,32,2086963,1,0
114,33,1662240,1,0
114,34,1689181,1,0
114,35,1906195,1,0
114,36,1637350,1,0
114,37,1698855,1,0
114,38,1713688,1,0
114,39,1654012,1,0
114,40,1718931,1,0
114,41,1968086,1,0
114,42,2378088,1,0
114,43,1588237,1,0
114,44,1560523,1,0
114,45,1790172,1,0
114,46,1595517,1,0
114,47,1603895,1,0
114,48,1608545,1,0
114,49,1556425,1,0
114,50,1526740,1,0
114,51,1643355,1,0
114,52,1649191,1,0
114,53,1640381,1,0
114,54,1573102,1,0
114,55,1547249,1,0
114,56,1914499,1,0
114,57,1634380,1,0
114,58,1589902,1,0
114,59,1698002,1,0
115,0,679183,1,0
115,1,1068129,1,0
115,2,1705456,1,0
115,3,1703471,1,0
115,4,1660602,1,0
115,5,1659098,1,0
115,6,1876159,1,0
115,7,1871625,1,0
115,8,1834294,1,0
115,9,1744926,1,0
115,10,1735257,1,0
115,11,1726638,1,0
115,12,1769734,1,0
115,13,1717096,1,0
115,14,1718688,1,0
115,15,1659509,1,0
115,16,1832310,1,0
115,17,1685642,1,0
115,18,1646447,1,0
115,19,1755214,1,0
115,20,2051435,1,0
115,21,1560613,1,0
115,22,1616360,1,0
115,23,1820315,1,0
115,24,1689819,1,0
115,25,1651029,1,0
115,26,1717862,1,0
115,27,1621209,1,0
115,28,1675108,1,0
115,29,1683694,1,0
115,30,1639899,1,0
115,31,1821469,1,0
115,32,2022065,1,0
115,33,1815991,1,0
115,34,1668813,1,0
115,35,1730803,1,0
115,36,1836806,1,0
115,37,1644797,1,0
115,38,1759996,1,0
115,39,1633145,1,0
115,40,1734440,1,0
115,41,1828270,1,0
115,42,2360539,1,0
115,43,1773725,1,0
115,44,1572346,1,0
115,45,1712854,1,0
115,46,1680603,1,0
115,47,1595262,1,0
115,48,1516060,1,0
115,49,1639867,1,0
115,50,1539246,1,0
115,51,1621664,1,0
115,52,1649186,1,0
115,53,1540638,1,0
115,54,1669321,1,0
115,55,1563238,1,0
115,56,1811335,1,0
115,57,1736448,1,0
115,58,1567223,1,0
115,59,1583560,1,0
116,0,744418,1,0
116,1,1697005,1,0
116,2,1684364,1,0
116,3,1741829,1,0
116,4,1585738,1,0
116,5,1741834,1,0
116,6,1927336,1,0
116,7,1823810,1,0
116,8,1807657,1,0
116,9,1773101,1,0
116,10,1725899,1,0
116,11,1737097,1,0
116,12,1766584,1,0
116,13,1693481,1,0
116,14,1707118,1,0
116,15,1645924,1,0
116,16,1838048,1,0
116,17,1678266,1,0
116,18,1626711,1,0
116,19,1790185,1,0
116,20,2028881,1,0
116,21,1549864,1,0
116,22,1679072,1,0
116,23,1786505,1,0
116,24,1669033,1,0
116,25,1762140,1,0
116,26,1624488,1,0
116,27,1614433,1,0
116,28,1667547,1,0
116,29,1691735,1,0
116,30,1654256,1,0
116,31,1909126,1,0
116,32,2104899,1,0
116,33,1623353,1,0
116,34,1680671,1,0
116,35,1911876,1,0
116,36,1631331,1,0
116,37,1706087,1,0
116,38,1704994,1,0
116,39,1664757,1,0
116,40,1727273,1,0
116,41,1994321,1,0
116,42,2352728,1,0
116,43,1569940,1,0
116,44,1556126,1,0
116,45,1810882,1,0
116,46,1597457,1,0
116,47,1574991,1,0
116,48,1613732,1,0
116,49,1564933,1,0
116,50,1520596,1,0
116,51,1664117,1,0
116,52,1627917,1,0
116,53,1679823,1,0
116,54,1535988,1,0
116,55,1551932,1,0
116,56,1925357,1,0
116,57,1619842,1,0
116,58,1602469,1,0
116,59,1694874,1,0
117,0,81653,1,0
117,1,1416897,1,0
117,2,1690424,1,0
117,3,1741331,1,0
117,4,1612658,1,0
117,5,1709410,1,0
117,6,1921699,1,0
117,7,1834203,1,0
117,8,1812694,1,0
117,9,1745767,1,0
117,10,1747279,1,0
117,11,1736711,1,0
117,12,1743380,1,0
117,13,1714167,1,0
117,14,1712288,1,0
117,15,1665283,1,0
117,16,1814405,1,0
117,17,1683418,1,0
117,18,1640778,1,0
117,19,1795732,1,0
117,20,2024420,1,0
117,21,1531303,1,0
117,22,1637609,1,0
117,23,1835501,1,0
117,24,1670036,1,0
117,25,1713637,1,0
117,26,1666782,1,0
117,27,1616223,1,0
117,28,1675495,1,0
117,29,1689743,1,0
117,30,1650677,1,0
117,31,1854969,1,0
117,32,2100288,1,0
117,33,1683100,1,0
117,34,1678180,1,0
117,35,1882873,1,0
117,36,1673912,1,0
117,37,1679168,1,0
117,38,1733076,1,0
117,39,1655335,1,0
117,40,1712020,1,0
117,41,1918386,1,0
117,42,2398792,1,0
117,43,1628690,1,0
117,44,1563100,1,0
117,45,1773367,1,0
117,46,1613558,1,0
117,47,1618739,1,0
117,48,1588669,1,0
117,49,1554654,1,0
117,50,1523788,1,0
117,51,1643880,1,0
117,52,1668283,1,0
117,53,1559837,1,0
117,54,1629334,1,0
117,55,1561715,1,0
117,56,1892659,1,0
117,57,1656933,1,0
117,58,1573817,1,0
117,59,1667681,1,0
118,0,1510670,1,0
118,1,1702195,1,0
118,2,1688476,1,0
118,3,1708704,1,0
118,4,1590955,1,0
118,5,1825702,1,0
118,6,1911779,1,0
118,7,1796655,1,0
118,8,1811919,1,0
118,9,1771066,1,0
118,10,1704082,1,0
118,11,1727745,1,0
118,12,1792306,1,0
118,13,1660224,1,0
118,14,1678683,1,0
118,15,1763508,1,0
118,16,1769931,1,0
118,17,1659111,1,0
118,18,1713758,1,0
118,19,1763253,1,0
118,20,1922342,1,0
118,21,1585241,1,0
118,22,1814871,1,0
118,23,1655048,1,0
118,24,1700086,1,0
118,25,1685308,1,0
118,26,1655876,1,0
118,27,1610431,1,0
118,28,1711280,1,0
118,29,1668104,1,0
118,30,1702028,1,0
118,31,2008914,1,0
118,32,1963768,1,0
118,33,1607600,1,0
118,34,1701770,1,0
118,35,1919392,1,0
118,36,1616011,1,0
118,37,1712839,1,0
118,38,1689739,1,0
118,39,1715423,1,0
118,40,1771363,1,0
118,41,2125073,1,0
118,42,2100821,1,0
118,43,1587075,1,0
118,44,1586376,1,0
118,45,1812453,1,0
118,46,1567653,1,0
118,47,1556766,1,0
118,48,1642998,1,0
118,49,1533177,1,0
118,50,1551085,1,0
118,51,1673577,1,0
118,52,1566302,1,0
118,53,1703748,1,0
118,54,1538703,1,0
118,55,1586738,1,0
118,56,1975099,1,0
118,57,1527672,1,0
118,58,1606564,1,0
118,59,1797961,1,0
119,0,1534312,1,0
119,1,1701230,1,0
119,2,1688051,1,0
119,3,1707580,1,0
119,4,1593375,1,0
119,5,1826322,1,0
119,6,1909276,1,0
119,7,1802743,1,0
119,8,1806412,1,0
119,9,1773350,1,0
119,10,1699740,1,0
119,11,1732383,1,0
119,12,1788733,1,0
119,13,1662065,1,0
119,14,1675965,1,0
119,15,1763874,1,0
119,16,1772221,1,0
119,17,1656815,1,0
119,18,1728021,1,0
119,19,1756561,1,0
119,20,1914086,1,0
119,21,1585863,1,0
119,22,1814523,1,0
119,23,1657651,1,0
119,24,1699135,1,0
119,25,1689640,1,0
119,26,1652544,1,0
119,27,1607559,1,0
119,28,1715925,1,0
119,29,1665860,1,0
119,30,1702908,1,0
119,31,2008237,1,0
119,32,1962631,1,0
119,33,1606705,1,0
119,34,1701539,1,0
119,35,1922169,1,0
119,36,1614500,1,0
119,37,1712896,1,0
119,38,1692802,1,0
119,39,1714900,1,0
119,40,1767491,1,0
119,41,2127624,1,0
119,42,2099027,1,0
119,43,1591360,1,0
119,44,1589347,1,0
119,45,1806754,1,0
119,46,1566197,1,0
119,47,1558482,1,0
119,48,1638331,1,0
119,49,1534978,1,0
119,50,1550760,1,0
119,51,1676088,1,0
119,52,1565004,1,0
119,53,1701155,1,0
119,54,1539616,1,0
119,55,1590290,1,0
119,56,1972842,1,0
119,57,1524959,1,0
119,58,1610975,1,0
119,59,1797310,1,0
120,0,615951,1,0
120,1,1303142,1,0
120,2,1692307,1,0
120,3,1730157,1,0
120,4,1631112,1,0
120,5,1684243,1,0
120,6,1926694,1,0
120,7,1843216,1,0
120,8,1814526,1,0
120,9,1744095,1,0
120,10,1735125,1,0
120,11,1748336,1,0
120,12,1737169,1,0
120,13,1713786,1,0
120,14,1716021,1,0
120,15,1670985,1,0
120,16,1821109,1,0
120,17,1685857,1,0
120,18,1638204,1,0
120,19,1793448,1,0
120,20,2025067,1,0
120,21,1537113,1,0
120,22,1635037,1,0
120,23,1826196,1,0
120,24,1679245,1,0
120,25,1694795,1,0
120,26,1678362,1,0
120,27,1617022,1,0
120,28,1678769,1,0
120,29,1683055,1,0
120,30,1656466,1,0
120,31,1835412,1,0
120,32,2073563,1,0
120,33,1730562,1,0
120,34,1675426,1,0
120,35,1848956,1,0
120,36,1708350,1,0
120,37,1677555,1,0
120,38,1734599,1,0
120,39,1647315,1,0
120,40,1729399,1,0
120,41,1875539,1,0
120,42,2407682,1,0
120,43,1659951,1,0
120,44,1563504,1,0
120,45,1761878,1,0
120,46,1633373,1,0
120,47,1612710,1,0
120,48,1539590,1,0
120,49,1598585,1,0
120,50,1531654,1,0
120,51,1644450,1,0
120,52,1654059,1,0
120,53,1535289,1,0
120,54,1662161,1,0
120,55,1561645,1,0
120,56,1879784,1,0
120,57,1668163,1,0
120,58,1569237,1,0
120,59,1642618,1,0
121,0,1126231,1,0
121,1,1722557,1,0
121,2,1679791,1,0
121,3,1736577,1,0
121,4,1585428,1,0
121,5,1759596,1,0
121,6,1929001,1,0
121,7,1830049,1,0
121,8,1793001,1,0
121,9,1775843,1,0
121,10,1719457,1,0
121,11,1731029,1,0
121,12,1778572,1,0
121,13,1679102,1,0
121,14,1712679,1,0
121,15,1643675,1,0
121,16,1836155,1,0
121,17,1680430,1,0
121,18,1671107,1,0
121,19,1774197,1,0
121,20,1987898,1,0
121,21,1563592,1,0
121,22,1702494,1,0
121,23,1757773,1,0
121,24,1680334,1,0
121,25,1740530,1,0
121,26,1633550,1,0
121,27,1610442,1,0
121,28,1674359,1,0
121,29,1693551,1,0
121,30,1655117,1,0
121,31,1957837,1,0
121,32,2070303,1,0
121,33,1599866,1,0
121,34,1692464,1,0
121,35,1912235,1,0
121,36,1625287,1,0
121,37,1723140,1,0
121,38,1688578,1,0
121,39,1678995,1,0
121,40,1757063,1,0
121,41,2018693,1,0
121,42,2279219,1,0
121,43,1572053,1,0
121,44,1560111,1,0
121,45,1813837,1,0
121,46,1594458,1,0
121,47,1560804,1,0
121,48,1630127,1,0
121,49,1548783,1,0
121,50,1525198,1,0
121,51,1675042,1,0
121,52,1608489,1,0
121,53,1696784,1,0
121,54,1525120,1,0
121,55,1574360,1,0
121,56,1935874,1,0
121,57,1599554,1,0
121,58,1599677,1,0
121,59,1726504,1,0
122,0,1413144,1,0
122,1,1697784,1,0
122,2,1687267,1,0
122,3,1719645,1,0
122,4,1580331,1,0
122,5,1826876,1,0
122,6,1896476,1,0
122,7,1815185,1,0
122,8,1792753,1,0
122,9,1779980,1,0
122,10,1713966,1,0
122,11,1726213,1,0
122,12,1780036,1,0
122,13,1671444,1,0
122,14,1689355,1,0
122,15,1678580,1,0
122,16,1827350,1,0
122,17,1678007,1,0
122,18,1711761,1,0
122,19,1753120,1,0
122,20,1946134,1,0
122,21,1575258,1,0
122,22,1786384,1,0
122,23,1682084,1,0
122,24,1688224,1,0
122,25,1708193,1,0
122,26,1652449,1,0
122,27,1608879,1,0
122,28,1686720,1,0
122,29,1687964,1,0
122,30,1684133,1,0
122,31,1999337,1,0
122,32,1995317,1,0
122,33,1602558,1,0
122,34,1701899,1,0
122,35,1917021,1,0
122,36,1620283,1,0
122,37,1716183,1,0
122,38,1687956,1,0
122,39,1697287,1,0
122,40,1786678,1,0
122,41,2078699,1,0
122,42,2152114,1,0
122,43,1585544,1,0
122,44,1575335,1,0
122,45,1823719,1,0
122,46,1568706,1,0
122,47,1555832,1,0
122,48,1647901,1,0
122,49,1532295,1,0
122,50,1521782,1,0
122,51,1689804,1,0
122,52,1571083,1,0
122,53,1714866,1,0
122,54,1535378,1,0
122,55,1577844,1,0
122,56,1978636,1,0
122,57,1537297,1,0
122,58,1600665,1,0
122,59,1778478,1,0
123,0,1739282,1,0
123,1,1714636,1,0
123,2,1688153,1,0
123,3,1686560,1,0
123,4,1614407,1,0
123,5,1853665,1,0
123,6,1876660,1,0
123,7,1809751,1,0
123,8,1798529,1,0
123,9,1765626,1,0
123,10,1702346,1,0
123,11,1750309,1,0
123,12,1762008,1,0
123,13,1672643,1,0
123,14,1678085,1,0
123,15,1797048,1,0
123,16,1723631,1,0
123,17,1663023,1,0
123,18,1755518,1,0
123,19,1775435,1,0
123,20,1853835,1,0
123,21,1601952,1,0
123,22,1817914,1,0
123,23,1661762,1,0
123,24,1698846,1,0
123,25,1696278,1,0
123,26,1631829,1,0
123,27,1604124,1,0
123,28,1742979,1,0
123,29,1642285,1,0
123,30,1761746,1,0
123,31,2004302,1,0
123,32,1915622,1,0
123,33,1635700,1,0
123,34,1679936,1,0
123,35,1910953,1,0
123,36,1621409,1,0
123,37,1715224,1,0
123,38,1689139,1,0
123,39,1737181,1,0
123,40,1731034,1,0
123,41,2328189,1,0
123,42,1918418,1,0
123,43,1572168,1,0
123,44,1677719,1,0
123,45,1719448,1,0
123,46,1576347,1,0
123,47,1543336,1,0
123,48,1635113,1,0
123,49,1541260,1,0
123,50,1607796,1,0
123,51,1656176,1,0
123,52,1533945,1,0
123,53,1690232,1,0
123,54,1546649,1,0
123,55,1679515,1,0
123,56,1867313,1,0
123,57,1570780,1,0
123,58,1582823,1,0
123,59,1868567,1,0
124,0,507530,1,0
124,1,1142179,1,0
124,2,1701983,1,0
124,3,1713105,1,0
124,4,1655842,1,0
124,5,1663527,1,0
124,6,1904748,1,0
124,7,1863627,1,0
124,8,1821294,1,0
124,9,1745586,1,0
124,10,1722472,1,0
124,11,1737203,1,0
124,12,1757381,1,0
124,13,1719419,1,0
124,14,1721186,1,0
124,15,1664035,1,0
124,16,1833547,1,0
124,17,1674066,1,0
124,18,1647727,1,0
124,19,1766163,1,0
124,20,2043372,1,0
124,21,1550675,1,0
124,22,1624145,1,0
124,23,1827346,1,0
124,24,1680064,1,0
124,25,1660155,1,0
124,26,1711336,1,0
124,27,1620412,1,0
124,28,1684166,1,0
124,29,1677179,1,0
124,30,1643533,1,0
124,31,1822283,1,0
124,32,2037627,1,0
124,33,1793094,1,0
124,34,1672029,1,0
124,35,1764623,1,0
124,36,1801086,1,0
124,37,1653513,1,0
124,38,1754152,1,0
124,39,1638304,1,0
124,40,1738496,1,0
124,41,1843201,1,0
124,42,2357142,1,0
124,43,1746244,1,0
124,44,1575324,1,0
124,45,1719482,1,0
124,46,1670103,1,0
124,47,1608331,1,0
124,48,1503708,1,0
124,49,1638432,1,0
124,50,1537788,1,0
124,51,1632521,1,0
124,52,1641532,1,0
124,53,1545566,1,0
124,54,1664102,1,0
124,55,1562750,1,0
124,56,1826141,1,0
124,57,1719979,1,0
124,58,1566704,1,0
124,59,1603913,1,0
125,0,1474368,1,0
125,1,1704264,1,0
125,2,1691252,1,0
125,3,1707581,1,0
125,4,1589485,1,0
125,5,1825095,1,0
125,6,1909161,1,0
125,7,1797302,1,0
125,8,1790910,1,0
125,9,1793646,1,0
125,10,1707482,1,0
125,11,1724597,1,0
125,12,1787478,1,0
125,13,1665466,1,0
125,14,1681094,1,0
125,15,1743693,1,0
125,16,1787570,1,0
125,17,1661261,1,0
125,18,1714818,1,0
125,19,1759511,1,0
125,20,1928760,1,0
125,21,1579036,1,0
125,22,1809374,1,0
125,23,1663754,1,0
125,24,1689780,1,0
125,25,1697393,1,0
125,26,1655208,1,0
125,27,1611874,1,0
125,28,1699522,1,0
125,29,1674128,1,0
125,30,1694755,1,0
125,31,2004981,1,0
125,32,1979174,1,0
125,33,1605742,1,0
125,34,1699306,1,0
125,35,1916469,1,0
125,36,1618910,1,0
125,37,1716592,1,0
125,38,1687902,1,0
125,39,1714043,1,0
125,40,1774721,1,0
125,41,2106799,1,0
125,42,2119624,1,0
125,43,1584748,1,0
125,44,1581074,1,0
125,45,1822481,1,0
125,46,1563001,1,0
125,47,1557052,1,0
125,48,1644208,1,0
125,49,1534630,1,0
125,50,1548627,1,0
125,51,1673133,1,0
125,52,1568051,1,0
125,53,1706368,1,0
125,54,1536333,1,0
125,55,1584949,1,0
125,56,1975027,1,0
125,57,1530943,1,0
125,58,1601944,1,0
125,59,1791877,1,0
126,0,722922,1,0
126,1,989687,1,0
126,2,1678076,1,0
126,3,1685129,1,0
126,4,1679518,1,0
126,5,1640262,1,0
126,6,1851975,1,0
126,7,1890444,1,0
126,8,1844896,1,0
126,9,1748441,1,0
126,10,1734215,1,0
126,11,1726614,1,0
126,12,1768653,1,0
126,13,1726401,1,0
126,14,1713589,1,0
126,15,1656909,1,0
126,16,1839902,1,0
126,17,1682842,1,0
126,18,1652838,1,0
126,19,1744958,1,0
126,20,2017703,1,0
126,21,1606093,1,0
126,22,1618965,1,0
126,23,1806618,1,0
126,24,1690445,1,0
126,25,1663171,1,0
126,26,1710457,1,0
126,27,1625724,1,0
126,28,1660629,1,0
126,29,1696680,1,0
126,30,1631632,1,0
126,31,1811502,1,0
126,32,2006119,1,0
126,33,1852488,1,0
126,34,1669914,1,0
126,35,1709041,1,0
126,36,1852839,1,0
126,37,1639277,1,0
126,38,1715015,1,0
126,39,1676520,1,0
126,40,1738526,1,0
126,41,1802249,1,0
126,42,2342567,1,0
126,43,1826099,1,0
126,44,1566946,1,0
126,45,1713389,1,0
126,46,1683258,1,0
126,47,1589571,1,0
126,48,1527615,1,0
126,49,1637595,1,0
126,50,1539403,1,0
126,51,1622104,1,0
126,52,1652609,1,0
126,53,1528216,1,0
126,54,1683692,1,0
126,55,1556515,1,0
126,56,1773835,1,0
126,57,1775769,1,0
126,58,1573713,1,0
126,59,1569343,1,0
127,0,1660394,1,0
127,1,1717381,1,0
127,2,1684692,1,0
127,3,1694316,1,0
127,4,1609188,1,0
127,5,1837994,1,0
127,6,1888342,1,0
127,7,1805318,1,0
127,8,1808684,1,0
127,9,1764206,1,0
127,10,1703827,1,0
127,11,1730332,1,0
127,12,1788261,1,0
127,13,1664174,1,0
127,14,1672426,1,0
127,15,1783472,1,0
127,16,1748862,1,0
127,17,1663688,1,0
127,18,1748765,1,0
127,19,1747825,1,0
127,20,1890403,1,0
127,21,1598079,1,0
127,22,1815366,1,0
127,23,1652099,1,0
127,24,1709333,1,0
127,25,1686835,1,0
127,26,1645094,1,0
127,27,1605538,1,0
127,28,1732493,1,0
127,29,1647926,1,0
127,30,1738452,1,0
127,31,2004943,1,0
127,32,1940587,1,0
127,33,1612702,1,0
127,34,1693860,1,0
127,35,1915962,1,0
127,36,1620795,1,0
127,37,1713632,1,0
127,38,1693823,1,0
127,39,1732207,1,0
127,40,1732107,1,0
127,41,2312562,1,0
127,42,1933832,1,0
127,43,1577719,1,0
127,44,1670315,1,0
127,45,1723420,1,0
127,46,1576594,1,0
127,47,1545831,1,0
127,48,1637256,1,0
127,49,1541564,1,0
127,50,1600146,1,0
127,51,1648611,1,0
127,52,1540054,1,0
127,53,1698508,1,0
127,54,1544328,1,0
127,55,1633852,1,0
127,56,1920312,1,0
127,57,1547704,1,0
127,58,1602602,1,0
127,59,1823547,1,0
128,0,1071364,1,0
128,1,1719492,1,0
128,2,1682557,1,0
128,3,1738175,1,0
128,4,1580553,1,0
128,5,1755572,1,0
128,6,1929514,1,0
128,7,1828906,1,0
128,8,1792143,1,0
128,9,1781061,1,0
128,10,1721453,1,0
128,11,1733128,1,0
128,12,1773805,1,0
128,13,1682893,1,0
128,14,1711621,1,0
128,15,1648598,1,0
128,16,1835201,1,0
128,17,1678136,1,0
128,18,1673357,1,0
128,19,1766909,1,0
128,20,1995878,1,0
128,21,1558758,1,0
128,22,1690860,1,0
128,23,1771833,1,0
128,24,1679322,1,0
128,25,1746857,1,0
128,26,1628761,1,0
128,27,1610989,1,0
128,28,1673258,1,0
128,29,1692669,1,0
128,30,1655487,1,0
128,31,1931038,1,0
128,32,2096619,1,0
128,33,1606177,1,0
128,34,1685235,1,0
128,35,1916063,1,0
128,36,1620032,1,0
128,37,1727972,1,0
128,38,1691002,1,0
128,39,1670924,1,0
128,40,1736030,1,0
128,41,2022714,1,0
128,42,2304262,1,0
128,43,1569165,1,0
128,44,1557108,1,0
128,45,1809090,1,0
128,46,1603560,1,0
128,47,1561725,1,0
128,48,1624890,1,0
128,49,1556964,1,0
128,50,1524517,1,0
128,51,1662267,1,0
128,52,1622854,1,0
128,53,1689335,1,0
128,54,1529306,1,0
128,55,1571801,1,0
128,56,1924933,1,0
128,57,1612085,1,0
128,58,1595304,1,0
128,59,1719580,1,0
129,0,1222698,1,0
129,1,1715837,1,0
129,2,1673388,1,0
129,3,1729543,1,0
129,4,1585536,1,0
129,5,1777694,1,0
129,6,1924718,1,0
129,7,1822109,1,0
129,8,1789979,1,0
129,9,1784707,1,0
129,10,1712259,1,0
129,11,1737220,1,0
129,12,1770569,1,0
129,13,1672150,1,0
129,14,1710708,1,0
129,15,1654369,1,0
129,16,1840432,1,0
129,17,1670409,1,0
129,18,1695064,1,0
129,19,1758175,1,0
129,20,1975303,1,0
129,21,1567955,1,0
129,22,1713904,1,0
129,23,1745652,1,0
129,24,1688574,1,0
129,25,1724733,1,0
129,26,1638806,1,0
129,27,1615085,1,0
129,28,1671803,1,0
129,29,1693039,1,0
129,30,1664495,1,0
129,31,1972467,1,0
129,32,2045803,1,0
129,33,1600731,1,0
129,34,1693379,1,0
129,35,1918847,1,0
129,36,1621981,1,0
129,37,1725308,1,0
129,38,1686551,1,0
129,39,1681876,1,0
129,40,1781304,1,0
129,41,2010338,1,0
129,42,2254761,1,0
129,43,1577263,1,0
129,44,1568200,1,0
129,45,1819291,1,0
129,46,1572973,1,0
129,47,1559291,1,0
129,48,1641273,1,0
129,49,1542191,1,0
129,50,1522706,1,0
129,51,1678300,1,0
129,52,1601715,1,0
129,53,1709647,1,0
129,54,1516585,1,0
129,55,1575792,1,0
129,56,1952405,1,0
129,57,1583214,1,0
129,58,1599815,1,0
129,59,1738748,1,0
130,0,627973,1,0
130,1,1173940,1,0
130,2,1703598,1,0
130,3,1715645,1,0
130,4,1650770,1,0
130,5,1669288,1,0
130,6,1916746,1,0
130,7,1852829,1,0
130,8,1815779,1,0
130,9,1746796,1,0
130,10,1724717,1,0
130,11,1736171,1,0
130,12,1754380,1,0
130,13,1717169,1,0
130,14,1722897,1,0
130,15,1667235,1,0
130,16,1832555,1,0
130,17,1673099,1,0
130,18,1648054,1,0
130,19,1772992,1,0
130,20,2038719,1,0
130,21,1545075,1,0
130,22,1627811,1,0
130,23,1828710,1,0
130,24,1677580,1,0
130,25,1671373,1,0
130,26,1701035,1,0
130,27,1620091,1,0
130,28,1681459,1,0
130,29,1679096,1,0
130,30,1643411,1,0
130,31,1830283,1,0
130,32,2051895,1,0
130,33,1770774,1,0
130,34,1675195,1,0
130,35,1793981,1,0
130,36,1766418,1,0
130,37,1660628,1,0
130,38,1749339,1,0
130,39,1640702,1,0
130,40,1739784,1,0
130,41,1840188,1,0
130,42,2373283,1,0
130,43,1727873,1,0
130,44,1574463,1,0
130,45,1727616,1,0
130,46,1663386,1,0
130,47,1610281,1,0
130,48,1503659,1,0
130,49,1634937,1,0
130,50,1535442,1,0
130,51,1635337,1,0
130,52,1645744,1,0
130,53,1542941,1,0
130,54,1665166,1,0
130,55,1561126,1,0
130,56,1856011,1,0
130,57,1692998,1,0
130,58,1563463,1,0
130,59,1618246,1,0
131,0,535760,1,0
131,1,1290192,1,0
131,2,1694406,1,0
131,3,1728403,1,0
131,4,1635378,1,0
131,5,1679745,1,0
131,6,1928916,1,0
131,7,1840624,1,0
131,8,1817602,1,0
131,9,1742888,1,0
131,10,1735411,1,0
131,11,1747302,1,0
131,12,1732269,1,0
131,13,1718161,1,0
131,14,1717854,1,0
131,15,1670123,1,0
131,16,1822240,1,0
131,17,1685098,1,0
131,18,1639068,1,0
131,19,1790888,1,0
131,20,2025021,1,0
131,21,1539420,1,0
131,22,1635464,1,0
131,23,1825672,1,0
131,24,1679367,1,0
131,25,1694931,1,0
131,26,1677458,1,0
131,27,1616329,1,0
131,28,1681194,1,0
131,29,1681610,1,0
131,30,1656562,1,0
131,31,1835586,1,0
131,32,2071812,1,0
131,33,1733254,1,0
131,34,1674472,1,0
131,35,1847610,1,0
131,36,1711238,1,0
131,37,1676263,1,0
131,38,1734692,1,0
131,39,1644539,1,0
131,40,1732696,1,0
131,41,1872690,1,0
131,42,2393353,1,0
131,43,1676428,1,0
131,44,1563493,1,0
131,45,1760007,1,0
131,46,1635597,1,0
131,47,1614388,1,0
131,48,1537301,1,0
131,49,1598616,1,0
131,50,1533647,1,0
131,51,1642730,1,0
131,52,1655912,1,0
131,53,1535580,1,0
131,54,1660922,1,0
131,55,1560730,1,0
131,56,1880138,1,0
131,57,1669433,1,0
131,58,1568376,1,0
131,59,1642509,1,0
132,0,1331194,1,0
132,1,1707823,1,0
132,2,1673122,1,0
132,3,1732369,1,0
132,4,1574219,1,0
132,5,1821830,1,0
132,6,1895228,1,0
132,7,1813933,1,0
132,8,1801105,1,0
132,9,1772914,1,0
132,10,1718749,1,0
132,11,1732104,1,0
132,12,1779983,1,0
132,13,1670192,1,0
132,14,1695436,1,0
132,15,1673078,1,0
132,16,1828908,1,0
132,17,1672384,1,0
132,18,1708704,1,0
132,19,1751451,1,0
132,20,1964266,1,0
132,21,1564849,1,0
132,22,1768542,1,0
132,23,1701897,1,0
132,24,1683669,1,0
132,25,1716140,1,0
132,26,1649181,1,0
132,27,1609730,1,0
132,28,1674331,1,0
132,29,1695549,1,0
132,30,1675085,1,0
132,31,1983039,1,0
132,32,2023925,1,0
132,33,1598857,1,0
132,34,1706158,1,0
132,35,1911725,1,0
132,36,1622474,1,0
132,37,1718481,1,0
132,38,1685798,1,0
132,39,1689740,1,0
132,40,1791780,1,0
132,41,2041208,1,0
132,42,2198534,1,0
132,43,1581473,1,0
132,44,1574582,1,0
132,45,1825489,1,0
132,46,1569244,1,0
132,47,1552257,1,0
132,48,1652731,1,0
132,49,1527223,1,0
132,50,1521082,1,0
132,51,1690802,1,0
132,52,1583642,1,0
132,53,1712453,1,0
132,54,1534834,1,0
132,55,1564563,1,0
132,56,1975991,1,0
132,57,1548642,1,0
132,58,1606371,1,0
132,59,1751992,1,0
133,0,1249352,1,0
133,1,1709734,1,0
133,2,1672096,1,0
133,3,1730832,1,0
133,4,1585910,1,0
133,5,1781106,1,0
133,6,1926111,1,0
133,7,1818864,1,0
133,8,1788503,1,0
133,9,1783667,1,0
133,10,1713744,1,0
133,11,1738911,1,0
133,12,1769903,1,0
133,13,1670689,1,0
133,14,1709937,1,0
133,15,1658452,1,0
133,16,1838667,1,0
133,17,1668742,1,0
133,18,1693607,1,0
133,19,1760717,1,0
133,20,1972888,1,0
133,21,1567366,1,0
133,22,1733320,1,0
133,23,1728124,1,0
133,24,1686614,1,0
133,25,1723857,1,0
133,26,1643123,1,0
133,27,1613795,1,0
133,28,1673021,1,0
133,29,1691479,1,0
133,30,1664461,1,0
133,31,1976431,1,0
133,32,2041225,1,0
133,33,1602410,1,0
133,34,1693758,1,0
133,35,1918202,1,0
133,36,1622792,1,0
133,37,1722729,1,0
133,38,1687029,1,0
133,39,1684763,1,0
133,40,1783937,1,0
133,41,2016988,1,0
133,42,2241445,1,0
133,43,1577431,1,0
133,44,1569182,1,0
133,45,1821874,1,0
133,46,1571009,1,0
133,47,1559195,1,0
133,48,1648167,1,0
133,49,1532971,1,0
133,50,1521816,1,0
133,51,1682793,1,0
133,52,1596518,1,0
133,53,1711862,1,0
133,54,1516900,1,0
133,55,1575750,1,0
133,56,1962612,1,0
133,57,1569600,1,0
133,58,1603287,1,0
133,59,1740283,1,0
134,0,1817797,1,0
134,1,1715982,1,0
134,2,1682779,1,0
134,3,1681496,1,0
134,4,1616548,1,0
134,5,1863348,1,0
134,6,1874755,1,0
134,7,1823722,1,0
134,8,1795641,1,0
134,9,1745982,1,0
134,10,1709116,1,0
134,11,1759503,1,0
134,12,1743996,1,0
134,13,1711247,1,0
134,14,1650916,1,0
134,15,1809733,1,0
134,16,1704586,1,0
134,17,1669457,1,0
134,18,1747744,1,0
134,19,1889676,1,0
134,20,1742093,1,0
134,21,1607457,1,0
134,22,1806286,1,0
134,23,1677958,1,0
134,24,1690326,1,0
134,25,1695810,1,0
134,26,1628286,1,0
134,27,1598334,1,0
134,28,1757796,1,0
134,29,1632607,1,0
134,30,1775842,1,0
134,31,2005348,1,0
134,32,1900979,1,0
134,33,1655106,1,0
134,34,1670239,1,0
134,35,1898994,1,0
134,36,1627252,1,0
134,37,1714917,1,0
134,38,1683848,1,0
134,39,1746638,1,0
134,40,1743856,1,0
134,41,2339042,1,0
134,42,1888902,1,0
134,43,1570028,1,0
134,44,1691372,1,0
134,45,1704940,1,0
134,46,1580609,1,0
134,47,1537678,1,0
134,48,1633890,1,0
134,49,1544520,1,0
134,50,1614931,1,0
134,51,1650954,1,0
134,52,1532419,1,0
134,53,1686103,1,0
134,54,1550941,1,0
134,55,1692524,1,0
134,56,1855386,1,0
134,57,1580053,1,0
134,58,1571309,1,0
134,59,1872408,1,0
135,0,435122,1,0
135,1,1242852,1,0
135,2,1701184,1,0
135,3,1720153,1,0
135,4,1641506,1,0
135,5,1677167,1,0
135,6,1926165,1,0
135,7,1844439,1,0
135,8,1818903,1,0
135,9,1738464,1,0
135,10,1737780,1,0
135,11,1743401,1,0
135,12,1736413,1,0
135,13,1717356,1,0
135,14,1719496,1,0
135,15,1669454,1,0
135,16,1827961,1,0
135,17,1679929,1,0
135,18,1641927,1,0
135,19,1785218,1,0
135,20,2028037,1,0
135,21,1543136,1,0
135,22,1633305,1,0
135,23,1823401,1,0
135,24,1677004,1,0
135,25,1681431,1,0
135,26,1692314,1,0
135,27,1619255,1,0
135,28,1680597,1,0
135,29,1680336,1,0
135,30,1651768,1,0
135,31,1832764,1,0
135,32,2073900,1,0
135,33,1740631,1,0
135,34,1673920,1,0
135,35,1824919,1,0
135,36,1737528,1,0
135,37,1664226,1,0
135,38,1739182,1,0
135,39,1641960,1,0
135,40,1743339,1,0
135,41,1860023,1,0
135,42,2388024,1,0
135,43,1691625,1,0
135,44,1567518,1,0
135,45,1752060,1,0
135,46,1645157,1,0
135,47,1610057,1,0
135,48,1515496,1,0
135,49,1618177,1,0
135,50,1537931,1,0
135,51,1638343,1,0
135,52,1652045,1,0
135,53,1540305,1,0
135,54,1662070,1,0
135,55,1561874,1,0
135,56,1866700,1,0
135,57,1682785,1,0
135,58,1561316,1,0
135,59,1632307,1,0
136,0,554199,1,0
136,1,1184876,1,0
136,2,1703939,1,0
136,3,1716843,1,0
136,4,1648766,1,0
136,5,1667688,1,0
136,6,1923128,1,0
136,7,1849783,1,0
136,8,1814821,1,0
136,9,1746590,1,0
136,10,1725943,1,0
136,11,1736053,1,0
136,12,1752066,1,0
136,13,1718762,1,0
136,14,1723683,1,0
136,15,1665430,1,0
136,16,1831425,1,0
136,17,1675231,1,0
136,18,1648618,1,0
136,19,1773661,1,0
136,20,2038657,1,0
136,21,1542318,1,0
136,22,1629053,1,0
136,23,1827651,1,0
136,24,1676406,1,0
136,25,1672643,1,0
136,26,1702026,1,0
136,27,1619496,1,0
136,28,1681663,1,0
136,29,1679044,1,0
136,30,1643752,1,0
136,31,1829784,1,0
136,32,2053531,1,0
136,33,1770372,1,0
136,34,1676194,1,0
136,35,1793494,1,0
136,36,1767909,1,0
136,37,1658441,1,0
136,38,1747336,1,0
136,39,1640336,1,0
136,40,1740567,1,0
136,41,1847948,1,0
136,42,2366579,1,0
136,43,1729140,1,0
136,44,1571062,1,0
136,45,1734213,1,0
136,46,1656675,1,0
136,47,1611889,1,0
136,48,1503702,1,0
136,49,1634059,1,0
136,50,1535544,1,0
136,51,1635348,1,0
136,52,1645955,1,0
136,53,1543324,1,0
136,54,1665750,1,0
136,55,1560317,1,0
136,56,1855643,1,0
136,57,1693870,1,0
136,58,1562740,1,0
136,59,1617211,1,0
137,0,1465027,1,0
137,1,1702442,1,0
137,2,1690296,1,0
137,3,1710524,1,0
137,4,1586822,1,0
137,5,1822911,1,0
137,6,1907678,1,0
137,7,1802999,1,0
137,8,1789819,1,0
137,9,1792384,1,0
137,10,1709999,1,0
137,11,1723217,1,0
137,12,1788055,1,0
137,13,1665250,1,0
137,14,1683209,1,0
137,15,1729038,1,0
137,16,1798107,1,0
137,17,1663978,1,0
137,18,1714182,1,0
137,19,1753893,1,0
137,20,1935655,1,0
137,21,1577826,1,0
137,22,1806042,1,0
137,23,1664747,1,0
137,24,1689929,1,0
137,25,1699565,1,0
137,26,1655726,1,0
137,27,1612518,1,0
137,28,1696361,1,0
137,29,1677278,1,0
137,30,1693529,1,0
137,31,2005125,1,0
137,32,1978691,1,0
137,33,1605683,1,0
137,34,1698841,1,0
137,35,1916547,1,0
137,36,1619532,1,0
137,37,1718067,1,0
137,38,1685803,1,0
137,39,1713084,1,0
137,40,1776632,1,0
137,41,2091905,1,0
137,42,2135011,1,0
137,43,1584486,1,0
137,44,1579772,1,0
137,45,1821214,1,0
137,46,1566515,1,0
137,47,1554985,1,0
137,48,1647036,1,0
137,49,1532884,1,0
137,50,1532547,1,0
137,51,1687419,1,0
137,52,1568483,1,0
137,53,1706803,1,0
137,54,1538367,1,0
137,55,1582647,1,0
137,56,1976002,1,0
137,57,1532163,1,0
137,58,1602287,1,0
137,59,1791351,1,0
138,0,1319340,1,0
138,1,1709158,1,0
138,2,1669779,1,0
138,3,1732307,1,0
138,4,1578401,1,0
138,5,1812186,1,0
138,6,1902476,1,0
138,7,1815313,1,0
138,8,1800287,1,0
138,9,1773806,1,0
138,10,1717786,1,0
138,11,1734205,1,0
138,12,1778498,1,0
138,13,1669616,1,0
138,14,1696280,1,0
138,15,1673484,1,0
138,16,1828088,1,0
138,17,1673747,1,0
138,18,1697620,1,0
138,19,1761089,1,0
138,20,1962175,1,0
138,21,1567836,1,0
138,22,1768986,1,0
138,23,1700487,1,0
138,24,1683138,1,0
138,25,1719203,1,0
138,26,1646017,1,0
138,27,1610505,1,0
138,28,1675420,1,0
138,29,1695131,1,0
138,30,1674947,1,0
138,31,1970591,1,0
138,32,2035749,1,0
138,33,1598804,1,0
138,34,1706728,1,0
138,35,1911240,1,0
138,36,1622171,1,0
138,37,1718422,1,0
138,38,1685053,1,0
138,39,1690282,1,0
138,40,1793419,1,0
138,41,2028692,1,0
138,42,2210836,1,0
138,43,1581719,1,0
138,44,1575856,1,0
138,45,1820585,1,0
138,46,1571661,1,0
138,47,1551560,1,0
138,48,1653994,1,0
138,49,1526908,1,0
138,50,1522191,1,0
138,51,1687756,1,0
138,52,1586010,1,0
138,53,1712197,1,0
138,54,1527865,1,0
138,55,1571779,1,0
138,56,1976331,1,0
138,57,1550836,1,0
138,58,1603966,1,0
138,59,1751588,1,0
139,0,1307793,1,0
139,1,1708506,1,0
139,2,1670516,1,0
139,3,1731824,1,0
139,4,1578845,1,0
139,5,1804829,1,0
139,6,1910544,1,0
139,7,1816404,1,0
139,8,1797049,1,0
139,9,1775760,1,0
139,10,1716667,1,0
139,11,1735336,1,0
139,12,1775670,1,0
139,13,1672759,1,0
139,14,1697813,1,0
139,15,1670545,1,0
139,16,1830529,1,0
139,17,1672113,1,0
139,18,1698272,1,0
139,19,1759027,1,0
139,20,1963756,1,0
139,21,1569643,1,0
139,22,1750426,1,0
139,23,1717035,1,0
139,24,1682864,1,0
139,25,1720490,1,0
139,26,1643570,1,0
139,27,1612139,1,0
139,28,1675025,1,0
139,29,1694924,1,0
139,30,1671566,1,0
139,31,1974503,1,0
139,32,2035772,1,0
139,33,1599177,1,0
139,34,1705569,1,0
139,35,1911122,1,0
139,36,1623179,1,0
139,37,1718697,1,0
139,38,1685017,1,0
139,39,1689339,1,0
139,40,1792155,1,0
139,41,2029669,1,0
139,42,2211608,1,0
139,43,1581462,1,0
139,44,1576342,1,0
139,45,1819378,1,0
139,46,1572637,1,0
139,47,1553795,1,0
139,48,1649871,1,0
139,49,1528139,1,0
139,50,1523570,1,0
139,51,1687793,1,0
139,52,1587307,1,0
139,53,1712913,1,0
139,54,1520774,1,0
139,55,1576651,1,0
139,56,1976716,1,0
139,57,1550060,1,0
139,58,1604454,1,0
139,59,1751335,1,0
140,0,1576924,1,0
140,1,1710263,1,0
140,2,1683797,1,0
140,3,1703984,1,0
140,4,1600019,1,0
140,5,1827350,1,0
140,6,1903796,1,0
140,7,1803588,1,0
140,8,1800900,1,0
140,9,1775552,1,0
140,10,1699564,1,0
140,11,1730606,1,0
140,12,1789309,1,0
140,13,1662646,1,0
140,14,1675473,1,0
140,15,1773385,1,0
140,16,1764082,1,0
140,17,1656455,1,0
140,18,1743300,1,0
140,19,1744578,1,0
140,20,1910923,1,0
140,21,1588780,1,0
140,22,1816492,1,0
140,23,1653382,1,0
140,24,1701063,1,0
140,25,1689033,1,0
140,26,1651089,1,0
140,27,1603341,1,0
140,28,1722183,1,0
140,29,1661966,1,0
140,30,1719439,1,0
140,31,2012934,1,0
140,32,1941927,1,0
140,33,1611499,1,0
140,34,1699307,1,0
140,35,1919907,1,0
140,36,1618434,1,0
140,37,1714213,1,0
140,38,1687269,1,0
140,39,1716913,1,0
140,40,1760149,1,0
140,41,2148737,1,0
140,42,2080644,1,0
140,43,1592279,1,0
140,44,1656494,1,0
140,45,1736396,1,0
140,46,1571545,1,0
140,47,1552877,1,0
140,48,1638603,1,0
140,49,1536272,1,0
140,50,1595800,1,0
140,51,1637538,1,0
140,52,1559924,1,0
140,53,1698991,1,0
140,54,1541430,1,0
140,55,1600638,1,0
140,56,1961286,1,0
140,57,1530202,1,0
140,58,1608718,1,0
140,59,1806763,1,0
141,0,640327,1,0
141,1,1686684,1,0
141,2,1682945,1,0
141,3,1741476,1,0
141,4,1586258,1,0
141,5,1743365,1,0
141,6,1920353,1,0
141,7,1828885,1,0
141,8,1810015,1,0
141,9,1768994,1,0
141,10,1727676,1,0
141,11,1737439,1,0
141,12,1763437,1,0
141,13,1698170,1,0
141,14,1705660,1,0
141,15,1645154,1,0
141,16,1838331,1,0
141,17,1677321,1,0
141,18,1627998,1,0
141,19,1791395,1,0
141,20,2029838,1,0
141,21,1547939,1,0
141,22,1668820,1,0
141,23,1797628,1,0
141,24,1669002,1,0
141,25,1762983,1,0
141,26,1623406,1,0
141,27,1612536,1,0
141,28,1669581,1,0
141,29,1690197,1,0
141,30,1656184,1,0
141,31,1907048,1,0
141,32,2105405,1,0
141,33,1624125,1,0
141,34,1682064,1,0
141,35,1908757,1,0
141,36,1634762,1,0
141,37,1703773,1,0
141,38,1707338,1,0
141,39,1662550,1,0
141,40,1726999,1,0
141,41,1994775,1,0
141,42,2353742,1,0
141,43,1570866,1,0
141,44,1555907,1,0
141,45,1811505,1,0
141,46,1593385,1,0
141,47,1578663,1,0
141,48,1612503,1,0
141,49,1564846,1,0
141,50,1522926,1,0
141,51,1662914,1,0
141,52,1628319,1,0
141,53,1665895,1,0
141,54,1549780,1,0
141,55,1550556,1,0
141,56,1927249,1,0
141,57,1616634,1,0
141,58,1603752,1,0
141,59,1695588,1,0
142,0,1793854,1,0
142,1,1719082,1,0
142,2,1683383,1,0
142,3,1682037,1,0
142,4,1616863,1,0
142,5,1859313,1,0
142,6,1876707,1,0
142,7,1816224,1,0
142,8,1790873,1,0
142,9,1760984,1,0
142,10,1704511,1,0
142,11,1755758,1,0
142,12,1748820,1,0
142,13,1710861,1,0
142,14,1650566,1,0
142,15,1812720,1,0
142,16,1702219,1,0
142,17,1671131,1,0
142,18,1748859,1,0
142,19,1839343,1,0
142,20,1793637,1,0
142,21,1604409,1,0
142,22,1807271,1,0
142,23,1676785,1,0
142,24,1690663,1,0
142,25,1696219,1,0
142,26,1629575,1,0
142,27,1599220,1,0
142,28,1755305,1,0
142,29,1632150,1,0
142,30,1775265,1,0
142,31,2007076,1,0
142,32,1900621,1,0
142,33,1653872,1,0
142,34,1670860,1,0
142,35,1901057,1,0
142,36,1624820,1,0
142,37,1714873,1,0
142,38,1685765,1,0
142,39,1744581,1,0
142,40,1743813,1,0
142,41,2338724,1,0
142,42,1888991,1,0
142,43,1573879,1,0
142,44,1687482,1,0
142,45,1707501,1,0
142,46,1579387,1,0
142,47,1537705,1,0
142,48,1635416,1,0
142,49,1544247,1,0
142,50,1612173,1,0
142,51,1651551,1,0
142,52,1533345,1,0
142,53,1689768,1,0
142,54,1547844,1,0
142,55,1692851,1,0
142,56,1853292,1,0
142,57,1579264,1,0
142,58,1574787,1,0
142,59,1871290,1,0
143,0,1400534,1,0
143,1,1698189,1,0
143,2,1687797,1,0
143,3,1719808,1,0
143,4,1579217,1,0
143,5,1829711,1,0
143,6,1894647,1,0
143,7,1815299,1,0
143,8,1788851,1,0
143,9,1783027,1,0
143,10,1712556,1,0
143,11,1728702,1,0
143,12,1779940,1,0
143,13,1672578,1,0
143,14,1689814,1,0
143,15,1676875,1,0
143,16,1827764,1,0
143,17,1678726,1,0
143,18,1710510,1,0
143,19,1752569,1,0
143,20,1947079,1,0
143,21,1574527,1,0
143,22,1784347,1,0
143,23,1684443,1,0
143,24,1687813,1,0
143,25,1708903,1,0
143,26,1654774,1,0
143,27,1606507,1,0
143,28,1683884,1,0
143,29,1690179,1,0
143,30,1684370,1,0
143,31,1983987,1,0
143,32,2010736,1,0
143,33,1603459,1,0
143,34,1702683,1,0
143,35,1912974,1,0
143,36,1620151,1,0
143,37,1719881,1,0
143,38,1688226,1,0
143,39,1693821,1,0
143,40,1790667,1,0
143,41,2069699,1,0
143,42,2161629,1,0
143,43,1583294,1,0
143,44,1574186,1,0
143,45,1825965,1,0
143,46,1568479,1,0
143,47,1555853,1,0
143,48,1646743,1,0
143,49,1532545,1,0
143,50,1521939,1,0
143,51,1689923,1,0
143,52,1572851,1,0
143,53,1713239,1,0
143,54,1535980,1,0
143,55,1575829,1,0
143,56,1980663,1,0
143,57,1535861,1,0
143,58,1602245,1,0
143,59,1777055,1,0
144,0,602879,1,0
144,1,1669269,1,0
144,2,1688114,1,0
144,3,1742670,1,0
144,4,1588144,1,0
144,5,1742837,1,0
144,6,1917714,1,0
144,7,1831874,1,0
144,8,1808772,1,0
144,9,1768514,1,0
144,10,1720650,1,0
144,11,1743844,1,0
144,12,1764044,1,0
144,13,1698752,1,0
144,14,1706808,1,0
144,15,1644454,1,0
144,16,1837281,1,0
144,17,1676170,1,0
144,18,1630962,1,0
144,19,1791181,1,0
144,20,2028578,1,0
144,21,1546789,1,0
144,22,1670299,1,0
144,23,1798749,1,0
144,24,1665819,1,0
144,25,1765864,1,0
144,26,1622554,1,0
144,27,1613186,1,0
144,28,1668962,1,0
144,29,1687774,1,0
144,30,1659059,1,0
144,31,1905979,1,0
144,32,2104021,1,0
144,33,1624717,1,0
144,34,1683237,1,0
144,35,1909625,1,0
144,36,1634697,1,0
144,37,1703091,1,0
144,38,1707385,1,0
144,39,1663279,1,0
144,40,1720652,1,0
144,41,1999362,1,0
144,42,2353946,1,0
144,43,1570837,1,0
144,44,1556431,1,0
144,45,1812912,1,0
144,46,1590434,1,0
144,47,1581113,1,0
144,48,1612532,1,0
144,49,1563975,1,0
144,50,1523261,1,0
144,51,1661472,1,0
144,52,1629420,1,0
144,53,1665889,1,0
144,54,1549650,1,0
144,55,1550861,1,0
144,56,1929054,1,0
144,57,1614266,1,0
144,58,1603635,1,0
144,59,1695427,1,0
145,0,1728786,1,0
145,1,1714378,1,0
145,2,1687896,1,0
145,3,1687003,1,0
145,4,1613816,1,0
145,5,1851810,1,0
145,6,1874879,1,0
145,7,1811435,1,0
145,8,1800500,1,0
145,9,1766849,1,0
145,10,1700756,1,0
145,11,1748528,1,0
145,12,1765983,1,0
145,13,1670257,1,0
145,14,1678377,1,0
145,15,1799874,1,0
145,16,1722857,1,0
145,17,1661897,1,0
145,18,1756486,1,0
145,19,1762480,1,0
145,20,1866486,1,0
145,21,1600566,1,0
145,22,1818570,1,0
145,23,1661866,1,0
145,24,1697612,1,0
145,25,1698952,1,0
145,26,1631651,1,0
145,27,1602640,1,0
145,28,1742750,1,0
145,29,1642809,1,0
145,30,1760897,1,0
145,31,1992003,1,0
145,32,1928412,1,0
145,33,1632321,1,0
145,34,1682568,1,0
145,35,1911308,1,0
145,36,1622801,1,0
145,37,1713615,1,0
145,38,1691036,1,0
145,39,1736742,1,0
145,40,1724804,1,0
145,41,2332749,1,0
145,42,1919738,1,0
145,43,1571506,1,0
145,44,1677986,1,0
145,45,1721375,1,0
145,46,1573981,1,0
145,47,1544132,1,0
145,48,1634598,1,0
145,49,1543087,1,0
145,50,1604058,1,0
145,51,1657776,1,0
145,52,1535839,1,0
145,53,1689439,1,0
145,54,1545490,1,0
145,55,1673129,1,0
145,56,1875159,1,0
145,57,1568526,1,0
145,58,1584913,1,0
145,59,1867349,1,0
146,0,1717603,1,0
146,1,1715387,1,0
146,2,1688033,1,0
146,3,1687817,1,0
146,4,1611064,1,0
146,5,1850251,1,0
146,6,1878938,1,0
146,7,1809631,1,0
146,8,1802879,1,0
146,9,1766613,1,0
146,10,1700668,1,0
146,11,1743079,1,0
146,12,1771863,1,0
146,13,1668851,1,0
146,14,1678168,1,0
146,15,1786070,1,0
146,16,1736595,1,0
146,17,1662373,1,0
146,18,1756853,1,0
146,19,1753818,1,0
146,20,1874988,1,0
146,21,1598768,1,0
146,22,1819996,1,0
146,23,1661410,1,0
146,24,1698163,1,0
146,25,1696302,1,0
146,26,1634255,1,0
146,27,1603669,1,0
146,28,1740112,1,0
146,29,1644179,1,0
146,30,1760946,1,0
146,31,1992872,1,0
146,32,1928509,1,0
146,33,1630725,1,0
146,34,1681829,1,0
146,35,1912190,1,0
146,36,1623058,1,0
146,37,1713380,1,0
146,38,1691057,1,0
146,39,1736557,1,0
146,40,1725965,1,0
146,41,2331203,1,0
146,42,1919699,1,0
146,43,1573225,1,0
146,44,1676277,1,0
146,45,1721000,1,0
146,46,1575421,1,0
146,47,1544179,1,0
146,48,1634816,1,0
146,49,1543269,1,0
146,50,1602542,1,0
146,51,1656564,1,0
146,52,1536617,1,0
146,53,1691189,1,0
146,54,1545681,1,0
146,55,1666416,1,0
146,56,1882465,1,0
146,57,1565924,1,0
146,58,1586400,1,0
146,59,1840333,1,0
147,0,1851238,1,0
147,1,1717077,1,0
147,2,1681219,1,0
147,3,1676516,1,0
147,4,1635644,1,0
147,5,1851148,1,0
147,6,1896925,1,0
147,7,1804497,1,0
147,8,1787933,1,0
147,9,1746611,1,0
147,10,1712539,1,0
147,11,1764124,1,0
147,12,1739139,1,0
147,13,1709142,1,0
147,14,1655309,1,0
147,15,1824958,1,0
147,16,1689341,1,0
147,17,1669555,1,0
147,18,1743890,1,0
147,19,1914741,1,0
147,20,1715939,1,0
147,21,1608331,1,0
147,22,1808269,1,0
147,23,1681043,1,0
147,24,1687089,1,0
147,25,1693635,1,0
147,26,1628442,1,0
147,27,1606225,1,0
147,28,1751576,1,0
147,29,1632331,1,0
147,30,1785911,1,0
147,31,2005614,1,0
147,32,1885660,1,0
147,33,1663440,1,0
147,34,1672635,1,0
147,35,1890019,1,0
147,36,1633185,1,0
147,37,1712806,1,0
147,38,1684781,1,0
147,39,1746885,1,0
147,40,1756959,1,0
147,41,2338881,1,0
147,42,1872385,1,0
147,43,1567338,1,0
147,44,1698363,1,0
147,45,1700050,1,0
147,46,1581234,1,0
147,47,1536933,1,0
147,48,1632124,1,0
147,49,1545617,1,0
147,50,1617327,1,0
147,51,1648723,1,0
147,52,1530798,1,0
147,53,1689342,1,0
147,54,1550471,1,0
147,55,1723192,1,0
147,56,1823555,1,0
147,57,1580902,1,0
147,58,1572008,1,0
147,59,1869741,1,0
148,0,1210071,1,0
148,1,1716528,1,0
148,2,1673467,1,0
148,3,1729988,1,0
148,4,1586945,1,0
148,5,1771547,1,0
148,6,1929737,1,0
148,7,1818381,1,0
148,8,1793229,1,0
148,9,1777346,1,0
148,10,1721743,1,0
148,11,1735256,1,0
148,12,1769948,1,0
148,13,1672309,1,0
148,14,1712913,1,0
148,15,1650952,1,0
148,16,1836965,1,0
148,17,1675217,1,0
148,18,1697357,1,0
148,19,1755496,1,0
148,20,1978267,1,0
148,21,1567097,1,0
148,22,1711580,1,0
148,23,1745494,1,0
148,24,1690253,1,0
148,25,1725588,1,0
148,26,1637936,1,0
148,27,1613998,1,0
148,28,1671670,1,0
148,29,1694629,1,0
148,30,1661983,1,0
148,31,1963784,1,0
148,32,2055895,1,0
148,33,1601313,1,0
148,34,1693251,1,0
148,35,1918376,1,0
148,36,1622238,1,0
148,37,1722282,1,0
148,38,1686020,1,0
148,39,1684764,1,0
148,40,1779507,1,0
148,41,2014321,1,0
148,42,2253811,1,0
148,43,1577673,1,0
148,44,1564878,1,0
148,45,1819786,1,0
148,46,1576006,1,0
148,47,1558953,1,0
148,48,1638627,1,0
148,49,1546416,1,0
148,50,1520644,1,0
148,51,1678515,1,0
148,52,1601250,1,0
148,53,1710956,1,0
148,54,1516559,1,0
148,55,1575608,1,0
148,56,1950927,1,0
148,57,1584680,1,0
148,58,1600606,1,0
148,59,1728529,1,0
149,0,250111,1,0
149,1,1057142,1,0
149,2,1705529,1,0
149,3,1702226,1,0
149,4,1662203,1,0
149,5,1657937,1,0
149,6,1873773,1,0
149,7,1873308,1,0
149,8,1836895,1,0
149,9,1744552,1,0
149,10,1728106,1,0
149,11,1732545,1,0
149,12,1768693,1,0
149,13,1719283,1,0
149,14,1717340,1,0
149,15,1660055,1,0
149,16,1831216,1,0
149,17,1686157,1,0
149,18,1647659,1,0
149,19,1754575,1,0
149,20,2051513,1,0
149,21,1560560,1,0
149,22,1617439,1,0
149,23,1819845,1,0
149,24,1689243,1,0
149,25,1649862,1,0
149,26,1718102,1,0
149,27,1622715,1,0
149,28,1676982,1,0
149,29,1681230,1,0
149,30,1639751,1,0
149,31,1812131,1,0
149,32,2029847,1,0
149,33,1818232,1,0
149,34,1669240,1,0
149,35,1729033,1,0
149,36,1839058,1,0
149,37,1642435,1,0
149,38,1758848,1,0
149,39,1633043,1,0
149,40,1737106,1,0
149,41,1829043,1,0
149,42,2359183,1,0
149,43,1774346,1,0
149,44,1567334,1,0
149,45,1718818,1,0
149,46,1673445,1,0
149,47,1602368,1,0
149,48,1516139,1,0
149,49,1639608,1,0
149,50,1539644,1,0
149,51,1621043,1,0
149,52,1649009,1,0
149,53,1539908,1,0
149,54,1671447,1,0
149,55,1560833,1,0
149,56,1794897,1,0
149,57,1752821,1,0
149,58,1568132,1,0
149,59,1580448,1,0
