worker_id,sequence,latency_us,success,status_code
0,0,54805,1,0
0,1,431791,1,0
0,2,767203,1,0
0,3,945032,1,0
0,4,1118021,1,0
0,5,1307113,1,0
0,6,1212512,1,0
0,7,1165994,1,0
0,8,1236732,1,0
0,9,1288817,1,0
0,10,1224459,1,0
0,11,1162920,1,0
0,12,1209172,1,0
0,13,1448430,1,0
0,14,1182259,1,0
0,15,1109810,1,0
0,16,1174414,1,0
0,17,1396090,1,0
0,18,1143765,1,0
0,19,1089485,1,0
0,20,1118642,1,0
0,21,1168036,1,0
0,22,1115884,1,0
0,23,1164506,1,0
0,24,1142845,1,0
0,25,1278189,1,0
0,26,1389806,1,0
0,27,1187605,1,0
0,28,1118395,1,0
0,29,1119700,1,0
0,30,1452047,1,0
0,31,1080661,1,0
0,32,1057882,1,0
0,33,1090703,1,0
0,34,1549156,1,0
0,35,1151004,1,0
0,36,1192893,1,0
0,37,1164060,1,0
0,38,1665627,1,0
0,39,1191169,1,0
0,40,1140679,1,0
0,41,1128144,1,0
0,42,1236991,1,0
0,43,1204099,1,0
0,44,1108067,1,0
0,45,1136165,1,0
0,46,1208531,1,0
0,47,1274816,1,0
0,48,1124749,1,0
0,49,1142262,1,0
0,50,1140530,1,0
0,51,1779849,1,0
0,52,1435310,1,0
0,53,1294120,1,0
0,54,1366194,1,0
0,55,1550432,1,0
0,56,1174706,1,0
0,57,1151315,1,0
0,58,1130604,1,0
0,59,1379338,1,0
1,0,56378,1,0
1,1,434295,1,0
1,2,779613,1,0
1,3,948318,1,0
1,4,1127380,1,0
1,5,1299040,1,0
1,6,1211411,1,0
1,7,1169022,1,0
1,8,1233619,1,0
1,9,1290299,1,0
1,10,1222151,1,0
1,11,1165983,1,0
1,12,1212371,1,0
1,13,1445292,1,0
1,14,1179115,1,0
1,15,1112463,1,0
1,16,1171406,1,0
1,17,1398796,1,0
1,18,1143604,1,0
1,19,1088741,1,0
1,20,1117132,1,0
1,21,1171498,1,0
1,22,1112663,1,0
1,23,1168139,1,0
1,24,1138942,1,0
1,25,1280030,1,0
1,26,1389450,1,0
1,27,1187367,1,0
1,28,1118627,1,0
1,29,1125752,1,0
1,30,1450695,1,0
1,31,1075225,1,0
1,32,1056551,1,0
1,33,1094062,1,0
1,34,1547148,1,0
1,35,1152129,1,0
1,36,1192952,1,0
1,37,1166900,1,0
1,38,1662784,1,0
1,39,1193009,1,0
1,40,1139569,1,0
1,41,1127211,1,0
1,42,1238575,1,0
1,43,1202772,1,0
1,44,1107603,1,0
1,45,1136168,1,0
1,46,1207962,1,0
1,47,1275633,1,0
1,48,1122987,1,0
1,49,1144303,1,0
1,50,1149229,1,0
1,51,1777091,1,0
1,52,1429919,1,0
1,53,1294616,1,0
1,54,1365557,1,0
1,55,1551376,1,0
1,56,1172032,1,0
1,57,1152832,1,0
1,58,1130212,1,0
1,59,1379455,1,0
2,0,58451,1,0
2,1,440198,1,0
2,2,782785,1,0
2,3,950738,1,0
2,4,1132911,1,0
2,5,1295185,1,0
2,6,1210151,1,0
2,7,1168792,1,0
2,8,1233471,1,0
2,9,1291016,1,0
2,10,1225424,1,0
2,11,1167803,1,0
2,12,1209254,1,0
2,13,1443026,1,0
2,14,1179800,1,0
2,15,1111756,1,0
2,16,1172023,1,0
2,17,1400468,1,0
2,18,1140958,1,0
2,19,1090864,1,0
2,20,1115621,1,0
2,21,1171695,1,0
2,22,1111927,1,0
2,23,1169180,1,0
2,24,1138217,1,0
2,25,1281048,1,0
2,26,1390404,1,0
2,27,1185849,1,0
2,28,1119052,1,0
2,29,1125882,1,0
2,30,1453124,1,0
2,31,1072745,1,0
2,32,1054388,1,0
2,33,1095886,1,0
2,34,1547566,1,0
2,35,1151677,1,0
2,36,1193306,1,0
2,37,1173311,1,0
2,38,1656536,1,0
2,39,1192411,1,0
2,40,1140844,1,0
2,41,1124435,1,0
2,42,1256578,1,0
2,43,1186032,1,0
2,44,1108000,1,0
2,45,1135667,1,0
2,46,1209855,1,0
2,47,1272954,1,0
2,48,1127296,1,0
2,49,1141780,1,0
2,50,1148605,1,0
2,51,1784308,1,0
2,52,1424017,1,0
2,53,1295493,1,0
2,54,1364301,1,0
2,55,1552708,1,0
2,56,1170094,1,0
2,57,1153085,1,0
2,58,1130087,1,0
2,59,1379820,1,0
3,0,60558,1,0
3,1,444047,1,0
3,2,786401,1,0
3,3,953214,1,0
3,4,1138363,1,0
3,5,1290394,1,0
3,6,1209970,1,0
3,7,1170560,1,0
3,8,1231568,1,0
3,9,1289904,1,0
3,10,1227680,1,0
3,11,1167453,1,0
3,12,1209836,1,0
3,13,1441326,1,0
3,14,1182465,1,0
3,15,1109644,1,0
3,16,1171331,1,0
3,17,1401141,1,0
3,18,1143030,1,0
3,19,1087711,1,0
3,20,1116161,1,0
3,21,1171811,1,0
3,22,1111778,1,0
3,23,1170059,1,0
3,24,1136824,1,0
3,25,1281708,1,0
3,26,1391554,1,0
3,27,1186971,1,0
3,28,1123107,1,0
3,29,1120396,1,0
3,30,1454187,1,0
3,31,1069363,1,0
3,32,1056339,1,0
3,33,1096969,1,0
3,34,1546433,1,0
3,35,1152902,1,0
3,36,1193460,1,0
3,37,1181366,1,0
3,38,1650496,1,0
3,39,1189971,1,0
3,40,1141975,1,0
3,41,1122420,1,0
3,42,1257301,1,0
3,43,1185608,1,0
3,44,1109282,1,0
3,45,1134743,1,0
3,46,1209975,1,0
3,47,1272615,1,0
3,48,1127344,1,0
3,49,1142367,1,0
3,50,1148350,1,0
3,51,1791357,1,0
3,52,1416526,1,0
3,53,1296206,1,0
3,54,1366105,1,0
3,55,1550850,1,0
3,56,1169540,1,0
3,57,1154770,1,0
3,58,1127070,1,0
3,59,1383569,1,0
4,0,63003,1,0
4,1,446567,1,0
4,2,785945,1,0
4,3,956173,1,0
4,4,1143909,1,0
4,5,1284944,1,0
4,6,1209505,1,0
4,7,1173395,1,0
4,8,1228440,1,0
4,9,1289914,1,0
4,10,1228280,1,0
4,11,1169182,1,0
4,12,1210029,1,0
4,13,1440499,1,0
4,14,1179567,1,0
4,15,1117922,1,0
4,16,1166901,1,0
4,17,1398737,1,0
4,18,1143488,1,0
4,19,1088971,1,0
4,20,1116260,1,0
4,21,1173175,1,0
4,22,1108568,1,0
4,23,1171855,1,0
4,24,1136249,1,0
4,25,1297096,1,0
4,26,1377622,1,0
4,27,1183594,1,0
4,28,1125837,1,0
4,29,1119994,1,0
4,30,1453581,1,0
4,31,1068870,1,0
4,32,1056807,1,0
4,33,1097173,1,0
4,34,1544296,1,0
4,35,1154615,1,0
4,36,1193793,1,0
4,37,1187306,1,0
4,38,1644693,1,0
4,39,1190963,1,0
4,40,1140826,1,0
4,41,1122896,1,0
4,42,1258202,1,0
4,43,1183326,1,0
4,44,1110392,1,0
4,45,1134540,1,0
4,46,1225002,1,0
4,47,1257710,1,0
4,48,1128169,1,0
4,49,1142417,1,0
4,50,1153473,1,0
4,51,1793497,1,0
4,52,1409542,1,0
4,53,1298579,1,0
4,54,1363437,1,0
4,55,1550173,1,0
4,56,1168388,1,0
4,57,1155846,1,0
4,58,1127913,1,0
4,59,1382008,1,0
5,0,65914,1,0
5,1,451048,1,0
5,2,791493,1,0
5,3,960287,1,0
5,4,1146351,1,0
5,5,1281000,1,0
5,6,1212086,1,0
5,7,1173398,1,0
5,8,1226963,1,0
5,9,1289551,1,0
5,10,1231144,1,0
5,11,1169958,1,0
5,12,1208550,1,0
5,13,1445165,1,0
5,14,1174635,1,0
5,15,1119191,1,0
5,16,1163950,1,0
5,17,1402131,1,0
5,18,1147399,1,0
5,19,1082373,1,0
5,20,1116242,1,0
5,21,1175380,1,0
5,22,1106080,1,0
5,23,1172286,1,0
5,24,1135065,1,0
5,25,1298745,1,0
5,26,1380367,1,0
5,27,1179657,1,0
5,28,1124923,1,0
5,29,1136310,1,0
5,30,1439649,1,0
5,31,1068740,1,0
5,32,1055440,1,0
5,33,1117403,1,0
5,34,1526117,1,0
5,35,1152949,1,0
5,36,1196803,1,0
5,37,1190372,1,0
5,38,1641599,1,0
5,39,1188571,1,0
5,40,1141238,1,0
5,41,1121339,1,0
5,42,1277372,1,0
5,43,1164463,1,0
5,44,1111666,1,0
5,45,1135020,1,0
5,46,1222748,1,0
5,47,1260159,1,0
5,48,1128593,1,0
5,49,1140101,1,0
5,50,1155081,1,0
5,51,1798133,1,0
5,52,1404248,1,0
5,53,1303475,1,0
5,54,1358047,1,0
5,55,1550770,1,0
5,56,1168582,1,0
5,57,1155077,1,0
5,58,1128891,1,0
5,59,1380950,1,0
6,0,72763,1,0
6,1,454976,1,0
6,2,791233,1,0
6,3,963051,1,0
6,4,1150553,1,0
6,5,1283709,1,0
6,6,1206961,1,0
6,7,1175947,1,0
6,8,1223103,1,0
6,9,1289842,1,0
6,10,1232503,1,0
6,11,1167978,1,0
6,12,1211915,1,0
6,13,1444406,1,0
6,14,1173475,1,0
6,15,1121738,1,0
6,16,1162060,1,0
6,17,1400256,1,0
6,18,1147897,1,0
6,19,1086090,1,0
6,20,1111377,1,0
6,21,1178133,1,0
6,22,1103596,1,0
6,23,1173769,1,0
6,24,1134352,1,0
6,25,1297462,1,0
6,26,1382647,1,0
6,27,1178728,1,0
6,28,1124289,1,0
6,29,1137774,1,0
6,30,1439905,1,0
6,31,1069149,1,0
6,32,1052439,1,0
6,33,1119079,1,0
6,34,1524904,1,0
6,35,1154818,1,0
6,36,1202391,1,0
6,37,1192065,1,0
6,38,1634991,1,0
6,39,1188856,1,0
6,40,1142123,1,0
6,41,1117649,1,0
6,42,1281254,1,0
6,43,1162276,1,0
6,44,1110561,1,0
6,45,1136200,1,0
6,46,1222836,1,0
6,47,1261023,1,0
6,48,1131072,1,0
6,49,1135082,1,0
6,50,1156955,1,0
6,51,1804762,1,0
6,52,1397642,1,0
6,53,1310808,1,0
6,54,1351015,1,0
6,55,1550329,1,0
6,56,1167576,1,0
6,57,1154853,1,0
6,58,1130337,1,0
6,59,1380406,1,0
7,0,75989,1,0
7,1,461470,1,0
7,2,791942,1,0
7,3,966105,1,0
7,4,1154503,1,0
7,5,1288879,1,0
7,6,1199041,1,0
7,7,1176100,1,0
7,8,1221883,1,0
7,9,1290527,1,0
7,10,1234541,1,0
7,11,1168958,1,0
7,12,1210096,1,0
7,13,1444356,1,0
7,14,1172605,1,0
7,15,1121952,1,0
7,16,1160400,1,0
7,17,1399948,1,0
7,18,1146830,1,0
7,19,1091726,1,0
7,20,1109844,1,0
7,21,1178904,1,0
7,22,1100342,1,0
7,23,1175151,1,0
7,24,1132628,1,0
7,25,1298631,1,0
7,26,1383146,1,0
7,27,1177655,1,0
7,28,1124850,1,0
7,29,1138561,1,0
7,30,1440650,1,0
7,31,1069991,1,0
7,32,1049507,1,0
7,33,1137116,1,0
7,34,1507637,1,0
7,35,1155309,1,0
7,36,1203729,1,0
7,37,1196120,1,0
7,38,1629782,1,0
7,39,1187160,1,0
7,40,1143809,1,0
7,41,1115662,1,0
7,42,1282043,1,0
7,43,1162172,1,0
7,44,1111065,1,0
7,45,1136532,1,0
7,46,1220760,1,0
7,47,1264567,1,0
7,48,1130397,1,0
7,49,1133373,1,0
7,50,1158060,1,0
7,51,1806996,1,0
7,52,1396835,1,0
7,53,1311616,1,0
7,54,1348739,1,0
7,55,1552731,1,0
7,56,1164776,1,0
7,57,1155846,1,0
7,58,1130278,1,0
7,59,1384867,1,0
8,0,82615,1,0
8,1,465041,1,0
8,2,793623,1,0
8,3,968465,1,0
8,4,1164511,1,0
8,5,1286148,1,0
8,6,1199648,1,0
8,7,1170692,1,0
8,8,1219799,1,0
8,9,1291147,1,0
8,10,1234486,1,0
8,11,1175270,1,0
8,12,1205330,1,0
8,13,1445241,1,0
8,14,1170780,1,0
8,15,1122457,1,0
8,16,1159241,1,0
8,17,1400600,1,0
8,18,1144995,1,0
8,19,1092099,1,0
8,20,1111151,1,0
8,21,1180122,1,0
8,22,1098460,1,0
8,23,1175607,1,0
8,24,1134313,1,0
8,25,1310970,1,0
8,26,1369976,1,0
8,27,1178341,1,0
8,28,1123549,1,0
8,29,1138029,1,0
8,30,1440414,1,0
8,31,1069882,1,0
8,32,1048900,1,0
8,33,1137548,1,0
8,34,1508455,1,0
8,35,1155753,1,0
8,36,1204087,1,0
8,37,1200544,1,0
8,38,1626748,1,0
8,39,1185133,1,0
8,40,1143868,1,0
8,41,1116826,1,0
8,42,1297258,1,0
8,43,1144986,1,0
8,44,1111518,1,0
8,45,1137664,1,0
8,46,1234989,1,0
8,47,1249385,1,0
8,48,1130944,1,0
8,49,1134745,1,0
8,50,1158598,1,0
8,51,1812030,1,0
8,52,1388133,1,0
8,53,1317699,1,0
8,54,1344207,1,0
8,55,1552227,1,0
8,56,1164829,1,0
8,57,1155764,1,0
8,58,1130761,1,0
8,59,1384887,1,0
9,0,85831,1,0
9,1,474113,1,0
9,2,795152,1,0
9,3,970757,1,0
9,4,1173293,1,0
9,5,1278577,1,0
9,6,1201002,1,0
9,7,1170192,1,0
9,8,1219606,1,0
9,9,1288959,1,0
9,10,1237186,1,0
9,11,1173769,1,0
9,12,1206143,1,0
9,13,1448195,1,0
9,14,1168131,1,0
9,15,1121950,1,0
9,16,1159099,1,0
9,17,1400182,1,0
9,18,1144287,1,0
9,19,1093373,1,0
9,20,1109890,1,0
9,21,1181869,1,0
9,22,1096097,1,0
9,23,1177000,1,0
9,24,1134006,1,0
9,25,1310685,1,0
9,26,1370549,1,0
9,27,1179540,1,0
9,28,1124580,1,0
9,29,1138149,1,0
9,30,1436473,1,0
9,31,1071049,1,0
9,32,1047918,1,0
9,33,1139169,1,0
9,34,1506797,1,0
9,35,1158412,1,0
9,36,1203640,1,0
9,37,1207592,1,0
9,38,1620464,1,0
9,39,1184161,1,0
9,40,1143792,1,0
9,41,1115788,1,0
9,42,1299594,1,0
9,43,1143899,1,0
9,44,1110980,1,0
9,45,1139012,1,0
9,46,1233599,1,0
9,47,1248909,1,0
9,48,1130601,1,0
9,49,1136305,1,0
9,50,1174005,1,0
9,51,1799236,1,0
9,52,1385241,1,0
9,53,1320785,1,0
9,54,1343251,1,0
9,55,1550601,1,0
9,56,1164161,1,0
9,57,1155444,1,0
9,58,1129931,1,0
9,59,1384225,1,0
10,0,90102,1,0
10,1,482016,1,0
10,2,797743,1,0
10,3,972921,1,0
10,4,1176895,1,0
10,5,1289098,1,0
10,6,1187451,1,0
10,7,1170886,1,0
10,8,1218737,1,0
10,9,1288954,1,0
10,10,1239437,1,0
10,11,1181235,1,0
10,12,1198250,1,0
10,13,1447889,1,0
10,14,1168132,1,0
10,15,1119298,1,0
10,16,1159612,1,0
10,17,1400658,1,0
10,18,1143345,1,0
10,19,1095289,1,0
10,20,1107812,1,0
10,21,1184829,1,0
10,22,1092911,1,0
10,23,1180387,1,0
10,24,1134172,1,0
10,25,1307728,1,0
10,26,1372126,1,0
10,27,1179370,1,0
10,28,1127854,1,0
10,29,1150244,1,0
10,30,1421931,1,0
10,31,1070451,1,0
10,32,1045989,1,0
10,33,1140761,1,0
10,34,1506900,1,0
10,35,1159621,1,0
10,36,1204959,1,0
10,37,1212052,1,0
10,38,1614273,1,0
10,39,1183777,1,0
10,40,1142818,1,0
10,41,1114728,1,0
10,42,1302543,1,0
10,43,1144711,1,0
10,44,1108675,1,0
10,45,1137965,1,0
10,46,1235769,1,0
10,47,1246850,1,0
10,48,1132238,1,0
10,49,1136227,1,0
10,50,1175722,1,0
10,51,1800381,1,0
10,52,1381355,1,0
10,53,1321921,1,0
10,54,1342769,1,0
10,55,1550757,1,0
10,56,1164730,1,0
10,57,1153100,1,0
10,58,1132435,1,0
10,59,1382471,1,0
11,0,92485,1,0
11,1,491879,1,0
11,2,799521,1,0
11,3,975552,1,0
11,4,1180598,1,0
11,5,1288318,1,0
11,6,1188140,1,0
11,7,1169117,1,0
11,8,1217674,1,0
11,9,1289257,1,0
11,10,1242683,1,0
11,11,1178050,1,0
11,12,1198200,1,0
11,13,1449082,1,0
11,14,1166461,1,0
11,15,1119419,1,0
11,16,1159674,1,0
11,17,1399593,1,0
11,18,1143793,1,0
11,19,1096023,1,0
11,20,1106913,1,0
11,21,1186374,1,0
11,22,1098432,1,0
11,23,1176092,1,0
11,24,1135472,1,0
11,25,1317384,1,0
11,26,1359142,1,0
11,27,1177886,1,0
11,28,1130897,1,0
11,29,1148955,1,0
11,30,1421729,1,0
11,31,1071457,1,0
11,32,1042577,1,0
11,33,1157121,1,0
11,34,1492778,1,0
11,35,1162151,1,0
11,36,1203696,1,0
11,37,1225298,1,0
11,38,1600585,1,0
11,39,1184539,1,0
11,40,1143153,1,0
11,41,1111105,1,0
11,42,1304659,1,0
11,43,1144977,1,0
11,44,1108911,1,0
11,45,1137142,1,0
11,46,1238301,1,0
11,47,1244326,1,0
11,48,1133244,1,0
11,49,1136153,1,0
11,50,1176865,1,0
11,51,1804770,1,0
11,52,1377500,1,0
11,53,1320433,1,0
11,54,1341474,1,0
11,55,1553604,1,0
11,56,1162732,1,0
11,57,1152543,1,0
11,58,1132145,1,0
11,59,1382664,1,0
12,0,93807,1,0
12,1,497095,1,0
12,2,800429,1,0
12,3,974578,1,0
12,4,1184876,1,0
12,5,1284916,1,0
12,6,1190294,1,0
12,7,1166533,1,0
12,8,1218151,1,0
12,9,1288733,1,0
12,10,1248610,1,0
12,11,1176867,1,0
12,12,1193699,1,0
12,13,1452309,1,0
12,14,1166466,1,0
12,15,1116541,1,0
12,16,1158665,1,0
12,17,1401551,1,0
12,18,1141884,1,0
12,19,1096102,1,0
12,20,1106233,1,0
12,21,1191630,1,0
12,22,1096379,1,0
12,23,1174105,1,0
12,24,1136194,1,0
12,25,1319137,1,0
12,26,1355481,1,0
12,27,1180260,1,0
12,28,1131392,1,0
12,29,1147935,1,0
12,30,1420096,1,0
12,31,1072757,1,0
12,32,1042263,1,0
12,33,1158599,1,0
12,34,1490307,1,0
12,35,1163856,1,0
12,36,1204155,1,0
12,37,1234464,1,0
12,38,1593070,1,0
12,39,1181881,1,0
12,40,1144409,1,0
12,41,1109638,1,0
12,42,1315576,1,0
12,43,1133102,1,0
12,44,1111030,1,0
12,45,1137405,1,0
12,46,1251990,1,0
12,47,1231850,1,0
12,48,1131459,1,0
12,49,1139062,1,0
12,50,1174963,1,0
12,51,1807895,1,0
12,52,1373569,1,0
12,53,1320955,1,0
12,54,1343646,1,0
12,55,1550751,1,0
12,56,1161103,1,0
12,57,1154846,1,0
12,58,1131328,1,0
12,59,1382237,1,0
13,0,96363,1,0
13,1,501703,1,0
13,2,799918,1,0
13,3,975844,1,0
13,4,1186892,1,0
13,5,1282757,1,0
13,6,1192510,1,0
13,7,1165974,1,0
13,8,1217632,1,0
13,9,1291173,1,0
13,10,1247852,1,0
13,11,1174989,1,0
13,12,1192131,1,0
13,13,1454827,1,0
13,14,1165802,1,0
13,15,1115831,1,0
13,16,1157972,1,0
13,17,1403217,1,0
13,18,1141235,1,0
13,19,1099019,1,0
13,20,1101600,1,0
13,21,1196584,1,0
13,22,1091913,1,0
13,23,1175657,1,0
13,24,1138018,1,0
13,25,1317554,1,0
13,26,1353054,1,0
13,27,1182323,1,0
13,28,1131098,1,0
13,29,1163825,1,0
13,30,1404279,1,0
13,31,1072459,1,0
13,32,1041181,1,0
13,33,1161587,1,0
13,34,1488778,1,0
13,35,1165266,1,0
13,36,1205478,1,0
13,37,1239742,1,0
13,38,1585202,1,0
13,39,1182434,1,0
13,40,1143936,1,0
13,41,1109535,1,0
13,42,1321027,1,0
13,43,1126646,1,0
13,44,1110714,1,0
13,45,1138713,1,0
13,46,1251823,1,0
13,47,1232525,1,0
13,48,1130796,1,0
13,49,1140908,1,0
13,50,1188013,1,0
13,51,1800574,1,0
13,52,1366992,1,0
13,53,1320762,1,0
13,54,1344394,1,0
13,55,1549959,1,0
13,56,1162072,1,0
13,57,1153700,1,0
13,58,1129283,1,0
13,59,1384309,1,0
14,0,99679,1,0
14,1,24843,1,0
14,2,802543,1,0
14,3,978502,1,0
14,4,1188683,1,0
14,5,1292575,1,0
14,6,1185368,1,0
14,7,1163533,1,0
14,8,1217390,1,0
14,9,1290557,1,0
14,10,1249682,1,0
14,11,1174967,1,0
14,12,1190109,1,0
14,13,1456040,1,0
14,14,1163878,1,0
14,15,1117053,1,0
14,16,1156344,1,0
14,17,1405473,1,0
14,18,1139477,1,0
14,19,1099053,1,0
14,20,1101269,1,0
14,21,1200030,1,0
14,22,1089188,1,0
14,23,1176208,1,0
14,24,1137030,1,0
14,25,1318724,1,0
14,26,1352634,1,0
14,27,1185076,1,0
14,28,1130435,1,0
14,29,1160295,1,0
14,30,1403948,1,0
14,31,1073466,1,0
14,32,1041460,1,0
14,33,1165709,1,0
14,34,1484687,1,0
14,35,1166424,1,0
14,36,1206311,1,0
14,37,1244935,1,0
14,38,1580332,1,0
14,39,1180874,1,0
14,40,1145267,1,0
14,41,1107231,1,0
14,42,1324063,1,0
14,43,1123823,1,0
14,44,1110840,1,0
14,45,1139371,1,0
14,46,1252851,1,0
14,47,1233983,1,0
14,48,1129055,1,0
14,49,1139873,1,0
14,50,1193573,1,0
14,51,1800294,1,0
14,52,1363802,1,0
14,53,1318526,1,0
14,54,1345747,1,0
14,55,1549611,1,0
14,56,1162150,1,0
14,57,1151784,1,0
14,58,1129354,1,0
14,59,1386395,1,0
15,0,102808,1,0
15,1,512545,1,0
15,2,803841,1,0
15,3,979770,1,0
15,4,1190900,1,0
15,5,1309451,1,0
15,6,1169636,1,0
15,7,1163914,1,0
15,8,1214649,1,0
15,9,1290718,1,0
15,10,1253778,1,0
15,11,1170792,1,0
15,12,1191926,1,0
15,13,1456442,1,0
15,14,1161859,1,0
15,15,1116524,1,0
15,16,1154674,1,0
15,17,1407797,1,0
15,18,1137919,1,0
15,19,1100584,1,0
15,20,1099735,1,0
15,21,1201101,1,0
15,22,1089687,1,0
15,23,1174165,1,0
15,24,1138433,1,0
15,25,1334956,1,0
15,26,1339059,1,0
15,27,1183044,1,0
15,28,1130362,1,0
15,29,1158984,1,0
15,30,1403463,1,0
15,31,1075112,1,0
15,32,1041383,1,0
15,33,1183639,1,0
15,34,1466189,1,0
15,35,1167721,1,0
15,36,1205792,1,0
15,37,1252027,1,0
15,38,1573612,1,0
15,39,1180796,1,0
15,40,1145077,1,0
15,41,1106327,1,0
15,42,1324700,1,0
15,43,1123795,1,0
15,44,1108829,1,0
15,45,1140996,1,0
15,46,1252844,1,0
15,47,1236897,1,0
15,48,1126073,1,0
15,49,1138005,1,0
15,50,1204365,1,0
15,51,1801018,1,0
15,52,1356434,1,0
15,53,1320251,1,0
15,54,1342478,1,0
15,55,1548451,1,0
15,56,1162612,1,0
15,57,1152165,1,0
15,58,1127412,1,0
15,59,1387300,1,0
16,0,102934,1,0
16,1,519062,1,0
16,2,805808,1,0
16,3,981275,1,0
16,4,1196052,1,0
16,5,1306189,1,0
16,6,1168851,1,0
16,7,1167682,1,0
16,8,1211791,1,0
16,9,1288816,1,0
16,10,1255205,1,0
16,11,1170265,1,0
16,12,1193234,1,0
16,13,1456798,1,0
16,14,1159688,1,0
16,15,1118328,1,0
16,16,1152797,1,0
16,17,1408854,1,0
16,18,1137364,1,0
16,19,1100687,1,0
16,20,1109494,1,0
16,21,1190007,1,0
16,22,1092380,1,0
16,23,1173060,1,0
16,24,1136017,1,0
16,25,1336324,1,0
16,26,1342333,1,0
16,27,1181741,1,0
16,28,1128147,1,0
16,29,1158709,1,0
16,30,1404725,1,0
16,31,1074396,1,0
16,32,1041445,1,0
16,33,1187527,1,0
16,34,1463909,1,0
16,35,1166604,1,0
16,36,1208738,1,0
16,37,1257436,1,0
16,38,1567675,1,0
16,39,1180568,1,0
16,40,1143755,1,0
16,41,1105608,1,0
16,42,1329707,1,0
16,43,1118353,1,0
16,44,1109501,1,0
16,45,1140035,1,0
16,46,1268846,1,0
16,47,1225026,1,0
16,48,1125250,1,0
16,49,1136996,1,0
16,50,1207861,1,0
16,51,1801865,1,0
16,52,1352680,1,0
16,53,1320514,1,0
16,54,1341926,1,0
16,55,1547472,1,0
16,56,1161848,1,0
16,57,1153788,1,0
16,58,1127023,1,0
16,59,1387024,1,0
17,0,104253,1,0
17,1,526054,1,0
17,2,806599,1,0
17,3,982248,1,0
17,4,1198897,1,0
17,5,1303213,1,0
17,6,1171200,1,0
17,7,1170083,1,0
17,8,1207976,1,0
17,9,1288721,1,0
17,10,1256275,1,0
17,11,1168729,1,0
17,12,1193855,1,0
17,13,1457685,1,0
17,14,1161405,1,0
17,15,1117583,1,0
17,16,1150937,1,0
17,17,1410705,1,0
17,18,1134313,1,0
17,19,1100673,1,0
17,20,1113877,1,0
17,21,1186162,1,0
17,22,1092125,1,0
17,23,1175958,1,0
17,24,1134014,1,0
17,25,1337125,1,0
17,26,1343834,1,0
17,27,1180644,1,0
17,28,1125943,1,0
17,29,1161390,1,0
17,30,1403528,1,0
17,31,1072805,1,0
17,32,1044010,1,0
17,33,1188981,1,0
17,34,1461316,1,0
17,35,1166589,1,0
17,36,1211997,1,0
17,37,1263948,1,0
17,38,1559334,1,0
17,39,1183814,1,0
17,40,1138547,1,0
17,41,1106335,1,0
17,42,1330387,1,0
17,43,1115818,1,0
17,44,1112090,1,0
17,45,1141032,1,0
17,46,1267184,1,0
17,47,1226537,1,0
17,48,1124320,1,0
17,49,1136342,1,0
17,50,1218280,1,0
17,51,1799186,1,0
17,52,1343943,1,0
17,53,1322768,1,0
17,54,1344442,1,0
17,55,1544537,1,0
17,56,1159608,1,0
17,57,1154228,1,0
17,58,1127649,1,0
17,59,1387148,1,0
18,0,106106,1,0
18,1,531696,1,0
18,2,814370,1,0
18,3,982795,1,0
18,4,1200275,1,0
18,5,1301829,1,0
18,6,1173599,1,0
18,7,1170243,1,0
18,8,1207059,1,0
18,9,1288677,1,0
18,10,1259190,1,0
18,11,1165095,1,0
18,12,1196870,1,0
18,13,1458182,1,0
18,14,1156826,1,0
18,15,1119572,1,0
18,16,1151625,1,0
18,17,1409900,1,0
18,18,1133054,1,0
18,19,1101499,1,0
18,20,1112526,1,0
18,21,1188001,1,0
18,22,1090788,1,0
18,23,1178116,1,0
18,24,1131349,1,0
18,25,1338601,1,0
18,26,1344724,1,0
18,27,1179682,1,0
18,28,1124128,1,0
18,29,1179078,1,0
18,30,1385286,1,0
18,31,1075294,1,0
18,32,1043617,1,0
18,33,1191458,1,0
18,34,1457970,1,0
18,35,1168625,1,0
18,36,1210562,1,0
18,37,1271965,1,0
18,38,1551434,1,0
18,39,1186260,1,0
18,40,1136883,1,0
18,41,1105362,1,0
18,42,1331618,1,0
18,43,1114306,1,0
18,44,1113747,1,0
18,45,1139786,1,0
18,46,1268987,1,0
18,47,1226275,1,0
18,48,1123575,1,0
18,49,1137206,1,0
18,50,1233998,1,0
18,51,1791464,1,0
18,52,1335558,1,0
18,53,1323275,1,0
18,54,1343828,1,0
18,55,1544828,1,0
18,56,1160017,1,0
18,57,1153680,1,0
18,58,1125957,1,0
18,59,1388572,1,0
19,0,108470,1,0
19,1,543076,1,0
19,2,817940,1,0
19,3,987478,1,0
19,4,1204310,1,0
19,5,1319872,1,0
19,6,1153796,1,0
19,7,1169334,1,0
19,8,1205240,1,0
19,9,1291484,1,0
19,10,1260008,1,0
19,11,1165475,1,0
19,12,1195298,1,0
19,13,1457732,1,0
19,14,1157078,1,0
19,15,1118118,1,0
19,16,1151724,1,0
19,17,1410476,1,0
19,18,1131494,1,0
19,19,1102985,1,0
19,20,1110742,1,0
19,21,1190608,1,0
19,22,1088733,1,0
19,23,1180686,1,0
19,24,1130379,1,0
19,25,1354432,1,0
19,26,1330924,1,0
19,27,1178081,1,0
19,28,1122402,1,0
19,29,1181636,1,0
19,30,1382238,1,0
19,31,1079603,1,0
19,32,1044032,1,0
19,33,1204517,1,0
19,34,1441373,1,0
19,35,1173127,1,0
19,36,1210587,1,0
19,37,1270967,1,0
19,38,1549665,1,0
19,39,1185577,1,0
19,40,1135702,1,0
19,41,1106694,1,0
19,42,1330880,1,0
19,43,1114060,1,0
19,44,1114589,1,0
19,45,1138470,1,0
19,46,1284985,1,0
19,47,1210170,1,0
19,48,1125517,1,0
19,49,1136659,1,0
19,50,1237081,1,0
19,51,1792038,1,0
19,52,1331538,1,0
19,53,1324243,1,0
19,54,1344249,1,0
19,55,1543112,1,0
19,56,1160377,1,0
19,57,1153483,1,0
19,58,1126278,1,0
19,59,1387545,1,0
20,0,109896,1,0
20,1,547755,1,0
20,2,821902,1,0
20,3,988790,1,0
20,4,1205549,1,0
20,5,1317037,1,0
20,6,1157579,1,0
20,7,1170802,1,0
20,8,1201243,1,0
20,9,1293451,1,0
20,10,1261339,1,0
20,11,1171267,1,0
20,12,1188649,1,0
20,13,1459118,1,0
20,14,1154950,1,0
20,15,1117898,1,0
20,16,1149382,1,0
20,17,1413560,1,0
20,18,1133105,1,0
20,19,1100140,1,0
20,20,1109212,1,0
20,21,1193181,1,0
20,22,1089011,1,0
20,23,1180615,1,0
20,24,1127536,1,0
20,25,1359422,1,0
20,26,1328829,1,0
20,27,1177511,1,0
20,28,1120156,1,0
20,29,1185242,1,0
20,30,1380651,1,0
20,31,1081207,1,0
20,32,1044439,1,0
20,33,1203637,1,0
20,34,1441722,1,0
20,35,1175001,1,0
20,36,1211583,1,0
20,37,1273339,1,0
20,38,1544262,1,0
20,39,1183310,1,0
20,40,1136843,1,0
20,41,1106562,1,0
20,42,1331260,1,0
20,43,1113407,1,0
20,44,1116137,1,0
20,45,1136949,1,0
20,46,1286047,1,0
20,47,1209799,1,0
20,48,1125620,1,0
20,49,1136317,1,0
20,50,1238377,1,0
20,51,1792971,1,0
20,52,1335156,1,0
20,53,1323294,1,0
20,54,1342398,1,0
20,55,1542085,1,0
20,56,1157807,1,0
20,57,1154224,1,0
20,58,1125810,1,0
20,59,1388713,1,0
21,0,111180,1,0
21,1,551866,1,0
21,2,823395,1,0
21,3,988975,1,0
21,4,1208705,1,0
21,5,1313728,1,0
21,6,1163469,1,0
21,7,1166160,1,0
21,8,1204868,1,0
21,9,1290026,1,0
21,10,1261944,1,0
21,11,1175265,1,0
21,12,1185952,1,0
21,13,1454732,1,0
21,14,1164047,1,0
21,15,1111663,1,0
21,16,1146841,1,0
21,17,1420048,1,0
21,18,1126720,1,0
21,19,1105042,1,0
21,20,1104810,1,0
21,21,1194665,1,0
21,22,1089102,1,0
21,23,1182743,1,0
21,24,1124494,1,0
21,25,1363827,1,0
21,26,1325981,1,0
21,27,1178547,1,0
21,28,1116253,1,0
21,29,1189999,1,0
21,30,1378453,1,0
21,31,1080246,1,0
21,32,1046682,1,0
21,33,1201431,1,0
21,34,1443755,1,0
21,35,1175460,1,0
21,36,1210511,1,0
21,37,1278604,1,0
21,38,1540549,1,0
21,39,1180128,1,0
21,40,1139200,1,0
21,41,1104882,1,0
21,42,1331501,1,0
21,43,1113655,1,0
21,44,1115912,1,0
21,45,1136407,1,0
21,46,1287319,1,0
21,47,1210937,1,0
21,48,1122448,1,0
21,49,1139356,1,0
21,50,1256304,1,0
21,51,1778466,1,0
21,52,1329931,1,0
21,53,1325462,1,0
21,54,1342164,1,0
21,55,1539971,1,0
21,56,1155727,1,0
21,57,1156127,1,0
21,58,1125689,1,0
21,59,1389756,1,0
22,0,113899,1,0
22,1,555505,1,0
22,2,825834,1,0
22,3,988849,1,0
22,4,1210781,1,0
22,5,1310658,1,0
22,6,1169362,1,0
22,7,1167860,1,0
22,8,1198878,1,0
22,9,1289078,1,0
22,10,1263295,1,0
22,11,1176211,1,0
22,12,1187439,1,0
22,13,1452650,1,0
22,14,1163783,1,0
22,15,1114415,1,0
22,16,1144423,1,0
22,17,1420924,1,0
22,18,1124409,1,0
22,19,1106033,1,0
22,20,1103266,1,0
22,21,1197523,1,0
22,22,1088947,1,0
22,23,1185624,1,0
22,24,1120559,1,0
22,25,1365473,1,0
22,26,1326009,1,0
22,27,1176446,1,0
22,28,1116607,1,0
22,29,1192572,1,0
22,30,1375692,1,0
22,31,1079475,1,0
22,32,1050846,1,0
22,33,1199639,1,0
22,34,1442872,1,0
22,35,1178848,1,0
22,36,1209073,1,0
22,37,1277059,1,0
22,38,1541639,1,0
22,39,1178192,1,0
22,40,1137540,1,0
22,41,1107847,1,0
22,42,1333192,1,0
22,43,1108641,1,0
22,44,1118131,1,0
22,45,1136045,1,0
22,46,1288075,1,0
22,47,1209382,1,0
22,48,1124129,1,0
22,49,1147554,1,0
22,50,1249779,1,0
22,51,1783281,1,0
22,52,1323350,1,0
22,53,1326370,1,0
22,54,1351924,1,0
22,55,1529265,1,0
22,56,1156117,1,0
22,57,1155056,1,0
22,58,1124708,1,0
22,59,1390710,1,0
23,0,121802,1,0
23,1,560338,1,0
23,2,826139,1,0
23,3,991707,1,0
23,4,1211992,1,0
23,5,1310548,1,0
23,6,1168415,1,0
23,7,1169742,1,0
23,8,1195823,1,0
23,9,1290495,1,0
23,10,1270602,1,0
23,11,1171995,1,0
23,12,1186084,1,0
23,13,1452905,1,0
23,14,1162434,1,0
23,15,1116169,1,0
23,16,1140436,1,0
23,17,1423845,1,0
23,18,1122413,1,0
23,19,1106174,1,0
23,20,1102018,1,0
23,21,1200859,1,0
23,22,1088670,1,0
23,23,1185494,1,0
23,24,1118610,1,0
23,25,1370486,1,0
23,26,1323987,1,0
23,27,1173652,1,0
23,28,1116333,1,0
23,29,1204994,1,0
23,30,1365090,1,0
23,31,1078975,1,0
23,32,1053088,1,0
23,33,1212842,1,0
23,34,1428146,1,0
23,35,1179395,1,0
23,36,1208693,1,0
23,37,1277910,1,0
23,38,1541534,1,0
23,39,1177926,1,0
23,40,1135417,1,0
23,41,1109227,1,0
23,42,1334063,1,0
23,43,1106451,1,0
23,44,1117361,1,0
23,45,1138230,1,0
23,46,1303620,1,0
23,47,1194719,1,0
23,48,1123462,1,0
23,49,1146998,1,0
23,50,1249300,1,0
23,51,1787400,1,0
23,52,1320131,1,0
23,53,1327174,1,0
23,54,1361826,1,0
23,55,1518737,1,0
23,56,1155166,1,0
23,57,1155319,1,0
23,58,1124801,1,0
23,59,1391475,1,0
24,0,127133,1,0
24,1,562048,1,0
24,2,829049,1,0
24,3,992737,1,0
24,4,1213421,1,0
24,5,1308002,1,0
24,6,1169930,1,0
24,7,1172731,1,0
24,8,1193091,1,0
24,9,1289317,1,0
24,10,1274029,1,0
24,11,1170563,1,0
24,12,1187633,1,0
24,13,1451436,1,0
24,14,1161838,1,0
24,15,1117271,1,0
24,16,1137450,1,0
24,17,1427773,1,0
24,18,1122961,1,0
24,19,1104747,1,0
24,20,1099488,1,0
24,21,1202392,1,0
24,22,1089847,1,0
24,23,1186700,1,0
24,24,1115653,1,0
24,25,1389336,1,0
24,26,1306828,1,0
24,27,1172478,1,0
24,28,1115588,1,0
24,29,1211623,1,0
24,30,1359120,1,0
24,31,1078059,1,0
24,32,1054800,1,0
24,33,1212089,1,0
24,34,1427536,1,0
24,35,1181539,1,0
24,36,1210656,1,0
24,37,1278138,1,0
24,38,1539487,1,0
24,39,1178362,1,0
24,40,1132674,1,0
24,41,1108235,1,0
24,42,1335799,1,0
24,43,1106703,1,0
24,44,1117853,1,0
24,45,1136368,1,0
24,46,1304042,1,0
24,47,1195563,1,0
24,48,1125615,1,0
24,49,1143568,1,0
24,50,1265745,1,0
24,51,1774084,1,0
24,52,1319720,1,0
24,53,1328599,1,0
24,54,1364173,1,0
24,55,1514729,1,0
24,56,1152984,1,0
24,57,1154489,1,0
24,58,1126214,1,0
24,59,1392660,1,0
25,0,128066,1,0
25,1,566017,1,0
25,2,830208,1,0
25,3,994239,1,0
25,4,1215151,1,0
25,5,1307312,1,0
25,6,1170850,1,0
25,7,1171532,1,0
25,8,1192736,1,0
25,9,1289683,1,0
25,10,1276324,1,0
25,11,1171487,1,0
25,12,1189955,1,0
25,13,1447576,1,0
25,14,1159250,1,0
25,15,1120624,1,0
25,16,1134615,1,0
25,17,1430399,1,0
25,18,1119267,1,0
25,19,1106173,1,0
25,20,1097509,1,0
25,21,1203611,1,0
25,22,1092207,1,0
25,23,1187969,1,0
25,24,1113360,1,0
25,25,1392144,1,0
25,26,1305745,1,0
25,27,1168408,1,0
25,28,1116061,1,0
25,29,1212946,1,0
25,30,1359213,1,0
25,31,1080028,1,0
25,32,1052422,1,0
25,33,1211787,1,0
25,34,1430259,1,0
25,35,1180178,1,0
25,36,1211370,1,0
25,37,1277959,1,0
25,38,1540313,1,0
25,39,1176083,1,0
25,40,1133497,1,0
25,41,1108603,1,0
25,42,1335162,1,0
25,43,1105570,1,0
25,44,1118789,1,0
25,45,1136129,1,0
25,46,1305079,1,0
25,47,1195890,1,0
25,48,1123953,1,0
25,49,1144811,1,0
25,50,1265329,1,0
25,51,1776578,1,0
25,52,1317091,1,0
25,53,1329609,1,0
25,54,1367860,1,0
25,55,1510305,1,0
25,56,1152313,1,0
25,57,1155611,1,0
25,58,1123973,1,0
25,59,1395301,1,0
26,0,131929,1,0
26,1,568777,1,0
26,2,830459,1,0
26,3,994173,1,0
26,4,1220983,1,0
26,5,1300942,1,0
26,6,1172432,1,0
26,7,1171108,1,0
26,8,1192734,1,0
26,9,1288466,1,0
26,10,1279829,1,0
26,11,1171308,1,0
26,12,1191552,1,0
26,13,1444704,1,0
26,14,1158826,1,0
26,15,1120608,1,0
26,16,1132354,1,0
26,17,1434054,1,0
26,18,1118784,1,0
26,19,1104095,1,0
26,20,1099505,1,0
26,21,1204105,1,0
26,22,1091534,1,0
26,23,1188426,1,0
26,24,1109782,1,0
26,25,1396937,1,0
26,26,1305175,1,0
26,27,1166798,1,0
26,28,1113597,1,0
26,29,1216102,1,0
26,30,1359552,1,0
26,31,1078462,1,0
26,32,1054440,1,0
26,33,1210054,1,0
26,34,1429016,1,0
26,35,1182740,1,0
26,36,1208758,1,0
26,37,1279745,1,0
26,38,1539907,1,0
26,39,1177047,1,0
26,40,1132212,1,0
26,41,1107260,1,0
26,42,1336521,1,0
26,43,1106598,1,0
26,44,1118102,1,0
26,45,1137172,1,0
26,46,1303845,1,0
26,47,1197315,1,0
26,48,1123391,1,0
26,49,1146673,1,0
26,50,1262571,1,0
26,51,1784044,1,0
26,52,1312191,1,0
26,53,1329239,1,0
26,54,1380447,1,0
26,55,1496190,1,0
26,56,1152050,1,0
26,57,1155644,1,0
26,58,1124505,1,0
26,59,1395045,1,0
27,0,296372,1,0
27,1,572649,1,0
27,2,832510,1,0
27,3,993708,1,0
27,4,1222822,1,0
27,5,1299662,1,0
27,6,1172829,1,0
27,7,1171703,1,0
27,8,1192639,1,0
27,9,1289403,1,0
27,10,1279397,1,0
27,11,1171082,1,0
27,12,1193265,1,0
27,13,1444948,1,0
27,14,1158350,1,0
27,15,1120521,1,0
27,16,1129921,1,0
27,17,1432787,1,0
27,18,1119516,1,0
27,19,1110198,1,0
27,20,1093868,1,0
27,21,1204008,1,0
27,22,1092819,1,0
27,23,1188495,1,0
27,24,1108266,1,0
27,25,1399752,1,0
27,26,1304139,1,0
27,27,1166079,1,0
27,28,1111257,1,0
27,29,1217805,1,0
27,30,1359628,1,0
27,31,1078277,1,0
27,32,1054814,1,0
27,33,1259589,1,0
27,34,1378165,1,0
27,35,1186884,1,0
27,36,1205930,1,0
27,37,1280305,1,0
27,38,1541184,1,0
27,39,1175744,1,0
27,40,1131277,1,0
27,41,1106514,1,0
27,42,1339488,1,0
27,43,1104510,1,0
27,44,1118663,1,0
27,45,1135147,1,0
27,46,1305193,1,0
27,47,1197228,1,0
27,48,1123849,1,0
27,49,1145763,1,0
27,50,1264806,1,0
27,51,1785741,1,0
27,52,1310523,1,0
27,53,1329956,1,0
27,54,1383849,1,0
27,55,1490938,1,0
27,56,1151483,1,0
27,57,1156161,1,0
27,58,1134715,1,0
27,59,1383584,1,0
28,0,140644,1,0
28,1,574607,1,0
28,2,835191,1,0
28,3,994616,1,0
28,4,1226047,1,0
28,5,1299105,1,0
28,6,1171048,1,0
28,7,1172965,1,0
28,8,1192097,1,0
28,9,1295159,1,0
28,10,1277588,1,0
28,11,1168024,1,0
28,12,1198009,1,0
28,13,1446724,1,0
28,14,1152735,1,0
28,15,1120594,1,0
28,16,1128141,1,0
28,17,1431908,1,0
28,18,1117550,1,0
28,19,1113731,1,0
28,20,1093227,1,0
28,21,1203475,1,0
28,22,1091299,1,0
28,23,1189101,1,0
28,24,1107845,1,0
28,25,1402541,1,0
28,26,1302827,1,0
28,27,1164196,1,0
28,28,1111439,1,0
28,29,1240397,1,0
28,30,1338637,1,0
28,31,1076264,1,0
28,32,1056846,1,0
28,33,1258535,1,0
28,34,1377416,1,0
28,35,1190720,1,0
28,36,1203131,1,0
28,37,1285262,1,0
28,38,1537744,1,0
28,39,1175891,1,0
28,40,1129991,1,0
28,41,1105330,1,0
28,42,1340092,1,0
28,43,1104373,1,0
28,44,1119807,1,0
28,45,1135388,1,0
28,46,1319135,1,0
28,47,1181693,1,0
28,48,1124579,1,0
28,49,1147230,1,0
28,50,1277868,1,0
28,51,1773263,1,0
28,52,1308628,1,0
28,53,1332733,1,0
28,54,1386142,1,0
28,55,1485886,1,0
28,56,1150477,1,0
28,57,1156043,1,0
28,58,1142248,1,0
28,59,1377910,1,0
29,0,143335,1,0
29,1,578732,1,0
29,2,837433,1,0
29,3,996009,1,0
29,4,1228155,1,0
29,5,1296329,1,0
29,6,1171674,1,0
29,7,1172118,1,0
29,8,1195156,1,0
29,9,1304320,1,0
29,10,1268415,1,0
29,11,1167529,1,0
29,12,1197190,1,0
29,13,1449129,1,0
29,14,1151603,1,0
29,15,1124100,1,0
29,16,1122653,1,0
29,17,1430824,1,0
29,18,1118707,1,0
29,19,1114070,1,0
29,20,1093092,1,0
29,21,1203347,1,0
29,22,1092244,1,0
29,23,1189906,1,0
29,24,1104845,1,0
29,25,1417821,1,0
29,26,1290189,1,0
29,27,1163337,1,0
29,28,1109540,1,0
29,29,1242271,1,0
29,30,1339930,1,0
29,31,1075103,1,0
29,32,1056805,1,0
29,33,1259615,1,0
29,34,1375502,1,0
29,35,1193505,1,0
29,36,1199816,1,0
29,37,1292873,1,0
29,38,1532055,1,0
29,39,1175565,1,0
29,40,1128620,1,0
29,41,1107553,1,0
29,42,1338968,1,0
29,43,1104127,1,0
29,44,1121874,1,0
29,45,1135026,1,0
29,46,1320037,1,0
29,47,1180096,1,0
29,48,1124118,1,0
29,49,1148012,1,0
29,50,1275896,1,0
29,51,1778602,1,0
29,52,1305862,1,0
29,53,1332662,1,0
29,54,1391903,1,0
29,55,1479392,1,0
29,56,1150046,1,0
29,57,1157537,1,0
29,58,1140958,1,0
29,59,1379708,1,0
30,0,145111,1,0
30,1,581416,1,0
30,2,841303,1,0
30,3,996481,1,0
30,4,1230604,1,0
30,5,1293490,1,0
30,6,1175410,1,0
30,7,1168558,1,0
30,8,1196555,1,0
30,9,1315022,1,0
30,10,1263991,1,0
30,11,1161919,1,0
30,12,1196910,1,0
30,13,1448862,1,0
30,14,1151819,1,0
30,15,1130287,1,0
30,16,1117250,1,0
30,17,1430889,1,0
30,18,1116716,1,0
30,19,1114641,1,0
30,20,1093164,1,0
30,21,1204012,1,0
30,22,1092117,1,0
30,23,1189928,1,0
30,24,1104868,1,0
30,25,1417987,1,0
30,26,1290632,1,0
30,27,1162771,1,0
30,28,1110449,1,0
30,29,1239574,1,0
30,30,1339925,1,0
30,31,1074393,1,0
30,32,1056529,1,0
30,33,1277900,1,0
30,34,1357341,1,0
30,35,1199601,1,0
30,36,1195681,1,0
30,37,1294649,1,0
30,38,1534457,1,0
30,39,1172474,1,0
30,40,1127507,1,0
30,41,1107036,1,0
30,42,1339374,1,0
30,43,1101879,1,0
30,44,1125204,1,0
30,45,1136229,1,0
30,46,1321076,1,0
30,47,1177700,1,0
30,48,1124621,1,0
30,49,1148729,1,0
30,50,1274250,1,0
30,51,1780240,1,0
30,52,1307084,1,0
30,53,1331179,1,0
30,54,1408252,1,0
30,55,1462983,1,0
30,56,1146496,1,0
30,57,1158469,1,0
30,58,1141185,1,0
30,59,1379002,1,0
31,0,148255,1,0
31,1,585480,1,0
31,2,843309,1,0
31,3,997283,1,0
31,4,1233266,1,0
31,5,1291336,1,0
31,6,1175817,1,0
31,7,1167711,1,0
31,8,1199927,1,0
31,9,1317293,1,0
31,10,1260204,1,0
31,11,1162266,1,0
31,12,1195119,1,0
31,13,1450613,1,0
31,14,1151250,1,0
31,15,1134105,1,0
31,16,1113374,1,0
31,17,1430983,1,0
31,18,1116658,1,0
31,19,1114898,1,0
31,20,1094530,1,0
31,21,1202502,1,0
31,22,1091694,1,0
31,23,1190462,1,0
31,24,1102328,1,0
31,25,1423987,1,0
31,26,1286166,1,0
31,27,1161742,1,0
31,28,1111633,1,0
31,29,1240883,1,0
31,30,1337680,1,0
31,31,1073680,1,0
31,32,1058417,1,0
31,33,1279121,1,0
31,34,1354781,1,0
31,35,1203560,1,0
31,36,1193292,1,0
31,37,1296155,1,0
31,38,1535014,1,0
31,39,1169995,1,0
31,40,1127869,1,0
31,41,1107034,1,0
31,42,1337487,1,0
31,43,1103185,1,0
31,44,1127176,1,0
31,45,1135397,1,0
31,46,1321081,1,0
31,47,1176413,1,0
31,48,1129873,1,0
31,49,1147337,1,0
31,50,1271719,1,0
31,51,1780592,1,0
31,52,1307329,1,0
31,53,1330984,1,0
31,54,1411236,1,0
31,55,1458353,1,0
31,56,1147119,1,0
31,57,1158495,1,0
31,58,1150281,1,0
31,59,1369731,1,0
32,0,153180,1,0
32,1,587115,1,0
32,2,846004,1,0
32,3,998445,1,0
32,4,1234780,1,0
32,5,1292858,1,0
32,6,1174263,1,0
32,7,1167750,1,0
32,8,1199082,1,0
32,9,1324042,1,0
32,10,1255390,1,0
32,11,1158798,1,0
32,12,1195136,1,0
32,13,1454221,1,0
32,14,1150288,1,0
32,15,1134291,1,0
32,16,1113599,1,0
32,17,1432011,1,0
32,18,1113415,1,0
32,19,1114873,1,0
32,20,1094357,1,0
32,21,1204342,1,0
32,22,1090945,1,0
32,23,1190541,1,0
32,24,1101116,1,0
32,25,1429405,1,0
32,26,1283960,1,0
32,27,1159281,1,0
32,28,1111449,1,0
32,29,1258463,1,0
32,30,1319850,1,0
32,31,1074764,1,0
32,32,1057925,1,0
32,33,1283471,1,0
32,34,1350461,1,0
32,35,1205370,1,0
32,36,1191476,1,0
32,37,1296511,1,0
32,38,1536046,1,0
32,39,1167259,1,0
32,40,1128560,1,0
32,41,1106432,1,0
32,42,1340098,1,0
32,43,1103070,1,0
32,44,1125300,1,0
32,45,1136913,1,0
32,46,1336324,1,0
32,47,1161483,1,0
32,48,1128411,1,0
32,49,1149481,1,0
32,50,1285144,1,0
32,51,1767374,1,0
32,52,1306916,1,0
32,53,1330420,1,0
32,54,1411634,1,0
32,55,1456969,1,0
32,56,1147769,1,0
32,57,1156537,1,0
32,58,1156040,1,0
32,59,1364328,1,0
33,0,156799,1,0
33,1,592419,1,0
33,2,850302,1,0
33,3,999620,1,0
33,4,1241238,1,0
33,5,1286329,1,0
33,6,1175702,1,0
33,7,1167300,1,0
33,8,1197510,1,0
33,9,1327034,1,0
33,10,1253843,1,0
33,11,1158513,1,0
33,12,1195738,1,0
33,13,1453318,1,0
33,14,1151570,1,0
33,15,1134202,1,0
33,16,1112624,1,0
33,17,1432959,1,0
33,18,1112206,1,0
33,19,1118227,1,0
33,20,1092395,1,0
33,21,1203868,1,0
33,22,1095537,1,0
33,23,1185919,1,0
33,24,1098488,1,0
33,25,1436043,1,0
33,26,1280237,1,0
33,27,1158977,1,0
33,28,1109781,1,0
33,29,1259992,1,0
33,30,1318816,1,0
33,31,1076880,1,0
33,32,1054994,1,0
33,33,1299570,1,0
33,34,1336673,1,0
33,35,1205750,1,0
33,36,1190838,1,0
33,37,1299268,1,0
33,38,1534016,1,0
33,39,1167368,1,0
33,40,1128529,1,0
33,41,1104884,1,0
33,42,1340675,1,0
33,43,1102100,1,0
33,44,1126603,1,0
33,45,1136647,1,0
33,46,1337451,1,0
33,47,1161216,1,0
33,48,1128591,1,0
33,49,1149168,1,0
33,50,1287893,1,0
33,51,1765878,1,0
33,52,1309172,1,0
33,53,1326933,1,0
33,54,1426797,1,0
33,55,1441131,1,0
33,56,1150004,1,0
33,57,1153851,1,0
33,58,1155808,1,0
33,59,1366590,1,0
34,0,159451,1,0
34,1,595725,1,0
34,2,865340,1,0
34,3,1000581,1,0
34,4,1242543,1,0
34,5,1283095,1,0
34,6,1178392,1,0
34,7,1165409,1,0
34,8,1199712,1,0
34,9,1330231,1,0
34,10,1251555,1,0
34,11,1160087,1,0
34,12,1193017,1,0
34,13,1453960,1,0
34,14,1151463,1,0
34,15,1135035,1,0
34,16,1109127,1,0
34,17,1435441,1,0
34,18,1109637,1,0
34,19,1120678,1,0
34,20,1090981,1,0
34,21,1205413,1,0
34,22,1102732,1,0
34,23,1178212,1,0
34,24,1096033,1,0
34,25,1444736,1,0
34,26,1274789,1,0
34,27,1156572,1,0
34,28,1109073,1,0
34,29,1262161,1,0
34,30,1317168,1,0
34,31,1078584,1,0
34,32,1053383,1,0
34,33,1305134,1,0
34,34,1331437,1,0
34,35,1207303,1,0
34,36,1189589,1,0
34,37,1303260,1,0
34,38,1532361,1,0
34,39,1166378,1,0
34,40,1127305,1,0
34,41,1105790,1,0
34,42,1340587,1,0
34,43,1101134,1,0
34,44,1127262,1,0
34,45,1137658,1,0
34,46,1337270,1,0
34,47,1163278,1,0
34,48,1126080,1,0
34,49,1149966,1,0
34,50,1286753,1,0
34,51,1768593,1,0
34,52,1307424,1,0
34,53,1328493,1,0
34,54,1426093,1,0
34,55,1437527,1,0
34,56,1152591,1,0
34,57,1153749,1,0
34,58,1153925,1,0
34,59,1367918,1,0
35,0,162825,1,0
35,1,596140,1,0
35,2,866579,1,0
35,3,1000435,1,0
35,4,1244834,1,0
35,5,1283324,1,0
35,6,1176276,1,0
35,7,1166635,1,0
35,8,1198698,1,0
35,9,1333499,1,0
35,10,1249517,1,0
35,11,1160977,1,0
35,12,1189880,1,0
35,13,1455572,1,0
35,14,1152273,1,0
35,15,1134946,1,0
35,16,1108633,1,0
35,17,1440830,1,0
35,18,1103748,1,0
35,19,1119347,1,0
35,20,1091171,1,0
35,21,1208227,1,0
35,22,1102138,1,0
35,23,1181297,1,0
35,24,1092294,1,0
35,25,1451257,1,0
35,26,1268944,1,0
35,27,1155984,1,0
35,28,1107502,1,0
35,29,1263704,1,0
35,30,1317202,1,0
35,31,1079186,1,0
35,32,1053062,1,0
35,33,1305526,1,0
35,34,1330372,1,0
35,35,1211019,1,0
35,36,1184722,1,0
35,37,1306775,1,0
35,38,1531113,1,0
35,39,1165937,1,0
35,40,1125879,1,0
35,41,1106358,1,0
35,42,1340422,1,0
35,43,1099455,1,0
35,44,1129626,1,0
35,45,1138570,1,0
35,46,1337192,1,0
35,47,1162735,1,0
35,48,1124647,1,0
35,49,1152569,1,0
35,50,1286195,1,0
35,51,1771408,1,0
35,52,1304391,1,0
35,53,1329060,1,0
35,54,1428127,1,0
35,55,1433747,1,0
35,56,1153218,1,0
35,57,1151697,1,0
35,58,1169890,1,0
35,59,1354245,1,0
36,0,166269,1,0
36,1,597049,1,0
36,2,865457,1,0
36,3,1001123,1,0
36,4,1245936,1,0
36,5,1282263,1,0
36,6,1175698,1,0
36,7,1170830,1,0
36,8,1194039,1,0
36,9,1339067,1,0
36,10,1245465,1,0
36,11,1162477,1,0
36,12,1187013,1,0
36,13,1456934,1,0
36,14,1151932,1,0
36,15,1164763,1,0
36,16,1076208,1,0
36,17,1442299,1,0
36,18,1103394,1,0
36,19,1119638,1,0
36,20,1090020,1,0
36,21,1208516,1,0
36,22,1107616,1,0
36,23,1179271,1,0
36,24,1090545,1,0
36,25,1459082,1,0
36,26,1262052,1,0
36,27,1155405,1,0
36,28,1105938,1,0
36,29,1288507,1,0
36,30,1293336,1,0
36,31,1079719,1,0
36,32,1051893,1,0
36,33,1315644,1,0
36,34,1321118,1,0
36,35,1212150,1,0
36,36,1184815,1,0
36,37,1307060,1,0
36,38,1530403,1,0
36,39,1165238,1,0
36,40,1124605,1,0
36,41,1107371,1,0
36,42,1340612,1,0
36,43,1099804,1,0
36,44,1129133,1,0
36,45,1139325,1,0
36,46,1338893,1,0
36,47,1161222,1,0
36,48,1123859,1,0
36,49,1153015,1,0
36,50,1299416,1,0
36,51,1758418,1,0
36,52,1304617,1,0
36,53,1330418,1,0
36,54,1428307,1,0
36,55,1429611,1,0
36,56,1155011,1,0
36,57,1152710,1,0
36,58,1170760,1,0
36,59,1352335,1,0
37,0,168856,1,0
37,1,599344,1,0
37,2,867355,1,0
37,3,1005318,1,0
37,4,1246015,1,0
37,5,1279223,1,0
37,6,1175576,1,0
37,7,1171124,1,0
37,8,1193649,1,0
37,9,1343972,1,0
37,10,1241475,1,0
37,11,1162601,1,0
37,12,1188403,1,0
37,13,1456318,1,0
37,14,1150851,1,0
37,15,1170809,1,0
37,16,1069555,1,0
37,17,1443455,1,0
37,18,1102198,1,0
37,19,1119908,1,0
37,20,1141590,1,0
37,21,1156519,1,0
37,22,1112408,1,0
37,23,1176726,1,0
37,24,1087465,1,0
37,25,1464815,1,0
37,26,1256854,1,0
37,27,1155277,1,0
37,28,1108900,1,0
37,29,1291407,1,0
37,30,1287644,1,0
37,31,1078933,1,0
37,32,1052092,1,0
37,33,1317245,1,0
37,34,1319408,1,0
37,35,1215238,1,0
37,36,1182296,1,0
37,37,1309493,1,0
37,38,1531307,1,0
37,39,1162810,1,0
37,40,1125551,1,0
37,41,1105697,1,0
37,42,1341743,1,0
37,43,1098464,1,0
37,44,1130818,1,0
37,45,1140637,1,0
37,46,1338005,1,0
37,47,1160628,1,0
37,48,1123757,1,0
37,49,1156423,1,0
37,50,1298292,1,0
37,51,1758900,1,0
37,52,1302371,1,0
37,53,1331410,1,0
37,54,1427943,1,0
37,55,1428631,1,0
37,56,1153425,1,0
37,57,1154086,1,0
37,58,1169717,1,0
37,59,1351478,1,0
38,0,172408,1,0
38,1,602265,1,0
38,2,868036,1,0
38,3,1006413,1,0
38,4,1249551,1,0
38,5,1275309,1,0
38,6,1174723,1,0
38,7,1172702,1,0
38,8,1195416,1,0
38,9,1343708,1,0
38,10,1240533,1,0
38,11,1163205,1,0
38,12,1186670,1,0
38,13,1458105,1,0
38,14,1147624,1,0
38,15,1172634,1,0
38,16,1067726,1,0
38,17,1444441,1,0
38,18,1103058,1,0
38,19,1119804,1,0
38,20,1144438,1,0
38,21,1152578,1,0
38,22,1120041,1,0
38,23,1171719,1,0
38,24,1086438,1,0
38,25,1469939,1,0
38,26,1251684,1,0
38,27,1154334,1,0
38,28,1109156,1,0
38,29,1294545,1,0
38,30,1284710,1,0
38,31,1078400,1,0
38,32,1050618,1,0
38,33,1318855,1,0
38,34,1320175,1,0
38,35,1215943,1,0
38,36,1179550,1,0
38,37,1313330,1,0
38,38,1531338,1,0
38,39,1161909,1,0
38,40,1124307,1,0
38,41,1107082,1,0
38,42,1340283,1,0
38,43,1097910,1,0
38,44,1132525,1,0
38,45,1141135,1,0
38,46,1336978,1,0
38,47,1160243,1,0
38,48,1123768,1,0
38,49,1161765,1,0
38,50,1292642,1,0
38,51,1761552,1,0
38,52,1301782,1,0
38,53,1331092,1,0
38,54,1440957,1,0
38,55,1414533,1,0
38,56,1153066,1,0
38,57,1153201,1,0
38,58,1182808,1,0
38,59,1341744,1,0
39,0,14792,1,0
39,1,604092,1,0
39,2,867664,1,0
39,3,1013919,1,0
39,4,1242996,1,0
39,5,1274834,1,0
39,6,1175804,1,0
39,7,1174353,1,0
39,8,1193289,1,0
39,9,1347230,1,0
39,10,1240646,1,0
39,11,1160811,1,0
39,12,1185132,1,0
39,13,1459930,1,0
39,14,1145924,1,0
39,15,1173533,1,0
39,16,1065792,1,0
39,17,1447203,1,0
39,18,1102634,1,0
39,19,1119118,1,0
39,20,1147190,1,0
39,21,1149541,1,0
39,22,1123430,1,0
39,23,1168998,1,0
39,24,1085001,1,0
39,25,1474161,1,0
39,26,1248871,1,0
39,27,1155031,1,0
39,28,1107232,1,0
39,29,1297543,1,0
39,30,1282185,1,0
39,31,1077009,1,0
39,32,1050361,1,0
39,33,1334318,1,0
39,34,1305965,1,0
39,35,1218461,1,0
39,36,1177402,1,0
39,37,1318147,1,0
39,38,1529340,1,0
39,39,1159571,1,0
39,40,1122511,1,0
39,41,1108514,1,0
39,42,1341359,1,0
39,43,1097141,1,0
39,44,1132337,1,0
39,45,1142969,1,0
39,46,1334846,1,0
39,47,1160108,1,0
39,48,1124607,1,0
39,49,1164285,1,0
39,50,1290636,1,0
39,51,1764392,1,0
39,52,1299384,1,0
39,53,1330539,1,0
39,54,1440617,1,0
39,55,1416454,1,0
39,56,1150953,1,0
39,57,1152857,1,0
39,58,1182983,1,0
39,59,1341622,1,0
40,0,177934,1,0
40,1,607593,1,0
40,2,868659,1,0
40,3,1014971,1,0
40,4,1244031,1,0
40,5,1272207,1,0
40,6,1178121,1,0
40,7,1174856,1,0
40,8,1195294,1,0
40,9,1347485,1,0
40,10,1238453,1,0
40,11,1160738,1,0
40,12,1184083,1,0
40,13,1460639,1,0
40,14,1146874,1,0
40,15,1173505,1,0
40,16,1063170,1,0
40,17,1448719,1,0
40,18,1102268,1,0
40,19,1116720,1,0
40,20,1148657,1,0
40,21,1149423,1,0
40,22,1126225,1,0
40,23,1167990,1,0
40,24,1083377,1,0
40,25,1479028,1,0
40,26,1244209,1,0
40,27,1157057,1,0
40,28,1105384,1,0
40,29,1329499,1,0
40,30,1249705,1,0
40,31,1076850,1,0
40,32,1049737,1,0
40,33,1335894,1,0
40,34,1304108,1,0
40,35,1225147,1,0
40,36,1170752,1,0
40,37,1323558,1,0
40,38,1527615,1,0
40,39,1158594,1,0
40,40,1120759,1,0
40,41,1109239,1,0
40,42,1340042,1,0
40,43,1097209,1,0
40,44,1132960,1,0
40,45,1145617,1,0
40,46,1333306,1,0
40,47,1158905,1,0
40,48,1124232,1,0
40,49,1164474,1,0
40,50,1304158,1,0
40,51,1754719,1,0
40,52,1298683,1,0
40,53,1329609,1,0
40,54,1442762,1,0
40,55,1415633,1,0
40,56,1149513,1,0
40,57,1151378,1,0
40,58,1183272,1,0
40,59,1341573,1,0
41,0,181859,1,0
41,1,609468,1,0
41,2,867978,1,0
41,3,1017776,1,0
41,4,1250676,1,0
41,5,1263738,1,0
41,6,1175851,1,0
41,7,1178651,1,0
41,8,1194163,1,0
41,9,1351532,1,0
41,10,1235017,1,0
41,11,1160732,1,0
41,12,1182776,1,0
41,13,1461771,1,0
41,14,1146190,1,0
41,15,1174066,1,0
41,16,1061733,1,0
41,17,1454225,1,0
41,18,1097428,1,0
41,19,1116809,1,0
41,20,1148465,1,0
41,21,1147903,1,0
41,22,1129674,1,0
41,23,1166684,1,0
41,24,1082536,1,0
41,25,1481944,1,0
41,26,1249180,1,0
41,27,1151121,1,0
41,28,1102842,1,0
41,29,1335004,1,0
41,30,1248604,1,0
41,31,1071468,1,0
41,32,1049221,1,0
41,33,1338603,1,0
41,34,1301142,1,0
41,35,1228797,1,0
41,36,1170280,1,0
41,37,1325664,1,0
41,38,1526481,1,0
41,39,1158533,1,0
41,40,1120476,1,0
41,41,1107278,1,0
41,42,1341345,1,0
41,43,1098788,1,0
41,44,1131247,1,0
41,45,1145983,1,0
41,46,1334326,1,0
41,47,1157200,1,0
41,48,1124532,1,0
41,49,1164709,1,0
41,50,1305433,1,0
41,51,1754559,1,0
41,52,1298214,1,0
41,53,1329898,1,0
41,54,1454475,1,0
41,55,1403074,1,0
41,56,1149247,1,0
41,57,1151146,1,0
41,58,1198508,1,0
41,59,1325843,1,0
42,0,184660,1,0
42,1,611634,1,0
42,2,868605,1,0
42,3,1019896,1,0
42,4,1250441,1,0
42,5,1262713,1,0
42,6,1175116,1,0
42,7,1178904,1,0
42,8,1194763,1,0
42,9,1353822,1,0
42,10,1234094,1,0
42,11,1158562,1,0
42,12,1183844,1,0
42,13,1460480,1,0
42,14,1148432,1,0
42,15,1173627,1,0
42,16,1059377,1,0
42,17,1456416,1,0
42,18,1096023,1,0
42,19,1118141,1,0
42,20,1148808,1,0
42,21,1146559,1,0
42,22,1133678,1,0
42,23,1162665,1,0
42,24,1081749,1,0
42,25,1487289,1,0
42,26,1247170,1,0
42,27,1150237,1,0
42,28,1103139,1,0
42,29,1340225,1,0
42,30,1240527,1,0
42,31,1071044,1,0
42,32,1050229,1,0
42,33,1338860,1,0
42,34,1303501,1,0
42,35,1227258,1,0
42,36,1169093,1,0
42,37,1336460,1,0
42,38,1518273,1,0
42,39,1156335,1,0
42,40,1120766,1,0
42,41,1106072,1,0
42,42,1342090,1,0
42,43,1098204,1,0
42,44,1133100,1,0
42,45,1145664,1,0
42,46,1333769,1,0
42,47,1156230,1,0
42,48,1126771,1,0
42,49,1163418,1,0
42,50,1307879,1,0
42,51,1754687,1,0
42,52,1298846,1,0
42,53,1330839,1,0
42,54,1450522,1,0
42,55,1404950,1,0
42,56,1148544,1,0
42,57,1149907,1,0
42,58,1197866,1,0
42,59,1326898,1,0
43,0,185292,1,0
43,1,612738,1,0
43,2,868895,1,0
43,3,1020527,1,0
43,4,1252867,1,0
43,5,1259478,1,0
43,6,1175401,1,0
43,7,1180626,1,0
43,8,1193870,1,0
43,9,1354638,1,0
43,10,1233639,1,0
43,11,1157863,1,0
43,12,1183471,1,0
43,13,1462632,1,0
43,14,1145114,1,0
43,15,1178182,1,0
43,16,1057187,1,0
43,17,1456428,1,0
43,18,1095184,1,0
43,19,1117769,1,0
43,20,1150064,1,0
43,21,1145699,1,0
43,22,1136079,1,0
43,23,1160287,1,0
43,24,1082408,1,0
43,25,1488643,1,0
43,26,1249239,1,0
43,27,1152319,1,0
43,28,1096910,1,0
43,29,1344244,1,0
43,30,1236508,1,0
43,31,1072060,1,0
43,32,1048304,1,0
43,33,1349528,1,0
43,34,1292597,1,0
43,35,1229126,1,0
43,36,1168649,1,0
43,37,1339165,1,0
43,38,1517994,1,0
43,39,1154246,1,0
43,40,1120950,1,0
43,41,1106980,1,0
43,42,1341551,1,0
43,43,1097637,1,0
43,44,1133705,1,0
43,45,1145934,1,0
43,46,1333133,1,0
43,47,1155483,1,0
43,48,1126941,1,0
43,49,1165775,1,0
43,50,1306434,1,0
43,51,1756446,1,0
43,52,1300007,1,0
43,53,1329874,1,0
43,54,1449288,1,0
43,55,1404202,1,0
43,56,1148962,1,0
43,57,1148475,1,0
43,58,1199153,1,0
43,59,1325583,1,0
44,0,187623,1,0
44,1,613494,1,0
44,2,869730,1,0
44,3,1022306,1,0
44,4,1253139,1,0
44,5,1259638,1,0
44,6,1174505,1,0
44,7,1180966,1,0
44,8,1192651,1,0
44,9,1355680,1,0
44,10,1234243,1,0
44,11,1156840,1,0
44,12,1182988,1,0
44,13,1463236,1,0
44,14,1144381,1,0
44,15,1183688,1,0
44,16,1058427,1,0
44,17,1452474,1,0
44,18,1094507,1,0
44,19,1115373,1,0
44,20,1151164,1,0
44,21,1147597,1,0
44,22,1135289,1,0
44,23,1158220,1,0
44,24,1083904,1,0
44,25,1491288,1,0
44,26,1246023,1,0
44,27,1158713,1,0
44,28,1091385,1,0
44,29,1351527,1,0
44,30,1225768,1,0
44,31,1072134,1,0
44,32,1050935,1,0
44,33,1356923,1,0
44,34,1283590,1,0
44,35,1231735,1,0
44,36,1167018,1,0
44,37,1348328,1,0
44,38,1510048,1,0
44,39,1154330,1,0
44,40,1119421,1,0
44,41,1109026,1,0
44,42,1341008,1,0
44,43,1097636,1,0
44,44,1133453,1,0
44,45,1147497,1,0
44,46,1330776,1,0
44,47,1155728,1,0
44,48,1125845,1,0
44,49,1166627,1,0
44,50,1319878,1,0
44,51,1748621,1,0
44,52,1295965,1,0
44,53,1332115,1,0
44,54,1446561,1,0
44,55,1401957,1,0
44,56,1150138,1,0
44,57,1148267,1,0
44,58,1200553,1,0
44,59,1324911,1,0
45,0,192907,1,0
45,1,612716,1,0
45,2,871141,1,0
45,3,1022961,1,0
45,4,1254742,1,0
45,5,1260152,1,0
45,6,1173006,1,0
45,7,1183323,1,0
45,8,1191070,1,0
45,9,1354714,1,0
45,10,1232826,1,0
45,11,1158129,1,0
45,12,1188198,1,0
45,13,1457860,1,0
45,14,1144663,1,0
45,15,1185520,1,0
45,16,1056660,1,0
45,17,1453672,1,0
45,18,1093367,1,0
45,19,1115270,1,0
45,20,1152630,1,0
45,21,1145781,1,0
45,22,1136049,1,0
45,23,1158239,1,0
45,24,1081525,1,0
45,25,1495042,1,0
45,26,1246897,1,0
45,27,1159437,1,0
45,28,1089732,1,0
45,29,1383910,1,0
45,30,1191778,1,0
45,31,1070079,1,0
45,32,1051851,1,0
45,33,1358943,1,0
45,34,1281121,1,0
45,35,1234085,1,0
45,36,1168718,1,0
45,37,1346174,1,0
45,38,1510289,1,0
45,39,1154821,1,0
45,40,1118712,1,0
45,41,1108505,1,0
45,42,1341575,1,0
45,43,1099443,1,0
45,44,1136445,1,0
45,45,1142761,1,0
45,46,1331839,1,0
45,47,1156734,1,0
45,48,1122241,1,0
45,49,1167062,1,0
45,50,1321558,1,0
45,51,1750344,1,0
45,52,1295381,1,0
45,53,1331389,1,0
45,54,1461251,1,0
45,55,1387428,1,0
45,56,1147714,1,0
45,57,1149446,1,0
45,58,1215858,1,0
45,59,1309830,1,0
46,0,197096,1,0
46,1,613133,1,0
46,2,871612,1,0
46,3,1025361,1,0
46,4,1256285,1,0
46,5,1256760,1,0
46,6,1172366,1,0
46,7,1185157,1,0
46,8,1190423,1,0
46,9,1354827,1,0
46,10,1232621,1,0
46,11,1156523,1,0
46,12,1195642,1,0
46,13,1450578,1,0
46,14,1147291,1,0
46,15,1185262,1,0
46,16,1063805,1,0
46,17,1446843,1,0
46,18,1090777,1,0
46,19,1116413,1,0
46,20,1153866,1,0
46,21,1143869,1,0
46,22,1138630,1,0
46,23,1154604,1,0
46,24,1084048,1,0
46,25,1496692,1,0
46,26,1247535,1,0
46,27,1160401,1,0
46,28,1087277,1,0
46,29,1386917,1,0
46,30,1187744,1,0
46,31,1068529,1,0
46,32,1051465,1,0
46,33,1361254,1,0
46,34,1278801,1,0
46,35,1235399,1,0
46,36,1168689,1,0
46,37,1349973,1,0
46,38,1507971,1,0
46,39,1154189,1,0
46,40,1118594,1,0
46,41,1108576,1,0
46,42,1340957,1,0
46,43,1099879,1,0
46,44,1135187,1,0
46,45,1144271,1,0
46,46,1329729,1,0
46,47,1158891,1,0
46,48,1121479,1,0
46,49,1165169,1,0
46,50,1326234,1,0
46,51,1750760,1,0
46,52,1293760,1,0
46,53,1333600,1,0
46,54,1457847,1,0
46,55,1387890,1,0
46,56,1147778,1,0
46,57,1147229,1,0
46,58,1216547,1,0
46,59,1309362,1,0
47,0,200020,1,0
47,1,618765,1,0
47,2,872602,1,0
47,3,1026882,1,0
47,4,1257371,1,0
47,5,1254907,1,0
47,6,1170914,1,0
47,7,1188831,1,0
47,8,1188626,1,0
47,9,1356879,1,0
47,10,1230587,1,0
47,11,1156852,1,0
47,12,1196998,1,0
47,13,1447149,1,0
47,14,1148411,1,0
47,15,1184749,1,0
47,16,1062878,1,0
47,17,1448652,1,0
47,18,1089750,1,0
47,19,1122393,1,0
47,20,1150593,1,0
47,21,1141854,1,0
47,22,1139036,1,0
47,23,1154197,1,0
47,24,1082973,1,0
47,25,1502318,1,0
47,26,1246433,1,0
47,27,1159266,1,0
47,28,1087698,1,0
47,29,1385993,1,0
47,30,1187816,1,0
47,31,1066227,1,0
47,32,1050644,1,0
47,33,1362523,1,0
47,34,1279508,1,0
47,35,1234007,1,0
47,36,1169378,1,0
47,37,1353439,1,0
47,38,1505216,1,0
47,39,1154091,1,0
47,40,1117371,1,0
47,41,1110976,1,0
47,42,1340005,1,0
47,43,1099506,1,0
47,44,1135558,1,0
47,45,1144221,1,0
47,46,1329609,1,0
47,47,1158373,1,0
47,48,1120489,1,0
47,49,1167145,1,0
47,50,1327177,1,0
47,51,1752333,1,0
47,52,1294834,1,0
47,53,1330557,1,0
47,54,1473892,1,0
47,55,1372199,1,0
47,56,1146136,1,0
47,57,1147972,1,0
47,58,1215771,1,0
47,59,1308534,1,0
48,0,202364,1,0
48,1,620567,1,0
48,2,874302,1,0
48,3,1028692,1,0
48,4,1259376,1,0
48,5,1250840,1,0
48,6,1172448,1,0
48,7,1188564,1,0
48,8,1189326,1,0
48,9,1358043,1,0
48,10,1228631,1,0
48,11,1157513,1,0
48,12,1199334,1,0
48,13,1444010,1,0
48,14,1148207,1,0
48,15,1185598,1,0
48,16,1062230,1,0
48,17,1451706,1,0
48,18,1086958,1,0
48,19,1124703,1,0
48,20,1150766,1,0
48,21,1140362,1,0
48,22,1137594,1,0
48,23,1155049,1,0
48,24,1081711,1,0
48,25,1506426,1,0
48,26,1247645,1,0
48,27,1157295,1,0
48,28,1086936,1,0
48,29,1391217,1,0
48,30,1180858,1,0
48,31,1064466,1,0
48,32,1052790,1,0
48,33,1375076,1,0
48,34,1267193,1,0
48,35,1233766,1,0
48,36,1167775,1,0
48,37,1357994,1,0
48,38,1501418,1,0
48,39,1154493,1,0
48,40,1117794,1,0
48,41,1110875,1,0
48,42,1340027,1,0
48,43,1099991,1,0
48,44,1133650,1,0
48,45,1148468,1,0
48,46,1326848,1,0
48,47,1157058,1,0
48,48,1121825,1,0
48,49,1167652,1,0
48,50,1340493,1,0
48,51,1742471,1,0
48,52,1292126,1,0
48,53,1330600,1,0
48,54,1472683,1,0
48,55,1371865,1,0
48,56,1146535,1,0
48,57,1147225,1,0
48,58,1215972,1,0
48,59,1308500,1,0
49,0,205776,1,0
49,1,623294,1,0
49,2,875255,1,0
49,3,1030326,1,0
49,4,1263082,1,0
49,5,1246831,1,0
49,6,1171745,1,0
49,7,1188758,1,0
49,8,1189996,1,0
49,9,1357468,1,0
49,10,1229486,1,0
49,11,1157468,1,0
49,12,1213645,1,0
49,13,1428548,1,0
49,14,1148540,1,0
49,15,1185616,1,0
49,16,1063251,1,0
49,17,1451415,1,0
49,18,1087441,1,0
49,19,1125619,1,0
49,20,1150962,1,0
49,21,1137389,1,0
49,22,1136782,1,0
49,23,1156213,1,0
49,24,1081538,1,0
49,25,1509340,1,0
49,26,1247612,1,0
49,27,1158043,1,0
49,28,1085252,1,0
49,29,1393392,1,0
49,30,1175328,1,0
49,31,1065346,1,0
49,32,1053204,1,0
49,33,1376895,1,0
49,34,1264568,1,0
49,35,1236998,1,0
49,36,1166150,1,0
49,37,1400419,1,0
49,38,1458940,1,0
49,39,1155176,1,0
49,40,1117107,1,0
49,41,1111553,1,0
49,42,1340086,1,0
49,43,1099758,1,0
49,44,1132363,1,0
49,45,1148446,1,0
49,46,1328058,1,0
49,47,1156824,1,0
49,48,1120960,1,0
49,49,1168114,1,0
49,50,1340711,1,0
49,51,1744039,1,0
49,52,1292385,1,0
49,53,1331481,1,0
49,54,1471978,1,0
49,55,1371312,1,0
49,56,1146782,1,0
49,57,1144783,1,0
49,58,1233856,1,0
49,59,1291335,1,0
50,0,208348,1,0
50,1,625330,1,0
50,2,875883,1,0
50,3,1031554,1,0
50,4,1263676,1,0
50,5,1247551,1,0
50,6,1170081,1,0
50,7,1191977,1,0
50,8,1189007,1,0
50,9,1355918,1,0
50,10,1227730,1,0
50,11,1159356,1,0
50,12,1212149,1,0
50,13,1429576,1,0
50,14,1146669,1,0
50,15,1187480,1,0
50,16,1075820,1,0
50,17,1437630,1,0
50,18,1088610,1,0
50,19,1127899,1,0
50,20,1152767,1,0
50,21,1132862,1,0
50,22,1136146,1,0
50,23,1157615,1,0
50,24,1078715,1,0
50,25,1512496,1,0
50,26,1250116,1,0
50,27,1157207,1,0
50,28,1085611,1,0
50,29,1391062,1,0
50,30,1173887,1,0
50,31,1066155,1,0
50,32,1051506,1,0
50,33,1380070,1,0
50,34,1263382,1,0
50,35,1236730,1,0
50,36,1166345,1,0
50,37,1403616,1,0
50,38,1454999,1,0
50,39,1155745,1,0
50,40,1116020,1,0
50,41,1112193,1,0
50,42,1341757,1,0
50,43,1097908,1,0
50,44,1132473,1,0
50,45,1148977,1,0
50,46,1327700,1,0
50,47,1156162,1,0
50,48,1121295,1,0
50,49,1167709,1,0
50,50,1341994,1,0
50,51,1747803,1,0
50,52,1294656,1,0
50,53,1331990,1,0
50,54,1464726,1,0
50,55,1372537,1,0
50,56,1146754,1,0
50,57,1146400,1,0
50,58,1229478,1,0
50,59,1292755,1,0
51,0,212440,1,0
51,1,626726,1,0
51,2,875733,1,0
51,3,1032711,1,0
51,4,1265261,1,0
51,5,1245437,1,0
51,6,1169218,1,0
51,7,1195255,1,0
51,8,1188865,1,0
51,9,1355790,1,0
51,10,1226104,1,0
51,11,1162216,1,0
51,12,1209615,1,0
51,13,1428574,1,0
51,14,1148463,1,0
51,15,1187142,1,0
51,16,1073763,1,0
51,17,1438975,1,0
51,18,1087864,1,0
51,19,1127949,1,0
51,20,1156182,1,0
51,21,1128051,1,0
51,22,1137147,1,0
51,23,1158217,1,0
51,24,1077235,1,0
51,25,1516246,1,0
51,26,1250206,1,0
51,27,1158261,1,0
51,28,1084046,1,0
51,29,1392082,1,0
51,30,1169969,1,0
51,31,1066716,1,0
51,32,1051966,1,0
51,33,1381662,1,0
51,34,1265371,1,0
51,35,1235364,1,0
51,36,1163371,1,0
51,37,1411853,1,0
51,38,1448769,1,0
51,39,1154805,1,0
51,40,1116810,1,0
51,41,1111660,1,0
51,42,1342490,1,0
51,43,1096808,1,0
51,44,1133545,1,0
51,45,1147757,1,0
51,46,1327392,1,0
51,47,1155683,1,0
51,48,1124139,1,0
51,49,1166304,1,0
51,50,1342468,1,0
51,51,1751199,1,0
51,52,1293259,1,0
51,53,1338813,1,0
51,54,1474538,1,0
51,55,1353932,1,0
51,56,1146530,1,0
51,57,1147530,1,0
51,58,1225544,1,0
51,59,1296077,1,0
52,0,215363,1,0
52,1,629562,1,0
52,2,877986,1,0
52,3,1034776,1,0
52,4,1266841,1,0
52,5,1240702,1,0
52,6,1170680,1,0
52,7,1197483,1,0
52,8,1187884,1,0
52,9,1355431,1,0
52,10,1224638,1,0
52,11,1164283,1,0
52,12,1208682,1,0
52,13,1428284,1,0
52,14,1150046,1,0
52,15,1187489,1,0
52,16,1073188,1,0
52,17,1437635,1,0
52,18,1085725,1,0
52,19,1132013,1,0
52,20,1156665,1,0
52,21,1123713,1,0
52,22,1139542,1,0
52,23,1160393,1,0
52,24,1076603,1,0
52,25,1516347,1,0
52,26,1251502,1,0
52,27,1158243,1,0
52,28,1082657,1,0
52,29,1390653,1,0
52,30,1170626,1,0
52,31,1063418,1,0
52,32,1054212,1,0
52,33,1381880,1,0
52,34,1266647,1,0
52,35,1233710,1,0
52,36,1166937,1,0
52,37,1414101,1,0
52,38,1443823,1,0
52,39,1155316,1,0
52,40,1116641,1,0
52,41,1111123,1,0
52,42,1342764,1,0
52,43,1097962,1,0
52,44,1132201,1,0
52,45,1147895,1,0
52,46,1326147,1,0
52,47,1157516,1,0
52,48,1123075,1,0
52,49,1165582,1,0
52,50,1355771,1,0
52,51,1741267,1,0
52,52,1292878,1,0
52,53,1341181,1,0
52,54,1470347,1,0
52,55,1354645,1,0
52,56,1147306,1,0
52,57,1147342,1,0
52,58,1222938,1,0
52,59,1297313,1,0
53,0,217545,1,0
53,1,631944,1,0
53,2,878621,1,0
53,3,1034839,1,0
53,4,1271220,1,0
53,5,1236714,1,0
53,6,1172606,1,0
53,7,1197984,1,0
53,8,1186355,1,0
53,9,1355755,1,0
53,10,1223928,1,0
53,11,1167711,1,0
53,12,1216537,1,0
53,13,1415658,1,0
53,14,1153378,1,0
53,15,1185207,1,0
53,16,1074475,1,0
53,17,1438061,1,0
53,18,1084498,1,0
53,19,1129099,1,0
53,20,1162357,1,0
53,21,1119440,1,0
53,22,1140852,1,0
53,23,1161706,1,0
53,24,1083441,1,0
53,25,1508014,1,0
53,26,1253928,1,0
53,27,1159515,1,0
53,28,1078945,1,0
53,29,1391096,1,0
53,30,1169570,1,0
53,31,1063644,1,0
53,32,1056505,1,0
53,33,1405929,1,0
53,34,1240284,1,0
53,35,1239871,1,0
53,36,1162325,1,0
53,37,1421641,1,0
53,38,1435371,1,0
53,39,1154843,1,0
53,40,1117026,1,0
53,41,1111320,1,0
53,42,1341559,1,0
53,43,1099979,1,0
53,44,1132440,1,0
53,45,1146245,1,0
53,46,1325221,1,0
53,47,1158721,1,0
53,48,1121055,1,0
53,49,1167297,1,0
53,50,1358392,1,0
53,51,1744757,1,0
53,52,1289658,1,0
53,53,1341731,1,0
53,54,1470631,1,0
53,55,1352168,1,0
53,56,1146261,1,0
53,57,1148534,1,0
53,58,1234798,1,0
53,59,1284125,1,0
54,0,219452,1,0
54,1,634211,1,0
54,2,877978,1,0
54,3,1034309,1,0
54,4,1287605,1,0
54,5,1221612,1,0
54,6,1174506,1,0
54,7,1198696,1,0
54,8,1182241,1,0
54,9,1358378,1,0
54,10,1222336,1,0
54,11,1169047,1,0
54,12,1215970,1,0
54,13,1419805,1,0
54,14,1148634,1,0
54,15,1184906,1,0
54,16,1074841,1,0
54,17,1436930,1,0
54,18,1084041,1,0
54,19,1131252,1,0
54,20,1165625,1,0
54,21,1115228,1,0
54,22,1139961,1,0
54,23,1167132,1,0
54,24,1084210,1,0
54,25,1504830,1,0
54,26,1256090,1,0
54,27,1159175,1,0
54,28,1075213,1,0
54,29,1392763,1,0
54,30,1167287,1,0
54,31,1063437,1,0
54,32,1057820,1,0
54,33,1406431,1,0
54,34,1241372,1,0
54,35,1240919,1,0
54,36,1159733,1,0
54,37,1444654,1,0
54,38,1412867,1,0
54,39,1153530,1,0
54,40,1117836,1,0
54,41,1109651,1,0
54,42,1342670,1,0
54,43,1102688,1,0
54,44,1130262,1,0
54,45,1148487,1,0
54,46,1324114,1,0
54,47,1158134,1,0
54,48,1121734,1,0
54,49,1166078,1,0
54,50,1360066,1,0
54,51,1747388,1,0
54,52,1287380,1,0
54,53,1346920,1,0
54,54,1465607,1,0
54,55,1351335,1,0
54,56,1146554,1,0
54,57,1148287,1,0
54,58,1232117,1,0
54,59,1286054,1,0
55,0,220696,1,0
55,1,635946,1,0
55,2,878982,1,0
55,3,1035864,1,0
55,4,1289567,1,0
55,5,1218613,1,0
55,6,1176869,1,0
55,7,1198074,1,0
55,8,1181623,1,0
55,9,1358552,1,0
55,10,1221538,1,0
55,11,1170451,1,0
55,12,1214028,1,0
55,13,1420014,1,0
55,14,1150035,1,0
55,15,1185259,1,0
55,16,1088543,1,0
55,17,1422028,1,0
55,18,1081225,1,0
55,19,1134149,1,0
55,20,1166820,1,0
55,21,1112817,1,0
55,22,1141001,1,0
55,23,1170666,1,0
55,24,1080944,1,0
55,25,1505149,1,0
55,26,1258462,1,0
55,27,1158653,1,0
55,28,1073624,1,0
55,29,1390601,1,0
55,30,1167262,1,0
55,31,1064605,1,0
55,32,1058811,1,0
55,33,1406893,1,0
55,34,1241231,1,0
55,35,1240634,1,0
55,36,1159960,1,0
55,37,1452155,1,0
55,38,1404993,1,0
55,39,1154356,1,0
55,40,1118257,1,0
55,41,1107133,1,0
55,42,1342910,1,0
55,43,1104613,1,0
55,44,1128909,1,0
55,45,1150421,1,0
55,46,1322653,1,0
55,47,1156409,1,0
55,48,1123994,1,0
55,49,1163064,1,0
55,50,1364871,1,0
55,51,1746381,1,0
55,52,1287632,1,0
55,53,1352573,1,0
55,54,1481824,1,0
55,55,1328113,1,0
55,56,1145861,1,0
55,57,1149036,1,0
55,58,1230817,1,0
55,59,1285128,1,0
56,0,222997,1,0
56,1,638993,1,0
56,2,883239,1,0
56,3,1035922,1,0
56,4,1293339,1,0
56,5,1216645,1,0
56,6,1175292,1,0
56,7,1204964,1,0
56,8,1174790,1,0
56,9,1361412,1,0
56,10,1222477,1,0
56,11,1167956,1,0
56,12,1212432,1,0
56,13,1419348,1,0
56,14,1149280,1,0
56,15,1187405,1,0
56,16,1088589,1,0
56,17,1422760,1,0
56,18,1080515,1,0
56,19,1132772,1,0
56,20,1169985,1,0
56,21,1110308,1,0
56,22,1143325,1,0
56,23,1168748,1,0
56,24,1079622,1,0
56,25,1511428,1,0
56,26,1253768,1,0
56,27,1161618,1,0
56,28,1069433,1,0
56,29,1391416,1,0
56,30,1168237,1,0
56,31,1063232,1,0
56,32,1062149,1,0
56,33,1403409,1,0
56,34,1245826,1,0
56,35,1238321,1,0
56,36,1159554,1,0
56,37,1457738,1,0
56,38,1400248,1,0
56,39,1152489,1,0
56,40,1118698,1,0
56,41,1106688,1,0
56,42,1343888,1,0
56,43,1104984,1,0
56,44,1130551,1,0
56,45,1148312,1,0
56,46,1323107,1,0
56,47,1156200,1,0
56,48,1123378,1,0
56,49,1160953,1,0
56,50,1383641,1,0
56,51,1731730,1,0
56,52,1289099,1,0
56,53,1356693,1,0
56,54,1490371,1,0
56,55,1315014,1,0
56,56,1143070,1,0
56,57,1149630,1,0
56,58,1229993,1,0
56,59,1286201,1,0
57,0,224562,1,0
57,1,644908,1,0
57,2,884447,1,0
57,3,1036275,1,0
57,4,1296586,1,0
57,5,1214590,1,0
57,6,1175115,1,0
57,7,1206008,1,0
57,8,1180346,1,0
57,9,1355496,1,0
57,10,1220710,1,0
57,11,1170949,1,0
57,12,1223741,1,0
57,13,1404271,1,0
57,14,1148189,1,0
57,15,1191684,1,0
57,16,1086510,1,0
57,17,1422447,1,0
57,18,1082810,1,0
57,19,1131868,1,0
57,20,1169757,1,0
57,21,1110193,1,0
57,22,1142713,1,0
57,23,1171428,1,0
57,24,1092023,1,0
57,25,1498480,1,0
57,26,1253025,1,0
57,27,1162120,1,0
57,28,1066914,1,0
57,29,1392095,1,0
57,30,1168018,1,0
57,31,1062962,1,0
57,32,1064855,1,0
57,33,1400033,1,0
57,34,1248335,1,0
57,35,1242735,1,0
57,36,1153285,1,0
57,37,1463441,1,0
57,38,1397117,1,0
57,39,1152233,1,0
57,40,1118745,1,0
57,41,1104039,1,0
57,42,1347636,1,0
57,43,1102871,1,0
57,44,1129724,1,0
57,45,1149511,1,0
57,46,1322589,1,0
57,47,1155974,1,0
57,48,1123277,1,0
57,49,1160301,1,0
57,50,1388152,1,0
57,51,1730324,1,0
57,52,1290746,1,0
57,53,1361654,1,0
57,54,1483488,1,0
57,55,1312220,1,0
57,56,1142572,1,0
57,57,1150309,1,0
57,58,1242639,1,0
57,59,1273383,1,0
58,0,226861,1,0
58,1,647753,1,0
58,2,885145,1,0
58,3,1043977,1,0
58,4,1295518,1,0
58,5,1209454,1,0
58,6,1174365,1,0
58,7,1208048,1,0
58,8,1178288,1,0
58,9,1356494,1,0
58,10,1221507,1,0
58,11,1170246,1,0
58,12,1222450,1,0
58,13,1405040,1,0
58,14,1147310,1,0
58,15,1192949,1,0
58,16,1101511,1,0
58,17,1406360,1,0
58,18,1085383,1,0
58,19,1130492,1,0
58,20,1170277,1,0
58,21,1109757,1,0
58,22,1141275,1,0
58,23,1175387,1,0
58,24,1088523,1,0
58,25,1501248,1,0
58,26,1254245,1,0
58,27,1158636,1,0
58,28,1064512,1,0
58,29,1394011,1,0
58,30,1167856,1,0
58,31,1061625,1,0
58,32,1068497,1,0
58,33,1412910,1,0
58,34,1236125,1,0
58,35,1242176,1,0
58,36,1152684,1,0
58,37,1481751,1,0
58,38,1377165,1,0
58,39,1153667,1,0
58,40,1117126,1,0
58,41,1103342,1,0
58,42,1349664,1,0
58,43,1102234,1,0
58,44,1129487,1,0
58,45,1149731,1,0
58,46,1323511,1,0
58,47,1155385,1,0
58,48,1123758,1,0
58,49,1159564,1,0
58,50,1396342,1,0
58,51,1724529,1,0
58,52,1291937,1,0
58,53,1366092,1,0
58,54,1494612,1,0
58,55,1297839,1,0
58,56,1138738,1,0
58,57,1148066,1,0
58,58,1244877,1,0
58,59,1272680,1,0
59,0,229296,1,0
59,1,651569,1,0
59,2,885005,1,0
59,3,1045410,1,0
59,4,1296262,1,0
59,5,1209806,1,0
59,6,1174163,1,0
59,7,1208897,1,0
59,8,1184956,1,0
59,9,1348681,1,0
59,10,1219878,1,0
59,11,1170885,1,0
59,12,1221595,1,0
59,13,1405941,1,0
59,14,1145513,1,0
59,15,1194334,1,0
59,16,1101873,1,0
59,17,1406014,1,0
59,18,1084857,1,0
59,19,1131407,1,0
59,20,1171141,1,0
59,21,1108212,1,0
59,22,1141997,1,0
59,23,1175858,1,0
59,24,1103114,1,0
59,25,1487516,1,0
59,26,1254606,1,0
59,27,1154863,1,0
59,28,1065914,1,0
59,29,1392865,1,0
59,30,1167531,1,0
59,31,1062520,1,0
59,32,1070491,1,0
59,33,1412077,1,0
59,34,1239744,1,0
59,35,1243776,1,0
59,36,1146960,1,0
59,37,1486653,1,0
59,38,1373830,1,0
59,39,1152721,1,0
59,40,1117954,1,0
59,41,1101275,1,0
59,42,1350208,1,0
59,43,1103671,1,0
59,44,1129521,1,0
59,45,1149508,1,0
59,46,1324854,1,0
59,47,1151811,1,0
59,48,1124212,1,0
59,49,1158502,1,0
59,50,1403485,1,0
59,51,1721441,1,0
59,52,1292558,1,0
59,53,1368663,1,0
59,54,1491903,1,0
59,55,1294315,1,0
59,56,1139853,1,0
59,57,1148216,1,0
59,58,1244564,1,0
59,59,1271798,1,0
60,0,231324,1,0
60,1,660329,1,0
60,2,885216,1,0
60,3,1045737,1,0
60,4,1299323,1,0
60,5,1206207,1,0
60,6,1177432,1,0
60,7,1209545,1,0
60,8,1182127,1,0
60,9,1350651,1,0
60,10,1216811,1,0
60,11,1172959,1,0
60,12,1221038,1,0
60,13,1404884,1,0
60,14,1145024,1,0
60,15,1193999,1,0
60,16,1102040,1,0
60,17,1411486,1,0
60,18,1079563,1,0
60,19,1132448,1,0
60,20,1175353,1,0
60,21,1104015,1,0
60,22,1148190,1,0
60,23,1170401,1,0
60,24,1102837,1,0
60,25,1489632,1,0
60,26,1253641,1,0
60,27,1152136,1,0
60,28,1066097,1,0
60,29,1394671,1,0
60,30,1165061,1,0
60,31,1064369,1,0
60,32,1068640,1,0
60,33,1414729,1,0
60,34,1239598,1,0
60,35,1244085,1,0
60,36,1145141,1,0
60,37,1493780,1,0
60,38,1366402,1,0
60,39,1154742,1,0
60,40,1117027,1,0
60,41,1102913,1,0
60,42,1349282,1,0
60,43,1103299,1,0
60,44,1131285,1,0
60,45,1146752,1,0
60,46,1325686,1,0
60,47,1150765,1,0
60,48,1124969,1,0
60,49,1158049,1,0
60,50,1410161,1,0
60,51,1716388,1,0
60,52,1300265,1,0
60,53,1363714,1,0
60,54,1490601,1,0
60,55,1292542,1,0
60,56,1139208,1,0
60,57,1148753,1,0
60,58,1244272,1,0
60,59,1274439,1,0
61,0,232847,1,0
61,1,663847,1,0
61,2,888569,1,0
61,3,1046379,1,0
61,4,1298424,1,0
61,5,1208084,1,0
61,6,1183854,1,0
61,7,1207593,1,0
61,8,1182607,1,0
61,9,1346113,1,0
61,10,1214741,1,0
61,11,1174330,1,0
61,12,1236077,1,0
61,13,1389015,1,0
61,14,1143985,1,0
61,15,1194630,1,0
61,16,1116415,1,0
61,17,1397728,1,0
61,18,1080218,1,0
61,19,1131659,1,0
61,20,1177124,1,0
61,21,1101282,1,0
61,22,1150334,1,0
61,23,1169676,1,0
61,24,1116528,1,0
61,25,1476528,1,0
61,26,1254225,1,0
61,27,1149928,1,0
61,28,1065346,1,0
61,29,1397186,1,0
61,30,1165398,1,0
61,31,1062700,1,0
61,32,1069988,1,0
61,33,1412325,1,0
61,34,1240710,1,0
61,35,1244882,1,0
61,36,1145070,1,0
61,37,1496391,1,0
61,38,1363290,1,0
61,39,1154910,1,0
61,40,1117448,1,0
61,41,1102563,1,0
61,42,1351361,1,0
61,43,1101863,1,0
61,44,1131157,1,0
61,45,1144996,1,0
61,46,1327046,1,0
61,47,1151624,1,0
61,48,1123733,1,0
61,49,1158595,1,0
61,50,1428899,1,0
61,51,1698845,1,0
61,52,1301596,1,0
61,53,1363073,1,0
61,54,1489754,1,0
61,55,1292094,1,0
61,56,1138945,1,0
61,57,1150254,1,0
61,58,1242670,1,0
61,59,1274266,1,0
62,0,234344,1,0
62,1,667471,1,0
62,2,889405,1,0
62,3,1046755,1,0
62,4,1302352,1,0
62,5,1205618,1,0
62,6,1185077,1,0
62,7,1206966,1,0
62,8,1181968,1,0
62,9,1344475,1,0
62,10,1215580,1,0
62,11,1173971,1,0
62,12,1235490,1,0
62,13,1396996,1,0
62,14,1135211,1,0
62,15,1198276,1,0
62,16,1114111,1,0
62,17,1397848,1,0
62,18,1083178,1,0
62,19,1128928,1,0
62,20,1177955,1,0
62,21,1099444,1,0
62,22,1150754,1,0
62,23,1169484,1,0
62,24,1117137,1,0
62,25,1478915,1,0
62,26,1251062,1,0
62,27,1151785,1,0
62,28,1062909,1,0
62,29,1401354,1,0
62,30,1161939,1,0
62,31,1062143,1,0
62,32,1072199,1,0
62,33,1427819,1,0
62,34,1225179,1,0
62,35,1245265,1,0
62,36,1145849,1,0
62,37,1508544,1,0
62,38,1352503,1,0
62,39,1152380,1,0
62,40,1116780,1,0
62,41,1103387,1,0
62,42,1350602,1,0
62,43,1102237,1,0
62,44,1130475,1,0
62,45,1146393,1,0
62,46,1326304,1,0
62,47,1149416,1,0
62,48,1124304,1,0
62,49,1158816,1,0
62,50,1433770,1,0
62,51,1697682,1,0
62,52,1299695,1,0
62,53,1364399,1,0
62,54,1502146,1,0
62,55,1278616,1,0
62,56,1139586,1,0
62,57,1148148,1,0
62,58,1256175,1,0
62,59,1261806,1,0
63,0,241416,1,0
63,1,671229,1,0
63,2,890156,1,0
63,3,1048061,1,0
63,4,1307117,1,0
63,5,1202912,1,0
63,6,1184037,1,0
63,7,1209607,1,0
63,8,1197656,1,0
63,9,1325563,1,0
63,10,1213291,1,0
63,11,1176350,1,0
63,12,1234875,1,0
63,13,1398843,1,0
63,14,1131735,1,0
63,15,1200155,1,0
63,16,1112438,1,0
63,17,1397978,1,0
63,18,1083018,1,0
63,19,1128279,1,0
63,20,1179950,1,0
63,21,1098350,1,0
63,22,1152179,1,0
63,23,1169346,1,0
63,24,1114600,1,0
63,25,1483492,1,0
63,26,1251096,1,0
63,27,1149681,1,0
63,28,1060658,1,0
63,29,1404926,1,0
63,30,1159029,1,0
63,31,1063433,1,0
63,32,1072519,1,0
63,33,1429544,1,0
63,34,1224801,1,0
63,35,1241846,1,0
63,36,1148730,1,0
63,37,1510937,1,0
63,38,1350989,1,0
63,39,1151731,1,0
63,40,1116452,1,0
63,41,1107232,1,0
63,42,1346442,1,0
63,43,1103140,1,0
63,44,1128451,1,0
63,45,1146976,1,0
63,46,1326587,1,0
63,47,1148762,1,0
63,48,1124267,1,0
63,49,1158970,1,0
63,50,1436300,1,0
63,51,1696696,1,0
63,52,1300079,1,0
63,53,1366011,1,0
63,54,1502253,1,0
63,55,1276989,1,0
63,56,1139117,1,0
63,57,1148113,1,0
63,58,1256681,1,0
63,59,1260272,1,0
64,0,250724,1,0
64,1,673607,1,0
64,2,890328,1,0
64,3,1050865,1,0
64,4,1304275,1,0
64,5,1204065,1,0
64,6,1185933,1,0
64,7,1209750,1,0
64,8,1198866,1,0
64,9,1321665,1,0
64,10,1213641,1,0
64,11,1177028,1,0
64,12,1233819,1,0
64,13,1398954,1,0
64,14,1130721,1,0
64,15,1201372,1,0
64,16,1112960,1,0
64,17,1396581,1,0
64,18,1084257,1,0
64,19,1129971,1,0
64,20,1177505,1,0
64,21,1097235,1,0
64,22,1154814,1,0
64,23,1169076,1,0
64,24,1126916,1,0
64,25,1472958,1,0
64,26,1249730,1,0
64,27,1147799,1,0
64,28,1062195,1,0
64,29,1406377,1,0
64,30,1157222,1,0
64,31,1061643,1,0
64,32,1074385,1,0
64,33,1432093,1,0
64,34,1221791,1,0
64,35,1241913,1,0
64,36,1149004,1,0
64,37,1511627,1,0
64,38,1348418,1,0
64,39,1152844,1,0
64,40,1115249,1,0
64,41,1113470,1,0
64,42,1341882,1,0
64,43,1103761,1,0
64,44,1128105,1,0
64,45,1146541,1,0
64,46,1326512,1,0
64,47,1150599,1,0
64,48,1124253,1,0
64,49,1155871,1,0
64,50,1453926,1,0
64,51,1679922,1,0
64,52,1303415,1,0
64,53,1368001,1,0
64,54,1499614,1,0
64,55,1275983,1,0
64,56,1139349,1,0
64,57,1147233,1,0
64,58,1256290,1,0
64,59,1259490,1,0
65,0,251739,1,0
65,1,678257,1,0
65,2,893487,1,0
65,3,1052240,1,0
65,4,1305895,1,0
65,5,1202313,1,0
65,6,1185820,1,0
65,7,1210874,1,0
65,8,1197045,1,0
65,9,1322489,1,0
65,10,1213692,1,0
65,11,1179118,1,0
65,12,1232234,1,0
65,13,1403225,1,0
65,14,1123120,1,0
65,15,1202735,1,0
65,16,1126945,1,0
65,17,1382395,1,0
65,18,1084551,1,0
65,19,1131932,1,0
65,20,1176889,1,0
65,21,1095062,1,0
65,22,1160085,1,0
65,23,1166172,1,0
65,24,1124028,1,0
65,25,1478660,1,0
65,26,1247386,1,0
65,27,1146002,1,0
65,28,1061492,1,0
65,29,1410681,1,0
65,30,1154428,1,0
65,31,1059661,1,0
65,32,1075084,1,0
65,33,1435661,1,0
65,34,1221531,1,0
65,35,1238903,1,0
65,36,1149160,1,0
65,37,1528440,1,0
65,38,1332643,1,0
65,39,1152744,1,0
65,40,1115707,1,0
65,41,1115144,1,0
65,42,1339551,1,0
65,43,1103736,1,0
65,44,1128905,1,0
65,45,1144798,1,0
65,46,1327895,1,0
65,47,1150955,1,0
65,48,1124868,1,0
65,49,1152326,1,0
65,50,1461114,1,0
65,51,1675441,1,0
65,52,1304638,1,0
65,53,1367066,1,0
65,54,1503434,1,0
65,55,1272566,1,0
65,56,1137499,1,0
65,57,1149244,1,0
65,58,1267896,1,0
65,59,1248117,1,0
66,0,253413,1,0
66,1,681672,1,0
66,2,894484,1,0
66,3,1053941,1,0
66,4,1306735,1,0
66,5,1200696,1,0
66,6,1187795,1,0
66,7,1210585,1,0
66,8,1209937,1,0
66,9,1309166,1,0
66,10,1211345,1,0
66,11,1181768,1,0
66,12,1245914,1,0
66,13,1393185,1,0
66,14,1117398,1,0
66,15,1201716,1,0
66,16,1126861,1,0
66,17,1383786,1,0
66,18,1085840,1,0
66,19,1131181,1,0
66,20,1176907,1,0
66,21,1092972,1,0
66,22,1162680,1,0
66,23,1166674,1,0
66,24,1121343,1,0
66,25,1482930,1,0
66,26,1244933,1,0
66,27,1144493,1,0
66,28,1060793,1,0
66,29,1413028,1,0
66,30,1152500,1,0
66,31,1059028,1,0
66,32,1077657,1,0
66,33,1455819,1,0
66,34,1201075,1,0
66,35,1240561,1,0
66,36,1147850,1,0
66,37,1530069,1,0
66,38,1331742,1,0
66,39,1151697,1,0
66,40,1116628,1,0
66,41,1114164,1,0
66,42,1340962,1,0
66,43,1100694,1,0
66,44,1130910,1,0
66,45,1145657,1,0
66,46,1326457,1,0
66,47,1151952,1,0
66,48,1124992,1,0
66,49,1152498,1,0
66,50,1461831,1,0
66,51,1675116,1,0
66,52,1303461,1,0
66,53,1367009,1,0
66,54,1505494,1,0
66,55,1270935,1,0
66,56,1139064,1,0
66,57,1147726,1,0
66,58,1266786,1,0
66,59,1249164,1,0
67,0,255090,1,0
67,1,683718,1,0
67,2,895921,1,0
67,3,1052545,1,0
67,4,1310778,1,0
67,5,1200569,1,0
67,6,1188278,1,0
67,7,1208195,1,0
67,8,1210394,1,0
67,9,1310295,1,0
67,10,1210923,1,0
67,11,1179735,1,0
67,12,1247798,1,0
67,13,1396233,1,0
67,14,1113770,1,0
67,15,1202039,1,0
67,16,1125516,1,0
67,17,1382921,1,0
67,18,1087544,1,0
67,19,1130761,1,0
67,20,1178562,1,0
67,21,1091880,1,0
67,22,1164762,1,0
67,23,1167056,1,0
67,24,1117748,1,0
67,25,1487282,1,0
67,26,1242103,1,0
67,27,1142098,1,0
67,28,1061537,1,0
67,29,1416826,1,0
67,30,1149411,1,0
67,31,1057485,1,0
67,32,1079943,1,0
67,33,1457415,1,0
67,34,1200750,1,0
67,35,1238313,1,0
67,36,1149483,1,0
67,37,1528817,1,0
67,38,1332995,1,0
67,39,1151946,1,0
67,40,1115299,1,0
67,41,1124613,1,0
67,42,1331165,1,0
67,43,1100615,1,0
67,44,1130742,1,0
67,45,1145624,1,0
67,46,1326134,1,0
67,47,1150204,1,0
67,48,1127347,1,0
67,49,1151738,1,0
67,50,1464333,1,0
67,51,1676075,1,0
67,52,1300473,1,0
67,53,1366682,1,0
67,54,1520954,1,0
67,55,1256936,1,0
67,56,1138877,1,0
67,57,1146194,1,0
67,58,1267328,1,0
67,59,1249934,1,0
68,0,254610,1,0
68,1,688531,1,0
68,2,897083,1,0
68,3,1056126,1,0
68,4,1306624,1,0
68,5,1204421,1,0
68,6,1186524,1,0
68,7,1208847,1,0
68,8,1208471,1,0
68,9,1314261,1,0
68,10,1207091,1,0
68,11,1181149,1,0
68,12,1253791,1,0
68,13,1392016,1,0
68,14,1112737,1,0
68,15,1202481,1,0
68,16,1255181,1,0
68,17,1250549,1,0
68,18,1087389,1,0
68,19,1133102,1,0
68,20,1177907,1,0
68,21,1092937,1,0
68,22,1165326,1,0
68,23,1165181,1,0
68,24,1131251,1,0
68,25,1475279,1,0
68,26,1239003,1,0
68,27,1141179,1,0
68,28,1063712,1,0
68,29,1418388,1,0
68,30,1145886,1,0
68,31,1059047,1,0
68,32,1079077,1,0
68,33,1461643,1,0
68,34,1201325,1,0
68,35,1234575,1,0
68,36,1149229,1,0
68,37,1531899,1,0
68,38,1330972,1,0
68,39,1151725,1,0
68,40,1117668,1,0
68,41,1123827,1,0
68,42,1329088,1,0
68,43,1101931,1,0
68,44,1127787,1,0
68,45,1147570,1,0
68,46,1325184,1,0
68,47,1151938,1,0
68,48,1126085,1,0
68,49,1151464,1,0
68,50,1470489,1,0
68,51,1671453,1,0
68,52,1299952,1,0
68,53,1368458,1,0
68,54,1519585,1,0
68,55,1256054,1,0
68,56,1139139,1,0
68,57,1146288,1,0
68,58,1267001,1,0
68,59,1251353,1,0
69,0,257100,1,0
69,1,691689,1,0
69,2,897310,1,0
69,3,1057044,1,0
69,4,1306523,1,0
69,5,1204568,1,0
69,6,1186781,1,0
69,7,1209724,1,0
69,8,1206265,1,0
69,9,1318425,1,0
69,10,1202743,1,0
69,11,1182643,1,0
69,12,1261515,1,0
69,13,1384647,1,0
69,14,1110759,1,0
69,15,1203059,1,0
69,16,1281634,1,0
69,17,1224788,1,0
69,18,1086792,1,0
69,19,1134132,1,0
69,20,1179218,1,0
69,21,1091177,1,0
69,22,1168241,1,0
69,23,1162013,1,0
69,24,1130622,1,0
69,25,1479370,1,0
69,26,1235718,1,0
69,27,1139700,1,0
69,28,1063507,1,0
69,29,1420329,1,0
69,30,1145670,1,0
69,31,1057201,1,0
69,32,1080146,1,0
69,33,1478350,1,0
69,34,1187459,1,0
69,35,1233165,1,0
69,36,1150132,1,0
69,37,1546251,1,0
69,38,1316155,1,0
69,39,1151329,1,0
69,40,1117859,1,0
69,41,1123548,1,0
69,42,1328715,1,0
69,43,1101570,1,0
69,44,1128909,1,0
69,45,1147286,1,0
69,46,1326053,1,0
69,47,1149628,1,0
69,48,1126601,1,0
69,49,1150723,1,0
69,50,1474491,1,0
69,51,1670679,1,0
69,52,1299096,1,0
69,53,1371734,1,0
69,54,1517434,1,0
69,55,1254293,1,0
69,56,1139448,1,0
69,57,1145453,1,0
69,58,1280130,1,0
69,59,1240046,1,0
70,0,258243,1,0
70,1,693195,1,0
70,2,900009,1,0
70,3,1059257,1,0
70,4,1305788,1,0
70,5,1203921,1,0
70,6,1187010,1,0
70,7,1211340,1,0
70,8,1204785,1,0
70,9,1318429,1,0
70,10,1202341,1,0
70,11,1184017,1,0
70,12,1268896,1,0
70,13,1376447,1,0
70,14,1110396,1,0
70,15,1200591,1,0
70,16,1306582,1,0
70,17,1203137,1,0
70,18,1086299,1,0
70,19,1133130,1,0
70,20,1180444,1,0
70,21,1091156,1,0
70,22,1167973,1,0
70,23,1161081,1,0
70,24,1130648,1,0
70,25,1481186,1,0
70,26,1234008,1,0
70,27,1139973,1,0
70,28,1062773,1,0
70,29,1423779,1,0
70,30,1141589,1,0
70,31,1058285,1,0
70,32,1080314,1,0
70,33,1478576,1,0
70,34,1188190,1,0
70,35,1232328,1,0
70,36,1151183,1,0
70,37,1546339,1,0
70,38,1316525,1,0
70,39,1149407,1,0
70,40,1119425,1,0
70,41,1121771,1,0
70,42,1330946,1,0
70,43,1099942,1,0
70,44,1129341,1,0
70,45,1146103,1,0
70,46,1327533,1,0
70,47,1148965,1,0
70,48,1126801,1,0
70,49,1151303,1,0
70,50,1480138,1,0
70,51,1666911,1,0
70,52,1298509,1,0
70,53,1372390,1,0
70,54,1516221,1,0
70,55,1253535,1,0
70,56,1138742,1,0
70,57,1144581,1,0
70,58,1280557,1,0
70,59,1240895,1,0
71,0,260107,1,0
71,1,693240,1,0
71,2,900873,1,0
71,3,1061836,1,0
71,4,1305322,1,0
71,5,1202744,1,0
71,6,1188341,1,0
71,7,1212129,1,0
71,8,1216740,1,0
71,9,1305586,1,0
71,10,1202093,1,0
71,11,1183662,1,0
71,12,1292264,1,0
71,13,1353468,1,0
71,14,1107943,1,0
71,15,1199820,1,0
71,16,1311001,1,0
71,17,1201537,1,0
71,18,1087706,1,0
71,19,1130689,1,0
71,20,1180301,1,0
71,21,1092958,1,0
71,22,1166479,1,0
71,23,1162336,1,0
71,24,1145698,1,0
71,25,1466694,1,0
71,26,1230509,1,0
71,27,1140277,1,0
71,28,1063000,1,0
71,29,1427679,1,0
71,30,1138198,1,0
71,31,1059563,1,0
71,32,1079370,1,0
71,33,1480931,1,0
71,34,1187444,1,0
71,35,1233095,1,0
71,36,1151874,1,0
71,37,1544875,1,0
71,38,1316035,1,0
71,39,1148670,1,0
71,40,1119111,1,0
71,41,1135841,1,0
71,42,1318909,1,0
71,43,1099016,1,0
71,44,1127820,1,0
71,45,1148425,1,0
71,46,1326878,1,0
71,47,1148074,1,0
71,48,1126709,1,0
71,49,1152049,1,0
71,50,1492382,1,0
71,51,1655705,1,0
71,52,1296061,1,0
71,53,1374986,1,0
71,54,1529480,1,0
71,55,1240044,1,0
71,56,1137319,1,0
71,57,1145590,1,0
71,58,1279719,1,0
71,59,1241036,1,0
72,0,261919,1,0
72,1,695589,1,0
72,2,901622,1,0
72,3,1063424,1,0
72,4,1306876,1,0
72,5,1201471,1,0
72,6,1190535,1,0
72,7,1211573,1,0
72,8,1213954,1,0
72,9,1307776,1,0
72,10,1201521,1,0
72,11,1181025,1,0
72,12,1302918,1,0
72,13,1344329,1,0
72,14,1108648,1,0
72,15,1198564,1,0
72,16,1312124,1,0
72,17,1200602,1,0
72,18,1089441,1,0
72,19,1129032,1,0
72,20,1178128,1,0
72,21,1094591,1,0
72,22,1168986,1,0
72,23,1160135,1,0
72,24,1146375,1,0
72,25,1469322,1,0
72,26,1226170,1,0
72,27,1140429,1,0
72,28,1064675,1,0
72,29,1428362,1,0
72,30,1135450,1,0
72,31,1061087,1,0
72,32,1078912,1,0
72,33,1483008,1,0
72,34,1186486,1,0
72,35,1230737,1,0
72,36,1156118,1,0
72,37,1544404,1,0
72,38,1315155,1,0
72,39,1148848,1,0
72,40,1123783,1,0
72,41,1128521,1,0
72,42,1321352,1,0
72,43,1098650,1,0
72,44,1126360,1,0
72,45,1149596,1,0
72,46,1326067,1,0
72,47,1147323,1,0
72,48,1127832,1,0
72,49,1150477,1,0
72,50,1498259,1,0
72,51,1654131,1,0
72,52,1295858,1,0
72,53,1375510,1,0
72,54,1528791,1,0
72,55,1239386,1,0
72,56,1136931,1,0
72,57,1143476,1,0
72,58,1279678,1,0
72,59,1242954,1,0
73,0,264583,1,0
73,1,695955,1,0
73,2,902039,1,0
73,3,1065535,1,0
73,4,1306183,1,0
73,5,1201684,1,0
73,6,1190529,1,0
73,7,1213071,1,0
73,8,1211109,1,0
73,9,1308770,1,0
73,10,1199856,1,0
73,11,1182306,1,0
73,12,1312081,1,0
73,13,1335093,1,0
73,14,1109578,1,0
73,15,1199156,1,0
73,16,1309503,1,0
73,17,1202579,1,0
73,18,1088598,1,0
73,19,1128784,1,0
73,20,1178023,1,0
73,21,1095213,1,0
73,22,1168536,1,0
73,23,1160661,1,0
73,24,1161449,1,0
73,25,1455654,1,0
73,26,1223492,1,0
73,27,1139456,1,0
73,28,1067597,1,0
73,29,1437975,1,0
73,30,1123229,1,0
73,31,1062521,1,0
73,32,1076842,1,0
73,33,1501869,1,0
73,34,1170472,1,0
73,35,1230235,1,0
73,36,1156235,1,0
73,37,1558161,1,0
73,38,1301939,1,0
73,39,1148280,1,0
73,40,1124724,1,0
73,41,1127873,1,0
73,42,1321071,1,0
73,43,1098698,1,0
73,44,1126877,1,0
73,45,1151134,1,0
73,46,1322610,1,0
73,47,1147483,1,0
73,48,1129804,1,0
73,49,1149126,1,0
73,50,1513805,1,0
73,51,1641160,1,0
73,52,1296597,1,0
73,53,1375531,1,0
73,54,1527390,1,0
73,55,1237726,1,0
73,56,1138288,1,0
73,57,1142811,1,0
73,58,1291006,1,0
73,59,1231828,1,0
74,0,266467,1,0
74,1,698903,1,0
74,2,903905,1,0
74,3,1067306,1,0
74,4,1305635,1,0
74,5,1199975,1,0
74,6,1192299,1,0
74,7,1214929,1,0
74,8,1214345,1,0
74,9,1303254,1,0
74,10,1200734,1,0
74,11,1182379,1,0
74,12,1322121,1,0
74,13,1324856,1,0
74,14,1108909,1,0
74,15,1197622,1,0
74,16,1316638,1,0
74,17,1197355,1,0
74,18,1089256,1,0
74,19,1126776,1,0
74,20,1179460,1,0
74,21,1093634,1,0
74,22,1170955,1,0
74,23,1158986,1,0
74,24,1161550,1,0
74,25,1458952,1,0
74,26,1219678,1,0
74,27,1139750,1,0
74,28,1066126,1,0
74,29,1441283,1,0
74,30,1123203,1,0
74,31,1063276,1,0
74,32,1074501,1,0
74,33,1503968,1,0
74,34,1170494,1,0
74,35,1227476,1,0
74,36,1157285,1,0
74,37,1558813,1,0
74,38,1301506,1,0
74,39,1149081,1,0
74,40,1123388,1,0
74,41,1142471,1,0
74,42,1307517,1,0
74,43,1098721,1,0
74,44,1127700,1,0
74,45,1151836,1,0
74,46,1320773,1,0
74,47,1146379,1,0
74,48,1130720,1,0
74,49,1148099,1,0
74,50,1521733,1,0
74,51,1641782,1,0
74,52,1290959,1,0
74,53,1375384,1,0
74,54,1525332,1,0
74,55,1239780,1,0
74,56,1137392,1,0
74,57,1142447,1,0
74,58,1289413,1,0
74,59,1234626,1,0
75,0,273644,1,0
75,1,699250,1,0
75,2,904161,1,0
75,3,1068507,1,0
75,4,1306704,1,0
75,5,1198494,1,0
75,6,1193875,1,0
75,7,1216312,1,0
75,8,1225741,1,0
75,9,1290122,1,0
75,10,1199416,1,0
75,11,1182124,1,0
75,12,1348045,1,0
75,13,1298340,1,0
75,14,1110662,1,0
75,15,1197602,1,0
75,16,1314798,1,0
75,17,1201407,1,0
75,18,1089507,1,0
75,19,1122738,1,0
75,20,1180141,1,0
75,21,1094979,1,0
75,22,1168218,1,0
75,23,1159229,1,0
75,24,1162360,1,0
75,25,1461473,1,0
75,26,1216568,1,0
75,27,1139639,1,0
75,28,1067284,1,0
75,29,1443798,1,0
75,30,1120150,1,0
75,31,1064718,1,0
75,32,1074425,1,0
75,33,1504723,1,0
75,34,1169864,1,0
75,35,1227687,1,0
75,36,1158856,1,0
75,37,1556316,1,0
75,38,1300588,1,0
75,39,1149834,1,0
75,40,1124476,1,0
75,41,1141853,1,0
75,42,1311096,1,0
75,43,1095827,1,0
75,44,1127420,1,0
75,45,1152377,1,0
75,46,1319609,1,0
75,47,1147933,1,0
75,48,1129455,1,0
75,49,1148439,1,0
75,50,1534893,1,0
75,51,1631245,1,0
75,52,1288987,1,0
75,53,1375099,1,0
75,54,1541834,1,0
75,55,1229044,1,0
75,56,1131899,1,0
75,57,1141150,1,0
75,58,1290013,1,0
75,59,1235361,1,0
76,0,280138,1,0
76,1,700536,1,0
76,2,905622,1,0
76,3,1069885,1,0
76,4,1307862,1,0
76,5,1196984,1,0
76,6,1192503,1,0
76,7,1223273,1,0
76,8,1222030,1,0
76,9,1292084,1,0
76,10,1195943,1,0
76,11,1181873,1,0
76,12,1353476,1,0
76,13,1293863,1,0
76,14,1108714,1,0
76,15,1197590,1,0
76,16,1316954,1,0
76,17,1199767,1,0
76,18,1090027,1,0
76,19,1122809,1,0
76,20,1179068,1,0
76,21,1096041,1,0
76,22,1167172,1,0
76,23,1160554,1,0
76,24,1183026,1,0
76,25,1443111,1,0
76,26,1214627,1,0
76,27,1136482,1,0
76,28,1068774,1,0
76,29,1449248,1,0
76,30,1114358,1,0
76,31,1071993,1,0
76,32,1067579,1,0
76,33,1507491,1,0
76,34,1170381,1,0
76,35,1225572,1,0
76,36,1156763,1,0
76,37,1559080,1,0
76,38,1299280,1,0
76,39,1150682,1,0
76,40,1123427,1,0
76,41,1144077,1,0
76,42,1306646,1,0
76,43,1099013,1,0
76,44,1126233,1,0
76,45,1153375,1,0
76,46,1321900,1,0
76,47,1146266,1,0
76,48,1128323,1,0
76,49,1147895,1,0
76,50,1539069,1,0
76,51,1630491,1,0
76,52,1287984,1,0
76,53,1375688,1,0
76,54,1540744,1,0
76,55,1229398,1,0
76,56,1131998,1,0
76,57,1139444,1,0
76,58,1290287,1,0
76,59,1235648,1,0
77,0,289238,1,0
77,1,702530,1,0
77,2,906923,1,0
77,3,1072095,1,0
77,4,1306308,1,0
77,5,1198620,1,0
77,6,1190870,1,0
77,7,1225757,1,0
77,8,1218284,1,0
77,9,1294597,1,0
77,10,1194066,1,0
77,11,1182246,1,0
77,12,1358190,1,0
77,13,1289650,1,0
77,14,1108187,1,0
77,15,1195219,1,0
77,16,1320996,1,0
77,17,1199000,1,0
77,18,1094487,1,0
77,19,1119901,1,0
77,20,1174825,1,0
77,21,1096434,1,0
77,22,1168473,1,0
77,23,1158592,1,0
77,24,1198630,1,0
77,25,1429851,1,0
77,26,1213663,1,0
77,27,1135980,1,0
77,28,1069315,1,0
77,29,1450010,1,0
77,30,1113906,1,0
77,31,1072921,1,0
77,32,1066389,1,0
77,33,1530311,1,0
77,34,1148189,1,0
77,35,1226318,1,0
77,36,1155854,1,0
77,37,1560849,1,0
77,38,1295711,1,0
77,39,1152210,1,0
77,40,1125862,1,0
77,41,1152139,1,0
77,42,1296433,1,0
77,43,1100063,1,0
77,44,1125150,1,0
77,45,1154571,1,0
77,46,1322257,1,0
77,47,1146313,1,0
77,48,1127192,1,0
77,49,1147250,1,0
77,50,1550892,1,0
77,51,1621725,1,0
77,52,1286952,1,0
77,53,1375014,1,0
77,54,1540526,1,0
77,55,1230588,1,0
77,56,1130699,1,0
77,57,1138696,1,0
77,58,1317293,1,0
77,59,1210023,1,0
78,0,300626,1,0
78,1,707288,1,0
78,2,908270,1,0
78,3,1073611,1,0
78,4,1306928,1,0
78,5,1200930,1,0
78,6,1188826,1,0
78,7,1228811,1,0
78,8,1214023,1,0
78,9,1296324,1,0
78,10,1192553,1,0
78,11,1180599,1,0
78,12,1365934,1,0
78,13,1283991,1,0
78,14,1109445,1,0
78,15,1191770,1,0
78,16,1324710,1,0
78,17,1197595,1,0
78,18,1093874,1,0
78,19,1120640,1,0
78,20,1176275,1,0
78,21,1094453,1,0
78,22,1169302,1,0
78,23,1158081,1,0
78,24,1197267,1,0
78,25,1431335,1,0
78,26,1211737,1,0
78,27,1135798,1,0
78,28,1068929,1,0
78,29,1452483,1,0
78,30,1115139,1,0
78,31,1072927,1,0
78,32,1064314,1,0
78,33,1531083,1,0
78,34,1149216,1,0
78,35,1225229,1,0
78,36,1156785,1,0
78,37,1594043,1,0
78,38,1261582,1,0
78,39,1151037,1,0
78,40,1126320,1,0
78,41,1152724,1,0
78,42,1295302,1,0
78,43,1102405,1,0
78,44,1124962,1,0
78,45,1152073,1,0
78,46,1324268,1,0
78,47,1146606,1,0
78,48,1127272,1,0
78,49,1146565,1,0
78,50,1556911,1,0
78,51,1620460,1,0
78,52,1283186,1,0
78,53,1375695,1,0
78,54,1539703,1,0
78,55,1230357,1,0
78,56,1130794,1,0
78,57,1138361,1,0
78,58,1317606,1,0
78,59,1210208,1,0
79,0,310402,1,0
79,1,707952,1,0
79,2,914467,1,0
79,3,1074812,1,0
79,4,1306332,1,0
79,5,1202131,1,0
79,6,1187154,1,0
79,7,1232057,1,0
79,8,1221788,1,0
79,9,1287750,1,0
79,10,1190590,1,0
79,11,1180860,1,0
79,12,1368007,1,0
79,13,1283792,1,0
79,14,1107098,1,0
79,15,1191266,1,0
79,16,1331344,1,0
79,17,1190978,1,0
79,18,1092289,1,0
79,19,1122741,1,0
79,20,1176970,1,0
79,21,1095107,1,0
79,22,1170139,1,0
79,23,1154631,1,0
79,24,1200095,1,0
79,25,1432074,1,0
79,26,1210358,1,0
79,27,1135121,1,0
79,28,1068672,1,0
79,29,1452981,1,0
79,30,1115007,1,0
79,31,1075908,1,0
79,32,1061862,1,0
79,33,1530512,1,0
79,34,1149337,1,0
79,35,1224881,1,0
79,36,1157623,1,0
79,37,1593704,1,0
79,38,1262882,1,0
79,39,1149416,1,0
79,40,1126950,1,0
79,41,1152482,1,0
79,42,1296005,1,0
79,43,1102387,1,0
79,44,1124781,1,0
79,45,1153136,1,0
79,46,1323217,1,0
79,47,1147941,1,0
79,48,1124926,1,0
79,49,1147359,1,0
79,50,1566194,1,0
79,51,1613533,1,0
79,52,1282908,1,0
79,53,1374197,1,0
79,54,1539999,1,0
79,55,1229869,1,0
79,56,1129525,1,0
79,57,1139333,1,0
79,58,1317176,1,0
79,59,1212193,1,0
80,0,322512,1,0
80,1,709194,1,0
80,2,914266,1,0
80,3,1075316,1,0
80,4,1310911,1,0
80,5,1197971,1,0
80,6,1187574,1,0
80,7,1234258,1,0
80,8,1222561,1,0
80,9,1284278,1,0
80,10,1189246,1,0
80,11,1181856,1,0
80,12,1384149,1,0
80,13,1269758,1,0
80,14,1107620,1,0
80,15,1188937,1,0
80,16,1334317,1,0
80,17,1189451,1,0
80,18,1091506,1,0
80,19,1122238,1,0
80,20,1176186,1,0
80,21,1099034,1,0
80,22,1168191,1,0
80,23,1153698,1,0
80,24,1216181,1,0
80,25,1418235,1,0
80,26,1206413,1,0
80,27,1135138,1,0
80,28,1073307,1,0
80,29,1452490,1,0
80,30,1110984,1,0
80,31,1078985,1,0
80,32,1060963,1,0
80,33,1545836,1,0
80,34,1134701,1,0
80,35,1225391,1,0
80,36,1156401,1,0
80,37,1592638,1,0
80,38,1262644,1,0
80,39,1149783,1,0
80,40,1127520,1,0
80,41,1151857,1,0
80,42,1297985,1,0
80,43,1100500,1,0
80,44,1124836,1,0
80,45,1152189,1,0
80,46,1324842,1,0
80,47,1147026,1,0
80,48,1124827,1,0
80,49,1148351,1,0
80,50,1573560,1,0
80,51,1610613,1,0
80,52,1279034,1,0
80,53,1374703,1,0
80,54,1552834,1,0
80,55,1216682,1,0
80,56,1131096,1,0
80,57,1137638,1,0
80,58,1339689,1,0
80,59,1190613,1,0
81,0,331646,1,0
81,1,708328,1,0
81,2,915171,1,0
81,3,1083371,1,0
81,4,1308999,1,0
81,5,1193915,1,0
81,6,1186773,1,0
81,7,1238897,1,0
81,8,1218390,1,0
81,9,1285483,1,0
81,10,1187400,1,0
81,11,1179643,1,0
81,12,1389321,1,0
81,13,1266925,1,0
81,14,1105207,1,0
81,15,1190423,1,0
81,16,1340080,1,0
81,17,1188017,1,0
81,18,1087296,1,0
81,19,1120953,1,0
81,20,1177252,1,0
81,21,1099307,1,0
81,22,1169334,1,0
81,23,1152460,1,0
81,24,1216250,1,0
81,25,1420060,1,0
81,26,1205616,1,0
81,27,1132394,1,0
81,28,1075149,1,0
81,29,1453112,1,0
81,30,1113259,1,0
81,31,1076486,1,0
81,32,1062626,1,0
81,33,1544297,1,0
81,34,1136509,1,0
81,35,1223349,1,0
81,36,1155592,1,0
81,37,1595450,1,0
81,38,1260523,1,0
81,39,1150016,1,0
81,40,1129265,1,0
81,41,1160395,1,0
81,42,1287751,1,0
81,43,1101939,1,0
81,44,1123441,1,0
81,45,1150417,1,0
81,46,1329705,1,0
81,47,1143943,1,0
81,48,1124934,1,0
81,49,1148206,1,0
81,50,1584008,1,0
81,51,1605086,1,0
81,52,1274734,1,0
81,53,1375673,1,0
81,54,1549863,1,0
81,55,1218780,1,0
81,56,1131092,1,0
81,57,1136998,1,0
81,58,1342927,1,0
81,59,1188432,1,0
82,0,827701,1,0
82,1,708658,1,0
82,2,915215,1,0
82,3,1086099,1,0
82,4,1307743,1,0
82,5,1192576,1,0
82,6,1187584,1,0
82,7,1240729,1,0
82,8,1215078,1,0
82,9,1289425,1,0
82,10,1186952,1,0
82,11,1176369,1,0
82,12,1393032,1,0
82,13,1264593,1,0
82,14,1104271,1,0
82,15,1189909,1,0
82,16,1340615,1,0
82,17,1189843,1,0
82,18,1085321,1,0
82,19,1122548,1,0
82,20,1177615,1,0
82,21,1099348,1,0
82,22,1168706,1,0
82,23,1150619,1,0
82,24,1215798,1,0
82,25,1420870,1,0
82,26,1206358,1,0
82,27,1132139,1,0
82,28,1076228,1,0
82,29,1451802,1,0
82,30,1116196,1,0
82,31,1073050,1,0
82,32,1067209,1,0
82,33,1541848,1,0
82,34,1139642,1,0
82,35,1219843,1,0
82,36,1155352,1,0
82,37,1609597,1,0
82,38,1246253,1,0
82,39,1150153,1,0
82,40,1129924,1,0
82,41,1159672,1,0
82,42,1287211,1,0
82,43,1101175,1,0
82,44,1123462,1,0
82,45,1151993,1,0
82,46,1329436,1,0
82,47,1143563,1,0
82,48,1125134,1,0
82,49,1149006,1,0
82,50,1595273,1,0
82,51,1594178,1,0
82,52,1274669,1,0
82,53,1378368,1,0
82,54,1545966,1,0
82,55,1220287,1,0
82,56,1130399,1,0
82,57,1136556,1,0
82,58,1345202,1,0
82,59,1186506,1,0
83,0,361253,1,0
83,1,709235,1,0
83,2,920643,1,0
83,3,1087625,1,0
83,4,1311608,1,0
83,5,1188137,1,0
83,6,1187713,1,0
83,7,1242725,1,0
83,8,1210540,1,0
83,9,1294563,1,0
83,10,1185441,1,0
83,11,1174228,1,0
83,12,1397120,1,0
83,13,1262610,1,0
83,14,1101549,1,0
83,15,1190857,1,0
83,16,1340258,1,0
83,17,1191005,1,0
83,18,1085983,1,0
83,19,1120920,1,0
83,20,1177884,1,0
83,21,1101112,1,0
83,22,1167885,1,0
83,23,1147987,1,0
83,24,1220845,1,0
83,25,1419483,1,0
83,26,1204138,1,0
83,27,1131951,1,0
83,28,1076455,1,0
83,29,1453585,1,0
83,30,1117173,1,0
83,31,1070668,1,0
83,32,1068326,1,0
83,33,1553925,1,0
83,34,1128595,1,0
83,35,1218605,1,0
83,36,1154645,1,0
83,37,1610499,1,0
83,38,1246839,1,0
83,39,1148948,1,0
83,40,1130380,1,0
83,41,1160973,1,0
83,42,1283682,1,0
83,43,1102451,1,0
83,44,1124100,1,0
83,45,1152846,1,0
83,46,1329176,1,0
83,47,1144330,1,0
83,48,1123562,1,0
83,49,1147912,1,0
83,50,1609016,1,0
83,51,1583739,1,0
83,52,1272960,1,0
83,53,1378295,1,0
83,54,1545795,1,0
83,55,1220887,1,0
83,56,1131033,1,0
83,57,1136786,1,0
83,58,1358429,1,0
83,59,1170728,1,0
84,0,369984,1,0
84,1,709670,1,0
84,2,920697,1,0
84,3,1088845,1,0
84,4,1312206,1,0
84,5,1184941,1,0
84,6,1190656,1,0
84,7,1243550,1,0
84,8,1208741,1,0
84,9,1293801,1,0
84,10,1185064,1,0
84,11,1183162,1,0
84,12,1391102,1,0
84,13,1259733,1,0
84,14,1102482,1,0
84,15,1188508,1,0
84,16,1345201,1,0
84,17,1187781,1,0
84,18,1087612,1,0
84,19,1128354,1,0
84,20,1167909,1,0
84,21,1104954,1,0
84,22,1171842,1,0
84,23,1140652,1,0
84,24,1222661,1,0
84,25,1419031,1,0
84,26,1202765,1,0
84,27,1132974,1,0
84,28,1076013,1,0
84,29,1456207,1,0
84,30,1115254,1,0
84,31,1073210,1,0
84,32,1066533,1,0
84,33,1554875,1,0
84,34,1130540,1,0
84,35,1216006,1,0
84,36,1155965,1,0
84,37,1609019,1,0
84,38,1245603,1,0
84,39,1148549,1,0
84,40,1131578,1,0
84,41,1160926,1,0
84,42,1283625,1,0
84,43,1099909,1,0
84,44,1126269,1,0
84,45,1153455,1,0
84,46,1328870,1,0
84,47,1145399,1,0
84,48,1122259,1,0
84,49,1148181,1,0
84,50,1623036,1,0
84,51,1571762,1,0
84,52,1272563,1,0
84,53,1376505,1,0
84,54,1545880,1,0
84,55,1220728,1,0
84,56,1130764,1,0
84,57,1136915,1,0
84,58,1359176,1,0
84,59,1170735,1,0
85,0,379210,1,0
85,1,710850,1,0
85,2,921250,1,0
85,3,1091091,1,0
85,4,1313389,1,0
85,5,1182540,1,0
85,6,1189754,1,0
85,7,1248923,1,0
85,8,1218451,1,0
85,9,1281500,1,0
85,10,1183058,1,0
85,11,1184119,1,0
85,12,1410545,1,0
85,13,1240946,1,0
85,14,1100548,1,0
85,15,1189595,1,0
85,16,1349376,1,0
85,17,1183917,1,0
85,18,1087128,1,0
85,19,1127431,1,0
85,20,1168245,1,0
85,21,1105837,1,0
85,22,1170258,1,0
85,23,1141621,1,0
85,24,1229353,1,0
85,25,1413173,1,0
85,26,1202615,1,0
85,27,1130862,1,0
85,28,1078440,1,0
85,29,1455921,1,0
85,30,1115012,1,0
85,31,1073355,1,0
85,32,1068648,1,0
85,33,1551718,1,0
85,34,1132309,1,0
85,35,1215051,1,0
85,36,1156161,1,0
85,37,1609645,1,0
85,38,1245929,1,0
85,39,1148098,1,0
85,40,1131560,1,0
85,41,1161774,1,0
85,42,1282856,1,0
85,43,1100493,1,0
85,44,1125567,1,0
85,45,1153363,1,0
85,46,1331315,1,0
85,47,1142005,1,0
85,48,1122908,1,0
85,49,1147662,1,0
85,50,1633887,1,0
85,51,1563791,1,0
85,52,1270500,1,0
85,53,1376772,1,0
85,54,1555883,1,0
85,55,1208344,1,0
85,56,1132577,1,0
85,57,1137542,1,0
85,58,1359864,1,0
85,59,1169245,1,0
86,0,384189,1,0
86,1,712148,1,0
86,2,922490,1,0
86,3,1093526,1,0
86,4,1313250,1,0
86,5,1181972,1,0
86,6,1190170,1,0
86,7,1248089,1,0
86,8,1217540,1,0
86,9,1282480,1,0
86,10,1183324,1,0
86,11,1183228,1,0
86,12,1416276,1,0
86,13,1235041,1,0
86,14,1100898,1,0
86,15,1187481,1,0
86,16,1352840,1,0
86,17,1181851,1,0
86,18,1089152,1,0
86,19,1127100,1,0
86,20,1165852,1,0
86,21,1106689,1,0
86,22,1169244,1,0
86,23,1147188,1,0
86,24,1223356,1,0
86,25,1416292,1,0
86,26,1201217,1,0
86,27,1130369,1,0
86,28,1080779,1,0
86,29,1455304,1,0
86,30,1114393,1,0
86,31,1072636,1,0
86,32,1069648,1,0
86,33,1550774,1,0
86,34,1133459,1,0
86,35,1215031,1,0
86,36,1155325,1,0
86,37,1645559,1,0
86,38,1210611,1,0
86,39,1147753,1,0
86,40,1132675,1,0
86,41,1171472,1,0
86,42,1272686,1,0
86,43,1099877,1,0
86,44,1126462,1,0
86,45,1153713,1,0
86,46,1331911,1,0
86,47,1139133,1,0
86,48,1124217,1,0
86,49,1147949,1,0
86,50,1647022,1,0
86,51,1551912,1,0
86,52,1269598,1,0
86,53,1378997,1,0
86,54,1554051,1,0
86,55,1208234,1,0
86,56,1131432,1,0
86,57,1138529,1,0
86,58,1367580,1,0
86,59,1160038,1,0
87,0,386370,1,0
87,1,712754,1,0
87,2,922815,1,0
87,3,1094671,1,0
87,4,1313353,1,0
87,5,1180406,1,0
87,6,1190933,1,0
87,7,1250650,1,0
87,8,1213588,1,0
87,9,1286024,1,0
87,10,1181293,1,0
87,11,1183320,1,0
87,12,1418567,1,0
87,13,1233832,1,0
87,14,1100951,1,0
87,15,1184606,1,0
87,16,1354884,1,0
87,17,1181095,1,0
87,18,1090183,1,0
87,19,1128126,1,0
87,20,1164702,1,0
87,21,1105661,1,0
87,22,1170337,1,0
87,23,1147688,1,0
87,24,1221173,1,0
87,25,1421577,1,0
87,26,1197675,1,0
87,27,1133081,1,0
87,28,1078058,1,0
87,29,1453418,1,0
87,30,1116005,1,0
87,31,1070535,1,0
87,32,1071792,1,0
87,33,1551371,1,0
87,34,1134044,1,0
87,35,1212315,1,0
87,36,1157941,1,0
87,37,1656126,1,0
87,38,1200162,1,0
87,39,1145036,1,0
87,40,1132257,1,0
87,41,1175979,1,0
87,42,1271499,1,0
87,43,1099038,1,0
87,44,1127163,1,0
87,45,1152543,1,0
87,46,1332772,1,0
87,47,1137231,1,0
87,48,1126978,1,0
87,49,1146835,1,0
87,50,1661293,1,0
87,51,1538547,1,0
87,52,1268242,1,0
87,53,1379908,1,0
87,54,1552981,1,0
87,55,1209079,1,0
87,56,1130979,1,0
87,57,1136975,1,0
87,58,1371060,1,0
87,59,1157944,1,0
88,0,389434,1,0
88,1,713931,1,0
88,2,926261,1,0
88,3,1094496,1,0
88,4,1314283,1,0
88,5,1180938,1,0
88,6,1192911,1,0
88,7,1247405,1,0
88,8,1231115,1,0
88,9,1269397,1,0
88,10,1179724,1,0
88,11,1189257,1,0
88,12,1433061,1,0
88,13,1216049,1,0
88,14,1100275,1,0
88,15,1184019,1,0
88,16,1357590,1,0
88,17,1179893,1,0
88,18,1090176,1,0
88,19,1124346,1,0
88,20,1165830,1,0
88,21,1106823,1,0
88,22,1169368,1,0
88,23,1147825,1,0
88,24,1220803,1,0
88,25,1424501,1,0
88,26,1197291,1,0
88,27,1133256,1,0
88,28,1074565,1,0
88,29,1454637,1,0
88,30,1117463,1,0
88,31,1069840,1,0
88,32,1072958,1,0
88,33,1560164,1,0
88,34,1130019,1,0
88,35,1205960,1,0
88,36,1160928,1,0
88,37,1654877,1,0
88,38,1200691,1,0
88,39,1144137,1,0
88,40,1131864,1,0
88,41,1177093,1,0
88,42,1270152,1,0
88,43,1098067,1,0
88,44,1130654,1,0
88,45,1150226,1,0
88,46,1333817,1,0
88,47,1137021,1,0
88,48,1126888,1,0
88,49,1146136,1,0
88,50,1674821,1,0
88,51,1527221,1,0
88,52,1269290,1,0
88,53,1377302,1,0
88,54,1552731,1,0
88,55,1207883,1,0
88,56,1131373,1,0
88,57,1138063,1,0
88,58,1371413,1,0
88,59,1155877,1,0
89,0,395961,1,0
89,1,715611,1,0
89,2,927278,1,0
89,3,1094657,1,0
89,4,1318650,1,0
89,5,1184854,1,0
89,6,1187550,1,0
89,7,1245659,1,0
89,8,1231481,1,0
89,9,1270204,1,0
89,10,1178714,1,0
89,11,1189086,1,0
89,12,1434224,1,0
89,13,1213951,1,0
89,14,1100065,1,0
89,15,1184664,1,0
89,16,1357752,1,0
89,17,1179888,1,0
89,18,1091105,1,0
89,19,1123032,1,0
89,20,1166235,1,0
89,21,1112512,1,0
89,22,1163461,1,0
89,23,1148948,1,0
89,24,1219929,1,0
89,25,1423743,1,0
89,26,1203791,1,0
89,27,1126527,1,0
89,28,1074542,1,0
89,29,1456013,1,0
89,30,1117461,1,0
89,31,1066967,1,0
89,32,1074993,1,0
89,33,1561158,1,0
89,34,1132757,1,0
89,35,1203042,1,0
89,36,1160952,1,0
89,37,1660301,1,0
89,38,1195138,1,0
89,39,1143831,1,0
89,40,1132253,1,0
89,41,1177851,1,0
89,42,1267434,1,0
89,43,1099955,1,0
89,44,1130027,1,0
89,45,1151958,1,0
89,46,1333039,1,0
89,47,1135311,1,0
89,48,1128193,1,0
89,49,1146676,1,0
89,50,1688465,1,0
89,51,1514013,1,0
89,52,1269858,1,0
89,53,1377327,1,0
89,54,1553433,1,0
89,55,1205790,1,0
89,56,1130897,1,0
89,57,1138249,1,0
89,58,1371846,1,0
89,59,1156093,1,0
90,0,399525,1,0
90,1,717334,1,0
90,2,929411,1,0
90,3,1095040,1,0
90,4,1318858,1,0
90,5,1194602,1,0
90,6,1178787,1,0
90,7,1244338,1,0
90,8,1233003,1,0
90,9,1270023,1,0
90,10,1175758,1,0
90,11,1191027,1,0
90,12,1436793,1,0
90,13,1210713,1,0
90,14,1101457,1,0
90,15,1183004,1,0
90,16,1360947,1,0
90,17,1175922,1,0
90,18,1093161,1,0
90,19,1123560,1,0
90,20,1165407,1,0
90,21,1112948,1,0
90,22,1162419,1,0
90,23,1149348,1,0
90,24,1234647,1,0
90,25,1409931,1,0
90,26,1202823,1,0
90,27,1127363,1,0
90,28,1073337,1,0
90,29,1461659,1,0
90,30,1112963,1,0
90,31,1066470,1,0
90,32,1074312,1,0
90,33,1562304,1,0
90,34,1133796,1,0
90,35,1201572,1,0
90,36,1161822,1,0
90,37,1663677,1,0
90,38,1190401,1,0
90,39,1146248,1,0
90,40,1132513,1,0
90,41,1177023,1,0
90,42,1265792,1,0
90,43,1102783,1,0
90,44,1127955,1,0
90,45,1153615,1,0
90,46,1333100,1,0
90,47,1132091,1,0
90,48,1131108,1,0
90,49,1145421,1,0
90,50,1703483,1,0
90,51,1499246,1,0
90,52,1273210,1,0
90,53,1374379,1,0
90,54,1555311,1,0
90,55,1201236,1,0
90,56,1132562,1,0
90,57,1138855,1,0
90,58,1371988,1,0
90,59,1156941,1,0
91,0,402406,1,0
91,1,720115,1,0
91,2,929541,1,0
91,3,1097055,1,0
91,4,1318065,1,0
91,5,1195553,1,0
91,6,1177977,1,0
91,7,1242600,1,0
91,8,1236454,1,0
91,9,1268855,1,0
91,10,1173933,1,0
91,11,1192477,1,0
91,12,1454889,1,0
91,13,1192095,1,0
91,14,1102490,1,0
91,15,1179833,1,0
91,16,1363987,1,0
91,17,1175354,1,0
91,18,1092009,1,0
91,19,1123873,1,0
91,20,1166947,1,0
91,21,1112402,1,0
91,22,1161186,1,0
91,23,1149378,1,0
91,24,1234329,1,0
91,25,1412246,1,0
91,26,1201354,1,0
91,27,1128679,1,0
91,28,1073183,1,0
91,29,1462276,1,0
91,30,1112044,1,0
91,31,1066665,1,0
91,32,1074187,1,0
91,33,1560757,1,0
91,34,1137803,1,0
91,35,1199222,1,0
91,36,1159944,1,0
91,37,1664203,1,0
91,38,1191048,1,0
91,39,1146564,1,0
91,40,1131799,1,0
91,41,1191687,1,0
91,42,1249838,1,0
91,43,1104302,1,0
91,44,1128605,1,0
91,45,1163467,1,0
91,46,1322835,1,0
91,47,1130681,1,0
91,48,1133678,1,0
91,49,1144831,1,0
91,50,1710354,1,0
91,51,1493866,1,0
91,52,1274214,1,0
91,53,1373177,1,0
91,54,1556963,1,0
91,55,1197822,1,0
91,56,1132664,1,0
91,57,1138953,1,0
91,58,1371602,1,0
91,59,1158295,1,0
92,0,403790,1,0
92,1,722531,1,0
92,2,931634,1,0
92,3,1097621,1,0
92,4,1320118,1,0
92,5,1196593,1,0
92,6,1176116,1,0
92,7,1241612,1,0
92,8,1253660,1,0
92,9,1256577,1,0
92,10,1167468,1,0
92,11,1196473,1,0
92,12,1452402,1,0
92,13,1191016,1,0
92,14,1102483,1,0
92,15,1180066,1,0
92,16,1365744,1,0
92,17,1175612,1,0
92,18,1090964,1,0
92,19,1121917,1,0
92,20,1169050,1,0
92,21,1110798,1,0
92,22,1162244,1,0
92,23,1148853,1,0
92,24,1235244,1,0
92,25,1413239,1,0
92,26,1198728,1,0
92,27,1129675,1,0
92,28,1095807,1,0
92,29,1440745,1,0
92,30,1111452,1,0
92,31,1063745,1,0
92,32,1078894,1,0
92,33,1559350,1,0
92,34,1137877,1,0
92,35,1198636,1,0
92,36,1160383,1,0
92,37,1664324,1,0
92,38,1192760,1,0
92,39,1143668,1,0
92,40,1132330,1,0
92,41,1195966,1,0
92,42,1245282,1,0
92,43,1104594,1,0
92,44,1129798,1,0
92,45,1163833,1,0
92,46,1322114,1,0
92,47,1128509,1,0
92,48,1136214,1,0
92,49,1144676,1,0
92,50,1717560,1,0
92,51,1486336,1,0
92,52,1278344,1,0
92,53,1371142,1,0
92,54,1563151,1,0
92,55,1189189,1,0
92,56,1133564,1,0
92,57,1140809,1,0
92,58,1370694,1,0
92,59,1157144,1,0
93,0,405694,1,0
93,1,724268,1,0
93,2,932261,1,0
93,3,1098895,1,0
93,4,1320629,1,0
93,5,1198400,1,0
93,6,1174279,1,0
93,7,1239725,1,0
93,8,1257474,1,0
93,9,1255372,1,0
93,10,1165432,1,0
93,11,1198292,1,0
93,12,1449758,1,0
93,13,1192519,1,0
93,14,1101926,1,0
93,15,1179287,1,0
93,16,1368557,1,0
93,17,1171666,1,0
93,18,1092749,1,0
93,19,1123037,1,0
93,20,1165989,1,0
93,21,1112675,1,0
93,22,1160853,1,0
93,23,1150674,1,0
93,24,1247446,1,0
93,25,1402030,1,0
93,26,1197074,1,0
93,27,1130291,1,0
93,28,1096601,1,0
93,29,1441345,1,0
93,30,1109979,1,0
93,31,1063477,1,0
93,32,1079045,1,0
93,33,1559370,1,0
93,34,1138372,1,0
93,35,1198273,1,0
93,36,1161198,1,0
93,37,1664576,1,0
93,38,1191901,1,0
93,39,1143245,1,0
93,40,1132235,1,0
93,41,1196900,1,0
93,42,1246002,1,0
93,43,1103954,1,0
93,44,1130424,1,0
93,45,1174344,1,0
93,46,1309990,1,0
93,47,1129304,1,0
93,48,1135056,1,0
93,49,1147091,1,0
93,50,1724647,1,0
93,51,1487303,1,0
93,52,1273503,1,0
93,53,1371518,1,0
93,54,1560488,1,0
93,55,1185325,1,0
93,56,1135173,1,0
93,57,1141496,1,0
93,58,1370092,1,0
93,59,1158094,1,0
94,0,413272,1,0
94,1,725722,1,0
94,2,933690,1,0
94,3,1100860,1,0
94,4,1320234,1,0
94,5,1199255,1,0
94,6,1173891,1,0
94,7,1238941,1,0
94,8,1258000,1,0
94,9,1254811,1,0
94,10,1164225,1,0
94,11,1199440,1,0
94,12,1449235,1,0
94,13,1194208,1,0
94,14,1100747,1,0
94,15,1180342,1,0
94,16,1382499,1,0
94,17,1156758,1,0
94,18,1092569,1,0
94,19,1122340,1,0
94,20,1165373,1,0
94,21,1112019,1,0
94,22,1159873,1,0
94,23,1152210,1,0
94,24,1248272,1,0
94,25,1401966,1,0
94,26,1198781,1,0
94,27,1127685,1,0
94,28,1098643,1,0
94,29,1443744,1,0
94,30,1105616,1,0
94,31,1063529,1,0
94,32,1080405,1,0
94,33,1558990,1,0
94,34,1139707,1,0
94,35,1196569,1,0
94,36,1162620,1,0
94,37,1663832,1,0
94,38,1192456,1,0
94,39,1142401,1,0
94,40,1132356,1,0
94,41,1197371,1,0
94,42,1243881,1,0
94,43,1106161,1,0
94,44,1130614,1,0
94,45,1175911,1,0
94,46,1309676,1,0
94,47,1126308,1,0
94,48,1135658,1,0
94,49,1148356,1,0
94,50,1729258,1,0
94,51,1481966,1,0
94,52,1277828,1,0
94,53,1370105,1,0
94,54,1559547,1,0
94,55,1182774,1,0
94,56,1139054,1,0
94,57,1138602,1,0
94,58,1369951,1,0
94,59,1159419,1,0
95,0,415827,1,0
95,1,727865,1,0
95,2,933159,1,0
95,3,1101143,1,0
95,4,1319734,1,0
95,5,1202755,1,0
95,6,1171327,1,0
95,7,1237052,1,0
95,8,1261014,1,0
95,9,1253717,1,0
95,10,1166445,1,0
95,11,1197697,1,0
95,12,1454218,1,0
95,13,1187412,1,0
95,14,1103187,1,0
95,15,1178645,1,0
95,16,1391477,1,0
95,17,1150301,1,0
95,18,1091232,1,0
95,19,1121376,1,0
95,20,1163420,1,0
95,21,1114345,1,0
95,22,1159539,1,0
95,23,1152476,1,0
95,24,1249450,1,0
95,25,1400830,1,0
95,26,1197716,1,0
95,27,1127397,1,0
95,28,1101059,1,0
95,29,1445054,1,0
95,30,1104159,1,0
95,31,1062477,1,0
95,32,1081084,1,0
95,33,1558817,1,0
95,34,1141079,1,0
95,35,1194988,1,0
95,36,1162127,1,0
95,37,1665801,1,0
95,38,1191609,1,0
95,39,1141059,1,0
95,40,1132602,1,0
95,41,1213244,1,0
95,42,1228075,1,0
95,43,1106327,1,0
95,44,1132279,1,0
95,45,1177852,1,0
95,46,1306090,1,0
95,47,1125876,1,0
95,48,1137785,1,0
95,49,1146537,1,0
95,50,1736246,1,0
95,51,1476037,1,0
95,52,1278838,1,0
95,53,1373133,1,0
95,54,1555518,1,0
95,55,1181269,1,0
95,56,1142540,1,0
95,57,1136028,1,0
95,58,1370891,1,0
95,59,1158752,1,0
96,0,419111,1,0
96,1,731587,1,0
96,2,935192,1,0
96,3,1102481,1,0
96,4,1318324,1,0
96,5,1205248,1,0
96,6,1170345,1,0
96,7,1236406,1,0
96,8,1277511,1,0
96,9,1240082,1,0
96,10,1164002,1,0
96,11,1197226,1,0
96,12,1455909,1,0
96,13,1186845,1,0
96,14,1104296,1,0
96,15,1174746,1,0
96,16,1394814,1,0
96,17,1148145,1,0
96,18,1090104,1,0
96,19,1122558,1,0
96,20,1165503,1,0
96,21,1112826,1,0
96,22,1159465,1,0
96,23,1150791,1,0
96,24,1250810,1,0
96,25,1403471,1,0
96,26,1194794,1,0
96,27,1126710,1,0
96,28,1101531,1,0
96,29,1450896,1,0
96,30,1098104,1,0
96,31,1063274,1,0
96,32,1084057,1,0
96,33,1554263,1,0
96,34,1142983,1,0
96,35,1194813,1,0
96,36,1162832,1,0
96,37,1666110,1,0
96,38,1191501,1,0
96,39,1139707,1,0
96,40,1133201,1,0
96,41,1215014,1,0
96,42,1225166,1,0
96,43,1107883,1,0
96,44,1133400,1,0
96,45,1191669,1,0
96,46,1291055,1,0
96,47,1125985,1,0
96,48,1138282,1,0
96,49,1146396,1,0
96,50,1744241,1,0
96,51,1468533,1,0
96,52,1281464,1,0
96,53,1371498,1,0
96,54,1555016,1,0
96,55,1180046,1,0
96,56,1143186,1,0
96,57,1136656,1,0
96,58,1369872,1,0
96,59,1159070,1,0
97,0,421815,1,0
97,1,738981,1,0
97,2,938183,1,0
97,3,1105858,1,0
97,4,1315125,1,0
97,5,1207101,1,0
97,6,1171280,1,0
97,7,1234075,1,0
97,8,1278615,1,0
97,9,1238715,1,0
97,10,1164460,1,0
97,11,1199202,1,0
97,12,1454198,1,0
97,13,1186439,1,0
97,14,1105194,1,0
97,15,1178584,1,0
97,16,1391870,1,0
97,17,1144911,1,0
97,18,1091596,1,0
97,19,1120776,1,0
97,20,1167209,1,0
97,21,1114442,1,0
97,22,1157846,1,0
97,23,1148960,1,0
97,24,1266959,1,0
97,25,1391521,1,0
97,26,1192233,1,0
97,27,1127129,1,0
97,28,1102102,1,0
97,29,1455267,1,0
97,30,1092742,1,0
97,31,1061875,1,0
97,32,1085726,1,0
97,33,1551907,1,0
97,34,1146347,1,0
97,35,1193284,1,0
97,36,1165396,1,0
97,37,1663266,1,0
97,38,1192242,1,0
97,39,1139188,1,0
97,40,1132555,1,0
97,41,1216355,1,0
97,42,1225736,1,0
97,43,1107146,1,0
97,44,1133643,1,0
97,45,1193792,1,0
97,46,1289671,1,0
97,47,1125273,1,0
97,48,1138712,1,0
97,49,1146156,1,0
97,50,1753636,1,0
97,51,1457565,1,0
97,52,1288633,1,0
97,53,1367984,1,0
97,54,1553201,1,0
97,55,1179581,1,0
97,56,1145626,1,0
97,57,1134366,1,0
97,58,1370142,1,0
97,59,1160133,1,0
98,0,425236,1,0
98,1,744847,1,0
98,2,939893,1,0
98,3,1107162,1,0
98,4,1315117,1,0
98,5,1210522,1,0
98,6,1167917,1,0
98,7,1232343,1,0
98,8,1281733,1,0
98,9,1236054,1,0
98,10,1165496,1,0
98,11,1204499,1,0
98,12,1449965,1,0
98,13,1184567,1,0
98,14,1105340,1,0
98,15,1179999,1,0
98,16,1391128,1,0
98,17,1146293,1,0
98,18,1091998,1,0
98,19,1118139,1,0
98,20,1167166,1,0
98,21,1115931,1,0
98,22,1159115,1,0
98,23,1146032,1,0
98,24,1268186,1,0
98,25,1397619,1,0
98,26,1185977,1,0
98,27,1125456,1,0
98,28,1104785,1,0
98,29,1459496,1,0
98,30,1087095,1,0
98,31,1060861,1,0
98,32,1087420,1,0
98,33,1550831,1,0
98,34,1147707,1,0
98,35,1193199,1,0
98,36,1164255,1,0
98,37,1663860,1,0
98,38,1192148,1,0
98,39,1140673,1,0
98,40,1130480,1,0
98,41,1217637,1,0
98,42,1224494,1,0
98,43,1106429,1,0
98,44,1135109,1,0
98,45,1193668,1,0
98,46,1289749,1,0
98,47,1123949,1,0
98,48,1139989,1,0
98,49,1145523,1,0
98,50,1760979,1,0
98,51,1452467,1,0
98,52,1288912,1,0
98,53,1368557,1,0
98,54,1552419,1,0
98,55,1177074,1,0
98,56,1147715,1,0
98,57,1131584,1,0
98,58,1371156,1,0
98,59,1161339,1,0
99,0,427701,1,0
99,1,750812,1,0
99,2,940957,1,0
99,3,1109990,1,0
99,4,1313152,1,0
99,5,1212352,1,0
99,6,1166256,1,0
99,7,1234201,1,0
99,8,1293606,1,0
99,9,1223606,1,0
99,10,1162398,1,0
99,11,1208323,1,0
99,12,1447657,1,0
99,13,1184324,1,0
99,14,1106964,1,0
99,15,1176938,1,0
99,16,1392979,1,0
99,17,1146482,1,0
99,18,1091208,1,0
99,19,1118200,1,0
99,20,1167086,1,0
99,21,1116166,1,0
99,22,1160465,1,0
99,23,1146008,1,0
99,24,1265572,1,0
99,25,1400417,1,0
99,26,1190181,1,0
99,27,1120298,1,0
99,28,1106239,1,0
99,29,1461650,1,0
99,30,1083970,1,0
99,31,1058690,1,0
99,32,1089058,1,0
99,33,1548851,1,0
99,34,1149997,1,0
99,35,1194378,1,0
99,36,1162086,1,0
99,37,1666258,1,0
99,38,1191081,1,0
99,39,1139893,1,0
99,40,1131375,1,0
99,41,1234452,1,0
99,42,1205175,1,0
99,43,1107979,1,0
99,44,1135969,1,0
99,45,1193678,1,0
99,46,1289917,1,0
99,47,1124884,1,0
99,48,1138754,1,0
99,49,1145414,1,0
99,50,1770168,1,0
99,51,1444001,1,0
99,52,1291251,1,0
99,53,1367152,1,0
99,54,1550681,1,0
99,55,1175684,1,0
99,56,1150012,1,0
99,57,1131382,1,0
99,58,1380208,1,0
99,59,1154914,1,0
