worker_id,sequence,latency_us,success,status_code
0,0,59053,1,0
0,1,8242,1,0
0,2,10436,1,0
0,3,8670,1,0
0,4,8118,1,0
0,5,10533,1,0
0,6,11320,1,0
0,7,6690,1,0
0,8,7394,1,0
0,9,8858,1,0
0,10,8660,1,0
0,11,5166,1,0
0,12,5517,1,0
0,13,7094,1,0
0,14,8956,1,0
0,15,7303,1,0
0,16,7270,1,0
0,17,6441,1,0
0,18,7165,1,0
0,19,9286,1,0
0,20,7112,1,0
0,21,9890,1,0
0,22,9762,1,0
0,23,10432,1,0
0,24,6340,1,0
0,25,11510,1,0
0,26,6589,1,0
0,27,4821,1,0
0,28,8912,1,0
0,29,9729,1,0
0,30,7936,1,0
0,31,5530,1,0
0,32,3851,1,0
0,33,8070,1,0
0,34,11053,1,0
0,35,6104,1,0
0,36,4105,1,0
0,37,12675,1,0
0,38,10730,1,0
0,39,9704,1,0
0,40,8422,1,0
0,41,12940,1,0
0,42,10226,1,0
0,43,3804,1,0
0,44,10556,0,8
0,45,10161,0,8
0,46,11749,1,0
0,47,4980,1,0
0,48,12102,0,8
0,49,8742,0,8
0,50,10047,0,8
0,51,8561,1,0
0,52,7797,1,0
0,53,13098,0,8
0,54,9342,1,0
0,55,6276,1,0
0,56,6891,1,0
0,57,7122,1,0
0,58,7395,1,0
0,59,10299,1,0
1,0,61063,1,0
1,1,11411,1,0
1,2,11352,1,0
1,3,7510,1,0
1,4,10394,1,0
1,5,13486,1,0
1,6,8474,1,0
1,7,10346,1,0
1,8,8996,1,0
1,9,10380,1,0
1,10,5364,1,0
1,11,8228,1,0
1,12,8094,1,0
1,13,9141,1,0
1,14,4401,1,0
1,15,9929,1,0
1,16,10387,1,0
1,17,8934,1,0
1,18,4939,1,0
1,19,9291,1,0
1,20,11025,1,0
1,21,8602,1,0
1,22,5769,1,0
1,23,9391,1,0
1,24,5225,1,0
1,25,10790,1,0
1,26,9000,1,0
1,27,9758,1,0
1,28,10290,1,0
1,29,9980,1,0
1,30,9231,1,0
1,31,8668,1,0
1,32,11322,1,0
1,33,11069,1,0
1,34,5383,1,0
1,35,7556,1,0
1,36,4395,1,0
1,37,12557,1,0
1,38,6525,1,0
1,39,10615,1,0
1,40,5462,1,0
1,41,13847,1,0
1,42,8829,1,0
1,43,8481,1,0
1,44,10364,0,8
1,45,6914,1,0
1,46,15326,0,8
1,47,10582,0,8
1,48,9177,1,0
1,49,7197,0,8
1,50,9890,0,8
1,51,11719,0,8
1,52,7850,1,0
1,53,14090,0,8
1,54,10554,0,8
1,55,9241,0,8
1,56,9702,0,8
1,57,6959,1,0
1,58,9882,0,8
1,59,8060,1,0
2,0,63578,1,0
2,1,10460,1,0
2,2,8509,1,0
2,3,4394,1,0
2,4,8186,1,0
2,5,14109,1,0
2,6,11199,1,0
2,7,9073,1,0
2,8,9567,1,0
2,9,11233,1,0
2,10,5495,1,0
2,11,11084,1,0
2,12,10391,1,0
2,13,7644,1,0
2,14,3622,1,0
2,15,8296,1,0
2,16,11663,1,0
2,17,9359,1,0
2,18,7443,1,0
2,19,8634,1,0
2,20,7771,1,0
2,21,10715,1,0
2,22,8871,1,0
2,23,8996,1,0
2,24,11392,1,0
2,25,11695,1,0
2,26,9420,1,0
2,27,8662,1,0
2,28,7187,1,0
2,29,12712,1,0
2,30,8788,1,0
2,31,7768,1,0
2,32,9351,1,0
2,33,8179,1,0
2,34,5046,1,0
2,35,10738,1,0
2,36,4498,1,0
2,37,7622,1,0
2,38,11705,1,0
2,39,9476,1,0
2,40,10269,1,0
2,41,13780,1,0
2,42,4758,1,0
2,43,8068,1,0
2,44,10189,1,0
2,45,8666,1,0
2,46,16156,1,0
2,47,10762,1,0
2,48,9254,1,0
2,49,10500,1,0
2,50,8441,1,0
2,51,9146,1,0
2,52,7203,1,0
2,53,9309,1,0
2,54,11258,1,0
2,55,10324,1,0
2,56,7866,1,0
2,57,3300,1,0
2,58,8992,1,0
2,59,6074,1,0
3,0,59026,1,0
3,1,11728,1,0
3,2,10283,1,0
3,3,6345,1,0
3,4,6344,1,0
3,5,14062,1,0
3,6,10975,1,0
3,7,9585,1,0
3,8,4768,1,0
3,9,8033,1,0
3,10,6199,1,0
3,11,10927,1,0
3,12,7757,1,0
3,13,8365,1,0
3,14,10379,1,0
3,15,10052,1,0
3,16,4771,1,0
3,17,5853,1,0
3,18,7643,1,0
3,19,4306,1,0
3,20,9553,1,0
3,21,5597,1,0
3,22,7614,1,0
3,23,8000,1,0
3,24,11505,1,0
3,25,11271,1,0
3,26,11667,1,0
3,27,8068,1,0
3,28,7804,1,0
3,29,5516,1,0
3,30,5604,1,0
3,31,6589,1,0
3,32,8392,1,0
3,33,7437,1,0
3,34,10888,0,8
3,35,11343,0,8
3,36,7557,1,0
3,37,7229,1,0
3,38,5969,0,8
3,39,8035,0,8
3,40,5762,0,8
3,41,3811,1,0
3,42,6553,1,0
3,43,3428,1,0
3,44,6722,1,0
3,45,10012,0,8
3,46,15402,0,8
3,47,8957,0,8
3,48,5666,1,0
3,49,11869,0,8
3,50,9578,1,0
3,51,7274,0,8
3,52,5164,1,0
3,53,13558,0,8
3,54,5187,1,0
3,55,4605,1,0
3,56,6170,1,0
3,57,8736,0,8
3,58,7107,1,0
3,59,12345,0,8
4,0,59011,1,0
4,1,12707,1,0
4,2,6205,1,0
4,3,4260,1,0
4,4,5533,1,0
4,5,11194,1,0
4,6,7221,1,0
4,7,9986,1,0
4,8,6978,1,0
4,9,5154,1,0
4,10,3670,1,0
4,11,8788,1,0
4,12,3105,1,0
4,13,2657,1,0
4,14,4835,1,0
4,15,7835,1,0
4,16,5346,1,0
4,17,6161,1,0
4,18,4511,1,0
4,19,7598,1,0
4,20,6328,1,0
4,21,4708,1,0
4,22,6749,1,0
4,23,6552,1,0
4,24,4753,1,0
4,25,4796,1,0
4,26,11579,1,0
4,27,9172,1,0
4,28,8166,1,0
4,29,11341,1,0
4,30,4259,1,0
4,31,7270,1,0
4,32,7090,1,0
4,33,8999,1,0
4,34,6819,1,0
4,35,7327,1,0
4,36,8638,1,0
4,37,7959,1,0
4,38,4432,1,0
4,39,4344,1,0
4,40,4266,1,0
4,41,3607,1,0
4,42,8007,1,0
4,43,4791,1,0
4,44,11674,0,8
4,45,5239,1,0
4,46,3353,1,0
4,47,5265,1,0
4,48,12019,0,8
4,49,6552,1,0
4,50,7587,0,8
4,51,7269,1,0
4,52,7485,1,0
4,53,9361,1,0
4,54,6665,1,0
4,55,4259,1,0
4,56,2399,1,0
4,57,7559,1,0
4,58,3982,1,0
4,59,13537,0,8
5,0,58659,1,0
5,1,6918,1,0
5,2,9080,1,0
5,3,5333,1,0
5,4,9115,1,0
5,5,11125,1,0
5,6,9830,1,0
5,7,10340,1,0
5,8,5720,1,0
5,9,7915,1,0
5,10,8595,1,0
5,11,5555,1,0
5,12,4033,1,0
5,13,7576,1,0
5,14,9786,1,0
5,15,9835,1,0
5,16,10805,1,0
5,17,9254,1,0
5,18,7542,1,0
5,19,10709,1,0
5,20,8359,1,0
5,21,6706,1,0
5,22,9132,1,0
5,23,10423,1,0
5,24,8370,1,0
5,25,6665,1,0
5,26,9344,1,0
5,27,7573,1,0
5,28,7454,1,0
5,29,10354,1,0
5,30,5457,1,0
5,31,4366,1,0
5,32,11490,0,8
5,33,9287,0,8
5,34,11796,0,8
5,35,9781,0,8
5,36,9072,0,8
5,37,8166,1,0
5,38,5978,0,8
5,39,10527,0,8
5,40,10143,0,8
5,41,9802,0,8
5,42,4861,1,0
5,43,8480,0,8
5,44,7193,1,0
5,45,6797,1,0
5,46,9150,1,0
5,47,7652,0,8
5,48,5981,1,0
5,49,9973,0,8
5,50,11819,0,8
5,51,7545,0,8
5,52,11361,0,8
5,53,9172,1,0
5,54,10255,0,8
5,55,8122,0,8
5,56,8492,0,8
5,57,10925,0,8
5,58,9142,0,8
5,59,13821,0,8
6,0,63908,1,0
6,1,9258,1,0
6,2,5777,1,0
6,3,6476,1,0
6,4,6098,1,0
6,5,9976,1,0
6,6,4774,1,0
6,7,4606,1,0
6,8,5717,1,0
6,9,5361,1,0
6,10,4902,1,0
6,11,10406,1,0
6,12,4964,1,0
6,13,6352,1,0
6,14,3801,1,0
6,15,2880,1,0
6,16,4637,1,0
6,17,9910,1,0
6,18,1829,1,0
6,19,1910,1,0
6,20,5277,1,0
6,21,6046,1,0
6,22,4976,1,0
6,23,6052,1,0
6,24,4740,1,0
6,25,5125,1,0
6,26,4594,1,0
6,27,4001,1,0
6,28,5422,1,0
6,29,5018,1,0
6,30,4301,1,0
6,31,3680,1,0
6,32,6493,1,0
6,33,2422,1,0
6,34,6945,1,0
6,35,6370,0,8
6,36,3168,1,0
6,37,9122,1,0
6,38,4737,1,0
6,39,7376,1,0
6,40,2919,1,0
6,41,3803,1,0
6,42,8547,0,8
6,43,3475,1,0
6,44,6084,1,0
6,45,5243,1,0
6,46,11057,1,0
6,47,8736,0,8
6,48,11014,0,8
6,49,4519,1,0
6,50,3923,1,0
6,51,9317,0,8
6,52,7387,0,8
6,53,9195,1,0
6,54,7455,0,8
6,55,2877,1,0
6,56,2668,1,0
6,57,2352,1,0
6,58,4553,1,0
6,59,7559,1,0
7,0,63510,1,0
7,1,12676,1,0
7,2,11164,1,0
7,3,8004,1,0
7,4,9804,1,0
7,5,11496,1,0
7,6,6347,1,0
7,7,9977,1,0
7,8,6163,1,0
7,9,9536,1,0
7,10,10296,1,0
7,11,6881,1,0
7,12,3565,1,0
7,13,10422,1,0
7,14,10338,1,0
7,15,11519,1,0
7,16,8259,1,0
7,17,9549,1,0
7,18,7310,1,0
7,19,5860,1,0
7,20,9155,1,0
7,21,4616,1,0
7,22,4993,1,0
7,23,10605,1,0
7,24,7438,1,0
7,25,9276,1,0
7,26,10068,1,0
7,27,9944,1,0
7,28,6375,1,0
7,29,12640,1,0
7,30,5287,1,0
7,31,8429,1,0
7,32,9336,1,0
7,33,12674,1,0
7,34,6565,1,0
7,35,5059,1,0
7,36,10249,1,0
7,37,10268,1,0
7,38,5011,1,0
7,39,11476,1,0
7,40,10348,1,0
7,41,11025,1,0
7,42,9874,0,8
7,43,8240,0,8
7,44,11266,0,8
7,45,6949,1,0
7,46,15469,0,8
7,47,8421,0,8
7,48,13362,0,8
7,49,8767,0,8
7,50,10225,0,8
7,51,12372,0,8
7,52,5666,1,0
7,53,9104,1,0
7,54,6644,1,0
7,55,8141,0,8
7,56,8715,0,8
7,57,10126,0,8
7,58,9998,0,8
7,59,8902,1,0
8,0,59700,1,0
8,1,9335,1,0
8,2,8175,1,0
8,3,7802,1,0
8,4,9361,1,0
8,5,6831,1,0
8,6,6664,1,0
8,7,8464,1,0
8,8,8560,1,0
8,9,5556,1,0
8,10,5044,1,0
8,11,10971,1,0
8,12,7471,1,0
8,13,6578,1,0
8,14,9216,1,0
8,15,10269,1,0
8,16,11506,1,0
8,17,8672,1,0
8,18,8331,1,0
8,19,10396,1,0
8,20,9138,1,0
8,21,8769,1,0
8,22,8699,1,0
8,23,7458,1,0
8,24,6925,1,0
8,25,5408,1,0
8,26,5142,1,0
8,27,6546,1,0
8,28,8658,1,0
8,29,7126,1,0
8,30,6424,1,0
8,31,10496,1,0
8,32,10061,1,0
8,33,8685,1,0
8,34,11274,1,0
8,35,11689,1,0
8,36,9842,1,0
8,37,9219,1,0
8,38,10637,1,0
8,39,7983,1,0
8,40,7062,1,0
8,41,12513,1,0
8,42,7762,1,0
8,43,6624,0,8
8,44,9756,0,8
8,45,12143,0,8
8,46,12072,1,0
8,47,9731,0,8
8,48,13042,0,8
8,49,8713,0,8
8,50,12002,0,8
8,51,6962,1,0
8,52,9311,0,8
8,53,13659,0,8
8,54,10361,0,8
8,55,7017,1,0
8,56,7179,1,0
8,57,6980,1,0
8,58,9310,0,8
8,59,7150,1,0
9,0,60877,1,0
9,1,8330,1,0
9,2,9252,1,0
9,3,7598,1,0
9,4,9411,1,0
9,5,13290,1,0
9,6,9372,1,0
9,7,5084,1,0
9,8,8505,1,0
9,9,8430,1,0
9,10,9337,1,0
9,11,6896,1,0
9,12,5100,1,0
9,13,11853,1,0
9,14,4403,1,0
9,15,5077,1,0
9,16,9873,1,0
9,17,7173,1,0
9,18,9136,1,0
9,19,8989,1,0
9,20,4945,1,0
9,21,10793,1,0
9,22,5736,1,0
9,23,11782,1,0
9,24,10251,1,0
9,25,5990,1,0
9,26,9063,1,0
9,27,6002,1,0
9,28,9285,1,0
9,29,10825,1,0
9,30,6304,1,0
9,31,4611,1,0
9,32,10165,1,0
9,33,10001,1,0
9,34,5867,1,0
9,35,5684,1,0
9,36,7627,1,0
9,37,12725,1,0
9,38,8304,1,0
9,39,10493,1,0
9,40,7059,1,0
9,41,10035,1,0
9,42,6725,1,0
9,43,8111,1,0
9,44,9717,1,0
9,45,12254,0,8
9,46,14659,0,8
9,47,7552,1,0
9,48,8679,1,0
9,49,7090,0,8
9,50,12601,0,8
9,51,10573,0,8
9,52,9988,0,8
9,53,5283,1,0
9,54,10405,0,8
9,55,6299,1,0
9,56,7812,0,8
9,57,7741,1,0
9,58,9330,0,8
9,59,10357,0,8
10,0,63459,1,0
10,1,9192,1,0
10,2,5198,1,0
10,3,6439,1,0
10,4,4481,1,0
10,5,5472,1,0
10,6,4956,1,0
10,7,7931,1,0
10,8,3576,1,0
10,9,8506,1,0
10,10,4833,1,0
10,11,10307,1,0
10,12,9458,1,0
10,13,4849,1,0
10,14,4075,1,0
10,15,3398,1,0
10,16,9307,1,0
10,17,4878,1,0
10,18,6099,1,0
10,19,4392,1,0
10,20,6404,1,0
10,21,6518,1,0
10,22,1986,1,0
10,23,8284,1,0
10,24,7732,1,0
10,25,10822,1,0
10,26,11308,1,0
10,27,3915,1,0
10,28,4184,1,0
10,29,5354,1,0
10,30,2786,1,0
10,31,3597,1,0
10,32,4066,1,0
10,33,2516,1,0
10,34,9951,1,0
10,35,4175,1,0
10,36,3116,1,0
10,37,8240,1,0
10,38,5180,1,0
10,39,4446,1,0
10,40,5962,1,0
10,41,9722,1,0
10,42,7071,1,0
10,43,4135,1,0
10,44,7737,1,0
10,45,8171,1,0
10,46,10801,1,0
10,47,9171,1,0
10,48,5838,1,0
10,49,6979,1,0
10,50,9689,1,0
10,51,7851,1,0
10,52,4556,1,0
10,53,9116,1,0
10,54,8468,1,0
10,55,7835,1,0
10,56,3251,1,0
10,57,9179,1,0
10,58,3296,1,0
10,59,6266,1,0
11,0,60651,1,0
11,1,8880,1,0
11,2,11296,1,0
11,3,8434,1,0
11,4,3232,1,0
11,5,10801,1,0
11,6,12107,1,0
11,7,9771,1,0
11,8,8246,1,0
11,9,5830,1,0
11,10,6897,1,0
11,11,6393,1,0
11,12,10860,1,0
11,13,6017,1,0
11,14,7552,1,0
11,15,8253,1,0
11,16,5765,1,0
11,17,6475,1,0
11,18,7077,1,0
11,19,7835,1,0
11,20,4114,1,0
11,21,5980,1,0
11,22,10674,1,0
11,23,7591,1,0
11,24,7170,1,0
11,25,9431,1,0
11,26,6538,1,0
11,27,5151,1,0
11,28,8496,1,0
11,29,9471,1,0
11,30,9986,1,0
11,31,5312,1,0
11,32,9495,1,0
11,33,9099,1,0
11,34,11321,1,0
11,35,13363,1,0
11,36,6361,1,0
11,37,11737,1,0
11,38,8892,1,0
11,39,7370,1,0
11,40,8756,1,0
11,41,12567,1,0
11,42,7390,1,0
11,43,7615,1,0
11,44,7670,1,0
11,45,7686,1,0
11,46,16104,0,8
11,47,7984,0,8
11,48,11986,0,8
11,49,12718,0,8
11,50,8108,1,0
11,51,10862,0,8
11,52,5946,0,8
11,53,14287,0,8
11,54,8613,1,0
11,55,3716,1,0
11,56,6199,1,0
11,57,7760,0,8
11,58,7362,0,8
11,59,10283,0,8
12,0,63469,1,0
12,1,8233,1,0
12,2,7584,1,0
12,3,4425,1,0
12,4,4798,1,0
12,5,9754,1,0
12,6,7122,1,0
12,7,3339,1,0
12,8,3576,1,0
12,9,5973,1,0
12,10,4391,1,0
12,11,1765,1,0
12,12,2531,1,0
12,13,2919,1,0
12,14,7611,1,0
12,15,5207,1,0
12,16,6827,1,0
12,17,4444,1,0
12,18,4225,1,0
12,19,2674,1,0
12,20,7763,1,0
12,21,9171,1,0
12,22,7520,1,0
12,23,6108,1,0
12,24,5257,1,0
12,25,9058,1,0
12,26,6196,1,0
12,27,4126,1,0
12,28,5556,1,0
12,29,5329,1,0
12,30,2809,1,0
12,31,8079,1,0
12,32,3407,1,0
12,33,9307,1,0
12,34,9560,1,0
12,35,8735,1,0
12,36,3117,1,0
12,37,11961,1,0
12,38,11657,1,0
12,39,8005,1,0
12,40,4269,1,0
12,41,10437,1,0
12,42,6632,1,0
12,43,5275,1,0
12,44,13133,0,8
12,45,5353,1,0
12,46,12239,0,8
12,47,7961,1,0
12,48,11668,0,8
12,49,9940,0,8
12,50,11678,0,8
12,51,3547,1,0
12,52,6248,1,0
12,53,9231,1,0
12,54,6714,1,0
12,55,7740,0,8
12,56,8928,0,8
12,57,1921,1,0
12,58,3311,1,0
12,59,13790,0,8
13,0,52275,1,0
13,1,8250,1,0
13,2,6264,1,0
13,3,7477,1,0
13,4,3613,1,0
13,5,5574,1,0
13,6,8989,1,0
13,7,4367,1,0
13,8,6434,1,0
13,9,4595,1,0
13,10,8097,1,0
13,11,2528,1,0
13,12,4465,1,0
13,13,6596,1,0
13,14,4721,1,0
13,15,3963,1,0
13,16,3104,1,0
13,17,5116,1,0
13,18,4550,1,0
13,19,4597,1,0
13,20,6435,1,0
13,21,8917,1,0
13,22,5018,1,0
13,23,4518,1,0
13,24,10714,1,0
13,25,5029,1,0
13,26,4123,1,0
13,27,4159,1,0
13,28,3702,1,0
13,29,5698,1,0
13,30,10085,1,0
13,31,9967,1,0
13,32,7632,1,0
13,33,2021,1,0
13,34,8538,1,0
13,35,4506,1,0
13,36,8538,1,0
13,37,6071,1,0
13,38,4410,1,0
13,39,4304,1,0
13,40,7288,1,0
13,41,3090,1,0
13,42,10348,1,0
13,43,3033,1,0
13,44,13320,1,0
13,45,7525,1,0
13,46,1684,1,0
13,47,4428,1,0
13,48,11856,1,0
13,49,4536,1,0
13,50,3935,1,0
13,51,4429,1,0
13,52,4069,1,0
13,53,8944,1,0
13,54,6404,1,0
13,55,2982,1,0
13,56,3324,1,0
13,57,2640,1,0
13,58,4530,1,0
13,59,6265,1,0
14,0,61680,1,0
14,1,12258,1,0
14,2,5796,1,0
14,3,5286,1,0
14,4,3705,1,0
14,5,12310,1,0
14,6,9545,1,0
14,7,4558,1,0
14,8,8905,1,0
14,9,6785,1,0
14,10,10352,1,0
14,11,9869,1,0
14,12,4890,1,0
14,13,3999,1,0
14,14,5710,1,0
14,15,5514,1,0
14,16,8888,1,0
14,17,10310,1,0
14,18,9381,1,0
14,19,5819,1,0
14,20,11388,1,0
14,21,11489,1,0
14,22,8340,1,0
14,23,4624,1,0
14,24,6266,1,0
14,25,6708,1,0
14,26,4776,1,0
14,27,8737,1,0
14,28,5803,1,0
14,29,12592,1,0
14,30,8553,1,0
14,31,9722,1,0
14,32,11773,1,0
14,33,10472,1,0
14,34,5561,1,0
14,35,6049,1,0
14,36,7578,1,0
14,37,10116,1,0
14,38,5828,1,0
14,39,5099,1,0
14,40,3629,1,0
14,41,6845,1,0
14,42,3894,1,0
14,43,2344,1,0
14,44,10343,1,0
14,45,8404,1,0
14,46,16200,1,0
14,47,8610,1,0
14,48,9160,1,0
14,49,9898,1,0
14,50,7186,1,0
14,51,12542,1,0
14,52,11128,1,0
14,53,14266,1,0
14,54,6124,1,0
14,55,9266,1,0
14,56,3999,1,0
14,57,3545,1,0
14,58,3925,1,0
14,59,7622,1,0
15,0,54012,1,0
15,1,8047,1,0
15,2,9154,1,0
15,3,9419,1,0
15,4,7112,1,0
15,5,14310,1,0
15,6,8948,1,0
15,7,6760,1,0
15,8,5562,1,0
15,9,8202,1,0
15,10,8778,1,0
15,11,3260,1,0
15,12,5463,1,0
15,13,9153,1,0
15,14,8994,1,0
15,15,8507,1,0
15,16,6771,1,0
15,17,3963,1,0
15,18,5812,1,0
15,19,9536,1,0
15,20,7133,1,0
15,21,6453,1,0
15,22,8120,1,0
15,23,8648,1,0
15,24,6738,1,0
15,25,6934,1,0
15,26,10924,1,0
15,27,5825,1,0
15,28,9300,1,0
15,29,11467,1,0
15,30,6175,1,0
15,31,4891,1,0
15,32,7081,1,0
15,33,7006,1,0
15,34,7513,1,0
15,35,11838,1,0
15,36,3391,1,0
15,37,13358,1,0
15,38,8282,1,0
15,39,10537,1,0
15,40,7702,1,0
15,41,11068,1,0
15,42,9632,1,0
15,43,8123,1,0
15,44,12877,1,0
15,45,10946,1,0
15,46,15593,1,0
15,47,9823,1,0
15,48,12876,1,0
15,49,7232,1,0
15,50,12404,1,0
15,51,11860,1,0
15,52,9127,1,0
15,53,8775,1,0
15,54,10330,1,0
15,55,9131,1,0
15,56,6787,1,0
15,57,6500,1,0
15,58,7248,1,0
15,59,6861,1,0
16,0,58566,1,0
16,1,10375,1,0
16,2,5559,1,0
16,3,6675,1,0
16,4,6320,1,0
16,5,9794,1,0
16,6,10774,1,0
16,7,10794,1,0
16,8,7642,1,0
16,9,7555,1,0
16,10,7958,1,0
16,11,4386,1,0
16,12,8173,1,0
16,13,2955,1,0
16,14,2685,1,0
16,15,7507,1,0
16,16,3557,1,0
16,17,10218,1,0
16,18,5530,1,0
16,19,10874,1,0
16,20,6231,1,0
16,21,10419,1,0
16,22,7504,1,0
16,23,7248,1,0
16,24,5068,1,0
16,25,9786,1,0
16,26,5859,1,0
16,27,6037,1,0
16,28,3558,1,0
16,29,4665,1,0
16,30,3536,1,0
16,31,4310,1,0
16,32,9583,1,0
16,33,8243,1,0
16,34,9675,1,0
16,35,4320,1,0
16,36,8469,1,0
16,37,11997,1,0
16,38,5453,1,0
16,39,4397,1,0
16,40,7735,1,0
16,41,8782,1,0
16,42,9264,1,0
16,43,3676,1,0
16,44,9982,1,0
16,45,6533,1,0
16,46,12332,0,8
16,47,4016,1,0
16,48,11668,0,8
16,49,4409,1,0
16,50,4967,1,0
16,51,7101,1,0
16,52,5056,1,0
16,53,11200,1,0
16,54,4473,1,0
16,55,3933,1,0
16,56,2862,1,0
16,57,3473,1,0
16,58,3380,1,0
16,59,5030,1,0
17,0,63349,1,0
17,1,9249,1,0
17,2,5207,1,0
17,3,7855,1,0
17,4,5430,1,0
17,5,9864,1,0
17,6,10272,1,0
17,7,6087,1,0
17,8,7996,1,0
17,9,8619,1,0
17,10,4769,1,0
17,11,2595,1,0
17,12,4612,1,0
17,13,9061,1,0
17,14,5164,1,0
17,15,7606,1,0
17,16,3038,1,0
17,17,7398,1,0
17,18,4277,1,0
17,19,10608,1,0
17,20,11946,1,0
17,21,8493,1,0
17,22,8085,1,0
17,23,11512,1,0
17,24,5227,1,0
17,25,9781,1,0
17,26,10064,1,0
17,27,5879,1,0
17,28,7034,1,0
17,29,5775,1,0
17,30,2768,1,0
17,31,3918,1,0
17,32,7679,1,0
17,33,10697,1,0
17,34,11622,1,0
17,35,13154,1,0
17,36,6724,1,0
17,37,10347,1,0
17,38,5585,1,0
17,39,9645,1,0
17,40,10551,1,0
17,41,12640,1,0
17,42,6583,1,0
17,43,10748,0,8
17,44,12337,0,8
17,45,7751,1,0
17,46,9936,1,0
17,47,11252,0,8
17,48,6036,1,0
17,49,5798,1,0
17,50,11911,0,8
17,51,6880,1,0
17,52,5912,1,0
17,53,11204,1,0
17,54,8951,0,8
17,55,4851,1,0
17,56,9545,0,8
17,57,4149,1,0
17,58,5081,1,0
17,59,12259,1,0
18,0,53986,1,0
18,1,6921,1,0
18,2,8182,1,0
18,3,6369,1,0
18,4,6319,1,0
18,5,10665,1,0
18,6,11929,1,0
18,7,7578,1,0
18,8,3399,1,0
18,9,8661,1,0
18,10,5658,1,0
18,11,5672,1,0
18,12,8235,1,0
18,13,6492,1,0
18,14,7941,1,0
18,15,3616,1,0
18,16,4536,1,0
18,17,7770,1,0
18,18,7499,1,0
18,19,10521,1,0
18,20,8504,1,0
18,21,10307,1,0
18,22,6170,1,0
18,23,6976,1,0
18,24,7854,1,0
18,25,6381,1,0
18,26,10205,1,0
18,27,6711,1,0
18,28,10424,1,0
18,29,10495,1,0
18,30,8955,1,0
18,31,3609,1,0
18,32,10235,1,0
18,33,2382,1,0
18,34,7474,1,0
18,35,10883,0,8
18,36,3485,1,0
18,37,6740,1,0
18,38,7764,0,8
18,39,10079,0,8
18,40,5539,1,0
18,41,7933,1,0
18,42,7847,0,8
18,43,10645,0,8
18,44,9038,0,8
18,45,9278,0,8
18,46,13438,1,0
18,47,4813,1,0
18,48,8242,0,8
18,49,5579,1,0
18,50,10286,0,8
18,51,8453,0,8
18,52,3780,1,0
18,53,8639,1,0
18,54,9935,0,8
18,55,8584,0,8
18,56,4729,1,0
18,57,8833,0,8
18,58,5627,1,0
18,59,10324,0,8
19,0,58557,1,0
19,1,8682,1,0
19,2,8661,1,0
19,3,6669,1,0
19,4,3013,1,0
19,5,10595,1,0
19,6,9019,1,0
19,7,7739,1,0
19,8,7667,1,0
19,9,4410,1,0
19,10,7800,1,0
19,11,4595,1,0
19,12,4361,1,0
19,13,10599,1,0
19,14,7789,1,0
19,15,4564,1,0
19,16,5694,1,0
19,17,7271,1,0
19,18,6738,1,0
19,19,7869,1,0
19,20,5641,1,0
19,21,9080,1,0
19,22,6919,1,0
19,23,7817,1,0
19,24,7041,1,0
19,25,10467,1,0
19,26,6485,1,0
19,27,7343,1,0
19,28,9278,1,0
19,29,11548,1,0
19,30,8484,1,0
19,31,5466,1,0
19,32,8185,1,0
19,33,8387,1,0
19,34,8477,1,0
19,35,11787,1,0
19,36,7152,1,0
19,37,10368,1,0
19,38,8300,1,0
19,39,9283,1,0
19,40,3013,1,0
19,41,13897,1,0
19,42,6145,1,0
19,43,8326,1,0
19,44,12091,1,0
19,45,6151,1,0
19,46,13313,1,0
19,47,5482,1,0
19,48,11595,1,0
19,49,7583,1,0
19,50,7794,1,0
19,51,12187,1,0
19,52,7829,1,0
19,53,13014,1,0
19,54,4855,1,0
19,55,6881,1,0
19,56,7778,1,0
19,57,7073,1,0
19,58,7396,1,0
19,59,6673,1,0
20,0,58599,1,0
20,1,10215,1,0
20,2,7944,1,0
20,3,5816,1,0
20,4,6328,1,0
20,5,14174,1,0
20,6,11123,1,0
20,7,8610,1,0
20,8,3719,1,0
20,9,4497,1,0
20,10,8672,1,0
20,11,10186,1,0
20,12,5004,1,0
20,13,10403,1,0
20,14,7351,1,0
20,15,4526,1,0
20,16,7209,1,0
20,17,7850,1,0
20,18,4543,1,0
20,19,8326,1,0
20,20,5359,1,0
20,21,4880,1,0
20,22,5644,1,0
20,23,8749,1,0
20,24,6276,1,0
20,25,7892,1,0
20,26,11478,1,0
20,27,8653,1,0
20,28,10764,1,0
20,29,9337,1,0
20,30,3457,1,0
20,31,8479,1,0
20,32,8161,1,0
20,33,10656,1,0
20,34,11473,1,0
20,35,8731,1,0
20,36,6520,1,0
20,37,12753,1,0
20,38,12009,1,0
20,39,7227,1,0
20,40,8598,1,0
20,41,3481,1,0
20,42,6896,1,0
20,43,7564,1,0
20,44,6201,1,0
20,45,12498,1,0
20,46,15557,1,0
20,47,9891,1,0
20,48,6368,1,0
20,49,11830,1,0
20,50,9194,1,0
20,51,6927,1,0
20,52,9776,1,0
20,53,12747,1,0
20,54,8089,1,0
20,55,6984,1,0
20,56,6952,1,0
20,57,6903,1,0
20,58,5734,1,0
20,59,12347,1,0
21,0,58890,1,0
21,1,6141,1,0
21,2,6207,1,0
21,3,10564,1,0
21,4,6961,1,0
21,5,11300,1,0
21,6,11609,1,0
21,7,7653,1,0
21,8,4196,1,0
21,9,8538,1,0
21,10,4919,1,0
21,11,4162,1,0
21,12,6487,1,0
21,13,9503,1,0
21,14,9547,1,0
21,15,4427,1,0
21,16,9207,1,0
21,17,7624,1,0
21,18,4376,1,0
21,19,9292,1,0
21,20,7050,1,0
21,21,8833,1,0
21,22,7862,1,0
21,23,7114,1,0
21,24,9690,1,0
21,25,8578,1,0
21,26,6539,1,0
21,27,6903,1,0
21,28,8442,1,0
21,29,7479,1,0
21,30,7986,1,0
21,31,4321,1,0
21,32,11886,1,0
21,33,8444,1,0
21,34,6599,1,0
21,35,11242,1,0
21,36,7549,1,0
21,37,9191,1,0
21,38,6269,1,0
21,39,11558,1,0
21,40,3647,1,0
21,41,11766,1,0
21,42,5791,1,0
21,43,3299,1,0
21,44,8086,1,0
21,45,11159,0,8
21,46,10215,1,0
21,47,4883,1,0
21,48,11336,0,8
21,49,12892,0,8
21,50,11419,0,8
21,51,10681,0,8
21,52,7123,1,0
21,53,13397,0,8
21,54,9370,0,8
21,55,6627,1,0
21,56,6033,1,0
21,57,8106,0,8
21,58,7502,1,0
21,59,9992,1,0
22,0,63847,1,0
22,1,9236,1,0
22,2,8661,1,0
22,3,10040,1,0
22,4,2386,1,0
22,5,5664,1,0
22,6,1429,1,0
22,7,5307,1,0
22,8,3944,1,0
22,9,6179,1,0
22,10,4419,1,0
22,11,2555,1,0
22,12,2568,1,0
22,13,3284,1,0
22,14,2368,1,0
22,15,4624,1,0
22,16,3635,1,0
22,17,4901,1,0
22,18,4339,1,0
22,19,6523,1,0
22,20,4238,1,0
22,21,8913,1,0
22,22,5191,1,0
22,23,7034,1,0
22,24,7302,1,0
22,25,4776,1,0
22,26,4013,1,0
22,27,4757,1,0
22,28,6504,1,0
22,29,7957,1,0
22,30,3578,1,0
22,31,3604,1,0
22,32,6195,1,0
22,33,2463,1,0
22,34,6622,1,0
22,35,4474,1,0
22,36,5485,1,0
22,37,8731,1,0
22,38,4350,1,0
22,39,5282,1,0
22,40,10343,1,0
22,41,3344,1,0
22,42,8634,1,0
22,43,4069,1,0
22,44,8463,1,0
22,45,11329,1,0
22,46,12419,1,0
22,47,4018,1,0
22,48,10113,1,0
22,49,8499,1,0
22,50,4449,1,0
22,51,8801,1,0
22,52,5418,1,0
22,53,5502,1,0
22,54,6968,1,0
22,55,3849,1,0
22,56,3323,1,0
22,57,1890,1,0
22,58,3923,1,0
22,59,4773,1,0
23,0,59229,1,0
23,1,13398,1,0
23,2,11735,1,0
23,3,5227,1,0
23,4,5876,1,0
23,5,6186,1,0
23,6,9811,1,0
23,7,8524,1,0
23,8,7989,1,0
23,9,10462,1,0
23,10,10581,1,0
23,11,5603,1,0
23,12,9605,1,0
23,13,6945,1,0
23,14,9455,1,0
23,15,10475,1,0
23,16,10769,1,0
23,17,9579,1,0
23,18,4391,1,0
23,19,10373,1,0
23,20,10385,1,0
23,21,10040,1,0
23,22,9087,1,0
23,23,10283,1,0
23,24,7142,1,0
23,25,5062,1,0
23,26,8521,1,0
23,27,9333,1,0
23,28,8390,1,0
23,29,7194,1,0
23,30,6494,1,0
23,31,10171,1,0
23,32,4172,1,0
23,33,12897,1,0
23,34,7893,1,0
23,35,8525,1,0
23,36,6976,1,0
23,37,13408,1,0
23,38,11244,1,0
23,39,6315,1,0
23,40,8497,1,0
23,41,12656,1,0
23,42,4311,1,0
23,43,9060,1,0
23,44,5135,1,0
23,45,11078,1,0
23,46,11734,1,0
23,47,6569,1,0
23,48,13406,1,0
23,49,5132,1,0
23,50,7359,1,0
23,51,10585,1,0
23,52,9343,1,0
23,53,9177,1,0
23,54,9899,1,0
23,55,7123,1,0
23,56,9645,1,0
23,57,9167,1,0
23,58,10129,1,0
23,59,7690,1,0
24,0,60095,1,0
24,1,11744,1,0
24,2,10303,1,0
24,3,5648,1,0
24,4,7059,1,0
24,5,9288,1,0
24,6,10234,1,0
24,7,9626,1,0
24,8,7405,1,0
24,9,9516,1,0
24,10,9499,1,0
24,11,10065,1,0
24,12,9368,1,0
24,13,6640,1,0
24,14,8304,1,0
24,15,11731,1,0
24,16,9946,1,0
24,17,8641,1,0
24,18,4989,1,0
24,19,8354,1,0
24,20,11067,1,0
24,21,9551,1,0
24,22,9625,1,0
24,23,9031,1,0
24,24,6549,1,0
24,25,5836,1,0
24,26,9957,1,0
24,27,10438,1,0
24,28,6899,1,0
24,29,12367,1,0
24,30,5865,1,0
24,31,10493,1,0
24,32,5398,1,0
24,33,11146,1,0
24,34,5242,1,0
24,35,8578,1,0
24,36,10605,1,0
24,37,7219,1,0
24,38,11080,1,0
24,39,9252,1,0
24,40,9057,1,0
24,41,14374,1,0
24,42,7294,1,0
24,43,8367,1,0
24,44,7524,1,0
24,45,12221,1,0
24,46,14225,1,0
24,47,4982,1,0
24,48,8365,1,0
24,49,12792,1,0
24,50,10399,1,0
24,51,12858,1,0
24,52,8423,1,0
24,53,9426,1,0
24,54,5705,1,0
24,55,8142,1,0
24,56,9684,1,0
24,57,6556,1,0
24,58,8514,1,0
24,59,5435,1,0
25,0,58957,1,0
25,1,12338,1,0
25,2,11182,1,0
25,3,9492,1,0
25,4,9730,1,0
25,5,9945,1,0
25,6,8382,1,0
25,7,7514,1,0
25,8,7060,1,0
25,9,9314,1,0
25,10,6923,1,0
25,11,3388,1,0
25,12,7458,1,0
25,13,6646,1,0
25,14,10280,1,0
25,15,8916,1,0
25,16,5656,1,0
25,17,8434,1,0
25,18,7343,1,0
25,19,10648,1,0
25,20,10026,1,0
25,21,9456,1,0
25,22,5849,1,0
25,23,8459,1,0
25,24,8403,1,0
25,25,11361,1,0
25,26,8406,1,0
25,27,5551,1,0
25,28,5208,1,0
25,29,11281,1,0
25,30,6097,1,0
25,31,4626,1,0
25,32,9274,1,0
25,33,12315,1,0
25,34,11250,1,0
25,35,10463,1,0
25,36,10666,1,0
25,37,13385,1,0
25,38,11888,1,0
25,39,10574,1,0
25,40,7356,1,0
25,41,14781,1,0
25,42,8140,1,0
25,43,7578,1,0
25,44,12564,0,8
25,45,7939,1,0
25,46,11300,0,8
25,47,10393,0,8
25,48,6821,1,0
25,49,12006,0,8
25,50,7604,1,0
25,51,3866,1,0
25,52,7066,1,0
25,53,13566,0,8
25,54,9933,0,8
25,55,8591,0,8
25,56,4891,1,0
25,57,8785,0,8
25,58,9205,0,8
25,59,13523,0,8
26,0,52856,1,0
26,1,8274,1,0
26,2,6699,1,0
26,3,7062,1,0
26,4,4795,1,0
26,5,10719,1,0
26,6,4921,1,0
26,7,3283,1,0
26,8,3618,1,0
26,9,3937,1,0
26,10,4916,1,0
26,11,2544,1,0
26,12,5230,1,0
26,13,5634,1,0
26,14,3922,1,0
26,15,7999,1,0
26,16,5394,1,0
26,17,5012,1,0
26,18,4836,1,0
26,19,6664,1,0
26,20,4704,1,0
26,21,5824,1,0
26,22,6485,1,0
26,23,5885,1,0
26,24,10682,1,0
26,25,9731,1,0
26,26,5754,1,0
26,27,7936,1,0
26,28,3911,1,0
26,29,9969,1,0
26,30,4094,1,0
26,31,9949,1,0
26,32,7630,1,0
26,33,8152,1,0
26,34,5670,1,0
26,35,7585,1,0
26,36,8337,1,0
26,37,11377,1,0
26,38,5063,1,0
26,39,6716,1,0
26,40,3033,1,0
26,41,3573,1,0
26,42,6294,1,0
26,43,4191,1,0
26,44,11631,1,0
26,45,7136,1,0
26,46,12139,1,0
26,47,4104,1,0
26,48,8893,1,0
26,49,7748,1,0
26,50,4055,1,0
26,51,3163,1,0
26,52,5435,1,0
26,53,10296,1,0
26,54,5612,1,0
26,55,3166,1,0
26,56,3110,1,0
26,57,3099,1,0
26,58,2773,1,0
26,59,11452,1,0
27,0,59730,1,0
27,1,9957,1,0
27,2,8706,1,0
27,3,7513,1,0
27,4,7926,1,0
27,5,9275,1,0
27,6,9554,1,0
27,7,8762,1,0
27,8,8403,1,0
27,9,7405,1,0
27,10,9441,1,0
27,11,4431,1,0
27,12,9621,1,0
27,13,9061,1,0
27,14,9029,1,0
27,15,8627,1,0
27,16,4398,1,0
27,17,9542,1,0
27,18,7376,1,0
27,19,10576,1,0
27,20,7392,1,0
27,21,7793,1,0
27,22,7297,1,0
27,23,8484,1,0
27,24,6751,1,0
27,25,9408,1,0
27,26,9799,1,0
27,27,8060,1,0
27,28,6537,1,0
27,29,12637,1,0
27,30,7573,1,0
27,31,10640,1,0
27,32,11749,0,8
27,33,7666,0,8
27,34,10905,0,8
27,35,9575,0,8
27,36,10282,0,8
27,37,11585,0,8
27,38,11015,0,8
27,39,10708,0,8
27,40,7173,0,8
27,41,8604,1,0
27,42,5809,1,0
27,43,8960,0,8
27,44,8205,1,0
27,45,10964,0,8
27,46,16201,0,8
27,47,6193,1,0
27,48,10028,0,8
27,49,6872,1,0
27,50,7819,1,0
27,51,7078,0,8
27,52,9262,0,8
27,53,5514,1,0
27,54,7218,0,8
27,55,6117,0,8
27,56,4384,1,0
27,57,7236,0,8
27,58,9398,0,8
27,59,13796,0,8
28,0,63845,1,0
28,1,6947,1,0
28,2,7547,1,0
28,3,7637,1,0
28,4,3271,1,0
28,5,6394,1,0
28,6,4765,1,0
28,7,3382,1,0
28,8,4950,1,0
28,9,5288,1,0
28,10,6822,1,0
28,11,4807,1,0
28,12,3437,1,0
28,13,4687,1,0
28,14,3100,1,0
28,15,5885,1,0
28,16,5138,1,0
28,17,5735,1,0
28,18,5914,1,0
28,19,8425,1,0
28,20,5379,1,0
28,21,7580,1,0
28,22,6374,1,0
28,23,4821,1,0
28,24,4717,1,0
28,25,10062,1,0
28,26,6142,1,0
28,27,6439,1,0
28,28,7676,1,0
28,29,6516,1,0
28,30,4238,1,0
28,31,7382,1,0
28,32,4974,1,0
28,33,8447,1,0
28,34,10268,1,0
28,35,5614,1,0
28,36,3817,1,0
28,37,11577,1,0
28,38,5162,1,0
28,39,4906,1,0
28,40,7273,1,0
28,41,8229,1,0
28,42,8563,1,0
28,43,6304,1,0
28,44,6558,1,0
28,45,9378,1,0
28,46,3825,1,0
28,47,3864,1,0
28,48,8364,1,0
28,49,9653,1,0
28,50,10302,1,0
28,51,3048,1,0
28,52,6635,1,0
28,53,9299,1,0
28,54,5896,1,0
28,55,5137,1,0
28,56,4716,1,0
28,57,4371,1,0
28,58,3799,1,0
28,59,6159,1,0
29,0,58689,1,0
29,1,9891,1,0
29,2,5192,1,0
29,3,4423,1,0
29,4,5668,1,0
29,5,6801,1,0
29,6,4901,1,0
29,7,6862,1,0
29,8,4391,1,0
29,9,9879,1,0
29,10,10623,1,0
29,11,10119,1,0
29,12,2689,1,0
29,13,6489,1,0
29,14,4823,1,0
29,15,6321,1,0
29,16,4307,1,0
29,17,4831,1,0
29,18,4992,1,0
29,19,4563,1,0
29,20,5872,1,0
29,21,7706,1,0
29,22,7301,1,0
29,23,9620,1,0
29,24,5225,1,0
29,25,10179,1,0
29,26,6230,1,0
29,27,5312,1,0
29,28,7469,1,0
29,29,9227,1,0
29,30,3651,1,0
29,31,6197,1,0
29,32,4599,1,0
29,33,2394,1,0
29,34,10266,1,0
29,35,6655,1,0
29,36,7167,1,0
29,37,10753,1,0
29,38,4418,1,0
29,39,5587,1,0
29,40,7711,1,0
29,41,4580,1,0
29,42,9278,1,0
29,43,5527,1,0
29,44,8190,1,0
29,45,5792,1,0
29,46,9712,1,0
29,47,11837,0,8
29,48,11097,0,8
29,49,12556,0,8
29,50,3800,1,0
29,51,5869,1,0
29,52,4913,1,0
29,53,11334,1,0
29,54,5611,1,0
29,55,4940,1,0
29,56,7908,0,8
29,57,10405,0,8
29,58,2721,1,0
29,59,7430,1,0
30,0,62408,1,0
30,1,9703,1,0
30,2,9173,1,0
30,3,4373,1,0
30,4,5538,1,0
30,5,13430,1,0
30,6,10379,1,0
30,7,4755,1,0
30,8,5628,1,0
30,9,8858,1,0
30,10,3625,1,0
30,11,8962,1,0
30,12,10680,1,0
30,13,12390,1,0
30,14,7720,1,0
30,15,5967,1,0
30,16,6894,1,0
30,17,6415,1,0
30,18,6050,1,0
30,19,7731,1,0
30,20,4092,1,0
30,21,9728,1,0
30,22,5018,1,0
30,23,10364,1,0
30,24,5118,1,0
30,25,11212,1,0
30,26,11300,1,0
30,27,6733,1,0
30,28,7779,1,0
30,29,5050,1,0
30,30,5821,1,0
30,31,9861,1,0
30,32,11621,1,0
30,33,6351,1,0
30,34,9766,0,8
30,35,7256,1,0
30,36,10144,0,8
30,37,9941,1,0
30,38,4099,1,0
30,39,4900,1,0
30,40,5425,1,0
30,41,3857,1,0
30,42,7622,0,8
30,43,9287,0,8
30,44,7136,1,0
30,45,11285,0,8
30,46,15336,0,8
30,47,7453,0,8
30,48,7749,1,0
30,49,9923,0,8
30,50,9522,1,0
30,51,7602,0,8
30,52,6294,1,0
30,53,12727,0,8
30,54,8233,0,8
30,55,9250,0,8
30,56,5110,1,0
30,57,10947,0,8
30,58,10394,0,8
30,59,13904,0,8
31,0,60435,1,0
31,1,12193,1,0
31,2,10471,1,0
31,3,8733,1,0
31,4,7810,1,0
31,5,9725,1,0
31,6,10955,1,0
31,7,8519,1,0
31,8,8216,1,0
31,9,6704,1,0
31,10,9489,1,0
31,11,6206,1,0
31,12,4992,1,0
31,13,9490,1,0
31,14,4008,1,0
31,15,8703,1,0
31,16,4701,1,0
31,17,8907,1,0
31,18,8361,1,0
31,19,4090,1,0
31,20,9984,1,0
31,21,5468,1,0
31,22,6932,1,0
31,23,10634,1,0
31,24,9901,1,0
31,25,6302,1,0
31,26,8997,1,0
31,27,4763,1,0
31,28,5174,1,0
31,29,9144,1,0
31,30,6630,1,0
31,31,10144,1,0
31,32,9139,1,0
31,33,9200,1,0
31,34,10063,1,0
31,35,9443,1,0
31,36,5029,1,0
31,37,8134,1,0
31,38,6316,1,0
31,39,7721,1,0
31,40,8417,1,0
31,41,10994,1,0
31,42,5056,1,0
31,43,9904,1,0
31,44,12722,0,8
31,45,13697,0,8
31,46,15465,0,8
31,47,6121,1,0
31,48,8837,0,8
31,49,9881,0,8
31,50,11226,0,8
31,51,10662,0,8
31,52,8452,0,8
31,53,14325,0,8
31,54,10431,0,8
31,55,6343,1,0
31,56,4786,1,0
31,57,7919,0,8
31,58,9818,0,8
31,59,9653,0,8
32,0,59367,1,0
32,1,6782,1,0
32,2,8708,1,0
32,3,10126,1,0
32,4,7114,1,0
32,5,9382,1,0
32,6,9086,1,0
32,7,7759,1,0
32,8,8228,1,0
32,9,10681,1,0
32,10,3526,1,0
32,11,10103,1,0
32,12,9500,1,0
32,13,9249,1,0
32,14,6005,1,0
32,15,4651,1,0
32,16,4539,1,0
32,17,7332,1,0
32,18,7065,1,0
32,19,4253,1,0
32,20,7585,1,0
32,21,6674,1,0
32,22,8062,1,0
32,23,5960,1,0
32,24,5576,1,0
32,25,7153,1,0
32,26,6519,1,0
32,27,4005,1,0
32,28,9389,1,0
32,29,9189,1,0
32,30,5355,1,0
32,31,7098,1,0
32,32,5648,1,0
32,33,6609,1,0
32,34,11671,1,0
32,35,9835,1,0
32,36,6998,1,0
32,37,9835,1,0
32,38,5223,1,0
32,39,6407,1,0
32,40,7769,1,0
32,41,13789,1,0
32,42,8469,1,0
32,43,4666,1,0
32,44,7076,1,0
32,45,9049,1,0
32,46,12376,1,0
32,47,4009,1,0
32,48,6930,1,0
32,49,4742,1,0
32,50,10176,0,8
32,51,10626,0,8
32,52,7815,1,0
32,53,14191,0,8
32,54,9342,0,8
32,55,6355,1,0
32,56,9670,0,8
32,57,5942,1,0
32,58,5821,0,8
32,59,11450,1,0
33,0,63779,1,0
33,1,8264,1,0
33,2,6975,1,0
33,3,8204,1,0
33,4,9714,1,0
33,5,9110,1,0
33,6,8784,1,0
33,7,8826,1,0
33,8,5126,1,0
33,9,10597,1,0
33,10,6285,1,0
33,11,8892,1,0
33,12,5309,1,0
33,13,5898,1,0
33,14,7685,1,0
33,15,11667,1,0
33,16,5223,1,0
33,17,4685,1,0
33,18,4354,1,0
33,19,7866,1,0
33,20,9109,1,0
33,21,6721,1,0
33,22,6207,1,0
33,23,8528,1,0
33,24,9734,1,0
33,25,7907,1,0
33,26,7308,1,0
33,27,5345,1,0
33,28,9798,1,0
33,29,7540,1,0
33,30,4788,1,0
33,31,5116,1,0
33,32,8235,1,0
33,33,10795,1,0
33,34,9100,1,0
33,35,9671,1,0
33,36,10906,1,0
33,37,12603,1,0
33,38,7658,1,0
33,39,10796,1,0
33,40,4019,1,0
33,41,12783,1,0
33,42,6652,1,0
33,43,10275,1,0
33,44,12725,1,0
33,45,5955,1,0
33,46,16177,1,0
33,47,7211,1,0
33,48,8277,1,0
33,49,6789,1,0
33,50,10212,1,0
33,51,5434,1,0
33,52,5870,1,0
33,53,13480,1,0
33,54,6791,1,0
33,55,6584,1,0
33,56,4985,1,0
33,57,5008,1,0
33,58,8889,1,0
33,59,5967,1,0
34,0,59608,1,0
34,1,6626,1,0
34,2,4499,1,0
34,3,7030,1,0
34,4,3306,1,0
34,5,11308,1,0
34,6,5623,1,0
34,7,5910,1,0
34,8,6185,1,0
34,9,7888,1,0
34,10,3590,1,0
34,11,3986,1,0
34,12,3670,1,0
34,13,9657,1,0
34,14,2299,1,0
34,15,6044,1,0
34,16,5831,1,0
34,17,7886,1,0
34,18,4383,1,0
34,19,4656,1,0
34,20,6000,1,0
34,21,7579,1,0
34,22,6012,1,0
34,23,5239,1,0
34,24,7860,1,0
34,25,6340,1,0
34,26,10948,1,0
34,27,4552,1,0
34,28,4276,1,0
34,29,6604,1,0
34,30,3274,1,0
34,31,7415,1,0
34,32,4029,1,0
34,33,1914,1,0
34,34,7543,1,0
34,35,6576,1,0
34,36,6456,1,0
34,37,10962,1,0
34,38,4411,1,0
34,39,4272,1,0
34,40,7459,1,0
34,41,10065,1,0
34,42,10302,1,0
34,43,4784,1,0
34,44,9888,1,0
34,45,8582,1,0
34,46,11488,1,0
34,47,4999,1,0
34,48,9875,1,0
34,49,9211,1,0
34,50,4394,1,0
34,51,9579,1,0
34,52,7251,1,0
34,53,10075,1,0
34,54,4459,1,0
34,55,6401,1,0
34,56,2842,1,0
34,57,2907,1,0
34,58,2787,1,0
34,59,4746,1,0
35,0,59121,1,0
35,1,10374,1,0
35,2,11212,1,0
35,3,8994,1,0
35,4,9256,1,0
35,5,9320,1,0
35,6,11107,1,0
35,7,8343,1,0
35,8,9070,1,0
35,9,8013,1,0
35,10,6567,1,0
35,11,7166,1,0
35,12,9494,1,0
35,13,10053,1,0
35,14,10735,1,0
35,15,9770,1,0
35,16,9854,1,0
35,17,10169,1,0
35,18,9514,1,0
35,19,4833,1,0
35,20,9907,1,0
35,21,10490,1,0
35,22,4993,1,0
35,23,10242,1,0
35,24,10862,1,0
35,25,11166,1,0
35,26,10624,1,0
35,27,5024,1,0
35,28,10450,1,0
35,29,12317,1,0
35,30,8195,1,0
35,31,8700,1,0
35,32,5621,1,0
35,33,8242,1,0
35,34,12035,1,0
35,35,13064,1,0
35,36,10209,1,0
35,37,13491,1,0
35,38,5629,1,0
35,39,7590,1,0
35,40,4856,1,0
35,41,8406,1,0
35,42,10754,1,0
35,43,6703,1,0
35,44,9687,1,0
35,45,13242,1,0
35,46,16128,1,0
35,47,11183,1,0
35,48,7855,1,0
35,49,11876,1,0
35,50,9836,1,0
35,51,11504,1,0
35,52,9881,1,0
35,53,14107,1,0
35,54,6924,1,0
35,55,7715,1,0
35,56,7884,1,0
35,57,8691,1,0
35,58,3504,1,0
35,59,6184,1,0
36,0,59570,1,0
36,1,6969,1,0
36,2,10447,1,0
36,3,6213,1,0
36,4,3459,1,0
36,5,10064,1,0
36,6,11855,1,0
36,7,6888,1,0
36,8,7307,1,0
36,9,8377,1,0
36,10,3634,1,0
36,11,2986,1,0
36,12,4462,1,0
36,13,4754,1,0
36,14,6090,1,0
36,15,2773,1,0
36,16,6032,1,0
36,17,8034,1,0
36,18,5857,1,0
36,19,9148,1,0
36,20,6235,1,0
36,21,9659,1,0
36,22,10436,1,0
36,23,6352,1,0
36,24,8075,1,0
36,25,4323,1,0
36,26,5745,1,0
36,27,4747,1,0
36,28,5900,1,0
36,29,9487,1,0
36,30,2693,1,0
36,31,3686,1,0
36,32,4659,1,0
36,33,9787,0,8
36,34,10840,0,8
36,35,9702,0,8
36,36,3636,1,0
36,37,10840,0,8
36,38,5055,1,0
36,39,6638,1,0
36,40,4561,1,0
36,41,9534,1,0
36,42,8615,0,8
36,43,7304,0,8
36,44,10274,0,8
36,45,7931,1,0
36,46,13234,1,0
36,47,8237,0,8
36,48,6638,1,0
36,49,9271,0,8
36,50,9326,1,0
36,51,5624,1,0
36,52,5045,1,0
36,53,11138,1,0
36,54,8035,0,8
36,55,4270,1,0
36,56,6170,1,0
36,57,4109,1,0
36,58,3138,1,0
36,59,11801,0,8
37,0,63294,1,0
37,1,10462,1,0
37,2,11625,1,0
37,3,8736,1,0
37,4,5836,1,0
37,5,10974,1,0
37,6,9047,1,0
37,7,7602,1,0
37,8,3761,1,0
37,9,10465,1,0
37,10,10379,1,0
37,11,10689,1,0
37,12,7841,1,0
37,13,10344,1,0
37,14,9743,1,0
37,15,3531,1,0
37,16,7229,1,0
37,17,7322,1,0
37,18,6001,1,0
37,19,10823,1,0
37,20,4360,1,0
37,21,5877,1,0
37,22,6777,1,0
37,23,9078,1,0
37,24,5840,1,0
37,25,10237,1,0
37,26,7396,1,0
37,27,5059,1,0
37,28,8021,1,0
37,29,6898,1,0
37,30,5920,1,0
37,31,4024,1,0
37,32,7102,1,0
37,33,12330,0,8
37,34,6002,1,0
37,35,10520,0,8
37,36,10889,0,8
37,37,13450,0,8
37,38,8290,0,8
37,39,7258,0,8
37,40,10566,0,8
37,41,12531,0,8
37,42,7879,0,8
37,43,5209,1,0
37,44,7240,1,0
37,45,9295,1,0
37,46,13520,1,0
37,47,9227,0,8
37,48,8150,0,8
37,49,9862,0,8
37,50,7106,1,0
37,51,11471,0,8
37,52,9283,0,8
37,53,9375,1,0
37,54,4898,1,0
37,55,6554,0,8
37,56,6922,1,0
37,57,5950,1,0
37,58,7141,1,0
37,59,6733,1,0
38,0,63881,1,0
38,1,9036,1,0
38,2,5426,1,0
38,3,5880,1,0
38,4,5361,1,0
38,5,10567,1,0
38,6,10688,1,0
38,7,7275,1,0
38,8,5086,1,0
38,9,4046,1,0
38,10,9071,1,0
38,11,7405,1,0
38,12,7213,1,0
38,13,6034,1,0
38,14,5119,1,0
38,15,9080,1,0
38,16,4616,1,0
38,17,7887,1,0
38,18,7214,1,0
38,19,7631,1,0
38,20,10396,1,0
38,21,11139,1,0
38,22,8267,1,0
38,23,6295,1,0
38,24,5839,1,0
38,25,9582,1,0
38,26,10460,1,0
38,27,6045,1,0
38,28,8092,1,0
38,29,7228,1,0
38,30,4135,1,0
38,31,6337,1,0
38,32,7141,1,0
38,33,10675,1,0
38,34,7849,1,0
38,35,7746,1,0
38,36,6537,1,0
38,37,11485,1,0
38,38,8336,1,0
38,39,5995,1,0
38,40,3638,1,0
38,41,7623,1,0
38,42,4580,1,0
38,43,9534,0,8
38,44,9935,0,8
38,45,11213,0,8
38,46,15195,0,8
38,47,9629,0,8
38,48,9150,1,0
38,49,4827,1,0
38,50,5401,0,8
38,51,3979,1,0
38,52,6056,1,0
38,53,11168,1,0
38,54,8301,1,0
38,55,4541,1,0
38,56,9451,0,8
38,57,5998,1,0
38,58,9370,0,8
38,59,13788,0,8
39,0,60894,1,0
39,1,6621,1,0
39,2,7048,1,0
39,3,8611,1,0
39,4,6056,1,0
39,5,10795,1,0
39,6,8978,1,0
39,7,3649,1,0
39,8,5637,1,0
39,9,8927,1,0
39,10,7918,1,0
39,11,3997,1,0
39,12,3946,1,0
39,13,5873,1,0
39,14,6439,1,0
39,15,3356,1,0
39,16,4205,1,0
39,17,5488,1,0
39,18,4395,1,0
39,19,7831,1,0
39,20,10271,1,0
39,21,12018,1,0
39,22,7844,1,0
39,23,5547,1,0
39,24,4657,1,0
39,25,10955,1,0
39,26,5159,1,0
39,27,8107,1,0
39,28,8671,1,0
39,29,5697,1,0
39,30,3025,1,0
39,31,8072,1,0
39,32,4926,1,0
39,33,11131,0,8
39,34,5505,1,0
39,35,8714,0,8
39,36,3355,1,0
39,37,10883,0,8
39,38,8372,0,8
39,39,7251,0,8
39,40,8360,0,8
39,41,7365,1,0
39,42,5793,1,0
39,43,6842,1,0
39,44,7059,1,0
39,45,13729,0,8
39,46,9282,1,0
39,47,8234,0,8
39,48,9031,0,8
39,49,4723,1,0
39,50,4826,1,0
39,51,3198,1,0
39,52,4483,1,0
39,53,11194,1,0
39,54,8395,0,8
39,55,3668,1,0
39,56,2338,1,0
39,57,9478,0,8
39,58,2874,1,0
39,59,5513,1,0
40,0,54721,1,0
40,1,12482,1,0
40,2,10446,1,0
40,3,4302,1,0
40,4,2366,1,0
40,5,6218,1,0
40,6,9635,1,0
40,7,10967,1,0
40,8,8557,1,0
40,9,6864,1,0
40,10,10423,1,0
40,11,10685,1,0
40,12,10066,1,0
40,13,9526,1,0
40,14,7413,1,0
40,15,4455,1,0
40,16,8632,1,0
40,17,7234,1,0
40,18,5752,1,0
40,19,5318,1,0
40,20,5532,1,0
40,21,11104,1,0
40,22,9022,1,0
40,23,7209,1,0
40,24,5767,1,0
40,25,11433,1,0
40,26,10815,1,0
40,27,10018,1,0
40,28,7697,1,0
40,29,4983,1,0
40,30,9598,1,0
40,31,6010,1,0
40,32,7255,1,0
40,33,11372,0,8
40,34,9256,0,8
40,35,8437,0,8
40,36,9399,0,8
40,37,8057,1,0
40,38,4662,1,0
40,39,6385,1,0
40,40,2643,1,0
40,41,4115,1,0
40,42,5447,1,0
40,43,6847,1,0
40,44,12072,0,8
40,45,8857,1,0
40,46,11453,1,0
40,47,6166,1,0
40,48,8066,0,8
40,49,8674,1,0
40,50,11666,0,8
40,51,8769,0,8
40,52,7437,0,8
40,53,14149,0,8
40,54,5489,1,0
40,55,5832,0,8
40,56,4690,1,0
40,57,6560,0,8
40,58,7184,1,0
40,59,9396,1,0
41,0,58834,1,0
41,1,12003,1,0
41,2,9118,1,0
41,3,7114,1,0
41,4,9802,1,0
41,5,6212,1,0
41,6,5536,1,0
41,7,8774,1,0
41,8,4122,1,0
41,9,10739,1,0
41,10,8966,1,0
41,11,8647,1,0
41,12,7558,1,0
41,13,6572,1,0
41,14,9140,1,0
41,15,5321,1,0
41,16,8095,1,0
41,17,7116,1,0
41,18,8495,1,0
41,19,10518,1,0
41,20,7314,1,0
41,21,9613,1,0
41,22,7319,1,0
41,23,7788,1,0
41,24,6776,1,0
41,25,5909,1,0
41,26,6588,1,0
41,27,6406,1,0
41,28,8544,1,0
41,29,11450,1,0
41,30,5558,1,0
41,31,9747,1,0
41,32,9303,1,0
41,33,11178,1,0
41,34,10850,1,0
41,35,11761,1,0
41,36,6491,1,0
41,37,8204,1,0
41,38,10381,1,0
41,39,9808,1,0
41,40,9381,1,0
41,41,11754,1,0
41,42,10737,1,0
41,43,9675,1,0
41,44,12043,0,8
41,45,7542,1,0
41,46,16094,0,8
41,47,9288,0,8
41,48,13289,0,8
41,49,6668,1,0
41,50,11083,0,8
41,51,9062,0,8
41,52,11163,0,8
41,53,8764,1,0
41,54,9218,1,0
41,55,9278,0,8
41,56,7827,0,8
41,57,9218,0,8
41,58,8222,0,8
41,59,12121,0,8
42,0,63834,1,0
42,1,8087,1,0
42,2,8220,1,0
42,3,5660,1,0
42,4,4557,1,0
42,5,5665,1,0
42,6,4812,1,0
42,7,3696,1,0
42,8,6225,1,0
42,9,8041,1,0
42,10,7437,1,0
42,11,7483,1,0
42,12,10491,1,0
42,13,6039,1,0
42,14,5510,1,0
42,15,7537,1,0
42,16,3465,1,0
42,17,3220,1,0
42,18,4258,1,0
42,19,5553,1,0
42,20,5406,1,0
42,21,6787,1,0
42,22,5722,1,0
42,23,4309,1,0
42,24,6783,1,0
42,25,5248,1,0
42,26,10305,1,0
42,27,8264,1,0
42,28,5355,1,0
42,29,8261,1,0
42,30,4232,1,0
42,31,7431,1,0
42,32,4149,1,0
42,33,7691,1,0
42,34,8011,1,0
42,35,6647,1,0
42,36,10182,1,0
42,37,6924,1,0
42,38,4504,1,0
42,39,7919,1,0
42,40,5400,1,0
42,41,4139,1,0
42,42,8295,1,0
42,43,5017,1,0
42,44,8733,1,0
42,45,6017,1,0
42,46,1922,1,0
42,47,4864,1,0
42,48,6198,1,0
42,49,9246,1,0
42,50,5531,1,0
42,51,3203,1,0
42,52,5518,1,0
42,53,5319,1,0
42,54,1941,1,0
42,55,8424,1,0
42,56,2596,1,0
42,57,8362,0,8
42,58,3900,1,0
42,59,4762,1,0
43,0,59409,1,0
43,1,12787,1,0
43,2,6559,1,0
43,3,6103,1,0
43,4,4508,1,0
43,5,8511,1,0
43,6,11541,1,0
43,7,5300,1,0
43,8,6636,1,0
43,9,7885,1,0
43,10,6768,1,0
43,11,10377,1,0
43,12,6116,1,0
43,13,5088,1,0
43,14,9317,1,0
43,15,6410,1,0
43,16,6564,1,0
43,17,5541,1,0
43,18,5466,1,0
43,19,6057,1,0
43,20,5198,1,0
43,21,7218,1,0
43,22,5543,1,0
43,23,4708,1,0
43,24,9338,1,0
43,25,8573,1,0
43,26,5620,1,0
43,27,6142,1,0
43,28,6764,1,0
43,29,9967,1,0
43,30,4150,1,0
43,31,9324,1,0
43,32,5644,1,0
43,33,9946,1,0
43,34,12029,1,0
43,35,6406,1,0
43,36,4483,1,0
43,37,8504,1,0
43,38,5953,1,0
43,39,6352,1,0
43,40,4912,1,0
43,41,7368,1,0
43,42,5292,1,0
43,43,3823,1,0
43,44,6802,1,0
43,45,13107,1,0
43,46,11019,1,0
43,47,10462,1,0
43,48,10101,1,0
43,49,7247,1,0
43,50,7704,1,0
43,51,6310,1,0
43,52,5598,1,0
43,53,9214,1,0
43,54,6680,1,0
43,55,4502,1,0
43,56,4201,1,0
43,57,4131,1,0
43,58,4834,1,0
43,59,8447,1,0
44,0,59090,1,0
44,1,8283,1,0
44,2,8076,1,0
44,3,5254,1,0
44,4,2946,1,0
44,5,9114,1,0
44,6,5512,1,0
44,7,7003,1,0
44,8,8949,1,0
44,9,8558,1,0
44,10,4234,1,0
44,11,4148,1,0
44,12,6450,1,0
44,13,10536,1,0
44,14,8207,1,0
44,15,6594,1,0
44,16,7306,1,0
44,17,7572,1,0
44,18,6260,1,0
44,19,2428,1,0
44,20,10166,1,0
44,21,11982,1,0
44,22,9410,1,0
44,23,6337,1,0
44,24,10326,1,0
44,25,10529,1,0
44,26,7175,1,0
44,27,7768,1,0
44,28,9773,1,0
44,29,10459,1,0
44,30,9464,1,0
44,31,6700,1,0
44,32,4731,1,0
44,33,8966,1,0
44,34,9582,1,0
44,35,13907,1,0
44,36,5006,1,0
44,37,11788,1,0
44,38,8192,1,0
44,39,10655,1,0
44,40,10384,1,0
44,41,12683,1,0
44,42,7629,1,0
44,43,7337,1,0
44,44,9054,1,0
44,45,5625,1,0
44,46,15416,1,0
44,47,4834,1,0
44,48,6196,1,0
44,49,5296,1,0
44,50,11836,1,0
44,51,12767,1,0
44,52,3787,1,0
44,53,12890,1,0
44,54,5689,1,0
44,55,7539,1,0
44,56,7176,1,0
44,57,5055,1,0
44,58,8269,1,0
44,59,12323,1,0
45,0,63090,1,0
45,1,8924,1,0
45,2,9058,1,0
45,3,5558,1,0
45,4,10379,1,0
45,5,13232,1,0
45,6,6885,1,0
45,7,8828,1,0
45,8,5854,1,0
45,9,7269,1,0
45,10,6116,1,0
45,11,8758,1,0
45,12,5656,1,0
45,13,9259,1,0
45,14,8976,1,0
45,15,10293,1,0
45,16,10454,1,0
45,17,8648,1,0
45,18,9041,1,0
45,19,10807,1,0
45,20,10100,1,0
45,21,11552,1,0
45,22,5422,1,0
45,23,7833,1,0
45,24,9634,1,0
45,25,10239,1,0
45,26,8959,1,0
45,27,7764,1,0
45,28,10330,1,0
45,29,11624,1,0
45,30,7865,1,0
45,31,10242,1,0
45,32,10091,1,0
45,33,10547,1,0
45,34,12549,1,0
45,35,11670,1,0
45,36,4164,1,0
45,37,7259,1,0
45,38,10605,1,0
45,39,10822,1,0
45,40,9133,1,0
45,41,12758,1,0
45,42,5683,1,0
45,43,9195,1,0
45,44,12169,1,0
45,45,10898,0,8
45,46,16199,0,8
45,47,9741,0,8
45,48,12122,0,8
45,49,9867,0,8
45,50,10194,1,0
45,51,4015,1,0
45,52,8219,0,8
45,53,9147,1,0
45,54,9020,1,0
45,55,8816,1,0
45,56,9532,0,8
45,57,8764,0,8
45,58,10136,0,8
45,59,6777,1,0
46,0,58390,1,0
46,1,12067,1,0
46,2,5337,1,0
46,3,10173,1,0
46,4,9265,1,0
46,5,14006,1,0
46,6,9510,1,0
46,7,5525,1,0
46,8,4717,1,0
46,9,10542,1,0
46,10,5371,1,0
46,11,9897,1,0
46,12,7123,1,0
46,13,8923,1,0
46,14,7885,1,0
46,15,5531,1,0
46,16,8342,1,0
46,17,10041,1,0
46,18,6756,1,0
46,19,9322,1,0
46,20,5441,1,0
46,21,7830,1,0
46,22,8011,1,0
46,23,7496,1,0
46,24,5604,1,0
46,25,10687,1,0
46,26,8478,1,0
46,27,8719,1,0
46,28,9591,1,0
46,29,5941,1,0
46,30,4128,1,0
46,31,9793,1,0
46,32,10105,1,0
46,33,6744,1,0
46,34,8995,1,0
46,35,11749,1,0
46,36,6480,1,0
46,37,11797,1,0
46,38,9241,1,0
46,39,8109,1,0
46,40,7625,1,0
46,41,9835,1,0
46,42,5471,1,0
46,43,6349,1,0
46,44,8319,1,0
46,45,10905,1,0
46,46,14139,1,0
46,47,5414,1,0
46,48,10139,1,0
46,49,9419,1,0
46,50,5481,1,0
46,51,10952,1,0
46,52,3768,1,0
46,53,13184,1,0
46,54,9095,1,0
46,55,6898,1,0
46,56,5984,1,0
46,57,7327,1,0
46,58,8498,1,0
46,59,9905,1,0
47,0,63245,1,0
47,1,9277,1,0
47,2,10272,1,0
47,3,10656,1,0
47,4,7037,1,0
47,5,11097,1,0
47,6,8894,1,0
47,7,8662,1,0
47,8,4527,1,0
47,9,6250,1,0
47,10,5986,1,0
47,11,3752,1,0
47,12,6361,1,0
47,13,10621,1,0
47,14,9060,1,0
47,15,8694,1,0
47,16,6930,1,0
47,17,4181,1,0
47,18,4561,1,0
47,19,9056,1,0
47,20,9193,1,0
47,21,11205,1,0
47,22,9056,1,0
47,23,7401,1,0
47,24,7733,1,0
47,25,9562,1,0
47,26,8303,1,0
47,27,8831,1,0
47,28,9644,1,0
47,29,12675,1,0
47,30,7685,1,0
47,31,4921,1,0
47,32,5012,1,0
47,33,9465,1,0
47,34,12125,1,0
47,35,7681,1,0
47,36,10432,1,0
47,37,13328,1,0
47,38,9924,1,0
47,39,7872,1,0
47,40,2884,1,0
47,41,12844,1,0
47,42,5265,1,0
47,43,10509,1,0
47,44,7532,1,0
47,45,10165,1,0
47,46,16031,1,0
47,47,8712,1,0
47,48,9746,1,0
47,49,7820,1,0
47,50,11962,1,0
47,51,10549,1,0
47,52,7158,1,0
47,53,13142,1,0
47,54,8818,1,0
47,55,6317,1,0
47,56,6847,1,0
47,57,8182,1,0
47,58,7728,1,0
47,59,10087,1,0
48,0,53871,1,0
48,1,11876,1,0
48,2,10644,1,0
48,3,8640,1,0
48,4,4536,1,0
48,5,10299,1,0
48,6,11101,1,0
48,7,5097,1,0
48,8,9912,1,0
48,9,6826,1,0
48,10,6316,1,0
48,11,5379,1,0
48,12,3927,1,0
48,13,10166,1,0
48,14,10762,1,0
48,15,9841,1,0
48,16,8912,1,0
48,17,4873,1,0
48,18,8406,1,0
48,19,10570,1,0
48,20,9637,1,0
48,21,9829,1,0
48,22,9542,1,0
48,23,9420,1,0
48,24,6945,1,0
48,25,11453,1,0
48,26,9269,1,0
48,27,4804,1,0
48,28,9964,1,0
48,29,12522,1,0
48,30,9112,1,0
48,31,9448,1,0
48,32,11371,1,0
48,33,12385,1,0
48,34,10395,1,0
48,35,13405,1,0
48,36,11065,1,0
48,37,9399,1,0
48,38,11634,1,0
48,39,10814,1,0
48,40,8538,1,0
48,41,10329,1,0
48,42,10734,1,0
48,43,9984,0,8
48,44,11246,0,8
48,45,10984,0,8
48,46,15481,0,8
48,47,10835,0,8
48,48,10412,1,0
48,49,6461,1,0
48,50,11332,0,8
48,51,10406,0,8
48,52,9119,0,8
48,53,14026,0,8
48,54,5440,1,0
48,55,8500,0,8
48,56,4373,1,0
48,57,8814,0,8
48,58,10126,0,8
48,59,7142,1,0
49,0,54671,1,0
49,1,9768,1,0
49,2,8059,1,0
49,3,7284,1,0
49,4,7180,1,0
49,5,6636,1,0
49,6,4849,1,0
49,7,9722,1,0
49,8,9039,1,0
49,9,8119,1,0
49,10,8604,1,0
49,11,10651,1,0
49,12,5018,1,0
49,13,10439,1,0
49,14,5072,1,0
49,15,7572,1,0
49,16,8466,1,0
49,17,9673,1,0
49,18,7496,1,0
49,19,4234,1,0
49,20,10253,1,0
49,21,10968,1,0
49,22,8168,1,0
49,23,7040,1,0
49,24,5661,1,0
49,25,10586,1,0
49,26,6080,1,0
49,27,6461,1,0
49,28,6761,1,0
49,29,7427,1,0
49,30,4991,1,0
49,31,6311,1,0
49,32,8214,1,0
49,33,10785,1,0
49,34,8328,1,0
49,35,10489,1,0
49,36,7701,1,0
49,37,12522,1,0
49,38,8644,1,0
49,39,7087,1,0
49,40,5670,1,0
49,41,4083,1,0
49,42,9085,1,0
49,43,8703,1,0
49,44,8514,1,0
49,45,12452,1,0
49,46,2760,1,0
49,47,10097,1,0
49,48,12024,1,0
49,49,12413,1,0
49,50,9393,1,0
49,51,7638,1,0
49,52,6116,1,0
49,53,12988,1,0
49,54,10585,1,0
49,55,6248,1,0
49,56,9527,1,0
49,57,4240,1,0
49,58,5834,1,0
49,59,10072,1,0
50,0,61135,1,0
50,1,9307,1,0
50,2,11167,1,0
50,3,5829,1,0
50,4,9845,1,0
50,5,6811,1,0
50,6,11472,1,0
50,7,9725,1,0
50,8,9644,1,0
50,9,8928,1,0
50,10,6452,1,0
50,11,8181,1,0
50,12,8136,1,0
50,13,7216,1,0
50,14,10763,1,0
50,15,10151,1,0
50,16,4544,1,0
50,17,9627,1,0
50,18,8244,1,0
50,19,10808,1,0
50,20,10161,1,0
50,21,9750,1,0
50,22,4507,1,0
50,23,8638,1,0
50,24,10707,1,0
50,25,7283,1,0
50,26,9313,1,0
50,27,5468,1,0
50,28,4348,1,0
50,29,11772,1,0
50,30,6429,1,0
50,31,10456,1,0
50,32,10038,1,0
50,33,12357,1,0
50,34,11641,1,0
50,35,10853,1,0
50,36,11105,1,0
50,37,13493,1,0
50,38,11252,1,0
50,39,10587,1,0
50,40,3713,1,0
50,41,7938,1,0
50,42,9153,0,8
50,43,7629,0,8
50,44,6228,1,0
50,45,12959,0,8
50,46,10018,1,0
50,47,5465,1,0
50,48,12952,0,8
50,49,9439,0,8
50,50,5125,1,0
50,51,10947,0,8
50,52,8009,0,8
50,53,13543,0,8
50,54,4447,1,0
50,55,8836,0,8
50,56,8518,1,0
50,57,7384,0,8
50,58,10163,0,8
50,59,14575,0,8
51,0,53447,1,0
51,1,6362,1,0
51,2,10823,1,0
51,3,4411,1,0
51,4,3528,1,0
51,5,5934,1,0
51,6,5035,1,0
51,7,3316,1,0
51,8,3141,1,0
51,9,8627,1,0
51,10,4341,1,0
51,11,4515,1,0
51,12,3045,1,0
51,13,4712,1,0
51,14,3040,1,0
51,15,4029,1,0
51,16,7132,1,0
51,17,4798,1,0
51,18,7953,1,0
51,19,4599,1,0
51,20,7640,1,0
51,21,9028,1,0
51,22,6693,1,0
51,23,4389,1,0
51,24,5422,1,0
51,25,4625,1,0
51,26,5839,1,0
51,27,3975,1,0
51,28,4079,1,0
51,29,7319,1,0
51,30,4352,1,0
51,31,4138,1,0
51,32,4341,1,0
51,33,2299,1,0
51,34,9767,1,0
51,35,13262,1,0
51,36,4566,1,0
51,37,6545,1,0
51,38,6869,1,0
51,39,5742,1,0
51,40,3922,1,0
51,41,5143,1,0
51,42,8297,1,0
51,43,6186,1,0
51,44,11698,1,0
51,45,5514,1,0
51,46,2556,1,0
51,47,5065,1,0
51,48,10891,1,0
51,49,5390,1,0
51,50,4929,1,0
51,51,3551,1,0
51,52,6735,1,0
51,53,11151,1,0
51,54,8625,1,0
51,55,6500,1,0
51,56,2324,1,0
51,57,10962,1,0
51,58,3110,1,0
51,59,5575,1,0
52,0,52657,1,0
52,1,10480,1,0
52,2,11093,1,0
52,3,8767,1,0
52,4,9268,1,0
52,5,9161,1,0
52,6,7912,1,0
52,7,9003,1,0
52,8,9764,1,0
52,9,9572,1,0
52,10,5302,1,0
52,11,10460,1,0
52,12,9604,1,0
52,13,10282,1,0
52,14,10771,1,0
52,15,10091,1,0
52,16,9759,1,0
52,17,10309,1,0
52,18,9519,1,0
52,19,5728,1,0
52,20,7793,1,0
52,21,9343,1,0
52,22,9828,1,0
52,23,10294,1,0
52,24,6631,1,0
52,25,9721,1,0
52,26,8952,1,0
52,27,5345,1,0
52,28,10385,1,0
52,29,9334,1,0
52,30,7659,1,0
52,31,10712,1,0
52,32,9025,1,0
52,33,7924,1,0
52,34,8449,1,0
52,35,6304,1,0
52,36,9169,1,0
52,37,8225,1,0
52,38,5502,1,0
52,39,5061,1,0
52,40,10365,1,0
52,41,10038,1,0
52,42,8217,1,0
52,43,8469,0,8
52,44,11095,0,8
52,45,7738,1,0
52,46,16254,0,8
52,47,10894,0,8
52,48,7865,1,0
52,49,11769,0,8
52,50,7169,1,0
52,51,10387,0,8
52,52,9239,0,8
52,53,13628,0,8
52,54,9052,1,0
52,55,4124,1,0
52,56,7860,0,8
52,57,8176,1,0
52,58,10254,0,8
52,59,7144,1,0
53,0,61063,1,0
53,1,9201,1,0
53,2,9174,1,0
53,3,7531,1,0
53,4,7817,1,0
53,5,11233,1,0
53,6,11098,1,0
53,7,5188,1,0
53,8,8685,1,0
53,9,8077,1,0
53,10,9009,1,0
53,11,8745,1,0
53,12,9474,1,0
53,13,10122,1,0
53,14,8530,1,0
53,15,5668,1,0
53,16,8837,1,0
53,17,8548,1,0
53,18,7313,1,0
53,19,6795,1,0
53,20,11107,1,0
53,21,11868,1,0
53,22,7869,1,0
53,23,10449,1,0
53,24,10268,1,0
53,25,10709,1,0
53,26,8525,1,0
53,27,9203,1,0
53,28,9762,1,0
53,29,9245,1,0
53,30,6162,1,0
53,31,8104,1,0
53,32,10099,1,0
53,33,12405,1,0
53,34,7552,1,0
53,35,9552,1,0
53,36,4050,1,0
53,37,13376,1,0
53,38,5029,1,0
53,39,9979,1,0
53,40,8511,1,0
53,41,9867,1,0
53,42,9902,0,8
53,43,8759,0,8
53,44,9462,1,0
53,45,8747,1,0
53,46,16160,0,8
53,47,5410,1,0
53,48,8240,1,0
53,49,10205,0,8
53,50,8380,0,8
53,51,9807,1,0
53,52,9153,0,8
53,53,13423,0,8
53,54,8503,0,8
53,55,7019,0,8
53,56,9604,0,8
53,57,7320,1,0
53,58,9040,0,8
53,59,15246,0,8
54,0,62430,1,0
54,1,7724,1,0
54,2,4908,1,0
54,3,7952,1,0
54,4,6127,1,0
54,5,14272,1,0
54,6,4761,1,0
54,7,5175,1,0
54,8,5563,1,0
54,9,5795,1,0
54,10,8820,1,0
54,11,10057,1,0
54,12,5560,1,0
54,13,9666,1,0
54,14,7786,1,0
54,15,8178,1,0
54,16,5118,1,0
54,17,5925,1,0
54,18,5876,1,0
54,19,4830,1,0
54,20,9345,1,0
54,21,7842,1,0
54,22,10317,1,0
54,23,6929,1,0
54,24,8345,1,0
54,25,10133,1,0
54,26,6645,1,0
54,27,6069,1,0
54,28,5035,1,0
54,29,6409,1,0
54,30,9634,1,0
54,31,8143,1,0
54,32,7175,1,0
54,33,11131,1,0
54,34,12192,1,0
54,35,9525,1,0
54,36,8600,1,0
54,37,9725,1,0
54,38,7599,1,0
54,39,9484,1,0
54,40,5875,1,0
54,41,4451,1,0
54,42,6469,1,0
54,43,6023,1,0
54,44,10875,0,8
54,45,9342,1,0
54,46,10285,1,0
54,47,6409,1,0
54,48,7221,1,0
54,49,4811,1,0
54,50,8424,1,0
54,51,9096,1,0
54,52,7776,1,0
54,53,12929,0,8
54,54,6435,1,0
54,55,6405,1,0
54,56,7738,0,8
54,57,6929,1,0
54,58,7452,1,0
54,59,9282,1,0
55,0,63133,1,0
55,1,7521,1,0
55,2,7981,1,0
55,3,4527,1,0
55,4,1464,1,0
55,5,10834,1,0
55,6,11649,1,0
55,7,7271,1,0
55,8,7809,1,0
55,9,8537,1,0
55,10,5158,1,0
55,11,10873,1,0
55,12,2925,1,0
55,13,9571,1,0
55,14,8302,1,0
55,15,4546,1,0
55,16,6840,1,0
55,17,9574,1,0
55,18,5605,1,0
55,19,8385,1,0
55,20,4888,1,0
55,21,10974,1,0
55,22,7570,1,0
55,23,4207,1,0
55,24,11524,1,0
55,25,9843,1,0
55,26,6738,1,0
55,27,6266,1,0
55,28,7606,1,0
55,29,11592,1,0
55,30,7780,1,0
55,31,8718,1,0
55,32,4176,1,0
55,33,2470,1,0
55,34,7157,1,0
55,35,10736,1,0
55,36,7941,1,0
55,37,9964,1,0
55,38,4571,1,0
55,39,6289,1,0
55,40,7082,1,0
55,41,12818,1,0
55,42,10947,1,0
55,43,9356,1,0
55,44,8304,1,0
55,45,10150,1,0
55,46,15565,1,0
55,47,9648,1,0
55,48,6030,1,0
55,49,9658,1,0
55,50,11743,1,0
55,51,11805,1,0
55,52,6296,1,0
55,53,12926,1,0
55,54,8853,1,0
55,55,4063,1,0
55,56,5893,1,0
55,57,6905,1,0
55,58,7450,1,0
55,59,10152,1,0
56,0,63112,1,0
56,1,7081,1,0
56,2,8665,1,0
56,3,7078,1,0
56,4,8252,1,0
56,5,13503,1,0
56,6,7136,1,0
56,7,7646,1,0
56,8,4775,1,0
56,9,5925,1,0
56,10,10545,1,0
56,11,5613,1,0
56,12,6294,1,0
56,13,7630,1,0
56,14,7499,1,0
56,15,11695,1,0
56,16,3645,1,0
56,17,5931,1,0
56,18,6732,1,0
56,19,10497,1,0
56,20,4252,1,0
56,21,5528,1,0
56,22,7036,1,0
56,23,9204,1,0
56,24,5509,1,0
56,25,9439,1,0
56,26,6722,1,0
56,27,6762,1,0
56,28,7016,1,0
56,29,6431,1,0
56,30,8537,1,0
56,31,7873,1,0
56,32,12124,1,0
56,33,6913,1,0
56,34,7891,1,0
56,35,7721,1,0
56,36,9892,1,0
56,37,6810,1,0
56,38,4942,1,0
56,39,10922,1,0
56,40,5933,1,0
56,41,12551,1,0
56,42,4340,1,0
56,43,8221,1,0
56,44,6551,1,0
56,45,13643,0,8
56,46,16162,0,8
56,47,6631,1,0
56,48,12910,0,8
56,49,11845,0,8
56,50,11494,0,8
56,51,5622,1,0
56,52,8398,0,8
56,53,13336,1,0
56,54,11284,0,8
56,55,8262,1,0
56,56,6726,1,0
56,57,7755,1,0
56,58,7225,0,8
56,59,13688,0,8
57,0,59220,1,0
57,1,6410,1,0
57,2,4615,1,0
57,3,8054,1,0
57,4,2617,1,0
57,5,7128,1,0
57,6,4700,1,0
57,7,3670,1,0
57,8,7016,1,0
57,9,3891,1,0
57,10,8026,1,0
57,11,4099,1,0
57,12,10352,1,0
57,13,5934,1,0
57,14,6073,1,0
57,15,5761,1,0
57,16,8209,1,0
57,17,3555,1,0
57,18,9448,1,0
57,19,2131,1,0
57,20,4624,1,0
57,21,8533,1,0
57,22,6352,1,0
57,23,4470,1,0
57,24,7899,1,0
57,25,4546,1,0
57,26,4075,1,0
57,27,3883,1,0
57,28,9611,1,0
57,29,10818,1,0
57,30,3942,1,0
57,31,4517,1,0
57,32,5273,1,0
57,33,2343,1,0
57,34,6319,1,0
57,35,6677,1,0
57,36,11630,1,0
57,37,7578,1,0
57,38,8124,1,0
57,39,4778,1,0
57,40,10334,1,0
57,41,10129,1,0
57,42,9237,0,8
57,43,5322,1,0
57,44,12478,0,8
57,45,7975,1,0
57,46,3415,1,0
57,47,8802,0,8
57,48,11220,1,0
57,49,9194,0,8
57,50,3900,1,0
57,51,3393,1,0
57,52,5337,1,0
57,53,9276,1,0
57,54,5221,1,0
57,55,4599,1,0
57,56,4697,1,0
57,57,7502,1,0
57,58,5049,1,0
57,59,6541,1,0
58,0,53872,1,0
58,1,10348,1,0
58,2,11449,1,0
58,3,10265,1,0
58,4,9305,1,0
58,5,6777,1,0
58,6,10496,1,0
58,7,9834,1,0
58,8,8233,1,0
58,9,10569,1,0
58,10,10232,1,0
58,11,8328,1,0
58,12,10425,1,0
58,13,9990,1,0
58,14,5794,1,0
58,15,10482,1,0
58,16,9816,1,0
58,17,8758,1,0
58,18,8196,1,0
58,19,6986,1,0
58,20,9614,1,0
58,21,8439,1,0
58,22,9982,1,0
58,23,10286,1,0
58,24,11408,1,0
58,25,5525,1,0
58,26,5472,1,0
58,27,9899,1,0
58,28,5047,1,0
58,29,10122,1,0
58,30,7890,1,0
58,31,10476,1,0
58,32,12062,1,0
58,33,9490,1,0
58,34,11763,1,0
58,35,10744,1,0
58,36,8354,1,0
58,37,8235,1,0
58,38,5927,1,0
58,39,7837,1,0
58,40,8503,1,0
58,41,8909,1,0
58,42,8935,1,0
58,43,9263,0,8
58,44,10724,0,8
58,45,12018,0,8
58,46,11511,1,0
58,47,9925,0,8
58,48,8275,1,0
58,49,11458,0,8
58,50,7110,1,0
58,51,8949,1,0
58,52,9089,1,0
58,53,8842,1,0
58,54,6153,1,0
58,55,8055,0,8
58,56,7902,0,8
58,57,9119,0,8
58,58,10003,0,8
58,59,5251,1,0
59,0,54227,1,0
59,1,7675,1,0
59,2,5837,1,0
59,3,8847,1,0
59,4,4491,1,0
59,5,5534,1,0
59,6,8713,1,0
59,7,3451,1,0
59,8,3906,1,0
59,9,4752,1,0
59,10,6354,1,0
59,11,2936,1,0
59,12,10606,1,0
59,13,2945,1,0
59,14,4340,1,0
59,15,8358,1,0
59,16,3178,1,0
59,17,4427,1,0
59,18,6311,1,0
59,19,4585,1,0
59,20,5890,1,0
59,21,7314,1,0
59,22,6026,1,0
59,23,9062,1,0
59,24,8740,1,0
59,25,4577,1,0
59,26,5449,1,0
59,27,4908,1,0
59,28,10051,1,0
59,29,10636,1,0
59,30,2839,1,0
59,31,7227,1,0
59,32,7943,1,0
59,33,8677,1,0
59,34,10528,1,0
59,35,4290,1,0
59,36,8453,1,0
59,37,6414,1,0
59,38,6040,1,0
59,39,5304,1,0
59,40,5634,1,0
59,41,3209,1,0
59,42,7300,1,0
59,43,6367,1,0
59,44,5761,1,0
59,45,5623,1,0
59,46,12994,1,0
59,47,9459,0,8
59,48,13332,0,8
59,49,4528,1,0
59,50,5633,1,0
59,51,4156,1,0
59,52,5586,1,0
59,53,5912,1,0
59,54,10903,0,8
59,55,5942,1,0
59,56,3008,1,0
59,57,2225,1,0
59,58,3045,1,0
59,59,9106,1,0
60,0,58099,1,0
60,1,9867,1,0
60,2,11087,1,0
60,3,4926,1,0
60,4,10322,1,0
60,5,12254,1,0
60,6,11003,1,0
60,7,5871,1,0
60,8,5771,1,0
60,9,10743,1,0
60,10,10238,1,0
60,11,8501,1,0
60,12,10401,1,0
60,13,12086,1,0
60,14,10888,1,0
60,15,10013,1,0
60,16,10485,1,0
60,17,8644,1,0
60,18,9398,1,0
60,19,5759,1,0
60,20,9271,1,0
60,21,4919,1,0
60,22,8630,1,0
60,23,9337,1,0
60,24,10263,1,0
60,25,11354,1,0
60,26,11366,1,0
60,27,8692,1,0
60,28,4386,1,0
60,29,12708,1,0
60,30,8908,1,0
60,31,4109,1,0
60,32,9919,1,0
60,33,11714,1,0
60,34,6552,1,0
60,35,6199,1,0
60,36,9125,1,0
60,37,13449,1,0
60,38,5939,1,0
60,39,11581,1,0
60,40,8913,1,0
60,41,10793,1,0
60,42,8143,1,0
60,43,8437,1,0
60,44,11600,1,0
60,45,6962,1,0
60,46,16249,1,0
60,47,9864,1,0
60,48,10667,1,0
60,49,11883,1,0
60,50,10923,1,0
60,51,10565,1,0
60,52,8342,1,0
60,53,13517,1,0
60,54,10521,1,0
60,55,8863,1,0
60,56,8488,1,0
60,57,2940,1,0
60,58,9902,1,0
60,59,8903,1,0
61,0,63214,1,0
61,1,6486,1,0
61,2,5806,1,0
61,3,5738,1,0
61,4,4910,1,0
61,5,9648,1,0
61,6,10346,1,0
61,7,5903,1,0
61,8,3826,1,0
61,9,4459,1,0
61,10,4727,1,0
61,11,10613,1,0
61,12,5824,1,0
61,13,6177,1,0
61,14,9218,1,0
61,15,7445,1,0
61,16,7369,1,0
61,17,6141,1,0
61,18,1579,1,0
61,19,11035,1,0
61,20,7239,1,0
61,21,12048,1,0
61,22,9009,1,0
61,23,8766,1,0
61,24,6228,1,0
61,25,5525,1,0
61,26,10774,1,0
61,27,8866,1,0
61,28,7359,1,0
61,29,5162,1,0
61,30,9868,1,0
61,31,3908,1,0
61,32,5983,1,0
61,33,8131,0,8
61,34,11229,0,8
61,35,6036,1,0
61,36,8760,0,8
61,37,12680,0,8
61,38,6278,1,0
61,39,9143,0,8
61,40,7144,0,8
61,41,9925,0,8
61,42,6729,1,0
61,43,6924,0,8
61,44,6861,1,0
61,45,11360,0,8
61,46,14650,0,8
61,47,4845,1,0
61,48,6244,1,0
61,49,13078,0,8
61,50,9257,1,0
61,51,7264,1,0
61,52,5183,1,0
61,53,12793,0,8
61,54,8064,0,8
61,55,4769,1,0
61,56,9579,0,8
61,57,10957,0,8
61,58,5225,1,0
61,59,5732,1,0
62,0,61887,1,0
62,1,10412,1,0
62,2,7999,1,0
62,3,10453,1,0
62,4,9317,1,0
62,5,14131,1,0
62,6,10875,1,0
62,7,7149,1,0
62,8,9726,1,0
62,9,9453,1,0
62,10,10250,1,0
62,11,6854,1,0
62,12,9741,1,0
62,13,10204,1,0
62,14,10877,1,0
62,15,11754,1,0
62,16,11504,1,0
62,17,5425,1,0
62,18,9424,1,0
62,19,4958,1,0
62,20,9705,1,0
62,21,9476,1,0
62,22,6360,1,0
62,23,11541,1,0
62,24,9614,1,0
62,25,5713,1,0
62,26,10538,1,0
62,27,6934,1,0
62,28,4441,1,0
62,29,12885,1,0
62,30,5760,1,0
62,31,4493,1,0
62,32,11334,1,0
62,33,12587,1,0
62,34,11929,1,0
62,35,9486,1,0
62,36,9559,1,0
62,37,13478,1,0
62,38,6891,1,0
62,39,11372,1,0
62,40,7072,1,0
62,41,13818,1,0
62,42,4611,1,0
62,43,10538,1,0
62,44,9734,1,0
62,45,13001,0,8
62,46,16067,0,8
62,47,10382,0,8
62,48,9295,1,0
62,49,9361,0,8
62,50,11682,0,8
62,51,9835,0,8
62,52,9768,0,8
62,53,14251,0,8
62,54,4490,1,0
62,55,8771,1,0
62,56,7939,0,8
62,57,11025,0,8
62,58,3566,1,0
62,59,5432,1,0
63,0,60494,1,0
63,1,10340,1,0
63,2,8103,1,0
63,3,9702,1,0
63,4,6891,1,0
63,5,10102,1,0
63,6,7045,1,0
63,7,8755,1,0
63,8,3693,1,0
63,9,7055,1,0
63,10,4262,1,0
63,11,10725,1,0
63,12,5558,1,0
63,13,10627,1,0
63,14,7533,1,0
63,15,7273,1,0
63,16,7238,1,0
63,17,9024,1,0
63,18,5392,1,0
63,19,5964,1,0
63,20,3665,1,0
63,21,10278,1,0
63,22,7522,1,0
63,23,8109,1,0
63,24,10310,1,0
63,25,9713,1,0
63,26,8342,1,0
63,27,9029,1,0
63,28,8888,1,0
63,29,9129,1,0
63,30,6490,1,0
63,31,7856,1,0
63,32,8076,1,0
63,33,7950,1,0
63,34,7965,1,0
63,35,8490,1,0
63,36,10262,1,0
63,37,11359,1,0
63,38,4427,1,0
63,39,6430,1,0
63,40,7766,1,0
63,41,14691,1,0
63,42,7741,1,0
63,43,9308,0,8
63,44,10544,0,8
63,45,10979,0,8
63,46,15364,0,8
63,47,4854,1,0
63,48,7428,1,0
63,49,5252,1,0
63,50,8027,0,8
63,51,3845,1,0
63,52,7840,0,8
63,53,13478,0,8
63,54,8701,0,8
63,55,9677,0,8
63,56,6987,1,0
63,57,6038,1,0
63,58,5847,0,8
63,59,10968,1,0
64,0,62840,1,0
64,1,9941,1,0
64,2,11978,1,0
64,3,9727,1,0
64,4,4347,1,0
64,5,11462,1,0
64,6,8483,1,0
64,7,5135,1,0
64,8,8471,1,0
64,9,10744,1,0
64,10,5853,1,0
64,11,5013,1,0
64,12,10459,1,0
64,13,11542,1,0
64,14,10072,1,0
64,15,10203,1,0
64,16,10682,1,0
64,17,4791,1,0
64,18,8533,1,0
64,19,6910,1,0
64,20,10238,1,0
64,21,6724,1,0
64,22,8369,1,0
64,23,3994,1,0
64,24,7740,1,0
64,25,10800,1,0
64,26,10698,1,0
64,27,9096,1,0
64,28,10779,1,0
64,29,6803,1,0
64,30,8526,1,0
64,31,9450,1,0
64,32,5037,1,0
64,33,9901,1,0
64,34,10687,1,0
64,35,11155,1,0
64,36,9624,1,0
64,37,7050,1,0
64,38,5353,1,0
64,39,11348,1,0
64,40,9102,1,0
64,41,10798,1,0
64,42,9771,1,0
64,43,9615,0,8
64,44,9611,1,0
64,45,12346,0,8
64,46,15538,0,8
64,47,7201,1,0
64,48,13510,0,8
64,49,5367,1,0
64,50,12340,0,8
64,51,11880,0,8
64,52,9798,0,8
64,53,8805,1,0
64,54,4737,1,0
64,55,8189,0,8
64,56,8563,0,8
64,57,8946,0,8
64,58,11076,0,8
64,59,6880,1,0
65,0,61032,1,0
65,1,11478,1,0
65,2,5141,1,0
65,3,8764,1,0
65,4,8277,1,0
65,5,9498,1,0
65,6,9877,1,0
65,7,8408,1,0
65,8,8303,1,0
65,9,10937,1,0
65,10,9213,1,0
65,11,9874,1,0
65,12,9398,1,0
65,13,10398,1,0
65,14,10996,1,0
65,15,9763,1,0
65,16,10705,1,0
65,17,9867,1,0
65,18,8315,1,0
65,19,6565,1,0
65,20,11398,1,0
65,21,6059,1,0
65,22,9863,1,0
65,23,11601,1,0
65,24,7596,1,0
65,25,9243,1,0
65,26,9808,1,0
65,27,8562,1,0
65,28,6534,1,0
65,29,8778,1,0
65,30,9007,1,0
65,31,9416,1,0
65,32,10044,1,0
65,33,10081,1,0
65,34,9265,1,0
65,35,5423,1,0
65,36,9718,1,0
65,37,7647,1,0
65,38,11649,1,0
65,39,10641,1,0
65,40,10607,1,0
65,41,9453,1,0
65,42,10505,0,8
65,43,9004,0,8
65,44,11790,0,8
65,45,12137,0,8
65,46,16225,0,8
65,47,8652,0,8
65,48,8834,1,0
65,49,7282,1,0
65,50,4857,1,0
65,51,9392,1,0
65,52,9732,0,8
65,53,9017,1,0
65,54,10471,0,8
65,55,8462,0,8
65,56,10342,0,8
65,57,8663,0,8
65,58,9990,0,8
65,59,9671,1,0
66,0,62815,1,0
66,1,10075,1,0
66,2,10667,1,0
66,3,4899,1,0
66,4,9764,1,0
66,5,11144,1,0
66,6,10730,1,0
66,7,9842,1,0
66,8,8073,1,0
66,9,6863,1,0
66,10,10395,1,0
66,11,7054,1,0
66,12,3958,1,0
66,13,10454,1,0
66,14,9755,1,0
66,15,11543,1,0
66,16,9836,1,0
66,17,9968,1,0
66,18,9453,1,0
66,19,6942,1,0
66,20,7834,1,0
66,21,6048,1,0
66,22,4676,1,0
66,23,8660,1,0
66,24,9642,1,0
66,25,6963,1,0
66,26,10102,1,0
66,27,8653,1,0
66,28,5416,1,0
66,29,12672,1,0
66,30,4810,1,0
66,31,9490,1,0
66,32,4342,1,0
66,33,12619,1,0
66,34,11011,1,0
66,35,13073,1,0
66,36,10817,1,0
66,37,9114,1,0
66,38,5214,1,0
66,39,7651,1,0
66,40,10581,1,0
66,41,10968,1,0
66,42,8875,1,0
66,43,2488,1,0
66,44,11211,1,0
66,45,6694,1,0
66,46,15622,1,0
66,47,10497,1,0
66,48,7400,1,0
66,49,11521,1,0
66,50,8306,1,0
66,51,10562,1,0
66,52,9393,1,0
66,53,13533,1,0
66,54,9100,1,0
66,55,10065,1,0
66,56,10244,1,0
66,57,9841,1,0
66,58,10205,1,0
66,59,15061,1,0
67,0,52629,1,0
67,1,13163,1,0
67,2,10357,1,0
67,3,5996,1,0
67,4,10541,1,0
67,5,9163,1,0
67,6,5507,1,0
67,7,9778,1,0
67,8,5728,1,0
67,9,9602,1,0
67,10,5379,1,0
67,11,5454,1,0
67,12,9589,1,0
67,13,10291,1,0
67,14,3913,1,0
67,15,11621,1,0
67,16,9662,1,0
67,17,10173,1,0
67,18,5368,1,0
67,19,8961,1,0
67,20,9684,1,0
67,21,9726,1,0
67,22,7916,1,0
67,23,10569,1,0
67,24,8554,1,0
67,25,11208,1,0
67,26,10045,1,0
67,27,9830,1,0
67,28,7075,1,0
67,29,6997,1,0
67,30,9166,1,0
67,31,9730,1,0
67,32,9999,1,0
67,33,12523,1,0
67,34,9393,1,0
67,35,9457,1,0
67,36,11365,1,0
67,37,7406,1,0
67,38,6437,1,0
67,39,11532,1,0
67,40,10719,1,0
67,41,14143,1,0
67,42,9285,1,0
67,43,2889,1,0
67,44,8127,1,0
67,45,11976,1,0
67,46,10821,1,0
67,47,6473,1,0
67,48,12838,1,0
67,49,11713,1,0
67,50,7334,1,0
67,51,9726,1,0
67,52,9199,1,0
67,53,9572,1,0
67,54,5054,1,0
67,55,8822,1,0
67,56,7940,1,0
67,57,8732,1,0
67,58,3837,1,0
67,59,15103,1,0
68,0,58487,1,0
68,1,8581,1,0
68,2,11257,1,0
68,3,4427,1,0
68,4,7845,1,0
68,5,9549,1,0
68,6,5558,1,0
68,7,9722,1,0
68,8,9844,1,0
68,9,10373,1,0
68,10,9541,1,0
68,11,9784,1,0
68,12,7980,1,0
68,13,10024,1,0
68,14,9849,1,0
68,15,10441,1,0
68,16,10451,1,0
68,17,4370,1,0
68,18,8427,1,0
68,19,10415,1,0
68,20,9764,1,0
68,21,11084,1,0
68,22,5378,1,0
68,23,11837,1,0
68,24,7051,1,0
68,25,6238,1,0
68,26,10028,1,0
68,27,9304,1,0
68,28,6987,1,0
68,29,11823,1,0
68,30,4765,1,0
68,31,6186,1,0
68,32,11427,1,0
68,33,12841,1,0
68,34,9567,1,0
68,35,10444,1,0
68,36,9343,1,0
68,37,13289,1,0
68,38,11518,1,0
68,39,11439,1,0
68,40,8670,1,0
68,41,13978,1,0
68,42,8257,1,0
68,43,10365,1,0
68,44,9321,1,0
68,45,6349,1,0
68,46,12843,1,0
68,47,10647,1,0
68,48,7037,1,0
68,49,7285,1,0
68,50,8249,1,0
68,51,11681,1,0
68,52,9894,1,0
68,53,14138,1,0
68,54,7752,1,0
68,55,7553,1,0
68,56,8433,1,0
68,57,10301,1,0
68,58,10174,1,0
68,59,9663,1,0
69,0,59671,1,0
69,1,8302,1,0
69,2,4761,1,0
69,3,8116,1,0
69,4,4086,1,0
69,5,9558,1,0
69,6,8116,1,0
69,7,10577,1,0
69,8,9927,1,0
69,9,7000,1,0
69,10,10186,1,0
69,11,8551,1,0
69,12,7743,1,0
69,13,7253,1,0
69,14,10966,1,0
69,15,8576,1,0
69,16,4895,1,0
69,17,8808,1,0
69,18,7397,1,0
69,19,4906,1,0
69,20,10049,1,0
69,21,11528,1,0
69,22,6682,1,0
69,23,8524,1,0
69,24,7653,1,0
69,25,7475,1,0
69,26,9127,1,0
69,27,7384,1,0
69,28,9610,1,0
69,29,6265,1,0
69,30,6405,1,0
69,31,10297,1,0
69,32,11472,0,8
69,33,9678,0,8
69,34,11222,0,8
69,35,8621,0,8
69,36,4525,1,0
69,37,12498,0,8
69,38,11018,0,8
69,39,7030,1,0
69,40,7490,0,8
69,41,8872,1,0
69,42,4362,1,0
69,43,5879,1,0
69,44,9391,0,8
69,45,6073,1,0
69,46,12070,1,0
69,47,10685,0,8
69,48,13010,0,8
69,49,10076,0,8
69,50,7370,1,0
69,51,10813,0,8
69,52,7249,1,0
69,53,9613,1,0
69,54,8087,0,8
69,55,8485,0,8
69,56,7831,0,8
69,57,7216,0,8
69,58,10154,0,8
69,59,13556,0,8
70,0,58980,1,0
70,1,9735,1,0
70,2,5021,1,0
70,3,8317,1,0
70,4,5760,1,0
70,5,9587,1,0
70,6,5459,1,0
70,7,6531,1,0
70,8,8432,1,0
70,9,9225,1,0
70,10,9020,1,0
70,11,4112,1,0
70,12,9710,1,0
70,13,10235,1,0
70,14,3911,1,0
70,15,5326,1,0
70,16,8277,1,0
70,17,9320,1,0
70,18,9015,1,0
70,19,4786,1,0
70,20,10158,1,0
70,21,4690,1,0
70,22,10284,1,0
70,23,7522,1,0
70,24,10780,1,0
70,25,5792,1,0
70,26,10076,1,0
70,27,9822,1,0
70,28,10560,1,0
70,29,12441,1,0
70,30,7867,1,0
70,31,8035,1,0
70,32,11473,1,0
70,33,12448,1,0
70,34,11976,1,0
70,35,9464,1,0
70,36,11750,1,0
70,37,6874,1,0
70,38,10147,1,0
70,39,9924,1,0
70,40,8312,1,0
70,41,14048,1,0
70,42,9024,1,0
70,43,6624,1,0
70,44,9430,1,0
70,45,13191,1,0
70,46,9656,1,0
70,47,7060,1,0
70,48,9229,1,0
70,49,11648,1,0
70,50,9003,1,0
70,51,10678,1,0
70,52,9289,1,0
70,53,9155,1,0
70,54,10271,1,0
70,55,7572,1,0
70,56,10204,1,0
70,57,9142,1,0
70,58,9838,1,0
70,59,13668,1,0
71,0,63440,1,0
71,1,6356,1,0
71,2,11126,1,0
71,3,6378,1,0
71,4,7893,1,0
71,5,5941,1,0
71,6,9533,1,0
71,7,5806,1,0
71,8,4408,1,0
71,9,4631,1,0
71,10,7005,1,0
71,11,10712,1,0
71,12,8102,1,0
71,13,9739,1,0
71,14,5729,1,0
71,15,10090,1,0
71,16,8358,1,0
71,17,6458,1,0
71,18,4839,1,0
71,19,8480,1,0
71,20,7071,1,0
71,21,5344,1,0
71,22,7612,1,0
71,23,8763,1,0
71,24,7128,1,0
71,25,10368,1,0
71,26,8346,1,0
71,27,4779,1,0
71,28,3683,1,0
71,29,10132,1,0
71,30,4700,1,0
71,31,6962,1,0
71,32,8256,1,0
71,33,11380,1,0
71,34,11000,1,0
71,35,10775,1,0
71,36,6355,1,0
71,37,12886,1,0
71,38,10420,1,0
71,39,9176,1,0
71,40,9021,1,0
71,41,12659,1,0
71,42,7394,1,0
71,43,6965,1,0
71,44,12168,0,8
71,45,10262,0,8
71,46,15509,0,8
71,47,11388,0,8
71,48,10561,1,0
71,49,5628,1,0
71,50,9659,1,0
71,51,12225,0,8
71,52,4380,1,0
71,53,12959,0,8
71,54,9712,0,8
71,55,5636,1,0
71,56,4245,1,0
71,57,6849,1,0
71,58,9197,0,8
71,59,12290,0,8
72,0,63005,1,0
72,1,6226,1,0
72,2,4819,1,0
72,3,5517,1,0
72,4,8005,1,0
72,5,10130,1,0
72,6,11189,1,0
72,7,7067,1,0
72,8,4344,1,0
72,9,10764,1,0
72,10,6894,1,0
72,11,10228,1,0
72,12,6249,1,0
72,13,10646,1,0
72,14,7440,1,0
72,15,8215,1,0
72,16,8174,1,0
72,17,5293,1,0
72,18,5668,1,0
72,19,6512,1,0
72,20,8548,1,0
72,21,4927,1,0
72,22,7988,1,0
72,23,8122,1,0
72,24,8521,1,0
72,25,7010,1,0
72,26,6675,1,0
72,27,5248,1,0
72,28,7143,1,0
72,29,9374,1,0
72,30,9185,1,0
72,31,8059,1,0
72,32,8378,1,0
72,33,10108,1,0
72,34,11682,1,0
72,35,9239,1,0
72,36,10228,1,0
72,37,7682,1,0
72,38,6196,1,0
72,39,7186,1,0
72,40,7666,1,0
72,41,10231,1,0
72,42,7907,1,0
72,43,5939,1,0
72,44,9328,1,0
72,45,10092,0,8
72,46,14256,0,8
72,47,8986,0,8
72,48,10794,1,0
72,49,4859,1,0
72,50,7709,1,0
72,51,10897,0,8
72,52,7124,1,0
72,53,13292,0,8
72,54,10446,0,8
72,55,7738,0,8
72,56,9536,0,8
72,57,6982,1,0
72,58,5836,1,0
72,59,12235,0,8
73,0,63101,1,0
73,1,10874,1,0
73,2,6712,1,0
73,3,6843,1,0
73,4,3638,1,0
73,5,6760,1,0
73,6,4871,1,0
73,7,4403,1,0
73,8,3192,1,0
73,9,5871,1,0
73,10,5415,1,0
73,11,10313,1,0
73,12,7086,1,0
73,13,4722,1,0
73,14,4738,1,0
73,15,4586,1,0
73,16,6657,1,0
73,17,3206,1,0
73,18,6636,1,0
73,19,4506,1,0
73,20,4153,1,0
73,21,9294,1,0
73,22,6676,1,0
73,23,5962,1,0
73,24,5937,1,0
73,25,6330,1,0
73,26,5141,1,0
73,27,8556,1,0
73,28,4330,1,0
73,29,5928,1,0
73,30,10189,1,0
73,31,6102,1,0
73,32,6616,1,0
73,33,6682,1,0
73,34,7864,1,0
73,35,6001,1,0
73,36,8619,1,0
73,37,10657,0,8
73,38,2860,1,0
73,39,5227,1,0
73,40,10404,0,8
73,41,9383,1,0
73,42,7699,0,8
73,43,4816,1,0
73,44,5589,1,0
73,45,5775,1,0
73,46,10815,1,0
73,47,8214,0,8
73,48,6696,1,0
73,49,4535,1,0
73,50,9652,1,0
73,51,9109,0,8
73,52,4636,1,0
73,53,9840,1,0
73,54,9398,0,8
73,55,2802,1,0
73,56,2940,1,0
73,57,1914,1,0
73,58,3204,1,0
73,59,4691,1,0
74,0,54426,1,0
74,1,8582,1,0
74,2,7097,1,0
74,3,9509,1,0
74,4,2973,1,0
74,5,10773,1,0
74,6,8350,1,0
74,7,4398,1,0
74,8,9770,1,0
74,9,5092,1,0
74,10,4097,1,0
74,11,8932,1,0
74,12,8307,1,0
74,13,10490,1,0
74,14,8470,1,0
74,15,6579,1,0
74,16,7057,1,0
74,17,8027,1,0
74,18,8414,1,0
74,19,6692,1,0
74,20,11751,1,0
74,21,9541,1,0
74,22,4814,1,0
74,23,5457,1,0
74,24,6161,1,0
74,25,6964,1,0
74,26,10413,1,0
74,27,6300,1,0
74,28,4697,1,0
74,29,11599,1,0
74,30,3073,1,0
74,31,9495,1,0
74,32,4482,1,0
74,33,6253,1,0
74,34,11035,0,8
74,35,8731,0,8
74,36,8843,0,8
74,37,11870,0,8
74,38,8129,0,8
74,39,5717,1,0
74,40,7494,0,8
74,41,3637,1,0
74,42,7507,1,0
74,43,7128,0,8
74,44,8054,1,0
74,45,7390,1,0
74,46,15432,0,8
74,47,4589,1,0
74,48,5758,1,0
74,49,9792,0,8
74,50,9054,1,0
74,51,8996,0,8
74,52,4727,1,0
74,53,11287,0,8
74,54,8448,0,8
74,55,8160,0,8
74,56,9045,0,8
74,57,7022,1,0
74,58,10152,0,8
74,59,13589,0,8
75,0,59416,1,0
75,1,7810,1,0
75,2,4581,1,0
75,3,6653,1,0
75,4,6117,1,0
75,5,5946,1,0
75,6,5699,1,0
75,7,3743,1,0
75,8,3902,1,0
75,9,3831,1,0
75,10,3710,1,0
75,11,2734,1,0
75,12,3717,1,0
75,13,3404,1,0
75,14,2913,1,0
75,15,7596,1,0
75,16,3593,1,0
75,17,4102,1,0
75,18,4391,1,0
75,19,7655,1,0
75,20,7685,1,0
75,21,9776,1,0
75,22,10258,1,0
75,23,5949,1,0
75,24,7048,1,0
75,25,4885,1,0
75,26,6125,1,0
75,27,7204,1,0
75,28,4040,1,0
75,29,4654,1,0
75,30,4212,1,0
75,31,6920,1,0
75,32,12097,1,0
75,33,12719,1,0
75,34,10885,1,0
75,35,5356,1,0
75,36,5044,1,0
75,37,10790,1,0
75,38,6689,1,0
75,39,5311,1,0
75,40,7725,1,0
75,41,4362,1,0
75,42,5490,1,0
75,43,8441,1,0
75,44,6744,1,0
75,45,6300,1,0
75,46,10009,1,0
75,47,9212,1,0
75,48,7859,1,0
75,49,7847,0,8
75,50,4465,1,0
75,51,6983,1,0
75,52,5558,1,0
75,53,5878,1,0
75,54,7413,1,0
75,55,4779,1,0
75,56,4777,1,0
75,57,2665,1,0
75,58,9147,0,8
75,59,7359,1,0
76,0,62326,1,0
76,1,12254,1,0
76,2,11830,1,0
76,3,7508,1,0
76,4,8090,1,0
76,5,10700,1,0
76,6,5615,1,0
76,7,10372,1,0
76,8,9683,1,0
76,9,8514,1,0
76,10,5460,1,0
76,11,10319,1,0
76,12,7016,1,0
76,13,9130,1,0
76,14,9236,1,0
76,15,8138,1,0
76,16,9929,1,0
76,17,7203,1,0
76,18,7058,1,0
76,19,8603,1,0
76,20,6196,1,0
76,21,5776,1,0
76,22,8932,1,0
76,23,6916,1,0
76,24,6013,1,0
76,25,5066,1,0
76,26,6636,1,0
76,27,6088,1,0
76,28,10210,1,0
76,29,13035,1,0
76,30,7811,1,0
76,31,4336,1,0
76,32,4960,1,0
76,33,10558,0,8
76,34,6611,1,0
76,35,7563,0,8
76,36,11851,0,8
76,37,8395,1,0
76,38,8231,0,8
76,39,6995,0,8
76,40,5058,1,0
76,41,12793,0,8
76,42,5304,1,0
76,43,8012,0,8
76,44,9417,0,8
76,45,10211,0,8
76,46,14524,0,8
76,47,6310,1,0
76,48,6725,1,0
76,49,6538,1,0
76,50,10190,0,8
76,51,12673,0,8
76,52,7887,0,8
76,53,13587,0,8
76,54,4273,1,0
76,55,3998,1,0
76,56,7773,1,0
76,57,11014,0,8
76,58,8933,0,8
76,59,13388,0,8
77,0,63460,1,0
77,1,12099,1,0
77,2,11397,1,0
77,3,9742,1,0
77,4,10171,1,0
77,5,11525,1,0
77,6,10949,1,0
77,7,7125,1,0
77,8,7998,1,0
77,9,7312,1,0
77,10,5411,1,0
77,11,6253,1,0
77,12,9552,1,0
77,13,8018,1,0
77,14,10699,1,0
77,15,9916,1,0
77,16,9679,1,0
77,17,10043,1,0
77,18,7304,1,0
77,19,4944,1,0
77,20,8349,1,0
77,21,9809,1,0
77,22,8429,1,0
77,23,10390,1,0
77,24,8445,1,0
77,25,10817,1,0
77,26,9382,1,0
77,27,10334,1,0
77,28,10303,1,0
77,29,7098,1,0
77,30,9273,1,0
77,31,6161,1,0
77,32,8981,1,0
77,33,9484,1,0
77,34,9889,1,0
77,35,7434,1,0
77,36,9831,1,0
77,37,12693,1,0
77,38,5560,1,0
77,39,11511,1,0
77,40,10453,1,0
77,41,11491,1,0
77,42,5598,1,0
77,43,9073,0,8
77,44,8501,1,0
77,45,8418,1,0
77,46,11453,1,0
77,47,9897,0,8
77,48,12975,0,8
77,49,5633,1,0
77,50,6946,0,8
77,51,8768,1,0
77,52,7916,0,8
77,53,13496,0,8
77,54,4673,1,0
77,55,9795,0,8
77,56,8578,0,8
77,57,8625,0,8
77,58,10100,0,8
77,59,8093,1,0
78,0,63599,1,0
78,1,11620,1,0
78,2,11182,1,0
78,3,9523,1,0
78,4,7730,1,0
78,5,5991,1,0
78,6,11008,1,0
78,7,10439,1,0
78,8,7678,1,0
78,9,9197,1,0
78,10,8934,1,0
78,11,4102,1,0
78,12,6907,1,0
78,13,5906,1,0
78,14,6010,1,0
78,15,3427,1,0
78,16,6428,1,0
78,17,6471,1,0
78,18,9281,1,0
78,19,10451,1,0
78,20,10150,1,0
78,21,6752,1,0
78,22,8204,1,0
78,23,7425,1,0
78,24,8520,1,0
78,25,7008,1,0
78,26,8462,1,0
78,27,7589,1,0
78,28,8964,1,0
78,29,12588,1,0
78,30,6459,1,0
78,31,4473,1,0
78,32,8278,1,0
78,33,13341,1,0
78,34,11083,1,0
78,35,10653,1,0
78,36,4241,1,0
78,37,8840,1,0
78,38,11851,1,0
78,39,9658,1,0
78,40,8535,1,0
78,41,7443,1,0
78,42,6463,1,0
78,43,6681,0,8
78,44,12754,0,8
78,45,9209,0,8
78,46,14702,0,8
78,47,6820,1,0
78,48,12298,0,8
78,49,12731,0,8
78,50,11504,0,8
78,51,10368,0,8
78,52,8286,0,8
78,53,13475,0,8
78,54,5749,1,0
78,55,7695,0,8
78,56,7902,1,0
78,57,6919,1,0
78,58,7530,0,8
78,59,12168,1,0
79,0,62940,1,0
79,1,13246,1,0
79,2,6531,1,0
79,3,8913,1,0
79,4,6258,1,0
79,5,14105,1,0
79,6,11247,1,0
79,7,10762,1,0
79,8,3426,1,0
79,9,4947,1,0
79,10,7797,1,0
79,11,5348,1,0
79,12,9972,1,0
79,13,12255,1,0
79,14,8310,1,0
79,15,7724,1,0
79,16,5163,1,0
79,17,10205,1,0
79,18,5008,1,0
79,19,10975,1,0
79,20,3596,1,0
79,21,8539,1,0
79,22,9375,1,0
79,23,10335,1,0
79,24,7967,1,0
79,25,9364,1,0
79,26,8624,1,0
79,27,7773,1,0
79,28,9999,1,0
79,29,9626,1,0
79,30,8201,1,0
79,31,8123,1,0
79,32,7393,1,0
79,33,7805,1,0
79,34,11981,1,0
79,35,13946,1,0
79,36,7126,1,0
79,37,10458,1,0
79,38,8912,1,0
79,39,9884,1,0
79,40,10652,1,0
79,41,14087,1,0
79,42,5311,1,0
79,43,8696,1,0
79,44,7293,1,0
79,45,10085,0,8
79,46,10417,1,0
79,47,5594,1,0
79,48,11627,0,8
79,49,5416,1,0
79,50,11724,0,8
79,51,10379,0,8
79,52,4804,1,0
79,53,13222,1,0
79,54,10958,0,8
79,55,6445,1,0
79,56,6128,1,0
79,57,7793,0,8
79,58,7360,0,8
79,59,13475,0,8
80,0,53642,1,0
80,1,11544,1,0
80,2,8503,1,0
80,3,10235,1,0
80,4,9877,1,0
80,5,14029,1,0
80,6,9836,1,0
80,7,7657,1,0
80,8,4135,1,0
80,9,4977,1,0
80,10,8972,1,0
80,11,5455,1,0
80,12,5062,1,0
80,13,11618,1,0
80,14,8644,1,0
80,15,9854,1,0
80,16,6574,1,0
80,17,8721,1,0
80,18,9365,1,0
80,19,8624,1,0
80,20,8037,1,0
80,21,11931,1,0
80,22,7409,1,0
80,23,11499,1,0
80,24,7707,1,0
80,25,6081,1,0
80,26,8517,1,0
80,27,10011,1,0
80,28,8984,1,0
80,29,11661,1,0
80,30,6073,1,0
80,31,7961,1,0
80,32,10071,1,0
80,33,7254,1,0
80,34,9640,1,0
80,35,9658,1,0
80,36,7111,1,0
80,37,13439,1,0
80,38,7425,1,0
80,39,9277,1,0
80,40,9226,1,0
80,41,8490,1,0
80,42,10695,1,0
80,43,8253,1,0
80,44,12015,1,0
80,45,12204,1,0
80,46,16360,1,0
80,47,10887,1,0
80,48,6405,1,0
80,49,11961,1,0
80,50,11413,1,0
80,51,11790,1,0
80,52,8367,1,0
80,53,13528,1,0
80,54,9283,1,0
80,55,6555,1,0
80,56,7870,1,0
80,57,6835,1,0
80,58,9805,1,0
80,59,6066,1,0
81,0,61283,1,0
81,1,8546,1,0
81,2,11147,1,0
81,3,10171,1,0
81,4,10259,1,0
81,5,14168,1,0
81,6,11979,1,0
81,7,9824,1,0
81,8,9070,1,0
81,9,9005,1,0
81,10,8874,1,0
81,11,6159,1,0
81,12,4301,1,0
81,13,6615,1,0
81,14,10586,1,0
81,15,5407,1,0
81,16,10898,1,0
81,17,7129,1,0
81,18,6066,1,0
81,19,5844,1,0
81,20,8191,1,0
81,21,10988,1,0
81,22,10261,1,0
81,23,10203,1,0
81,24,10860,1,0
81,25,5810,1,0
81,26,8906,1,0
81,27,9092,1,0
81,28,5567,1,0
81,29,12016,1,0
81,30,6090,1,0
81,31,5215,1,0
81,32,9202,1,0
81,33,12408,1,0
81,34,6078,1,0
81,35,9382,1,0
81,36,8159,1,0
81,37,9591,1,0
81,38,6679,1,0
81,39,10893,1,0
81,40,7647,1,0
81,41,10513,1,0
81,42,10784,1,0
81,43,6145,1,0
81,44,11305,1,0
81,45,13031,1,0
81,46,10076,1,0
81,47,11225,1,0
81,48,7186,1,0
81,49,11756,1,0
81,50,11286,1,0
81,51,7140,1,0
81,52,3909,1,0
81,53,8651,1,0
81,54,8589,1,0
81,55,5535,1,0
81,56,9658,1,0
81,57,7363,1,0
81,58,10163,1,0
81,59,5489,1,0
82,0,53299,1,0
82,1,8687,1,0
82,2,8027,1,0
82,3,8018,1,0
82,4,2231,1,0
82,5,10594,1,0
82,6,7364,1,0
82,7,6807,1,0
82,8,4525,1,0
82,9,4592,1,0
82,10,7601,1,0
82,11,10021,1,0
82,12,7791,1,0
82,13,6414,1,0
82,14,7679,1,0
82,15,7791,1,0
82,16,10555,1,0
82,17,5607,1,0
82,18,6388,1,0
82,19,2541,1,0
82,20,7525,1,0
82,21,7322,1,0
82,22,7508,1,0
82,23,6981,1,0
82,24,8397,1,0
82,25,10803,1,0
82,26,6109,1,0
82,27,4767,1,0
82,28,8999,1,0
82,29,11631,1,0
82,30,4877,1,0
82,31,9663,1,0
82,32,7402,1,0
82,33,7891,0,8
82,34,10580,0,8
82,35,10857,0,8
82,36,5527,1,0
82,37,5944,1,0
82,38,7497,0,8
82,39,7802,0,8
82,40,4406,1,0
82,41,3926,1,0
82,42,5825,1,0
82,43,6233,1,0
82,44,10955,0,8
82,45,10040,0,8
82,46,15587,0,8
82,47,9102,0,8
82,48,9702,0,8
82,49,9603,0,8
82,50,7506,1,0
82,51,7020,1,0
82,52,9878,0,8
82,53,12782,0,8
82,54,6702,1,0
82,55,4498,1,0
82,56,9551,0,8
82,57,6598,1,0
82,58,9118,0,8
82,59,6135,1,0
83,0,58517,1,0
83,1,6216,1,0
83,2,6586,1,0
83,3,9427,1,0
83,4,4939,1,0
83,5,9998,1,0
83,6,8684,1,0
83,7,3630,1,0
83,8,6973,1,0
83,9,8798,1,0
83,10,10417,1,0
83,11,2395,1,0
83,12,5229,1,0
83,13,9664,1,0
83,14,8769,1,0
83,15,6386,1,0
83,16,5707,1,0
83,17,4789,1,0
83,18,6247,1,0
83,19,7577,1,0
83,20,7928,1,0
83,21,8139,1,0
83,22,6000,1,0
83,23,7455,1,0
83,24,7860,1,0
83,25,7199,1,0
83,26,5114,1,0
83,27,7498,1,0
83,28,8673,1,0
83,29,11139,1,0
83,30,3440,1,0
83,31,7188,1,0
83,32,6543,1,0
83,33,6617,1,0
83,34,9230,1,0
83,35,8614,1,0
83,36,9535,1,0
83,37,12536,1,0
83,38,6745,1,0
83,39,5126,1,0
83,40,2686,1,0
83,41,11445,1,0
83,42,6786,1,0
83,43,7084,0,8
83,44,6744,1,0
83,45,13704,0,8
83,46,14624,0,8
83,47,3937,1,0
83,48,12603,0,8
83,49,9712,0,8
83,50,11319,0,8
83,51,4034,1,0
83,52,7606,0,8
83,53,11081,1,0
83,54,9511,0,8
83,55,2736,1,0
83,56,9910,0,8
83,57,4943,1,0
83,58,10016,0,8
83,59,11058,1,0
84,0,53743,1,0
84,1,6657,1,0
84,2,5177,1,0
84,3,7415,1,0
84,4,3336,1,0
84,5,5624,1,0
84,6,7185,1,0
84,7,6045,1,0
84,8,3992,1,0
84,9,4605,1,0
84,10,5481,1,0
84,11,10274,1,0
84,12,5559,1,0
84,13,4550,1,0
84,14,5225,1,0
84,15,3610,1,0
84,16,3533,1,0
84,17,5156,1,0
84,18,5382,1,0
84,19,7627,1,0
84,20,4199,1,0
84,21,5905,1,0
84,22,5383,1,0
84,23,7091,1,0
84,24,5457,1,0
84,25,9971,1,0
84,26,11788,1,0
84,27,4592,1,0
84,28,4607,1,0
84,29,4960,1,0
84,30,5774,1,0
84,31,5257,1,0
84,32,3440,1,0
84,33,7613,1,0
84,34,11211,1,0
84,35,9338,1,0
84,36,3222,1,0
84,37,10995,1,0
84,38,2960,1,0
84,39,4322,1,0
84,40,4624,1,0
84,41,9381,1,0
84,42,5050,1,0
84,43,4892,1,0
84,44,11003,1,0
84,45,7168,1,0
84,46,2645,1,0
84,47,3909,1,0
84,48,10781,1,0
84,49,9049,1,0
84,50,8631,1,0
84,51,7434,1,0
84,52,8339,1,0
84,53,5290,1,0
84,54,8033,1,0
84,55,8024,1,0
84,56,2861,1,0
84,57,2521,1,0
84,58,3411,1,0
84,59,9193,1,0
85,0,61745,1,0
85,1,8542,1,0
85,2,7055,1,0
85,3,4637,1,0
85,4,5430,1,0
85,5,6211,1,0
85,6,4784,1,0
85,7,5975,1,0
85,8,3214,1,0
85,9,6753,1,0
85,10,6711,1,0
85,11,2361,1,0
85,12,4494,1,0
85,13,3239,1,0
85,14,1502,1,0
85,15,2795,1,0
85,16,4986,1,0
85,17,5017,1,0
85,18,5924,1,0
85,19,8091,1,0
85,20,5354,1,0
85,21,8958,1,0
85,22,10002,1,0
85,23,8887,1,0
85,24,11529,1,0
85,25,4259,1,0
85,26,9308,1,0
85,27,6475,1,0
85,28,6153,1,0
85,29,7376,1,0
85,30,3184,1,0
85,31,3650,1,0
85,32,6456,1,0
85,33,8425,1,0
85,34,12263,1,0
85,35,4189,1,0
85,36,8477,1,0
85,37,6319,1,0
85,38,4235,1,0
85,39,4876,1,0
85,40,2753,1,0
85,41,3627,1,0
85,42,8586,1,0
85,43,6333,1,0
85,44,8195,1,0
85,45,5356,1,0
85,46,9665,1,0
85,47,8067,1,0
85,48,5393,1,0
85,49,5040,1,0
85,50,4508,1,0
85,51,3119,1,0
85,52,3882,1,0
85,53,5207,1,0
85,54,5864,1,0
85,55,7457,1,0
85,56,3326,1,0
85,57,2710,1,0
85,58,5015,1,0
85,59,13611,0,8
86,0,62222,1,0
86,1,8341,1,0
86,2,9155,1,0
86,3,6159,1,0
86,4,7752,1,0
86,5,14078,1,0
86,6,8898,1,0
86,7,4954,1,0
86,8,4951,1,0
86,9,6553,1,0
86,10,10918,1,0
86,11,8157,1,0
86,12,6400,1,0
86,13,7668,1,0
86,14,4752,1,0
86,15,7357,1,0
86,16,8874,1,0
86,17,6085,1,0
86,18,5300,1,0
86,19,2579,1,0
86,20,8530,1,0
86,21,9613,1,0
86,22,6689,1,0
86,23,6265,1,0
86,24,9718,1,0
86,25,5357,1,0
86,26,8490,1,0
86,27,5814,1,0
86,28,6222,1,0
86,29,10282,1,0
86,30,5506,1,0
86,31,8582,1,0
86,32,7635,1,0
86,33,8989,1,0
86,34,10087,1,0
86,35,13728,1,0
86,36,9974,1,0
86,37,9998,1,0
86,38,8171,1,0
86,39,6483,1,0
86,40,5576,1,0
86,41,10433,1,0
86,42,5691,1,0
86,43,10107,0,8
86,44,6583,1,0
86,45,6174,1,0
86,46,16073,0,8
86,47,6921,1,0
86,48,9318,1,0
86,49,11669,0,8
86,50,5312,0,8
86,51,8764,1,0
86,52,7136,1,0
86,53,13000,0,8
86,54,10030,0,8
86,55,7630,0,8
86,56,10305,0,8
86,57,5185,1,0
86,58,7304,0,8
86,59,12267,1,0
87,0,53959,1,0
87,1,10446,1,0
87,2,11960,1,0
87,3,8441,1,0
87,4,9886,1,0
87,5,11502,1,0
87,6,11150,1,0
87,7,9808,1,0
87,8,8533,1,0
87,9,6261,1,0
87,10,4987,1,0
87,11,9904,1,0
87,12,9753,1,0
87,13,9495,1,0
87,14,10940,1,0
87,15,9902,1,0
87,16,10502,1,0
87,17,8569,1,0
87,18,8418,1,0
87,19,6104,1,0
87,20,9989,1,0
87,21,9482,1,0
87,22,9956,1,0
87,23,11668,1,0
87,24,8550,1,0
87,25,11171,1,0
87,26,11383,1,0
87,27,5559,1,0
87,28,10741,1,0
87,29,9180,1,0
87,30,5871,1,0
87,31,9645,1,0
87,32,11856,1,0
87,33,8699,1,0
87,34,4784,1,0
87,35,4976,1,0
87,36,10109,1,0
87,37,13424,1,0
87,38,4663,1,0
87,39,11280,1,0
87,40,10296,1,0
87,41,10717,1,0
87,42,10576,1,0
87,43,9674,1,0
87,44,11876,1,0
87,45,12914,0,8
87,46,12231,0,8
87,47,9050,0,8
87,48,10104,0,8
87,49,10053,0,8
87,50,9119,1,0
87,51,12423,0,8
87,52,5046,1,0
87,53,14255,0,8
87,54,4897,1,0
87,55,9325,0,8
87,56,8388,0,8
87,57,9178,0,8
87,58,9987,0,8
87,59,7006,1,0
88,0,61318,1,0
88,1,7799,1,0
88,2,6972,1,0
88,3,6740,1,0
88,4,9097,1,0
88,5,14337,1,0
88,6,7029,1,0
88,7,5488,1,0
88,8,4934,1,0
88,9,10608,1,0
88,10,8817,1,0
88,11,7159,1,0
88,12,4207,1,0
88,13,5922,1,0
88,14,8574,1,0
88,15,8948,1,0
88,16,8162,1,0
88,17,6321,1,0
88,18,6696,1,0
88,19,6039,1,0
88,20,6986,1,0
88,21,6944,1,0
88,22,9694,1,0
88,23,9392,1,0
88,24,4885,1,0
88,25,10780,1,0
88,26,8321,1,0
88,27,9971,1,0
88,28,9270,1,0
88,29,10409,1,0
88,30,9243,1,0
88,31,10443,1,0
88,32,8335,1,0
88,33,12806,1,0
88,34,11183,1,0
88,35,6810,1,0
88,36,4398,1,0
88,37,6250,1,0
88,38,11672,1,0
88,39,11447,1,0
88,40,5284,1,0
88,41,8200,1,0
88,42,6763,1,0
88,43,10534,0,8
88,44,8278,1,0
88,45,6987,1,0
88,46,10090,1,0
88,47,9220,1,0
88,48,6900,1,0
88,49,7743,1,0
88,50,9509,0,8
88,51,12763,0,8
88,52,8256,0,8
88,53,13088,0,8
88,54,6661,1,0
88,55,7172,0,8
88,56,5089,1,0
88,57,6985,1,0
88,58,8314,0,8
88,59,14603,0,8
89,0,62358,1,0
89,1,10417,1,0
89,2,6845,1,0
89,3,8745,1,0
89,4,7772,1,0
89,5,11188,1,0
89,6,5772,1,0
89,7,7196,1,0
89,8,9055,1,0
89,9,5968,1,0
89,10,9470,1,0
89,11,8545,1,0
89,12,6410,1,0
89,13,5824,1,0
89,14,7589,1,0
89,15,4498,1,0
89,16,10083,1,0
89,17,10356,1,0
89,18,4553,1,0
89,19,2477,1,0
89,20,11943,1,0
89,21,10981,1,0
89,22,6837,1,0
89,23,6447,1,0
89,24,6752,1,0
89,25,9477,1,0
89,26,7336,1,0
89,27,6692,1,0
89,28,8039,1,0
89,29,6294,1,0
89,30,5999,1,0
89,31,10292,1,0
89,32,6542,1,0
89,33,9584,1,0
89,34,10901,1,0
89,35,11746,1,0
89,36,7123,1,0
89,37,6366,1,0
89,38,7812,1,0
89,39,7407,1,0
89,40,4930,1,0
89,41,11281,1,0
89,42,6772,1,0
89,43,7390,1,0
89,44,9460,1,0
89,45,11330,1,0
89,46,12898,1,0
89,47,4560,1,0
89,48,10737,1,0
89,49,10565,1,0
89,50,7890,1,0
89,51,3292,1,0
89,52,7196,1,0
89,53,8512,1,0
89,54,8875,1,0
89,55,5641,1,0
89,56,6819,1,0
89,57,5223,1,0
89,58,9208,1,0
89,59,13526,1,0
90,0,58787,1,0
90,1,10382,1,0
90,2,11129,1,0
90,3,10150,1,0
90,4,9327,1,0
90,5,14112,1,0
90,6,11200,1,0
90,7,8750,1,0
90,8,7212,1,0
90,9,5769,1,0
90,10,6386,1,0
90,11,11059,1,0
90,12,7583,1,0
90,13,3959,1,0
90,14,4046,1,0
90,15,8724,1,0
90,16,8843,1,0
90,17,7702,1,0
90,18,8116,1,0
90,19,9259,1,0
90,20,9052,1,0
90,21,8786,1,0
90,22,7842,1,0
90,23,7968,1,0
90,24,10239,1,0
90,25,11369,1,0
90,26,9275,1,0
90,27,4755,1,0
90,28,10182,1,0
90,29,8962,1,0
90,30,8561,1,0
90,31,7752,1,0
90,32,10068,1,0
90,33,12355,1,0
90,34,6261,1,0
90,35,9601,1,0
90,36,6402,1,0
90,37,9038,1,0
90,38,10776,1,0
90,39,10106,1,0
90,40,9067,1,0
90,41,14336,1,0
90,42,9799,1,0
90,43,8963,1,0
90,44,8318,1,0
90,45,13208,0,8
90,46,10660,0,8
90,47,11702,0,8
90,48,6801,1,0
90,49,11599,0,8
90,50,7395,1,0
90,51,11849,0,8
90,52,9910,0,8
90,53,14114,1,0
90,54,8540,1,0
90,55,4745,1,0
90,56,4519,1,0
90,57,7968,0,8
90,58,9044,0,8
90,59,7563,1,0
91,0,61020,1,0
91,1,8021,1,0
91,2,5620,1,0
91,3,4818,1,0
91,4,5510,1,0
91,5,12158,1,0
91,6,11398,1,0
91,7,3812,1,0
91,8,6521,1,0
91,9,6715,1,0
91,10,10314,1,0
91,11,8553,1,0
91,12,4330,1,0
91,13,4037,1,0
91,14,5666,1,0
91,15,5524,1,0
91,16,10468,1,0
91,17,5980,1,0
91,18,9410,1,0
91,19,10750,1,0
91,20,11321,1,0
91,21,5357,1,0
91,22,9335,1,0
91,23,4241,1,0
91,24,9893,1,0
91,25,6236,1,0
91,26,4662,1,0
91,27,4718,1,0
91,28,5737,1,0
91,29,11188,1,0
91,30,9239,1,0
91,31,8473,1,0
91,32,4397,1,0
91,33,8788,1,0
91,34,11170,1,0
91,35,6059,1,0
91,36,9122,1,0
91,37,13284,1,0
91,38,5802,1,0
91,39,5059,1,0
91,40,4168,1,0
91,41,11327,1,0
91,42,8898,1,0
91,43,3120,1,0
91,44,5093,1,0
91,45,8135,0,8
91,46,10773,0,8
91,47,7488,1,0
91,48,8766,1,0
91,49,11715,0,8
91,50,9060,1,0
91,51,5085,1,0
91,52,5597,0,8
91,53,14190,0,8
91,54,8233,1,0
91,55,9193,1,0
91,56,3907,1,0
91,57,2786,1,0
91,58,3771,1,0
91,59,9724,0,8
92,0,62523,1,0
92,1,9128,1,0
92,2,8133,1,0
92,3,8931,1,0
92,4,2871,1,0
92,5,6123,1,0
92,6,7189,1,0
92,7,3757,1,0
92,8,6612,1,0
92,9,4389,1,0
92,10,7575,1,0
92,11,2537,1,0
92,12,4769,1,0
92,13,2905,1,0
92,14,5043,1,0
92,15,6448,1,0
92,16,6786,1,0
92,17,7433,1,0
92,18,5653,1,0
92,19,6840,1,0
92,20,5092,1,0
92,21,11759,1,0
92,22,7350,1,0
92,23,4281,1,0
92,24,8263,1,0
92,25,4852,1,0
92,26,7184,1,0
92,27,6699,1,0
92,28,9384,1,0
92,29,11459,1,0
92,30,4980,1,0
92,31,6907,1,0
92,32,7542,1,0
92,33,9059,1,0
92,34,9136,1,0
92,35,11451,1,0
92,36,8095,1,0
92,37,10021,1,0
92,38,7584,1,0
92,39,9241,1,0
92,40,10409,1,0
92,41,8442,1,0
92,42,8339,1,0
92,43,6024,1,0
92,44,7089,1,0
92,45,9459,1,0
92,46,14115,1,0
92,47,9785,1,0
92,48,12221,1,0
92,49,5229,1,0
92,50,4484,1,0
92,51,10970,1,0
92,52,9834,1,0
92,53,14462,1,0
92,54,9880,1,0
92,55,5501,1,0
92,56,7265,1,0
92,57,5995,1,0
92,58,5687,1,0
92,59,10261,1,0
93,0,60848,1,0
93,1,12066,1,0
93,2,11757,1,0
93,3,8686,1,0
93,4,10246,1,0
93,5,12287,1,0
93,6,9833,1,0
93,7,10143,1,0
93,8,4297,1,0
93,9,8977,1,0
93,10,9578,1,0
93,11,5415,1,0
93,12,4192,1,0
93,13,7961,1,0
93,14,9988,1,0
93,15,9842,1,0
93,16,9649,1,0
93,17,9453,1,0
93,18,8185,1,0
93,19,9113,1,0
93,20,8260,1,0
93,21,9363,1,0
93,22,4746,1,0
93,23,10139,1,0
93,24,5469,1,0
93,25,6761,1,0
93,26,10050,1,0
93,27,4733,1,0
93,28,10274,1,0
93,29,11836,1,0
93,30,6550,1,0
93,31,9417,1,0
93,32,9875,1,0
93,33,12343,0,8
93,34,11655,0,8
93,35,10547,0,8
93,36,8448,0,8
93,37,12453,0,8
93,38,11461,0,8
93,39,10873,0,8
93,40,10233,0,8
93,41,10555,0,8
93,42,8897,0,8
93,43,6206,1,0
93,44,5597,1,0
93,45,13685,0,8
93,46,10563,1,0
93,47,10544,0,8
93,48,12985,0,8
93,49,9220,0,8
93,50,11465,0,8
93,51,11784,0,8
93,52,8234,0,8
93,53,8884,1,0
93,54,10276,0,8
93,55,8577,0,8
93,56,3034,1,0
93,57,10564,0,8
93,58,11060,0,8
93,59,6927,1,0
94,0,59232,1,0
94,1,6399,1,0
94,2,7039,1,0
94,3,7646,1,0
94,4,4715,1,0
94,5,10035,1,0
94,6,4788,1,0
94,7,6140,1,0
94,8,7641,1,0
94,9,3863,1,0
94,10,5348,1,0
94,11,10737,1,0
94,12,7484,1,0
94,13,4567,1,0
94,14,4789,1,0
94,15,6037,1,0
94,16,3627,1,0
94,17,7934,1,0
94,18,8729,1,0
94,19,2756,1,0
94,20,6442,1,0
94,21,9101,1,0
94,22,10770,1,0
94,23,5276,1,0
94,24,8664,1,0
94,25,5372,1,0
94,26,4270,1,0
94,27,4721,1,0
94,28,4107,1,0
94,29,7486,1,0
94,30,3157,1,0
94,31,3653,1,0
94,32,3464,1,0
94,33,2438,1,0
94,34,5367,1,0
94,35,5765,1,0
94,36,6512,1,0
94,37,7199,1,0
94,38,2818,1,0
94,39,6108,1,0
94,40,4117,1,0
94,41,2989,1,0
94,42,6510,1,0
94,43,6464,1,0
94,44,13265,1,0
94,45,6353,1,0
94,46,9610,1,0
94,47,8930,1,0
94,48,7781,1,0
94,49,4541,1,0
94,50,3754,1,0
94,51,7284,1,0
94,52,4883,1,0
94,53,10071,1,0
94,54,9019,1,0
94,55,4482,1,0
94,56,9629,1,0
94,57,2225,1,0
94,58,5152,1,0
94,59,7410,1,0
95,0,54190,1,0
95,1,12894,1,0
95,2,8529,1,0
95,3,9615,1,0
95,4,8282,1,0
95,5,9215,1,0
95,6,8094,1,0
95,7,8809,1,0
95,8,9690,1,0
95,9,10240,1,0
95,10,6030,1,0
95,11,6906,1,0
95,12,9471,1,0
95,13,8949,1,0
95,14,9754,1,0
95,15,11602,1,0
95,16,10678,1,0
95,17,9371,1,0
95,18,9553,1,0
95,19,6999,1,0
95,20,9621,1,0
95,21,4909,1,0
95,22,9812,1,0
95,23,11632,1,0
95,24,11049,1,0
95,25,11358,1,0
95,26,10536,1,0
95,27,9997,1,0
95,28,5570,1,0
95,29,7584,1,0
95,30,9686,1,0
95,31,5031,1,0
95,32,11759,1,0
95,33,8522,1,0
95,34,11833,1,0
95,35,13799,1,0
95,36,4434,1,0
95,37,9251,1,0
95,38,5523,1,0
95,39,7705,1,0
95,40,10210,1,0
95,41,10528,1,0
95,42,5516,1,0
95,43,8935,1,0
95,44,8317,1,0
95,45,12977,1,0
95,46,16238,1,0
95,47,5310,1,0
95,48,8253,1,0
95,49,11764,1,0
95,50,8240,1,0
95,51,12531,1,0
95,52,9169,1,0
95,53,14138,1,0
95,54,7251,1,0
95,55,8808,1,0
95,56,8361,1,0
95,57,8052,1,0
95,58,9967,1,0
95,59,7030,1,0
96,0,61303,1,0
96,1,11595,1,0
96,2,5333,1,0
96,3,8986,1,0
96,4,8254,1,0
96,5,12694,1,0
96,6,5568,1,0
96,7,7030,1,0
96,8,4812,1,0
96,9,10686,1,0
96,10,4573,1,0
96,11,8746,1,0
96,12,9765,1,0
96,13,11832,1,0
96,14,10439,1,0
96,15,11510,1,0
96,16,6521,1,0
96,17,8434,1,0
96,18,9307,1,0
96,19,7723,1,0
96,20,7705,1,0
96,21,11648,1,0
96,22,8012,1,0
96,23,10206,1,0
96,24,9871,1,0
96,25,11245,1,0
96,26,5470,1,0
96,27,4781,1,0
96,28,5644,1,0
96,29,12254,1,0
96,30,5800,1,0
96,31,5072,1,0
96,32,8274,1,0
96,33,12648,1,0
96,34,5287,1,0
96,35,5023,1,0
96,36,4181,1,0
96,37,7008,1,0
96,38,4605,1,0
96,39,10784,1,0
96,40,8310,1,0
96,41,8561,1,0
96,42,9012,1,0
96,43,9208,1,0
96,44,7669,1,0
96,45,8558,1,0
96,46,16039,1,0
96,47,8899,1,0
96,48,13354,1,0
96,49,11410,1,0
96,50,12226,1,0
96,51,9413,1,0
96,52,9279,1,0
96,53,9231,1,0
96,54,10584,1,0
96,55,10042,1,0
96,56,8050,1,0
96,57,10757,1,0
96,58,4046,1,0
96,59,7412,1,0
97,0,58612,1,0
97,1,9414,1,0
97,2,4990,1,0
97,3,6707,1,0
97,4,9366,1,0
97,5,13379,1,0
97,6,5794,1,0
97,7,7702,1,0
97,8,4972,1,0
97,9,4466,1,0
97,10,8961,1,0
97,11,4406,1,0
97,12,3854,1,0
97,13,12538,1,0
97,14,7621,1,0
97,15,9928,1,0
97,16,8268,1,0
97,17,8714,1,0
97,18,4227,1,0
97,19,8389,1,0
97,20,5296,1,0
97,21,10039,1,0
97,22,9355,1,0
97,23,8621,1,0
97,24,7303,1,0
97,25,10490,1,0
97,26,6126,1,0
97,27,7295,1,0
97,28,8135,1,0
97,29,11558,1,0
97,30,6109,1,0
97,31,4741,1,0
97,32,7415,1,0
97,33,8845,1,0
97,34,11098,1,0
97,35,9219,1,0
97,36,4200,1,0
97,37,12454,1,0
97,38,8154,1,0
97,39,8089,1,0
97,40,9137,1,0
97,41,8291,1,0
97,42,6954,1,0
97,43,5230,1,0
97,44,8831,1,0
97,45,9450,1,0
97,46,14165,0,8
97,47,5587,1,0
97,48,7537,1,0
97,49,5116,1,0
97,50,8349,1,0
97,51,12357,0,8
97,52,5318,1,0
97,53,13471,0,8
97,54,4286,1,0
97,55,5125,1,0
97,56,6992,0,8
97,57,6723,1,0
97,58,7411,1,0
97,59,10372,1,0
98,0,59455,1,0
98,1,13004,1,0
98,2,11155,1,0
98,3,9137,1,0
98,4,10293,1,0
98,5,11526,1,0
98,6,5555,1,0
98,7,9614,1,0
98,8,6699,1,0
98,9,10985,1,0
98,10,5927,1,0
98,11,10968,1,0
98,12,10603,1,0
98,13,10387,1,0
98,14,10838,1,0
98,15,10336,1,0
98,16,11554,1,0
98,17,5244,1,0
98,18,7702,1,0
98,19,6799,1,0
98,20,5183,1,0
98,21,5074,1,0
98,22,10215,1,0
98,23,10232,1,0
98,24,6877,1,0
98,25,11430,1,0
98,26,9966,1,0
98,27,5912,1,0
98,28,4938,1,0
98,29,8911,1,0
98,30,8633,1,0
98,31,4328,1,0
98,32,11454,1,0
98,33,12674,0,8
98,34,9956,0,8
98,35,13738,0,8
98,36,8406,0,8
98,37,8288,1,0
98,38,11729,0,8
98,39,7811,0,8
98,40,10803,0,8
98,41,11008,0,8
98,42,9631,0,8
98,43,8038,0,8
98,44,9225,0,8
98,45,12189,0,8
98,46,16013,0,8
98,47,6024,1,0
98,48,9260,0,8
98,49,7240,1,0
98,50,11540,0,8
98,51,5015,1,0
98,52,9298,0,8
98,53,9741,1,0
98,54,10232,0,8
98,55,8772,0,8
98,56,7953,0,8
98,57,10724,0,8
98,58,9959,0,8
98,59,11889,1,0
99,0,53162,1,0
99,1,11622,1,0
99,2,8125,1,0
99,3,8342,1,0
99,4,5565,1,0
99,5,6749,1,0
99,6,8609,1,0
99,7,5032,1,0
99,8,7807,1,0
99,9,8629,1,0
99,10,5804,1,0
99,11,4994,1,0
99,12,10446,1,0
99,13,2752,1,0
99,14,7444,1,0
99,15,6558,1,0
99,16,8948,1,0
99,17,3878,1,0
99,18,5002,1,0
99,19,4574,1,0
99,20,11792,1,0
99,21,9604,1,0
99,22,6022,1,0
99,23,4393,1,0
99,24,6136,1,0
99,25,7785,1,0
99,26,10853,1,0
99,27,6140,1,0
99,28,4630,1,0
99,29,9172,1,0
99,30,4949,1,0
99,31,8657,1,0
99,32,3885,1,0
99,33,10744,1,0
99,34,8681,1,0
99,35,10597,1,0
99,36,4952,1,0
99,37,6517,1,0
99,38,7146,1,0
99,39,10640,1,0
99,40,2981,1,0
99,41,3685,1,0
99,42,7985,1,0
99,43,4831,1,0
99,44,7705,1,0
99,45,8132,1,0
99,46,10344,1,0
99,47,6109,1,0
99,48,11572,0,8
99,49,6757,1,0
99,50,4850,1,0
99,51,12281,0,8
99,52,5914,1,0
99,53,13230,1,0
99,54,8317,1,0
99,55,9967,0,8
99,56,9500,0,8
99,57,5109,1,0
99,58,5682,1,0
99,59,12221,0,8
100,0,53258,1,0
100,1,12880,1,0
100,2,5696,1,0
100,3,10023,1,0
100,4,5529,1,0
100,5,12856,1,0
100,6,9572,1,0
100,7,4325,1,0
100,8,5667,1,0
100,9,7152,1,0
100,10,6387,1,0
100,11,7079,1,0
100,12,10310,1,0
100,13,3963,1,0
100,14,4557,1,0
100,15,5495,1,0
100,16,8944,1,0
100,17,10342,1,0
100,18,9515,1,0
100,19,5854,1,0
100,20,11320,1,0
100,21,5344,1,0
100,22,4559,1,0
100,23,4553,1,0
100,24,10330,1,0
100,25,6254,1,0
100,26,5327,1,0
100,27,5258,1,0
100,28,10441,1,0
100,29,9237,1,0
100,30,9535,1,0
100,31,4956,1,0
100,32,11772,1,0
100,33,13143,1,0
100,34,5143,1,0
100,35,6156,1,0
100,36,9715,1,0
100,37,10975,1,0
100,38,5657,1,0
100,39,5447,1,0
100,40,3863,1,0
100,41,11321,1,0
100,42,3914,1,0
100,43,4361,1,0
100,44,6131,1,0
100,45,8617,1,0
100,46,11006,1,0
100,47,6673,1,0
100,48,8846,1,0
100,49,10200,1,0
100,50,7631,1,0
100,51,12387,1,0
100,52,11420,1,0
100,53,8946,1,0
100,54,5048,1,0
100,55,9913,1,0
100,56,9871,1,0
100,57,2827,1,0
100,58,10706,1,0
100,59,6889,1,0
101,0,62846,1,0
101,1,13097,1,0
101,2,5922,1,0
101,3,9505,1,0
101,4,3761,1,0
101,5,12516,1,0
101,6,11511,1,0
101,7,4035,1,0
101,8,9695,1,0
101,9,6817,1,0
101,10,10967,1,0
101,11,10304,1,0
101,12,5389,1,0
101,13,4041,1,0
101,14,5791,1,0
101,15,7009,1,0
101,16,8969,1,0
101,17,10309,1,0
101,18,9468,1,0
101,19,4068,1,0
101,20,11350,1,0
101,21,6414,1,0
101,22,8418,1,0
101,23,4314,1,0
101,24,10037,1,0
101,25,6699,1,0
101,26,4818,1,0
101,27,8919,1,0
101,28,5732,1,0
101,29,7628,1,0
101,30,5718,1,0
101,31,9681,1,0
101,32,4396,1,0
101,33,9292,1,0
101,34,4766,1,0
101,35,6103,1,0
101,36,10507,1,0
101,37,11335,1,0
101,38,5960,1,0
101,39,5478,1,0
101,40,4178,1,0
101,41,11230,1,0
101,42,5174,1,0
101,43,9495,1,0
101,44,6686,1,0
101,45,8432,1,0
101,46,10466,0,8
101,47,5927,1,0
101,48,11464,0,8
101,49,9998,0,8
101,50,8265,1,0
101,51,12359,0,8
101,52,11409,0,8
101,53,10008,1,0
101,54,10581,0,8
101,55,9207,1,0
101,56,9779,0,8
101,57,2985,1,0
101,58,10663,0,8
101,59,6896,1,0
102,0,61134,1,0
102,1,9780,1,0
102,2,10633,1,0
102,3,7773,1,0
102,4,6911,1,0
102,5,9077,1,0
102,6,5690,1,0
102,7,3836,1,0
102,8,8241,1,0
102,9,5800,1,0
102,10,7923,1,0
102,11,10347,1,0
102,12,5095,1,0
102,13,10604,1,0
102,14,4904,1,0
102,15,5784,1,0
102,16,6597,1,0
102,17,5364,1,0
102,18,4315,1,0
102,19,7419,1,0
102,20,4608,1,0
102,21,10937,1,0
102,22,9209,1,0
102,23,9502,1,0
102,24,6720,1,0
102,25,10839,1,0
102,26,6044,1,0
102,27,8308,1,0
102,28,8419,1,0
102,29,5765,1,0
102,30,5718,1,0
102,31,6498,1,0
102,32,7509,1,0
102,33,10253,1,0
102,34,7152,1,0
102,35,11342,1,0
102,36,11420,1,0
102,37,12800,1,0
102,38,8734,1,0
102,39,11538,1,0
102,40,9047,1,0
102,41,4350,1,0
102,42,6095,1,0
102,43,6029,1,0
102,44,6572,1,0
102,45,10119,0,8
102,46,14300,0,8
102,47,5492,1,0
102,48,8591,1,0
102,49,9943,0,8
102,50,4741,1,0
102,51,11032,0,8
102,52,8619,0,8
102,53,12711,0,8
102,54,8900,0,8
102,55,9690,0,8
102,56,5975,1,0
102,57,4065,1,0
102,58,5826,1,0
102,59,9137,1,0
103,0,59170,1,0
103,1,12904,1,0
103,2,10466,1,0
103,3,7595,1,0
103,4,6959,1,0
103,5,9717,1,0
103,6,8861,1,0
103,7,10094,1,0
103,8,9083,1,0
103,9,10520,1,0
103,10,9346,1,0
103,11,5474,1,0
103,12,7548,1,0
103,13,5872,1,0
103,14,7922,1,0
103,15,8923,1,0
103,16,6857,1,0
103,17,5913,1,0
103,18,6910,1,0
103,19,4817,1,0
103,20,7086,1,0
103,21,4772,1,0
103,22,9711,1,0
103,23,8397,1,0
103,24,6585,1,0
103,25,11842,1,0
103,26,7249,1,0
103,27,6970,1,0
103,28,8789,1,0
103,29,11747,1,0
103,30,10240,1,0
103,31,9671,1,0
103,32,8172,1,0
103,33,11236,1,0
103,34,4684,1,0
103,35,9325,1,0
103,36,4601,1,0
103,37,7301,1,0
103,38,10490,1,0
103,39,9846,1,0
103,40,7055,1,0
103,41,9399,1,0
103,42,7772,1,0
103,43,10231,1,0
103,44,8574,1,0
103,45,7915,1,0
103,46,12899,1,0
103,47,8610,1,0
103,48,13062,1,0
103,49,6348,1,0
103,50,4877,1,0
103,51,5633,1,0
103,52,7957,1,0
103,53,9261,1,0
103,54,10505,1,0
103,55,8179,1,0
103,56,6964,1,0
103,57,11069,1,0
103,58,7423,1,0
103,59,7070,1,0
104,0,53998,1,0
104,1,9074,1,0
104,2,10483,1,0
104,3,8964,1,0
104,4,2362,1,0
104,5,7155,1,0
104,6,7287,1,0
104,7,3532,1,0
104,8,8980,1,0
104,9,8429,1,0
104,10,3577,1,0
104,11,9095,1,0
104,12,3909,1,0
104,13,9393,1,0
104,14,6228,1,0
104,15,3340,1,0
104,16,3352,1,0
104,17,4034,1,0
104,18,5533,1,0
104,19,4432,1,0
104,20,5762,1,0
104,21,11330,1,0
104,22,1744,1,0
104,23,6343,1,0
104,24,4893,1,0
104,25,9909,1,0
104,26,4546,1,0
104,27,8577,1,0
104,28,5963,1,0
104,29,9594,1,0
104,30,8532,1,0
104,31,6301,1,0
104,32,7609,1,0
104,33,2591,1,0
104,34,9816,1,0
104,35,4129,1,0
104,36,6568,1,0
104,37,10702,1,0
104,38,2956,1,0
104,39,4330,1,0
104,40,5793,1,0
104,41,9621,1,0
104,42,5223,1,0
104,43,4015,1,0
104,44,13174,0,8
104,45,6271,1,0
104,46,10959,1,0
104,47,7033,1,0
104,48,5587,1,0
104,49,9111,1,0
104,50,4831,1,0
104,51,3348,1,0
104,52,4856,1,0
104,53,14735,0,8
104,54,6988,1,0
104,55,5230,1,0
104,56,8985,0,8
104,57,2324,1,0
104,58,5690,1,0
104,59,5081,1,0
105,0,63429,1,0
105,1,12997,1,0
105,2,4589,1,0
105,3,10217,1,0
105,4,5088,1,0
105,5,14167,1,0
105,6,11546,1,0
105,7,9745,1,0
105,8,9017,1,0
105,9,8636,1,0
105,10,4537,1,0
105,11,6300,1,0
105,12,8050,1,0
105,13,10238,1,0
105,14,9594,1,0
105,15,8474,1,0
105,16,11521,1,0
105,17,7962,1,0
105,18,6129,1,0
105,19,10687,1,0
105,20,11357,1,0
105,21,6981,1,0
105,22,9212,1,0
105,23,4291,1,0
105,24,10851,1,0
105,25,10695,1,0
105,26,9417,1,0
105,27,5566,1,0
105,28,9702,1,0
105,29,7152,1,0
105,30,7734,1,0
105,31,9833,1,0
105,32,9048,1,0
105,33,10725,1,0
105,34,11191,1,0
105,35,10567,1,0
105,36,4697,1,0
105,37,9782,1,0
105,38,6582,1,0
105,39,11508,1,0
105,40,9079,1,0
105,41,14137,1,0
105,42,10574,1,0
105,43,3917,1,0
105,44,9924,1,0
105,45,10290,1,0
105,46,11003,1,0
105,47,10557,1,0
105,48,13071,1,0
105,49,10025,1,0
105,50,9047,1,0
105,51,11945,1,0
105,52,11063,1,0
105,53,13515,1,0
105,54,10518,1,0
105,55,9408,1,0
105,56,9076,1,0
105,57,8047,1,0
105,58,9935,1,0
105,59,5551,1,0
106,0,61944,1,0
106,1,6901,1,0
106,2,9948,1,0
106,3,5228,1,0
106,4,9141,1,0
106,5,14343,1,0
106,6,10281,1,0
106,7,6994,1,0
106,8,5213,1,0
106,9,7317,1,0
106,10,9593,1,0
106,11,8437,1,0
106,12,8096,1,0
106,13,7992,1,0
106,14,3730,1,0
106,15,10508,1,0
106,16,9290,1,0
106,17,5363,1,0
106,18,7569,1,0
106,19,5954,1,0
106,20,9329,1,0
106,21,8310,1,0
106,22,8433,1,0
106,23,11520,1,0
106,24,8230,1,0
106,25,10104,1,0
106,26,9368,1,0
106,27,9732,1,0
106,28,10368,1,0
106,29,12770,1,0
106,30,9230,1,0
106,31,7806,1,0
106,32,5585,1,0
106,33,10024,1,0
106,34,5314,1,0
106,35,9221,1,0
106,36,11411,1,0
106,37,13344,1,0
106,38,11200,1,0
106,39,11380,1,0
106,40,8404,1,0
106,41,14204,1,0
106,42,9179,1,0
106,43,3775,1,0
106,44,11895,1,0
106,45,13164,1,0
106,46,9980,1,0
106,47,8220,1,0
106,48,12121,1,0
106,49,9650,1,0
106,50,12286,1,0
106,51,7459,1,0
106,52,11136,1,0
106,53,8754,1,0
106,54,5967,1,0
106,55,10107,1,0
106,56,10061,1,0
106,57,7947,1,0
106,58,9033,1,0
106,59,7069,1,0
107,0,54260,1,0
107,1,11878,1,0
107,2,10544,1,0
107,3,8321,1,0
107,4,9058,1,0
107,5,14024,1,0
107,6,10202,1,0
107,7,9601,1,0
107,8,5182,1,0
107,9,8021,1,0
107,10,10336,1,0
107,11,9968,1,0
107,12,9484,1,0
107,13,10174,1,0
107,14,9499,1,0
107,15,11414,1,0
107,16,11543,1,0
107,17,10107,1,0
107,18,9432,1,0
107,19,9344,1,0
107,20,10004,1,0
107,21,8372,1,0
107,22,7792,1,0
107,23,9105,1,0
107,24,8425,1,0
107,25,11429,1,0
107,26,10696,1,0
107,27,8216,1,0
107,28,6671,1,0
107,29,12228,1,0
107,30,7711,1,0
107,31,5521,1,0
107,32,11681,1,0
107,33,12566,1,0
107,34,9375,1,0
107,35,5949,1,0
107,36,8714,1,0
107,37,9466,1,0
107,38,5267,1,0
107,39,10026,1,0
107,40,3417,1,0
107,41,12775,1,0
107,42,10580,1,0
107,43,8905,1,0
107,44,11289,1,0
107,45,11032,1,0
107,46,11539,1,0
107,47,9869,1,0
107,48,13353,1,0
107,49,10170,1,0
107,50,8831,1,0
107,51,8665,1,0
107,52,9524,1,0
107,53,13607,1,0
107,54,11216,1,0
107,55,8333,1,0
107,56,9480,1,0
107,57,8042,1,0
107,58,9907,1,0
107,59,8603,1,0
108,0,60554,1,0
108,1,8186,1,0
108,2,9479,1,0
108,3,5409,1,0
108,4,3635,1,0
108,5,7336,1,0
108,6,11513,1,0
108,7,7755,1,0
108,8,3251,1,0
108,9,5908,1,0
108,10,4363,1,0
108,11,5673,1,0
108,12,2935,1,0
108,13,4597,1,0
108,14,6471,1,0
108,15,7724,1,0
108,16,8193,1,0
108,17,3920,1,0
108,18,5055,1,0
108,19,4477,1,0
108,20,4714,1,0
108,21,12187,1,0
108,22,8976,1,0
108,23,1299,1,0
108,24,5826,1,0
108,25,5688,1,0
108,26,4533,1,0
108,27,6088,1,0
108,28,5424,1,0
108,29,7261,1,0
108,30,10029,1,0
108,31,6089,1,0
108,32,4976,1,0
108,33,7880,1,0
108,34,9148,1,0
108,35,5269,1,0
108,36,4905,1,0
108,37,9344,1,0
108,38,7755,1,0
108,39,6135,1,0
108,40,3265,1,0
108,41,3052,1,0
108,42,4664,1,0
108,43,5334,1,0
108,44,5757,1,0
108,45,6090,1,0
108,46,10851,1,0
108,47,8794,1,0
108,48,10828,1,0
108,49,4439,1,0
108,50,4048,1,0
108,51,9440,1,0
108,52,8305,1,0
108,53,5290,1,0
108,54,6833,1,0
108,55,7510,1,0
108,56,3221,1,0
108,57,10655,1,0
108,58,1744,1,0
108,59,7444,1,0
109,0,61848,1,0
109,1,7089,1,0
109,2,6029,1,0
109,3,10451,1,0
109,4,3471,1,0
109,5,12182,1,0
109,6,11024,1,0
109,7,4204,1,0
109,8,8882,1,0
109,9,6163,1,0
109,10,10315,1,0
109,11,7022,1,0
109,12,4654,1,0
109,13,3900,1,0
109,14,5477,1,0
109,15,5591,1,0
109,16,8888,1,0
109,17,5400,1,0
109,18,9300,1,0
109,19,10696,1,0
109,20,11362,1,0
109,21,6476,1,0
109,22,9802,1,0
109,23,4280,1,0
109,24,5109,1,0
109,25,10236,1,0
109,26,4612,1,0
109,27,8476,1,0
109,28,5415,1,0
109,29,12181,1,0
109,30,8349,1,0
109,31,9380,1,0
109,32,11757,1,0
109,33,8641,1,0
109,34,10889,1,0
109,35,5694,1,0
109,36,9686,1,0
109,37,10824,1,0
109,38,6533,1,0
109,39,5096,1,0
109,40,3558,1,0
109,41,11241,1,0
109,42,4004,1,0
109,43,3477,1,0
109,44,6215,1,0
109,45,7583,1,0
109,46,16183,0,8
109,47,7388,1,0
109,48,8820,1,0
109,49,9807,0,8
109,50,4719,1,0
109,51,5095,1,0
109,52,5542,0,8
109,53,14215,0,8
109,54,9706,0,8
109,55,9132,1,0
109,56,3908,1,0
109,57,2776,1,0
109,58,10738,0,8
109,59,8919,0,8
110,0,60169,1,0
110,1,7444,1,0
110,2,6874,1,0
110,3,5615,1,0
110,4,5393,1,0
110,5,5520,1,0
110,6,8751,1,0
110,7,4497,1,0
110,8,5626,1,0
110,9,8265,1,0
110,10,4262,1,0
110,11,5241,1,0
110,12,3551,1,0
110,13,9295,1,0
110,14,6488,1,0
110,15,6191,1,0
110,16,3135,1,0
110,17,4765,1,0
110,18,6056,1,0
110,19,1743,1,0
110,20,6306,1,0
110,21,4202,1,0
110,22,9562,1,0
110,23,5495,1,0
110,24,5794,1,0
110,25,9432,1,0
110,26,10829,1,0
110,27,4591,1,0
110,28,4672,1,0
110,29,6286,1,0
110,30,5043,1,0
110,31,4511,1,0
110,32,8544,1,0
110,33,7157,1,0
110,34,5591,1,0
110,35,5621,1,0
110,36,3622,1,0
110,37,6132,1,0
110,38,2747,1,0
110,39,4431,1,0
110,40,3002,1,0
110,41,10321,1,0
110,42,4562,1,0
110,43,5343,1,0
110,44,8569,1,0
110,45,5856,1,0
110,46,12312,1,0
110,47,4300,1,0
110,48,8389,1,0
110,49,8874,0,8
110,50,4408,1,0
110,51,11662,0,8
110,52,7475,1,0
110,53,9990,1,0
110,54,4354,1,0
110,55,7154,0,8
110,56,8906,1,0
110,57,5033,1,0
110,58,2745,1,0
110,59,8219,1,0
111,0,53749,1,0
111,1,10279,1,0
111,2,6322,1,0
111,3,10097,1,0
111,4,6319,1,0
111,5,10174,1,0
111,6,8749,1,0
111,7,10736,1,0
111,8,8195,1,0
111,9,5007,1,0
111,10,6689,1,0
111,11,8533,1,0
111,12,7422,1,0
111,13,6108,1,0
111,14,8283,1,0
111,15,9846,1,0
111,16,8127,1,0
111,17,7146,1,0
111,18,6918,1,0
111,19,10743,1,0
111,20,3942,1,0
111,21,10834,1,0
111,22,7434,1,0
111,23,6968,1,0
111,24,5032,1,0
111,25,5557,1,0
111,26,7153,1,0
111,27,6875,1,0
111,28,7550,1,0
111,29,7337,1,0
111,30,5567,1,0
111,31,10129,1,0
111,32,4179,1,0
111,33,9192,1,0
111,34,8268,1,0
111,35,11324,1,0
111,36,7044,1,0
111,37,13693,1,0
111,38,8626,1,0
111,39,9336,1,0
111,40,7628,1,0
111,41,11000,1,0
111,42,9806,1,0
111,43,7443,1,0
111,44,6648,1,0
111,45,10259,1,0
111,46,13173,1,0
111,47,9264,1,0
111,48,7313,1,0
111,49,7513,1,0
111,50,7907,1,0
111,51,8839,1,0
111,52,7330,1,0
111,53,12854,1,0
111,54,5721,1,0
111,55,4431,1,0
111,56,6039,1,0
111,57,4200,1,0
111,58,7174,1,0
111,59,12080,1,0
112,0,54597,1,0
112,1,9938,1,0
112,2,11138,1,0
112,3,5094,1,0
112,4,4171,1,0
112,5,14066,1,0
112,6,11296,1,0
112,7,8784,1,0
112,8,5788,1,0
112,9,4926,1,0
112,10,8950,1,0
112,11,5538,1,0
112,12,7048,1,0
112,13,7193,1,0
112,14,8943,1,0
112,15,6574,1,0
112,16,10619,1,0
112,17,7599,1,0
112,18,8514,1,0
112,19,10589,1,0
112,20,10060,1,0
112,21,4574,1,0
112,22,7998,1,0
112,23,10328,1,0
112,24,8765,1,0
112,25,10762,1,0
112,26,10129,1,0
112,27,8628,1,0
112,28,10184,1,0
112,29,11575,1,0
112,30,8761,1,0
112,31,6962,1,0
112,32,9006,1,0
112,33,11676,1,0
112,34,11847,1,0
112,35,12741,1,0
112,36,10485,1,0
112,37,8542,1,0
112,38,11720,1,0
112,39,10926,1,0
112,40,6911,1,0
112,41,12667,1,0
112,42,4272,1,0
112,43,9776,1,0
112,44,9485,1,0
112,45,12262,1,0
112,46,16194,1,0
112,47,8504,1,0
112,48,13417,1,0
112,49,9228,1,0
112,50,7118,1,0
112,51,10578,1,0
112,52,4379,1,0
112,53,13421,1,0
112,54,9685,1,0
112,55,8663,1,0
112,56,10172,1,0
112,57,7372,1,0
112,58,9112,1,0
112,59,14558,1,0
113,0,62215,1,0
113,1,6770,1,0
113,2,11968,1,0
113,3,10135,1,0
113,4,8221,1,0
113,5,13592,1,0
113,6,8710,1,0
113,7,9949,1,0
113,8,5059,1,0
113,9,10514,1,0
113,10,9548,1,0
113,11,4774,1,0
113,12,9687,1,0
113,13,4007,1,0
113,14,8986,1,0
113,15,10189,1,0
113,16,3794,1,0
113,17,10195,1,0
113,18,7096,1,0
113,19,8929,1,0
113,20,9525,1,0
113,21,11598,1,0
113,22,9573,1,0
113,23,7843,1,0
113,24,11229,1,0
113,25,5919,1,0
113,26,9319,1,0
113,27,10136,1,0
113,28,10395,1,0
113,29,9592,1,0
113,30,9876,1,0
113,31,5562,1,0
113,32,9226,1,0
113,33,13298,1,0
113,34,7340,1,0
113,35,7473,1,0
113,36,11437,1,0
113,37,8287,1,0
113,38,11639,1,0
113,39,7200,1,0
113,40,9151,1,0
113,41,10434,1,0
113,42,4724,1,0
113,43,6177,1,0
113,44,8174,1,0
113,45,13049,0,8
113,46,11994,0,8
113,47,10566,0,8
113,48,8249,1,0
113,49,6590,1,0
113,50,7184,1,0
113,51,9384,0,8
113,52,9244,0,8
113,53,9200,1,0
113,54,11182,0,8
113,55,5659,1,0
113,56,7863,0,8
113,57,7903,1,0
113,58,9052,0,8
113,59,7073,1,0
114,0,54135,1,0
114,1,7982,1,0
114,2,8675,1,0
114,3,10360,1,0
114,4,2981,1,0
114,5,13346,1,0
114,6,10530,1,0
114,7,9793,1,0
114,8,7762,1,0
114,9,4917,1,0
114,10,3452,1,0
114,11,4984,1,0
114,12,7030,1,0
114,13,9389,1,0
114,14,7496,1,0
114,15,8060,1,0
114,16,11361,1,0
114,17,7788,1,0
114,18,5780,1,0
114,19,7881,1,0
114,20,11089,1,0
114,21,11062,1,0
114,22,6681,1,0
114,23,7465,1,0
114,24,6672,1,0
114,25,6928,1,0
114,26,7237,1,0
114,27,7668,1,0
114,28,9284,1,0
114,29,9909,1,0
114,30,6021,1,0
114,31,8364,1,0
114,32,7611,1,0
114,33,12685,1,0
114,34,7080,1,0
114,35,11606,1,0
114,36,5533,1,0
114,37,6505,1,0
114,38,8833,1,0
114,39,9310,1,0
114,40,10714,1,0
114,41,10089,1,0
114,42,9227,1,0
114,43,8816,0,8
114,44,9564,1,0
114,45,10179,0,8
114,46,14468,0,8
114,47,10716,0,8
114,48,12903,0,8
114,49,5787,1,0
114,50,9092,1,0
114,51,11608,0,8
114,52,5187,1,0
114,53,5548,1,0
114,54,9599,0,8
114,55,3768,1,0
114,56,6906,1,0
114,57,6566,1,0
114,58,8244,0,8
114,59,12317,0,8
115,0,61763,1,0
115,1,12630,1,0
115,2,5680,1,0
115,3,5511,1,0
115,4,9908,1,0
115,5,11125,1,0
115,6,10484,1,0
115,7,4443,1,0
115,8,8498,1,0
115,9,6686,1,0
115,10,4956,1,0
115,11,8543,1,0
115,12,4199,1,0
115,13,9402,1,0
115,14,3701,1,0
115,15,11420,1,0
115,16,10610,1,0
115,17,9347,1,0
115,18,8386,1,0
115,19,4922,1,0
115,20,6036,1,0
115,21,4510,1,0
115,22,9056,1,0
115,23,4265,1,0
115,24,5598,1,0
115,25,10664,1,0
115,26,10008,1,0
115,27,9207,1,0
115,28,6192,1,0
115,29,12336,1,0
115,30,8177,1,0
115,31,4013,1,0
115,32,12133,0,8
115,33,7284,1,0
115,34,6052,1,0
115,35,12871,0,8
115,36,11037,0,8
115,37,7026,1,0
115,38,4694,1,0
115,39,11249,0,8
115,40,8568,0,8
115,41,14076,0,8
115,42,8343,0,8
115,43,6714,0,8
115,44,6549,1,0
115,45,7196,1,0
115,46,15521,0,8
115,47,9701,0,8
115,48,10080,0,8
115,49,11963,0,8
115,50,9149,0,8
115,51,9659,0,8
115,52,9950,0,8
115,53,13504,0,8
115,54,6800,0,8
115,55,9980,0,8
115,56,8447,0,8
115,57,10936,0,8
115,58,4401,1,0
115,59,15043,0,8
116,0,59077,1,0
116,1,7522,1,0
116,2,11084,1,0
116,3,7603,1,0
116,4,9840,1,0
116,5,9804,1,0
116,6,10067,1,0
116,7,10131,1,0
116,8,9894,1,0
116,9,10511,1,0
116,10,5112,1,0
116,11,7230,1,0
116,12,7634,1,0
116,13,7240,1,0
116,14,3546,1,0
116,15,5547,1,0
116,16,9904,1,0
116,17,10156,1,0
116,18,9293,1,0
116,19,10895,1,0
116,20,10126,1,0
116,21,8481,1,0
116,22,9744,1,0
116,23,10169,1,0
116,24,8429,1,0
116,25,5859,1,0
116,26,6244,1,0
116,27,9939,1,0
116,28,5160,1,0
116,29,11756,1,0
116,30,6536,1,0
116,31,10157,1,0
116,32,11873,1,0
116,33,9489,1,0
116,34,12000,1,0
116,35,11683,1,0
116,36,10239,1,0
116,37,11277,1,0
116,38,11530,1,0
116,39,10449,1,0
116,40,9000,1,0
116,41,14246,1,0
116,42,10547,1,0
116,43,7996,1,0
116,44,12845,1,0
116,45,13248,1,0
116,46,15296,1,0
116,47,7434,1,0
116,48,8645,1,0
116,49,12332,1,0
116,50,9219,1,0
116,51,12732,1,0
116,52,9720,1,0
116,53,13555,1,0
116,54,4579,1,0
116,55,8936,1,0
116,56,4460,1,0
116,57,10718,1,0
116,58,9917,1,0
116,59,6796,1,0
117,0,63523,1,0
117,1,11605,1,0
117,2,8586,1,0
117,3,6204,1,0
117,4,6130,1,0
117,5,6010,1,0
117,6,8911,1,0
117,7,6604,1,0
117,8,7319,1,0
117,9,5932,1,0
117,10,4591,1,0
117,11,7121,1,0
117,12,2865,1,0
117,13,6299,1,0
117,14,6126,1,0
117,15,4555,1,0
117,16,8147,1,0
117,17,2967,1,0
117,18,7283,1,0
117,19,5635,1,0
117,20,11626,1,0
117,21,6012,1,0
117,22,7006,1,0
117,23,7042,1,0
117,24,11564,1,0
117,25,9841,1,0
117,26,11499,1,0
117,27,4839,1,0
117,28,9892,1,0
117,29,5896,1,0
117,30,5478,1,0
117,31,6505,1,0
117,32,7530,1,0
117,33,10207,1,0
117,34,10201,1,0
117,35,11632,1,0
117,36,5565,1,0
117,37,11947,1,0
117,38,7715,1,0
117,39,6146,1,0
117,40,3069,1,0
117,41,4491,1,0
117,42,4617,1,0
117,43,2905,1,0
117,44,7725,1,0
117,45,10230,1,0
117,46,15206,1,0
117,47,5046,1,0
117,48,6394,1,0
117,49,9868,1,0
117,50,7831,1,0
117,51,4064,1,0
117,52,4308,1,0
117,53,11309,1,0
117,54,8557,1,0
117,55,3756,1,0
117,56,8984,1,0
117,57,5131,1,0
117,58,7332,1,0
117,59,10400,1,0
118,0,58525,1,0
118,1,6542,1,0
118,2,10247,1,0
118,3,8166,1,0
118,4,9745,1,0
118,5,11069,1,0
118,6,11085,1,0
118,7,10175,1,0
118,8,4946,1,0
118,9,10863,1,0
118,10,5888,1,0
118,11,4495,1,0
118,12,5847,1,0
118,13,8894,1,0
118,14,6062,1,0
118,15,4601,1,0
118,16,7328,1,0
118,17,8463,1,0
118,18,6274,1,0
118,19,8529,1,0
118,20,10199,1,0
118,21,4399,1,0
118,22,9882,1,0
118,23,7562,1,0
118,24,9858,1,0
118,25,11369,1,0
118,26,8495,1,0
118,27,5032,1,0
118,28,9016,1,0
118,29,7943,1,0
118,30,8085,1,0
118,31,8777,1,0
118,32,11456,1,0
118,33,11372,1,0
118,34,12099,1,0
118,35,5887,1,0
118,36,9571,1,0
118,37,7151,1,0
118,38,4808,1,0
118,39,9471,1,0
118,40,3565,1,0
118,41,7618,1,0
118,42,7379,1,0
118,43,6034,1,0
118,44,5512,1,0
118,45,10851,1,0
118,46,16397,1,0
118,47,8035,1,0
118,48,7772,1,0
118,49,5516,1,0
118,50,10301,1,0
118,51,12894,1,0
118,52,7284,1,0
118,53,13074,1,0
118,54,9942,1,0
118,55,7915,1,0
118,56,5057,1,0
118,57,6118,1,0
118,58,7757,1,0
118,59,11932,1,0
119,0,52266,1,0
119,1,9909,1,0
119,2,11149,1,0
119,3,9460,1,0
119,4,3119,1,0
119,5,11125,1,0
119,6,6728,1,0
119,7,6570,1,0
119,8,4534,1,0
119,9,11269,1,0
119,10,8880,1,0
119,11,4405,1,0
119,12,10748,1,0
119,13,8400,1,0
119,14,7858,1,0
119,15,8596,1,0
119,16,8573,1,0
119,17,6395,1,0
119,18,9325,1,0
119,19,4903,1,0
119,20,7958,1,0
119,21,6671,1,0
119,22,10197,1,0
119,23,7431,1,0
119,24,9860,1,0
119,25,10885,1,0
119,26,8379,1,0
119,27,8204,1,0
119,28,9923,1,0
119,29,7080,1,0
119,30,3509,1,0
119,31,8027,1,0
119,32,8452,1,0
119,33,7527,1,0
119,34,12673,1,0
119,35,6048,1,0
119,36,11589,1,0
119,37,12495,1,0
119,38,6359,1,0
119,39,9760,1,0
119,40,8231,1,0
119,41,12864,1,0
119,42,5269,1,0
119,43,6273,1,0
119,44,12233,1,0
119,45,12154,1,0
119,46,16130,1,0
119,47,10824,1,0
119,48,13290,1,0
119,49,4793,1,0
119,50,11471,1,0
119,51,5460,1,0
119,52,11429,1,0
119,53,4977,1,0
119,54,9655,1,0
119,55,6530,1,0
119,56,6286,1,0
119,57,8773,1,0
119,58,9101,1,0
119,59,7782,1,0
120,0,62580,1,0
120,1,6478,1,0
120,2,4642,1,0
120,3,5004,1,0
120,4,4401,1,0
120,5,6146,1,0
120,6,4866,1,0
120,7,3341,1,0
120,8,3245,1,0
120,9,3862,1,0
120,10,7052,1,0
120,11,3917,1,0
120,12,2595,1,0
120,13,4702,1,0
120,14,2680,1,0
120,15,2821,1,0
120,16,5726,1,0
120,17,4375,1,0
120,18,7912,1,0
120,19,8746,1,0
120,20,3774,1,0
120,21,6900,1,0
120,22,5080,1,0
120,23,8053,1,0
120,24,5267,1,0
120,25,7795,1,0
120,26,4486,1,0
120,27,4000,1,0
120,28,4265,1,0
120,29,5690,1,0
120,30,3182,1,0
120,31,8225,1,0
120,32,4911,1,0
120,33,10341,1,0
120,34,10900,1,0
120,35,6232,1,0
120,36,3631,1,0
120,37,6361,1,0
120,38,5455,1,0
120,39,4794,1,0
120,40,3943,1,0
120,41,3527,1,0
120,42,8340,1,0
120,43,4575,1,0
120,44,11691,1,0
120,45,11189,1,0
120,46,2387,1,0
120,47,5040,1,0
120,48,5387,1,0
120,49,4477,1,0
120,50,5006,1,0
120,51,3360,1,0
120,52,4660,1,0
120,53,9718,1,0
120,54,10013,1,0
120,55,5278,1,0
120,56,3308,1,0
120,57,2648,1,0
120,58,2845,1,0
120,59,4903,1,0
121,0,58639,1,0
121,1,7666,1,0
121,2,7613,1,0
121,3,5301,1,0
121,4,5610,1,0
121,5,6854,1,0
121,6,4918,1,0
121,7,8709,1,0
121,8,7163,1,0
121,9,5908,1,0
121,10,3736,1,0
121,11,7564,1,0
121,12,3815,1,0
121,13,2881,1,0
121,14,5200,1,0
121,15,4733,1,0
121,16,7421,1,0
121,17,6518,1,0
121,18,7107,1,0
121,19,7829,1,0
121,20,5092,1,0
121,21,9164,1,0
121,22,6851,1,0
121,23,6269,1,0
121,24,11357,1,0
121,25,4373,1,0
121,26,6057,1,0
121,27,4539,1,0
121,28,3596,1,0
121,29,11954,1,0
121,30,3080,1,0
121,31,4769,1,0
121,32,3559,1,0
121,33,8723,1,0
121,34,5452,1,0
121,35,9741,1,0
121,36,7862,1,0
121,37,5788,1,0
121,38,4741,1,0
121,39,5703,1,0
121,40,7097,1,0
121,41,3446,1,0
121,42,5480,1,0
121,43,4675,1,0
121,44,5673,1,0
121,45,8962,1,0
121,46,14445,0,8
121,47,11235,0,8
121,48,11133,0,8
121,49,9031,0,8
121,50,7318,0,8
121,51,5514,1,0
121,52,6037,1,0
121,53,11170,1,0
121,54,5649,1,0
121,55,2741,1,0
121,56,2677,1,0
121,57,9210,0,8
121,58,9866,0,8
121,59,13747,0,8
122,0,53918,1,0
122,1,12475,1,0
122,2,6604,1,0
122,3,9968,1,0
122,4,3792,1,0
122,5,12845,1,0
122,6,7546,1,0
122,7,5764,1,0
122,8,6900,1,0
122,9,7375,1,0
122,10,6672,1,0
122,11,9555,1,0
122,12,5562,1,0
122,13,4960,1,0
122,14,9273,1,0
122,15,6612,1,0
122,16,5096,1,0
122,17,5516,1,0
122,18,5536,1,0
122,19,6616,1,0
122,20,5181,1,0
122,21,7142,1,0
122,22,5524,1,0
122,23,4637,1,0
122,24,5475,1,0
122,25,8563,1,0
122,26,5655,1,0
122,27,5758,1,0
122,28,6551,1,0
122,29,10201,1,0
122,30,4075,1,0
122,31,5600,1,0
122,32,5746,1,0
122,33,10589,1,0
122,34,5375,1,0
122,35,6272,1,0
122,36,4741,1,0
122,37,8816,1,0
122,38,6222,1,0
122,39,6416,1,0
122,40,4953,1,0
122,41,7520,1,0
122,42,5234,1,0
122,43,4039,1,0
122,44,10537,0,8
122,45,9606,0,8
122,46,11082,1,0
122,47,10925,0,8
122,48,10024,0,8
122,49,6919,1,0
122,50,7818,0,8
122,51,6419,1,0
122,52,11090,0,8
122,53,9329,1,0
122,54,6738,1,0
122,55,4203,1,0
122,56,4180,1,0
122,57,3425,1,0
122,58,4155,1,0
122,59,8422,1,0
123,0,58985,1,0
123,1,6358,1,0
123,2,4461,1,0
123,3,8179,1,0
123,4,5484,1,0
123,5,10607,1,0
123,6,12106,1,0
123,7,4727,1,0
123,8,4562,1,0
123,9,8789,1,0
123,10,7600,1,0
123,11,2707,1,0
123,12,3881,1,0
123,13,4381,1,0
123,14,3805,1,0
123,15,3249,1,0
123,16,8583,1,0
123,17,9231,1,0
123,18,4313,1,0
123,19,8465,1,0
123,20,7244,1,0
123,21,9797,1,0
123,22,6740,1,0
123,23,5908,1,0
123,24,10828,1,0
123,25,4957,1,0
123,26,6203,1,0
123,27,8216,1,0
123,28,5140,1,0
123,29,5282,1,0
123,30,6548,1,0
123,31,6199,1,0
123,32,4019,1,0
123,33,7055,1,0
123,34,8586,1,0
123,35,5289,1,0
123,36,5751,1,0
123,37,10735,1,0
123,38,11128,1,0
123,39,6367,1,0
123,40,3729,1,0
123,41,3903,1,0
123,42,9720,1,0
123,43,6014,1,0
123,44,12834,0,8
123,45,10090,0,8
123,46,2150,1,0
123,47,4600,1,0
123,48,10735,0,8
123,49,9099,1,0
123,50,8511,1,0
123,51,5868,1,0
123,52,6429,0,8
123,53,12841,1,0
123,54,7573,1,0
123,55,4979,1,0
123,56,7161,1,0
123,57,2109,1,0
123,58,11288,0,8
123,59,7469,1,0
124,0,54145,1,0
124,1,9700,1,0
124,2,11203,1,0
124,3,7031,1,0
124,4,7047,1,0
124,5,11151,1,0
124,6,11980,1,0
124,7,7348,1,0
124,8,5216,1,0
124,9,10718,1,0
124,10,5929,1,0
124,11,4110,1,0
124,12,5394,1,0
124,13,7120,1,0
124,14,10483,1,0
124,15,10068,1,0
124,16,7298,1,0
124,17,6354,1,0
124,18,9476,1,0
124,19,5012,1,0
124,20,5021,1,0
124,21,8580,1,0
124,22,9139,1,0
124,23,9227,1,0
124,24,7789,1,0
124,25,11261,1,0
124,26,7310,1,0
124,27,7340,1,0
124,28,10355,1,0
124,29,7487,1,0
124,30,3967,1,0
124,31,5802,1,0
124,32,7581,1,0
124,33,12446,1,0
124,34,10417,1,0
124,35,7721,1,0
124,36,7207,1,0
124,37,7924,1,0
124,38,11554,1,0
124,39,9627,1,0
124,40,7176,1,0
124,41,12747,1,0
124,42,9646,1,0
124,43,10522,1,0
124,44,7950,1,0
124,45,10997,1,0
124,46,16262,1,0
124,47,5464,1,0
124,48,11430,1,0
124,49,7927,1,0
124,50,12302,1,0
124,51,7112,1,0
124,52,7822,1,0
124,53,10441,1,0
124,54,9229,1,0
124,55,8217,1,0
124,56,7947,1,0
124,57,7284,1,0
124,58,7287,1,0
124,59,12294,1,0
125,0,63715,1,0
125,1,9862,1,0
125,2,10631,1,0
125,3,9049,1,0
125,4,7788,1,0
125,5,9375,1,0
125,6,10941,1,0
125,7,9917,1,0
125,8,5878,1,0
125,9,10948,1,0
125,10,9399,1,0
125,11,10687,1,0
125,12,9412,1,0
125,13,7938,1,0
125,14,10158,1,0
125,15,8615,1,0
125,16,9601,1,0
125,17,8699,1,0
125,18,6090,1,0
125,19,9325,1,0
125,20,9621,1,0
125,21,8905,1,0
125,22,8500,1,0
125,23,10620,1,0
125,24,7874,1,0
125,25,10059,1,0
125,26,9913,1,0
125,27,6138,1,0
125,28,9634,1,0
125,29,7529,1,0
125,30,6585,1,0
125,31,10306,1,0
125,32,11400,1,0
125,33,12524,1,0
125,34,10083,1,0
125,35,13405,1,0
125,36,8296,1,0
125,37,6729,1,0
125,38,5483,1,0
125,39,9852,1,0
125,40,10255,1,0
125,41,10739,1,0
125,42,9972,1,0
125,43,10003,1,0
125,44,8655,1,0
125,45,10906,1,0
125,46,16275,1,0
125,47,10565,1,0
125,48,8791,1,0
125,49,7965,1,0
125,50,7887,1,0
125,51,11984,1,0
125,52,9474,1,0
125,53,9644,1,0
125,54,9269,1,0
125,55,9318,1,0
125,56,9176,1,0
125,57,8921,1,0
125,58,9104,1,0
125,59,6766,1,0
126,0,58176,1,0
126,1,10492,1,0
126,2,11846,1,0
126,3,10065,1,0
126,4,9798,1,0
126,5,9466,1,0
126,6,10708,1,0
126,7,9614,1,0
126,8,5657,1,0
126,9,9471,1,0
126,10,9451,1,0
126,11,9465,1,0
126,12,7597,1,0
126,13,7532,1,0
126,14,3608,1,0
126,15,6663,1,0
126,16,9745,1,0
126,17,8970,1,0
126,18,6749,1,0
126,19,4849,1,0
126,20,9046,1,0
126,21,8960,1,0
126,22,10510,1,0
126,23,9162,1,0
126,24,4831,1,0
126,25,6196,1,0
126,26,10459,1,0
126,27,5265,1,0
126,28,10229,1,0
126,29,11513,1,0
126,30,6527,1,0
126,31,4033,1,0
126,32,4943,1,0
126,33,10350,0,8
126,34,9469,0,8
126,35,7033,0,8
126,36,10992,0,8
126,37,12545,0,8
126,38,5331,0,8
126,39,10445,0,8
126,40,8449,0,8
126,41,10757,0,8
126,42,9860,0,8
126,43,9886,0,8
126,44,11824,0,8
126,45,12944,0,8
126,46,13430,1,0
126,47,10898,0,8
126,48,12164,0,8
126,49,11970,0,8
126,50,11131,0,8
126,51,2891,1,0
126,52,9722,0,8
126,53,13558,0,8
126,54,5744,1,0
126,55,7450,0,8
126,56,7836,0,8
126,57,7958,0,8
126,58,9338,0,8
126,59,13791,0,8
127,0,61062,1,0
127,1,6383,1,0
127,2,7306,1,0
127,3,7470,1,0
127,4,7045,1,0
127,5,13399,1,0
127,6,8298,1,0
127,7,10155,1,0
127,8,8617,1,0
127,9,10425,1,0
127,10,6172,1,0
127,11,4415,1,0
127,12,7185,1,0
127,13,7288,1,0
127,14,7627,1,0
127,15,10479,1,0
127,16,9618,1,0
127,17,4637,1,0
127,18,6314,1,0
127,19,10708,1,0
127,20,4519,1,0
127,21,8751,1,0
127,22,8001,1,0
127,23,6298,1,0
127,24,4963,1,0
127,25,9567,1,0
127,26,11158,1,0
127,27,4386,1,0
127,28,8139,1,0
127,29,7943,1,0
127,30,3403,1,0
127,31,8004,1,0
127,32,11805,1,0
127,33,10140,1,0
127,34,9083,1,0
127,35,9940,1,0
127,36,4271,1,0
127,37,11460,1,0
127,38,8335,1,0
127,39,7930,1,0
127,40,7719,1,0
127,41,7606,1,0
127,42,7467,1,0
127,43,7561,1,0
127,44,11358,1,0
127,45,10994,1,0
127,46,14200,1,0
127,47,6399,1,0
127,48,10590,1,0
127,49,5199,1,0
127,50,12752,1,0
127,51,5841,1,0
127,52,7837,1,0
127,53,13142,1,0
127,54,8009,1,0
127,55,7732,1,0
127,56,7032,1,0
127,57,5932,1,0
127,58,5745,1,0
127,59,12236,1,0
128,0,52706,1,0
128,1,7513,1,0
128,2,10058,1,0
128,3,10345,1,0
128,4,10189,1,0
128,5,11457,1,0
128,6,6251,1,0
128,7,9686,1,0
128,8,9724,1,0
128,9,6766,1,0
128,10,9427,1,0
128,11,9406,1,0
128,12,4285,1,0
128,13,12087,1,0
128,14,10763,1,0
128,15,5214,1,0
128,16,8941,1,0
128,17,5165,1,0
128,18,5872,1,0
128,19,10613,1,0
128,20,11037,1,0
128,21,5343,1,0
128,22,9862,1,0
128,23,4226,1,0
128,24,8412,1,0
128,25,6444,1,0
128,26,4888,1,0
128,27,5133,1,0
128,28,5362,1,0
128,29,7465,1,0
128,30,8422,1,0
128,31,4710,1,0
128,32,4165,1,0
128,33,9291,1,0
128,34,10819,1,0
128,35,5495,1,0
128,36,8479,1,0
128,37,9666,1,0
128,38,6544,1,0
128,39,4805,1,0
128,40,10589,1,0
128,41,11461,1,0
128,42,10554,1,0
128,43,9174,1,0
128,44,10285,1,0
128,45,11789,1,0
128,46,13001,1,0
128,47,7639,1,0
128,48,8282,1,0
128,49,10014,1,0
128,50,11262,1,0
128,51,11831,1,0
128,52,9751,1,0
128,53,14078,1,0
128,54,10200,1,0
128,55,9249,1,0
128,56,10035,1,0
128,57,2781,1,0
128,58,3940,1,0
128,59,7744,1,0
129,0,53458,1,0
129,1,11988,1,0
129,2,4750,1,0
129,3,4290,1,0
129,4,4454,1,0
129,5,6895,1,0
129,6,12027,1,0
129,7,3321,1,0
129,8,7101,1,0
129,9,8145,1,0
129,10,7023,1,0
129,11,7866,1,0
129,12,3792,1,0
129,13,2674,1,0
129,14,2347,1,0
129,15,3234,1,0
129,16,3184,1,0
129,17,3863,1,0
129,18,6017,1,0
129,19,7862,1,0
129,20,5638,1,0
129,21,6051,1,0
129,22,4970,1,0
129,23,4418,1,0
129,24,4714,1,0
129,25,5351,1,0
129,26,4011,1,0
129,27,4131,1,0
129,28,7373,1,0
129,29,11186,1,0
129,30,9027,1,0
129,31,3781,1,0
129,32,4425,1,0
129,33,7157,1,0
129,34,8350,1,0
129,35,6698,1,0
129,36,5429,1,0
129,37,10290,1,0
129,38,7662,1,0
129,39,5552,1,0
129,40,5365,1,0
129,41,9247,1,0
129,42,1159,1,0
129,43,7927,1,0
129,44,10775,1,0
129,45,8000,1,0
129,46,14201,1,0
129,47,4887,1,0
129,48,5606,1,0
129,49,8359,1,0
129,50,3844,1,0
129,51,3101,1,0
129,52,5515,1,0
129,53,10148,1,0
129,54,4587,1,0
129,55,2988,1,0
129,56,2449,1,0
129,57,3380,1,0
129,58,3131,1,0
129,59,5594,1,0
130,0,57843,1,0
130,1,12749,1,0
130,2,6531,1,0
130,3,10029,1,0
130,4,3857,1,0
130,5,12863,1,0
130,6,6396,1,0
130,7,5788,1,0
130,8,7115,1,0
130,9,8277,1,0
130,10,6689,1,0
130,11,9686,1,0
130,12,6235,1,0
130,13,4883,1,0
130,14,9434,1,0
130,15,6739,1,0
130,16,4997,1,0
130,17,5565,1,0
130,18,5551,1,0
130,19,6611,1,0
130,20,5149,1,0
130,21,7100,1,0
130,22,5145,1,0
130,23,4910,1,0
130,24,9348,1,0
130,25,8646,1,0
130,26,5629,1,0
130,27,5967,1,0
130,28,6896,1,0
130,29,10042,1,0
130,30,4119,1,0
130,31,5758,1,0
130,32,5494,1,0
130,33,10523,1,0
130,34,5769,1,0
130,35,6267,1,0
130,36,4419,1,0
130,37,8398,1,0
130,38,6133,1,0
130,39,6295,1,0
130,40,6092,1,0
130,41,8321,1,0
130,42,5552,1,0
130,43,4298,1,0
130,44,6456,1,0
130,45,9682,0,8
130,46,11078,1,0
130,47,10482,0,8
130,48,10262,0,8
130,49,7975,0,8
130,50,9261,0,8
130,51,6227,1,0
130,52,5251,1,0
130,53,9207,0,8
130,54,6684,1,0
130,55,4758,1,0
130,56,4187,1,0
130,57,4117,1,0
130,58,4206,1,0
130,59,10251,1,0
131,0,62806,1,0
131,1,12900,1,0
131,2,11149,1,0
131,3,8284,1,0
131,4,9195,1,0
131,5,9660,1,0
131,6,8939,1,0
131,7,4423,1,0
131,8,7661,1,0
131,9,9235,1,0
131,10,5187,1,0
131,11,3486,1,0
131,12,9558,1,0
131,13,10103,1,0
131,14,10878,1,0
131,15,10218,1,0
131,16,11482,1,0
131,17,9456,1,0
131,18,8621,1,0
131,19,9107,1,0
131,20,10338,1,0
131,21,7748,1,0
131,22,4908,1,0
131,23,11785,1,0
131,24,9777,1,0
131,25,11162,1,0
131,26,9047,1,0
131,27,9029,1,0
131,28,6918,1,0
131,29,11450,1,0
131,30,8676,1,0
131,31,4085,1,0
131,32,9201,1,0
131,33,7412,1,0
131,34,12284,1,0
131,35,8171,1,0
131,36,10325,1,0
131,37,6416,1,0
131,38,4650,1,0
131,39,7784,1,0
131,40,3436,1,0
131,41,9789,1,0
131,42,9905,1,0
131,43,9026,1,0
131,44,11781,1,0
131,45,6866,1,0
131,46,10024,1,0
131,47,9882,1,0
131,48,9096,1,0
131,49,7128,1,0
131,50,7584,1,0
131,51,9774,1,0
131,52,11069,1,0
131,53,13483,1,0
131,54,4561,1,0
131,55,4833,1,0
131,56,9475,1,0
131,57,8760,1,0
131,58,10924,1,0
131,59,6085,1,0
132,0,60448,1,0
132,1,12156,1,0
132,2,5751,1,0
132,3,5092,1,0
132,4,9768,1,0
132,5,13293,1,0
132,6,9359,1,0
132,7,10745,1,0
132,8,5687,1,0
132,9,7369,1,0
132,10,6533,1,0
132,11,7192,1,0
132,12,6929,1,0
132,13,8075,1,0
132,14,8228,1,0
132,15,8189,1,0
132,16,8314,1,0
132,17,9416,1,0
132,18,8140,1,0
132,19,9359,1,0
132,20,10245,1,0
132,21,10793,1,0
132,22,4490,1,0
132,23,11596,1,0
132,24,9857,1,0
132,25,5931,1,0
132,26,9203,1,0
132,27,9194,1,0
132,28,9859,1,0
132,29,6030,1,0
132,30,9919,1,0
132,31,6333,1,0
132,32,8193,1,0
132,33,7037,1,0
132,34,10609,1,0
132,35,7624,1,0
132,36,8771,1,0
132,37,9635,1,0
132,38,8611,1,0
132,39,9607,1,0
132,40,10704,1,0
132,41,8011,1,0
132,42,8311,1,0
132,43,8737,1,0
132,44,10559,1,0
132,45,9929,1,0
132,46,10994,1,0
132,47,5875,1,0
132,48,6239,1,0
132,49,11518,1,0
132,50,7140,1,0
132,51,7245,1,0
132,52,6987,1,0
132,53,5312,1,0
132,54,5985,1,0
132,55,7591,1,0
132,56,6806,1,0
132,57,7761,1,0
132,58,7208,1,0
132,59,13381,1,0
133,0,53440,1,0
133,1,8469,1,0
133,2,7485,1,0
133,3,7217,1,0
133,4,4499,1,0
133,5,7263,1,0
133,6,5528,1,0
133,7,5274,1,0
133,8,4518,1,0
133,9,7436,1,0
133,10,4107,1,0
133,11,9041,1,0
133,12,9792,1,0
133,13,6433,1,0
133,14,2177,1,0
133,15,6342,1,0
133,16,5142,1,0
133,17,3845,1,0
133,18,1596,1,0
133,19,9244,1,0
133,20,5545,1,0
133,21,4888,1,0
133,22,5034,1,0
133,23,5165,1,0
133,24,5007,1,0
133,25,4210,1,0
133,26,5912,1,0
133,27,8314,1,0
133,28,3969,1,0
133,29,9727,1,0
133,30,9108,1,0
133,31,3572,1,0
133,32,3494,1,0
133,33,8100,1,0
133,34,9723,1,0
133,35,5660,1,0
133,36,10721,1,0
133,37,11883,1,0
133,38,7771,1,0
133,39,5161,1,0
133,40,2769,1,0
133,41,9540,1,0
133,42,10019,1,0
133,43,7739,1,0
133,44,6836,1,0
133,45,7591,1,0
133,46,11209,1,0
133,47,9423,1,0
133,48,7811,1,0
133,49,7745,1,0
133,50,8112,1,0
133,51,9849,1,0
133,52,9495,1,0
133,53,9549,1,0
133,54,7988,1,0
133,55,4240,1,0
133,56,2095,1,0
133,57,3116,1,0
133,58,3319,1,0
133,59,13929,1,0
134,0,63444,1,0
134,1,6994,1,0
134,2,4556,1,0
134,3,4669,1,0
134,4,4120,1,0
134,5,9977,1,0
134,6,5795,1,0
134,7,3819,1,0
134,8,6073,1,0
134,9,4729,1,0
134,10,6503,1,0
134,11,3927,1,0
134,12,3556,1,0
134,13,4700,1,0
134,14,4707,1,0
134,15,4821,1,0
134,16,3940,1,0
134,17,3957,1,0
134,18,1685,1,0
134,19,4640,1,0
134,20,8060,1,0
134,21,5828,1,0
134,22,4956,1,0
134,23,7627,1,0
134,24,4773,1,0
134,25,4898,1,0
134,26,5502,1,0
134,27,3927,1,0
134,28,7298,1,0
134,29,6299,1,0
134,30,3714,1,0
134,31,8134,1,0
134,32,3528,1,0
134,33,9713,1,0
134,34,6866,1,0
134,35,12810,1,0
134,36,3248,1,0
134,37,9897,1,0
134,38,6980,1,0
134,39,9635,1,0
134,40,5541,1,0
134,41,10442,1,0
134,42,6735,1,0
134,43,3186,1,0
134,44,13190,0,8
134,45,8306,1,0
134,46,3406,1,0
134,47,3968,1,0
134,48,7527,1,0
134,49,7968,1,0
134,50,4816,1,0
134,51,5773,1,0
134,52,6246,0,8
134,53,9998,1,0
134,54,6626,1,0
134,55,8607,1,0
134,56,2126,1,0
134,57,3270,1,0
134,58,2927,1,0
134,59,5945,1,0
135,0,62090,1,0
135,1,9919,1,0
135,2,10646,1,0
135,3,9059,1,0
135,4,4520,1,0
135,5,9602,1,0
135,6,10888,1,0
135,7,4015,1,0
135,8,7762,1,0
135,9,10390,1,0
135,10,6425,1,0
135,11,10099,1,0
135,12,9739,1,0
135,13,10064,1,0
135,14,10749,1,0
135,15,10101,1,0
135,16,8967,1,0
135,17,5225,1,0
135,18,8486,1,0
135,19,5869,1,0
135,20,11053,1,0
135,21,10753,1,0
135,22,5387,1,0
135,23,8638,1,0
135,24,7710,1,0
135,25,11270,1,0
135,26,11209,1,0
135,27,6897,1,0
135,28,4892,1,0
135,29,10908,1,0
135,30,5930,1,0
135,31,8589,1,0
135,32,11268,1,0
135,33,12431,1,0
135,34,10174,1,0
135,35,6978,1,0
135,36,11319,1,0
135,37,6318,1,0
135,38,5826,1,0
135,39,9364,1,0
135,40,7522,1,0
135,41,10023,1,0
135,42,8944,1,0
135,43,8983,1,0
135,44,10891,1,0
135,45,7624,1,0
135,46,11115,1,0
135,47,10862,1,0
135,48,8211,1,0
135,49,11708,1,0
135,50,7626,1,0
135,51,7125,1,0
135,52,8323,1,0
135,53,8884,1,0
135,54,6859,1,0
135,55,8517,1,0
135,56,9526,1,0
135,57,8021,1,0
135,58,9837,1,0
135,59,13836,1,0
136,0,60914,1,0
136,1,9706,1,0
136,2,10160,1,0
136,3,10355,1,0
136,4,8200,1,0
136,5,6919,1,0
136,6,9982,1,0
136,7,10050,1,0
136,8,5649,1,0
136,9,9285,1,0
136,10,10310,1,0
136,11,8309,1,0
136,12,9423,1,0
136,13,10131,1,0
136,14,7193,1,0
136,15,9879,1,0
136,16,10652,1,0
136,17,9282,1,0
136,18,8157,1,0
136,19,5750,1,0
136,20,9264,1,0
136,21,5044,1,0
136,22,5521,1,0
136,23,9264,1,0
136,24,11375,1,0
136,25,11724,1,0
136,26,9402,1,0
136,27,5928,1,0
136,28,9856,1,0
136,29,6306,1,0
136,30,8411,1,0
136,31,5737,1,0
136,32,9318,1,0
136,33,12505,1,0
136,34,11907,1,0
136,35,6098,1,0
136,36,4245,1,0
136,37,7396,1,0
136,38,11507,1,0
136,39,10023,1,0
136,40,8568,1,0
136,41,13945,1,0
136,42,5659,1,0
136,43,7231,1,0
136,44,10325,0,8
136,45,7517,1,0
136,46,10345,1,0
136,47,6637,1,0
136,48,9244,1,0
136,49,11758,0,8
136,50,11198,0,8
136,51,8699,1,0
136,52,10013,0,8
136,53,14239,0,8
136,54,10571,0,8
136,55,8265,0,8
136,56,10233,0,8
136,57,8085,1,0
136,58,9878,0,8
136,59,15098,0,8
137,0,58503,1,0
137,1,7905,1,0
137,2,4960,1,0
137,3,4675,1,0
137,4,6952,1,0
137,5,11029,1,0
137,6,9126,1,0
137,7,6565,1,0
137,8,4455,1,0
137,9,10435,1,0
137,10,7860,1,0
137,11,8991,1,0
137,12,9692,1,0
137,13,7303,1,0
137,14,7435,1,0
137,15,7478,1,0
137,16,9925,1,0
137,17,7883,1,0
137,18,5200,1,0
137,19,10730,1,0
137,20,7035,1,0
137,21,9890,1,0
137,22,8556,1,0
137,23,7746,1,0
137,24,9732,1,0
137,25,10755,1,0
137,26,7271,1,0
137,27,9906,1,0
137,28,10775,1,0
137,29,9116,1,0
137,30,7969,1,0
137,31,5447,1,0
137,32,8202,1,0
137,33,7860,0,8
137,34,10659,0,8
137,35,5889,1,0
137,36,4087,1,0
137,37,7456,1,0
137,38,8876,0,8
137,39,7303,0,8
137,40,5638,0,8
137,41,8283,1,0
137,42,7405,1,0
137,43,9212,0,8
137,44,8920,0,8
137,45,6449,1,0
137,46,14278,0,8
137,47,8027,0,8
137,48,11595,0,8
137,49,5046,1,0
137,50,8506,1,0
137,51,11975,0,8
137,52,7131,1,0
137,53,13246,0,8
137,54,4920,1,0
137,55,6188,0,8
137,56,7780,1,0
137,57,7110,1,0
137,58,9202,0,8
137,59,12348,0,8
138,0,61484,1,0
138,1,6673,1,0
138,2,4491,1,0
138,3,5899,1,0
138,4,4807,1,0
138,5,5951,1,0
138,6,4789,1,0
138,7,3427,1,0
138,8,5487,1,0
138,9,4494,1,0
138,10,5876,1,0
138,11,5237,1,0
138,12,3546,1,0
138,13,3257,1,0
138,14,3996,1,0
138,15,6017,1,0
138,16,6521,1,0
138,17,5361,1,0
138,18,4504,1,0
138,19,2626,1,0
138,20,5257,1,0
138,21,11179,1,0
138,22,9772,1,0
138,23,5426,1,0
138,24,6507,1,0
138,25,4350,1,0
138,26,5922,1,0
138,27,4149,1,0
138,28,3677,1,0
138,29,6344,1,0
138,30,5289,1,0
138,31,4049,1,0
138,32,6511,1,0
138,33,1888,1,0
138,34,8911,0,8
138,35,4271,1,0
138,36,6570,1,0
138,37,6780,1,0
138,38,5362,1,0
138,39,7655,1,0
138,40,5777,1,0
138,41,9629,0,8
138,42,10487,0,8
138,43,4502,1,0
138,44,11151,0,8
138,45,5794,1,0
138,46,2958,1,0
138,47,4764,1,0
138,48,5755,1,0
138,49,8400,1,0
138,50,4011,1,0
138,51,8879,0,8
138,52,5447,1,0
138,53,9799,1,0
138,54,8664,0,8
138,55,3931,1,0
138,56,2071,1,0
138,57,11425,0,8
138,58,1318,1,0
138,59,4874,1,0
139,0,63484,1,0
139,1,11887,1,0
139,2,9193,1,0
139,3,9129,1,0
139,4,6144,1,0
139,5,6516,1,0
139,6,7191,1,0
139,7,9870,1,0
139,8,9804,1,0
139,9,5037,1,0
139,10,7337,1,0
139,11,3498,1,0
139,12,7788,1,0
139,13,7726,1,0
139,14,6336,1,0
139,15,6193,1,0
139,16,9862,1,0
139,17,6423,1,0
139,18,5040,1,0
139,19,8442,1,0
139,20,8400,1,0
139,21,9521,1,0
139,22,5091,1,0
139,23,7402,1,0
139,24,11801,1,0
139,25,10872,1,0
139,26,6599,1,0
139,27,7451,1,0
139,28,8632,1,0
139,29,11843,1,0
139,30,4954,1,0
139,31,6266,1,0
139,32,3524,1,0
139,33,7011,1,0
139,34,12344,1,0
139,35,5332,1,0
139,36,8808,1,0
139,37,10647,1,0
139,38,7555,1,0
139,39,7965,1,0
139,40,3805,1,0
139,41,4195,1,0
139,42,7251,1,0
139,43,8777,1,0
139,44,8454,1,0
139,45,9415,1,0
139,46,10737,1,0
139,47,9445,1,0
139,48,10133,1,0
139,49,5686,1,0
139,50,12515,1,0
139,51,7567,1,0
139,52,10076,1,0
139,53,11155,1,0
139,54,8761,1,0
139,55,9830,1,0
139,56,10553,1,0
139,57,4508,1,0
139,58,5681,1,0
139,59,10360,1,0
140,0,62082,1,0
140,1,13132,1,0
140,2,11232,1,0
140,3,5925,1,0
140,4,7996,1,0
140,5,13175,1,0
140,6,11964,1,0
140,7,3949,1,0
140,8,5009,1,0
140,9,8616,1,0
140,10,9416,1,0
140,11,6406,1,0
140,12,7187,1,0
140,13,5950,1,0
140,14,10549,1,0
140,15,8734,1,0
140,16,4150,1,0
140,17,8558,1,0
140,18,5548,1,0
140,19,6438,1,0
140,20,10201,1,0
140,21,4951,1,0
140,22,7662,1,0
140,23,7517,1,0
140,24,10933,1,0
140,25,11273,1,0
140,26,7295,1,0
140,27,5565,1,0
140,28,9761,1,0
140,29,10841,1,0
140,30,9250,1,0
140,31,8095,1,0
140,32,5528,1,0
140,33,6698,1,0
140,34,8308,1,0
140,35,7067,1,0
140,36,6436,1,0
140,37,6811,1,0
140,38,10683,1,0
140,39,9234,1,0
140,40,4354,1,0
140,41,8699,1,0
140,42,7245,1,0
140,43,5872,1,0
140,44,12970,1,0
140,45,10921,1,0
140,46,12883,1,0
140,47,11562,1,0
140,48,13289,1,0
140,49,6549,1,0
140,50,7528,1,0
140,51,9106,1,0
140,52,5641,1,0
140,53,13497,1,0
140,54,6396,1,0
140,55,4419,1,0
140,56,7186,1,0
140,57,6898,1,0
140,58,7473,1,0
140,59,13648,1,0
141,0,62300,1,0
141,1,9897,1,0
141,2,8096,1,0
141,3,7006,1,0
141,4,7728,1,0
141,5,9242,1,0
141,6,11508,1,0
141,7,7544,1,0
141,8,5154,1,0
141,9,8901,1,0
141,10,9332,1,0
141,11,7552,1,0
141,12,8087,1,0
141,13,9171,1,0
141,14,8739,1,0
141,15,11630,1,0
141,16,5606,1,0
141,17,9238,1,0
141,18,6806,1,0
141,19,5828,1,0
141,20,6924,1,0
141,21,9440,1,0
141,22,8674,1,0
141,23,9382,1,0
141,24,8429,1,0
141,25,10266,1,0
141,26,8308,1,0
141,27,8555,1,0
141,28,9380,1,0
141,29,11673,1,0
141,30,4155,1,0
141,31,9371,1,0
141,32,9154,1,0
141,33,8735,1,0
141,34,12400,1,0
141,35,10391,1,0
141,36,4233,1,0
141,37,12468,1,0
141,38,10474,1,0
141,39,10007,1,0
141,40,3815,1,0
141,41,8799,1,0
141,42,7709,1,0
141,43,7292,1,0
141,44,10172,1,0
141,45,6884,1,0
141,46,16071,1,0
141,47,6574,1,0
141,48,12350,1,0
141,49,12055,1,0
141,50,12328,1,0
141,51,6821,1,0
141,52,9461,1,0
141,53,8860,1,0
141,54,8269,1,0
141,55,3830,1,0
141,56,7186,1,0
141,57,7175,1,0
141,58,8961,1,0
141,59,12214,1,0
142,0,58377,1,0
142,1,12391,1,0
142,2,7956,1,0
142,3,9456,1,0
142,4,7851,1,0
142,5,10728,1,0
142,6,7019,1,0
142,7,8548,1,0
142,8,8630,1,0
142,9,4470,1,0
142,10,8605,1,0
142,11,4501,1,0
142,12,9319,1,0
142,13,11683,1,0
142,14,8285,1,0
142,15,7628,1,0
142,16,9977,1,0
142,17,9891,1,0
142,18,9435,1,0
142,19,10565,1,0
142,20,10132,1,0
142,21,6780,1,0
142,22,6677,1,0
142,23,6369,1,0
142,24,6764,1,0
142,25,10088,1,0
142,26,6767,1,0
142,27,4754,1,0
142,28,8609,1,0
142,29,12806,1,0
142,30,6328,1,0
142,31,8587,1,0
142,32,7191,1,0
142,33,9336,0,8
142,34,11918,0,8
142,35,11539,0,8
142,36,10215,0,8
142,37,8963,0,8
142,38,8617,0,8
142,39,10014,0,8
142,40,10730,0,8
142,41,13783,0,8
142,42,9963,0,8
142,43,4026,1,0
142,44,11528,0,8
142,45,9872,1,0
142,46,14449,0,8
142,47,6190,1,0
142,48,11470,0,8
142,49,5731,1,0
142,50,10153,0,8
142,51,10634,0,8
142,52,7977,0,8
142,53,11290,0,8
142,54,9670,0,8
142,55,7711,0,8
142,56,6866,1,0
142,57,5136,1,0
142,58,5778,1,0
142,59,14524,0,8
143,0,62390,1,0
143,1,9847,1,0
143,2,10092,1,0
143,3,8004,1,0
143,4,9366,1,0
143,5,13405,1,0
143,6,9436,1,0
143,7,4573,1,0
143,8,8283,1,0
143,9,5995,1,0
143,10,9264,1,0
143,11,7372,1,0
143,12,5526,1,0
143,13,5976,1,0
143,14,9087,1,0
143,15,6622,1,0
143,16,8618,1,0
143,17,4950,1,0
143,18,7380,1,0
143,19,10691,1,0
143,20,7054,1,0
143,21,6950,1,0
143,22,8109,1,0
143,23,7908,1,0
143,24,10203,1,0
143,25,7459,1,0
143,26,8395,1,0
143,27,10001,1,0
143,28,4921,1,0
143,29,6960,1,0
143,30,8235,1,0
143,31,9722,1,0
143,32,4385,1,0
143,33,11056,1,0
143,34,4764,1,0
143,35,8658,1,0
143,36,10853,1,0
143,37,12509,1,0
143,38,10794,1,0
143,39,9720,1,0
143,40,8697,1,0
143,41,14220,1,0
143,42,7412,1,0
143,43,6563,1,0
143,44,7790,1,0
143,45,6489,1,0
143,46,10541,1,0
143,47,9967,1,0
143,48,7125,1,0
143,49,9436,1,0
143,50,9423,1,0
143,51,8664,1,0
143,52,9192,1,0
143,53,14564,1,0
143,54,6025,1,0
143,55,5554,1,0
143,56,6827,1,0
143,57,6016,1,0
143,58,8202,1,0
143,59,13458,1,0
144,0,53662,1,0
144,1,11776,1,0
144,2,8858,1,0
144,3,9220,1,0
144,4,9945,1,0
144,5,11112,1,0
144,6,5567,1,0
144,7,9935,1,0
144,8,8328,1,0
144,9,9515,1,0
144,10,5382,1,0
144,11,7132,1,0
144,12,10571,1,0
144,13,10376,1,0
144,14,9317,1,0
144,15,9994,1,0
144,16,10776,1,0
144,17,10017,1,0
144,18,6943,1,0
144,19,6753,1,0
144,20,6079,1,0
144,21,4791,1,0
144,22,8684,1,0
144,23,9443,1,0
144,24,5974,1,0
144,25,11501,1,0
144,26,10706,1,0
144,27,9241,1,0
144,28,4454,1,0
144,29,9205,1,0
144,30,7820,1,0
144,31,8456,1,0
144,32,5525,1,0
144,33,9906,0,8
144,34,11332,0,8
144,35,5536,1,0
144,36,9839,0,8
144,37,13480,0,8
144,38,4385,1,0
144,39,7619,0,8
144,40,9096,0,8
144,41,10309,0,8
144,42,8968,0,8
144,43,6896,0,8
144,44,8060,1,0
144,45,12130,0,8
144,46,11019,1,0
144,47,10936,0,8
144,48,10659,0,8
144,49,11451,0,8
144,50,11307,0,8
144,51,9785,0,8
144,52,9147,0,8
144,53,14178,0,8
144,54,5590,1,0
144,55,9656,0,8
144,56,8486,0,8
144,57,10515,0,8
144,58,10067,0,8
144,59,5738,1,0
145,0,59588,1,0
145,1,11837,1,0
145,2,9208,1,0
145,3,8270,1,0
145,4,9095,1,0
145,5,9470,1,0
145,6,11351,1,0
145,7,7366,1,0
145,8,8409,1,0
145,9,5706,1,0
145,10,9361,1,0
145,11,4510,1,0
145,12,9610,1,0
145,13,10279,1,0
145,14,4435,1,0
145,15,10241,1,0
145,16,10529,1,0
145,17,9943,1,0
145,18,8235,1,0
145,19,10625,1,0
145,20,7435,1,0
145,21,6325,1,0
145,22,8839,1,0
145,23,7969,1,0
145,24,6854,1,0
145,25,7241,1,0
145,26,11155,1,0
145,27,8158,1,0
145,28,5488,1,0
145,29,9070,1,0
145,30,5312,1,0
145,31,7983,1,0
145,32,9895,1,0
145,33,8049,0,8
145,34,5287,1,0
145,35,13430,0,8
145,36,9034,0,8
145,37,11568,0,8
145,38,5534,0,8
145,39,7056,0,8
145,40,7493,0,8
145,41,13867,0,8
145,42,8086,0,8
145,43,10549,0,8
145,44,8548,1,0
145,45,13696,0,8
145,46,9654,1,0
145,47,7047,0,8
145,48,12074,0,8
145,49,5175,1,0
145,50,8520,1,0
145,51,7192,0,8
145,52,9097,0,8
145,53,14152,0,8
145,54,11253,0,8
145,55,7676,0,8
145,56,7881,0,8
145,57,8107,0,8
145,58,4117,1,0
145,59,14521,0,8
146,0,53918,1,0
146,1,12675,1,0
146,2,5853,1,0
146,3,4962,1,0
146,4,5536,1,0
146,5,12475,1,0
146,6,10930,1,0
146,7,4150,1,0
146,8,9699,1,0
146,9,6943,1,0
146,10,7018,1,0
146,11,9506,1,0
146,12,4646,1,0
146,13,3994,1,0
146,14,6125,1,0
146,15,5190,1,0
146,16,10108,1,0
146,17,10239,1,0
146,18,9510,1,0
146,19,5003,1,0
146,20,11359,1,0
146,21,10401,1,0
146,22,9870,1,0
146,23,4606,1,0
146,24,9968,1,0
146,25,11116,1,0
146,26,4659,1,0
146,27,8401,1,0
146,28,5662,1,0
146,29,8885,1,0
146,30,8227,1,0
146,31,9518,1,0
146,32,4886,1,0
146,33,13140,0,8
146,34,5915,1,0
146,35,6201,1,0
146,36,4714,1,0
146,37,10818,0,8
146,38,5604,0,8
146,39,5517,1,0
146,40,4074,1,0
146,41,11242,0,8
146,42,9523,0,8
146,43,9000,0,8
146,44,9765,0,8
146,45,11481,0,8
146,46,12024,1,0
146,47,6708,1,0
146,48,8878,0,8
146,49,8435,1,0
146,50,7266,1,0
146,51,5147,1,0
146,52,9738,0,8
146,53,10567,0,8
146,54,6223,1,0
146,55,9243,0,8
146,56,9950,0,8
146,57,3032,1,0
146,58,3760,1,0
146,59,7821,1,0
147,0,59672,1,0
147,1,12742,1,0
147,2,6379,1,0
147,3,9478,1,0
147,4,3683,1,0
147,5,12299,1,0
147,6,9714,1,0
147,7,3881,1,0
147,8,9588,1,0
147,9,6074,1,0
147,10,10379,1,0
147,11,8512,1,0
147,12,4887,1,0
147,13,4443,1,0
147,14,5631,1,0
147,15,5213,1,0
147,16,9445,1,0
147,17,10306,1,0
147,18,9439,1,0
147,19,4914,1,0
147,20,11247,1,0
147,21,6139,1,0
147,22,8385,1,0
147,23,4809,1,0
147,24,10918,1,0
147,25,6225,1,0
147,26,5497,1,0
147,27,5027,1,0
147,28,5733,1,0
147,29,9694,1,0
147,30,9019,1,0
147,31,9634,1,0
147,32,4406,1,0
147,33,9114,1,0
147,34,11580,1,0
147,35,5722,1,0
147,36,4483,1,0
147,37,7283,1,0
147,38,6980,1,0
147,39,5515,1,0
147,40,7872,1,0
147,41,11276,1,0
147,42,5281,1,0
147,43,8858,0,8
147,44,10257,0,8
147,45,8576,1,0
147,46,10877,1,0
147,47,8575,0,8
147,48,9220,1,0
147,49,11386,0,8
147,50,9706,0,8
147,51,12388,0,8
147,52,11454,0,8
147,53,8815,0,8
147,54,5421,1,0
147,55,9138,0,8
147,56,9799,0,8
147,57,3035,1,0
147,58,10749,0,8
147,59,11061,1,0
148,0,61598,1,0
148,1,10524,1,0
148,2,8897,1,0
148,3,4417,1,0
148,4,5610,1,0
148,5,6210,1,0
148,6,8571,1,0
148,7,3830,1,0
148,8,6930,1,0
148,9,10709,1,0
148,10,7806,1,0
148,11,2566,1,0
148,12,2969,1,0
148,13,9286,1,0
148,14,9177,1,0
148,15,4535,1,0
148,16,6577,1,0
148,17,7456,1,0
148,18,5136,1,0
148,19,5399,1,0
148,20,10397,1,0
148,21,7991,1,0
148,22,5690,1,0
148,23,5515,1,0
148,24,11410,1,0
148,25,10698,1,0
148,26,11616,1,0
148,27,3907,1,0
148,28,8087,1,0
148,29,5981,1,0
148,30,9243,1,0
148,31,6929,1,0
148,32,12288,0,8
148,33,9633,0,8
148,34,7176,1,0
148,35,7621,0,8
148,36,6305,1,0
148,37,11798,0,8
148,38,7472,0,8
148,39,9412,0,8
148,40,5541,0,8
148,41,14162,0,8
148,42,5418,1,0
148,43,8875,0,8
148,44,7023,1,0
148,45,7220,1,0
148,46,11641,1,0
148,47,5801,1,0
148,48,7867,0,8
148,49,4514,1,0
148,50,11076,0,8
148,51,5696,1,0
148,52,4774,1,0
148,53,11047,0,8
148,54,7537,0,8
148,55,10190,0,8
148,56,8926,0,8
148,57,3321,1,0
148,58,9486,1,0
148,59,6557,1,0
149,0,53030,1,0
149,1,8596,1,0
149,2,5611,1,0
149,3,4896,1,0
149,4,2527,1,0
149,5,10748,1,0
149,6,4742,1,0
149,7,9061,1,0
149,8,7229,1,0
149,9,7492,1,0
149,10,4132,1,0
149,11,2764,1,0
149,12,8217,1,0
149,13,6270,1,0
149,14,3025,1,0
149,15,10276,1,0
149,16,9694,1,0
149,17,3531,1,0
149,18,1617,1,0
149,19,7892,1,0
149,20,8029,1,0
149,21,9118,1,0
149,22,6705,1,0
149,23,6267,1,0
149,24,8559,1,0
149,25,10266,1,0
149,26,4043,1,0
149,27,1842,1,0
149,28,3696,1,0
149,29,7564,1,0
149,30,10100,1,0
149,31,5310,1,0
149,32,7309,1,0
149,33,13235,1,0
149,34,7808,1,0
149,35,8506,1,0
149,36,3057,1,0
149,37,10325,1,0
149,38,9228,1,0
149,39,8062,1,0
149,40,8360,1,0
149,41,8914,1,0
149,42,4418,1,0
149,43,10257,1,0
149,44,12502,1,0
149,45,8917,1,0
149,46,13195,1,0
149,47,8592,1,0
149,48,8142,1,0
149,49,9990,1,0
149,50,11874,1,0
149,51,3111,1,0
149,52,3801,1,0
149,53,9760,1,0
149,54,4373,1,0
149,55,6098,1,0
149,56,3174,1,0
149,57,9206,1,0
149,58,5668,1,0
149,59,6252,1,0
